benchmark_mode,objective_type,experiment_group,ansatz_type,gate_set,encoding_type,entanglement_topology,entangler_type,cost_type,n_qubits,reference_depth,depth,budget_normalization,layer_id,qubit_id,gate_type,axis_id,param_index,param_id,n_seeds,param_grad_mean,param_grad_variance_across_seeds,param_mean_abs_grad,param_near_zero_ratio
random_bp,expectation_value,bcw_8q_random_bp,hea,RX_RY_RZ_CNOT,none,linear,cnot,local,8,1,1,same_entangling_gate_count,0,0,RX,0,0,layer_000_wire_000_RX,3,-0.004167459348288605,0.00014606736089404812,0.008791773250551254,0.0
random_bp,expectation_value,bcw_8q_random_bp,hea,RX_RY_RZ_CNOT,none,linear,cnot,local,8,1,1,same_entangling_gate_count,0,0,RY,1,1,layer_000_wire_000_RY,3,0.02890498959608355,0.006071430266923272,0.04926808383148825,0.0
random_bp,expectation_value,bcw_8q_random_bp,hea,RX_RY_RZ_CNOT,none,linear,cnot,local,8,1,1,same_entangling_gate_count,0,0,RZ,2,2,layer_000_wire_000_RZ,3,4.421616944942839e-18,6.4108205368022824e-34,1.9789007294401145e-17,1.0
random_bp,expectation_value,bcw_8q_random_bp,hea,RX_RY_RZ_CNOT,none,linear,cnot,local,8,1,1,same_entangling_gate_count,0,1,RX,0,3,layer_000_wire_001_RX,3,0.003310277843875266,2.1675534780632736e-05,0.0036262184325805413,0.0
random_bp,expectation_value,bcw_8q_random_bp,hea,RX_RY_RZ_CNOT,none,linear,cnot,local,8,1,1,same_entangling_gate_count,0,1,RY,1,4,layer_000_wire_001_RY,3,0.0250430766962109,0.0010535514696954711,0.025043076696210895,0.0
random_bp,expectation_value,bcw_8q_random_bp,hea,RX_RY_RZ_CNOT,none,linear,cnot,local,8,1,1,same_entangling_gate_count,0,1,RZ,2,5,layer_000_wire_001_RZ,3,9.693792274633987e-18,2.119738483708532e-34,1.3627480502211535e-17,1.0
random_bp,expectation_value,bcw_8q_random_bp,hea,RX_RY_RZ_CNOT,none,linear,cnot,local,8,1,1,same_entangling_gate_count,0,2,RX,0,6,layer_000_wire_002_RX,3,-0.010098631254027827,0.0003736077518716765,0.01181185012850349,0.0
random_bp,expectation_value,bcw_8q_random_bp,hea,RX_RY_RZ_CNOT,none,linear,cnot,local,8,1,1,same_entangling_gate_count,0,2,RY,1,7,layer_000_wire_002_RY,3,-0.005234126352763692,3.2544410265910334e-05,0.0054885263103911725,0.0
random_bp,expectation_value,bcw_8q_random_bp,hea,RX_RY_RZ_CNOT,none,linear,cnot,local,8,1,1,same_entangling_gate_count,0,2,RZ,2,8,layer_000_wire_002_RZ,3,1.1387341318839512e-18,6.051113700592715e-34,1.9308030686402437e-17,1.0
random_bp,expectation_value,bcw_8q_random_bp,hea,RX_RY_RZ_CNOT,none,linear,cnot,local,8,1,1,same_entangling_gate_count,0,3,RX,0,9,layer_000_wire_003_RX,3,0.00025831250177035087,8.815065329494393e-08,0.0002583125017703509,0.0
random_bp,expectation_value,bcw_8q_random_bp,hea,RX_RY_RZ_CNOT,none,linear,cnot,local,8,1,1,same_entangling_gate_count,0,3,RY,1,10,layer_000_wire_003_RY,3,-0.005029563092039328,8.788660553767219e-05,0.005538225935312251,0.0
random_bp,expectation_value,bcw_8q_random_bp,hea,RX_RY_RZ_CNOT,none,linear,cnot,local,8,1,1,same_entangling_gate_count,0,3,RZ,2,11,layer_000_wire_003_RZ,3,-7.869653177975274e-19,1.6713865298978302e-34,9.384603795931564e-18,1.0
random_bp,expectation_value,bcw_8q_random_bp,hea,RX_RY_RZ_CNOT,none,linear,cnot,local,8,1,1,same_entangling_gate_count,0,4,RX,0,12,layer_000_wire_004_RX,3,5.057819877857753e-05,7.982472399866286e-09,6.796135047459808e-05,0.0
random_bp,expectation_value,bcw_8q_random_bp,hea,RX_RY_RZ_CNOT,none,linear,cnot,local,8,1,1,same_entangling_gate_count,0,4,RY,1,13,layer_000_wire_004_RY,3,4.780529651251186e-05,4.418305487405361e-09,6.479757393515267e-05,0.0
random_bp,expectation_value,bcw_8q_random_bp,hea,RX_RY_RZ_CNOT,none,linear,cnot,local,8,1,1,same_entangling_gate_count,0,4,RZ,2,14,layer_000_wire_004_RZ,3,-1.7300758134203311e-18,1.8155333479563447e-36,1.7300758134203311e-18,1.0
random_bp,expectation_value,bcw_8q_random_bp,hea,RX_RY_RZ_CNOT,none,linear,cnot,local,8,1,1,same_entangling_gate_count,0,5,RX,0,15,layer_000_wire_005_RX,3,-5.6520933286060895e-05,2.1821649263931477e-09,5.65209332860609e-05,0.0
random_bp,expectation_value,bcw_8q_random_bp,hea,RX_RY_RZ_CNOT,none,linear,cnot,local,8,1,1,same_entangling_gate_count,0,5,RY,1,16,layer_000_wire_005_RY,3,2.789521826957301e-05,7.063174733790163e-11,2.789521826957301e-05,0.0
random_bp,expectation_value,bcw_8q_random_bp,hea,RX_RY_RZ_CNOT,none,linear,cnot,local,8,1,1,same_entangling_gate_count,0,5,RZ,2,17,layer_000_wire_005_RZ,3,2.737066617446106e-18,1.7650088205310427e-35,2.984266617732103e-18,1.0
random_bp,expectation_value,bcw_8q_random_bp,hea,RX_RY_RZ_CNOT,none,linear,cnot,local,8,1,1,same_entangling_gate_count,0,6,RX,0,18,layer_000_wire_006_RX,3,2.239754686688259e-06,1.1368225355994499e-10,7.379834036403493e-06,0.0
random_bp,expectation_value,bcw_8q_random_bp,hea,RX_RY_RZ_CNOT,none,linear,cnot,local,8,1,1,same_entangling_gate_count,0,6,RY,1,19,layer_000_wire_006_RY,3,9.165268551230532e-06,4.5014514371851473e-11,9.165268551230532e-06,0.0
random_bp,expectation_value,bcw_8q_random_bp,hea,RX_RY_RZ_CNOT,none,linear,cnot,local,8,1,1,same_entangling_gate_count,0,6,RZ,2,20,layer_000_wire_006_RZ,3,-3.930959766217357e-18,1.138572557426768e-34,9.508670830878243e-18,1.0
random_bp,expectation_value,bcw_8q_random_bp,hea,RX_RY_RZ_CNOT,none,linear,cnot,local,8,1,1,same_entangling_gate_count,0,7,RX,0,21,layer_000_wire_007_RX,3,4.629622846962376e-07,3.905262918359943e-12,1.5101380746773729e-06,0.3333333333333333
random_bp,expectation_value,bcw_8q_random_bp,hea,RX_RY_RZ_CNOT,none,linear,cnot,local,8,1,1,same_entangling_gate_count,0,7,RY,1,22,layer_000_wire_007_RY,3,7.5948749684497895e-06,9.193314353252405e-11,7.5948749684497895e-06,0.3333333333333333
random_bp,expectation_value,bcw_8q_random_bp,hea,RX_RY_RZ_CNOT,none,linear,cnot,local,8,1,1,same_entangling_gate_count,0,7,RZ,2,23,layer_000_wire_007_RZ,3,-7.562723512916493e-18,4.818913440540406e-35,7.562723512916493e-18,1.0
random_bp,expectation_value,bcw_8q_random_bp,hea,RX_RY_RZ_CNOT,none,circular,cnot,local,8,1,1,same_entangling_gate_count,0,0,RX,0,0,layer_000_wire_000_RX,3,-0.015659635160418593,0.00043984564825125954,0.015659635160418593,0.0
random_bp,expectation_value,bcw_8q_random_bp,hea,RX_RY_RZ_CNOT,none,circular,cnot,local,8,1,1,same_entangling_gate_count,0,0,RY,1,1,layer_000_wire_000_RY,3,0.01177488220533838,0.0005303226625374142,0.017941472479679543,0.0
random_bp,expectation_value,bcw_8q_random_bp,hea,RX_RY_RZ_CNOT,none,circular,cnot,local,8,1,1,same_entangling_gate_count,0,0,RZ,2,2,layer_000_wire_000_RZ,3,1.7392484176341833e-18,2.121067058831213e-34,1.1413599184231783e-17,1.0
random_bp,expectation_value,bcw_8q_random_bp,hea,RX_RY_RZ_CNOT,none,circular,cnot,local,8,1,1,same_entangling_gate_count,0,1,RX,0,3,layer_000_wire_001_RX,3,0.0030872595708844857,2.2765781978336416e-05,0.0034011398129443625,0.0
random_bp,expectation_value,bcw_8q_random_bp,hea,RX_RY_RZ_CNOT,none,circular,cnot,local,8,1,1,same_entangling_gate_count,0,1,RY,1,4,layer_000_wire_001_RY,3,0.02476931938504623,0.001071919500224524,0.02476931938504623,0.0
random_bp,expectation_value,bcw_8q_random_bp,hea,RX_RY_RZ_CNOT,none,circular,cnot,local,8,1,1,same_entangling_gate_count,0,1,RZ,2,5,layer_000_wire_001_RZ,3,4.622459122007962e-18,5.377231522005887e-34,1.5392792999627774e-17,1.0
random_bp,expectation_value,bcw_8q_random_bp,hea,RX_RY_RZ_CNOT,none,circular,cnot,local,8,1,1,same_entangling_gate_count,0,2,RX,0,6,layer_000_wire_002_RX,3,-0.010926842923852854,0.000344182662513844,0.010968125248233934,0.0
random_bp,expectation_value,bcw_8q_random_bp,hea,RX_RY_RZ_CNOT,none,circular,cnot,local,8,1,1,same_entangling_gate_count,0,2,RY,1,7,layer_000_wire_002_RY,3,-0.0052819846757527576,3.058548812585806e-05,0.005288114786580839,0.0
random_bp,expectation_value,bcw_8q_random_bp,hea,RX_RY_RZ_CNOT,none,circular,cnot,local,8,1,1,same_entangling_gate_count,0,2,RZ,2,8,layer_000_wire_002_RZ,3,5.563148458570812e-18,3.8225407622783133e-35,6.346683493486118e-18,1.0
random_bp,expectation_value,bcw_8q_random_bp,hea,RX_RY_RZ_CNOT,none,circular,cnot,local,8,1,1,same_entangling_gate_count,0,3,RX,0,9,layer_000_wire_003_RX,3,-0.0002688642499629623,3.679812274333031e-07,0.00037709826279935804,0.0
random_bp,expectation_value,bcw_8q_random_bp,hea,RX_RY_RZ_CNOT,none,circular,cnot,local,8,1,1,same_entangling_gate_count,0,3,RY,1,10,layer_000_wire_003_RY,3,-0.00519568366725336,8.540709754948542e-05,0.005550883348313701,0.0
random_bp,expectation_value,bcw_8q_random_bp,hea,RX_RY_RZ_CNOT,none,circular,cnot,local,8,1,1,same_entangling_gate_count,0,3,RZ,2,11,layer_000_wire_003_RZ,3,5.534339048850948e-18,1.625894392374212e-35,5.534339048850948e-18,1.0
random_bp,expectation_value,bcw_8q_random_bp,hea,RX_RY_RZ_CNOT,none,circular,cnot,local,8,1,1,same_entangling_gate_count,0,4,RX,0,12,layer_000_wire_004_RX,3,0.00019304611697876846,4.69365341523769e-08,0.00019304611697876846,0.0
random_bp,expectation_value,bcw_8q_random_bp,hea,RX_RY_RZ_CNOT,none,circular,cnot,local,8,1,1,same_entangling_gate_count,0,4,RY,1,13,layer_000_wire_004_RY,3,-0.0005691267296955166,1.0519847835475175e-06,0.0006119519808468348,0.0
random_bp,expectation_value,bcw_8q_random_bp,hea,RX_RY_RZ_CNOT,none,circular,cnot,local,8,1,1,same_entangling_gate_count,0,4,RZ,2,14,layer_000_wire_004_RZ,3,-2.713880439122423e-18,7.059098687693856e-35,7.078431962331275e-18,1.0
random_bp,expectation_value,bcw_8q_random_bp,hea,RX_RY_RZ_CNOT,none,circular,cnot,local,8,1,1,same_entangling_gate_count,0,5,RX,0,15,layer_000_wire_005_RX,3,-0.0004180493284235935,5.120671723481098e-07,0.0004180493284235935,0.0
random_bp,expectation_value,bcw_8q_random_bp,hea,RX_RY_RZ_CNOT,none,circular,cnot,local,8,1,1,same_entangling_gate_count,0,5,RY,1,16,layer_000_wire_005_RY,3,8.780850401765272e-05,1.599490194506139e-08,8.780850401765272e-05,0.0
random_bp,expectation_value,bcw_8q_random_bp,hea,RX_RY_RZ_CNOT,none,circular,cnot,local,8,1,1,same_entangling_gate_count,0,5,RZ,2,17,layer_000_wire_005_RZ,3,2.659719741175945e-18,1.6898951164299473e-35,4.026145139177227e-18,1.0
random_bp,expectation_value,bcw_8q_random_bp,hea,RX_RY_RZ_CNOT,none,circular,cnot,local,8,1,1,same_entangling_gate_count,0,6,RX,0,18,layer_000_wire_006_RX,3,0.000250318148684433,2.537218992477996e-07,0.0003032266765026353,0.0
random_bp,expectation_value,bcw_8q_random_bp,hea,RX_RY_RZ_CNOT,none,circular,cnot,local,8,1,1,same_entangling_gate_count,0,6,RY,1,19,layer_000_wire_006_RY,3,-0.0008229445448739137,2.018086610905492e-06,0.0008280267076560174,0.0
random_bp,expectation_value,bcw_8q_random_bp,hea,RX_RY_RZ_CNOT,none,circular,cnot,local,8,1,1,same_entangling_gate_count,0,6,RZ,2,20,layer_000_wire_006_RZ,3,-2.5837441490564032e-18,3.2388250233960016e-35,4.6894346998915925e-18,1.0
random_bp,expectation_value,bcw_8q_random_bp,hea,RX_RY_RZ_CNOT,none,circular,cnot,local,8,1,1,same_entangling_gate_count,0,7,RX,0,21,layer_000_wire_007_RX,3,-1.3889209645795134e-05,2.908891454413233e-09,3.5064989075481736e-05,0.3333333333333333
random_bp,expectation_value,bcw_8q_random_bp,hea,RX_RY_RZ_CNOT,none,circular,cnot,local,8,1,1,same_entangling_gate_count,0,7,RY,1,22,layer_000_wire_007_RY,3,0.00030578548773794475,2.2999459335048592e-07,0.0003057858625744901,0.3333333333333333
random_bp,expectation_value,bcw_8q_random_bp,hea,RX_RY_RZ_CNOT,none,circular,cnot,local,8,1,1,same_entangling_gate_count,0,7,RZ,2,23,layer_000_wire_007_RZ,3,7.13183900849893e-18,3.196103165066757e-34,1.1297954495985223e-17,1.0
random_bp,expectation_value,bcw_8q_random_bp,hea,RX_RY_RZ_CNOT,none,linear,cnot,global,8,1,1,same_entangling_gate_count,0,0,RX,0,0,layer_000_wire_000_RX,3,-4.325514917311961e-18,7.321017081711272e-35,6.082825938548882e-18,1.0
random_bp,expectation_value,bcw_8q_random_bp,hea,RX_RY_RZ_CNOT,none,linear,cnot,global,8,1,1,same_entangling_gate_count,0,0,RY,1,1,layer_000_wire_000_RY,3,-1.5847421754496455e-17,1.246471679303563e-33,2.3942797975721557e-17,1.0
random_bp,expectation_value,bcw_8q_random_bp,hea,RX_RY_RZ_CNOT,none,linear,cnot,global,8,1,1,same_entangling_gate_count,0,0,RZ,2,2,layer_000_wire_000_RZ,3,-4.114881368218576e-18,2.882692727560297e-35,4.114881368218576e-18,1.0
random_bp,expectation_value,bcw_8q_random_bp,hea,RX_RY_RZ_CNOT,none,linear,cnot,global,8,1,1,same_entangling_gate_count,0,1,RX,0,3,layer_000_wire_001_RX,3,0.03851068221269007,0.004244728969290951,0.03851068221269007,0.0
random_bp,expectation_value,bcw_8q_random_bp,hea,RX_RY_RZ_CNOT,none,linear,cnot,global,8,1,1,same_entangling_gate_count,0,1,RY,1,4,layer_000_wire_001_RY,3,0.03182855355956864,0.007116236001986419,0.05435921752576489,0.0
random_bp,expectation_value,bcw_8q_random_bp,hea,RX_RY_RZ_CNOT,none,linear,cnot,global,8,1,1,same_entangling_gate_count,0,1,RZ,2,5,layer_000_wire_001_RZ,3,9.816018606048906e-18,8.027548098952106e-34,1.8114019971179824e-17,1.0
random_bp,expectation_value,bcw_8q_random_bp,hea,RX_RY_RZ_CNOT,none,linear,cnot,global,8,1,1,same_entangling_gate_count,0,2,RX,0,6,layer_000_wire_002_RX,3,3.198396408832238e-18,2.024994730802784e-34,1.183587371630009e-17,1.0
random_bp,expectation_value,bcw_8q_random_bp,hea,RX_RY_RZ_CNOT,none,linear,cnot,global,8,1,1,same_entangling_gate_count,0,2,RY,1,7,layer_000_wire_002_RY,3,-2.211772431870429e-17,4.256229945457339e-34,2.211772431870429e-17,1.0
random_bp,expectation_value,bcw_8q_random_bp,hea,RX_RY_RZ_CNOT,none,linear,cnot,global,8,1,1,same_entangling_gate_count,0,2,RZ,2,8,layer_000_wire_002_RZ,3,-3.773152033696106e-18,2.6768700782747146e-35,3.987067400845099e-18,1.0
random_bp,expectation_value,bcw_8q_random_bp,hea,RX_RY_RZ_CNOT,none,linear,cnot,global,8,1,1,same_entangling_gate_count,0,3,RX,0,9,layer_000_wire_003_RX,3,0.08639132742200667,0.02406129834494358,0.09058994898118054,0.0
random_bp,expectation_value,bcw_8q_random_bp,hea,RX_RY_RZ_CNOT,none,linear,cnot,global,8,1,1,same_entangling_gate_count,0,3,RY,1,10,layer_000_wire_003_RY,3,0.027444492549791737,0.002893784226460958,0.048988699773547174,0.0
random_bp,expectation_value,bcw_8q_random_bp,hea,RX_RY_RZ_CNOT,none,linear,cnot,global,8,1,1,same_entangling_gate_count,0,3,RZ,2,11,layer_000_wire_003_RZ,3,-2.420042155789841e-17,1.112841275216031e-33,2.5722818929507866e-17,1.0
random_bp,expectation_value,bcw_8q_random_bp,hea,RX_RY_RZ_CNOT,none,linear,cnot,global,8,1,1,same_entangling_gate_count,0,4,RX,0,12,layer_000_wire_004_RX,3,1.8847047765039683e-17,4.040183879562459e-34,1.8847047765039686e-17,1.0
random_bp,expectation_value,bcw_8q_random_bp,hea,RX_RY_RZ_CNOT,none,linear,cnot,global,8,1,1,same_entangling_gate_count,0,4,RY,1,13,layer_000_wire_004_RY,3,-2.1286502653132068e-17,2.9753211795678116e-33,3.422464857812576e-17,1.0
random_bp,expectation_value,bcw_8q_random_bp,hea,RX_RY_RZ_CNOT,none,linear,cnot,global,8,1,1,same_entangling_gate_count,0,4,RZ,2,14,layer_000_wire_004_RZ,3,-6.4346386133124335e-18,4.113056164143624e-34,1.343463701567186e-17,1.0
random_bp,expectation_value,bcw_8q_random_bp,hea,RX_RY_RZ_CNOT,none,linear,cnot,global,8,1,1,same_entangling_gate_count,0,5,RX,0,15,layer_000_wire_005_RX,3,0.07396824106981291,0.010907076289731674,0.07396824106981291,0.0
random_bp,expectation_value,bcw_8q_random_bp,hea,RX_RY_RZ_CNOT,none,linear,cnot,global,8,1,1,same_entangling_gate_count,0,5,RY,1,16,layer_000_wire_005_RY,3,-0.017915639905550215,0.0003106895997870396,0.017915639905550215,0.0
random_bp,expectation_value,bcw_8q_random_bp,hea,RX_RY_RZ_CNOT,none,linear,cnot,global,8,1,1,same_entangling_gate_count,0,5,RZ,2,17,layer_000_wire_005_RZ,3,1.0267022355703236e-17,8.985045001752436e-35,1.0267022355703236e-17,1.0
random_bp,expectation_value,bcw_8q_random_bp,hea,RX_RY_RZ_CNOT,none,linear,cnot,global,8,1,1,same_entangling_gate_count,0,6,RX,0,18,layer_000_wire_006_RX,3,-1.3823577699190182e-17,2.194030818451029e-34,1.4980060016508052e-17,1.0
random_bp,expectation_value,bcw_8q_random_bp,hea,RX_RY_RZ_CNOT,none,linear,cnot,global,8,1,1,same_entangling_gate_count,0,6,RY,1,19,layer_000_wire_006_RY,3,-1.9154238380577244e-17,1.8940662108509465e-33,2.710505431213761e-17,1.0
random_bp,expectation_value,bcw_8q_random_bp,hea,RX_RY_RZ_CNOT,none,linear,cnot,global,8,1,1,same_entangling_gate_count,0,6,RZ,2,20,layer_000_wire_006_RZ,3,-5.198155307233646e-18,1.0733647183381652e-34,9.591178059897845e-18,1.0
random_bp,expectation_value,bcw_8q_random_bp,hea,RX_RY_RZ_CNOT,none,linear,cnot,global,8,1,1,same_entangling_gate_count,0,7,RX,0,21,layer_000_wire_007_RX,3,0.010362441781604084,2.3549017235575964e-05,0.010362441781604085,0.0
random_bp,expectation_value,bcw_8q_random_bp,hea,RX_RY_RZ_CNOT,none,linear,cnot,global,8,1,1,same_entangling_gate_count,0,7,RY,1,22,layer_000_wire_007_RY,3,-0.038677176387878424,0.008202249058584788,0.05610543863774529,0.0
random_bp,expectation_value,bcw_8q_random_bp,hea,RX_RY_RZ_CNOT,none,linear,cnot,global,8,1,1,same_entangling_gate_count,0,7,RZ,2,23,layer_000_wire_007_RZ,3,3.174634667355141e-17,2.0450960187036727e-33,3.174634667355141e-17,1.0
random_bp,expectation_value,bcw_8q_random_bp,hea,RX_RY_RZ_CNOT,none,circular,cnot,global,8,1,1,same_entangling_gate_count,0,0,RX,0,0,layer_000_wire_000_RX,3,-0.005262301832947666,5.9723560928871627e-05,0.005262301832947666,0.0
random_bp,expectation_value,bcw_8q_random_bp,hea,RX_RY_RZ_CNOT,none,circular,cnot,global,8,1,1,same_entangling_gate_count,0,0,RY,1,1,layer_000_wire_000_RY,3,0.0026122672590832992,5.37044851146896e-05,0.004803854724663569,0.0
random_bp,expectation_value,bcw_8q_random_bp,hea,RX_RY_RZ_CNOT,none,circular,cnot,global,8,1,1,same_entangling_gate_count,0,0,RZ,2,2,layer_000_wire_000_RZ,3,-2.2724714764842506e-17,3.212803281449254e-34,2.2724714764842506e-17,1.0
random_bp,expectation_value,bcw_8q_random_bp,hea,RX_RY_RZ_CNOT,none,circular,cnot,global,8,1,1,same_entangling_gate_count,0,1,RX,0,3,layer_000_wire_001_RX,3,-4.2148359455373985e-18,4.231803540189236e-34,1.3972655497906938e-17,1.0
random_bp,expectation_value,bcw_8q_random_bp,hea,RX_RY_RZ_CNOT,none,circular,cnot,global,8,1,1,same_entangling_gate_count,0,1,RY,1,4,layer_000_wire_001_RY,3,-2.58401517775712e-18,9.816151696480393e-34,2.3653677396392087e-17,1.0
random_bp,expectation_value,bcw_8q_random_bp,hea,RX_RY_RZ_CNOT,none,circular,cnot,global,8,1,1,same_entangling_gate_count,0,1,RZ,2,5,layer_000_wire_001_RZ,3,-2.5622251048345427e-17,5.22838822455377e-34,2.6107111398754302e-17,1.0
random_bp,expectation_value,bcw_8q_random_bp,hea,RX_RY_RZ_CNOT,none,circular,cnot,global,8,1,1,same_entangling_gate_count,0,2,RX,0,6,layer_000_wire_002_RX,3,0.0010828329859618566,3.6040742353870675e-06,0.0017967322438332681,0.0
random_bp,expectation_value,bcw_8q_random_bp,hea,RX_RY_RZ_CNOT,none,circular,cnot,global,8,1,1,same_entangling_gate_count,0,2,RY,1,7,layer_000_wire_002_RY,3,-0.0031483155350759103,3.982117427104717e-05,0.0038074172023263198,0.0
random_bp,expectation_value,bcw_8q_random_bp,hea,RX_RY_RZ_CNOT,none,circular,cnot,global,8,1,1,same_entangling_gate_count,0,2,RZ,2,8,layer_000_wire_002_RZ,3,2.1949934487929803e-17,8.6556982788121e-34,2.749124995705115e-17,1.0
random_bp,expectation_value,bcw_8q_random_bp,hea,RX_RY_RZ_CNOT,none,circular,cnot,global,8,1,1,same_entangling_gate_count,0,3,RX,0,9,layer_000_wire_003_RX,3,-1.9371078815074348e-17,2.639314935592891e-33,3.2887465898726966e-17,1.0
random_bp,expectation_value,bcw_8q_random_bp,hea,RX_RY_RZ_CNOT,none,circular,cnot,global,8,1,1,same_entangling_gate_count,0,3,RY,1,10,layer_000_wire_003_RY,3,5.990217002982412e-18,2.5147931047476915e-33,4.034135583456481e-17,1.0
random_bp,expectation_value,bcw_8q_random_bp,hea,RX_RY_RZ_CNOT,none,circular,cnot,global,8,1,1,same_entangling_gate_count,0,3,RZ,2,11,layer_000_wire_003_RZ,3,1.5992026357840023e-17,1.6409709671253936e-33,2.5756579064625846e-17,1.0
random_bp,expectation_value,bcw_8q_random_bp,hea,RX_RY_RZ_CNOT,none,circular,cnot,global,8,1,1,same_entangling_gate_count,0,4,RX,0,12,layer_000_wire_004_RX,3,0.0009916082269655663,1.5938854467778713e-06,0.001302107464733993,0.0
random_bp,expectation_value,bcw_8q_random_bp,hea,RX_RY_RZ_CNOT,none,circular,cnot,global,8,1,1,same_entangling_gate_count,0,4,RY,1,13,layer_000_wire_004_RY,3,0.0018218925419181053,4.377210619320553e-06,0.0020149152676055253,0.0
random_bp,expectation_value,bcw_8q_random_bp,hea,RX_RY_RZ_CNOT,none,circular,cnot,global,8,1,1,same_entangling_gate_count,0,4,RZ,2,14,layer_000_wire_004_RZ,3,-8.490434073237958e-18,1.0871614033563403e-33,2.3820974942679078e-17,1.0
random_bp,expectation_value,bcw_8q_random_bp,hea,RX_RY_RZ_CNOT,none,circular,cnot,global,8,1,1,same_entangling_gate_count,0,5,RX,0,15,layer_000_wire_005_RX,3,-7.842395714311815e-18,3.852868854758928e-34,1.6732853528692953e-17,1.0
random_bp,expectation_value,bcw_8q_random_bp,hea,RX_RY_RZ_CNOT,none,circular,cnot,global,8,1,1,same_entangling_gate_count,0,5,RY,1,16,layer_000_wire_005_RY,3,-5.1906179007743525e-18,9.098728514837677e-34,2.3188373964033726e-17,1.0
random_bp,expectation_value,bcw_8q_random_bp,hea,RX_RY_RZ_CNOT,none,circular,cnot,global,8,1,1,same_entangling_gate_count,0,5,RZ,2,17,layer_000_wire_005_RZ,3,-2.5561937323538113e-17,9.174732353893577e-34,3.1836949300438344e-17,1.0
random_bp,expectation_value,bcw_8q_random_bp,hea,RX_RY_RZ_CNOT,none,circular,cnot,global,8,1,1,same_entangling_gate_count,0,6,RX,0,18,layer_000_wire_006_RX,3,5.427853515108756e-05,1.4178692302475423e-05,0.002736125529060614,0.0
random_bp,expectation_value,bcw_8q_random_bp,hea,RX_RY_RZ_CNOT,none,circular,cnot,global,8,1,1,same_entangling_gate_count,0,6,RY,1,19,layer_000_wire_006_RY,3,0.005189727622535324,3.945945043803593e-05,0.005189727622535324,0.0
random_bp,expectation_value,bcw_8q_random_bp,hea,RX_RY_RZ_CNOT,none,circular,cnot,global,8,1,1,same_entangling_gate_count,0,6,RZ,2,20,layer_000_wire_006_RZ,3,9.689186627516543e-18,1.1827588636374318e-34,1.124099193661678e-17,1.0
random_bp,expectation_value,bcw_8q_random_bp,hea,RX_RY_RZ_CNOT,none,circular,cnot,global,8,1,1,same_entangling_gate_count,0,7,RX,0,21,layer_000_wire_007_RX,3,6.444226662710717e-18,5.478478665728621e-35,6.444226662710717e-18,1.0
random_bp,expectation_value,bcw_8q_random_bp,hea,RX_RY_RZ_CNOT,none,circular,cnot,global,8,1,1,same_entangling_gate_count,0,7,RY,1,22,layer_000_wire_007_RY,3,1.3595443492063023e-17,4.740214183528652e-34,2.0462057251137884e-17,1.0
random_bp,expectation_value,bcw_8q_random_bp,hea,RX_RY_RZ_CNOT,none,circular,cnot,global,8,1,1,same_entangling_gate_count,0,7,RZ,2,23,layer_000_wire_007_RZ,3,4.680216133378291e-19,5.066736994848823e-35,5.322886620211918e-18,1.0
random_bp,expectation_value,bcw_8q_random_bp,hea,RX_RY_RZ_CNOT,none,linear,cnot,hamiltonian_local,8,1,1,same_entangling_gate_count,0,0,RX,0,0,layer_000_wire_000_RX,3,4.336808689942018e-18,6.846079099189002e-35,4.915049848600954e-18,1.0
random_bp,expectation_value,bcw_8q_random_bp,hea,RX_RY_RZ_CNOT,none,linear,cnot,hamiltonian_local,8,1,1,same_entangling_gate_count,0,0,RY,1,1,layer_000_wire_000_RY,3,-1.850371707708594e-17,1.0271626370065259e-33,1.850371707708594e-17,1.0
random_bp,expectation_value,bcw_8q_random_bp,hea,RX_RY_RZ_CNOT,none,linear,cnot,hamiltonian_local,8,1,1,same_entangling_gate_count,0,0,RZ,2,2,layer_000_wire_000_RZ,3,1.2623295946776683e-17,3.565367705815624e-34,1.444452855670378e-17,1.0
random_bp,expectation_value,bcw_8q_random_bp,hea,RX_RY_RZ_CNOT,none,linear,cnot,hamiltonian_local,8,1,1,same_entangling_gate_count,0,1,RX,0,3,layer_000_wire_001_RX,3,0.013392454522053017,0.0018834383754836063,0.02865341321390277,0.0
random_bp,expectation_value,bcw_8q_random_bp,hea,RX_RY_RZ_CNOT,none,linear,cnot,hamiltonian_local,8,1,1,same_entangling_gate_count,0,1,RY,1,4,layer_000_wire_001_RY,3,0.025343315271763974,0.01795815307627102,0.10893609851636836,0.0
random_bp,expectation_value,bcw_8q_random_bp,hea,RX_RY_RZ_CNOT,none,linear,cnot,hamiltonian_local,8,1,1,same_entangling_gate_count,0,1,RZ,2,5,layer_000_wire_001_RZ,3,2.6617953500043035e-17,1.3598421269234333e-34,2.6617953500043035e-17,1.0
random_bp,expectation_value,bcw_8q_random_bp,hea,RX_RY_RZ_CNOT,none,linear,cnot,hamiltonian_local,8,1,1,same_entangling_gate_count,0,2,RX,0,6,layer_000_wire_002_RX,3,-0.08061665355581975,0.0036752581898170083,0.08061665355581975,0.0
random_bp,expectation_value,bcw_8q_random_bp,hea,RX_RY_RZ_CNOT,none,linear,cnot,hamiltonian_local,8,1,1,same_entangling_gate_count,0,2,RY,1,7,layer_000_wire_002_RY,3,-0.0552290622989948,0.0024152500540161785,0.05522906229899479,0.0
random_bp,expectation_value,bcw_8q_random_bp,hea,RX_RY_RZ_CNOT,none,linear,cnot,hamiltonian_local,8,1,1,same_entangling_gate_count,0,2,RZ,2,8,layer_000_wire_002_RZ,3,1.442891897285676e-17,5.243658570821426e-34,2.0793933621331127e-17,1.0
random_bp,expectation_value,bcw_8q_random_bp,hea,RX_RY_RZ_CNOT,none,linear,cnot,hamiltonian_local,8,1,1,same_entangling_gate_count,0,3,RX,0,9,layer_000_wire_003_RX,3,-0.02936826664735827,0.00505446607050132,0.04455978892018244,0.0
random_bp,expectation_value,bcw_8q_random_bp,hea,RX_RY_RZ_CNOT,none,linear,cnot,hamiltonian_local,8,1,1,same_entangling_gate_count,0,3,RY,1,10,layer_000_wire_003_RY,3,0.07694231110722213,0.008672073336034137,0.09689364360568352,0.0
random_bp,expectation_value,bcw_8q_random_bp,hea,RX_RY_RZ_CNOT,none,linear,cnot,hamiltonian_local,8,1,1,same_entangling_gate_count,0,3,RZ,2,11,layer_000_wire_003_RZ,3,8.588681181366784e-18,3.5315474908372554e-34,1.6558521427027076e-17,1.0
random_bp,expectation_value,bcw_8q_random_bp,hea,RX_RY_RZ_CNOT,none,linear,cnot,hamiltonian_local,8,1,1,same_entangling_gate_count,0,4,RX,0,12,layer_000_wire_004_RX,3,0.035868015854140005,0.004873168250343536,0.0558425165806028,0.0
random_bp,expectation_value,bcw_8q_random_bp,hea,RX_RY_RZ_CNOT,none,linear,cnot,hamiltonian_local,8,1,1,same_entangling_gate_count,0,4,RY,1,13,layer_000_wire_004_RY,3,-0.06639177999254711,0.0022641113169497478,0.0663917799925471,0.0
random_bp,expectation_value,bcw_8q_random_bp,hea,RX_RY_RZ_CNOT,none,linear,cnot,hamiltonian_local,8,1,1,same_entangling_gate_count,0,4,RZ,2,14,layer_000_wire_004_RZ,3,1.961696453742734e-19,1.0673769955474082e-35,2.5433582611267065e-18,1.0
random_bp,expectation_value,bcw_8q_random_bp,hea,RX_RY_RZ_CNOT,none,linear,cnot,hamiltonian_local,8,1,1,same_entangling_gate_count,0,5,RX,0,15,layer_000_wire_005_RX,3,-0.002262656796403084,0.00922667226716216,0.07150363240012277,0.0
random_bp,expectation_value,bcw_8q_random_bp,hea,RX_RY_RZ_CNOT,none,linear,cnot,hamiltonian_local,8,1,1,same_entangling_gate_count,0,5,RY,1,16,layer_000_wire_005_RY,3,0.04378904827995266,0.0037097169748944456,0.05675058067614617,0.0
random_bp,expectation_value,bcw_8q_random_bp,hea,RX_RY_RZ_CNOT,none,linear,cnot,hamiltonian_local,8,1,1,same_entangling_gate_count,0,5,RZ,2,17,layer_000_wire_005_RZ,3,-5.1569867955788634e-18,2.1965349494763472e-35,5.156986795578864e-18,1.0
random_bp,expectation_value,bcw_8q_random_bp,hea,RX_RY_RZ_CNOT,none,linear,cnot,hamiltonian_local,8,1,1,same_entangling_gate_count,0,6,RX,0,18,layer_000_wire_006_RX,3,0.03208204288846845,0.006334876018418261,0.05511180965504586,0.0
random_bp,expectation_value,bcw_8q_random_bp,hea,RX_RY_RZ_CNOT,none,linear,cnot,hamiltonian_local,8,1,1,same_entangling_gate_count,0,6,RY,1,19,layer_000_wire_006_RY,3,0.027305242203352578,0.005186006569982483,0.0546801032297576,0.0
random_bp,expectation_value,bcw_8q_random_bp,hea,RX_RY_RZ_CNOT,none,linear,cnot,hamiltonian_local,8,1,1,same_entangling_gate_count,0,6,RZ,2,20,layer_000_wire_006_RZ,3,1.1175836443837857e-17,2.3328883572561886e-34,1.3821611834474992e-17,1.0
random_bp,expectation_value,bcw_8q_random_bp,hea,RX_RY_RZ_CNOT,none,linear,cnot,hamiltonian_local,8,1,1,same_entangling_gate_count,0,7,RX,0,21,layer_000_wire_007_RX,3,0.06514819082787537,0.004571094442734106,0.06514819082787537,0.0
random_bp,expectation_value,bcw_8q_random_bp,hea,RX_RY_RZ_CNOT,none,linear,cnot,hamiltonian_local,8,1,1,same_entangling_gate_count,0,7,RY,1,22,layer_000_wire_007_RY,3,0.0005421077831174945,0.0080232749980902,0.06054445054673061,0.0
random_bp,expectation_value,bcw_8q_random_bp,hea,RX_RY_RZ_CNOT,none,linear,cnot,hamiltonian_local,8,1,1,same_entangling_gate_count,0,7,RZ,2,23,layer_000_wire_007_RZ,3,2.6522326062658244e-17,2.5835160943609945e-33,3.304626435197569e-17,1.0
random_bp,expectation_value,bcw_8q_random_bp,hea,RX_RY_RZ_CNOT,none,circular,cnot,hamiltonian_local,8,1,1,same_entangling_gate_count,0,0,RX,0,0,layer_000_wire_000_RX,3,-0.00017074934128229625,9.178712185941284e-08,0.00017628366006740078,0.3333333333333333
random_bp,expectation_value,bcw_8q_random_bp,hea,RX_RY_RZ_CNOT,none,circular,cnot,hamiltonian_local,8,1,1,same_entangling_gate_count,0,0,RY,1,1,layer_000_wire_000_RY,3,-5.934863247429358e-05,3.656946683442414e-09,5.934863247429358e-05,0.3333333333333333
random_bp,expectation_value,bcw_8q_random_bp,hea,RX_RY_RZ_CNOT,none,circular,cnot,hamiltonian_local,8,1,1,same_entangling_gate_count,0,0,RZ,2,2,layer_000_wire_000_RZ,3,-3.758187032325649e-18,2.7377058980330795e-34,1.1227339841884876e-17,1.0
random_bp,expectation_value,bcw_8q_random_bp,hea,RX_RY_RZ_CNOT,none,circular,cnot,hamiltonian_local,8,1,1,same_entangling_gate_count,0,1,RX,0,3,layer_000_wire_001_RX,3,9.830099697201907e-18,2.113507496262451e-33,3.411622836087721e-17,1.0
random_bp,expectation_value,bcw_8q_random_bp,hea,RX_RY_RZ_CNOT,none,circular,cnot,hamiltonian_local,8,1,1,same_entangling_gate_count,0,1,RY,1,4,layer_000_wire_001_RY,3,4.625929269271485e-18,2.5679065925163148e-34,1.3877787807814457e-17,1.0
random_bp,expectation_value,bcw_8q_random_bp,hea,RX_RY_RZ_CNOT,none,circular,cnot,hamiltonian_local,8,1,1,same_entangling_gate_count,0,1,RZ,2,5,layer_000_wire_001_RZ,3,1.1239234802915818e-17,2.9979750533119075e-34,1.6369134145102347e-17,1.0
random_bp,expectation_value,bcw_8q_random_bp,hea,RX_RY_RZ_CNOT,none,circular,cnot,hamiltonian_local,8,1,1,same_entangling_gate_count,0,2,RX,0,6,layer_000_wire_002_RX,3,-0.08058416190117028,0.0036716300935330124,0.08058416190117029,0.0
random_bp,expectation_value,bcw_8q_random_bp,hea,RX_RY_RZ_CNOT,none,circular,cnot,hamiltonian_local,8,1,1,same_entangling_gate_count,0,2,RY,1,7,layer_000_wire_002_RY,3,-0.055206249977669125,0.0024126857120875637,0.055206249977669125,0.0
random_bp,expectation_value,bcw_8q_random_bp,hea,RX_RY_RZ_CNOT,none,circular,cnot,hamiltonian_local,8,1,1,same_entangling_gate_count,0,2,RZ,2,8,layer_000_wire_002_RZ,3,4.367959584979669e-18,3.5156371963034987e-35,5.142907364342468e-18,1.0
random_bp,expectation_value,bcw_8q_random_bp,hea,RX_RY_RZ_CNOT,none,circular,cnot,hamiltonian_local,8,1,1,same_entangling_gate_count,0,3,RX,0,9,layer_000_wire_003_RX,3,-0.029349981326579733,0.005049622423871067,0.04453945329196981,0.0
random_bp,expectation_value,bcw_8q_random_bp,hea,RX_RY_RZ_CNOT,none,circular,cnot,hamiltonian_local,8,1,1,same_entangling_gate_count,0,3,RY,1,10,layer_000_wire_003_RY,3,0.07693671906475424,0.008668660784052235,0.09687758877838698,0.0
random_bp,expectation_value,bcw_8q_random_bp,hea,RX_RY_RZ_CNOT,none,circular,cnot,hamiltonian_local,8,1,1,same_entangling_gate_count,0,3,RZ,2,11,layer_000_wire_003_RZ,3,1.1173483412407427e-17,4.6605524130738704e-36,1.1173483412407427e-17,1.0
random_bp,expectation_value,bcw_8q_random_bp,hea,RX_RY_RZ_CNOT,none,circular,cnot,hamiltonian_local,8,1,1,same_entangling_gate_count,0,4,RX,0,12,layer_000_wire_004_RX,3,0.03585911910178992,0.004872686870599003,0.055834057034201544,0.0
random_bp,expectation_value,bcw_8q_random_bp,hea,RX_RY_RZ_CNOT,none,circular,cnot,hamiltonian_local,8,1,1,same_entangling_gate_count,0,4,RY,1,13,layer_000_wire_004_RY,3,-0.06636892795540303,0.0022609348428035752,0.06636892795540304,0.0
random_bp,expectation_value,bcw_8q_random_bp,hea,RX_RY_RZ_CNOT,none,circular,cnot,hamiltonian_local,8,1,1,same_entangling_gate_count,0,4,RZ,2,14,layer_000_wire_004_RZ,3,2.5000562815653314e-17,1.173604774953285e-33,2.5000562815653317e-17,1.0
random_bp,expectation_value,bcw_8q_random_bp,hea,RX_RY_RZ_CNOT,none,circular,cnot,hamiltonian_local,8,1,1,same_entangling_gate_count,0,5,RX,0,15,layer_000_wire_005_RX,3,-0.002243930945177476,0.009230008713476137,0.07151302423902174,0.0
random_bp,expectation_value,bcw_8q_random_bp,hea,RX_RY_RZ_CNOT,none,circular,cnot,hamiltonian_local,8,1,1,same_entangling_gate_count,0,5,RY,1,16,layer_000_wire_005_RY,3,0.043783797347627225,0.0037101987908507465,0.05675059322181594,0.0
random_bp,expectation_value,bcw_8q_random_bp,hea,RX_RY_RZ_CNOT,none,circular,cnot,hamiltonian_local,8,1,1,same_entangling_gate_count,0,5,RZ,2,17,layer_000_wire_005_RZ,3,-5.653744120960848e-19,3.499814480108179e-35,4.000578871770182e-18,1.0
random_bp,expectation_value,bcw_8q_random_bp,hea,RX_RY_RZ_CNOT,none,circular,cnot,hamiltonian_local,8,1,1,same_entangling_gate_count,0,6,RX,0,18,layer_000_wire_006_RX,3,0.03206481952408037,0.006334962356650373,0.0551151374765235,0.0
random_bp,expectation_value,bcw_8q_random_bp,hea,RX_RY_RZ_CNOT,none,circular,cnot,hamiltonian_local,8,1,1,same_entangling_gate_count,0,6,RY,1,19,layer_000_wire_006_RY,3,0.02733292991602049,0.005193226968641006,0.054710879072064435,0.0
random_bp,expectation_value,bcw_8q_random_bp,hea,RX_RY_RZ_CNOT,none,circular,cnot,hamiltonian_local,8,1,1,same_entangling_gate_count,0,6,RZ,2,20,layer_000_wire_006_RZ,3,-1.855516555383055e-18,4.5104210265779705e-35,4.516376638982164e-18,1.0
random_bp,expectation_value,bcw_8q_random_bp,hea,RX_RY_RZ_CNOT,none,circular,cnot,hamiltonian_local,8,1,1,same_entangling_gate_count,0,7,RX,0,21,layer_000_wire_007_RX,3,0.06515080590000882,0.004570683679439665,0.06515080590000882,0.0
random_bp,expectation_value,bcw_8q_random_bp,hea,RX_RY_RZ_CNOT,none,circular,cnot,hamiltonian_local,8,1,1,same_entangling_gate_count,0,7,RY,1,22,layer_000_wire_007_RY,3,0.0005361210176218004,0.008027238715219643,0.060559124869064083,0.0
random_bp,expectation_value,bcw_8q_random_bp,hea,RX_RY_RZ_CNOT,none,circular,cnot,hamiltonian_local,8,1,1,same_entangling_gate_count,0,7,RZ,2,23,layer_000_wire_007_RZ,3,1.2123825936379332e-17,2.3858722437179464e-34,1.2207269723811117e-17,1.0
random_bp,expectation_value,bcw_8q_random_bp,hea,RX_RY_RZ_CNOT,none,linear,cnot,local,8,2,2,same_entangling_gate_count,0,0,RX,0,0,layer_000_wire_000_RX,3,0.008508263850084949,0.0017377022392413752,0.029194563541240174,0.0
random_bp,expectation_value,bcw_8q_random_bp,hea,RX_RY_RZ_CNOT,none,linear,cnot,local,8,2,2,same_entangling_gate_count,0,0,RY,1,1,layer_000_wire_000_RY,3,-0.017653389359901694,0.0019537492865681467,0.0286450709190911,0.0
random_bp,expectation_value,bcw_8q_random_bp,hea,RX_RY_RZ_CNOT,none,linear,cnot,local,8,2,2,same_entangling_gate_count,0,0,RZ,2,2,layer_000_wire_000_RZ,3,-0.010927485658977847,3.1098900887454e-05,0.010927485658977847,0.0
random_bp,expectation_value,bcw_8q_random_bp,hea,RX_RY_RZ_CNOT,none,linear,cnot,local,8,2,2,same_entangling_gate_count,0,1,RX,0,3,layer_000_wire_001_RX,3,-0.01756026679795255,0.002670541250241603,0.04087419403084513,0.0
random_bp,expectation_value,bcw_8q_random_bp,hea,RX_RY_RZ_CNOT,none,linear,cnot,local,8,2,2,same_entangling_gate_count,0,1,RY,1,4,layer_000_wire_001_RY,3,-0.07014981353074333,0.007155804432580902,0.07534381582098007,0.0
random_bp,expectation_value,bcw_8q_random_bp,hea,RX_RY_RZ_CNOT,none,linear,cnot,local,8,2,2,same_entangling_gate_count,0,1,RZ,2,5,layer_000_wire_001_RZ,3,0.007909134723229683,0.005199074191414503,0.05657989219995504,0.0
random_bp,expectation_value,bcw_8q_random_bp,hea,RX_RY_RZ_CNOT,none,linear,cnot,local,8,2,2,same_entangling_gate_count,0,2,RX,0,6,layer_000_wire_002_RX,3,0.009845050077221317,0.0016756051326092727,0.027443357554462828,0.0
random_bp,expectation_value,bcw_8q_random_bp,hea,RX_RY_RZ_CNOT,none,linear,cnot,local,8,2,2,same_entangling_gate_count,0,2,RY,1,7,layer_000_wire_002_RY,3,-0.011038999494328775,8.230329468172058e-06,0.011038999494328775,0.0
random_bp,expectation_value,bcw_8q_random_bp,hea,RX_RY_RZ_CNOT,none,linear,cnot,local,8,2,2,same_entangling_gate_count,0,2,RZ,2,8,layer_000_wire_002_RZ,3,-0.008211738755563351,0.001686241628124105,0.028484200747245374,0.0
random_bp,expectation_value,bcw_8q_random_bp,hea,RX_RY_RZ_CNOT,none,linear,cnot,local,8,2,2,same_entangling_gate_count,0,3,RX,0,9,layer_000_wire_003_RX,3,0.017226990963526756,0.00065497864175044,0.02025870137366163,0.0
random_bp,expectation_value,bcw_8q_random_bp,hea,RX_RY_RZ_CNOT,none,linear,cnot,local,8,2,2,same_entangling_gate_count,0,3,RY,1,10,layer_000_wire_003_RY,3,0.03802794504303409,0.0029650389620876866,0.03802794504303409,0.0
random_bp,expectation_value,bcw_8q_random_bp,hea,RX_RY_RZ_CNOT,none,linear,cnot,local,8,2,2,same_entangling_gate_count,0,3,RZ,2,11,layer_000_wire_003_RZ,3,-0.0033120430053076274,0.0003295209391507302,0.012733233300711896,0.0
random_bp,expectation_value,bcw_8q_random_bp,hea,RX_RY_RZ_CNOT,none,linear,cnot,local,8,2,2,same_entangling_gate_count,0,4,RX,0,12,layer_000_wire_004_RX,3,0.00868251568317931,1.2613381639191624e-05,0.00868251568317931,0.0
random_bp,expectation_value,bcw_8q_random_bp,hea,RX_RY_RZ_CNOT,none,linear,cnot,local,8,2,2,same_entangling_gate_count,0,4,RY,1,13,layer_000_wire_004_RY,3,0.014192272267307673,0.00017947318619744094,0.01485465479818926,0.0
random_bp,expectation_value,bcw_8q_random_bp,hea,RX_RY_RZ_CNOT,none,linear,cnot,local,8,2,2,same_entangling_gate_count,0,4,RZ,2,14,layer_000_wire_004_RZ,3,0.005066099532930897,0.0005665483182222084,0.01648527610752217,0.0
random_bp,expectation_value,bcw_8q_random_bp,hea,RX_RY_RZ_CNOT,none,linear,cnot,local,8,2,2,same_entangling_gate_count,0,5,RX,0,15,layer_000_wire_005_RX,3,-0.002086074930005852,3.2964762604045936e-05,0.0042445294677736336,0.0
random_bp,expectation_value,bcw_8q_random_bp,hea,RX_RY_RZ_CNOT,none,linear,cnot,local,8,2,2,same_entangling_gate_count,0,5,RY,1,16,layer_000_wire_005_RY,3,0.000618403478779405,6.307258605229779e-05,0.005786446963422099,0.0
random_bp,expectation_value,bcw_8q_random_bp,hea,RX_RY_RZ_CNOT,none,linear,cnot,local,8,2,2,same_entangling_gate_count,0,5,RZ,2,17,layer_000_wire_005_RZ,3,-0.0034401536028077643,2.298965595777261e-05,0.0037922212514282395,0.0
random_bp,expectation_value,bcw_8q_random_bp,hea,RX_RY_RZ_CNOT,none,linear,cnot,local,8,2,2,same_entangling_gate_count,0,6,RX,0,18,layer_000_wire_006_RX,3,3.420610770677379e-05,5.004810464922799e-05,0.0049525015851188195,0.0
random_bp,expectation_value,bcw_8q_random_bp,hea,RX_RY_RZ_CNOT,none,linear,cnot,local,8,2,2,same_entangling_gate_count,0,6,RY,1,19,layer_000_wire_006_RY,3,-0.0023620218472007047,1.064017058905957e-05,0.003285034677702687,0.0
random_bp,expectation_value,bcw_8q_random_bp,hea,RX_RY_RZ_CNOT,none,linear,cnot,local,8,2,2,same_entangling_gate_count,0,6,RZ,2,20,layer_000_wire_006_RZ,3,0.002915430622948025,0.00014258342775151287,0.008265486279434261,0.0
random_bp,expectation_value,bcw_8q_random_bp,hea,RX_RY_RZ_CNOT,none,linear,cnot,local,8,2,2,same_entangling_gate_count,0,7,RX,0,21,layer_000_wire_007_RX,3,0.0013080396614628576,1.4113355105482351e-05,0.002419993724503333,0.0
random_bp,expectation_value,bcw_8q_random_bp,hea,RX_RY_RZ_CNOT,none,linear,cnot,local,8,2,2,same_entangling_gate_count,0,7,RY,1,22,layer_000_wire_007_RY,3,-0.0026842339411328273,1.4625156666616462e-05,0.003174720653405761,0.0
random_bp,expectation_value,bcw_8q_random_bp,hea,RX_RY_RZ_CNOT,none,linear,cnot,local,8,2,2,same_entangling_gate_count,0,7,RZ,2,23,layer_000_wire_007_RZ,3,-0.0022195912979539076,4.922017082669171e-06,0.0024295092129131266,0.0
random_bp,expectation_value,bcw_8q_random_bp,hea,RX_RY_RZ_CNOT,none,linear,cnot,local,8,2,2,same_entangling_gate_count,1,0,RX,0,24,layer_001_wire_000_RX,3,-0.04096210228726305,0.0058871094350460155,0.045408015785274904,0.0
random_bp,expectation_value,bcw_8q_random_bp,hea,RX_RY_RZ_CNOT,none,linear,cnot,local,8,2,2,same_entangling_gate_count,1,0,RY,1,25,layer_001_wire_000_RY,3,-0.02213182522633128,0.0014446133711568997,0.03599588894598376,0.0
random_bp,expectation_value,bcw_8q_random_bp,hea,RX_RY_RZ_CNOT,none,linear,cnot,local,8,2,2,same_entangling_gate_count,1,0,RZ,2,26,layer_001_wire_000_RZ,3,-7.088204471566916e-18,2.0324751913455207e-34,1.2020561916205724e-17,1.0
random_bp,expectation_value,bcw_8q_random_bp,hea,RX_RY_RZ_CNOT,none,linear,cnot,local,8,2,2,same_entangling_gate_count,1,1,RX,0,27,layer_001_wire_001_RX,3,0.03937887795018715,0.00543646785711655,0.04979173372606412,0.0
random_bp,expectation_value,bcw_8q_random_bp,hea,RX_RY_RZ_CNOT,none,linear,cnot,local,8,2,2,same_entangling_gate_count,1,1,RY,1,28,layer_001_wire_001_RY,3,-0.004380961579642066,0.00039349495387463974,0.013519069872177747,0.0
random_bp,expectation_value,bcw_8q_random_bp,hea,RX_RY_RZ_CNOT,none,linear,cnot,local,8,2,2,same_entangling_gate_count,1,1,RZ,2,29,layer_001_wire_001_RZ,3,1.100790543732513e-18,1.057926136404017e-34,7.519547835256276e-18,1.0
random_bp,expectation_value,bcw_8q_random_bp,hea,RX_RY_RZ_CNOT,none,linear,cnot,local,8,2,2,same_entangling_gate_count,1,2,RX,0,30,layer_001_wire_002_RX,3,0.020845210836383528,0.0008107302393959935,0.020845210836383524,0.0
random_bp,expectation_value,bcw_8q_random_bp,hea,RX_RY_RZ_CNOT,none,linear,cnot,local,8,2,2,same_entangling_gate_count,1,2,RY,1,31,layer_001_wire_002_RY,3,-0.01142624606896802,0.0018827024012417575,0.03691091127944653,0.0
random_bp,expectation_value,bcw_8q_random_bp,hea,RX_RY_RZ_CNOT,none,linear,cnot,local,8,2,2,same_entangling_gate_count,1,2,RZ,2,32,layer_001_wire_002_RZ,3,-4.583070532862062e-18,3.070020050132982e-34,1.4351954477196133e-17,1.0
random_bp,expectation_value,bcw_8q_random_bp,hea,RX_RY_RZ_CNOT,none,linear,cnot,local,8,2,2,same_entangling_gate_count,1,3,RX,0,33,layer_001_wire_003_RX,3,0.013108988336859794,0.0007727671329613355,0.017258592986023356,0.0
random_bp,expectation_value,bcw_8q_random_bp,hea,RX_RY_RZ_CNOT,none,linear,cnot,local,8,2,2,same_entangling_gate_count,1,3,RY,1,34,layer_001_wire_003_RY,3,0.030029930066157166,0.0012851664553036016,0.032885286320990394,0.0
random_bp,expectation_value,bcw_8q_random_bp,hea,RX_RY_RZ_CNOT,none,linear,cnot,local,8,2,2,same_entangling_gate_count,1,3,RZ,2,35,layer_001_wire_003_RZ,3,-1.271674373563627e-18,7.1157951155684e-36,2.2175441380562552e-18,1.0
random_bp,expectation_value,bcw_8q_random_bp,hea,RX_RY_RZ_CNOT,none,linear,cnot,local,8,2,2,same_entangling_gate_count,1,4,RX,0,36,layer_001_wire_004_RX,3,0.002620285783600736,4.327359770160024e-05,0.005300757338389536,0.0
random_bp,expectation_value,bcw_8q_random_bp,hea,RX_RY_RZ_CNOT,none,linear,cnot,local,8,2,2,same_entangling_gate_count,1,4,RY,1,37,layer_001_wire_004_RY,3,-0.010214016163309627,0.00014499364292878264,0.012380869389915332,0.0
random_bp,expectation_value,bcw_8q_random_bp,hea,RX_RY_RZ_CNOT,none,linear,cnot,local,8,2,2,same_entangling_gate_count,1,4,RZ,2,38,layer_001_wire_004_RZ,3,7.231205259097552e-18,1.6177874205933979e-34,8.412631592769711e-18,1.0
random_bp,expectation_value,bcw_8q_random_bp,hea,RX_RY_RZ_CNOT,none,linear,cnot,local,8,2,2,same_entangling_gate_count,1,5,RX,0,39,layer_001_wire_005_RX,3,0.0036025889365256534,1.3472990511630042e-05,0.003602588936525654,0.0
random_bp,expectation_value,bcw_8q_random_bp,hea,RX_RY_RZ_CNOT,none,linear,cnot,local,8,2,2,same_entangling_gate_count,1,5,RY,1,40,layer_001_wire_005_RY,3,0.0017551187461771695,5.682462135808425e-05,0.004992351866487812,0.0
random_bp,expectation_value,bcw_8q_random_bp,hea,RX_RY_RZ_CNOT,none,linear,cnot,local,8,2,2,same_entangling_gate_count,1,5,RZ,2,41,layer_001_wire_005_RZ,3,-1.0666864658581589e-18,4.783200228028876e-35,5.410320111810747e-18,1.0
random_bp,expectation_value,bcw_8q_random_bp,hea,RX_RY_RZ_CNOT,none,linear,cnot,local,8,2,2,same_entangling_gate_count,1,6,RX,0,42,layer_001_wire_006_RX,3,0.0036554701010456893,4.240335413525775e-05,0.00388217099951552,0.0
random_bp,expectation_value,bcw_8q_random_bp,hea,RX_RY_RZ_CNOT,none,linear,cnot,local,8,2,2,same_entangling_gate_count,1,6,RY,1,43,layer_001_wire_006_RY,3,0.0006785309857106633,7.007552623915128e-06,0.001778728170804035,0.0
random_bp,expectation_value,bcw_8q_random_bp,hea,RX_RY_RZ_CNOT,none,linear,cnot,local,8,2,2,same_entangling_gate_count,1,6,RZ,2,44,layer_001_wire_006_RZ,3,6.2602381003859136e-18,1.7359226614137473e-34,8.733972043307587e-18,1.0
random_bp,expectation_value,bcw_8q_random_bp,hea,RX_RY_RZ_CNOT,none,linear,cnot,local,8,2,2,same_entangling_gate_count,1,7,RX,0,45,layer_001_wire_007_RX,3,0.0024667297349387496,1.8780726377970257e-05,0.0025994711741324805,0.0
random_bp,expectation_value,bcw_8q_random_bp,hea,RX_RY_RZ_CNOT,none,linear,cnot,local,8,2,2,same_entangling_gate_count,1,7,RY,1,46,layer_001_wire_007_RY,3,0.001835974590162949,3.679289945405244e-05,0.005162979363381525,0.0
random_bp,expectation_value,bcw_8q_random_bp,hea,RX_RY_RZ_CNOT,none,linear,cnot,local,8,2,2,same_entangling_gate_count,1,7,RZ,2,47,layer_001_wire_007_RZ,3,-7.047338647698407e-19,1.8267608405982929e-34,1.0217093620712745e-17,1.0
random_bp,expectation_value,bcw_8q_random_bp,hea,RX_RY_RZ_CNOT,none,circular,cnot,local,8,2,2,same_entangling_gate_count,0,0,RX,0,0,layer_000_wire_000_RX,3,0.0248085705793964,0.0008778182336564827,0.029510516468431152,0.0
random_bp,expectation_value,bcw_8q_random_bp,hea,RX_RY_RZ_CNOT,none,circular,cnot,local,8,2,2,same_entangling_gate_count,0,0,RY,1,1,layer_000_wire_000_RY,3,-0.008034931223142194,0.00040047092247437417,0.012698335542630272,0.0
random_bp,expectation_value,bcw_8q_random_bp,hea,RX_RY_RZ_CNOT,none,circular,cnot,local,8,2,2,same_entangling_gate_count,0,0,RZ,2,2,layer_000_wire_000_RZ,3,0.02882807250443616,0.000572328190734735,0.02882807250443616,0.0
random_bp,expectation_value,bcw_8q_random_bp,hea,RX_RY_RZ_CNOT,none,circular,cnot,local,8,2,2,same_entangling_gate_count,0,1,RX,0,3,layer_000_wire_001_RX,3,-0.01727929386850942,0.000325668703364082,0.018982753246069666,0.0
random_bp,expectation_value,bcw_8q_random_bp,hea,RX_RY_RZ_CNOT,none,circular,cnot,local,8,2,2,same_entangling_gate_count,0,1,RY,1,4,layer_000_wire_001_RY,3,-0.009717435871204794,0.000988782269944498,0.020797776625190233,0.0
random_bp,expectation_value,bcw_8q_random_bp,hea,RX_RY_RZ_CNOT,none,circular,cnot,local,8,2,2,same_entangling_gate_count,0,1,RZ,2,5,layer_000_wire_001_RZ,3,0.006588691285729071,0.000449230478637968,0.013736058983723773,0.0
random_bp,expectation_value,bcw_8q_random_bp,hea,RX_RY_RZ_CNOT,none,circular,cnot,local,8,2,2,same_entangling_gate_count,0,2,RX,0,6,layer_000_wire_002_RX,3,0.005917736134196272,0.0001150709922111369,0.009327136499601228,0.0
random_bp,expectation_value,bcw_8q_random_bp,hea,RX_RY_RZ_CNOT,none,circular,cnot,local,8,2,2,same_entangling_gate_count,0,2,RY,1,7,layer_000_wire_002_RY,3,0.0012143423140551699,3.678508088758356e-05,0.005059302086677397,0.0
random_bp,expectation_value,bcw_8q_random_bp,hea,RX_RY_RZ_CNOT,none,circular,cnot,local,8,2,2,same_entangling_gate_count,0,2,RZ,2,8,layer_000_wire_002_RZ,3,-0.005572923871368706,0.00012392782363215474,0.009824584238739671,0.0
random_bp,expectation_value,bcw_8q_random_bp,hea,RX_RY_RZ_CNOT,none,circular,cnot,local,8,2,2,same_entangling_gate_count,0,3,RX,0,9,layer_000_wire_003_RX,3,0.015594505867725213,0.0002845022706773239,0.016342043533096436,0.0
random_bp,expectation_value,bcw_8q_random_bp,hea,RX_RY_RZ_CNOT,none,circular,cnot,local,8,2,2,same_entangling_gate_count,0,3,RY,1,10,layer_000_wire_003_RY,3,0.025725231586629583,0.0009200856309206445,0.02572523158662958,0.0
random_bp,expectation_value,bcw_8q_random_bp,hea,RX_RY_RZ_CNOT,none,circular,cnot,local,8,2,2,same_entangling_gate_count,0,3,RZ,2,11,layer_000_wire_003_RZ,3,-0.001565711187903186,0.0002773574629158812,0.011364412847944254,0.0
random_bp,expectation_value,bcw_8q_random_bp,hea,RX_RY_RZ_CNOT,none,circular,cnot,local,8,2,2,same_entangling_gate_count,0,4,RX,0,12,layer_000_wire_004_RX,3,-0.0010809109203973994,0.00010655093167644877,0.006886949355023822,0.0
random_bp,expectation_value,bcw_8q_random_bp,hea,RX_RY_RZ_CNOT,none,circular,cnot,local,8,2,2,same_entangling_gate_count,0,4,RY,1,13,layer_000_wire_004_RY,3,0.0031590570643015604,6.813661781094625e-05,0.005212413131350727,0.0
random_bp,expectation_value,bcw_8q_random_bp,hea,RX_RY_RZ_CNOT,none,circular,cnot,local,8,2,2,same_entangling_gate_count,0,4,RZ,2,14,layer_000_wire_004_RZ,3,0.0097773822621119,6.978162578916712e-05,0.0097773822621119,0.0
random_bp,expectation_value,bcw_8q_random_bp,hea,RX_RY_RZ_CNOT,none,circular,cnot,local,8,2,2,same_entangling_gate_count,0,5,RX,0,15,layer_000_wire_005_RX,3,0.0011573235322673682,2.147053235783559e-06,0.0011573235322673682,0.0
random_bp,expectation_value,bcw_8q_random_bp,hea,RX_RY_RZ_CNOT,none,circular,cnot,local,8,2,2,same_entangling_gate_count,0,5,RY,1,16,layer_000_wire_005_RY,3,0.0012236430494292473,5.98415663046056e-07,0.0012236430494292473,0.0
random_bp,expectation_value,bcw_8q_random_bp,hea,RX_RY_RZ_CNOT,none,circular,cnot,local,8,2,2,same_entangling_gate_count,0,5,RZ,2,17,layer_000_wire_005_RZ,3,-0.0010781917430030192,2.6634218648080947e-06,0.0014313915077242563,0.0
random_bp,expectation_value,bcw_8q_random_bp,hea,RX_RY_RZ_CNOT,none,circular,cnot,local,8,2,2,same_entangling_gate_count,0,6,RX,0,18,layer_000_wire_006_RX,3,-0.0022168060136999773,2.3360824724341903e-05,0.0029736131053089056,0.0
random_bp,expectation_value,bcw_8q_random_bp,hea,RX_RY_RZ_CNOT,none,circular,cnot,local,8,2,2,same_entangling_gate_count,0,6,RY,1,19,layer_000_wire_006_RY,3,0.0028523961586305224,5.367710722017736e-05,0.005260287886359192,0.0
random_bp,expectation_value,bcw_8q_random_bp,hea,RX_RY_RZ_CNOT,none,circular,cnot,local,8,2,2,same_entangling_gate_count,0,6,RZ,2,20,layer_000_wire_006_RZ,3,0.0023002687432975913,7.171522699587137e-05,0.006810682213129041,0.0
random_bp,expectation_value,bcw_8q_random_bp,hea,RX_RY_RZ_CNOT,none,circular,cnot,local,8,2,2,same_entangling_gate_count,0,7,RX,0,21,layer_000_wire_007_RX,3,0.005037589503909252,4.787608779982323e-06,0.005037589503909252,0.0
random_bp,expectation_value,bcw_8q_random_bp,hea,RX_RY_RZ_CNOT,none,circular,cnot,local,8,2,2,same_entangling_gate_count,0,7,RY,1,22,layer_000_wire_007_RY,3,0.002446820688753046,2.350013280838211e-06,0.002446820688753046,0.0
random_bp,expectation_value,bcw_8q_random_bp,hea,RX_RY_RZ_CNOT,none,circular,cnot,local,8,2,2,same_entangling_gate_count,0,7,RZ,2,23,layer_000_wire_007_RZ,3,-0.004006627413244331,9.653750437104825e-08,0.004006627413244331,0.0
random_bp,expectation_value,bcw_8q_random_bp,hea,RX_RY_RZ_CNOT,none,circular,cnot,local,8,2,2,same_entangling_gate_count,1,0,RX,0,24,layer_001_wire_000_RX,3,-0.004327016534312434,7.697621687876418e-05,0.0053111512271751616,0.0
random_bp,expectation_value,bcw_8q_random_bp,hea,RX_RY_RZ_CNOT,none,circular,cnot,local,8,2,2,same_entangling_gate_count,1,0,RY,1,25,layer_001_wire_000_RY,3,-0.01739043788175015,0.006662951439500235,0.0550129678878192,0.0
random_bp,expectation_value,bcw_8q_random_bp,hea,RX_RY_RZ_CNOT,none,circular,cnot,local,8,2,2,same_entangling_gate_count,1,0,RZ,2,26,layer_001_wire_000_RZ,3,1.550363152176911e-17,1.2248505127316445e-34,1.550363152176911e-17,1.0
random_bp,expectation_value,bcw_8q_random_bp,hea,RX_RY_RZ_CNOT,none,circular,cnot,local,8,2,2,same_entangling_gate_count,1,1,RX,0,27,layer_001_wire_001_RX,3,0.0004395799670030443,0.00038229291887630697,0.014899775047452666,0.0
random_bp,expectation_value,bcw_8q_random_bp,hea,RX_RY_RZ_CNOT,none,circular,cnot,local,8,2,2,same_entangling_gate_count,1,1,RY,1,28,layer_001_wire_001_RY,3,0.0237634802907953,0.0020737450344372917,0.03700723121255906,0.0
random_bp,expectation_value,bcw_8q_random_bp,hea,RX_RY_RZ_CNOT,none,circular,cnot,local,8,2,2,same_entangling_gate_count,1,1,RZ,2,29,layer_001_wire_001_RZ,3,-2.568390484130593e-18,3.2443809974055334e-34,1.3004314289691634e-17,1.0
random_bp,expectation_value,bcw_8q_random_bp,hea,RX_RY_RZ_CNOT,none,circular,cnot,local,8,2,2,same_entangling_gate_count,1,2,RX,0,30,layer_001_wire_002_RX,3,0.014217899277349372,0.0004982286803580885,0.017086880424872733,0.0
random_bp,expectation_value,bcw_8q_random_bp,hea,RX_RY_RZ_CNOT,none,circular,cnot,local,8,2,2,same_entangling_gate_count,1,2,RY,1,31,layer_001_wire_002_RY,3,-0.03072936578368199,0.0016705043517188317,0.03838431688170546,0.0
random_bp,expectation_value,bcw_8q_random_bp,hea,RX_RY_RZ_CNOT,none,circular,cnot,local,8,2,2,same_entangling_gate_count,1,2,RZ,2,32,layer_001_wire_002_RZ,3,1.1584180942818362e-18,5.8267748520394e-34,1.7760487964368084e-17,1.0
random_bp,expectation_value,bcw_8q_random_bp,hea,RX_RY_RZ_CNOT,none,circular,cnot,local,8,2,2,same_entangling_gate_count,1,3,RX,0,33,layer_001_wire_003_RX,3,0.008835364618169129,0.00029853695343706114,0.010355449085451968,0.0
random_bp,expectation_value,bcw_8q_random_bp,hea,RX_RY_RZ_CNOT,none,circular,cnot,local,8,2,2,same_entangling_gate_count,1,3,RY,1,34,layer_001_wire_003_RY,3,0.031226832234749608,0.0006209142006355248,0.031226832234749608,0.0
random_bp,expectation_value,bcw_8q_random_bp,hea,RX_RY_RZ_CNOT,none,circular,cnot,local,8,2,2,same_entangling_gate_count,1,3,RZ,2,35,layer_001_wire_003_RZ,3,2.951659798137593e-18,1.1494548598335511e-35,3.015620222033463e-18,1.0
random_bp,expectation_value,bcw_8q_random_bp,hea,RX_RY_RZ_CNOT,none,circular,cnot,local,8,2,2,same_entangling_gate_count,1,4,RX,0,36,layer_001_wire_004_RX,3,0.003492589079668927,5.5509776663134847e-05,0.005041761010403135,0.0
random_bp,expectation_value,bcw_8q_random_bp,hea,RX_RY_RZ_CNOT,none,circular,cnot,local,8,2,2,same_entangling_gate_count,1,4,RY,1,37,layer_001_wire_004_RY,3,0.0020788638475140973,0.0002776005052441008,0.012354186143705726,0.0
random_bp,expectation_value,bcw_8q_random_bp,hea,RX_RY_RZ_CNOT,none,circular,cnot,local,8,2,2,same_entangling_gate_count,1,4,RZ,2,38,layer_001_wire_004_RZ,3,-1.9275876425150176e-19,4.1259190322290145e-35,4.8565405367316385e-18,1.0
random_bp,expectation_value,bcw_8q_random_bp,hea,RX_RY_RZ_CNOT,none,circular,cnot,local,8,2,2,same_entangling_gate_count,1,5,RX,0,39,layer_001_wire_005_RX,3,-0.0011883160914908846,1.3672656883316388e-05,0.002414979953642576,0.0
random_bp,expectation_value,bcw_8q_random_bp,hea,RX_RY_RZ_CNOT,none,circular,cnot,local,8,2,2,same_entangling_gate_count,1,5,RY,1,40,layer_001_wire_005_RY,3,0.0023729580796784107,1.1214187002907687e-05,0.0031952466213115995,0.0
random_bp,expectation_value,bcw_8q_random_bp,hea,RX_RY_RZ_CNOT,none,circular,cnot,local,8,2,2,same_entangling_gate_count,1,5,RZ,2,41,layer_001_wire_005_RZ,3,1.4612604794066806e-18,1.4347947141420802e-34,8.70705224662996e-18,1.0
random_bp,expectation_value,bcw_8q_random_bp,hea,RX_RY_RZ_CNOT,none,circular,cnot,local,8,2,2,same_entangling_gate_count,1,6,RX,0,42,layer_001_wire_006_RX,3,-0.0017019741198445763,6.969751242247144e-06,0.0025588247970655524,0.0
random_bp,expectation_value,bcw_8q_random_bp,hea,RX_RY_RZ_CNOT,none,circular,cnot,local,8,2,2,same_entangling_gate_count,1,6,RY,1,43,layer_001_wire_006_RY,3,0.0014500490126592089,0.00037934854588551675,0.014440092269576899,0.0
random_bp,expectation_value,bcw_8q_random_bp,hea,RX_RY_RZ_CNOT,none,circular,cnot,local,8,2,2,same_entangling_gate_count,1,6,RZ,2,44,layer_001_wire_006_RZ,3,-3.897620716392111e-18,1.6396564151785142e-35,4.310548560743582e-18,1.0
random_bp,expectation_value,bcw_8q_random_bp,hea,RX_RY_RZ_CNOT,none,circular,cnot,local,8,2,2,same_entangling_gate_count,1,7,RX,0,45,layer_001_wire_007_RX,3,-0.0009156760993638485,1.66082539258871e-06,0.0010153514762316497,0.0
random_bp,expectation_value,bcw_8q_random_bp,hea,RX_RY_RZ_CNOT,none,circular,cnot,local,8,2,2,same_entangling_gate_count,1,7,RY,1,46,layer_001_wire_007_RY,3,-0.003975065691697039,0.0004956259245193426,0.01576134844148879,0.0
random_bp,expectation_value,bcw_8q_random_bp,hea,RX_RY_RZ_CNOT,none,circular,cnot,local,8,2,2,same_entangling_gate_count,1,7,RZ,2,47,layer_001_wire_007_RZ,3,-5.1380299615218294e-18,8.61916087469813e-35,6.997367782957126e-18,1.0
random_bp,expectation_value,bcw_8q_random_bp,hea,RX_RY_RZ_CNOT,none,linear,cnot,global,8,2,2,same_entangling_gate_count,0,0,RX,0,0,layer_000_wire_000_RX,3,-0.010932362472068854,0.0003766216989495213,0.011328245299842304,0.0
random_bp,expectation_value,bcw_8q_random_bp,hea,RX_RY_RZ_CNOT,none,linear,cnot,global,8,2,2,same_entangling_gate_count,0,0,RY,1,1,layer_000_wire_000_RY,3,-0.003869071860241606,1.5941139504324368e-05,0.004020901605701744,0.0
random_bp,expectation_value,bcw_8q_random_bp,hea,RX_RY_RZ_CNOT,none,linear,cnot,global,8,2,2,same_entangling_gate_count,0,0,RZ,2,2,layer_000_wire_000_RZ,3,7.296835005282533e-18,5.018110142401845e-34,1.960242871570152e-17,1.0
random_bp,expectation_value,bcw_8q_random_bp,hea,RX_RY_RZ_CNOT,none,linear,cnot,global,8,2,2,same_entangling_gate_count,0,1,RX,0,3,layer_000_wire_001_RX,3,0.0385118589834713,0.0040137096508242424,0.0385118589834713,0.0
random_bp,expectation_value,bcw_8q_random_bp,hea,RX_RY_RZ_CNOT,none,linear,cnot,global,8,2,2,same_entangling_gate_count,0,1,RY,1,4,layer_000_wire_001_RY,3,0.0039083784832065795,3.998206816471905e-05,0.004751155920809091,0.0
random_bp,expectation_value,bcw_8q_random_bp,hea,RX_RY_RZ_CNOT,none,linear,cnot,global,8,2,2,same_entangling_gate_count,0,1,RZ,2,5,layer_000_wire_001_RZ,3,-0.02078229033783728,0.0011518432085853272,0.021245385033997616,0.0
random_bp,expectation_value,bcw_8q_random_bp,hea,RX_RY_RZ_CNOT,none,linear,cnot,global,8,2,2,same_entangling_gate_count,0,2,RX,0,6,layer_000_wire_002_RX,3,0.012512713498524532,0.00037980246625204895,0.01251271349852453,0.0
random_bp,expectation_value,bcw_8q_random_bp,hea,RX_RY_RZ_CNOT,none,linear,cnot,global,8,2,2,same_entangling_gate_count,0,2,RY,1,7,layer_000_wire_002_RY,3,-0.002140999512206586,3.034411854300986e-05,0.0042051447636976555,0.0
random_bp,expectation_value,bcw_8q_random_bp,hea,RX_RY_RZ_CNOT,none,linear,cnot,global,8,2,2,same_entangling_gate_count,0,2,RZ,2,8,layer_000_wire_002_RZ,3,0.002053785766538339,1.2677484288405962e-05,0.003364553563635178,0.0
random_bp,expectation_value,bcw_8q_random_bp,hea,RX_RY_RZ_CNOT,none,linear,cnot,global,8,2,2,same_entangling_gate_count,0,3,RX,0,9,layer_000_wire_003_RX,3,0.01338842854605152,0.0006848183420322403,0.015746608409290493,0.0
random_bp,expectation_value,bcw_8q_random_bp,hea,RX_RY_RZ_CNOT,none,linear,cnot,global,8,2,2,same_entangling_gate_count,0,3,RY,1,10,layer_000_wire_003_RY,3,0.00892866623812675,0.0001868117162058012,0.00901187454744842,0.0
random_bp,expectation_value,bcw_8q_random_bp,hea,RX_RY_RZ_CNOT,none,linear,cnot,global,8,2,2,same_entangling_gate_count,0,3,RZ,2,11,layer_000_wire_003_RZ,3,0.007173459970635296,9.252279250251154e-05,0.00728827227889179,0.0
random_bp,expectation_value,bcw_8q_random_bp,hea,RX_RY_RZ_CNOT,none,linear,cnot,global,8,2,2,same_entangling_gate_count,0,4,RX,0,12,layer_000_wire_004_RX,3,-0.0038428458183964067,0.00017552850421002957,0.008578806633478604,0.0
random_bp,expectation_value,bcw_8q_random_bp,hea,RX_RY_RZ_CNOT,none,linear,cnot,global,8,2,2,same_entangling_gate_count,0,4,RY,1,13,layer_000_wire_004_RY,3,0.006377983887938513,0.00021530261753750391,0.009086537358950982,0.0
random_bp,expectation_value,bcw_8q_random_bp,hea,RX_RY_RZ_CNOT,none,linear,cnot,global,8,2,2,same_entangling_gate_count,0,4,RZ,2,14,layer_000_wire_004_RZ,3,-8.482975349036019e-05,9.697669075670509e-05,0.007560078777570767,0.0
random_bp,expectation_value,bcw_8q_random_bp,hea,RX_RY_RZ_CNOT,none,linear,cnot,global,8,2,2,same_entangling_gate_count,0,5,RX,0,15,layer_000_wire_005_RX,3,0.0020342244265229847,0.001331244652610588,0.024404796181307458,0.0
random_bp,expectation_value,bcw_8q_random_bp,hea,RX_RY_RZ_CNOT,none,linear,cnot,global,8,2,2,same_entangling_gate_count,0,5,RY,1,16,layer_000_wire_005_RY,3,0.006838675627482611,5.344996292992468e-05,0.00683867562748261,0.0
random_bp,expectation_value,bcw_8q_random_bp,hea,RX_RY_RZ_CNOT,none,linear,cnot,global,8,2,2,same_entangling_gate_count,0,5,RZ,2,17,layer_000_wire_005_RZ,3,-0.0024471793481876743,9.140783936794103e-05,0.006250174950888992,0.0
random_bp,expectation_value,bcw_8q_random_bp,hea,RX_RY_RZ_CNOT,none,linear,cnot,global,8,2,2,same_entangling_gate_count,0,6,RX,0,18,layer_000_wire_006_RX,3,0.0010095720428041806,0.0007832726299686144,0.020626725832413036,0.0
random_bp,expectation_value,bcw_8q_random_bp,hea,RX_RY_RZ_CNOT,none,linear,cnot,global,8,2,2,same_entangling_gate_count,0,6,RY,1,19,layer_000_wire_006_RY,3,-0.020648854757074585,0.002802461687426957,0.0337298665066479,0.0
random_bp,expectation_value,bcw_8q_random_bp,hea,RX_RY_RZ_CNOT,none,linear,cnot,global,8,2,2,same_entangling_gate_count,0,6,RZ,2,20,layer_000_wire_006_RZ,3,-0.016991324378481665,0.0007875065651582647,0.020043967917696363,0.0
random_bp,expectation_value,bcw_8q_random_bp,hea,RX_RY_RZ_CNOT,none,linear,cnot,global,8,2,2,same_entangling_gate_count,0,7,RX,0,21,layer_000_wire_007_RX,3,0.006078205588681933,0.00012149254399413143,0.007068587144384491,0.0
random_bp,expectation_value,bcw_8q_random_bp,hea,RX_RY_RZ_CNOT,none,linear,cnot,global,8,2,2,same_entangling_gate_count,0,7,RY,1,22,layer_000_wire_007_RY,3,-0.008978105332073754,0.00024871075223360046,0.009349669442769675,0.0
random_bp,expectation_value,bcw_8q_random_bp,hea,RX_RY_RZ_CNOT,none,linear,cnot,global,8,2,2,same_entangling_gate_count,0,7,RZ,2,23,layer_000_wire_007_RZ,3,0.0019147748615242104,1.6489164367930095e-06,0.0019147748615242104,0.0
random_bp,expectation_value,bcw_8q_random_bp,hea,RX_RY_RZ_CNOT,none,linear,cnot,global,8,2,2,same_entangling_gate_count,1,0,RX,0,24,layer_001_wire_000_RX,3,2.692435395005669e-18,5.174065730365638e-34,1.5811281682080274e-17,1.0
random_bp,expectation_value,bcw_8q_random_bp,hea,RX_RY_RZ_CNOT,none,linear,cnot,global,8,2,2,same_entangling_gate_count,1,0,RY,1,25,layer_001_wire_000_RY,3,8.81817766954877e-18,9.410224109782685e-35,9.974659986866641e-18,1.0
random_bp,expectation_value,bcw_8q_random_bp,hea,RX_RY_RZ_CNOT,none,linear,cnot,global,8,2,2,same_entangling_gate_count,1,0,RZ,2,26,layer_001_wire_000_RZ,3,1.7294974165822475e-17,5.328847277076506e-34,1.8794510996233798e-17,1.0
random_bp,expectation_value,bcw_8q_random_bp,hea,RX_RY_RZ_CNOT,none,linear,cnot,global,8,2,2,same_entangling_gate_count,1,1,RX,0,27,layer_001_wire_001_RX,3,0.0008482104397889109,2.054001088915109e-05,0.003164646622377592,0.0
random_bp,expectation_value,bcw_8q_random_bp,hea,RX_RY_RZ_CNOT,none,linear,cnot,global,8,2,2,same_entangling_gate_count,1,1,RY,1,28,layer_001_wire_001_RY,3,0.03445551746806967,0.004140097415721425,0.038013082216495506,0.0
random_bp,expectation_value,bcw_8q_random_bp,hea,RX_RY_RZ_CNOT,none,linear,cnot,global,8,2,2,same_entangling_gate_count,1,1,RZ,2,29,layer_001_wire_001_RZ,3,-6.380509775549726e-18,7.653353314015693e-34,1.9067869832417347e-17,1.0
random_bp,expectation_value,bcw_8q_random_bp,hea,RX_RY_RZ_CNOT,none,linear,cnot,global,8,2,2,same_entangling_gate_count,1,2,RX,0,30,layer_001_wire_002_RX,3,-3.379096770913156e-18,2.3060946132294203e-34,1.04986910369013e-17,1.0
random_bp,expectation_value,bcw_8q_random_bp,hea,RX_RY_RZ_CNOT,none,linear,cnot,global,8,2,2,same_entangling_gate_count,1,2,RY,1,31,layer_001_wire_002_RY,3,-1.586549179070455e-17,1.4462851477922123e-33,2.5478751053409354e-17,1.0
random_bp,expectation_value,bcw_8q_random_bp,hea,RX_RY_RZ_CNOT,none,linear,cnot,global,8,2,2,same_entangling_gate_count,1,2,RZ,2,32,layer_001_wire_002_RZ,3,5.070243277186527e-18,3.974016246075114e-34,1.7023196318499582e-17,1.0
random_bp,expectation_value,bcw_8q_random_bp,hea,RX_RY_RZ_CNOT,none,linear,cnot,global,8,2,2,same_entangling_gate_count,1,3,RX,0,33,layer_001_wire_003_RX,3,-0.00016258411096213479,1.806884268252967e-05,0.0030023457153051485,0.0
random_bp,expectation_value,bcw_8q_random_bp,hea,RX_RY_RZ_CNOT,none,linear,cnot,global,8,2,2,same_entangling_gate_count,1,3,RY,1,34,layer_001_wire_003_RY,3,0.009538912291049669,0.0016878742517781266,0.026858941365407677,0.0
random_bp,expectation_value,bcw_8q_random_bp,hea,RX_RY_RZ_CNOT,none,linear,cnot,global,8,2,2,same_entangling_gate_count,1,3,RZ,2,35,layer_001_wire_003_RZ,3,5.726358925657054e-18,5.661131834337034e-34,1.654710635215242e-17,1.0
random_bp,expectation_value,bcw_8q_random_bp,hea,RX_RY_RZ_CNOT,none,linear,cnot,global,8,2,2,same_entangling_gate_count,1,4,RX,0,36,layer_001_wire_004_RX,3,-5.5655711520922556e-18,7.505453063710251e-34,2.2045444173871925e-17,1.0
random_bp,expectation_value,bcw_8q_random_bp,hea,RX_RY_RZ_CNOT,none,linear,cnot,global,8,2,2,same_entangling_gate_count,1,4,RY,1,37,layer_001_wire_004_RY,3,-9.93851991445047e-20,1.1073401679402371e-35,2.4123498337802474e-18,1.0
random_bp,expectation_value,bcw_8q_random_bp,hea,RX_RY_RZ_CNOT,none,linear,cnot,global,8,2,2,same_entangling_gate_count,1,4,RZ,2,38,layer_001_wire_004_RZ,3,-2.223422573642077e-17,3.9611466847192095e-34,2.273244603839417e-17,1.0
random_bp,expectation_value,bcw_8q_random_bp,hea,RX_RY_RZ_CNOT,none,linear,cnot,global,8,2,2,same_entangling_gate_count,1,5,RX,0,39,layer_001_wire_005_RX,3,-0.015322883437131491,0.0026958127475747275,0.033842265665756745,0.0
random_bp,expectation_value,bcw_8q_random_bp,hea,RX_RY_RZ_CNOT,none,linear,cnot,global,8,2,2,same_entangling_gate_count,1,5,RY,1,40,layer_001_wire_005_RY,3,0.0143182796754601,0.0011791866549401564,0.02149917246899648,0.0
random_bp,expectation_value,bcw_8q_random_bp,hea,RX_RY_RZ_CNOT,none,linear,cnot,global,8,2,2,same_entangling_gate_count,1,5,RZ,2,41,layer_001_wire_005_RZ,3,6.100096982519527e-19,8.406861061829755e-34,2.1017065457585118e-17,1.0
random_bp,expectation_value,bcw_8q_random_bp,hea,RX_RY_RZ_CNOT,none,linear,cnot,global,8,2,2,same_entangling_gate_count,1,6,RX,0,42,layer_001_wire_006_RX,3,-1.8973538018496328e-17,1.0159915223592113e-33,2.988783988818374e-17,1.0
random_bp,expectation_value,bcw_8q_random_bp,hea,RX_RY_RZ_CNOT,none,linear,cnot,global,8,2,2,same_entangling_gate_count,1,6,RY,1,43,layer_001_wire_006_RY,3,-6.9027538314910454e-18,2.2913127717678305e-34,1.3046566142242236e-17,1.0
random_bp,expectation_value,bcw_8q_random_bp,hea,RX_RY_RZ_CNOT,none,linear,cnot,global,8,2,2,same_entangling_gate_count,1,6,RZ,2,44,layer_001_wire_006_RZ,3,4.3734452835988255e-18,6.5267338248333055e-34,2.1073479599758048e-17,1.0
random_bp,expectation_value,bcw_8q_random_bp,hea,RX_RY_RZ_CNOT,none,linear,cnot,global,8,2,2,same_entangling_gate_count,1,7,RX,0,45,layer_001_wire_007_RX,3,0.002747764759577132,0.000525152839688139,0.015349724095676332,0.0
random_bp,expectation_value,bcw_8q_random_bp,hea,RX_RY_RZ_CNOT,none,linear,cnot,global,8,2,2,same_entangling_gate_count,1,7,RY,1,46,layer_001_wire_007_RY,3,-0.004422667323433495,4.364609321866827e-05,0.006160502127916236,0.0
random_bp,expectation_value,bcw_8q_random_bp,hea,RX_RY_RZ_CNOT,none,linear,cnot,global,8,2,2,same_entangling_gate_count,1,7,RZ,2,47,layer_001_wire_007_RZ,3,6.20197344561624e-18,2.1046878806015427e-35,6.201973445616239e-18,1.0
random_bp,expectation_value,bcw_8q_random_bp,hea,RX_RY_RZ_CNOT,none,circular,cnot,global,8,2,2,same_entangling_gate_count,0,0,RX,0,0,layer_000_wire_000_RX,3,0.0030593202375187555,0.0002589341780757624,0.010827807779406224,0.0
random_bp,expectation_value,bcw_8q_random_bp,hea,RX_RY_RZ_CNOT,none,circular,cnot,global,8,2,2,same_entangling_gate_count,0,0,RY,1,1,layer_000_wire_000_RY,3,0.0007928980321061039,1.4481043552473745e-05,0.002843765381276594,0.0
random_bp,expectation_value,bcw_8q_random_bp,hea,RX_RY_RZ_CNOT,none,circular,cnot,global,8,2,2,same_entangling_gate_count,0,0,RZ,2,2,layer_000_wire_000_RZ,3,0.0026852223855016195,0.00031233595407087695,0.01190603247830721,0.0
random_bp,expectation_value,bcw_8q_random_bp,hea,RX_RY_RZ_CNOT,none,circular,cnot,global,8,2,2,same_entangling_gate_count,0,1,RX,0,3,layer_000_wire_001_RX,3,0.008660401958616625,7.585634756012617e-05,0.008660401958616627,0.0
random_bp,expectation_value,bcw_8q_random_bp,hea,RX_RY_RZ_CNOT,none,circular,cnot,global,8,2,2,same_entangling_gate_count,0,1,RY,1,4,layer_000_wire_001_RY,3,0.0014330441392522448,1.6995848812647108e-05,0.0036432681993541654,0.0
random_bp,expectation_value,bcw_8q_random_bp,hea,RX_RY_RZ_CNOT,none,circular,cnot,global,8,2,2,same_entangling_gate_count,0,1,RZ,2,5,layer_000_wire_001_RZ,3,-0.00781268776822813,6.317912001420841e-05,0.00781268776822813,0.0
random_bp,expectation_value,bcw_8q_random_bp,hea,RX_RY_RZ_CNOT,none,circular,cnot,global,8,2,2,same_entangling_gate_count,0,2,RX,0,6,layer_000_wire_002_RX,3,0.02886901875724057,0.0005695105737483343,0.02886901875724057,0.0
random_bp,expectation_value,bcw_8q_random_bp,hea,RX_RY_RZ_CNOT,none,circular,cnot,global,8,2,2,same_entangling_gate_count,0,2,RY,1,7,layer_000_wire_002_RY,3,-0.0021332823708993497,0.0003017553190825097,0.012610588593640754,0.0
random_bp,expectation_value,bcw_8q_random_bp,hea,RX_RY_RZ_CNOT,none,circular,cnot,global,8,2,2,same_entangling_gate_count,0,2,RZ,2,8,layer_000_wire_002_RZ,3,0.004823154332468053,0.0029784967290981826,0.03856843009568267,0.0
random_bp,expectation_value,bcw_8q_random_bp,hea,RX_RY_RZ_CNOT,none,circular,cnot,global,8,2,2,same_entangling_gate_count,0,3,RX,0,9,layer_000_wire_003_RX,3,-0.01257578126459751,0.0007128436908119217,0.016256349395173703,0.0
random_bp,expectation_value,bcw_8q_random_bp,hea,RX_RY_RZ_CNOT,none,circular,cnot,global,8,2,2,same_entangling_gate_count,0,3,RY,1,10,layer_000_wire_003_RY,3,0.00042554175363192833,0.00023163864880643603,0.010383273281223465,0.0
random_bp,expectation_value,bcw_8q_random_bp,hea,RX_RY_RZ_CNOT,none,circular,cnot,global,8,2,2,same_entangling_gate_count,0,3,RZ,2,11,layer_000_wire_003_RZ,3,0.006790014559105828,0.0010719693500376747,0.021487280341864232,0.0
random_bp,expectation_value,bcw_8q_random_bp,hea,RX_RY_RZ_CNOT,none,circular,cnot,global,8,2,2,same_entangling_gate_count,0,4,RX,0,12,layer_000_wire_004_RX,3,0.015372806990511526,0.0005102632965793452,0.015483654389317432,0.0
random_bp,expectation_value,bcw_8q_random_bp,hea,RX_RY_RZ_CNOT,none,circular,cnot,global,8,2,2,same_entangling_gate_count,0,4,RY,1,13,layer_000_wire_004_RY,3,-0.008811561154771861,0.0003832114066248053,0.012260042564564588,0.0
random_bp,expectation_value,bcw_8q_random_bp,hea,RX_RY_RZ_CNOT,none,circular,cnot,global,8,2,2,same_entangling_gate_count,0,4,RZ,2,14,layer_000_wire_004_RZ,3,0.005799128856269355,6.459529791143032e-05,0.005814878148046438,0.0
random_bp,expectation_value,bcw_8q_random_bp,hea,RX_RY_RZ_CNOT,none,circular,cnot,global,8,2,2,same_entangling_gate_count,0,5,RX,0,15,layer_000_wire_005_RX,3,-0.005916699951696103,0.0003423527590989354,0.013454190242574526,0.0
random_bp,expectation_value,bcw_8q_random_bp,hea,RX_RY_RZ_CNOT,none,circular,cnot,global,8,2,2,same_entangling_gate_count,0,5,RY,1,16,layer_000_wire_005_RY,3,0.007121080350574538,1.136003531356948e-05,0.007121080350574539,0.0
random_bp,expectation_value,bcw_8q_random_bp,hea,RX_RY_RZ_CNOT,none,circular,cnot,global,8,2,2,same_entangling_gate_count,0,5,RZ,2,17,layer_000_wire_005_RZ,3,-0.0071100355801848375,3.8450161337086804e-05,0.0071100355801848375,0.0
random_bp,expectation_value,bcw_8q_random_bp,hea,RX_RY_RZ_CNOT,none,circular,cnot,global,8,2,2,same_entangling_gate_count,0,6,RX,0,18,layer_000_wire_006_RX,3,0.015675240096342212,2.8329640710813407e-05,0.015675240096342212,0.0
random_bp,expectation_value,bcw_8q_random_bp,hea,RX_RY_RZ_CNOT,none,circular,cnot,global,8,2,2,same_entangling_gate_count,0,6,RY,1,19,layer_000_wire_006_RY,3,-0.009744714861876277,0.0001056024646609926,0.01005880891395498,0.0
random_bp,expectation_value,bcw_8q_random_bp,hea,RX_RY_RZ_CNOT,none,circular,cnot,global,8,2,2,same_entangling_gate_count,0,6,RZ,2,20,layer_000_wire_006_RZ,3,0.019812305895278114,0.00010623181705472331,0.019812305895278114,0.0
random_bp,expectation_value,bcw_8q_random_bp,hea,RX_RY_RZ_CNOT,none,circular,cnot,global,8,2,2,same_entangling_gate_count,0,7,RX,0,21,layer_000_wire_007_RX,3,0.01065683155982845,0.0015561568177306895,0.025968982946908678,0.0
random_bp,expectation_value,bcw_8q_random_bp,hea,RX_RY_RZ_CNOT,none,circular,cnot,global,8,2,2,same_entangling_gate_count,0,7,RY,1,22,layer_000_wire_007_RY,3,0.0006206195357661736,1.7236896542571887e-06,0.0008037515418175039,0.0
random_bp,expectation_value,bcw_8q_random_bp,hea,RX_RY_RZ_CNOT,none,circular,cnot,global,8,2,2,same_entangling_gate_count,0,7,RZ,2,23,layer_000_wire_007_RZ,3,-0.003827488208426169,0.0007867096514132518,0.01894270525877299,0.0
random_bp,expectation_value,bcw_8q_random_bp,hea,RX_RY_RZ_CNOT,none,circular,cnot,global,8,2,2,same_entangling_gate_count,1,0,RX,0,24,layer_001_wire_000_RX,3,-0.0017438531520762262,8.115475047706465e-07,0.001743853152076226,0.0
random_bp,expectation_value,bcw_8q_random_bp,hea,RX_RY_RZ_CNOT,none,circular,cnot,global,8,2,2,same_entangling_gate_count,1,0,RY,1,25,layer_001_wire_000_RY,3,0.0005156408647341258,0.0005811983785900224,0.017485345817415964,0.0
random_bp,expectation_value,bcw_8q_random_bp,hea,RX_RY_RZ_CNOT,none,circular,cnot,global,8,2,2,same_entangling_gate_count,1,0,RZ,2,26,layer_001_wire_000_RZ,3,2.9193665576805983e-18,4.590530133555677e-34,1.5499406538530435e-17,1.0
random_bp,expectation_value,bcw_8q_random_bp,hea,RX_RY_RZ_CNOT,none,circular,cnot,global,8,2,2,same_entangling_gate_count,1,1,RX,0,27,layer_001_wire_001_RX,3,-1.8648277366750676e-17,1.275364350868149e-33,2.1250362580715887e-17,1.0
random_bp,expectation_value,bcw_8q_random_bp,hea,RX_RY_RZ_CNOT,none,circular,cnot,global,8,2,2,same_entangling_gate_count,1,1,RY,1,28,layer_001_wire_001_RY,3,-1.0119220276531376e-17,9.753468460222792e-35,1.0119220276531374e-17,1.0
random_bp,expectation_value,bcw_8q_random_bp,hea,RX_RY_RZ_CNOT,none,circular,cnot,global,8,2,2,same_entangling_gate_count,1,1,RZ,2,29,layer_001_wire_001_RZ,3,-1.9968730940952827e-17,1.2954713736913852e-33,2.817727278527618e-17,1.0
random_bp,expectation_value,bcw_8q_random_bp,hea,RX_RY_RZ_CNOT,none,circular,cnot,global,8,2,2,same_entangling_gate_count,1,2,RX,0,30,layer_001_wire_002_RX,3,0.002725746655879422,8.811163454213175e-05,0.006181804614932435,0.0
random_bp,expectation_value,bcw_8q_random_bp,hea,RX_RY_RZ_CNOT,none,circular,cnot,global,8,2,2,same_entangling_gate_count,1,2,RY,1,31,layer_001_wire_002_RY,3,0.01573020384345882,0.0006816725276347322,0.02185533872672674,0.0
random_bp,expectation_value,bcw_8q_random_bp,hea,RX_RY_RZ_CNOT,none,circular,cnot,global,8,2,2,same_entangling_gate_count,1,2,RZ,2,32,layer_001_wire_002_RZ,3,1.9477986042199552e-17,6.817406330881799e-34,2.1844332688423384e-17,1.0
random_bp,expectation_value,bcw_8q_random_bp,hea,RX_RY_RZ_CNOT,none,circular,cnot,global,8,2,2,same_entangling_gate_count,1,3,RX,0,33,layer_001_wire_003_RX,3,-7.228014483236694e-19,1.4091512812497363e-33,2.8189256484623115e-17,1.0
random_bp,expectation_value,bcw_8q_random_bp,hea,RX_RY_RZ_CNOT,none,circular,cnot,global,8,2,2,same_entangling_gate_count,1,3,RY,1,34,layer_001_wire_003_RY,3,-1.1853943752508183e-17,3.7269440224270902e-34,1.2576745200831851e-17,1.0
random_bp,expectation_value,bcw_8q_random_bp,hea,RX_RY_RZ_CNOT,none,circular,cnot,global,8,2,2,same_entangling_gate_count,1,3,RZ,2,35,layer_001_wire_003_RZ,3,-1.3275268388596514e-17,2.8114868901447394e-34,1.4638929279938533e-17,1.0
random_bp,expectation_value,bcw_8q_random_bp,hea,RX_RY_RZ_CNOT,none,circular,cnot,global,8,2,2,same_entangling_gate_count,1,4,RX,0,36,layer_001_wire_004_RX,3,0.0021555194854663085,1.8089152885766905e-05,0.0025553322339895127,0.0
random_bp,expectation_value,bcw_8q_random_bp,hea,RX_RY_RZ_CNOT,none,circular,cnot,global,8,2,2,same_entangling_gate_count,1,4,RY,1,37,layer_001_wire_004_RY,3,-0.005917565870763508,0.0015253132758623862,0.026026016317340642,0.0
random_bp,expectation_value,bcw_8q_random_bp,hea,RX_RY_RZ_CNOT,none,circular,cnot,global,8,2,2,same_entangling_gate_count,1,4,RZ,2,38,layer_001_wire_004_RZ,3,6.181622577839959e-18,4.692348099591827e-34,1.4803668911204546e-17,1.0
random_bp,expectation_value,bcw_8q_random_bp,hea,RX_RY_RZ_CNOT,none,circular,cnot,global,8,2,2,same_entangling_gate_count,1,5,RX,0,39,layer_001_wire_005_RX,3,5.059610138265688e-18,5.428589644677434e-34,1.5757071573456e-17,1.0
random_bp,expectation_value,bcw_8q_random_bp,hea,RX_RY_RZ_CNOT,none,circular,cnot,global,8,2,2,same_entangling_gate_count,1,5,RY,1,40,layer_001_wire_005_RY,3,2.891205793294678e-19,2.137205462375028e-34,1.0408340855860843e-17,1.0
random_bp,expectation_value,bcw_8q_random_bp,hea,RX_RY_RZ_CNOT,none,circular,cnot,global,8,2,2,same_entangling_gate_count,1,5,RZ,2,41,layer_001_wire_005_RZ,3,-4.590290945928153e-18,6.569959683281873e-35,7.769544922295489e-18,1.0
random_bp,expectation_value,bcw_8q_random_bp,hea,RX_RY_RZ_CNOT,none,circular,cnot,global,8,2,2,same_entangling_gate_count,1,6,RX,0,42,layer_001_wire_006_RX,3,-0.0008751704591904693,5.327630282172915e-06,0.001513051104367181,0.0
random_bp,expectation_value,bcw_8q_random_bp,hea,RX_RY_RZ_CNOT,none,circular,cnot,global,8,2,2,same_entangling_gate_count,1,6,RY,1,43,layer_001_wire_006_RY,3,-0.01812907277312924,0.0006937956833212468,0.01812907277312924,0.0
random_bp,expectation_value,bcw_8q_random_bp,hea,RX_RY_RZ_CNOT,none,circular,cnot,global,8,2,2,same_entangling_gate_count,1,6,RZ,2,44,layer_001_wire_006_RZ,3,5.002635470347035e-18,1.0064375288413785e-33,2.4067153386514018e-17,1.0
random_bp,expectation_value,bcw_8q_random_bp,hea,RX_RY_RZ_CNOT,none,circular,cnot,global,8,2,2,same_entangling_gate_count,1,7,RX,0,45,layer_001_wire_007_RX,3,-3.7947076036992655e-19,2.3688268284183032e-34,1.0751671543814586e-17,1.0
random_bp,expectation_value,bcw_8q_random_bp,hea,RX_RY_RZ_CNOT,none,circular,cnot,global,8,2,2,same_entangling_gate_count,1,7,RY,1,46,layer_001_wire_007_RY,3,-1.7166534397687148e-18,4.322478847912431e-34,1.6389522840739208e-17,1.0
random_bp,expectation_value,bcw_8q_random_bp,hea,RX_RY_RZ_CNOT,none,circular,cnot,global,8,2,2,same_entangling_gate_count,1,7,RZ,2,47,layer_001_wire_007_RZ,3,-1.6783075657414347e-18,9.194850324352975e-35,6.725165324944536e-18,1.0
random_bp,expectation_value,bcw_8q_random_bp,hea,RX_RY_RZ_CNOT,none,linear,cnot,hamiltonian_local,8,2,2,same_entangling_gate_count,0,0,RX,0,0,layer_000_wire_000_RX,3,0.005580721161010724,8.874991954224133e-05,0.0072258626181387715,0.0
random_bp,expectation_value,bcw_8q_random_bp,hea,RX_RY_RZ_CNOT,none,linear,cnot,hamiltonian_local,8,2,2,same_entangling_gate_count,0,0,RY,1,1,layer_000_wire_000_RY,3,-0.002702996041509907,0.00030554652279640536,0.012285451952485421,0.0
random_bp,expectation_value,bcw_8q_random_bp,hea,RX_RY_RZ_CNOT,none,linear,cnot,hamiltonian_local,8,2,2,same_entangling_gate_count,0,0,RZ,2,2,layer_000_wire_000_RZ,3,-1.4623416387296713e-17,6.740886901511916e-34,1.7216660457376095e-17,1.0
random_bp,expectation_value,bcw_8q_random_bp,hea,RX_RY_RZ_CNOT,none,linear,cnot,hamiltonian_local,8,2,2,same_entangling_gate_count,0,1,RX,0,3,layer_000_wire_001_RX,3,0.008599339936119568,0.004908380023737671,0.05299339967355313,0.0
random_bp,expectation_value,bcw_8q_random_bp,hea,RX_RY_RZ_CNOT,none,linear,cnot,hamiltonian_local,8,2,2,same_entangling_gate_count,0,1,RY,1,4,layer_000_wire_001_RY,3,0.0071106720283598615,0.0005274279970953021,0.015308263154218878,0.0
random_bp,expectation_value,bcw_8q_random_bp,hea,RX_RY_RZ_CNOT,none,linear,cnot,hamiltonian_local,8,2,2,same_entangling_gate_count,0,1,RZ,2,5,layer_000_wire_001_RZ,3,-0.004120698368174563,0.003105643052367637,0.041067565310698474,0.0
random_bp,expectation_value,bcw_8q_random_bp,hea,RX_RY_RZ_CNOT,none,linear,cnot,hamiltonian_local,8,2,2,same_entangling_gate_count,0,2,RX,0,6,layer_000_wire_002_RX,3,0.017915575686393587,0.0003806477055768509,0.017915575686393587,0.0
random_bp,expectation_value,bcw_8q_random_bp,hea,RX_RY_RZ_CNOT,none,linear,cnot,hamiltonian_local,8,2,2,same_entangling_gate_count,0,2,RY,1,7,layer_000_wire_002_RY,3,-0.0015797328609697973,5.399418127572212e-06,0.0022149714084968583,0.0
random_bp,expectation_value,bcw_8q_random_bp,hea,RX_RY_RZ_CNOT,none,linear,cnot,hamiltonian_local,8,2,2,same_entangling_gate_count,0,2,RZ,2,8,layer_000_wire_002_RZ,3,0.006897940399644375,0.00025652120116779163,0.010317327190246098,0.0
random_bp,expectation_value,bcw_8q_random_bp,hea,RX_RY_RZ_CNOT,none,linear,cnot,hamiltonian_local,8,2,2,same_entangling_gate_count,0,3,RX,0,9,layer_000_wire_003_RX,3,0.020500017732535847,0.0009130339747850207,0.02812337521246233,0.0
random_bp,expectation_value,bcw_8q_random_bp,hea,RX_RY_RZ_CNOT,none,linear,cnot,hamiltonian_local,8,2,2,same_entangling_gate_count,0,3,RY,1,10,layer_000_wire_003_RY,3,0.011156620444015056,0.0017104203124032836,0.02720095557623875,0.0
random_bp,expectation_value,bcw_8q_random_bp,hea,RX_RY_RZ_CNOT,none,linear,cnot,hamiltonian_local,8,2,2,same_entangling_gate_count,0,3,RZ,2,11,layer_000_wire_003_RZ,3,0.015389910143020751,0.0019300373965534024,0.03300838009812812,0.0
random_bp,expectation_value,bcw_8q_random_bp,hea,RX_RY_RZ_CNOT,none,linear,cnot,hamiltonian_local,8,2,2,same_entangling_gate_count,0,4,RX,0,12,layer_000_wire_004_RX,3,-0.013741194233015189,7.94308122289457e-05,0.013741194233015189,0.0
random_bp,expectation_value,bcw_8q_random_bp,hea,RX_RY_RZ_CNOT,none,linear,cnot,hamiltonian_local,8,2,2,same_entangling_gate_count,0,4,RY,1,13,layer_000_wire_004_RY,3,0.0037633639651014385,7.177876662090975e-05,0.006449509781720656,0.0
random_bp,expectation_value,bcw_8q_random_bp,hea,RX_RY_RZ_CNOT,none,linear,cnot,hamiltonian_local,8,2,2,same_entangling_gate_count,0,4,RZ,2,14,layer_000_wire_004_RZ,3,0.005066036936004735,8.909475501525169e-05,0.00572398038812751,0.0
random_bp,expectation_value,bcw_8q_random_bp,hea,RX_RY_RZ_CNOT,none,linear,cnot,hamiltonian_local,8,2,2,same_entangling_gate_count,0,5,RX,0,15,layer_000_wire_005_RX,3,-0.05082863022444834,5.263216529910484e-05,0.050828630224448335,0.0
random_bp,expectation_value,bcw_8q_random_bp,hea,RX_RY_RZ_CNOT,none,linear,cnot,hamiltonian_local,8,2,2,same_entangling_gate_count,0,5,RY,1,16,layer_000_wire_005_RY,3,-0.015581243973536333,0.0011088507999077906,0.030030004666612736,0.0
random_bp,expectation_value,bcw_8q_random_bp,hea,RX_RY_RZ_CNOT,none,linear,cnot,hamiltonian_local,8,2,2,same_entangling_gate_count,0,5,RZ,2,17,layer_000_wire_005_RZ,3,0.001376953279133503,0.003987271443241566,0.04591737676488852,0.0
random_bp,expectation_value,bcw_8q_random_bp,hea,RX_RY_RZ_CNOT,none,linear,cnot,hamiltonian_local,8,2,2,same_entangling_gate_count,0,6,RX,0,18,layer_000_wire_006_RX,3,0.008037534468159972,0.0024375181824034583,0.034446276288183704,0.0
random_bp,expectation_value,bcw_8q_random_bp,hea,RX_RY_RZ_CNOT,none,linear,cnot,hamiltonian_local,8,2,2,same_entangling_gate_count,0,6,RY,1,19,layer_000_wire_006_RY,3,0.010742834983446768,0.00011261474035642633,0.010742834983446768,0.0
random_bp,expectation_value,bcw_8q_random_bp,hea,RX_RY_RZ_CNOT,none,linear,cnot,hamiltonian_local,8,2,2,same_entangling_gate_count,0,6,RZ,2,20,layer_000_wire_006_RZ,3,-0.006416479118755203,0.004532434649774455,0.0479239356441793,0.0
random_bp,expectation_value,bcw_8q_random_bp,hea,RX_RY_RZ_CNOT,none,linear,cnot,hamiltonian_local,8,2,2,same_entangling_gate_count,0,7,RX,0,21,layer_000_wire_007_RX,3,-0.023831876177826405,9.502888787220784e-05,0.023831876177826405,0.0
random_bp,expectation_value,bcw_8q_random_bp,hea,RX_RY_RZ_CNOT,none,linear,cnot,hamiltonian_local,8,2,2,same_entangling_gate_count,0,7,RY,1,22,layer_000_wire_007_RY,3,-0.0038803453866292008,0.0010282971678186135,0.022196799520524713,0.0
random_bp,expectation_value,bcw_8q_random_bp,hea,RX_RY_RZ_CNOT,none,linear,cnot,hamiltonian_local,8,2,2,same_entangling_gate_count,0,7,RZ,2,23,layer_000_wire_007_RZ,3,-0.03897305494941096,0.008112108939856337,0.05634243736133055,0.0
random_bp,expectation_value,bcw_8q_random_bp,hea,RX_RY_RZ_CNOT,none,linear,cnot,hamiltonian_local,8,2,2,same_entangling_gate_count,1,0,RX,0,24,layer_001_wire_000_RX,3,0.0,1.925929944387236e-34,9.25185853854297e-18,1.0
random_bp,expectation_value,bcw_8q_random_bp,hea,RX_RY_RZ_CNOT,none,linear,cnot,hamiltonian_local,8,2,2,same_entangling_gate_count,1,0,RY,1,25,layer_001_wire_000_RY,3,-8.673617379884035e-18,8.516221472837309e-34,1.9081958235744878e-17,1.0
random_bp,expectation_value,bcw_8q_random_bp,hea,RX_RY_RZ_CNOT,none,linear,cnot,hamiltonian_local,8,2,2,same_entangling_gate_count,1,0,RZ,2,26,layer_001_wire_000_RZ,3,-1.1985164133247792e-17,1.9597012256719588e-34,1.4583097309293306e-17,1.0
random_bp,expectation_value,bcw_8q_random_bp,hea,RX_RY_RZ_CNOT,none,linear,cnot,hamiltonian_local,8,2,2,same_entangling_gate_count,1,1,RX,0,27,layer_001_wire_001_RX,3,-0.009643942085896504,0.0003087853295419369,0.011066927067085853,0.0
random_bp,expectation_value,bcw_8q_random_bp,hea,RX_RY_RZ_CNOT,none,linear,cnot,hamiltonian_local,8,2,2,same_entangling_gate_count,1,1,RY,1,28,layer_001_wire_001_RY,3,-0.03522339523985066,0.0007916798544924502,0.03522339523985066,0.0
random_bp,expectation_value,bcw_8q_random_bp,hea,RX_RY_RZ_CNOT,none,linear,cnot,hamiltonian_local,8,2,2,same_entangling_gate_count,1,1,RZ,2,29,layer_001_wire_001_RZ,3,1.6018961523765363e-17,1.09081042791682e-33,2.2476604152741995e-17,1.0
random_bp,expectation_value,bcw_8q_random_bp,hea,RX_RY_RZ_CNOT,none,linear,cnot,hamiltonian_local,8,2,2,same_entangling_gate_count,1,2,RX,0,30,layer_001_wire_002_RX,3,-0.009724676689799754,0.0002787201864251414,0.010089306269065514,0.0
random_bp,expectation_value,bcw_8q_random_bp,hea,RX_RY_RZ_CNOT,none,linear,cnot,hamiltonian_local,8,2,2,same_entangling_gate_count,1,2,RY,1,31,layer_001_wire_002_RY,3,-0.07630187499000136,0.00010597567359131077,0.07630187499000136,0.0
random_bp,expectation_value,bcw_8q_random_bp,hea,RX_RY_RZ_CNOT,none,linear,cnot,hamiltonian_local,8,2,2,same_entangling_gate_count,1,2,RZ,2,32,layer_001_wire_002_RZ,3,-1.406057866061278e-17,8.965361578205968e-34,2.0477474167683386e-17,1.0
random_bp,expectation_value,bcw_8q_random_bp,hea,RX_RY_RZ_CNOT,none,linear,cnot,hamiltonian_local,8,2,2,same_entangling_gate_count,1,3,RX,0,33,layer_001_wire_003_RX,3,9.657559002327944e-05,4.36050368054816e-08,0.00018654885002948365,0.0
random_bp,expectation_value,bcw_8q_random_bp,hea,RX_RY_RZ_CNOT,none,linear,cnot,hamiltonian_local,8,2,2,same_entangling_gate_count,1,3,RY,1,34,layer_001_wire_003_RY,3,0.025061498966271228,0.010906283793552926,0.08708594324931411,0.0
random_bp,expectation_value,bcw_8q_random_bp,hea,RX_RY_RZ_CNOT,none,linear,cnot,hamiltonian_local,8,2,2,same_entangling_gate_count,1,3,RZ,2,35,layer_001_wire_003_RZ,3,1.2400542258130068e-17,5.147995200476954e-34,1.5815442755994308e-17,1.0
random_bp,expectation_value,bcw_8q_random_bp,hea,RX_RY_RZ_CNOT,none,linear,cnot,hamiltonian_local,8,2,2,same_entangling_gate_count,1,4,RX,0,36,layer_001_wire_004_RX,3,1.6413427041019e-05,4.424651308429701e-10,1.958309664399528e-05,0.0
random_bp,expectation_value,bcw_8q_random_bp,hea,RX_RY_RZ_CNOT,none,linear,cnot,hamiltonian_local,8,2,2,same_entangling_gate_count,1,4,RY,1,37,layer_001_wire_004_RY,3,-0.022876704605652796,0.005140672977118928,0.061643143086525,0.0
random_bp,expectation_value,bcw_8q_random_bp,hea,RX_RY_RZ_CNOT,none,linear,cnot,hamiltonian_local,8,2,2,same_entangling_gate_count,1,4,RZ,2,38,layer_001_wire_004_RZ,3,4.829425774868803e-18,6.432551539106252e-35,5.798860384207787e-18,1.0
random_bp,expectation_value,bcw_8q_random_bp,hea,RX_RY_RZ_CNOT,none,linear,cnot,hamiltonian_local,8,2,2,same_entangling_gate_count,1,5,RX,0,39,layer_001_wire_005_RX,3,3.007257228815688e-06,1.2581753659280022e-09,2.6616656878175257e-05,0.0
random_bp,expectation_value,bcw_8q_random_bp,hea,RX_RY_RZ_CNOT,none,linear,cnot,hamiltonian_local,8,2,2,same_entangling_gate_count,1,5,RY,1,40,layer_001_wire_005_RY,3,-0.0016910036803778747,0.0009488810484953932,0.02259529589812813,0.0
random_bp,expectation_value,bcw_8q_random_bp,hea,RX_RY_RZ_CNOT,none,linear,cnot,hamiltonian_local,8,2,2,same_entangling_gate_count,1,5,RZ,2,41,layer_001_wire_005_RZ,3,1.819280781508636e-17,3.9108425842491655e-34,1.821685213848369e-17,1.0
random_bp,expectation_value,bcw_8q_random_bp,hea,RX_RY_RZ_CNOT,none,linear,cnot,hamiltonian_local,8,2,2,same_entangling_gate_count,1,6,RX,0,42,layer_001_wire_006_RX,3,1.3197250883860654e-05,2.5363702889352415e-10,1.3197250883860654e-05,0.3333333333333333
random_bp,expectation_value,bcw_8q_random_bp,hea,RX_RY_RZ_CNOT,none,linear,cnot,hamiltonian_local,8,2,2,same_entangling_gate_count,1,6,RY,1,43,layer_001_wire_006_RY,3,0.007138995467415593,0.00016122814512112274,0.0077227996299004354,0.0
random_bp,expectation_value,bcw_8q_random_bp,hea,RX_RY_RZ_CNOT,none,linear,cnot,hamiltonian_local,8,2,2,same_entangling_gate_count,1,6,RZ,2,44,layer_001_wire_006_RZ,3,9.389927098093211e-18,5.357220321806225e-34,1.4681820604778522e-17,1.0
random_bp,expectation_value,bcw_8q_random_bp,hea,RX_RY_RZ_CNOT,none,linear,cnot,hamiltonian_local,8,2,2,same_entangling_gate_count,1,7,RX,0,45,layer_001_wire_007_RX,3,3.185766165270717e-06,4.06405944522461e-11,3.843641323844482e-06,0.6666666666666666
random_bp,expectation_value,bcw_8q_random_bp,hea,RX_RY_RZ_CNOT,none,linear,cnot,hamiltonian_local,8,2,2,same_entangling_gate_count,1,7,RY,1,46,layer_001_wire_007_RY,3,-7.059857107374022e-05,0.0002974509577520976,0.01269992819198155,0.0
random_bp,expectation_value,bcw_8q_random_bp,hea,RX_RY_RZ_CNOT,none,linear,cnot,hamiltonian_local,8,2,2,same_entangling_gate_count,1,7,RZ,2,47,layer_001_wire_007_RZ,3,-4.566849117677931e-18,7.708781924674804e-34,2.1273482807795012e-17,1.0
random_bp,expectation_value,bcw_8q_random_bp,hea,RX_RY_RZ_CNOT,none,circular,cnot,hamiltonian_local,8,2,2,same_entangling_gate_count,0,0,RX,0,0,layer_000_wire_000_RX,3,0.02950935070384876,0.0026074140126438085,0.030392707024556914,0.0
random_bp,expectation_value,bcw_8q_random_bp,hea,RX_RY_RZ_CNOT,none,circular,cnot,hamiltonian_local,8,2,2,same_entangling_gate_count,0,0,RY,1,1,layer_000_wire_000_RY,3,0.001460946371028178,8.309692551957943e-06,0.0018585198042960192,0.0
random_bp,expectation_value,bcw_8q_random_bp,hea,RX_RY_RZ_CNOT,none,circular,cnot,hamiltonian_local,8,2,2,same_entangling_gate_count,0,0,RZ,2,2,layer_000_wire_000_RZ,3,0.030551523192458546,0.0024615077010543664,0.030551523192458546,0.0
random_bp,expectation_value,bcw_8q_random_bp,hea,RX_RY_RZ_CNOT,none,circular,cnot,hamiltonian_local,8,2,2,same_entangling_gate_count,0,1,RX,0,3,layer_000_wire_001_RX,3,0.011850056216196218,0.0003164978036147579,0.012348113052846029,0.0
random_bp,expectation_value,bcw_8q_random_bp,hea,RX_RY_RZ_CNOT,none,circular,cnot,hamiltonian_local,8,2,2,same_entangling_gate_count,0,1,RY,1,4,layer_000_wire_001_RY,3,0.01610769606459999,0.0002157316344035103,0.01610769606459999,0.0
random_bp,expectation_value,bcw_8q_random_bp,hea,RX_RY_RZ_CNOT,none,circular,cnot,hamiltonian_local,8,2,2,same_entangling_gate_count,0,1,RZ,2,5,layer_000_wire_001_RZ,3,-0.009724042894260668,0.00031881766896773293,0.010581024144410605,0.0
random_bp,expectation_value,bcw_8q_random_bp,hea,RX_RY_RZ_CNOT,none,circular,cnot,hamiltonian_local,8,2,2,same_entangling_gate_count,0,2,RX,0,6,layer_000_wire_002_RX,3,0.0010700918076914662,0.000727768465289792,0.018425761977633227,0.0
random_bp,expectation_value,bcw_8q_random_bp,hea,RX_RY_RZ_CNOT,none,circular,cnot,hamiltonian_local,8,2,2,same_entangling_gate_count,0,2,RY,1,7,layer_000_wire_002_RY,3,0.017931030314053836,0.0005742066317703321,0.017931030314053836,0.0
random_bp,expectation_value,bcw_8q_random_bp,hea,RX_RY_RZ_CNOT,none,circular,cnot,hamiltonian_local,8,2,2,same_entangling_gate_count,0,2,RZ,2,8,layer_000_wire_002_RZ,3,-0.014549837952737104,0.002587868784758582,0.03313706997626831,0.0
random_bp,expectation_value,bcw_8q_random_bp,hea,RX_RY_RZ_CNOT,none,circular,cnot,hamiltonian_local,8,2,2,same_entangling_gate_count,0,3,RX,0,9,layer_000_wire_003_RX,3,0.015340632443244857,0.0010719560969277286,0.024133450006397952,0.0
random_bp,expectation_value,bcw_8q_random_bp,hea,RX_RY_RZ_CNOT,none,circular,cnot,hamiltonian_local,8,2,2,same_entangling_gate_count,0,3,RY,1,10,layer_000_wire_003_RY,3,0.005482052147157631,0.002543224641545573,0.033945317388702385,0.0
random_bp,expectation_value,bcw_8q_random_bp,hea,RX_RY_RZ_CNOT,none,circular,cnot,hamiltonian_local,8,2,2,same_entangling_gate_count,0,3,RZ,2,11,layer_000_wire_003_RZ,3,0.020083520282475825,0.001509641178481084,0.02998809392460855,0.0
random_bp,expectation_value,bcw_8q_random_bp,hea,RX_RY_RZ_CNOT,none,circular,cnot,hamiltonian_local,8,2,2,same_entangling_gate_count,0,4,RX,0,12,layer_000_wire_004_RX,3,-0.017549837739885818,1.6189621671343483e-05,0.017549837739885818,0.0
random_bp,expectation_value,bcw_8q_random_bp,hea,RX_RY_RZ_CNOT,none,circular,cnot,hamiltonian_local,8,2,2,same_entangling_gate_count,0,4,RY,1,13,layer_000_wire_004_RY,3,0.002558294083249135,3.089606472336663e-05,0.005119476132899485,0.0
random_bp,expectation_value,bcw_8q_random_bp,hea,RX_RY_RZ_CNOT,none,circular,cnot,hamiltonian_local,8,2,2,same_entangling_gate_count,0,4,RZ,2,14,layer_000_wire_004_RZ,3,0.0093779983401304,4.7727124970006185e-05,0.0093779983401304,0.0
random_bp,expectation_value,bcw_8q_random_bp,hea,RX_RY_RZ_CNOT,none,circular,cnot,hamiltonian_local,8,2,2,same_entangling_gate_count,0,5,RX,0,15,layer_000_wire_005_RX,3,-0.05013531907241803,6.086015861357152e-05,0.05013531907241803,0.0
random_bp,expectation_value,bcw_8q_random_bp,hea,RX_RY_RZ_CNOT,none,circular,cnot,hamiltonian_local,8,2,2,same_entangling_gate_count,0,5,RY,1,16,layer_000_wire_005_RY,3,-0.017158315693085048,0.0010375481755847038,0.029997779909610462,0.0
random_bp,expectation_value,bcw_8q_random_bp,hea,RX_RY_RZ_CNOT,none,circular,cnot,hamiltonian_local,8,2,2,same_entangling_gate_count,0,5,RZ,2,17,layer_000_wire_005_RZ,3,0.0032449129792050157,0.004154470703163973,0.04608037412632202,0.0
random_bp,expectation_value,bcw_8q_random_bp,hea,RX_RY_RZ_CNOT,none,circular,cnot,hamiltonian_local,8,2,2,same_entangling_gate_count,0,6,RX,0,18,layer_000_wire_006_RX,3,0.008094025293264601,0.0024978264891105583,0.034859387601043484,0.0
random_bp,expectation_value,bcw_8q_random_bp,hea,RX_RY_RZ_CNOT,none,circular,cnot,hamiltonian_local,8,2,2,same_entangling_gate_count,0,6,RY,1,19,layer_000_wire_006_RY,3,0.011096203542068752,0.00013229162622566254,0.01109620354206875,0.0
random_bp,expectation_value,bcw_8q_random_bp,hea,RX_RY_RZ_CNOT,none,circular,cnot,hamiltonian_local,8,2,2,same_entangling_gate_count,0,6,RZ,2,20,layer_000_wire_006_RZ,3,-0.00809893579393127,0.004923777134834148,0.04982803290620768,0.0
random_bp,expectation_value,bcw_8q_random_bp,hea,RX_RY_RZ_CNOT,none,circular,cnot,hamiltonian_local,8,2,2,same_entangling_gate_count,0,7,RX,0,21,layer_000_wire_007_RX,3,-0.01305953922957394,1.0457326455952679e-05,0.01305953922957394,0.0
random_bp,expectation_value,bcw_8q_random_bp,hea,RX_RY_RZ_CNOT,none,circular,cnot,hamiltonian_local,8,2,2,same_entangling_gate_count,0,7,RY,1,22,layer_000_wire_007_RY,3,0.0034166472488602537,0.0005467383556248815,0.01744510222792175,0.0
random_bp,expectation_value,bcw_8q_random_bp,hea,RX_RY_RZ_CNOT,none,circular,cnot,hamiltonian_local,8,2,2,same_entangling_gate_count,0,7,RZ,2,23,layer_000_wire_007_RZ,3,-0.041556205988603406,0.006265984092515272,0.0470732438992657,0.0
random_bp,expectation_value,bcw_8q_random_bp,hea,RX_RY_RZ_CNOT,none,circular,cnot,hamiltonian_local,8,2,2,same_entangling_gate_count,1,0,RX,0,24,layer_001_wire_000_RX,3,0.0005004759094793148,4.5517159402227915e-06,0.0014612937980495707,0.0
random_bp,expectation_value,bcw_8q_random_bp,hea,RX_RY_RZ_CNOT,none,circular,cnot,hamiltonian_local,8,2,2,same_entangling_gate_count,1,0,RY,1,25,layer_001_wire_000_RY,3,0.0037401972995643913,9.478717707389362e-05,0.006184860327028746,0.0
random_bp,expectation_value,bcw_8q_random_bp,hea,RX_RY_RZ_CNOT,none,circular,cnot,hamiltonian_local,8,2,2,same_entangling_gate_count,1,0,RZ,2,26,layer_001_wire_000_RZ,3,3.0226328577927754e-18,1.7603832409152813e-34,1.0835734755638588e-17,1.0
random_bp,expectation_value,bcw_8q_random_bp,hea,RX_RY_RZ_CNOT,none,circular,cnot,hamiltonian_local,8,2,2,same_entangling_gate_count,1,1,RX,0,27,layer_001_wire_001_RX,3,1.0842021724855044e-18,5.167473166214776e-35,5.71013144175699e-18,1.0
random_bp,expectation_value,bcw_8q_random_bp,hea,RX_RY_RZ_CNOT,none,circular,cnot,hamiltonian_local,8,2,2,same_entangling_gate_count,1,1,RY,1,28,layer_001_wire_001_RY,3,-2.8912057932946782e-18,1.3942930326553425e-34,9.830099697201907e-18,1.0
random_bp,expectation_value,bcw_8q_random_bp,hea,RX_RY_RZ_CNOT,none,circular,cnot,hamiltonian_local,8,2,2,same_entangling_gate_count,1,1,RZ,2,29,layer_001_wire_001_RZ,3,-3.66404615011365e-18,2.6127500154975487e-35,4.5511316034467205e-18,1.0
random_bp,expectation_value,bcw_8q_random_bp,hea,RX_RY_RZ_CNOT,none,circular,cnot,hamiltonian_local,8,2,2,same_entangling_gate_count,1,2,RX,0,30,layer_001_wire_002_RX,3,-0.014314676317498321,0.00022271092856625453,0.014702371290865037,0.0
random_bp,expectation_value,bcw_8q_random_bp,hea,RX_RY_RZ_CNOT,none,circular,cnot,hamiltonian_local,8,2,2,same_entangling_gate_count,1,2,RY,1,31,layer_001_wire_002_RY,3,-0.07617016155896118,0.00011074672529088897,0.07617016155896118,0.0
random_bp,expectation_value,bcw_8q_random_bp,hea,RX_RY_RZ_CNOT,none,circular,cnot,hamiltonian_local,8,2,2,same_entangling_gate_count,1,2,RZ,2,32,layer_001_wire_002_RZ,3,-8.709357728224175e-18,5.431804573919426e-35,8.709357728224175e-18,1.0
random_bp,expectation_value,bcw_8q_random_bp,hea,RX_RY_RZ_CNOT,none,circular,cnot,hamiltonian_local,8,2,2,same_entangling_gate_count,1,3,RX,0,33,layer_001_wire_003_RX,3,-0.004710627556172801,0.00011244151007215838,0.006537003052042503,0.0
random_bp,expectation_value,bcw_8q_random_bp,hea,RX_RY_RZ_CNOT,none,circular,cnot,hamiltonian_local,8,2,2,same_entangling_gate_count,1,3,RY,1,34,layer_001_wire_003_RY,3,0.02005582091817129,0.01300493414980098,0.09319867168113982,0.0
random_bp,expectation_value,bcw_8q_random_bp,hea,RX_RY_RZ_CNOT,none,circular,cnot,hamiltonian_local,8,2,2,same_entangling_gate_count,1,3,RZ,2,35,layer_001_wire_003_RZ,3,7.203578115867499e-18,7.399956805686652e-35,7.203578115867499e-18,1.0
random_bp,expectation_value,bcw_8q_random_bp,hea,RX_RY_RZ_CNOT,none,circular,cnot,hamiltonian_local,8,2,2,same_entangling_gate_count,1,4,RX,0,36,layer_001_wire_004_RX,3,-0.002708000030023823,8.044836749514113e-06,0.003029284000997673,0.0
random_bp,expectation_value,bcw_8q_random_bp,hea,RX_RY_RZ_CNOT,none,circular,cnot,hamiltonian_local,8,2,2,same_entangling_gate_count,1,4,RY,1,37,layer_001_wire_004_RY,3,-0.01853794475465471,0.004583876752549648,0.05688192555779379,0.0
random_bp,expectation_value,bcw_8q_random_bp,hea,RX_RY_RZ_CNOT,none,circular,cnot,hamiltonian_local,8,2,2,same_entangling_gate_count,1,4,RZ,2,38,layer_001_wire_004_RZ,3,1.1326479156543485e-18,2.0649721725112958e-35,3.7408185589125696e-18,1.0
random_bp,expectation_value,bcw_8q_random_bp,hea,RX_RY_RZ_CNOT,none,circular,cnot,hamiltonian_local,8,2,2,same_entangling_gate_count,1,5,RX,0,39,layer_001_wire_005_RX,3,0.0015231616623305308,2.265536036803428e-05,0.003097869489883063,0.0
random_bp,expectation_value,bcw_8q_random_bp,hea,RX_RY_RZ_CNOT,none,circular,cnot,hamiltonian_local,8,2,2,same_entangling_gate_count,1,5,RY,1,40,layer_001_wire_005_RY,3,-0.002769752874498682,0.0008718835076833826,0.021105080350506834,0.0
random_bp,expectation_value,bcw_8q_random_bp,hea,RX_RY_RZ_CNOT,none,circular,cnot,hamiltonian_local,8,2,2,same_entangling_gate_count,1,5,RZ,2,41,layer_001_wire_005_RZ,3,3.555113371898962e-18,5.402513908998885e-35,6.718704961776428e-18,1.0
random_bp,expectation_value,bcw_8q_random_bp,hea,RX_RY_RZ_CNOT,none,circular,cnot,hamiltonian_local,8,2,2,same_entangling_gate_count,1,6,RX,0,42,layer_001_wire_006_RX,3,-0.0008685919080239704,2.6869696778535358e-05,0.003424594551233539,0.0
random_bp,expectation_value,bcw_8q_random_bp,hea,RX_RY_RZ_CNOT,none,circular,cnot,hamiltonian_local,8,2,2,same_entangling_gate_count,1,6,RY,1,43,layer_001_wire_006_RY,3,0.010998679426147,0.00031544624070868783,0.010998679426146999,0.0
random_bp,expectation_value,bcw_8q_random_bp,hea,RX_RY_RZ_CNOT,none,circular,cnot,hamiltonian_local,8,2,2,same_entangling_gate_count,1,6,RZ,2,44,layer_001_wire_006_RZ,3,-1.3883293080270482e-17,5.685327427022981e-35,1.3883293080270482e-17,1.0
random_bp,expectation_value,bcw_8q_random_bp,hea,RX_RY_RZ_CNOT,none,circular,cnot,hamiltonian_local,8,2,2,same_entangling_gate_count,1,7,RX,0,45,layer_001_wire_007_RX,3,-0.0019023676371211808,7.2256555126775684e-06,0.0019023676371211808,0.0
random_bp,expectation_value,bcw_8q_random_bp,hea,RX_RY_RZ_CNOT,none,circular,cnot,hamiltonian_local,8,2,2,same_entangling_gate_count,1,7,RY,1,46,layer_001_wire_007_RY,3,-0.007056374833047086,0.00016960186654220842,0.011951704521745302,0.0
random_bp,expectation_value,bcw_8q_random_bp,hea,RX_RY_RZ_CNOT,none,circular,cnot,hamiltonian_local,8,2,2,same_entangling_gate_count,1,7,RZ,2,47,layer_001_wire_007_RZ,3,4.141761177443316e-18,4.3793104935749696e-36,4.141761177443316e-18,1.0
random_bp,expectation_value,bcw_8q_random_bp,hea,RX_RY_RZ_CNOT,none,linear,cnot,local,8,4,4,same_entangling_gate_count,0,0,RX,0,0,layer_000_wire_000_RX,3,0.03349607242496808,0.0005879805560765742,0.03349607242496808,0.0
random_bp,expectation_value,bcw_8q_random_bp,hea,RX_RY_RZ_CNOT,none,linear,cnot,local,8,4,4,same_entangling_gate_count,0,0,RY,1,1,layer_000_wire_000_RY,3,0.0037607215535263813,0.00011140781286605916,0.006855507866007633,0.0
random_bp,expectation_value,bcw_8q_random_bp,hea,RX_RY_RZ_CNOT,none,linear,cnot,local,8,4,4,same_entangling_gate_count,0,0,RZ,2,2,layer_000_wire_000_RZ,3,0.009608247871103983,0.0006725477262764577,0.022269667245471487,0.0
random_bp,expectation_value,bcw_8q_random_bp,hea,RX_RY_RZ_CNOT,none,linear,cnot,local,8,4,4,same_entangling_gate_count,0,1,RX,0,3,layer_000_wire_001_RX,3,0.018001262051751486,0.0003342152474289727,0.01960299370688055,0.0
random_bp,expectation_value,bcw_8q_random_bp,hea,RX_RY_RZ_CNOT,none,linear,cnot,local,8,4,4,same_entangling_gate_count,0,1,RY,1,4,layer_000_wire_001_RY,3,-0.02247496890658874,0.005074044913139783,0.056640762299218,0.0
random_bp,expectation_value,bcw_8q_random_bp,hea,RX_RY_RZ_CNOT,none,linear,cnot,local,8,4,4,same_entangling_gate_count,0,1,RZ,2,5,layer_000_wire_001_RZ,3,-0.004272172988673533,0.0006836390577596964,0.018376463646613425,0.0
random_bp,expectation_value,bcw_8q_random_bp,hea,RX_RY_RZ_CNOT,none,linear,cnot,local,8,4,4,same_entangling_gate_count,0,2,RX,0,6,layer_000_wire_002_RX,3,-0.020864916567449265,0.005095800525908987,0.0544280372612076,0.0
random_bp,expectation_value,bcw_8q_random_bp,hea,RX_RY_RZ_CNOT,none,linear,cnot,local,8,4,4,same_entangling_gate_count,0,2,RY,1,7,layer_000_wire_002_RY,3,0.019600085569754448,0.0001441195796730026,0.019600085569754445,0.0
random_bp,expectation_value,bcw_8q_random_bp,hea,RX_RY_RZ_CNOT,none,linear,cnot,local,8,4,4,same_entangling_gate_count,0,2,RZ,2,8,layer_000_wire_002_RZ,3,-0.0634359061483675,0.001519093041685351,0.06343590614836749,0.0
random_bp,expectation_value,bcw_8q_random_bp,hea,RX_RY_RZ_CNOT,none,linear,cnot,local,8,4,4,same_entangling_gate_count,0,3,RX,0,9,layer_000_wire_003_RX,3,-0.007768802386470179,0.000847918291403876,0.019597574884816185,0.0
random_bp,expectation_value,bcw_8q_random_bp,hea,RX_RY_RZ_CNOT,none,linear,cnot,local,8,4,4,same_entangling_gate_count,0,3,RY,1,10,layer_000_wire_003_RY,3,0.011474478547641397,0.000532021848065865,0.014180642583848104,0.0
random_bp,expectation_value,bcw_8q_random_bp,hea,RX_RY_RZ_CNOT,none,linear,cnot,local,8,4,4,same_entangling_gate_count,0,3,RZ,2,11,layer_000_wire_003_RZ,3,0.013822623032201399,0.0005440067862235638,0.017859809591151406,0.0
random_bp,expectation_value,bcw_8q_random_bp,hea,RX_RY_RZ_CNOT,none,linear,cnot,local,8,4,4,same_entangling_gate_count,0,4,RX,0,12,layer_000_wire_004_RX,3,0.006228543509747984,0.0001989428446097467,0.011980364695442216,0.0
random_bp,expectation_value,bcw_8q_random_bp,hea,RX_RY_RZ_CNOT,none,linear,cnot,local,8,4,4,same_entangling_gate_count,0,4,RY,1,13,layer_000_wire_004_RY,3,-0.0012389692329626383,0.0003555564746066805,0.014881442255143191,0.0
random_bp,expectation_value,bcw_8q_random_bp,hea,RX_RY_RZ_CNOT,none,linear,cnot,local,8,4,4,same_entangling_gate_count,0,4,RZ,2,14,layer_000_wire_004_RZ,3,-0.0059255434210540355,5.400541155676018e-05,0.007549002433207094,0.0
random_bp,expectation_value,bcw_8q_random_bp,hea,RX_RY_RZ_CNOT,none,linear,cnot,local,8,4,4,same_entangling_gate_count,0,5,RX,0,15,layer_000_wire_005_RX,3,0.0024516967969633865,1.321032903137778e-05,0.003527911654019103,0.0
random_bp,expectation_value,bcw_8q_random_bp,hea,RX_RY_RZ_CNOT,none,linear,cnot,local,8,4,4,same_entangling_gate_count,0,5,RY,1,16,layer_000_wire_005_RY,3,-0.0014740518126509644,1.4074674441384523e-05,0.003122268475529544,0.0
random_bp,expectation_value,bcw_8q_random_bp,hea,RX_RY_RZ_CNOT,none,linear,cnot,local,8,4,4,same_entangling_gate_count,0,5,RZ,2,17,layer_000_wire_005_RZ,3,0.0011202775990376973,7.763252270413586e-06,0.0017643542440542992,0.0
random_bp,expectation_value,bcw_8q_random_bp,hea,RX_RY_RZ_CNOT,none,linear,cnot,local,8,4,4,same_entangling_gate_count,0,6,RX,0,18,layer_000_wire_006_RX,3,-0.004134058796424314,2.0243645646152704e-05,0.004500672763212914,0.0
random_bp,expectation_value,bcw_8q_random_bp,hea,RX_RY_RZ_CNOT,none,linear,cnot,local,8,4,4,same_entangling_gate_count,0,6,RY,1,19,layer_000_wire_006_RY,3,-0.0034272319332613126,1.4398947795611156e-05,0.0034272319332613126,0.0
random_bp,expectation_value,bcw_8q_random_bp,hea,RX_RY_RZ_CNOT,none,linear,cnot,local,8,4,4,same_entangling_gate_count,0,6,RZ,2,20,layer_000_wire_006_RZ,3,-0.0011908975461689332,2.266428636688067e-05,0.0031829023640744924,0.0
random_bp,expectation_value,bcw_8q_random_bp,hea,RX_RY_RZ_CNOT,none,linear,cnot,local,8,4,4,same_entangling_gate_count,0,7,RX,0,21,layer_000_wire_007_RX,3,-0.0033762493403839285,4.088543773277902e-05,0.004130936197720609,0.0
random_bp,expectation_value,bcw_8q_random_bp,hea,RX_RY_RZ_CNOT,none,linear,cnot,local,8,4,4,same_entangling_gate_count,0,7,RY,1,22,layer_000_wire_007_RY,3,-0.0022496458983488933,7.07746148919004e-05,0.005859635245312492,0.0
random_bp,expectation_value,bcw_8q_random_bp,hea,RX_RY_RZ_CNOT,none,linear,cnot,local,8,4,4,same_entangling_gate_count,0,7,RZ,2,23,layer_000_wire_007_RZ,3,0.00549992550619012,3.693911522566757e-05,0.005571559347178313,0.0
random_bp,expectation_value,bcw_8q_random_bp,hea,RX_RY_RZ_CNOT,none,linear,cnot,local,8,4,4,same_entangling_gate_count,1,0,RX,0,24,layer_001_wire_000_RX,3,-0.0074617780391113935,0.001844058905141729,0.029148117065304225,0.0
random_bp,expectation_value,bcw_8q_random_bp,hea,RX_RY_RZ_CNOT,none,linear,cnot,local,8,4,4,same_entangling_gate_count,1,0,RY,1,25,layer_001_wire_000_RY,3,0.024581429581080033,0.0001445039438701421,0.024581429581080033,0.0
random_bp,expectation_value,bcw_8q_random_bp,hea,RX_RY_RZ_CNOT,none,linear,cnot,local,8,4,4,same_entangling_gate_count,1,0,RZ,2,26,layer_001_wire_000_RZ,3,0.03676985224556799,0.0011207505127421836,0.03799651274363652,0.0
random_bp,expectation_value,bcw_8q_random_bp,hea,RX_RY_RZ_CNOT,none,linear,cnot,local,8,4,4,same_entangling_gate_count,1,1,RX,0,27,layer_001_wire_001_RX,3,0.046082457736387944,0.0012136730800125996,0.046082457736387944,0.0
random_bp,expectation_value,bcw_8q_random_bp,hea,RX_RY_RZ_CNOT,none,linear,cnot,local,8,4,4,same_entangling_gate_count,1,1,RY,1,28,layer_001_wire_001_RY,3,-0.013794686937500921,6.4059379360946495e-06,0.01379468693750092,0.0
random_bp,expectation_value,bcw_8q_random_bp,hea,RX_RY_RZ_CNOT,none,linear,cnot,local,8,4,4,same_entangling_gate_count,1,1,RZ,2,29,layer_001_wire_001_RZ,3,-0.0032774126209135328,0.003873614666045722,0.04681862469251924,0.0
random_bp,expectation_value,bcw_8q_random_bp,hea,RX_RY_RZ_CNOT,none,linear,cnot,local,8,4,4,same_entangling_gate_count,1,2,RX,0,30,layer_001_wire_002_RX,3,-0.0005355325308709323,0.0015140886865445606,0.028287363907377044,0.0
random_bp,expectation_value,bcw_8q_random_bp,hea,RX_RY_RZ_CNOT,none,linear,cnot,local,8,4,4,same_entangling_gate_count,1,2,RY,1,31,layer_001_wire_002_RY,3,0.012975059064258006,2.7515031145141916e-05,0.012975059064258006,0.0
random_bp,expectation_value,bcw_8q_random_bp,hea,RX_RY_RZ_CNOT,none,linear,cnot,local,8,4,4,same_entangling_gate_count,1,2,RZ,2,32,layer_001_wire_002_RZ,3,0.010596247938132942,0.0006242350395868826,0.022765089234845316,0.0
random_bp,expectation_value,bcw_8q_random_bp,hea,RX_RY_RZ_CNOT,none,linear,cnot,local,8,4,4,same_entangling_gate_count,1,3,RX,0,33,layer_001_wire_003_RX,3,0.0030373210177099264,0.0002939778394377507,0.013190341723912457,0.0
random_bp,expectation_value,bcw_8q_random_bp,hea,RX_RY_RZ_CNOT,none,linear,cnot,local,8,4,4,same_entangling_gate_count,1,3,RY,1,34,layer_001_wire_003_RY,3,-0.0021535547562490155,2.8055003684041622e-05,0.003532682701123799,0.0
random_bp,expectation_value,bcw_8q_random_bp,hea,RX_RY_RZ_CNOT,none,linear,cnot,local,8,4,4,same_entangling_gate_count,1,3,RZ,2,35,layer_001_wire_003_RZ,3,0.019314193187174172,9.000811690573368e-05,0.019314193187174172,0.0
random_bp,expectation_value,bcw_8q_random_bp,hea,RX_RY_RZ_CNOT,none,linear,cnot,local,8,4,4,same_entangling_gate_count,1,4,RX,0,36,layer_001_wire_004_RX,3,0.0009666008268156764,0.0002954233597587348,0.013380552623273713,0.0
random_bp,expectation_value,bcw_8q_random_bp,hea,RX_RY_RZ_CNOT,none,linear,cnot,local,8,4,4,same_entangling_gate_count,1,4,RY,1,37,layer_001_wire_004_RY,3,0.005969245791791917,0.00012821333711173025,0.010578373534751358,0.0
random_bp,expectation_value,bcw_8q_random_bp,hea,RX_RY_RZ_CNOT,none,linear,cnot,local,8,4,4,same_entangling_gate_count,1,4,RZ,2,38,layer_001_wire_004_RZ,3,-0.0004029628304238961,0.0004563500059239692,0.016559960060983252,0.0
random_bp,expectation_value,bcw_8q_random_bp,hea,RX_RY_RZ_CNOT,none,linear,cnot,local,8,4,4,same_entangling_gate_count,1,5,RX,0,39,layer_001_wire_005_RX,3,-0.0106727058769512,5.67316636318431e-05,0.010672705876951199,0.0
random_bp,expectation_value,bcw_8q_random_bp,hea,RX_RY_RZ_CNOT,none,linear,cnot,local,8,4,4,same_entangling_gate_count,1,5,RY,1,40,layer_001_wire_005_RY,3,-0.004693337993162098,9.710102070196842e-05,0.006007553608939222,0.0
random_bp,expectation_value,bcw_8q_random_bp,hea,RX_RY_RZ_CNOT,none,linear,cnot,local,8,4,4,same_entangling_gate_count,1,5,RZ,2,41,layer_001_wire_005_RZ,3,0.007497302400505935,1.9585982683491427e-05,0.007497302400505936,0.0
random_bp,expectation_value,bcw_8q_random_bp,hea,RX_RY_RZ_CNOT,none,linear,cnot,local,8,4,4,same_entangling_gate_count,1,6,RX,0,42,layer_001_wire_006_RX,3,-0.0024978557866134005,8.972326138756331e-05,0.007222516101127238,0.0
random_bp,expectation_value,bcw_8q_random_bp,hea,RX_RY_RZ_CNOT,none,linear,cnot,local,8,4,4,same_entangling_gate_count,1,6,RY,1,43,layer_001_wire_006_RY,3,0.002191301916606447,3.893386918711069e-05,0.005107673669173152,0.0
random_bp,expectation_value,bcw_8q_random_bp,hea,RX_RY_RZ_CNOT,none,linear,cnot,local,8,4,4,same_entangling_gate_count,1,6,RZ,2,44,layer_001_wire_006_RZ,3,-0.009718988226089737,5.61810798325098e-05,0.009718988226089737,0.0
random_bp,expectation_value,bcw_8q_random_bp,hea,RX_RY_RZ_CNOT,none,linear,cnot,local,8,4,4,same_entangling_gate_count,1,7,RX,0,45,layer_001_wire_007_RX,3,0.002621641895865699,6.485785494286405e-05,0.0056657553306238085,0.0
random_bp,expectation_value,bcw_8q_random_bp,hea,RX_RY_RZ_CNOT,none,linear,cnot,local,8,4,4,same_entangling_gate_count,1,7,RY,1,46,layer_001_wire_007_RY,3,-7.017125680704129e-06,5.298054051109797e-05,0.005528384800289707,0.0
random_bp,expectation_value,bcw_8q_random_bp,hea,RX_RY_RZ_CNOT,none,linear,cnot,local,8,4,4,same_entangling_gate_count,1,7,RZ,2,47,layer_001_wire_007_RZ,3,-0.001111602864692337,9.753671694816736e-06,0.002030976591728988,0.0
random_bp,expectation_value,bcw_8q_random_bp,hea,RX_RY_RZ_CNOT,none,linear,cnot,local,8,4,4,same_entangling_gate_count,2,0,RX,0,48,layer_002_wire_000_RX,3,0.04024793922540874,0.00047659749472559224,0.04024793922540874,0.0
random_bp,expectation_value,bcw_8q_random_bp,hea,RX_RY_RZ_CNOT,none,linear,cnot,local,8,4,4,same_entangling_gate_count,2,0,RY,1,49,layer_002_wire_000_RY,3,0.00011897305952923362,0.0009671231100862856,0.022057085035350102,0.0
random_bp,expectation_value,bcw_8q_random_bp,hea,RX_RY_RZ_CNOT,none,linear,cnot,local,8,4,4,same_entangling_gate_count,2,0,RZ,2,50,layer_002_wire_000_RZ,3,0.012314657098245554,0.002100810526557914,0.037105174295307394,0.0
random_bp,expectation_value,bcw_8q_random_bp,hea,RX_RY_RZ_CNOT,none,linear,cnot,local,8,4,4,same_entangling_gate_count,2,1,RX,0,51,layer_002_wire_001_RX,3,-0.035819792724664526,0.0014502053324879133,0.03581979272466453,0.0
random_bp,expectation_value,bcw_8q_random_bp,hea,RX_RY_RZ_CNOT,none,linear,cnot,local,8,4,4,same_entangling_gate_count,2,1,RY,1,52,layer_002_wire_001_RY,3,-0.032645745305737855,0.000829721209527072,0.032645745305737855,0.0
random_bp,expectation_value,bcw_8q_random_bp,hea,RX_RY_RZ_CNOT,none,linear,cnot,local,8,4,4,same_entangling_gate_count,2,1,RZ,2,53,layer_002_wire_001_RZ,3,-0.019071382571347127,0.0006062913120675389,0.024939173144643997,0.0
random_bp,expectation_value,bcw_8q_random_bp,hea,RX_RY_RZ_CNOT,none,linear,cnot,local,8,4,4,same_entangling_gate_count,2,2,RX,0,54,layer_002_wire_002_RX,3,-0.005944009834917339,0.002007142171582839,0.0315644085913091,0.0
random_bp,expectation_value,bcw_8q_random_bp,hea,RX_RY_RZ_CNOT,none,linear,cnot,local,8,4,4,same_entangling_gate_count,2,2,RY,1,55,layer_002_wire_002_RY,3,-0.00751896163463901,3.5381273723220934e-05,0.00751896163463901,0.0
random_bp,expectation_value,bcw_8q_random_bp,hea,RX_RY_RZ_CNOT,none,linear,cnot,local,8,4,4,same_entangling_gate_count,2,2,RZ,2,56,layer_002_wire_002_RZ,3,-0.012702578392854545,0.0034510250445257294,0.03962216117397319,0.0
random_bp,expectation_value,bcw_8q_random_bp,hea,RX_RY_RZ_CNOT,none,linear,cnot,local,8,4,4,same_entangling_gate_count,2,3,RX,0,57,layer_002_wire_003_RX,3,0.00565036715501994,0.00016329522597248054,0.01077249732515829,0.0
random_bp,expectation_value,bcw_8q_random_bp,hea,RX_RY_RZ_CNOT,none,linear,cnot,local,8,4,4,same_entangling_gate_count,2,3,RY,1,58,layer_002_wire_003_RY,3,0.0026237613645939744,0.00012674025379433423,0.007458294163107977,0.0
random_bp,expectation_value,bcw_8q_random_bp,hea,RX_RY_RZ_CNOT,none,linear,cnot,local,8,4,4,same_entangling_gate_count,2,3,RZ,2,59,layer_002_wire_003_RZ,3,0.00373720270333617,5.8784031730758596e-05,0.00714133379986364,0.0
random_bp,expectation_value,bcw_8q_random_bp,hea,RX_RY_RZ_CNOT,none,linear,cnot,local,8,4,4,same_entangling_gate_count,2,4,RX,0,60,layer_002_wire_004_RX,3,0.006295647192171496,0.00018829241032692747,0.011968553375159627,0.0
random_bp,expectation_value,bcw_8q_random_bp,hea,RX_RY_RZ_CNOT,none,linear,cnot,local,8,4,4,same_entangling_gate_count,2,4,RY,1,61,layer_002_wire_004_RY,3,-0.0060947705158323675,6.746437436344596e-06,0.006094770515832367,0.0
random_bp,expectation_value,bcw_8q_random_bp,hea,RX_RY_RZ_CNOT,none,linear,cnot,local,8,4,4,same_entangling_gate_count,2,4,RZ,2,62,layer_002_wire_004_RZ,3,0.010881900381861787,0.00010328979221021712,0.010881900381861787,0.0
random_bp,expectation_value,bcw_8q_random_bp,hea,RX_RY_RZ_CNOT,none,linear,cnot,local,8,4,4,same_entangling_gate_count,2,5,RX,0,63,layer_002_wire_005_RX,3,-0.0015099101289194048,4.6070198996014e-06,0.0015672167387721266,0.0
random_bp,expectation_value,bcw_8q_random_bp,hea,RX_RY_RZ_CNOT,none,linear,cnot,local,8,4,4,same_entangling_gate_count,2,5,RY,1,64,layer_002_wire_005_RY,3,0.007582137961815532,4.089288063590452e-05,0.007582137961815532,0.0
random_bp,expectation_value,bcw_8q_random_bp,hea,RX_RY_RZ_CNOT,none,linear,cnot,local,8,4,4,same_entangling_gate_count,2,5,RZ,2,65,layer_002_wire_005_RZ,3,-0.008458089736104176,9.955682047358575e-05,0.009642042304814897,0.0
random_bp,expectation_value,bcw_8q_random_bp,hea,RX_RY_RZ_CNOT,none,linear,cnot,local,8,4,4,same_entangling_gate_count,2,6,RX,0,66,layer_002_wire_006_RX,3,-0.0009497721543255816,1.0462422614199264e-05,0.0021202691967697287,0.0
random_bp,expectation_value,bcw_8q_random_bp,hea,RX_RY_RZ_CNOT,none,linear,cnot,local,8,4,4,same_entangling_gate_count,2,6,RY,1,67,layer_002_wire_006_RY,3,0.0020040314937995684,2.286482286199284e-05,0.004120974215563237,0.0
random_bp,expectation_value,bcw_8q_random_bp,hea,RX_RY_RZ_CNOT,none,linear,cnot,local,8,4,4,same_entangling_gate_count,2,6,RZ,2,68,layer_002_wire_006_RZ,3,0.0015646232879612098,4.473304979236271e-05,0.005059161775730014,0.0
random_bp,expectation_value,bcw_8q_random_bp,hea,RX_RY_RZ_CNOT,none,linear,cnot,local,8,4,4,same_entangling_gate_count,2,7,RX,0,69,layer_002_wire_007_RX,3,0.00015021465531603329,2.8361876870451275e-05,0.0037027610943919285,0.0
random_bp,expectation_value,bcw_8q_random_bp,hea,RX_RY_RZ_CNOT,none,linear,cnot,local,8,4,4,same_entangling_gate_count,2,7,RY,1,70,layer_002_wire_007_RY,3,0.0034465424749649267,1.5090493365465596e-05,0.0035548540161746468,0.0
random_bp,expectation_value,bcw_8q_random_bp,hea,RX_RY_RZ_CNOT,none,linear,cnot,local,8,4,4,same_entangling_gate_count,2,7,RZ,2,71,layer_002_wire_007_RZ,3,-0.0032339096485452684,9.79939218090393e-06,0.0032339096485452684,0.0
random_bp,expectation_value,bcw_8q_random_bp,hea,RX_RY_RZ_CNOT,none,linear,cnot,local,8,4,4,same_entangling_gate_count,3,0,RX,0,72,layer_003_wire_000_RX,3,0.00490969632127602,0.0007600161525898204,0.0227418806690604,0.0
random_bp,expectation_value,bcw_8q_random_bp,hea,RX_RY_RZ_CNOT,none,linear,cnot,local,8,4,4,same_entangling_gate_count,3,0,RY,1,73,layer_003_wire_000_RY,3,0.021228271669283198,0.004425757432413483,0.056766666019793084,0.0
random_bp,expectation_value,bcw_8q_random_bp,hea,RX_RY_RZ_CNOT,none,linear,cnot,local,8,4,4,same_entangling_gate_count,3,0,RZ,2,74,layer_003_wire_000_RZ,3,-9.439490205929774e-18,7.949746239469712e-34,2.304986419724497e-17,1.0
random_bp,expectation_value,bcw_8q_random_bp,hea,RX_RY_RZ_CNOT,none,linear,cnot,local,8,4,4,same_entangling_gate_count,3,1,RX,0,75,layer_003_wire_001_RX,3,-0.014717992925949656,0.0011186792433167338,0.030456893556371118,0.0
random_bp,expectation_value,bcw_8q_random_bp,hea,RX_RY_RZ_CNOT,none,linear,cnot,local,8,4,4,same_entangling_gate_count,3,1,RY,1,76,layer_003_wire_001_RY,3,-0.00976635940941765,0.0003188225266782897,0.012452854125648302,0.0
random_bp,expectation_value,bcw_8q_random_bp,hea,RX_RY_RZ_CNOT,none,linear,cnot,local,8,4,4,same_entangling_gate_count,3,1,RZ,2,77,layer_003_wire_001_RZ,3,-7.552892700988401e-18,4.2755558542931595e-34,1.7295070787315442e-17,1.0
random_bp,expectation_value,bcw_8q_random_bp,hea,RX_RY_RZ_CNOT,none,linear,cnot,local,8,4,4,same_entangling_gate_count,3,2,RX,0,78,layer_003_wire_002_RX,3,0.019506728455468508,7.093028610769307e-05,0.019506728455468508,0.0
random_bp,expectation_value,bcw_8q_random_bp,hea,RX_RY_RZ_CNOT,none,linear,cnot,local,8,4,4,same_entangling_gate_count,3,2,RY,1,79,layer_003_wire_002_RY,3,-0.009208379353023053,0.0002433722345707091,0.014122289049063033,0.0
random_bp,expectation_value,bcw_8q_random_bp,hea,RX_RY_RZ_CNOT,none,linear,cnot,local,8,4,4,same_entangling_gate_count,3,2,RZ,2,80,layer_003_wire_002_RZ,3,4.918995077599927e-18,4.1130234425717546e-35,4.918995077599927e-18,1.0
random_bp,expectation_value,bcw_8q_random_bp,hea,RX_RY_RZ_CNOT,none,linear,cnot,local,8,4,4,same_entangling_gate_count,3,3,RX,0,81,layer_003_wire_003_RX,3,2.779797389391471e-05,7.480595879937e-05,0.00590135608218476,0.0
random_bp,expectation_value,bcw_8q_random_bp,hea,RX_RY_RZ_CNOT,none,linear,cnot,local,8,4,4,same_entangling_gate_count,3,3,RY,1,82,layer_003_wire_003_RY,3,-0.0021849697240145503,3.866507961366633e-05,0.004912506656588682,0.0
random_bp,expectation_value,bcw_8q_random_bp,hea,RX_RY_RZ_CNOT,none,linear,cnot,local,8,4,4,same_entangling_gate_count,3,3,RZ,2,83,layer_003_wire_003_RZ,3,1.7457581451893087e-17,2.4096261494477308e-34,1.7457581451893087e-17,1.0
random_bp,expectation_value,bcw_8q_random_bp,hea,RX_RY_RZ_CNOT,none,linear,cnot,local,8,4,4,same_entangling_gate_count,3,4,RX,0,84,layer_003_wire_004_RX,3,0.0018632462221275098,8.546924172595925e-05,0.006431691699066234,0.0
random_bp,expectation_value,bcw_8q_random_bp,hea,RX_RY_RZ_CNOT,none,linear,cnot,local,8,4,4,same_entangling_gate_count,3,4,RY,1,85,layer_003_wire_004_RY,3,-0.01140163786970545,0.00018480361718964185,0.012553211783329785,0.0
random_bp,expectation_value,bcw_8q_random_bp,hea,RX_RY_RZ_CNOT,none,linear,cnot,local,8,4,4,same_entangling_gate_count,3,4,RZ,2,86,layer_003_wire_004_RZ,3,-6.892525518151699e-19,7.245866666441638e-35,6.6975331701341684e-18,1.0
random_bp,expectation_value,bcw_8q_random_bp,hea,RX_RY_RZ_CNOT,none,linear,cnot,local,8,4,4,same_entangling_gate_count,3,5,RX,0,87,layer_003_wire_005_RX,3,-0.005156178919891292,5.065031966790704e-07,0.005156178919891292,0.0
random_bp,expectation_value,bcw_8q_random_bp,hea,RX_RY_RZ_CNOT,none,linear,cnot,local,8,4,4,same_entangling_gate_count,3,5,RY,1,88,layer_003_wire_005_RY,3,-0.006670922051132698,2.8282775803440527e-05,0.006670922051132698,0.0
random_bp,expectation_value,bcw_8q_random_bp,hea,RX_RY_RZ_CNOT,none,linear,cnot,local,8,4,4,same_entangling_gate_count,3,5,RZ,2,89,layer_003_wire_005_RZ,3,8.253706630284002e-19,7.522295772385485e-36,2.277319564523525e-18,1.0
random_bp,expectation_value,bcw_8q_random_bp,hea,RX_RY_RZ_CNOT,none,linear,cnot,local,8,4,4,same_entangling_gate_count,3,6,RX,0,90,layer_003_wire_006_RX,3,-0.0027148957914543215,0.00013560014971960885,0.007915904407940514,0.0
random_bp,expectation_value,bcw_8q_random_bp,hea,RX_RY_RZ_CNOT,none,linear,cnot,local,8,4,4,same_entangling_gate_count,3,6,RY,1,91,layer_003_wire_006_RY,3,-0.002496776761876836,1.4269231321694958e-06,0.002496776761876836,0.0
random_bp,expectation_value,bcw_8q_random_bp,hea,RX_RY_RZ_CNOT,none,linear,cnot,local,8,4,4,same_entangling_gate_count,3,6,RZ,2,92,layer_003_wire_006_RZ,3,1.2776903718677305e-17,2.6389488217933572e-34,1.2776903718677304e-17,1.0
random_bp,expectation_value,bcw_8q_random_bp,hea,RX_RY_RZ_CNOT,none,linear,cnot,local,8,4,4,same_entangling_gate_count,3,7,RX,0,93,layer_003_wire_007_RX,3,-0.0031464850464756667,1.2234136961176971e-05,0.0034197862956420453,0.0
random_bp,expectation_value,bcw_8q_random_bp,hea,RX_RY_RZ_CNOT,none,linear,cnot,local,8,4,4,same_entangling_gate_count,3,7,RY,1,94,layer_003_wire_007_RY,3,-0.0017120043527321211,3.473925053947232e-06,0.001992733095307702,0.0
random_bp,expectation_value,bcw_8q_random_bp,hea,RX_RY_RZ_CNOT,none,linear,cnot,local,8,4,4,same_entangling_gate_count,3,7,RZ,2,95,layer_003_wire_007_RZ,3,6.9634875198016e-18,2.1810485435382703e-34,9.375020947240941e-18,1.0
random_bp,expectation_value,bcw_8q_random_bp,hea,RX_RY_RZ_CNOT,none,circular,cnot,local,8,4,4,same_entangling_gate_count,0,0,RX,0,0,layer_000_wire_000_RX,3,0.0022404721580945985,6.254214450291895e-05,0.006747971125824558,0.0
random_bp,expectation_value,bcw_8q_random_bp,hea,RX_RY_RZ_CNOT,none,circular,cnot,local,8,4,4,same_entangling_gate_count,0,0,RY,1,1,layer_000_wire_000_RY,3,0.0013737492748835058,2.228525981195388e-05,0.003281974023931627,0.0
random_bp,expectation_value,bcw_8q_random_bp,hea,RX_RY_RZ_CNOT,none,circular,cnot,local,8,4,4,same_entangling_gate_count,0,0,RZ,2,2,layer_000_wire_000_RZ,3,-0.0015182715974138995,5.5841526771566765e-05,0.005719266416519156,0.0
random_bp,expectation_value,bcw_8q_random_bp,hea,RX_RY_RZ_CNOT,none,circular,cnot,local,8,4,4,same_entangling_gate_count,0,1,RX,0,3,layer_000_wire_001_RX,3,0.021814972310238146,3.598481166205601e-05,0.021814972310238146,0.0
random_bp,expectation_value,bcw_8q_random_bp,hea,RX_RY_RZ_CNOT,none,circular,cnot,local,8,4,4,same_entangling_gate_count,0,1,RY,1,4,layer_000_wire_001_RY,3,-0.0016683655958036822,8.26174259449318e-05,0.0064798374671076325,0.0
random_bp,expectation_value,bcw_8q_random_bp,hea,RX_RY_RZ_CNOT,none,circular,cnot,local,8,4,4,same_entangling_gate_count,0,1,RZ,2,5,layer_000_wire_001_RZ,3,-0.0025401713961560523,0.0005965970342168941,0.019648505628897087,0.0
random_bp,expectation_value,bcw_8q_random_bp,hea,RX_RY_RZ_CNOT,none,circular,cnot,local,8,4,4,same_entangling_gate_count,0,2,RX,0,6,layer_000_wire_002_RX,3,-0.00013215690233639454,3.0725947767837267e-06,0.0012777691300033484,0.0
random_bp,expectation_value,bcw_8q_random_bp,hea,RX_RY_RZ_CNOT,none,circular,cnot,local,8,4,4,same_entangling_gate_count,0,2,RY,1,7,layer_000_wire_002_RY,3,0.0022884520108551166,4.675137902593553e-05,0.0053594870967762194,0.0
random_bp,expectation_value,bcw_8q_random_bp,hea,RX_RY_RZ_CNOT,none,circular,cnot,local,8,4,4,same_entangling_gate_count,0,2,RZ,2,8,layer_000_wire_002_RZ,3,-0.0004797557157224649,0.0001693987402816459,0.009224053852452889,0.0
random_bp,expectation_value,bcw_8q_random_bp,hea,RX_RY_RZ_CNOT,none,circular,cnot,local,8,4,4,same_entangling_gate_count,0,3,RX,0,9,layer_000_wire_003_RX,3,0.0009644865187161001,2.570125038354342e-05,0.003791560765039378,0.0
random_bp,expectation_value,bcw_8q_random_bp,hea,RX_RY_RZ_CNOT,none,circular,cnot,local,8,4,4,same_entangling_gate_count,0,3,RY,1,10,layer_000_wire_003_RY,3,-0.0035975242306211293,0.0002823266872569382,0.011541466168186692,0.0
random_bp,expectation_value,bcw_8q_random_bp,hea,RX_RY_RZ_CNOT,none,circular,cnot,local,8,4,4,same_entangling_gate_count,0,3,RZ,2,11,layer_000_wire_003_RZ,3,-0.0015664740565284607,5.8232089707228795e-05,0.005511704059603539,0.0
random_bp,expectation_value,bcw_8q_random_bp,hea,RX_RY_RZ_CNOT,none,circular,cnot,local,8,4,4,same_entangling_gate_count,0,4,RX,0,12,layer_000_wire_004_RX,3,-0.0068224205362224415,0.00012796589220413152,0.010969551084839288,0.0
random_bp,expectation_value,bcw_8q_random_bp,hea,RX_RY_RZ_CNOT,none,circular,cnot,local,8,4,4,same_entangling_gate_count,0,4,RY,1,13,layer_000_wire_004_RY,3,-0.003648602791790946,1.0270191978287213e-05,0.0036656397929586576,0.0
random_bp,expectation_value,bcw_8q_random_bp,hea,RX_RY_RZ_CNOT,none,circular,cnot,local,8,4,4,same_entangling_gate_count,0,4,RZ,2,14,layer_000_wire_004_RZ,3,0.0008626562778597728,6.043259473052289e-05,0.0056714093640175154,0.0
random_bp,expectation_value,bcw_8q_random_bp,hea,RX_RY_RZ_CNOT,none,circular,cnot,local,8,4,4,same_entangling_gate_count,0,5,RX,0,15,layer_000_wire_005_RX,3,0.007929081306166841,0.0008405732591545131,0.02058705145757456,0.0
random_bp,expectation_value,bcw_8q_random_bp,hea,RX_RY_RZ_CNOT,none,circular,cnot,local,8,4,4,same_entangling_gate_count,0,5,RY,1,16,layer_000_wire_005_RY,3,0.0024387003761739256,0.0005178678124926323,0.01584966596320034,0.0
random_bp,expectation_value,bcw_8q_random_bp,hea,RX_RY_RZ_CNOT,none,circular,cnot,local,8,4,4,same_entangling_gate_count,0,5,RZ,2,17,layer_000_wire_005_RZ,3,-0.0065466952171072835,0.000811173793694735,0.01875377310551068,0.0
random_bp,expectation_value,bcw_8q_random_bp,hea,RX_RY_RZ_CNOT,none,circular,cnot,local,8,4,4,same_entangling_gate_count,0,6,RX,0,18,layer_000_wire_006_RX,3,-0.019440550749796198,5.3321156796140985e-05,0.019440550749796198,0.0
random_bp,expectation_value,bcw_8q_random_bp,hea,RX_RY_RZ_CNOT,none,circular,cnot,local,8,4,4,same_entangling_gate_count,0,6,RY,1,19,layer_000_wire_006_RY,3,-0.0015624273391124251,5.3690165498757354e-05,0.005273583691039057,0.0
random_bp,expectation_value,bcw_8q_random_bp,hea,RX_RY_RZ_CNOT,none,circular,cnot,local,8,4,4,same_entangling_gate_count,0,6,RZ,2,20,layer_000_wire_006_RZ,3,-0.005385472121554883,0.00023294888494296463,0.013324143637033367,0.0
random_bp,expectation_value,bcw_8q_random_bp,hea,RX_RY_RZ_CNOT,none,circular,cnot,local,8,4,4,same_entangling_gate_count,0,7,RX,0,21,layer_000_wire_007_RX,3,0.0047106951483701295,0.00029770739587640997,0.014683433156036723,0.0
random_bp,expectation_value,bcw_8q_random_bp,hea,RX_RY_RZ_CNOT,none,circular,cnot,local,8,4,4,same_entangling_gate_count,0,7,RY,1,22,layer_000_wire_007_RY,3,-0.00010174636757372905,0.00018795621370566945,0.01038324085588665,0.0
random_bp,expectation_value,bcw_8q_random_bp,hea,RX_RY_RZ_CNOT,none,circular,cnot,local,8,4,4,same_entangling_gate_count,0,7,RZ,2,23,layer_000_wire_007_RZ,3,0.01261702734148998,0.00040895408498220026,0.019516951689698855,0.0
random_bp,expectation_value,bcw_8q_random_bp,hea,RX_RY_RZ_CNOT,none,circular,cnot,local,8,4,4,same_entangling_gate_count,1,0,RX,0,24,layer_001_wire_000_RX,3,0.0010134391389436904,0.00018235199422041403,0.009959127480491395,0.0
random_bp,expectation_value,bcw_8q_random_bp,hea,RX_RY_RZ_CNOT,none,circular,cnot,local,8,4,4,same_entangling_gate_count,1,0,RY,1,25,layer_001_wire_000_RY,3,0.01653044390132135,0.00017037331038364243,0.016530443901321346,0.0
random_bp,expectation_value,bcw_8q_random_bp,hea,RX_RY_RZ_CNOT,none,circular,cnot,local,8,4,4,same_entangling_gate_count,1,0,RZ,2,26,layer_001_wire_000_RZ,3,-0.0005894811057493982,0.00011205894952274269,0.008237863099105654,0.0
random_bp,expectation_value,bcw_8q_random_bp,hea,RX_RY_RZ_CNOT,none,circular,cnot,local,8,4,4,same_entangling_gate_count,1,1,RX,0,27,layer_001_wire_001_RX,3,0.010153170843311642,1.3160540679452442e-05,0.010153170843311642,0.0
random_bp,expectation_value,bcw_8q_random_bp,hea,RX_RY_RZ_CNOT,none,circular,cnot,local,8,4,4,same_entangling_gate_count,1,1,RY,1,28,layer_001_wire_001_RY,3,-0.005117564674546933,0.00021846031042033938,0.011428677493368539,0.0
random_bp,expectation_value,bcw_8q_random_bp,hea,RX_RY_RZ_CNOT,none,circular,cnot,local,8,4,4,same_entangling_gate_count,1,1,RZ,2,29,layer_001_wire_001_RZ,3,0.0036655996261643147,0.00019898194028652132,0.012052910256220448,0.0
random_bp,expectation_value,bcw_8q_random_bp,hea,RX_RY_RZ_CNOT,none,circular,cnot,local,8,4,4,same_entangling_gate_count,1,2,RX,0,30,layer_001_wire_002_RX,3,-0.0030344987260672684,1.3779460342149323e-05,0.0037231793159265354,0.0
random_bp,expectation_value,bcw_8q_random_bp,hea,RX_RY_RZ_CNOT,none,circular,cnot,local,8,4,4,same_entangling_gate_count,1,2,RY,1,31,layer_001_wire_002_RY,3,-0.017595080221007343,0.0003439163319444119,0.019259503622214933,0.0
random_bp,expectation_value,bcw_8q_random_bp,hea,RX_RY_RZ_CNOT,none,circular,cnot,local,8,4,4,same_entangling_gate_count,1,2,RZ,2,32,layer_001_wire_002_RZ,3,-0.0026462079313589884,1.747965972147469e-05,0.0035036130395488447,0.0
random_bp,expectation_value,bcw_8q_random_bp,hea,RX_RY_RZ_CNOT,none,circular,cnot,local,8,4,4,same_entangling_gate_count,1,3,RX,0,33,layer_001_wire_003_RX,3,0.0027101290508482786,1.1491380225733462e-05,0.0027101290508482786,0.0
random_bp,expectation_value,bcw_8q_random_bp,hea,RX_RY_RZ_CNOT,none,circular,cnot,local,8,4,4,same_entangling_gate_count,1,3,RY,1,34,layer_001_wire_003_RY,3,-0.006379785643905419,7.288107659677526e-05,0.007945187282716218,0.0
random_bp,expectation_value,bcw_8q_random_bp,hea,RX_RY_RZ_CNOT,none,circular,cnot,local,8,4,4,same_entangling_gate_count,1,3,RZ,2,35,layer_001_wire_003_RZ,3,0.000857059107052418,0.00016001356867440512,0.008532088153303185,0.0
random_bp,expectation_value,bcw_8q_random_bp,hea,RX_RY_RZ_CNOT,none,circular,cnot,local,8,4,4,same_entangling_gate_count,1,4,RX,0,36,layer_001_wire_004_RX,3,-0.018504310870529807,0.0003513176650300157,0.018504310870529807,0.0
random_bp,expectation_value,bcw_8q_random_bp,hea,RX_RY_RZ_CNOT,none,circular,cnot,local,8,4,4,same_entangling_gate_count,1,4,RY,1,37,layer_001_wire_004_RY,3,-0.000322265258168549,0.00041594071284130725,0.015128040603374021,0.0
random_bp,expectation_value,bcw_8q_random_bp,hea,RX_RY_RZ_CNOT,none,circular,cnot,local,8,4,4,same_entangling_gate_count,1,4,RZ,2,38,layer_001_wire_004_RZ,3,0.0022550159302877973,0.00038459573967539705,0.01393750636182565,0.0
random_bp,expectation_value,bcw_8q_random_bp,hea,RX_RY_RZ_CNOT,none,circular,cnot,local,8,4,4,same_entangling_gate_count,1,5,RX,0,39,layer_001_wire_005_RX,3,0.011760471536653478,2.820897409507567e-05,0.011760471536653478,0.0
random_bp,expectation_value,bcw_8q_random_bp,hea,RX_RY_RZ_CNOT,none,circular,cnot,local,8,4,4,same_entangling_gate_count,1,5,RY,1,40,layer_001_wire_005_RY,3,0.002969621320980508,0.0002556834322510155,0.010862840850398047,0.0
random_bp,expectation_value,bcw_8q_random_bp,hea,RX_RY_RZ_CNOT,none,circular,cnot,local,8,4,4,same_entangling_gate_count,1,5,RZ,2,41,layer_001_wire_005_RZ,3,-0.01304040250692168,6.695528496508291e-05,0.013040402506921678,0.0
random_bp,expectation_value,bcw_8q_random_bp,hea,RX_RY_RZ_CNOT,none,circular,cnot,local,8,4,4,same_entangling_gate_count,1,6,RX,0,42,layer_001_wire_006_RX,3,-0.012877422026092947,0.0005508495733184521,0.01605810138120375,0.0
random_bp,expectation_value,bcw_8q_random_bp,hea,RX_RY_RZ_CNOT,none,circular,cnot,local,8,4,4,same_entangling_gate_count,1,6,RY,1,43,layer_001_wire_006_RY,3,-0.002026566324723818,0.0001557283377232643,0.008922040585578606,0.0
random_bp,expectation_value,bcw_8q_random_bp,hea,RX_RY_RZ_CNOT,none,circular,cnot,local,8,4,4,same_entangling_gate_count,1,6,RZ,2,44,layer_001_wire_006_RZ,3,-0.00651659988360157,0.0007471021745981417,0.01857028265958083,0.0
random_bp,expectation_value,bcw_8q_random_bp,hea,RX_RY_RZ_CNOT,none,circular,cnot,local,8,4,4,same_entangling_gate_count,1,7,RX,0,45,layer_001_wire_007_RX,3,-0.008801327885670417,9.097076836335815e-05,0.008801327885670418,0.0
random_bp,expectation_value,bcw_8q_random_bp,hea,RX_RY_RZ_CNOT,none,circular,cnot,local,8,4,4,same_entangling_gate_count,1,7,RY,1,46,layer_001_wire_007_RY,3,-0.002296941322808175,0.0005916006114703805,0.01879520396810736,0.0
random_bp,expectation_value,bcw_8q_random_bp,hea,RX_RY_RZ_CNOT,none,circular,cnot,local,8,4,4,same_entangling_gate_count,1,7,RZ,2,47,layer_001_wire_007_RZ,3,-0.00832552833161023,4.8323495695652044e-05,0.00832552833161023,0.0
random_bp,expectation_value,bcw_8q_random_bp,hea,RX_RY_RZ_CNOT,none,circular,cnot,local,8,4,4,same_entangling_gate_count,2,0,RX,0,48,layer_002_wire_000_RX,3,0.004569456927000025,3.1893800189691154e-05,0.004569456927000025,0.0
random_bp,expectation_value,bcw_8q_random_bp,hea,RX_RY_RZ_CNOT,none,circular,cnot,local,8,4,4,same_entangling_gate_count,2,0,RY,1,49,layer_002_wire_000_RY,3,-0.019857138194297148,0.0005505304911520542,0.024657022134886065,0.0
random_bp,expectation_value,bcw_8q_random_bp,hea,RX_RY_RZ_CNOT,none,circular,cnot,local,8,4,4,same_entangling_gate_count,2,0,RZ,2,50,layer_002_wire_000_RZ,3,-0.00380120610048385,1.7235750848850285e-05,0.004253106854350442,0.0
random_bp,expectation_value,bcw_8q_random_bp,hea,RX_RY_RZ_CNOT,none,circular,cnot,local,8,4,4,same_entangling_gate_count,2,1,RX,0,51,layer_002_wire_001_RX,3,0.00143318547859295,0.00011818588890493892,0.007859895214064942,0.0
random_bp,expectation_value,bcw_8q_random_bp,hea,RX_RY_RZ_CNOT,none,circular,cnot,local,8,4,4,same_entangling_gate_count,2,1,RY,1,52,layer_002_wire_001_RY,3,-0.007901115913468907,0.000170894253557678,0.012112834105042,0.0
random_bp,expectation_value,bcw_8q_random_bp,hea,RX_RY_RZ_CNOT,none,circular,cnot,local,8,4,4,same_entangling_gate_count,2,1,RZ,2,53,layer_002_wire_001_RZ,3,-0.007807935925388755,5.5991110931711746e-05,0.0078079359253887546,0.0
random_bp,expectation_value,bcw_8q_random_bp,hea,RX_RY_RZ_CNOT,none,circular,cnot,local,8,4,4,same_entangling_gate_count,2,2,RX,0,54,layer_002_wire_002_RX,3,0.00026614241975080576,0.0002541731139549174,0.011404394400771132,0.0
random_bp,expectation_value,bcw_8q_random_bp,hea,RX_RY_RZ_CNOT,none,circular,cnot,local,8,4,4,same_entangling_gate_count,2,2,RY,1,55,layer_002_wire_002_RY,3,0.0073230496042306125,5.78884921563096e-05,0.008297973462404379,0.0
random_bp,expectation_value,bcw_8q_random_bp,hea,RX_RY_RZ_CNOT,none,circular,cnot,local,8,4,4,same_entangling_gate_count,2,2,RZ,2,56,layer_002_wire_002_RZ,3,-0.007581876746643112,1.69788345864745e-05,0.007581876746643112,0.0
random_bp,expectation_value,bcw_8q_random_bp,hea,RX_RY_RZ_CNOT,none,circular,cnot,local,8,4,4,same_entangling_gate_count,2,3,RX,0,57,layer_002_wire_003_RX,3,-0.00966284437001641,2.0167903451833793e-05,0.00966284437001641,0.0
random_bp,expectation_value,bcw_8q_random_bp,hea,RX_RY_RZ_CNOT,none,circular,cnot,local,8,4,4,same_entangling_gate_count,2,3,RY,1,58,layer_002_wire_003_RY,3,0.005085331392553065,0.0002532323480491039,0.01030989678212091,0.0
random_bp,expectation_value,bcw_8q_random_bp,hea,RX_RY_RZ_CNOT,none,circular,cnot,local,8,4,4,same_entangling_gate_count,2,3,RZ,2,59,layer_002_wire_003_RZ,3,0.004744486415100401,8.464070769861719e-05,0.008272161584930928,0.0
random_bp,expectation_value,bcw_8q_random_bp,hea,RX_RY_RZ_CNOT,none,circular,cnot,local,8,4,4,same_entangling_gate_count,2,4,RX,0,60,layer_002_wire_004_RX,3,-0.0007400439401919548,1.56593949781524e-05,0.0027995686764322437,0.0
random_bp,expectation_value,bcw_8q_random_bp,hea,RX_RY_RZ_CNOT,none,circular,cnot,local,8,4,4,same_entangling_gate_count,2,4,RY,1,61,layer_002_wire_004_RY,3,0.007278778645100489,0.00017570528868101061,0.012629833863677596,0.0
random_bp,expectation_value,bcw_8q_random_bp,hea,RX_RY_RZ_CNOT,none,circular,cnot,local,8,4,4,same_entangling_gate_count,2,4,RZ,2,62,layer_002_wire_004_RZ,3,-0.00019450044909742224,1.8409653378505653e-05,0.0032041896777553914,0.0
random_bp,expectation_value,bcw_8q_random_bp,hea,RX_RY_RZ_CNOT,none,circular,cnot,local,8,4,4,same_entangling_gate_count,2,5,RX,0,63,layer_002_wire_005_RX,3,0.0026783326577861453,0.00046661351925385356,0.015277640994001085,0.0
random_bp,expectation_value,bcw_8q_random_bp,hea,RX_RY_RZ_CNOT,none,circular,cnot,local,8,4,4,same_entangling_gate_count,2,5,RY,1,64,layer_002_wire_005_RY,3,0.023572622543070975,4.4488652942312046e-05,0.023572622543070975,0.0
random_bp,expectation_value,bcw_8q_random_bp,hea,RX_RY_RZ_CNOT,none,circular,cnot,local,8,4,4,same_entangling_gate_count,2,5,RZ,2,65,layer_002_wire_005_RZ,3,-0.0034739784493870675,0.00012612208132274522,0.008238820964230288,0.0
random_bp,expectation_value,bcw_8q_random_bp,hea,RX_RY_RZ_CNOT,none,circular,cnot,local,8,4,4,same_entangling_gate_count,2,6,RX,0,66,layer_002_wire_006_RX,3,-0.012778753927272252,0.0003149129900022599,0.0178109623599142,0.0
random_bp,expectation_value,bcw_8q_random_bp,hea,RX_RY_RZ_CNOT,none,circular,cnot,local,8,4,4,same_entangling_gate_count,2,6,RY,1,67,layer_002_wire_006_RY,3,0.0074622395390947765,0.0002850668210603723,0.015416653057725166,0.0
random_bp,expectation_value,bcw_8q_random_bp,hea,RX_RY_RZ_CNOT,none,circular,cnot,local,8,4,4,same_entangling_gate_count,2,6,RZ,2,68,layer_002_wire_006_RZ,3,0.00693752137874595,2.273655044983843e-05,0.00693752137874595,0.0
random_bp,expectation_value,bcw_8q_random_bp,hea,RX_RY_RZ_CNOT,none,circular,cnot,local,8,4,4,same_entangling_gate_count,2,7,RX,0,69,layer_002_wire_007_RX,3,0.005589034767381137,0.0001187846812631791,0.008952035067190755,0.0
random_bp,expectation_value,bcw_8q_random_bp,hea,RX_RY_RZ_CNOT,none,circular,cnot,local,8,4,4,same_entangling_gate_count,2,7,RY,1,70,layer_002_wire_007_RY,3,-0.00484481592472199,6.987551764806314e-05,0.007821338924390008,0.0
random_bp,expectation_value,bcw_8q_random_bp,hea,RX_RY_RZ_CNOT,none,circular,cnot,local,8,4,4,same_entangling_gate_count,2,7,RZ,2,71,layer_002_wire_007_RZ,3,0.0016575389594034237,9.370437449429838e-06,0.0018028365198952446,0.0
random_bp,expectation_value,bcw_8q_random_bp,hea,RX_RY_RZ_CNOT,none,circular,cnot,local,8,4,4,same_entangling_gate_count,3,0,RX,0,72,layer_003_wire_000_RX,3,0.0034626045806193696,7.917053374630131e-05,0.007939414107074978,0.0
random_bp,expectation_value,bcw_8q_random_bp,hea,RX_RY_RZ_CNOT,none,circular,cnot,local,8,4,4,same_entangling_gate_count,3,0,RY,1,73,layer_003_wire_000_RY,3,0.009692803502586327,0.0010155212582034418,0.02443394841371739,0.0
random_bp,expectation_value,bcw_8q_random_bp,hea,RX_RY_RZ_CNOT,none,circular,cnot,local,8,4,4,same_entangling_gate_count,3,0,RZ,2,74,layer_003_wire_000_RZ,3,4.206220707666987e-18,6.597390382036399e-35,5.622526324695949e-18,1.0
random_bp,expectation_value,bcw_8q_random_bp,hea,RX_RY_RZ_CNOT,none,circular,cnot,local,8,4,4,same_entangling_gate_count,3,1,RX,0,75,layer_003_wire_001_RX,3,-0.0029038041457096547,0.000150549708428909,0.010294531335957141,0.0
random_bp,expectation_value,bcw_8q_random_bp,hea,RX_RY_RZ_CNOT,none,circular,cnot,local,8,4,4,same_entangling_gate_count,3,1,RY,1,76,layer_003_wire_001_RY,3,-0.005187881290238174,0.000490514461784537,0.01806456887048043,0.0
random_bp,expectation_value,bcw_8q_random_bp,hea,RX_RY_RZ_CNOT,none,circular,cnot,local,8,4,4,same_entangling_gate_count,3,1,RZ,2,77,layer_003_wire_001_RZ,3,-6.4917415857268824e-18,1.4223714516283694e-34,7.102762633518308e-18,1.0
random_bp,expectation_value,bcw_8q_random_bp,hea,RX_RY_RZ_CNOT,none,circular,cnot,local,8,4,4,same_entangling_gate_count,3,2,RX,0,78,layer_003_wire_002_RX,3,-0.0006863946985430861,0.00015741890129779659,0.00939596021003024,0.0
random_bp,expectation_value,bcw_8q_random_bp,hea,RX_RY_RZ_CNOT,none,circular,cnot,local,8,4,4,same_entangling_gate_count,3,2,RY,1,79,layer_003_wire_002_RY,3,-0.0038464341027802437,0.0003184730148772807,0.012149464355720922,0.0
random_bp,expectation_value,bcw_8q_random_bp,hea,RX_RY_RZ_CNOT,none,circular,cnot,local,8,4,4,same_entangling_gate_count,3,2,RZ,2,80,layer_003_wire_002_RZ,3,4.355219313332099e-18,1.4415295686636912e-34,9.645851626999295e-18,1.0
random_bp,expectation_value,bcw_8q_random_bp,hea,RX_RY_RZ_CNOT,none,circular,cnot,local,8,4,4,same_entangling_gate_count,3,3,RX,0,81,layer_003_wire_003_RX,3,0.0007908240869406915,1.867445372992793e-05,0.0032575359444131408,0.0
random_bp,expectation_value,bcw_8q_random_bp,hea,RX_RY_RZ_CNOT,none,circular,cnot,local,8,4,4,same_entangling_gate_count,3,3,RY,1,82,layer_003_wire_003_RY,3,-0.01674989748289428,0.00026454205894425024,0.01674989748289428,0.0
random_bp,expectation_value,bcw_8q_random_bp,hea,RX_RY_RZ_CNOT,none,circular,cnot,local,8,4,4,same_entangling_gate_count,3,3,RZ,2,83,layer_003_wire_003_RZ,3,-1.0593096457095836e-18,1.3486379253317494e-34,8.540490309940202e-18,1.0
random_bp,expectation_value,bcw_8q_random_bp,hea,RX_RY_RZ_CNOT,none,circular,cnot,local,8,4,4,same_entangling_gate_count,3,4,RX,0,84,layer_003_wire_004_RX,3,-0.006940943931997323,0.0001524557775905802,0.007345322570254729,0.0
random_bp,expectation_value,bcw_8q_random_bp,hea,RX_RY_RZ_CNOT,none,circular,cnot,local,8,4,4,same_entangling_gate_count,3,4,RY,1,85,layer_003_wire_004_RY,3,0.0022833821682748416,0.0001311209216832728,0.00804002342827991,0.0
random_bp,expectation_value,bcw_8q_random_bp,hea,RX_RY_RZ_CNOT,none,circular,cnot,local,8,4,4,same_entangling_gate_count,3,4,RZ,2,86,layer_003_wire_004_RZ,3,4.089518401779097e-18,1.9933947043914494e-36,4.089518401779098e-18,1.0
random_bp,expectation_value,bcw_8q_random_bp,hea,RX_RY_RZ_CNOT,none,circular,cnot,local,8,4,4,same_entangling_gate_count,3,5,RX,0,87,layer_003_wire_005_RX,3,-0.007245629952682225,0.00037022378892381097,0.012305401190438553,0.0
random_bp,expectation_value,bcw_8q_random_bp,hea,RX_RY_RZ_CNOT,none,circular,cnot,local,8,4,4,same_entangling_gate_count,3,5,RY,1,88,layer_003_wire_005_RY,3,-0.007435261719514485,7.92055487715741e-05,0.007435261719514485,0.0
random_bp,expectation_value,bcw_8q_random_bp,hea,RX_RY_RZ_CNOT,none,circular,cnot,local,8,4,4,same_entangling_gate_count,3,5,RZ,2,89,layer_003_wire_005_RZ,3,-4.258101646209753e-18,4.2403733419203493e-35,4.258101646209753e-18,1.0
random_bp,expectation_value,bcw_8q_random_bp,hea,RX_RY_RZ_CNOT,none,circular,cnot,local,8,4,4,same_entangling_gate_count,3,6,RX,0,90,layer_003_wire_006_RX,3,0.005697736030652597,0.00010637187807271227,0.009813793528113289,0.0
random_bp,expectation_value,bcw_8q_random_bp,hea,RX_RY_RZ_CNOT,none,circular,cnot,local,8,4,4,same_entangling_gate_count,3,6,RY,1,91,layer_003_wire_006_RY,3,0.007400180896251584,0.0006212960958101334,0.016461089285672314,0.0
random_bp,expectation_value,bcw_8q_random_bp,hea,RX_RY_RZ_CNOT,none,circular,cnot,local,8,4,4,same_entangling_gate_count,3,6,RZ,2,92,layer_003_wire_006_RZ,3,-1.897618569097048e-18,3.8140870111459375e-36,1.897618569097048e-18,1.0
random_bp,expectation_value,bcw_8q_random_bp,hea,RX_RY_RZ_CNOT,none,circular,cnot,local,8,4,4,same_entangling_gate_count,3,7,RX,0,93,layer_003_wire_007_RX,3,-0.00016959056246016206,5.1270922456423315e-05,0.0050565082052299905,0.0
random_bp,expectation_value,bcw_8q_random_bp,hea,RX_RY_RZ_CNOT,none,circular,cnot,local,8,4,4,same_entangling_gate_count,3,7,RY,1,94,layer_003_wire_007_RY,3,-0.007355824243508339,0.00017951989242851108,0.012699995395855921,0.0
random_bp,expectation_value,bcw_8q_random_bp,hea,RX_RY_RZ_CNOT,none,circular,cnot,local,8,4,4,same_entangling_gate_count,3,7,RZ,2,95,layer_003_wire_007_RZ,3,-8.892661013290972e-20,2.529821021979544e-36,1.1871907920190871e-18,1.0
random_bp,expectation_value,bcw_8q_random_bp,hea,RX_RY_RZ_CNOT,none,linear,cnot,global,8,4,4,same_entangling_gate_count,0,0,RX,0,0,layer_000_wire_000_RX,3,-0.04750081877978618,0.01205160284987967,0.09431965768793564,0.0
random_bp,expectation_value,bcw_8q_random_bp,hea,RX_RY_RZ_CNOT,none,linear,cnot,global,8,4,4,same_entangling_gate_count,0,0,RY,1,1,layer_000_wire_000_RY,3,0.006256996229838226,0.00039639704605983985,0.013818645032716891,0.0
random_bp,expectation_value,bcw_8q_random_bp,hea,RX_RY_RZ_CNOT,none,linear,cnot,global,8,4,4,same_entangling_gate_count,0,0,RZ,2,2,layer_000_wire_000_RZ,3,-0.021109321529802397,0.012988739034163229,0.0785668164409734,0.0
random_bp,expectation_value,bcw_8q_random_bp,hea,RX_RY_RZ_CNOT,none,linear,cnot,global,8,4,4,same_entangling_gate_count,0,1,RX,0,3,layer_000_wire_001_RX,3,-0.03611743348959513,0.0001553147614249004,0.03611743348959514,0.0
random_bp,expectation_value,bcw_8q_random_bp,hea,RX_RY_RZ_CNOT,none,linear,cnot,global,8,4,4,same_entangling_gate_count,0,1,RY,1,4,layer_000_wire_001_RY,3,-0.016800924076050227,0.0044665749960394,0.044406103842508336,0.0
random_bp,expectation_value,bcw_8q_random_bp,hea,RX_RY_RZ_CNOT,none,linear,cnot,global,8,4,4,same_entangling_gate_count,0,1,RZ,2,5,layer_000_wire_001_RZ,3,-0.009735867146663748,0.0020142935933620087,0.0377916273040144,0.0
random_bp,expectation_value,bcw_8q_random_bp,hea,RX_RY_RZ_CNOT,none,linear,cnot,global,8,4,4,same_entangling_gate_count,0,2,RX,0,6,layer_000_wire_002_RX,3,0.014658613804852033,0.004541897303522344,0.04693471016212219,0.0
random_bp,expectation_value,bcw_8q_random_bp,hea,RX_RY_RZ_CNOT,none,linear,cnot,global,8,4,4,same_entangling_gate_count,0,2,RY,1,7,layer_000_wire_002_RY,3,-0.0007764133627381244,0.0002581042784603274,0.011723656018385634,0.0
random_bp,expectation_value,bcw_8q_random_bp,hea,RX_RY_RZ_CNOT,none,linear,cnot,global,8,4,4,same_entangling_gate_count,0,2,RZ,2,8,layer_000_wire_002_RZ,3,0.015418659853426574,0.00290408817345356,0.04263599951248053,0.0
random_bp,expectation_value,bcw_8q_random_bp,hea,RX_RY_RZ_CNOT,none,linear,cnot,global,8,4,4,same_entangling_gate_count,0,3,RX,0,9,layer_000_wire_003_RX,3,-0.02407433447944156,9.303995020806891e-05,0.02407433447944156,0.0
random_bp,expectation_value,bcw_8q_random_bp,hea,RX_RY_RZ_CNOT,none,linear,cnot,global,8,4,4,same_entangling_gate_count,0,3,RY,1,10,layer_000_wire_003_RY,3,-0.02509233194794584,0.000417916693308739,0.02509233194794584,0.0
random_bp,expectation_value,bcw_8q_random_bp,hea,RX_RY_RZ_CNOT,none,linear,cnot,global,8,4,4,same_entangling_gate_count,0,3,RZ,2,11,layer_000_wire_003_RZ,3,0.00546304491532971,0.00037638781991407424,0.016519958145409002,0.0
random_bp,expectation_value,bcw_8q_random_bp,hea,RX_RY_RZ_CNOT,none,linear,cnot,global,8,4,4,same_entangling_gate_count,0,4,RX,0,12,layer_000_wire_004_RX,3,-0.038343935063706064,0.003186449400251707,0.03913556221559231,0.0
random_bp,expectation_value,bcw_8q_random_bp,hea,RX_RY_RZ_CNOT,none,linear,cnot,global,8,4,4,same_entangling_gate_count,0,4,RY,1,13,layer_000_wire_004_RY,3,0.031951095099675975,7.980633519675101e-05,0.031951095099675975,0.0
random_bp,expectation_value,bcw_8q_random_bp,hea,RX_RY_RZ_CNOT,none,linear,cnot,global,8,4,4,same_entangling_gate_count,0,4,RZ,2,14,layer_000_wire_004_RZ,3,0.012121989136733612,0.00034245520340974003,0.018280906974862402,0.0
random_bp,expectation_value,bcw_8q_random_bp,hea,RX_RY_RZ_CNOT,none,linear,cnot,global,8,4,4,same_entangling_gate_count,0,5,RX,0,15,layer_000_wire_005_RX,3,0.028275078315672057,0.0012965849224277376,0.03386294099007161,0.0
random_bp,expectation_value,bcw_8q_random_bp,hea,RX_RY_RZ_CNOT,none,linear,cnot,global,8,4,4,same_entangling_gate_count,0,5,RY,1,16,layer_000_wire_005_RY,3,0.024607229394084124,0.0016273278501386383,0.036275569835370246,0.0
random_bp,expectation_value,bcw_8q_random_bp,hea,RX_RY_RZ_CNOT,none,linear,cnot,global,8,4,4,same_entangling_gate_count,0,5,RZ,2,17,layer_000_wire_005_RZ,3,-0.021877278137380902,0.0029953671475782613,0.03476120332352652,0.0
random_bp,expectation_value,bcw_8q_random_bp,hea,RX_RY_RZ_CNOT,none,linear,cnot,global,8,4,4,same_entangling_gate_count,0,6,RX,0,18,layer_000_wire_006_RX,3,-0.05644361926383851,0.008827044459095924,0.08910012334642457,0.0
random_bp,expectation_value,bcw_8q_random_bp,hea,RX_RY_RZ_CNOT,none,linear,cnot,global,8,4,4,same_entangling_gate_count,0,6,RY,1,19,layer_000_wire_006_RY,3,0.01695431051284333,0.0007769431998502666,0.021361291139604634,0.0
random_bp,expectation_value,bcw_8q_random_bp,hea,RX_RY_RZ_CNOT,none,linear,cnot,global,8,4,4,same_entangling_gate_count,0,6,RZ,2,20,layer_000_wire_006_RZ,3,-0.022456024016904427,0.005530083942820149,0.06250877274119375,0.0
random_bp,expectation_value,bcw_8q_random_bp,hea,RX_RY_RZ_CNOT,none,linear,cnot,global,8,4,4,same_entangling_gate_count,0,7,RX,0,21,layer_000_wire_007_RX,3,0.0552439803264054,0.006531400595981902,0.0780830438448845,0.0
random_bp,expectation_value,bcw_8q_random_bp,hea,RX_RY_RZ_CNOT,none,linear,cnot,global,8,4,4,same_entangling_gate_count,0,7,RY,1,22,layer_000_wire_007_RY,3,-0.011908574367303078,0.0010112961193858114,0.025481752831434223,0.0
random_bp,expectation_value,bcw_8q_random_bp,hea,RX_RY_RZ_CNOT,none,linear,cnot,global,8,4,4,same_entangling_gate_count,0,7,RZ,2,23,layer_000_wire_007_RZ,3,-0.038590440798943214,0.003489646862063439,0.054581914969609235,0.0
random_bp,expectation_value,bcw_8q_random_bp,hea,RX_RY_RZ_CNOT,none,linear,cnot,global,8,4,4,same_entangling_gate_count,1,0,RX,0,24,layer_001_wire_000_RX,3,-0.03468969232980731,0.0021062905415299353,0.04366836481916712,0.0
random_bp,expectation_value,bcw_8q_random_bp,hea,RX_RY_RZ_CNOT,none,linear,cnot,global,8,4,4,same_entangling_gate_count,1,0,RY,1,25,layer_001_wire_000_RY,3,-0.08714408020052222,0.0063283768642516825,0.08714408020052222,0.0
random_bp,expectation_value,bcw_8q_random_bp,hea,RX_RY_RZ_CNOT,none,linear,cnot,global,8,4,4,same_entangling_gate_count,1,0,RZ,2,26,layer_001_wire_000_RZ,3,-0.014277405482416584,2.8347431706413898e-05,0.014277405482416584,0.0
random_bp,expectation_value,bcw_8q_random_bp,hea,RX_RY_RZ_CNOT,none,linear,cnot,global,8,4,4,same_entangling_gate_count,1,1,RX,0,27,layer_001_wire_001_RX,3,0.023657274080455634,0.0028376421762981827,0.03421767817985087,0.0
random_bp,expectation_value,bcw_8q_random_bp,hea,RX_RY_RZ_CNOT,none,linear,cnot,global,8,4,4,same_entangling_gate_count,1,1,RY,1,28,layer_001_wire_001_RY,3,0.04182675280742344,0.0014547001065650736,0.04182675280742345,0.0
random_bp,expectation_value,bcw_8q_random_bp,hea,RX_RY_RZ_CNOT,none,linear,cnot,global,8,4,4,same_entangling_gate_count,1,1,RZ,2,29,layer_001_wire_001_RZ,3,-0.007266122133385412,0.0014256590771430009,0.025025493454470454,0.0
random_bp,expectation_value,bcw_8q_random_bp,hea,RX_RY_RZ_CNOT,none,linear,cnot,global,8,4,4,same_entangling_gate_count,1,2,RX,0,30,layer_001_wire_002_RX,3,0.005419399699434779,0.0007229561029065178,0.022076044437835285,0.0
random_bp,expectation_value,bcw_8q_random_bp,hea,RX_RY_RZ_CNOT,none,linear,cnot,global,8,4,4,same_entangling_gate_count,1,2,RY,1,31,layer_001_wire_002_RY,3,0.0037927139261701107,0.0025814356195225175,0.03693847160576574,0.0
random_bp,expectation_value,bcw_8q_random_bp,hea,RX_RY_RZ_CNOT,none,linear,cnot,global,8,4,4,same_entangling_gate_count,1,2,RZ,2,32,layer_001_wire_002_RZ,3,0.012354395116544695,0.002326627685018743,0.04078513484528838,0.0
random_bp,expectation_value,bcw_8q_random_bp,hea,RX_RY_RZ_CNOT,none,linear,cnot,global,8,4,4,same_entangling_gate_count,1,3,RX,0,33,layer_001_wire_003_RX,3,-0.002156610823650299,0.0006250430686998006,0.019037884782521514,0.0
random_bp,expectation_value,bcw_8q_random_bp,hea,RX_RY_RZ_CNOT,none,linear,cnot,global,8,4,4,same_entangling_gate_count,1,3,RY,1,34,layer_001_wire_003_RY,3,0.02142355697709848,0.003406594995697095,0.04378162121135226,0.0
random_bp,expectation_value,bcw_8q_random_bp,hea,RX_RY_RZ_CNOT,none,linear,cnot,global,8,4,4,same_entangling_gate_count,1,3,RZ,2,35,layer_001_wire_003_RZ,3,-0.0055897754667997524,0.0003926704695094936,0.016979354421849245,0.0
random_bp,expectation_value,bcw_8q_random_bp,hea,RX_RY_RZ_CNOT,none,linear,cnot,global,8,4,4,same_entangling_gate_count,1,4,RX,0,36,layer_001_wire_004_RX,3,0.03321700151453903,0.0005774729348061547,0.03321700151453904,0.0
random_bp,expectation_value,bcw_8q_random_bp,hea,RX_RY_RZ_CNOT,none,linear,cnot,global,8,4,4,same_entangling_gate_count,1,4,RY,1,37,layer_001_wire_004_RY,3,-0.0047641815457441835,7.72439479068602e-05,0.005177497631635756,0.0
random_bp,expectation_value,bcw_8q_random_bp,hea,RX_RY_RZ_CNOT,none,linear,cnot,global,8,4,4,same_entangling_gate_count,1,4,RZ,2,38,layer_001_wire_004_RZ,3,-0.030387356606427607,0.0037160631819299745,0.04669123372360894,0.0
random_bp,expectation_value,bcw_8q_random_bp,hea,RX_RY_RZ_CNOT,none,linear,cnot,global,8,4,4,same_entangling_gate_count,1,5,RX,0,39,layer_001_wire_005_RX,3,-0.0238096423955312,0.002122091575291923,0.043371036488235225,0.0
random_bp,expectation_value,bcw_8q_random_bp,hea,RX_RY_RZ_CNOT,none,linear,cnot,global,8,4,4,same_entangling_gate_count,1,5,RY,1,40,layer_001_wire_005_RY,3,0.02239442463208683,0.0014433510626143137,0.03656215699090252,0.0
random_bp,expectation_value,bcw_8q_random_bp,hea,RX_RY_RZ_CNOT,none,linear,cnot,global,8,4,4,same_entangling_gate_count,1,5,RZ,2,41,layer_001_wire_005_RZ,3,0.020753571523878862,0.004540312994304874,0.058358048763137486,0.0
random_bp,expectation_value,bcw_8q_random_bp,hea,RX_RY_RZ_CNOT,none,linear,cnot,global,8,4,4,same_entangling_gate_count,1,6,RX,0,42,layer_001_wire_006_RX,3,-0.02653581779823023,0.018318922130922698,0.10869408722741854,0.0
random_bp,expectation_value,bcw_8q_random_bp,hea,RX_RY_RZ_CNOT,none,linear,cnot,global,8,4,4,same_entangling_gate_count,1,6,RY,1,43,layer_001_wire_006_RY,3,-0.02107115633561643,0.00026450277659387873,0.02107115633561643,0.0
random_bp,expectation_value,bcw_8q_random_bp,hea,RX_RY_RZ_CNOT,none,linear,cnot,global,8,4,4,same_entangling_gate_count,1,6,RZ,2,44,layer_001_wire_006_RZ,3,0.0018986493116517197,0.013012561640769018,0.07612130690875167,0.0
random_bp,expectation_value,bcw_8q_random_bp,hea,RX_RY_RZ_CNOT,none,linear,cnot,global,8,4,4,same_entangling_gate_count,1,7,RX,0,45,layer_001_wire_007_RX,3,-0.02913776941811254,0.009052454920844015,0.06415835103612487,0.0
random_bp,expectation_value,bcw_8q_random_bp,hea,RX_RY_RZ_CNOT,none,linear,cnot,global,8,4,4,same_entangling_gate_count,1,7,RY,1,46,layer_001_wire_007_RY,3,0.0038623226597248616,0.0027099805063198167,0.0349646241726408,0.0
random_bp,expectation_value,bcw_8q_random_bp,hea,RX_RY_RZ_CNOT,none,linear,cnot,global,8,4,4,same_entangling_gate_count,1,7,RZ,2,47,layer_001_wire_007_RZ,3,-0.031030745870136784,0.00043539223860641907,0.031030745870136784,0.0
random_bp,expectation_value,bcw_8q_random_bp,hea,RX_RY_RZ_CNOT,none,linear,cnot,global,8,4,4,same_entangling_gate_count,2,0,RX,0,48,layer_002_wire_000_RX,3,-0.026750801090755012,0.0012024447455593866,0.02675080109075501,0.0
random_bp,expectation_value,bcw_8q_random_bp,hea,RX_RY_RZ_CNOT,none,linear,cnot,global,8,4,4,same_entangling_gate_count,2,0,RY,1,49,layer_002_wire_000_RY,3,-0.019382821774936346,0.00023923716410254796,0.019382821774936342,0.0
random_bp,expectation_value,bcw_8q_random_bp,hea,RX_RY_RZ_CNOT,none,linear,cnot,global,8,4,4,same_entangling_gate_count,2,0,RZ,2,50,layer_002_wire_000_RZ,3,-8.433503123934617e-18,2.9817019500046687e-34,1.4064978873313373e-17,1.0
random_bp,expectation_value,bcw_8q_random_bp,hea,RX_RY_RZ_CNOT,none,linear,cnot,global,8,4,4,same_entangling_gate_count,2,1,RX,0,51,layer_002_wire_001_RX,3,0.040094241000068795,0.0002293483548015895,0.040094241000068795,0.0
random_bp,expectation_value,bcw_8q_random_bp,hea,RX_RY_RZ_CNOT,none,linear,cnot,global,8,4,4,same_entangling_gate_count,2,1,RY,1,52,layer_002_wire_001_RY,3,0.026026090816070362,0.0008831132796627641,0.02993485930026001,0.0
random_bp,expectation_value,bcw_8q_random_bp,hea,RX_RY_RZ_CNOT,none,linear,cnot,global,8,4,4,same_entangling_gate_count,2,1,RZ,2,53,layer_002_wire_001_RZ,3,-0.012752082669882859,0.006679587777573935,0.058354332394684766,0.0
random_bp,expectation_value,bcw_8q_random_bp,hea,RX_RY_RZ_CNOT,none,linear,cnot,global,8,4,4,same_entangling_gate_count,2,2,RX,0,54,layer_002_wire_002_RX,3,-0.03229904391820012,0.000879260812663868,0.03229904391820012,0.0
random_bp,expectation_value,bcw_8q_random_bp,hea,RX_RY_RZ_CNOT,none,linear,cnot,global,8,4,4,same_entangling_gate_count,2,2,RY,1,55,layer_002_wire_002_RY,3,0.04388236874186679,0.0008106759821937304,0.04388236874186679,0.0
random_bp,expectation_value,bcw_8q_random_bp,hea,RX_RY_RZ_CNOT,none,linear,cnot,global,8,4,4,same_entangling_gate_count,2,2,RZ,2,56,layer_002_wire_002_RZ,3,0.026024660551917597,0.0003884469066629294,0.0260246605519176,0.0
random_bp,expectation_value,bcw_8q_random_bp,hea,RX_RY_RZ_CNOT,none,linear,cnot,global,8,4,4,same_entangling_gate_count,2,3,RX,0,57,layer_002_wire_003_RX,3,0.005602169693593827,0.00015830282114944936,0.011168636465331035,0.0
random_bp,expectation_value,bcw_8q_random_bp,hea,RX_RY_RZ_CNOT,none,linear,cnot,global,8,4,4,same_entangling_gate_count,2,3,RY,1,58,layer_002_wire_003_RY,3,-0.026287976896858148,0.001253306675754245,0.026660134556252397,0.0
random_bp,expectation_value,bcw_8q_random_bp,hea,RX_RY_RZ_CNOT,none,linear,cnot,global,8,4,4,same_entangling_gate_count,2,3,RZ,2,59,layer_002_wire_003_RZ,3,0.026068976519599916,0.0028478121387721413,0.0323739535260103,0.0
random_bp,expectation_value,bcw_8q_random_bp,hea,RX_RY_RZ_CNOT,none,linear,cnot,global,8,4,4,same_entangling_gate_count,2,4,RX,0,60,layer_002_wire_004_RX,3,0.003783224058734762,0.0002783353776298269,0.01147901667347411,0.0
random_bp,expectation_value,bcw_8q_random_bp,hea,RX_RY_RZ_CNOT,none,linear,cnot,global,8,4,4,same_entangling_gate_count,2,4,RY,1,61,layer_002_wire_004_RY,3,-0.032829945285072146,0.002023406473398649,0.03310552106598206,0.0
random_bp,expectation_value,bcw_8q_random_bp,hea,RX_RY_RZ_CNOT,none,linear,cnot,global,8,4,4,same_entangling_gate_count,2,4,RZ,2,62,layer_002_wire_004_RZ,3,0.011430431046618322,0.00036824692124864093,0.018509026722375702,0.0
random_bp,expectation_value,bcw_8q_random_bp,hea,RX_RY_RZ_CNOT,none,linear,cnot,global,8,4,4,same_entangling_gate_count,2,5,RX,0,63,layer_002_wire_005_RX,3,0.01152722088801698,0.0006068343781665219,0.019984255441804204,0.0
random_bp,expectation_value,bcw_8q_random_bp,hea,RX_RY_RZ_CNOT,none,linear,cnot,global,8,4,4,same_entangling_gate_count,2,5,RY,1,64,layer_002_wire_005_RY,3,0.030691375931963895,0.0008425369169414688,0.0306913759319639,0.0
random_bp,expectation_value,bcw_8q_random_bp,hea,RX_RY_RZ_CNOT,none,linear,cnot,global,8,4,4,same_entangling_gate_count,2,5,RZ,2,65,layer_002_wire_005_RZ,3,-0.016439492014892438,0.001872580542916837,0.031732804646958664,0.0
random_bp,expectation_value,bcw_8q_random_bp,hea,RX_RY_RZ_CNOT,none,linear,cnot,global,8,4,4,same_entangling_gate_count,2,6,RX,0,66,layer_002_wire_006_RX,3,-0.04387701279046707,0.0015051963531990042,0.043877012790467074,0.0
random_bp,expectation_value,bcw_8q_random_bp,hea,RX_RY_RZ_CNOT,none,linear,cnot,global,8,4,4,same_entangling_gate_count,2,6,RY,1,67,layer_002_wire_006_RY,3,0.01464800769301928,0.0007923287771968848,0.019111689957831274,0.0
random_bp,expectation_value,bcw_8q_random_bp,hea,RX_RY_RZ_CNOT,none,linear,cnot,global,8,4,4,same_entangling_gate_count,2,6,RZ,2,68,layer_002_wire_006_RZ,3,0.029566110248847303,0.0009674091931636125,0.0295661102488473,0.0
random_bp,expectation_value,bcw_8q_random_bp,hea,RX_RY_RZ_CNOT,none,linear,cnot,global,8,4,4,same_entangling_gate_count,2,7,RX,0,69,layer_002_wire_007_RX,3,-0.012507678721989499,0.001794777694520024,0.03188251669397022,0.0
random_bp,expectation_value,bcw_8q_random_bp,hea,RX_RY_RZ_CNOT,none,linear,cnot,global,8,4,4,same_entangling_gate_count,2,7,RY,1,70,layer_002_wire_007_RY,3,-0.02222949242135012,0.0028723070181657408,0.04312921792998007,0.0
random_bp,expectation_value,bcw_8q_random_bp,hea,RX_RY_RZ_CNOT,none,linear,cnot,global,8,4,4,same_entangling_gate_count,2,7,RZ,2,71,layer_002_wire_007_RZ,3,-0.02997102842459244,0.0030320523019428443,0.052134282226799646,0.0
random_bp,expectation_value,bcw_8q_random_bp,hea,RX_RY_RZ_CNOT,none,linear,cnot,global,8,4,4,same_entangling_gate_count,3,0,RX,0,72,layer_003_wire_000_RX,3,-5.782411586589357e-18,4.012354050806741e-36,5.782411586589357e-18,1.0
random_bp,expectation_value,bcw_8q_random_bp,hea,RX_RY_RZ_CNOT,none,linear,cnot,global,8,4,4,same_entangling_gate_count,3,0,RY,1,73,layer_003_wire_000_RY,3,3.585095183685401e-17,1.3912837671172375e-33,3.932039878880763e-17,1.0
random_bp,expectation_value,bcw_8q_random_bp,hea,RX_RY_RZ_CNOT,none,linear,cnot,global,8,4,4,same_entangling_gate_count,3,0,RZ,2,74,layer_003_wire_000_RZ,3,9.095194971249533e-18,3.252804405797703e-34,1.084313401573083e-17,1.0
random_bp,expectation_value,bcw_8q_random_bp,hea,RX_RY_RZ_CNOT,none,linear,cnot,global,8,4,4,same_entangling_gate_count,3,1,RX,0,75,layer_003_wire_001_RX,3,-0.030225494822567905,0.0021428337033330223,0.04520980578276048,0.0
random_bp,expectation_value,bcw_8q_random_bp,hea,RX_RY_RZ_CNOT,none,linear,cnot,global,8,4,4,same_entangling_gate_count,3,1,RY,1,76,layer_003_wire_001_RY,3,-0.022933092840388667,0.0035348763412269505,0.041924509158676716,0.0
random_bp,expectation_value,bcw_8q_random_bp,hea,RX_RY_RZ_CNOT,none,linear,cnot,global,8,4,4,same_entangling_gate_count,3,1,RZ,2,77,layer_003_wire_001_RZ,3,5.543740019321981e-18,7.805521206210065e-34,2.12001684371422e-17,1.0
random_bp,expectation_value,bcw_8q_random_bp,hea,RX_RY_RZ_CNOT,none,linear,cnot,global,8,4,4,same_entangling_gate_count,3,2,RX,0,78,layer_003_wire_002_RX,3,1.156482317317872e-18,3.651242186234135e-34,1.2721305490496585e-17,1.0
random_bp,expectation_value,bcw_8q_random_bp,hea,RX_RY_RZ_CNOT,none,linear,cnot,global,8,4,4,same_entangling_gate_count,3,2,RY,1,79,layer_003_wire_002_RY,3,-2.3129646346357427e-18,4.283187949236197e-34,1.61907524424502e-17,1.0
random_bp,expectation_value,bcw_8q_random_bp,hea,RX_RY_RZ_CNOT,none,linear,cnot,global,8,4,4,same_entangling_gate_count,3,2,RZ,2,80,layer_003_wire_002_RZ,3,1.8359024332491282e-17,2.4697724311122095e-34,1.8359024332491282e-17,1.0
random_bp,expectation_value,bcw_8q_random_bp,hea,RX_RY_RZ_CNOT,none,linear,cnot,global,8,4,4,same_entangling_gate_count,3,3,RX,0,81,layer_003_wire_003_RX,3,-0.01990822777038221,0.0067121424604428825,0.05724559808536623,0.0
random_bp,expectation_value,bcw_8q_random_bp,hea,RX_RY_RZ_CNOT,none,linear,cnot,global,8,4,4,same_entangling_gate_count,3,3,RY,1,82,layer_003_wire_003_RY,3,0.07777453936781273,0.0016244350394638782,0.07777453936781271,0.0
random_bp,expectation_value,bcw_8q_random_bp,hea,RX_RY_RZ_CNOT,none,linear,cnot,global,8,4,4,same_entangling_gate_count,3,3,RZ,2,83,layer_003_wire_003_RZ,3,5.352683717574851e-18,6.58438479135771e-34,1.7780764103166427e-17,1.0
random_bp,expectation_value,bcw_8q_random_bp,hea,RX_RY_RZ_CNOT,none,linear,cnot,global,8,4,4,same_entangling_gate_count,3,4,RX,0,84,layer_003_wire_004_RX,3,1.5323390704461794e-17,1.8381596995258382e-34,1.5323390704461797e-17,1.0
random_bp,expectation_value,bcw_8q_random_bp,hea,RX_RY_RZ_CNOT,none,linear,cnot,global,8,4,4,same_entangling_gate_count,3,4,RY,1,85,layer_003_wire_004_RY,3,5.7824115865893565e-18,9.669773262444246e-34,2.1973164029039556e-17,1.0
random_bp,expectation_value,bcw_8q_random_bp,hea,RX_RY_RZ_CNOT,none,linear,cnot,global,8,4,4,same_entangling_gate_count,3,4,RZ,2,86,layer_003_wire_004_RZ,3,9.295612138005079e-18,9.059408315578177e-35,9.29561213800508e-18,1.0
random_bp,expectation_value,bcw_8q_random_bp,hea,RX_RY_RZ_CNOT,none,linear,cnot,global,8,4,4,same_entangling_gate_count,3,5,RX,0,87,layer_003_wire_005_RX,3,0.01736236847957986,0.008497032050271977,0.0634410069702476,0.0
random_bp,expectation_value,bcw_8q_random_bp,hea,RX_RY_RZ_CNOT,none,linear,cnot,global,8,4,4,same_entangling_gate_count,3,5,RY,1,88,layer_003_wire_005_RY,3,-0.04562117182819106,0.021136410521723447,0.12530704799121659,0.0
random_bp,expectation_value,bcw_8q_random_bp,hea,RX_RY_RZ_CNOT,none,linear,cnot,global,8,4,4,same_entangling_gate_count,3,5,RZ,2,89,layer_003_wire_005_RZ,3,-2.3019699262249537e-18,2.481925716281465e-34,1.286761056155131e-17,1.0
random_bp,expectation_value,bcw_8q_random_bp,hea,RX_RY_RZ_CNOT,none,linear,cnot,global,8,4,4,same_entangling_gate_count,3,6,RX,0,90,layer_003_wire_006_RX,3,-1.4022348097479192e-17,3.2957726945454748e-34,1.8648277366750676e-17,1.0
random_bp,expectation_value,bcw_8q_random_bp,hea,RX_RY_RZ_CNOT,none,linear,cnot,global,8,4,4,same_entangling_gate_count,3,6,RY,1,91,layer_003_wire_006_RY,3,-2.89120579329468e-19,1.5221868180248074e-34,9.540979117872439e-18,1.0
random_bp,expectation_value,bcw_8q_random_bp,hea,RX_RY_RZ_CNOT,none,linear,cnot,global,8,4,4,same_entangling_gate_count,3,6,RZ,2,92,layer_003_wire_006_RZ,3,-4.12139186084144e-18,5.114115602857507e-35,6.550367773742163e-18,1.0
random_bp,expectation_value,bcw_8q_random_bp,hea,RX_RY_RZ_CNOT,none,linear,cnot,global,8,4,4,same_entangling_gate_count,3,7,RX,0,93,layer_003_wire_007_RX,3,-0.014517280024631558,0.003959147557141031,0.04152616367912276,0.0
random_bp,expectation_value,bcw_8q_random_bp,hea,RX_RY_RZ_CNOT,none,linear,cnot,global,8,4,4,same_entangling_gate_count,3,7,RY,1,94,layer_003_wire_007_RY,3,0.03565112344298739,0.008718019867642788,0.06000680808323239,0.0
random_bp,expectation_value,bcw_8q_random_bp,hea,RX_RY_RZ_CNOT,none,linear,cnot,global,8,4,4,same_entangling_gate_count,3,7,RZ,2,95,layer_003_wire_007_RZ,3,2.4201672272970132e-18,1.1112662405482759e-34,6.908031184883018e-18,1.0
random_bp,expectation_value,bcw_8q_random_bp,hea,RX_RY_RZ_CNOT,none,circular,cnot,global,8,4,4,same_entangling_gate_count,0,0,RX,0,0,layer_000_wire_000_RX,3,0.039775633677060995,2.1766188043248075e-05,0.039775633677060995,0.0
random_bp,expectation_value,bcw_8q_random_bp,hea,RX_RY_RZ_CNOT,none,circular,cnot,global,8,4,4,same_entangling_gate_count,0,0,RY,1,1,layer_000_wire_000_RY,3,0.0005598198232292112,0.006240173185803461,0.053600499995990786,0.0
random_bp,expectation_value,bcw_8q_random_bp,hea,RX_RY_RZ_CNOT,none,circular,cnot,global,8,4,4,same_entangling_gate_count,0,0,RZ,2,2,layer_000_wire_000_RZ,3,0.013223087849937164,0.0006910079891465964,0.024508028473228315,0.0
random_bp,expectation_value,bcw_8q_random_bp,hea,RX_RY_RZ_CNOT,none,circular,cnot,global,8,4,4,same_entangling_gate_count,0,1,RX,0,3,layer_000_wire_001_RX,3,-0.06657966715083029,0.0011885695916572557,0.06657966715083029,0.0
random_bp,expectation_value,bcw_8q_random_bp,hea,RX_RY_RZ_CNOT,none,circular,cnot,global,8,4,4,same_entangling_gate_count,0,1,RY,1,4,layer_000_wire_001_RY,3,-0.024805289275955444,0.0005789763174854618,0.026774750383337098,0.0
random_bp,expectation_value,bcw_8q_random_bp,hea,RX_RY_RZ_CNOT,none,circular,cnot,global,8,4,4,same_entangling_gate_count,0,1,RZ,2,5,layer_000_wire_001_RZ,3,-0.0020236669563622016,0.0035199487046507416,0.04487838205903677,0.0
random_bp,expectation_value,bcw_8q_random_bp,hea,RX_RY_RZ_CNOT,none,circular,cnot,global,8,4,4,same_entangling_gate_count,0,2,RX,0,6,layer_000_wire_002_RX,3,-0.034813453420284156,0.0012308743484495015,0.03481345342028416,0.0
random_bp,expectation_value,bcw_8q_random_bp,hea,RX_RY_RZ_CNOT,none,circular,cnot,global,8,4,4,same_entangling_gate_count,0,2,RY,1,7,layer_000_wire_002_RY,3,-0.004243714696000277,0.000604291671720219,0.018637617732154558,0.0
random_bp,expectation_value,bcw_8q_random_bp,hea,RX_RY_RZ_CNOT,none,circular,cnot,global,8,4,4,same_entangling_gate_count,0,2,RZ,2,8,layer_000_wire_002_RZ,3,0.016568862077032478,0.001960822650558433,0.036238172370103995,0.0
random_bp,expectation_value,bcw_8q_random_bp,hea,RX_RY_RZ_CNOT,none,circular,cnot,global,8,4,4,same_entangling_gate_count,0,3,RX,0,9,layer_000_wire_003_RX,3,-0.006818879912723778,0.0012522380377170644,0.02346328223178241,0.0
random_bp,expectation_value,bcw_8q_random_bp,hea,RX_RY_RZ_CNOT,none,circular,cnot,global,8,4,4,same_entangling_gate_count,0,3,RY,1,10,layer_000_wire_003_RY,3,-0.0039728857357316655,0.0005595611435042821,0.015992606895530132,0.0
random_bp,expectation_value,bcw_8q_random_bp,hea,RX_RY_RZ_CNOT,none,circular,cnot,global,8,4,4,same_entangling_gate_count,0,3,RZ,2,11,layer_000_wire_003_RZ,3,0.010846811624626907,0.0008929594228947305,0.019385942938540422,0.0
random_bp,expectation_value,bcw_8q_random_bp,hea,RX_RY_RZ_CNOT,none,circular,cnot,global,8,4,4,same_entangling_gate_count,0,4,RX,0,12,layer_000_wire_004_RX,3,0.05610717909428391,0.0015998472686367328,0.0561071790942839,0.0
random_bp,expectation_value,bcw_8q_random_bp,hea,RX_RY_RZ_CNOT,none,circular,cnot,global,8,4,4,same_entangling_gate_count,0,4,RY,1,13,layer_000_wire_004_RY,3,0.0059616030195669655,0.0008141913370459111,0.023764772908485745,0.0
random_bp,expectation_value,bcw_8q_random_bp,hea,RX_RY_RZ_CNOT,none,circular,cnot,global,8,4,4,same_entangling_gate_count,0,4,RZ,2,14,layer_000_wire_004_RZ,3,-0.033999867326410166,0.0026627688131439465,0.05067463864474517,0.0
random_bp,expectation_value,bcw_8q_random_bp,hea,RX_RY_RZ_CNOT,none,circular,cnot,global,8,4,4,same_entangling_gate_count,0,5,RX,0,15,layer_000_wire_005_RX,3,-0.013530748608862928,0.0012971393893421292,0.03078085933439643,0.0
random_bp,expectation_value,bcw_8q_random_bp,hea,RX_RY_RZ_CNOT,none,circular,cnot,global,8,4,4,same_entangling_gate_count,0,5,RY,1,16,layer_000_wire_005_RY,3,-0.03616749684195419,0.0025670513229039947,0.04808370204043052,0.0
random_bp,expectation_value,bcw_8q_random_bp,hea,RX_RY_RZ_CNOT,none,circular,cnot,global,8,4,4,same_entangling_gate_count,0,5,RZ,2,17,layer_000_wire_005_RZ,3,0.017566969159794915,0.0011655963153744046,0.022016499283567234,0.0
random_bp,expectation_value,bcw_8q_random_bp,hea,RX_RY_RZ_CNOT,none,circular,cnot,global,8,4,4,same_entangling_gate_count,0,6,RX,0,18,layer_000_wire_006_RX,3,-0.014228958990524105,0.0008524223789177144,0.01986788044306768,0.0
random_bp,expectation_value,bcw_8q_random_bp,hea,RX_RY_RZ_CNOT,none,circular,cnot,global,8,4,4,same_entangling_gate_count,0,6,RY,1,19,layer_000_wire_006_RY,3,-0.010895861475643821,0.0003621008564678749,0.012377484416343362,0.0
random_bp,expectation_value,bcw_8q_random_bp,hea,RX_RY_RZ_CNOT,none,circular,cnot,global,8,4,4,same_entangling_gate_count,0,6,RZ,2,20,layer_000_wire_006_RZ,3,-0.014897102037976995,0.0007576254010518484,0.017656756015945445,0.0
random_bp,expectation_value,bcw_8q_random_bp,hea,RX_RY_RZ_CNOT,none,circular,cnot,global,8,4,4,same_entangling_gate_count,0,7,RX,0,21,layer_000_wire_007_RX,3,-0.020163775327320214,0.0008947485783358659,0.028764807317951845,0.0
random_bp,expectation_value,bcw_8q_random_bp,hea,RX_RY_RZ_CNOT,none,circular,cnot,global,8,4,4,same_entangling_gate_count,0,7,RY,1,22,layer_000_wire_007_RY,3,0.020341159897336016,0.00531436090471699,0.04978541548885601,0.0
random_bp,expectation_value,bcw_8q_random_bp,hea,RX_RY_RZ_CNOT,none,circular,cnot,global,8,4,4,same_entangling_gate_count,0,7,RZ,2,23,layer_000_wire_007_RZ,3,-0.014562182046514159,0.0003535905580349558,0.01702703905077254,0.0
random_bp,expectation_value,bcw_8q_random_bp,hea,RX_RY_RZ_CNOT,none,circular,cnot,global,8,4,4,same_entangling_gate_count,1,0,RX,0,24,layer_001_wire_000_RX,3,-0.02170942057067631,0.02293813188310036,0.10898078248274869,0.0
random_bp,expectation_value,bcw_8q_random_bp,hea,RX_RY_RZ_CNOT,none,circular,cnot,global,8,4,4,same_entangling_gate_count,1,0,RY,1,25,layer_001_wire_000_RY,3,0.02080521536392196,0.0006480183284692416,0.025539120813490038,0.0
random_bp,expectation_value,bcw_8q_random_bp,hea,RX_RY_RZ_CNOT,none,circular,cnot,global,8,4,4,same_entangling_gate_count,1,0,RZ,2,26,layer_001_wire_000_RZ,3,-0.05443955789843063,0.009523330412375155,0.09270321792350471,0.0
random_bp,expectation_value,bcw_8q_random_bp,hea,RX_RY_RZ_CNOT,none,circular,cnot,global,8,4,4,same_entangling_gate_count,1,1,RX,0,27,layer_001_wire_001_RX,3,0.019718583309984734,0.00041228453641835967,0.021362620334347052,0.0
random_bp,expectation_value,bcw_8q_random_bp,hea,RX_RY_RZ_CNOT,none,circular,cnot,global,8,4,4,same_entangling_gate_count,1,1,RY,1,28,layer_001_wire_001_RY,3,0.01631901432773109,0.0014085709314240334,0.03427496007097753,0.0
random_bp,expectation_value,bcw_8q_random_bp,hea,RX_RY_RZ_CNOT,none,circular,cnot,global,8,4,4,same_entangling_gate_count,1,1,RZ,2,29,layer_001_wire_001_RZ,3,-0.0037522825784592293,0.001956940295381209,0.03272905280995466,0.0
random_bp,expectation_value,bcw_8q_random_bp,hea,RX_RY_RZ_CNOT,none,circular,cnot,global,8,4,4,same_entangling_gate_count,1,2,RX,0,30,layer_001_wire_002_RX,3,0.02714390557452847,0.0012431595176527097,0.027143905574528466,0.0
random_bp,expectation_value,bcw_8q_random_bp,hea,RX_RY_RZ_CNOT,none,circular,cnot,global,8,4,4,same_entangling_gate_count,1,2,RY,1,31,layer_001_wire_002_RY,3,0.050619545989782834,0.0031642073033873786,0.05949459773726332,0.0
random_bp,expectation_value,bcw_8q_random_bp,hea,RX_RY_RZ_CNOT,none,circular,cnot,global,8,4,4,same_entangling_gate_count,1,2,RZ,2,32,layer_001_wire_002_RZ,3,0.0008039913456728137,0.00042423131143605285,0.01505726217104189,0.0
random_bp,expectation_value,bcw_8q_random_bp,hea,RX_RY_RZ_CNOT,none,circular,cnot,global,8,4,4,same_entangling_gate_count,1,3,RX,0,33,layer_001_wire_003_RX,3,-0.02108739389127646,0.0002800170608791185,0.021087393891276462,0.0
random_bp,expectation_value,bcw_8q_random_bp,hea,RX_RY_RZ_CNOT,none,circular,cnot,global,8,4,4,same_entangling_gate_count,1,3,RY,1,34,layer_001_wire_003_RY,3,0.007965379617020358,0.0016916407353639762,0.03426859507213135,0.0
random_bp,expectation_value,bcw_8q_random_bp,hea,RX_RY_RZ_CNOT,none,circular,cnot,global,8,4,4,same_entangling_gate_count,1,3,RZ,2,35,layer_001_wire_003_RZ,3,-0.00436209609740288,0.0014862702062744988,0.03112760942528565,0.0
random_bp,expectation_value,bcw_8q_random_bp,hea,RX_RY_RZ_CNOT,none,circular,cnot,global,8,4,4,same_entangling_gate_count,1,4,RX,0,36,layer_001_wire_004_RX,3,0.012242775627233991,0.005667614884962983,0.058893754212991846,0.0
random_bp,expectation_value,bcw_8q_random_bp,hea,RX_RY_RZ_CNOT,none,circular,cnot,global,8,4,4,same_entangling_gate_count,1,4,RY,1,37,layer_001_wire_004_RY,3,0.0035171880621891367,0.0013753049260256916,0.025842167652038135,0.0
random_bp,expectation_value,bcw_8q_random_bp,hea,RX_RY_RZ_CNOT,none,circular,cnot,global,8,4,4,same_entangling_gate_count,1,4,RZ,2,38,layer_001_wire_004_RZ,3,-0.003930607238110964,0.002613033366951932,0.03608044831418395,0.0
random_bp,expectation_value,bcw_8q_random_bp,hea,RX_RY_RZ_CNOT,none,circular,cnot,global,8,4,4,same_entangling_gate_count,1,5,RX,0,39,layer_001_wire_005_RX,3,0.04369914193411409,0.0025963482646120563,0.05258231706824728,0.0
random_bp,expectation_value,bcw_8q_random_bp,hea,RX_RY_RZ_CNOT,none,circular,cnot,global,8,4,4,same_entangling_gate_count,1,5,RY,1,40,layer_001_wire_005_RY,3,-0.00874244110177547,0.0029000470381632336,0.03691111256881554,0.0
random_bp,expectation_value,bcw_8q_random_bp,hea,RX_RY_RZ_CNOT,none,circular,cnot,global,8,4,4,same_entangling_gate_count,1,5,RZ,2,41,layer_001_wire_005_RZ,3,-0.04165402245746681,0.0020139206790011546,0.04165402245746681,0.0
random_bp,expectation_value,bcw_8q_random_bp,hea,RX_RY_RZ_CNOT,none,circular,cnot,global,8,4,4,same_entangling_gate_count,1,6,RX,0,42,layer_001_wire_006_RX,3,-0.019668448536645896,0.0006329050058794779,0.020406887469141672,0.0
random_bp,expectation_value,bcw_8q_random_bp,hea,RX_RY_RZ_CNOT,none,circular,cnot,global,8,4,4,same_entangling_gate_count,1,6,RY,1,43,layer_001_wire_006_RY,3,-5.057438761098265e-05,0.0015434775244039045,0.028128429957522533,0.0
random_bp,expectation_value,bcw_8q_random_bp,hea,RX_RY_RZ_CNOT,none,circular,cnot,global,8,4,4,same_entangling_gate_count,1,6,RZ,2,44,layer_001_wire_006_RZ,3,-0.01824624438258583,0.0017957761249815219,0.03866034244112015,0.0
random_bp,expectation_value,bcw_8q_random_bp,hea,RX_RY_RZ_CNOT,none,circular,cnot,global,8,4,4,same_entangling_gate_count,1,7,RX,0,45,layer_001_wire_007_RX,3,0.026702866350627998,0.019366891161580607,0.09538016865546485,0.0
random_bp,expectation_value,bcw_8q_random_bp,hea,RX_RY_RZ_CNOT,none,circular,cnot,global,8,4,4,same_entangling_gate_count,1,7,RY,1,46,layer_001_wire_007_RY,3,-0.010281678155042346,0.002028357477160996,0.038016065451795554,0.0
random_bp,expectation_value,bcw_8q_random_bp,hea,RX_RY_RZ_CNOT,none,circular,cnot,global,8,4,4,same_entangling_gate_count,1,7,RZ,2,47,layer_001_wire_007_RZ,3,0.06579049064348366,0.012680474389566838,0.09201528749678768,0.0
random_bp,expectation_value,bcw_8q_random_bp,hea,RX_RY_RZ_CNOT,none,circular,cnot,global,8,4,4,same_entangling_gate_count,2,0,RX,0,48,layer_002_wire_000_RX,3,-0.011133333572354003,0.0025562171836502317,0.04095631701937006,0.0
random_bp,expectation_value,bcw_8q_random_bp,hea,RX_RY_RZ_CNOT,none,circular,cnot,global,8,4,4,same_entangling_gate_count,2,0,RY,1,49,layer_002_wire_000_RY,3,-0.004519537836906904,0.0013206419434817524,0.028673394509807725,0.0
random_bp,expectation_value,bcw_8q_random_bp,hea,RX_RY_RZ_CNOT,none,circular,cnot,global,8,4,4,same_entangling_gate_count,2,0,RZ,2,50,layer_002_wire_000_RZ,3,0.029266952185994455,0.0008489305447099751,0.029266952185994455,0.0
random_bp,expectation_value,bcw_8q_random_bp,hea,RX_RY_RZ_CNOT,none,circular,cnot,global,8,4,4,same_entangling_gate_count,2,1,RX,0,51,layer_002_wire_001_RX,3,0.018166935314875322,0.00046886866021376007,0.022587362574065434,0.0
random_bp,expectation_value,bcw_8q_random_bp,hea,RX_RY_RZ_CNOT,none,circular,cnot,global,8,4,4,same_entangling_gate_count,2,1,RY,1,52,layer_002_wire_001_RY,3,0.06701778052250926,0.010617273626023098,0.08958961593760562,0.0
random_bp,expectation_value,bcw_8q_random_bp,hea,RX_RY_RZ_CNOT,none,circular,cnot,global,8,4,4,same_entangling_gate_count,2,1,RZ,2,53,layer_002_wire_001_RZ,3,-0.025937312800107047,0.0006468094216135443,0.027087599313901912,0.0
random_bp,expectation_value,bcw_8q_random_bp,hea,RX_RY_RZ_CNOT,none,circular,cnot,global,8,4,4,same_entangling_gate_count,2,2,RX,0,54,layer_002_wire_002_RX,3,-0.039694653855742966,0.0030506307081959276,0.039694653855742966,0.0
random_bp,expectation_value,bcw_8q_random_bp,hea,RX_RY_RZ_CNOT,none,circular,cnot,global,8,4,4,same_entangling_gate_count,2,2,RY,1,55,layer_002_wire_002_RY,3,0.05543230575263284,0.005459050047288064,0.05579536598870697,0.0
random_bp,expectation_value,bcw_8q_random_bp,hea,RX_RY_RZ_CNOT,none,circular,cnot,global,8,4,4,same_entangling_gate_count,2,2,RZ,2,56,layer_002_wire_002_RZ,3,-0.027973984223007474,0.004307169901801477,0.04526486647053182,0.0
random_bp,expectation_value,bcw_8q_random_bp,hea,RX_RY_RZ_CNOT,none,circular,cnot,global,8,4,4,same_entangling_gate_count,2,3,RX,0,57,layer_002_wire_003_RX,3,-0.01797742952379472,0.002127151833194891,0.03177753745089861,0.0
random_bp,expectation_value,bcw_8q_random_bp,hea,RX_RY_RZ_CNOT,none,circular,cnot,global,8,4,4,same_entangling_gate_count,2,3,RY,1,58,layer_002_wire_003_RY,3,-0.027210824841795624,0.0004466799200155455,0.027210824841795624,0.0
random_bp,expectation_value,bcw_8q_random_bp,hea,RX_RY_RZ_CNOT,none,circular,cnot,global,8,4,4,same_entangling_gate_count,2,3,RZ,2,59,layer_002_wire_003_RZ,3,0.035153665359393675,0.005465681883183195,0.05572409036496662,0.0
random_bp,expectation_value,bcw_8q_random_bp,hea,RX_RY_RZ_CNOT,none,circular,cnot,global,8,4,4,same_entangling_gate_count,2,4,RX,0,60,layer_002_wire_004_RX,3,-0.021030976267977442,0.002000457565138531,0.03404112105195315,0.0
random_bp,expectation_value,bcw_8q_random_bp,hea,RX_RY_RZ_CNOT,none,circular,cnot,global,8,4,4,same_entangling_gate_count,2,4,RY,1,61,layer_002_wire_004_RY,3,-0.02746006455281931,0.0001755658390097495,0.02746006455281931,0.0
random_bp,expectation_value,bcw_8q_random_bp,hea,RX_RY_RZ_CNOT,none,circular,cnot,global,8,4,4,same_entangling_gate_count,2,4,RZ,2,62,layer_002_wire_004_RZ,3,-0.003947171702681225,0.0027981964001949525,0.03871462971871469,0.0
random_bp,expectation_value,bcw_8q_random_bp,hea,RX_RY_RZ_CNOT,none,circular,cnot,global,8,4,4,same_entangling_gate_count,2,5,RX,0,63,layer_002_wire_005_RX,3,0.012622806370360692,5.254179972610316e-05,0.012622806370360692,0.0
random_bp,expectation_value,bcw_8q_random_bp,hea,RX_RY_RZ_CNOT,none,circular,cnot,global,8,4,4,same_entangling_gate_count,2,5,RY,1,64,layer_002_wire_005_RY,3,0.03883016146430044,0.008948192138696857,0.05908174188066712,0.0
random_bp,expectation_value,bcw_8q_random_bp,hea,RX_RY_RZ_CNOT,none,circular,cnot,global,8,4,4,same_entangling_gate_count,2,5,RZ,2,65,layer_002_wire_005_RZ,3,0.007285049869440499,0.001049954692633715,0.027178879455455145,0.0
random_bp,expectation_value,bcw_8q_random_bp,hea,RX_RY_RZ_CNOT,none,circular,cnot,global,8,4,4,same_entangling_gate_count,2,6,RX,0,66,layer_002_wire_006_RX,3,0.025014242479784256,0.006268969228453783,0.05252415187487385,0.0
random_bp,expectation_value,bcw_8q_random_bp,hea,RX_RY_RZ_CNOT,none,circular,cnot,global,8,4,4,same_entangling_gate_count,2,6,RY,1,67,layer_002_wire_006_RY,3,0.028342276586399547,0.0015350419612730733,0.0340511789552499,0.0
random_bp,expectation_value,bcw_8q_random_bp,hea,RX_RY_RZ_CNOT,none,circular,cnot,global,8,4,4,same_entangling_gate_count,2,6,RZ,2,68,layer_002_wire_006_RZ,3,-0.03364611698041078,0.0070539794282328955,0.05459342751880567,0.0
random_bp,expectation_value,bcw_8q_random_bp,hea,RX_RY_RZ_CNOT,none,circular,cnot,global,8,4,4,same_entangling_gate_count,2,7,RX,0,69,layer_002_wire_007_RX,3,0.016837815230182324,0.0008482270475139274,0.028031813101852737,0.0
random_bp,expectation_value,bcw_8q_random_bp,hea,RX_RY_RZ_CNOT,none,circular,cnot,global,8,4,4,same_entangling_gate_count,2,7,RY,1,70,layer_002_wire_007_RY,3,0.023775910458860353,0.002644036365286721,0.033309426217795084,0.0
random_bp,expectation_value,bcw_8q_random_bp,hea,RX_RY_RZ_CNOT,none,circular,cnot,global,8,4,4,same_entangling_gate_count,2,7,RZ,2,71,layer_002_wire_007_RZ,3,-0.0007658554741928446,0.002607620852182841,0.03410479548513467,0.0
random_bp,expectation_value,bcw_8q_random_bp,hea,RX_RY_RZ_CNOT,none,circular,cnot,global,8,4,4,same_entangling_gate_count,3,0,RX,0,72,layer_003_wire_000_RX,3,0.03639757687581748,0.003227679920775786,0.04656943531953329,0.0
random_bp,expectation_value,bcw_8q_random_bp,hea,RX_RY_RZ_CNOT,none,circular,cnot,global,8,4,4,same_entangling_gate_count,3,0,RY,1,73,layer_003_wire_000_RY,3,-0.04587162324091226,0.01119006588300344,0.0942083052709809,0.0
random_bp,expectation_value,bcw_8q_random_bp,hea,RX_RY_RZ_CNOT,none,circular,cnot,global,8,4,4,same_entangling_gate_count,3,0,RZ,2,74,layer_003_wire_000_RZ,3,6.272795982821005e-18,9.599375099303247e-34,2.1486944133064006e-17,1.0
random_bp,expectation_value,bcw_8q_random_bp,hea,RX_RY_RZ_CNOT,none,circular,cnot,global,8,4,4,same_entangling_gate_count,3,1,RX,0,75,layer_003_wire_001_RX,3,-1.0336060711028475e-17,7.954021707984035e-34,2.190088388420719e-17,1.0
random_bp,expectation_value,bcw_8q_random_bp,hea,RX_RY_RZ_CNOT,none,circular,cnot,global,8,4,4,same_entangling_gate_count,3,1,RY,1,76,layer_003_wire_001_RY,3,-2.0527561132392218e-17,9.052873827132711e-35,2.0527561132392218e-17,1.0
random_bp,expectation_value,bcw_8q_random_bp,hea,RX_RY_RZ_CNOT,none,circular,cnot,global,8,4,4,same_entangling_gate_count,3,1,RZ,2,77,layer_003_wire_001_RZ,3,2.0377831839156863e-17,1.8325962277822468e-33,3.9554698291934377e-17,1.0
random_bp,expectation_value,bcw_8q_random_bp,hea,RX_RY_RZ_CNOT,none,circular,cnot,global,8,4,4,same_entangling_gate_count,3,2,RX,0,78,layer_003_wire_002_RX,3,0.02609383252312148,0.000888571421983103,0.03163704030181579,0.0
random_bp,expectation_value,bcw_8q_random_bp,hea,RX_RY_RZ_CNOT,none,circular,cnot,global,8,4,4,same_entangling_gate_count,3,2,RY,1,79,layer_003_wire_002_RY,3,-0.01650839590320533,0.0015349976887761609,0.027485448940888297,0.0
random_bp,expectation_value,bcw_8q_random_bp,hea,RX_RY_RZ_CNOT,none,circular,cnot,global,8,4,4,same_entangling_gate_count,3,2,RZ,2,80,layer_003_wire_002_RZ,3,4.219613615361881e-18,5.3566688976771585e-34,1.863317949201922e-17,1.0
random_bp,expectation_value,bcw_8q_random_bp,hea,RX_RY_RZ_CNOT,none,circular,cnot,global,8,4,4,same_entangling_gate_count,3,3,RX,0,81,layer_003_wire_003_RX,3,1.1763593571467723e-17,6.077393955827538e-34,2.1015452110010695e-17,1.0
random_bp,expectation_value,bcw_8q_random_bp,hea,RX_RY_RZ_CNOT,none,circular,cnot,global,8,4,4,same_entangling_gate_count,3,3,RY,1,82,layer_003_wire_003_RY,3,-1.2576745200831851e-17,1.5478909611627882e-34,1.3733227518149723e-17,1.0
random_bp,expectation_value,bcw_8q_random_bp,hea,RX_RY_RZ_CNOT,none,circular,cnot,global,8,4,4,same_entangling_gate_count,3,3,RZ,2,83,layer_003_wire_003_RZ,3,-4.083182900610175e-18,5.05202768806641e-35,6.8284577682837525e-18,1.0
random_bp,expectation_value,bcw_8q_random_bp,hea,RX_RY_RZ_CNOT,none,circular,cnot,global,8,4,4,same_entangling_gate_count,3,4,RX,0,84,layer_003_wire_004_RX,3,-0.031718645356682965,0.006606643224521012,0.051520290279882884,0.0
random_bp,expectation_value,bcw_8q_random_bp,hea,RX_RY_RZ_CNOT,none,circular,cnot,global,8,4,4,same_entangling_gate_count,3,4,RY,1,85,layer_003_wire_004_RY,3,-0.007384958791731322,0.0027255697199131297,0.042056985685922456,0.0
random_bp,expectation_value,bcw_8q_random_bp,hea,RX_RY_RZ_CNOT,none,circular,cnot,global,8,4,4,same_entangling_gate_count,3,4,RZ,2,86,layer_003_wire_004_RZ,3,6.691927010402083e-18,6.864196020345671e-34,2.0541833041548364e-17,1.0
random_bp,expectation_value,bcw_8q_random_bp,hea,RX_RY_RZ_CNOT,none,circular,cnot,global,8,4,4,same_entangling_gate_count,3,5,RX,0,87,layer_003_wire_005_RX,3,5.204170427930421e-18,6.5301062176879716e-34,2.1394922870380622e-17,1.0
random_bp,expectation_value,bcw_8q_random_bp,hea,RX_RY_RZ_CNOT,none,circular,cnot,global,8,4,4,same_entangling_gate_count,3,5,RY,1,88,layer_003_wire_005_RY,3,-6.938893903907228e-18,1.4444474582904269e-34,1.1564823173178714e-17,1.0
random_bp,expectation_value,bcw_8q_random_bp,hea,RX_RY_RZ_CNOT,none,circular,cnot,global,8,4,4,same_entangling_gate_count,3,5,RZ,2,89,layer_003_wire_005_RZ,3,1.0187399537699259e-17,2.2502730690262464e-34,1.2739334816968395e-17,1.0
random_bp,expectation_value,bcw_8q_random_bp,hea,RX_RY_RZ_CNOT,none,circular,cnot,global,8,4,4,same_entangling_gate_count,3,6,RX,0,90,layer_003_wire_006_RX,3,-0.018400452448280917,0.0008869941916840856,0.02761209586096418,0.0
random_bp,expectation_value,bcw_8q_random_bp,hea,RX_RY_RZ_CNOT,none,circular,cnot,global,8,4,4,same_entangling_gate_count,3,6,RY,1,91,layer_003_wire_006_RY,3,0.09550662489494177,0.02070452105141582,0.09550662489494177,0.0
random_bp,expectation_value,bcw_8q_random_bp,hea,RX_RY_RZ_CNOT,none,circular,cnot,global,8,4,4,same_entangling_gate_count,3,6,RZ,2,92,layer_003_wire_006_RZ,3,7.346568039401101e-18,2.553130628182177e-34,1.0656530414314506e-17,1.0
random_bp,expectation_value,bcw_8q_random_bp,hea,RX_RY_RZ_CNOT,none,circular,cnot,global,8,4,4,same_entangling_gate_count,3,7,RX,0,93,layer_003_wire_007_RX,3,-2.3057366201525063e-17,3.927248259807207e-34,2.305736620152506e-17,1.0
random_bp,expectation_value,bcw_8q_random_bp,hea,RX_RY_RZ_CNOT,none,circular,cnot,global,8,4,4,same_entangling_gate_count,3,7,RY,1,94,layer_003_wire_007_RY,3,5.637851296924623e-18,4.910745199995188e-34,1.5178830414797062e-17,1.0
random_bp,expectation_value,bcw_8q_random_bp,hea,RX_RY_RZ_CNOT,none,circular,cnot,global,8,4,4,same_entangling_gate_count,3,7,RZ,2,95,layer_003_wire_007_RZ,3,-5.111088460659518e-18,2.900773126760522e-35,5.6225482935284356e-18,1.0
random_bp,expectation_value,bcw_8q_random_bp,hea,RX_RY_RZ_CNOT,none,linear,cnot,hamiltonian_local,8,4,4,same_entangling_gate_count,0,0,RX,0,0,layer_000_wire_000_RX,3,0.012497451457566153,0.001182851804642022,0.021923909978043606,0.0
random_bp,expectation_value,bcw_8q_random_bp,hea,RX_RY_RZ_CNOT,none,linear,cnot,hamiltonian_local,8,4,4,same_entangling_gate_count,0,0,RY,1,1,layer_000_wire_000_RY,3,-0.013565307896506068,0.0006417727365329433,0.017408090801881968,0.0
random_bp,expectation_value,bcw_8q_random_bp,hea,RX_RY_RZ_CNOT,none,linear,cnot,hamiltonian_local,8,4,4,same_entangling_gate_count,0,0,RZ,2,2,layer_000_wire_000_RZ,3,0.0017951525509928897,0.000517761378155086,0.01520993771598735,0.0
random_bp,expectation_value,bcw_8q_random_bp,hea,RX_RY_RZ_CNOT,none,linear,cnot,hamiltonian_local,8,4,4,same_entangling_gate_count,0,1,RX,0,3,layer_000_wire_001_RX,3,-0.0005112893545090938,0.0015040555813538754,0.029681626050626287,0.0
random_bp,expectation_value,bcw_8q_random_bp,hea,RX_RY_RZ_CNOT,none,linear,cnot,hamiltonian_local,8,4,4,same_entangling_gate_count,0,1,RY,1,4,layer_000_wire_001_RY,3,-0.01143850515951239,0.0005481441314057836,0.01897676167454813,0.0
random_bp,expectation_value,bcw_8q_random_bp,hea,RX_RY_RZ_CNOT,none,linear,cnot,hamiltonian_local,8,4,4,same_entangling_gate_count,0,1,RZ,2,5,layer_000_wire_001_RZ,3,0.006815209252991189,0.0005097420255582752,0.01961509071569258,0.0
random_bp,expectation_value,bcw_8q_random_bp,hea,RX_RY_RZ_CNOT,none,linear,cnot,hamiltonian_local,8,4,4,same_entangling_gate_count,0,2,RX,0,6,layer_000_wire_002_RX,3,0.006260193178523714,0.004380567533013672,0.049493414996433255,0.0
random_bp,expectation_value,bcw_8q_random_bp,hea,RX_RY_RZ_CNOT,none,linear,cnot,hamiltonian_local,8,4,4,same_entangling_gate_count,0,2,RY,1,7,layer_000_wire_002_RY,3,0.009607756037379265,0.0002701135039531982,0.012259513869000914,0.0
random_bp,expectation_value,bcw_8q_random_bp,hea,RX_RY_RZ_CNOT,none,linear,cnot,hamiltonian_local,8,4,4,same_entangling_gate_count,0,2,RZ,2,8,layer_000_wire_002_RZ,3,-0.01277948237271735,1.775522616471548e-05,0.01277948237271735,0.0
random_bp,expectation_value,bcw_8q_random_bp,hea,RX_RY_RZ_CNOT,none,linear,cnot,hamiltonian_local,8,4,4,same_entangling_gate_count,0,3,RX,0,9,layer_000_wire_003_RX,3,0.009859332224745903,0.0005830190640179849,0.01666231163139183,0.0
random_bp,expectation_value,bcw_8q_random_bp,hea,RX_RY_RZ_CNOT,none,linear,cnot,hamiltonian_local,8,4,4,same_entangling_gate_count,0,3,RY,1,10,layer_000_wire_003_RY,3,0.01714470575981904,0.00027686619632816175,0.01714470575981904,0.0
random_bp,expectation_value,bcw_8q_random_bp,hea,RX_RY_RZ_CNOT,none,linear,cnot,hamiltonian_local,8,4,4,same_entangling_gate_count,0,3,RZ,2,11,layer_000_wire_003_RZ,3,0.00588001716139505,5.6365393887914716e-05,0.007738394474489373,0.0
random_bp,expectation_value,bcw_8q_random_bp,hea,RX_RY_RZ_CNOT,none,linear,cnot,hamiltonian_local,8,4,4,same_entangling_gate_count,0,4,RX,0,12,layer_000_wire_004_RX,3,-0.01402716493800437,0.0006603794964089807,0.02094761350451815,0.0
random_bp,expectation_value,bcw_8q_random_bp,hea,RX_RY_RZ_CNOT,none,linear,cnot,hamiltonian_local,8,4,4,same_entangling_gate_count,0,4,RY,1,13,layer_000_wire_004_RY,3,0.001089371728288757,1.4423491424547134e-05,0.0032797931694415867,0.0
random_bp,expectation_value,bcw_8q_random_bp,hea,RX_RY_RZ_CNOT,none,linear,cnot,hamiltonian_local,8,4,4,same_entangling_gate_count,0,4,RZ,2,14,layer_000_wire_004_RZ,3,0.018072759302832232,0.0003068474437916696,0.018072759302832236,0.0
random_bp,expectation_value,bcw_8q_random_bp,hea,RX_RY_RZ_CNOT,none,linear,cnot,hamiltonian_local,8,4,4,same_entangling_gate_count,0,5,RX,0,15,layer_000_wire_005_RX,3,0.003666693972254099,0.00262491376930825,0.03647800513830632,0.0
random_bp,expectation_value,bcw_8q_random_bp,hea,RX_RY_RZ_CNOT,none,linear,cnot,hamiltonian_local,8,4,4,same_entangling_gate_count,0,5,RY,1,16,layer_000_wire_005_RY,3,-0.012684309154593135,0.001362793556923582,0.03229277657848624,0.0
random_bp,expectation_value,bcw_8q_random_bp,hea,RX_RY_RZ_CNOT,none,linear,cnot,hamiltonian_local,8,4,4,same_entangling_gate_count,0,5,RZ,2,17,layer_000_wire_005_RZ,3,-0.029644925727499768,0.003407060297754852,0.05114991809519931,0.0
random_bp,expectation_value,bcw_8q_random_bp,hea,RX_RY_RZ_CNOT,none,linear,cnot,hamiltonian_local,8,4,4,same_entangling_gate_count,0,6,RX,0,18,layer_000_wire_006_RX,3,0.010838699613124371,0.000375453677261516,0.01849047210054697,0.0
random_bp,expectation_value,bcw_8q_random_bp,hea,RX_RY_RZ_CNOT,none,linear,cnot,hamiltonian_local,8,4,4,same_entangling_gate_count,0,6,RY,1,19,layer_000_wire_006_RY,3,-0.006481782026403313,6.758034080825651e-05,0.006481782026403313,0.0
random_bp,expectation_value,bcw_8q_random_bp,hea,RX_RY_RZ_CNOT,none,linear,cnot,hamiltonian_local,8,4,4,same_entangling_gate_count,0,6,RZ,2,20,layer_000_wire_006_RZ,3,0.006530398085297455,0.0002530660826404926,0.014360070083609849,0.0
random_bp,expectation_value,bcw_8q_random_bp,hea,RX_RY_RZ_CNOT,none,linear,cnot,hamiltonian_local,8,4,4,same_entangling_gate_count,0,7,RX,0,21,layer_000_wire_007_RX,3,-0.018985362444877987,0.00020560328172783697,0.018985362444877987,0.0
random_bp,expectation_value,bcw_8q_random_bp,hea,RX_RY_RZ_CNOT,none,linear,cnot,hamiltonian_local,8,4,4,same_entangling_gate_count,0,7,RY,1,22,layer_000_wire_007_RY,3,0.008562196645343769,0.00015280603205386,0.010093492494543681,0.0
random_bp,expectation_value,bcw_8q_random_bp,hea,RX_RY_RZ_CNOT,none,linear,cnot,hamiltonian_local,8,4,4,same_entangling_gate_count,0,7,RZ,2,23,layer_000_wire_007_RZ,3,-0.0013854092127712936,0.0009035348953537304,0.020389086425440333,0.0
random_bp,expectation_value,bcw_8q_random_bp,hea,RX_RY_RZ_CNOT,none,linear,cnot,hamiltonian_local,8,4,4,same_entangling_gate_count,1,0,RX,0,24,layer_001_wire_000_RX,3,-0.0242778671582081,0.00013920272743353588,0.024277867158208104,0.0
random_bp,expectation_value,bcw_8q_random_bp,hea,RX_RY_RZ_CNOT,none,linear,cnot,hamiltonian_local,8,4,4,same_entangling_gate_count,1,0,RY,1,25,layer_001_wire_000_RY,3,0.009769407328576946,0.003674758050510536,0.04930303992637267,0.0
random_bp,expectation_value,bcw_8q_random_bp,hea,RX_RY_RZ_CNOT,none,linear,cnot,hamiltonian_local,8,4,4,same_entangling_gate_count,1,0,RZ,2,26,layer_001_wire_000_RZ,3,0.009969893094265405,0.000286682689070097,0.016176277141353234,0.0
random_bp,expectation_value,bcw_8q_random_bp,hea,RX_RY_RZ_CNOT,none,linear,cnot,hamiltonian_local,8,4,4,same_entangling_gate_count,1,1,RX,0,27,layer_001_wire_001_RX,3,0.011336592544015396,0.0003989142846901038,0.019145534801624644,0.0
random_bp,expectation_value,bcw_8q_random_bp,hea,RX_RY_RZ_CNOT,none,linear,cnot,hamiltonian_local,8,4,4,same_entangling_gate_count,1,1,RY,1,28,layer_001_wire_001_RY,3,-0.019709610408928595,0.00397131034053578,0.0413157738753239,0.0
random_bp,expectation_value,bcw_8q_random_bp,hea,RX_RY_RZ_CNOT,none,linear,cnot,hamiltonian_local,8,4,4,same_entangling_gate_count,1,1,RZ,2,29,layer_001_wire_001_RZ,3,0.01852053326818805,0.0012810835939607377,0.0334694868979431,0.0
random_bp,expectation_value,bcw_8q_random_bp,hea,RX_RY_RZ_CNOT,none,linear,cnot,hamiltonian_local,8,4,4,same_entangling_gate_count,1,2,RX,0,30,layer_001_wire_002_RX,3,-0.0355266306282707,0.0013212429869729097,0.03552663062827071,0.0
random_bp,expectation_value,bcw_8q_random_bp,hea,RX_RY_RZ_CNOT,none,linear,cnot,hamiltonian_local,8,4,4,same_entangling_gate_count,1,2,RY,1,31,layer_001_wire_002_RY,3,-0.01863480886158506,0.000907750707669947,0.018781458131336692,0.0
random_bp,expectation_value,bcw_8q_random_bp,hea,RX_RY_RZ_CNOT,none,linear,cnot,hamiltonian_local,8,4,4,same_entangling_gate_count,1,2,RZ,2,32,layer_001_wire_002_RZ,3,0.008715989949201872,0.0008758121944613021,0.024884365109867603,0.0
random_bp,expectation_value,bcw_8q_random_bp,hea,RX_RY_RZ_CNOT,none,linear,cnot,hamiltonian_local,8,4,4,same_entangling_gate_count,1,3,RX,0,33,layer_001_wire_003_RX,3,-0.00469610288939556,5.396272417742631e-06,0.00469610288939556,0.0
random_bp,expectation_value,bcw_8q_random_bp,hea,RX_RY_RZ_CNOT,none,linear,cnot,hamiltonian_local,8,4,4,same_entangling_gate_count,1,3,RY,1,34,layer_001_wire_003_RY,3,-0.025889444545914176,0.001472501826291204,0.029881640687381448,0.0
random_bp,expectation_value,bcw_8q_random_bp,hea,RX_RY_RZ_CNOT,none,linear,cnot,hamiltonian_local,8,4,4,same_entangling_gate_count,1,3,RZ,2,35,layer_001_wire_003_RZ,3,0.005976053733436137,0.00037503193825450453,0.016578506807694376,0.0
random_bp,expectation_value,bcw_8q_random_bp,hea,RX_RY_RZ_CNOT,none,linear,cnot,hamiltonian_local,8,4,4,same_entangling_gate_count,1,4,RX,0,36,layer_001_wire_004_RX,3,0.007946657853185945,0.0003168993363241681,0.015004160865292266,0.0
random_bp,expectation_value,bcw_8q_random_bp,hea,RX_RY_RZ_CNOT,none,linear,cnot,hamiltonian_local,8,4,4,same_entangling_gate_count,1,4,RY,1,37,layer_001_wire_004_RY,3,-0.012830664610986853,0.00011100955016785322,0.012830664610986852,0.0
random_bp,expectation_value,bcw_8q_random_bp,hea,RX_RY_RZ_CNOT,none,linear,cnot,hamiltonian_local,8,4,4,same_entangling_gate_count,1,4,RZ,2,38,layer_001_wire_004_RZ,3,-0.009755128677457522,5.7856104999639046e-05,0.009755128677457522,0.0
random_bp,expectation_value,bcw_8q_random_bp,hea,RX_RY_RZ_CNOT,none,linear,cnot,hamiltonian_local,8,4,4,same_entangling_gate_count,1,5,RX,0,39,layer_001_wire_005_RX,3,0.006027563590432843,0.00047375191411365604,0.0167324592785521,0.0
random_bp,expectation_value,bcw_8q_random_bp,hea,RX_RY_RZ_CNOT,none,linear,cnot,hamiltonian_local,8,4,4,same_entangling_gate_count,1,5,RY,1,40,layer_001_wire_005_RY,3,-0.029291334699732233,0.000849245928998058,0.032192616906098766,0.0
random_bp,expectation_value,bcw_8q_random_bp,hea,RX_RY_RZ_CNOT,none,linear,cnot,hamiltonian_local,8,4,4,same_entangling_gate_count,1,5,RZ,2,41,layer_001_wire_005_RZ,3,-0.0006873163728484104,0.0005091353796559523,0.016823945357575993,0.0
random_bp,expectation_value,bcw_8q_random_bp,hea,RX_RY_RZ_CNOT,none,linear,cnot,hamiltonian_local,8,4,4,same_entangling_gate_count,1,6,RX,0,42,layer_001_wire_006_RX,3,-0.004102736784537675,0.0003068448718137057,0.014830407290627297,0.0
random_bp,expectation_value,bcw_8q_random_bp,hea,RX_RY_RZ_CNOT,none,linear,cnot,hamiltonian_local,8,4,4,same_entangling_gate_count,1,6,RY,1,43,layer_001_wire_006_RY,3,0.004677721504157517,0.0005648111552170701,0.016723397734635343,0.0
random_bp,expectation_value,bcw_8q_random_bp,hea,RX_RY_RZ_CNOT,none,linear,cnot,hamiltonian_local,8,4,4,same_entangling_gate_count,1,6,RZ,2,44,layer_001_wire_006_RZ,3,-0.007909326487545856,5.781631832602265e-05,0.008467943626057456,0.0
random_bp,expectation_value,bcw_8q_random_bp,hea,RX_RY_RZ_CNOT,none,linear,cnot,hamiltonian_local,8,4,4,same_entangling_gate_count,1,7,RX,0,45,layer_001_wire_007_RX,3,-0.004669254250762913,0.00039976696417609944,0.0160184208647538,0.0
random_bp,expectation_value,bcw_8q_random_bp,hea,RX_RY_RZ_CNOT,none,linear,cnot,hamiltonian_local,8,4,4,same_entangling_gate_count,1,7,RY,1,46,layer_001_wire_007_RY,3,0.00014557871706191413,0.0003099055475378136,0.013002706034789124,0.0
random_bp,expectation_value,bcw_8q_random_bp,hea,RX_RY_RZ_CNOT,none,linear,cnot,hamiltonian_local,8,4,4,same_entangling_gate_count,1,7,RZ,2,47,layer_001_wire_007_RZ,3,0.010984498390606206,0.0006661464710378985,0.016179192210544473,0.0
random_bp,expectation_value,bcw_8q_random_bp,hea,RX_RY_RZ_CNOT,none,linear,cnot,hamiltonian_local,8,4,4,same_entangling_gate_count,2,0,RX,0,48,layer_002_wire_000_RX,3,0.029931150492928545,0.003391293700210409,0.038960844046983585,0.0
random_bp,expectation_value,bcw_8q_random_bp,hea,RX_RY_RZ_CNOT,none,linear,cnot,hamiltonian_local,8,4,4,same_entangling_gate_count,2,0,RY,1,49,layer_002_wire_000_RY,3,0.02423761338158295,0.0033080322147555127,0.05104675472718708,0.0
random_bp,expectation_value,bcw_8q_random_bp,hea,RX_RY_RZ_CNOT,none,linear,cnot,hamiltonian_local,8,4,4,same_entangling_gate_count,2,0,RZ,2,50,layer_002_wire_000_RZ,3,1.4866583948450187e-18,5.396004468918986e-34,1.7029639431910317e-17,1.0
random_bp,expectation_value,bcw_8q_random_bp,hea,RX_RY_RZ_CNOT,none,linear,cnot,hamiltonian_local,8,4,4,same_entangling_gate_count,2,1,RX,0,51,layer_002_wire_001_RX,3,-0.012997483340744471,0.0012989194309141524,0.023337592170882573,0.0
random_bp,expectation_value,bcw_8q_random_bp,hea,RX_RY_RZ_CNOT,none,linear,cnot,hamiltonian_local,8,4,4,same_entangling_gate_count,2,1,RY,1,52,layer_002_wire_001_RY,3,0.00987859032544021,0.001213897409984747,0.030111318234315437,0.0
random_bp,expectation_value,bcw_8q_random_bp,hea,RX_RY_RZ_CNOT,none,linear,cnot,hamiltonian_local,8,4,4,same_entangling_gate_count,2,1,RZ,2,53,layer_002_wire_001_RZ,3,0.01995756335611413,0.000974525871300716,0.025164569153587127,0.0
random_bp,expectation_value,bcw_8q_random_bp,hea,RX_RY_RZ_CNOT,none,linear,cnot,hamiltonian_local,8,4,4,same_entangling_gate_count,2,2,RX,0,54,layer_002_wire_002_RX,3,0.013411789749764183,0.0005556701437211741,0.022277595956840382,0.0
random_bp,expectation_value,bcw_8q_random_bp,hea,RX_RY_RZ_CNOT,none,linear,cnot,hamiltonian_local,8,4,4,same_entangling_gate_count,2,2,RY,1,55,layer_002_wire_002_RY,3,-0.01911753427964471,5.246395674511417e-05,0.019117534279644705,0.0
random_bp,expectation_value,bcw_8q_random_bp,hea,RX_RY_RZ_CNOT,none,linear,cnot,hamiltonian_local,8,4,4,same_entangling_gate_count,2,2,RZ,2,56,layer_002_wire_002_RZ,3,0.002205134962954502,0.004383174110442518,0.04872819967874737,0.0
random_bp,expectation_value,bcw_8q_random_bp,hea,RX_RY_RZ_CNOT,none,linear,cnot,hamiltonian_local,8,4,4,same_entangling_gate_count,2,3,RX,0,57,layer_002_wire_003_RX,3,-0.004526604576869232,7.998555001997823e-05,0.008101332645406014,0.0
random_bp,expectation_value,bcw_8q_random_bp,hea,RX_RY_RZ_CNOT,none,linear,cnot,hamiltonian_local,8,4,4,same_entangling_gate_count,2,3,RY,1,58,layer_002_wire_003_RY,3,0.01442288450259134,0.001311761570619568,0.02275805171117393,0.0
random_bp,expectation_value,bcw_8q_random_bp,hea,RX_RY_RZ_CNOT,none,linear,cnot,hamiltonian_local,8,4,4,same_entangling_gate_count,2,3,RZ,2,59,layer_002_wire_003_RZ,3,0.009984343318762927,0.0010382383894755995,0.02202505335639605,0.0
random_bp,expectation_value,bcw_8q_random_bp,hea,RX_RY_RZ_CNOT,none,linear,cnot,hamiltonian_local,8,4,4,same_entangling_gate_count,2,4,RX,0,60,layer_002_wire_004_RX,3,0.0015433106961060393,0.002623990265934799,0.034363744265339384,0.0
random_bp,expectation_value,bcw_8q_random_bp,hea,RX_RY_RZ_CNOT,none,linear,cnot,hamiltonian_local,8,4,4,same_entangling_gate_count,2,4,RY,1,61,layer_002_wire_004_RY,3,0.006113358361125916,0.002183057212225266,0.0321688601335282,0.0
random_bp,expectation_value,bcw_8q_random_bp,hea,RX_RY_RZ_CNOT,none,linear,cnot,hamiltonian_local,8,4,4,same_entangling_gate_count,2,4,RZ,2,62,layer_002_wire_004_RZ,3,0.022597608639880647,0.0006623787947894347,0.023986186888014984,0.0
random_bp,expectation_value,bcw_8q_random_bp,hea,RX_RY_RZ_CNOT,none,linear,cnot,hamiltonian_local,8,4,4,same_entangling_gate_count,2,5,RX,0,63,layer_002_wire_005_RX,3,-0.023135927396429862,0.0006211313562582147,0.023440926560848757,0.0
random_bp,expectation_value,bcw_8q_random_bp,hea,RX_RY_RZ_CNOT,none,linear,cnot,hamiltonian_local,8,4,4,same_entangling_gate_count,2,5,RY,1,64,layer_002_wire_005_RY,3,-0.008450548043307568,0.0007110978683955422,0.017665641005194715,0.0
random_bp,expectation_value,bcw_8q_random_bp,hea,RX_RY_RZ_CNOT,none,linear,cnot,hamiltonian_local,8,4,4,same_entangling_gate_count,2,5,RZ,2,65,layer_002_wire_005_RZ,3,-0.009680855993076677,0.00017228589959387232,0.009680855993076677,0.0
random_bp,expectation_value,bcw_8q_random_bp,hea,RX_RY_RZ_CNOT,none,linear,cnot,hamiltonian_local,8,4,4,same_entangling_gate_count,2,6,RX,0,66,layer_002_wire_006_RX,3,-0.012573052509618928,0.00010167695301318908,0.01257305250961893,0.0
random_bp,expectation_value,bcw_8q_random_bp,hea,RX_RY_RZ_CNOT,none,linear,cnot,hamiltonian_local,8,4,4,same_entangling_gate_count,2,6,RY,1,67,layer_002_wire_006_RY,3,-0.003960014598207566,0.00011293369008584316,0.009276976449410895,0.0
random_bp,expectation_value,bcw_8q_random_bp,hea,RX_RY_RZ_CNOT,none,linear,cnot,hamiltonian_local,8,4,4,same_entangling_gate_count,2,6,RZ,2,68,layer_002_wire_006_RZ,3,0.014021260230476833,0.00018271409136499082,0.014021260230476833,0.0
random_bp,expectation_value,bcw_8q_random_bp,hea,RX_RY_RZ_CNOT,none,linear,cnot,hamiltonian_local,8,4,4,same_entangling_gate_count,2,7,RX,0,69,layer_002_wire_007_RX,3,0.0016584728868525773,0.00013425138496030417,0.0076765017736433565,0.0
random_bp,expectation_value,bcw_8q_random_bp,hea,RX_RY_RZ_CNOT,none,linear,cnot,hamiltonian_local,8,4,4,same_entangling_gate_count,2,7,RY,1,70,layer_002_wire_007_RY,3,-0.0006364801902527489,6.0949530914864754e-05,0.005480979880796873,0.0
random_bp,expectation_value,bcw_8q_random_bp,hea,RX_RY_RZ_CNOT,none,linear,cnot,hamiltonian_local,8,4,4,same_entangling_gate_count,2,7,RZ,2,71,layer_002_wire_007_RZ,3,0.008744599415529825,7.7027970343419e-05,0.009018327626839042,0.0
random_bp,expectation_value,bcw_8q_random_bp,hea,RX_RY_RZ_CNOT,none,linear,cnot,hamiltonian_local,8,4,4,same_entangling_gate_count,3,0,RX,0,72,layer_003_wire_000_RX,3,1.6190752442450197e-17,1.1445239929926231e-33,3.122502256758253e-17,1.0
random_bp,expectation_value,bcw_8q_random_bp,hea,RX_RY_RZ_CNOT,none,linear,cnot,hamiltonian_local,8,4,4,same_entangling_gate_count,3,0,RY,1,73,layer_003_wire_000_RY,3,-1.879283765641541e-17,9.120582301740073e-34,2.3418766925686896e-17,1.0
random_bp,expectation_value,bcw_8q_random_bp,hea,RX_RY_RZ_CNOT,none,linear,cnot,hamiltonian_local,8,4,4,same_entangling_gate_count,3,0,RZ,2,74,layer_003_wire_000_RZ,3,3.643665060942064e-18,4.231518406856121e-34,1.6923053545216246e-17,1.0
random_bp,expectation_value,bcw_8q_random_bp,hea,RX_RY_RZ_CNOT,none,linear,cnot,hamiltonian_local,8,4,4,same_entangling_gate_count,3,1,RX,0,75,layer_003_wire_001_RX,3,-0.003301224472802783,0.001050212865951427,0.024011267618949176,0.0
random_bp,expectation_value,bcw_8q_random_bp,hea,RX_RY_RZ_CNOT,none,linear,cnot,hamiltonian_local,8,4,4,same_entangling_gate_count,3,1,RY,1,76,layer_003_wire_001_RY,3,-0.004809879670868156,0.00045841726777090693,0.017642037333315586,0.0
random_bp,expectation_value,bcw_8q_random_bp,hea,RX_RY_RZ_CNOT,none,linear,cnot,hamiltonian_local,8,4,4,same_entangling_gate_count,3,1,RZ,2,77,layer_003_wire_001_RZ,3,2.484616347348924e-18,6.265444068204563e-35,6.699162491337408e-18,1.0
random_bp,expectation_value,bcw_8q_random_bp,hea,RX_RY_RZ_CNOT,none,linear,cnot,hamiltonian_local,8,4,4,same_entangling_gate_count,3,2,RX,0,78,layer_003_wire_002_RX,3,0.015434642825154969,0.0010532384349329215,0.019772901586939024,0.0
random_bp,expectation_value,bcw_8q_random_bp,hea,RX_RY_RZ_CNOT,none,linear,cnot,hamiltonian_local,8,4,4,same_entangling_gate_count,3,2,RY,1,79,layer_003_wire_002_RY,3,0.007934393283458414,0.0031118310434138275,0.04530250060954461,0.0
random_bp,expectation_value,bcw_8q_random_bp,hea,RX_RY_RZ_CNOT,none,linear,cnot,hamiltonian_local,8,4,4,same_entangling_gate_count,3,2,RZ,2,80,layer_003_wire_002_RZ,3,1.0436737803289e-17,1.5085821272884315e-35,1.0436737803289e-17,1.0
random_bp,expectation_value,bcw_8q_random_bp,hea,RX_RY_RZ_CNOT,none,linear,cnot,hamiltonian_local,8,4,4,same_entangling_gate_count,3,3,RX,0,81,layer_003_wire_003_RX,3,0.0010027349720653407,2.6253123438222166e-05,0.004224471951520385,0.0
random_bp,expectation_value,bcw_8q_random_bp,hea,RX_RY_RZ_CNOT,none,linear,cnot,hamiltonian_local,8,4,4,same_entangling_gate_count,3,3,RY,1,82,layer_003_wire_003_RY,3,0.014732088779085996,0.00033161236388259486,0.015861052383611237,0.0
random_bp,expectation_value,bcw_8q_random_bp,hea,RX_RY_RZ_CNOT,none,linear,cnot,hamiltonian_local,8,4,4,same_entangling_gate_count,3,3,RZ,2,83,layer_003_wire_003_RZ,3,-7.37874434194154e-19,4.981950014580199e-35,5.091885712305072e-18,1.0
random_bp,expectation_value,bcw_8q_random_bp,hea,RX_RY_RZ_CNOT,none,linear,cnot,hamiltonian_local,8,4,4,same_entangling_gate_count,3,4,RX,0,84,layer_003_wire_004_RX,3,0.004403110743186413,5.090912553405747e-05,0.004757885854825451,0.0
random_bp,expectation_value,bcw_8q_random_bp,hea,RX_RY_RZ_CNOT,none,linear,cnot,hamiltonian_local,8,4,4,same_entangling_gate_count,3,4,RY,1,85,layer_003_wire_004_RY,3,-0.012208256717824257,0.0001506085674779743,0.012208256717824257,0.0
random_bp,expectation_value,bcw_8q_random_bp,hea,RX_RY_RZ_CNOT,none,linear,cnot,hamiltonian_local,8,4,4,same_entangling_gate_count,3,4,RZ,2,86,layer_003_wire_004_RZ,3,7.606737512968652e-18,1.1578690159528134e-34,8.0910428529891e-18,1.0
random_bp,expectation_value,bcw_8q_random_bp,hea,RX_RY_RZ_CNOT,none,linear,cnot,hamiltonian_local,8,4,4,same_entangling_gate_count,3,5,RX,0,87,layer_003_wire_005_RX,3,-0.002109112281702961,9.529905568749813e-07,0.002109112281702961,0.0
random_bp,expectation_value,bcw_8q_random_bp,hea,RX_RY_RZ_CNOT,none,linear,cnot,hamiltonian_local,8,4,4,same_entangling_gate_count,3,5,RY,1,88,layer_003_wire_005_RY,3,-0.014163398330788623,0.0008788852509641891,0.02557423435656536,0.0
random_bp,expectation_value,bcw_8q_random_bp,hea,RX_RY_RZ_CNOT,none,linear,cnot,hamiltonian_local,8,4,4,same_entangling_gate_count,3,5,RZ,2,89,layer_003_wire_005_RZ,3,-5.121984730774548e-18,2.113713138978994e-34,1.1864055224160034e-17,1.0
random_bp,expectation_value,bcw_8q_random_bp,hea,RX_RY_RZ_CNOT,none,linear,cnot,hamiltonian_local,8,4,4,same_entangling_gate_count,3,6,RX,0,90,layer_003_wire_006_RX,3,-0.003030039481618498,2.686975577335055e-06,0.003030039481618498,0.0
random_bp,expectation_value,bcw_8q_random_bp,hea,RX_RY_RZ_CNOT,none,linear,cnot,hamiltonian_local,8,4,4,same_entangling_gate_count,3,6,RY,1,91,layer_003_wire_006_RY,3,0.0050493240486312796,1.2780759257799401e-05,0.0050493240486312796,0.0
random_bp,expectation_value,bcw_8q_random_bp,hea,RX_RY_RZ_CNOT,none,linear,cnot,hamiltonian_local,8,4,4,same_entangling_gate_count,3,6,RZ,2,92,layer_003_wire_006_RZ,3,-8.450738180320985e-18,4.442354111213233e-34,1.3349349019235262e-17,1.0
random_bp,expectation_value,bcw_8q_random_bp,hea,RX_RY_RZ_CNOT,none,linear,cnot,hamiltonian_local,8,4,4,same_entangling_gate_count,3,7,RX,0,93,layer_003_wire_007_RX,3,-0.00044947540397025884,6.065609871854139e-07,0.0006962697777281283,0.0
random_bp,expectation_value,bcw_8q_random_bp,hea,RX_RY_RZ_CNOT,none,linear,cnot,hamiltonian_local,8,4,4,same_entangling_gate_count,3,7,RY,1,94,layer_003_wire_007_RY,3,0.004340390355553591,0.0002623984118830885,0.010656552435034244,0.0
random_bp,expectation_value,bcw_8q_random_bp,hea,RX_RY_RZ_CNOT,none,linear,cnot,hamiltonian_local,8,4,4,same_entangling_gate_count,3,7,RZ,2,95,layer_003_wire_007_RZ,3,-3.5160580611404154e-18,8.016039161987032e-37,3.5160580611404154e-18,1.0
random_bp,expectation_value,bcw_8q_random_bp,hea,RX_RY_RZ_CNOT,none,circular,cnot,hamiltonian_local,8,4,4,same_entangling_gate_count,0,0,RX,0,0,layer_000_wire_000_RX,3,0.009842511822739571,0.00019946396857313469,0.01406431149019842,0.0
random_bp,expectation_value,bcw_8q_random_bp,hea,RX_RY_RZ_CNOT,none,circular,cnot,hamiltonian_local,8,4,4,same_entangling_gate_count,0,0,RY,1,1,layer_000_wire_000_RY,3,-0.010069812755760504,0.00048391392142756347,0.01350149179516688,0.0
random_bp,expectation_value,bcw_8q_random_bp,hea,RX_RY_RZ_CNOT,none,circular,cnot,hamiltonian_local,8,4,4,same_entangling_gate_count,0,0,RZ,2,2,layer_000_wire_000_RZ,3,-0.0014615019384506102,0.0001712443080182996,0.010374468902505122,0.0
random_bp,expectation_value,bcw_8q_random_bp,hea,RX_RY_RZ_CNOT,none,circular,cnot,hamiltonian_local,8,4,4,same_entangling_gate_count,0,1,RX,0,3,layer_000_wire_001_RX,3,0.0007430649605353161,9.495723486917869e-05,0.007405935286186357,0.0
random_bp,expectation_value,bcw_8q_random_bp,hea,RX_RY_RZ_CNOT,none,circular,cnot,hamiltonian_local,8,4,4,same_entangling_gate_count,0,1,RY,1,4,layer_000_wire_001_RY,3,0.005781499277499219,0.0004337088877374992,0.013804147584103574,0.0
random_bp,expectation_value,bcw_8q_random_bp,hea,RX_RY_RZ_CNOT,none,circular,cnot,hamiltonian_local,8,4,4,same_entangling_gate_count,0,1,RZ,2,5,layer_000_wire_001_RZ,3,0.000786399767273084,1.4090157446642032e-05,0.002698316763186381,0.0
random_bp,expectation_value,bcw_8q_random_bp,hea,RX_RY_RZ_CNOT,none,circular,cnot,hamiltonian_local,8,4,4,same_entangling_gate_count,0,2,RX,0,6,layer_000_wire_002_RX,3,0.01629002491952396,0.00014231464513565873,0.01629002491952396,0.0
random_bp,expectation_value,bcw_8q_random_bp,hea,RX_RY_RZ_CNOT,none,circular,cnot,hamiltonian_local,8,4,4,same_entangling_gate_count,0,2,RY,1,7,layer_000_wire_002_RY,3,-0.0020253360304800182,0.0008935367506328439,0.022132815121466407,0.0
random_bp,expectation_value,bcw_8q_random_bp,hea,RX_RY_RZ_CNOT,none,circular,cnot,hamiltonian_local,8,4,4,same_entangling_gate_count,0,2,RZ,2,8,layer_000_wire_002_RZ,3,-0.016672996802350494,0.0009158699436856418,0.02864537769288686,0.0
random_bp,expectation_value,bcw_8q_random_bp,hea,RX_RY_RZ_CNOT,none,circular,cnot,hamiltonian_local,8,4,4,same_entangling_gate_count,0,3,RX,0,9,layer_000_wire_003_RX,3,0.0038186221281247797,0.00026469873900572484,0.013459497448863633,0.0
random_bp,expectation_value,bcw_8q_random_bp,hea,RX_RY_RZ_CNOT,none,circular,cnot,hamiltonian_local,8,4,4,same_entangling_gate_count,0,3,RY,1,10,layer_000_wire_003_RY,3,0.0015336736878950952,0.00020403453286162835,0.009897077408767708,0.0
random_bp,expectation_value,bcw_8q_random_bp,hea,RX_RY_RZ_CNOT,none,circular,cnot,hamiltonian_local,8,4,4,same_entangling_gate_count,0,3,RZ,2,11,layer_000_wire_003_RZ,3,0.007838988272034022,0.00020823314038699554,0.013651386927411144,0.0
random_bp,expectation_value,bcw_8q_random_bp,hea,RX_RY_RZ_CNOT,none,circular,cnot,hamiltonian_local,8,4,4,same_entangling_gate_count,0,4,RX,0,12,layer_000_wire_004_RX,3,-0.005547192190595313,0.0002652272265750652,0.01351287530037037,0.0
random_bp,expectation_value,bcw_8q_random_bp,hea,RX_RY_RZ_CNOT,none,circular,cnot,hamiltonian_local,8,4,4,same_entangling_gate_count,0,4,RY,1,13,layer_000_wire_004_RY,3,-0.0024883715541042474,1.0121603288102185e-05,0.002488371554104247,0.0
random_bp,expectation_value,bcw_8q_random_bp,hea,RX_RY_RZ_CNOT,none,circular,cnot,hamiltonian_local,8,4,4,same_entangling_gate_count,0,4,RZ,2,14,layer_000_wire_004_RZ,3,0.009860197025540203,8.198182957128264e-05,0.009860197025540203,0.0
random_bp,expectation_value,bcw_8q_random_bp,hea,RX_RY_RZ_CNOT,none,circular,cnot,hamiltonian_local,8,4,4,same_entangling_gate_count,0,5,RX,0,15,layer_000_wire_005_RX,3,0.005425468207721766,0.0016442810312195994,0.028986709130360302,0.0
random_bp,expectation_value,bcw_8q_random_bp,hea,RX_RY_RZ_CNOT,none,circular,cnot,hamiltonian_local,8,4,4,same_entangling_gate_count,0,5,RY,1,16,layer_000_wire_005_RY,3,0.00151103576249049,0.0006624529236560025,0.018390978791826076,0.0
random_bp,expectation_value,bcw_8q_random_bp,hea,RX_RY_RZ_CNOT,none,circular,cnot,hamiltonian_local,8,4,4,same_entangling_gate_count,0,5,RZ,2,17,layer_000_wire_005_RZ,3,-0.02012726651247578,0.002631020224015383,0.039944401917668015,0.0
random_bp,expectation_value,bcw_8q_random_bp,hea,RX_RY_RZ_CNOT,none,circular,cnot,hamiltonian_local,8,4,4,same_entangling_gate_count,0,6,RX,0,18,layer_000_wire_006_RX,3,0.02689174766665548,0.0004112184070266356,0.026891747666655478,0.0
random_bp,expectation_value,bcw_8q_random_bp,hea,RX_RY_RZ_CNOT,none,circular,cnot,hamiltonian_local,8,4,4,same_entangling_gate_count,0,6,RY,1,19,layer_000_wire_006_RY,3,-0.007787825926775434,4.230894762948711e-05,0.007787825926775435,0.0
random_bp,expectation_value,bcw_8q_random_bp,hea,RX_RY_RZ_CNOT,none,circular,cnot,hamiltonian_local,8,4,4,same_entangling_gate_count,0,6,RZ,2,20,layer_000_wire_006_RZ,3,0.025896201878214814,0.0003548978803264622,0.025896201878214814,0.0
random_bp,expectation_value,bcw_8q_random_bp,hea,RX_RY_RZ_CNOT,none,circular,cnot,hamiltonian_local,8,4,4,same_entangling_gate_count,0,7,RX,0,21,layer_000_wire_007_RX,3,-0.01660569058782297,0.0006059789630993666,0.01660569058782297,0.0
random_bp,expectation_value,bcw_8q_random_bp,hea,RX_RY_RZ_CNOT,none,circular,cnot,hamiltonian_local,8,4,4,same_entangling_gate_count,0,7,RY,1,22,layer_000_wire_007_RY,3,0.008257315825005353,0.00015194475652440198,0.012236758065084225,0.0
random_bp,expectation_value,bcw_8q_random_bp,hea,RX_RY_RZ_CNOT,none,circular,cnot,hamiltonian_local,8,4,4,same_entangling_gate_count,0,7,RZ,2,23,layer_000_wire_007_RZ,3,-0.014670140258662135,0.003660390806452619,0.039563917370500926,0.0
random_bp,expectation_value,bcw_8q_random_bp,hea,RX_RY_RZ_CNOT,none,circular,cnot,hamiltonian_local,8,4,4,same_entangling_gate_count,1,0,RX,0,24,layer_001_wire_000_RX,3,-0.01953124713057198,0.0007568755669420561,0.01953124713057198,0.0
random_bp,expectation_value,bcw_8q_random_bp,hea,RX_RY_RZ_CNOT,none,circular,cnot,hamiltonian_local,8,4,4,same_entangling_gate_count,1,0,RY,1,25,layer_001_wire_000_RY,3,-0.015484051377834526,0.00012121324426987227,0.015484051377834526,0.0
random_bp,expectation_value,bcw_8q_random_bp,hea,RX_RY_RZ_CNOT,none,circular,cnot,hamiltonian_local,8,4,4,same_entangling_gate_count,1,0,RZ,2,26,layer_001_wire_000_RZ,3,-0.0011197147169520081,0.0001252446557210445,0.007880955878224101,0.0
random_bp,expectation_value,bcw_8q_random_bp,hea,RX_RY_RZ_CNOT,none,circular,cnot,hamiltonian_local,8,4,4,same_entangling_gate_count,1,1,RX,0,27,layer_001_wire_001_RX,3,0.02425880301584068,0.0008872039315582638,0.024258803015840682,0.0
random_bp,expectation_value,bcw_8q_random_bp,hea,RX_RY_RZ_CNOT,none,circular,cnot,hamiltonian_local,8,4,4,same_entangling_gate_count,1,1,RY,1,28,layer_001_wire_001_RY,3,0.007442559495955156,0.0001312210308513621,0.0077951689184173585,0.0
random_bp,expectation_value,bcw_8q_random_bp,hea,RX_RY_RZ_CNOT,none,circular,cnot,hamiltonian_local,8,4,4,same_entangling_gate_count,1,1,RZ,2,29,layer_001_wire_001_RZ,3,0.023155894831644444,0.00021405313771758993,0.023155894831644444,0.0
random_bp,expectation_value,bcw_8q_random_bp,hea,RX_RY_RZ_CNOT,none,circular,cnot,hamiltonian_local,8,4,4,same_entangling_gate_count,1,2,RX,0,30,layer_001_wire_002_RX,3,-0.01418858268050819,0.0003865257965000704,0.01671647710728607,0.0
random_bp,expectation_value,bcw_8q_random_bp,hea,RX_RY_RZ_CNOT,none,circular,cnot,hamiltonian_local,8,4,4,same_entangling_gate_count,1,2,RY,1,31,layer_001_wire_002_RY,3,-0.016884073677710783,7.96142350118963e-05,0.016884073677710786,0.0
random_bp,expectation_value,bcw_8q_random_bp,hea,RX_RY_RZ_CNOT,none,circular,cnot,hamiltonian_local,8,4,4,same_entangling_gate_count,1,2,RZ,2,32,layer_001_wire_002_RZ,3,-0.014096836202713845,0.0006760085702844666,0.021495454833478714,0.0
random_bp,expectation_value,bcw_8q_random_bp,hea,RX_RY_RZ_CNOT,none,circular,cnot,hamiltonian_local,8,4,4,same_entangling_gate_count,1,3,RX,0,33,layer_001_wire_003_RX,3,0.0032497705512770786,1.345285007337446e-05,0.0034100147559896813,0.0
random_bp,expectation_value,bcw_8q_random_bp,hea,RX_RY_RZ_CNOT,none,circular,cnot,hamiltonian_local,8,4,4,same_entangling_gate_count,1,3,RY,1,34,layer_001_wire_003_RY,3,-0.010977889676645985,0.0021884900383527866,0.0319361712974225,0.0
random_bp,expectation_value,bcw_8q_random_bp,hea,RX_RY_RZ_CNOT,none,circular,cnot,hamiltonian_local,8,4,4,same_entangling_gate_count,1,3,RZ,2,35,layer_001_wire_003_RZ,3,0.0061778274414138485,0.00029644771968059835,0.013271910329018484,0.0
random_bp,expectation_value,bcw_8q_random_bp,hea,RX_RY_RZ_CNOT,none,circular,cnot,hamiltonian_local,8,4,4,same_entangling_gate_count,1,4,RX,0,36,layer_001_wire_004_RX,3,0.018366694259602013,2.847308405458391e-05,0.018366694259602013,0.0
random_bp,expectation_value,bcw_8q_random_bp,hea,RX_RY_RZ_CNOT,none,circular,cnot,hamiltonian_local,8,4,4,same_entangling_gate_count,1,4,RY,1,37,layer_001_wire_004_RY,3,-0.01700247896752416,7.654848070136512e-05,0.01700247896752416,0.0
random_bp,expectation_value,bcw_8q_random_bp,hea,RX_RY_RZ_CNOT,none,circular,cnot,hamiltonian_local,8,4,4,same_entangling_gate_count,1,4,RZ,2,38,layer_001_wire_004_RZ,3,-0.015795831858022205,0.00024834845641307505,0.016759881028018984,0.0
random_bp,expectation_value,bcw_8q_random_bp,hea,RX_RY_RZ_CNOT,none,circular,cnot,hamiltonian_local,8,4,4,same_entangling_gate_count,1,5,RX,0,39,layer_001_wire_005_RX,3,-0.006097363186445819,0.0014392042704905305,0.030022048687977854,0.0
random_bp,expectation_value,bcw_8q_random_bp,hea,RX_RY_RZ_CNOT,none,circular,cnot,hamiltonian_local,8,4,4,same_entangling_gate_count,1,5,RY,1,40,layer_001_wire_005_RY,3,-0.027261895223957056,0.00023224416085170885,0.027261895223957056,0.0
random_bp,expectation_value,bcw_8q_random_bp,hea,RX_RY_RZ_CNOT,none,circular,cnot,hamiltonian_local,8,4,4,same_entangling_gate_count,1,5,RZ,2,41,layer_001_wire_005_RZ,3,0.008384039440665046,0.0007324157406557515,0.02305110741938864,0.0
random_bp,expectation_value,bcw_8q_random_bp,hea,RX_RY_RZ_CNOT,none,circular,cnot,hamiltonian_local,8,4,4,same_entangling_gate_count,1,6,RX,0,42,layer_001_wire_006_RX,3,0.005640740024549401,6.509713272089531e-05,0.0056407400245494016,0.0
random_bp,expectation_value,bcw_8q_random_bp,hea,RX_RY_RZ_CNOT,none,circular,cnot,hamiltonian_local,8,4,4,same_entangling_gate_count,1,6,RY,1,43,layer_001_wire_006_RY,3,0.006181791709232478,0.0002587674185534744,0.014083328627302666,0.0
random_bp,expectation_value,bcw_8q_random_bp,hea,RX_RY_RZ_CNOT,none,circular,cnot,hamiltonian_local,8,4,4,same_entangling_gate_count,1,6,RZ,2,44,layer_001_wire_006_RZ,3,-0.004701120747334111,2.2014441144926205e-05,0.004701120747334111,0.0
random_bp,expectation_value,bcw_8q_random_bp,hea,RX_RY_RZ_CNOT,none,circular,cnot,hamiltonian_local,8,4,4,same_entangling_gate_count,1,7,RX,0,45,layer_001_wire_007_RX,3,0.024512389777019816,0.0025667302314445048,0.045769372940696634,0.0
random_bp,expectation_value,bcw_8q_random_bp,hea,RX_RY_RZ_CNOT,none,circular,cnot,hamiltonian_local,8,4,4,same_entangling_gate_count,1,7,RY,1,46,layer_001_wire_007_RY,3,0.011023411743723923,0.0002677476821090983,0.01582636932608316,0.0
random_bp,expectation_value,bcw_8q_random_bp,hea,RX_RY_RZ_CNOT,none,circular,cnot,hamiltonian_local,8,4,4,same_entangling_gate_count,1,7,RZ,2,47,layer_001_wire_007_RZ,3,0.013849456823298098,0.0018344561267017575,0.028272964779395143,0.0
random_bp,expectation_value,bcw_8q_random_bp,hea,RX_RY_RZ_CNOT,none,circular,cnot,hamiltonian_local,8,4,4,same_entangling_gate_count,2,0,RX,0,48,layer_002_wire_000_RX,3,0.00719984213648833,0.00038065642267809564,0.017367846593891293,0.0
random_bp,expectation_value,bcw_8q_random_bp,hea,RX_RY_RZ_CNOT,none,circular,cnot,hamiltonian_local,8,4,4,same_entangling_gate_count,2,0,RY,1,49,layer_002_wire_000_RY,3,-0.024590704518274737,0.0017578049313590931,0.03910301460176587,0.0
random_bp,expectation_value,bcw_8q_random_bp,hea,RX_RY_RZ_CNOT,none,circular,cnot,hamiltonian_local,8,4,4,same_entangling_gate_count,2,0,RZ,2,50,layer_002_wire_000_RZ,3,-0.00030104262527950554,0.00011883978505364635,0.007971643299518967,0.0
random_bp,expectation_value,bcw_8q_random_bp,hea,RX_RY_RZ_CNOT,none,circular,cnot,hamiltonian_local,8,4,4,same_entangling_gate_count,2,1,RX,0,51,layer_002_wire_001_RX,3,0.011703996547222562,0.0004957087142547437,0.01884477370609509,0.0
random_bp,expectation_value,bcw_8q_random_bp,hea,RX_RY_RZ_CNOT,none,circular,cnot,hamiltonian_local,8,4,4,same_entangling_gate_count,2,1,RY,1,52,layer_002_wire_001_RY,3,0.01210080427051679,0.00021353727730482518,0.015267571269534416,0.0
random_bp,expectation_value,bcw_8q_random_bp,hea,RX_RY_RZ_CNOT,none,circular,cnot,hamiltonian_local,8,4,4,same_entangling_gate_count,2,1,RZ,2,53,layer_002_wire_001_RZ,3,-0.003528155014457997,0.0002666061191369768,0.01343194484541293,0.0
random_bp,expectation_value,bcw_8q_random_bp,hea,RX_RY_RZ_CNOT,none,circular,cnot,hamiltonian_local,8,4,4,same_entangling_gate_count,2,2,RX,0,54,layer_002_wire_002_RX,3,-0.0015598735500761815,0.00011574471647322773,0.007123833421566403,0.0
random_bp,expectation_value,bcw_8q_random_bp,hea,RX_RY_RZ_CNOT,none,circular,cnot,hamiltonian_local,8,4,4,same_entangling_gate_count,2,2,RY,1,55,layer_002_wire_002_RY,3,-0.0036942435067612456,0.000360833634037861,0.014413374624056119,0.0
random_bp,expectation_value,bcw_8q_random_bp,hea,RX_RY_RZ_CNOT,none,circular,cnot,hamiltonian_local,8,4,4,same_entangling_gate_count,2,2,RZ,2,56,layer_002_wire_002_RZ,3,-0.006506642525087489,0.0006475134588078985,0.021715296309695153,0.0
random_bp,expectation_value,bcw_8q_random_bp,hea,RX_RY_RZ_CNOT,none,circular,cnot,hamiltonian_local,8,4,4,same_entangling_gate_count,2,3,RX,0,57,layer_002_wire_003_RX,3,-0.016536273124955,9.19880357301838e-05,0.016536273124955,0.0
random_bp,expectation_value,bcw_8q_random_bp,hea,RX_RY_RZ_CNOT,none,circular,cnot,hamiltonian_local,8,4,4,same_entangling_gate_count,2,3,RY,1,58,layer_002_wire_003_RY,3,0.012970044130184204,0.00043839280857749767,0.020393724498364373,0.0
random_bp,expectation_value,bcw_8q_random_bp,hea,RX_RY_RZ_CNOT,none,circular,cnot,hamiltonian_local,8,4,4,same_entangling_gate_count,2,3,RZ,2,59,layer_002_wire_003_RZ,3,0.010815346715740953,0.00088731942864585,0.019281822597701833,0.0
random_bp,expectation_value,bcw_8q_random_bp,hea,RX_RY_RZ_CNOT,none,circular,cnot,hamiltonian_local,8,4,4,same_entangling_gate_count,2,4,RX,0,60,layer_002_wire_004_RX,3,0.0006008160065462027,0.003123372569932326,0.03826291963433847,0.0
random_bp,expectation_value,bcw_8q_random_bp,hea,RX_RY_RZ_CNOT,none,circular,cnot,hamiltonian_local,8,4,4,same_entangling_gate_count,2,4,RY,1,61,layer_002_wire_004_RY,3,-0.01820615755023214,0.00042819291395077095,0.01820615755023214,0.0
random_bp,expectation_value,bcw_8q_random_bp,hea,RX_RY_RZ_CNOT,none,circular,cnot,hamiltonian_local,8,4,4,same_entangling_gate_count,2,4,RZ,2,62,layer_002_wire_004_RZ,3,0.011147071375068984,0.0014015116283507029,0.024820699271982622,0.0
random_bp,expectation_value,bcw_8q_random_bp,hea,RX_RY_RZ_CNOT,none,circular,cnot,hamiltonian_local,8,4,4,same_entangling_gate_count,2,5,RX,0,63,layer_002_wire_005_RX,3,-0.02786383379553324,0.0008886668245296748,0.030818510692675046,0.0
random_bp,expectation_value,bcw_8q_random_bp,hea,RX_RY_RZ_CNOT,none,circular,cnot,hamiltonian_local,8,4,4,same_entangling_gate_count,2,5,RY,1,64,layer_002_wire_005_RY,3,-0.01390499803614036,7.80532777001476e-05,0.013904998036140358,0.0
random_bp,expectation_value,bcw_8q_random_bp,hea,RX_RY_RZ_CNOT,none,circular,cnot,hamiltonian_local,8,4,4,same_entangling_gate_count,2,5,RZ,2,65,layer_002_wire_005_RZ,3,-0.015631324031763344,0.0004509746838091447,0.01565727494987669,0.0
random_bp,expectation_value,bcw_8q_random_bp,hea,RX_RY_RZ_CNOT,none,circular,cnot,hamiltonian_local,8,4,4,same_entangling_gate_count,2,6,RX,0,66,layer_002_wire_006_RX,3,-0.015812388619761596,0.0003884928826961902,0.01924371825897625,0.0
random_bp,expectation_value,bcw_8q_random_bp,hea,RX_RY_RZ_CNOT,none,circular,cnot,hamiltonian_local,8,4,4,same_entangling_gate_count,2,6,RY,1,67,layer_002_wire_006_RY,3,-0.013245075778117347,0.0007596956399470993,0.016761701021221025,0.0
random_bp,expectation_value,bcw_8q_random_bp,hea,RX_RY_RZ_CNOT,none,circular,cnot,hamiltonian_local,8,4,4,same_entangling_gate_count,2,6,RZ,2,68,layer_002_wire_006_RZ,3,0.013456442493650385,0.001044685524944366,0.025754139104746738,0.0
random_bp,expectation_value,bcw_8q_random_bp,hea,RX_RY_RZ_CNOT,none,circular,cnot,hamiltonian_local,8,4,4,same_entangling_gate_count,2,7,RX,0,69,layer_002_wire_007_RX,3,-0.008999027072242961,0.0001855586967888444,0.013417418805620447,0.0
random_bp,expectation_value,bcw_8q_random_bp,hea,RX_RY_RZ_CNOT,none,circular,cnot,hamiltonian_local,8,4,4,same_entangling_gate_count,2,7,RY,1,70,layer_002_wire_007_RY,3,-0.0032506547752393315,0.0007175516888033664,0.01951208563973186,0.0
random_bp,expectation_value,bcw_8q_random_bp,hea,RX_RY_RZ_CNOT,none,circular,cnot,hamiltonian_local,8,4,4,same_entangling_gate_count,2,7,RZ,2,71,layer_002_wire_007_RZ,3,0.007693436076888695,0.0004543964524761471,0.016701799748995386,0.0
random_bp,expectation_value,bcw_8q_random_bp,hea,RX_RY_RZ_CNOT,none,circular,cnot,hamiltonian_local,8,4,4,same_entangling_gate_count,3,0,RX,0,72,layer_003_wire_000_RX,3,0.002469589311460056,1.3021127340596617e-05,0.0035975343130544807,0.0
random_bp,expectation_value,bcw_8q_random_bp,hea,RX_RY_RZ_CNOT,none,circular,cnot,hamiltonian_local,8,4,4,same_entangling_gate_count,3,0,RY,1,73,layer_003_wire_000_RY,3,0.007426653828552808,6.233036995515907e-05,0.007426653828552808,0.0
random_bp,expectation_value,bcw_8q_random_bp,hea,RX_RY_RZ_CNOT,none,circular,cnot,hamiltonian_local,8,4,4,same_entangling_gate_count,3,0,RZ,2,74,layer_003_wire_000_RZ,3,-5.795637700751336e-18,1.6964399187079798e-34,1.1952882937616368e-17,1.0
random_bp,expectation_value,bcw_8q_random_bp,hea,RX_RY_RZ_CNOT,none,circular,cnot,hamiltonian_local,8,4,4,same_entangling_gate_count,3,1,RX,0,75,layer_003_wire_001_RX,3,8.60133723505167e-18,5.90725094433227e-35,8.745897524716403e-18,1.0
random_bp,expectation_value,bcw_8q_random_bp,hea,RX_RY_RZ_CNOT,none,circular,cnot,hamiltonian_local,8,4,4,same_entangling_gate_count,3,1,RY,1,76,layer_003_wire_001_RY,3,-2.312964634635743e-18,1.6049416203226967e-35,2.3129646346357427e-18,1.0
random_bp,expectation_value,bcw_8q_random_bp,hea,RX_RY_RZ_CNOT,none,circular,cnot,hamiltonian_local,8,4,4,same_entangling_gate_count,3,1,RZ,2,77,layer_003_wire_001_RZ,3,9.200703671327541e-18,1.654394376859511e-35,9.20070367132754e-18,1.0
random_bp,expectation_value,bcw_8q_random_bp,hea,RX_RY_RZ_CNOT,none,circular,cnot,hamiltonian_local,8,4,4,same_entangling_gate_count,3,2,RX,0,78,layer_003_wire_002_RX,3,-0.0031922162469442683,0.000244867058773364,0.012608708203361532,0.0
random_bp,expectation_value,bcw_8q_random_bp,hea,RX_RY_RZ_CNOT,none,circular,cnot,hamiltonian_local,8,4,4,same_entangling_gate_count,3,2,RY,1,79,layer_003_wire_002_RY,3,0.014385796060407414,0.0027416253210932645,0.04480690560235936,0.0
random_bp,expectation_value,bcw_8q_random_bp,hea,RX_RY_RZ_CNOT,none,circular,cnot,hamiltonian_local,8,4,4,same_entangling_gate_count,3,2,RZ,2,80,layer_003_wire_002_RZ,3,-7.154915019882966e-19,3.2746794546490317e-34,1.3347905914513934e-17,1.0
random_bp,expectation_value,bcw_8q_random_bp,hea,RX_RY_RZ_CNOT,none,circular,cnot,hamiltonian_local,8,4,4,same_entangling_gate_count,3,3,RX,0,81,layer_003_wire_003_RX,3,-0.0135232374435124,0.0002170729035636144,0.013523237443512401,0.0
random_bp,expectation_value,bcw_8q_random_bp,hea,RX_RY_RZ_CNOT,none,circular,cnot,hamiltonian_local,8,4,4,same_entangling_gate_count,3,3,RY,1,82,layer_003_wire_003_RY,3,0.003100133937002936,0.00015685388913750303,0.009225490100233965,0.0
random_bp,expectation_value,bcw_8q_random_bp,hea,RX_RY_RZ_CNOT,none,circular,cnot,hamiltonian_local,8,4,4,same_entangling_gate_count,3,3,RZ,2,83,layer_003_wire_003_RZ,3,-6.082219511708812e-18,5.923405792620572e-35,7.56767837490269e-18,1.0
random_bp,expectation_value,bcw_8q_random_bp,hea,RX_RY_RZ_CNOT,none,circular,cnot,hamiltonian_local,8,4,4,same_entangling_gate_count,3,4,RX,0,84,layer_003_wire_004_RX,3,0.0023633847582123137,1.8069396930773585e-05,0.003230490681588052,0.0
random_bp,expectation_value,bcw_8q_random_bp,hea,RX_RY_RZ_CNOT,none,circular,cnot,hamiltonian_local,8,4,4,same_entangling_gate_count,3,4,RY,1,85,layer_003_wire_004_RY,3,-0.00533524472417848,0.0005324869377281212,0.016050878746409435,0.0
random_bp,expectation_value,bcw_8q_random_bp,hea,RX_RY_RZ_CNOT,none,circular,cnot,hamiltonian_local,8,4,4,same_entangling_gate_count,3,4,RZ,2,86,layer_003_wire_004_RZ,3,-7.528630199136155e-19,6.091494134614348e-35,5.628118945852645e-18,1.0
random_bp,expectation_value,bcw_8q_random_bp,hea,RX_RY_RZ_CNOT,none,circular,cnot,hamiltonian_local,8,4,4,same_entangling_gate_count,3,5,RX,0,87,layer_003_wire_005_RX,3,0.0009130087758769726,0.00019653027910852052,0.010670206279377883,0.0
random_bp,expectation_value,bcw_8q_random_bp,hea,RX_RY_RZ_CNOT,none,circular,cnot,hamiltonian_local,8,4,4,same_entangling_gate_count,3,5,RY,1,88,layer_003_wire_005_RY,3,-0.01077817318918822,0.0014164253143558907,0.03160151715096495,0.0
random_bp,expectation_value,bcw_8q_random_bp,hea,RX_RY_RZ_CNOT,none,circular,cnot,hamiltonian_local,8,4,4,same_entangling_gate_count,3,5,RZ,2,89,layer_003_wire_005_RZ,3,-5.771971746027068e-18,2.82569347431579e-34,1.096055768434503e-17,1.0
random_bp,expectation_value,bcw_8q_random_bp,hea,RX_RY_RZ_CNOT,none,circular,cnot,hamiltonian_local,8,4,4,same_entangling_gate_count,3,6,RX,0,90,layer_003_wire_006_RX,3,-0.00029194849829438166,0.0002324561146290166,0.011281165663047247,0.0
random_bp,expectation_value,bcw_8q_random_bp,hea,RX_RY_RZ_CNOT,none,circular,cnot,hamiltonian_local,8,4,4,same_entangling_gate_count,3,6,RY,1,91,layer_003_wire_006_RY,3,-0.00015104742347341656,4.891670384937968e-05,0.005198739555265118,0.0
random_bp,expectation_value,bcw_8q_random_bp,hea,RX_RY_RZ_CNOT,none,circular,cnot,hamiltonian_local,8,4,4,same_entangling_gate_count,3,6,RZ,2,92,layer_003_wire_006_RZ,3,1.0148807801826753e-17,1.9874007162881753e-34,1.099073322364316e-17,1.0
random_bp,expectation_value,bcw_8q_random_bp,hea,RX_RY_RZ_CNOT,none,circular,cnot,hamiltonian_local,8,4,4,same_entangling_gate_count,3,7,RX,0,93,layer_003_wire_007_RX,3,0.001054658671408869,3.147532572081348e-05,0.0037036578714179174,0.0
random_bp,expectation_value,bcw_8q_random_bp,hea,RX_RY_RZ_CNOT,none,circular,cnot,hamiltonian_local,8,4,4,same_entangling_gate_count,3,7,RY,1,94,layer_003_wire_007_RY,3,0.009561401304212375,0.0003144898193256287,0.012765313770870259,0.0
random_bp,expectation_value,bcw_8q_random_bp,hea,RX_RY_RZ_CNOT,none,circular,cnot,hamiltonian_local,8,4,4,same_entangling_gate_count,3,7,RZ,2,95,layer_003_wire_007_RZ,3,-4.2959782210391315e-19,2.7915250102436166e-34,1.2596139019022422e-17,1.0
random_bp,expectation_value,bcw_8q_random_bp,hea,RX_RY_RZ_CNOT,none,linear,cnot,local,8,8,8,same_entangling_gate_count,0,0,RX,0,0,layer_000_wire_000_RX,3,0.00950694846627238,0.00036428272411689585,0.017565498647356185,0.0
random_bp,expectation_value,bcw_8q_random_bp,hea,RX_RY_RZ_CNOT,none,linear,cnot,local,8,8,8,same_entangling_gate_count,0,0,RY,1,1,layer_000_wire_000_RY,3,0.014518477582214081,0.000190283594889854,0.015045010700229393,0.0
random_bp,expectation_value,bcw_8q_random_bp,hea,RX_RY_RZ_CNOT,none,linear,cnot,local,8,8,8,same_entangling_gate_count,0,0,RZ,2,2,layer_000_wire_000_RZ,3,0.015804456959872246,0.00016026585478168143,0.015804456959872246,0.0
random_bp,expectation_value,bcw_8q_random_bp,hea,RX_RY_RZ_CNOT,none,linear,cnot,local,8,8,8,same_entangling_gate_count,0,1,RX,0,3,layer_000_wire_001_RX,3,0.0150717415530211,0.002016449423688503,0.03451034747323822,0.0
random_bp,expectation_value,bcw_8q_random_bp,hea,RX_RY_RZ_CNOT,none,linear,cnot,local,8,8,8,same_entangling_gate_count,0,1,RY,1,4,layer_000_wire_001_RY,3,-0.008064329284708455,0.0008056419000388761,0.019093604211744414,0.0
random_bp,expectation_value,bcw_8q_random_bp,hea,RX_RY_RZ_CNOT,none,linear,cnot,local,8,8,8,same_entangling_gate_count,0,1,RZ,2,5,layer_000_wire_001_RZ,3,0.022333214999345756,0.001101526996543278,0.0296894921740143,0.0
random_bp,expectation_value,bcw_8q_random_bp,hea,RX_RY_RZ_CNOT,none,linear,cnot,local,8,8,8,same_entangling_gate_count,0,2,RX,0,6,layer_000_wire_002_RX,3,0.011702986495930365,0.0004665680648964284,0.020520613747401103,0.0
random_bp,expectation_value,bcw_8q_random_bp,hea,RX_RY_RZ_CNOT,none,linear,cnot,local,8,8,8,same_entangling_gate_count,0,2,RY,1,7,layer_000_wire_002_RY,3,0.004488020703243118,1.3949375926455531e-05,0.004488020703243118,0.0
random_bp,expectation_value,bcw_8q_random_bp,hea,RX_RY_RZ_CNOT,none,linear,cnot,local,8,8,8,same_entangling_gate_count,0,2,RZ,2,8,layer_000_wire_002_RZ,3,0.005721987963202318,0.00015700371077644596,0.011535777355844037,0.0
random_bp,expectation_value,bcw_8q_random_bp,hea,RX_RY_RZ_CNOT,none,linear,cnot,local,8,8,8,same_entangling_gate_count,0,3,RX,0,9,layer_000_wire_003_RX,3,-0.0005827651662553119,0.00020164359107548223,0.011032466622151871,0.0
random_bp,expectation_value,bcw_8q_random_bp,hea,RX_RY_RZ_CNOT,none,linear,cnot,local,8,8,8,same_entangling_gate_count,0,3,RY,1,10,layer_000_wire_003_RY,3,0.005001008712563315,0.00015203860765364315,0.010936125013591915,0.0
random_bp,expectation_value,bcw_8q_random_bp,hea,RX_RY_RZ_CNOT,none,linear,cnot,local,8,8,8,same_entangling_gate_count,0,3,RZ,2,11,layer_000_wire_003_RZ,3,-0.004045201679017445,0.00016071118051615786,0.011046082576829916,0.0
random_bp,expectation_value,bcw_8q_random_bp,hea,RX_RY_RZ_CNOT,none,linear,cnot,local,8,8,8,same_entangling_gate_count,0,4,RX,0,12,layer_000_wire_004_RX,3,-0.016818353857405523,0.00020934384696086537,0.016818353857405523,0.0
random_bp,expectation_value,bcw_8q_random_bp,hea,RX_RY_RZ_CNOT,none,linear,cnot,local,8,8,8,same_entangling_gate_count,0,4,RY,1,13,layer_000_wire_004_RY,3,-0.007223800729160344,1.1059792837326009e-05,0.007223800729160345,0.0
random_bp,expectation_value,bcw_8q_random_bp,hea,RX_RY_RZ_CNOT,none,linear,cnot,local,8,8,8,same_entangling_gate_count,0,4,RZ,2,14,layer_000_wire_004_RZ,3,-0.0017753838042528476,0.00018985035495577358,0.00996813451028701,0.0
random_bp,expectation_value,bcw_8q_random_bp,hea,RX_RY_RZ_CNOT,none,linear,cnot,local,8,8,8,same_entangling_gate_count,0,5,RX,0,15,layer_000_wire_005_RX,3,-0.002057202355791492,0.0010103918583525121,0.023633615950638797,0.0
random_bp,expectation_value,bcw_8q_random_bp,hea,RX_RY_RZ_CNOT,none,linear,cnot,local,8,8,8,same_entangling_gate_count,0,5,RY,1,16,layer_000_wire_005_RY,3,0.01012463957397182,0.00032378879446667895,0.01490641923900838,0.0
random_bp,expectation_value,bcw_8q_random_bp,hea,RX_RY_RZ_CNOT,none,linear,cnot,local,8,8,8,same_entangling_gate_count,0,5,RZ,2,17,layer_000_wire_005_RZ,3,0.015600490237975476,0.0006579472770916745,0.02368681608811805,0.0
random_bp,expectation_value,bcw_8q_random_bp,hea,RX_RY_RZ_CNOT,none,linear,cnot,local,8,8,8,same_entangling_gate_count,0,6,RX,0,18,layer_000_wire_006_RX,3,0.005851525098822148,5.335935573349173e-05,0.0058515250988221456,0.0
random_bp,expectation_value,bcw_8q_random_bp,hea,RX_RY_RZ_CNOT,none,linear,cnot,local,8,8,8,same_entangling_gate_count,0,6,RY,1,19,layer_000_wire_006_RY,3,0.00015115144917786285,2.7341056644477708e-05,0.004069902979749054,0.0
random_bp,expectation_value,bcw_8q_random_bp,hea,RX_RY_RZ_CNOT,none,linear,cnot,local,8,8,8,same_entangling_gate_count,0,6,RZ,2,20,layer_000_wire_006_RZ,3,0.002182747920498581,0.0001153694668119839,0.008009213698698713,0.0
random_bp,expectation_value,bcw_8q_random_bp,hea,RX_RY_RZ_CNOT,none,linear,cnot,local,8,8,8,same_entangling_gate_count,0,7,RX,0,21,layer_000_wire_007_RX,3,0.003155081166192754,0.00017768702853506252,0.011093333622839563,0.0
random_bp,expectation_value,bcw_8q_random_bp,hea,RX_RY_RZ_CNOT,none,linear,cnot,local,8,8,8,same_entangling_gate_count,0,7,RY,1,22,layer_000_wire_007_RY,3,-0.0014206989154007398,7.945544919990251e-05,0.006214310673894788,0.0
random_bp,expectation_value,bcw_8q_random_bp,hea,RX_RY_RZ_CNOT,none,linear,cnot,local,8,8,8,same_entangling_gate_count,0,7,RZ,2,23,layer_000_wire_007_RZ,3,-0.010629282465262558,3.666623310411764e-05,0.01062928246526256,0.0
random_bp,expectation_value,bcw_8q_random_bp,hea,RX_RY_RZ_CNOT,none,linear,cnot,local,8,8,8,same_entangling_gate_count,1,0,RX,0,24,layer_001_wire_000_RX,3,0.014355359545610801,0.001262143212449183,0.03142744326382279,0.0
random_bp,expectation_value,bcw_8q_random_bp,hea,RX_RY_RZ_CNOT,none,linear,cnot,local,8,8,8,same_entangling_gate_count,1,0,RY,1,25,layer_001_wire_000_RY,3,0.0013465748405783622,0.00011888049077882569,0.008841357193497467,0.0
random_bp,expectation_value,bcw_8q_random_bp,hea,RX_RY_RZ_CNOT,none,linear,cnot,local,8,8,8,same_entangling_gate_count,1,0,RZ,2,26,layer_001_wire_000_RZ,3,0.011496817323941283,0.0019284029490496868,0.036498324490247674,0.0
random_bp,expectation_value,bcw_8q_random_bp,hea,RX_RY_RZ_CNOT,none,linear,cnot,local,8,8,8,same_entangling_gate_count,1,1,RX,0,27,layer_001_wire_001_RX,3,0.0180985012118388,0.0004345499246924187,0.022005951417311948,0.0
random_bp,expectation_value,bcw_8q_random_bp,hea,RX_RY_RZ_CNOT,none,linear,cnot,local,8,8,8,same_entangling_gate_count,1,1,RY,1,28,layer_001_wire_001_RY,3,-0.0020482990628675375,0.0020240589615244478,0.034074398297566255,0.0
random_bp,expectation_value,bcw_8q_random_bp,hea,RX_RY_RZ_CNOT,none,linear,cnot,local,8,8,8,same_entangling_gate_count,1,1,RZ,2,29,layer_001_wire_001_RZ,3,-0.003340414425621708,0.0012422562896292604,0.026054808028339344,0.0
random_bp,expectation_value,bcw_8q_random_bp,hea,RX_RY_RZ_CNOT,none,linear,cnot,local,8,8,8,same_entangling_gate_count,1,2,RX,0,30,layer_001_wire_002_RX,3,-0.003018109633399941,0.0002729585235761914,0.012160034563941413,0.0
random_bp,expectation_value,bcw_8q_random_bp,hea,RX_RY_RZ_CNOT,none,linear,cnot,local,8,8,8,same_entangling_gate_count,1,2,RY,1,31,layer_001_wire_002_RY,3,-0.006779323874812142,0.0003464678361793997,0.015234371849328757,0.0
random_bp,expectation_value,bcw_8q_random_bp,hea,RX_RY_RZ_CNOT,none,linear,cnot,local,8,8,8,same_entangling_gate_count,1,2,RZ,2,32,layer_001_wire_002_RZ,3,-0.0034508307699990153,0.0005040615075202113,0.01607326155571709,0.0
random_bp,expectation_value,bcw_8q_random_bp,hea,RX_RY_RZ_CNOT,none,linear,cnot,local,8,8,8,same_entangling_gate_count,1,3,RX,0,33,layer_001_wire_003_RX,3,0.007212831894645691,0.0001415857958652467,0.008001836099647839,0.0
random_bp,expectation_value,bcw_8q_random_bp,hea,RX_RY_RZ_CNOT,none,linear,cnot,local,8,8,8,same_entangling_gate_count,1,3,RY,1,34,layer_001_wire_003_RY,3,-0.0098309630778956,6.733524187751385e-05,0.0098309630778956,0.0
random_bp,expectation_value,bcw_8q_random_bp,hea,RX_RY_RZ_CNOT,none,linear,cnot,local,8,8,8,same_entangling_gate_count,1,3,RZ,2,35,layer_001_wire_003_RZ,3,-0.0032412823845023933,0.0001882710404929408,0.009368300702020287,0.0
random_bp,expectation_value,bcw_8q_random_bp,hea,RX_RY_RZ_CNOT,none,linear,cnot,local,8,8,8,same_entangling_gate_count,1,4,RX,0,36,layer_001_wire_004_RX,3,-0.006930112360399394,0.00019651636279191694,0.013101428722326376,0.0
random_bp,expectation_value,bcw_8q_random_bp,hea,RX_RY_RZ_CNOT,none,linear,cnot,local,8,8,8,same_entangling_gate_count,1,4,RY,1,37,layer_001_wire_004_RY,3,-0.00885210130024965,0.0004222163814395774,0.013894590284210903,0.0
random_bp,expectation_value,bcw_8q_random_bp,hea,RX_RY_RZ_CNOT,none,linear,cnot,local,8,8,8,same_entangling_gate_count,1,4,RZ,2,38,layer_001_wire_004_RZ,3,0.031085249606098427,0.000882724884596102,0.031085249606098427,0.0
random_bp,expectation_value,bcw_8q_random_bp,hea,RX_RY_RZ_CNOT,none,linear,cnot,local,8,8,8,same_entangling_gate_count,1,5,RX,0,39,layer_001_wire_005_RX,3,-0.006182800674917496,6.727127527784647e-05,0.00714816121667855,0.0
random_bp,expectation_value,bcw_8q_random_bp,hea,RX_RY_RZ_CNOT,none,linear,cnot,local,8,8,8,same_entangling_gate_count,1,5,RY,1,40,layer_001_wire_005_RY,3,-0.010900396821351424,0.00010329913826321764,0.010945589251176469,0.0
random_bp,expectation_value,bcw_8q_random_bp,hea,RX_RY_RZ_CNOT,none,linear,cnot,local,8,8,8,same_entangling_gate_count,1,5,RZ,2,41,layer_001_wire_005_RZ,3,0.007506504132271821,3.3567832594718944e-05,0.007506504132271822,0.0
random_bp,expectation_value,bcw_8q_random_bp,hea,RX_RY_RZ_CNOT,none,linear,cnot,local,8,8,8,same_entangling_gate_count,1,6,RX,0,42,layer_001_wire_006_RX,3,0.000734210713480288,7.070351196193589e-05,0.006127819629585332,0.0
random_bp,expectation_value,bcw_8q_random_bp,hea,RX_RY_RZ_CNOT,none,linear,cnot,local,8,8,8,same_entangling_gate_count,1,6,RY,1,43,layer_001_wire_006_RY,3,0.0050960030844239175,0.0003498245125749161,0.012499897771489453,0.0
random_bp,expectation_value,bcw_8q_random_bp,hea,RX_RY_RZ_CNOT,none,linear,cnot,local,8,8,8,same_entangling_gate_count,1,6,RZ,2,44,layer_001_wire_006_RZ,3,-0.0025715499689224343,2.580205092329296e-05,0.004062517004881263,0.0
random_bp,expectation_value,bcw_8q_random_bp,hea,RX_RY_RZ_CNOT,none,linear,cnot,local,8,8,8,same_entangling_gate_count,1,7,RX,0,45,layer_001_wire_007_RX,3,0.004417430989330253,6.421935562051326e-05,0.0074654681058577,0.0
random_bp,expectation_value,bcw_8q_random_bp,hea,RX_RY_RZ_CNOT,none,linear,cnot,local,8,8,8,same_entangling_gate_count,1,7,RY,1,46,layer_001_wire_007_RY,3,0.016057150107060332,0.0001936743841865256,0.016057150107060332,0.0
random_bp,expectation_value,bcw_8q_random_bp,hea,RX_RY_RZ_CNOT,none,linear,cnot,local,8,8,8,same_entangling_gate_count,1,7,RZ,2,47,layer_001_wire_007_RZ,3,0.008495811644675291,0.0001756415784666869,0.011320642181709325,0.0
random_bp,expectation_value,bcw_8q_random_bp,hea,RX_RY_RZ_CNOT,none,linear,cnot,local,8,8,8,same_entangling_gate_count,2,0,RX,0,48,layer_002_wire_000_RX,3,-0.01696964027330426,0.0007126315440466106,0.026191338901718538,0.0
random_bp,expectation_value,bcw_8q_random_bp,hea,RX_RY_RZ_CNOT,none,linear,cnot,local,8,8,8,same_entangling_gate_count,2,0,RY,1,49,layer_002_wire_000_RY,3,-0.006569365517346088,0.00014756853216555627,0.011518997440935578,0.0
random_bp,expectation_value,bcw_8q_random_bp,hea,RX_RY_RZ_CNOT,none,linear,cnot,local,8,8,8,same_entangling_gate_count,2,0,RZ,2,50,layer_002_wire_000_RZ,3,0.008436850204394171,0.0024917067687358456,0.03751042281700765,0.0
random_bp,expectation_value,bcw_8q_random_bp,hea,RX_RY_RZ_CNOT,none,linear,cnot,local,8,8,8,same_entangling_gate_count,2,1,RX,0,51,layer_002_wire_001_RX,3,0.007174496598133878,0.0005800011076720832,0.019651452129324797,0.0
random_bp,expectation_value,bcw_8q_random_bp,hea,RX_RY_RZ_CNOT,none,linear,cnot,local,8,8,8,same_entangling_gate_count,2,1,RY,1,52,layer_002_wire_001_RY,3,-0.0006966946747451299,0.00021176066257896315,0.009829128471007283,0.0
random_bp,expectation_value,bcw_8q_random_bp,hea,RX_RY_RZ_CNOT,none,linear,cnot,local,8,8,8,same_entangling_gate_count,2,1,RZ,2,53,layer_002_wire_001_RZ,3,0.005512678758935519,9.2365526447854e-05,0.0075233330797305625,0.0
random_bp,expectation_value,bcw_8q_random_bp,hea,RX_RY_RZ_CNOT,none,linear,cnot,local,8,8,8,same_entangling_gate_count,2,2,RX,0,54,layer_002_wire_002_RX,3,0.0037170965978609288,0.0005939346408684199,0.019519438180259283,0.0
random_bp,expectation_value,bcw_8q_random_bp,hea,RX_RY_RZ_CNOT,none,linear,cnot,local,8,8,8,same_entangling_gate_count,2,2,RY,1,55,layer_002_wire_002_RY,3,-0.014122302227095427,0.0001756848929672638,0.014122302227095427,0.0
random_bp,expectation_value,bcw_8q_random_bp,hea,RX_RY_RZ_CNOT,none,linear,cnot,local,8,8,8,same_entangling_gate_count,2,2,RZ,2,56,layer_002_wire_002_RZ,3,0.010687250116250895,0.0003005606791625477,0.01553597742795205,0.0
random_bp,expectation_value,bcw_8q_random_bp,hea,RX_RY_RZ_CNOT,none,linear,cnot,local,8,8,8,same_entangling_gate_count,2,3,RX,0,57,layer_002_wire_003_RX,3,-0.006606112736898659,0.0003420397664522061,0.015858203964897857,0.0
random_bp,expectation_value,bcw_8q_random_bp,hea,RX_RY_RZ_CNOT,none,linear,cnot,local,8,8,8,same_entangling_gate_count,2,3,RY,1,58,layer_002_wire_003_RY,3,-0.001072472352757158,6.9810545387269804e-06,0.0017975801304731772,0.0
random_bp,expectation_value,bcw_8q_random_bp,hea,RX_RY_RZ_CNOT,none,linear,cnot,local,8,8,8,same_entangling_gate_count,2,3,RZ,2,59,layer_002_wire_003_RZ,3,-0.0052040152304439835,0.00019645056089598518,0.01244924723476582,0.0
random_bp,expectation_value,bcw_8q_random_bp,hea,RX_RY_RZ_CNOT,none,linear,cnot,local,8,8,8,same_entangling_gate_count,2,4,RX,0,60,layer_002_wire_004_RX,3,-0.008834426390514983,0.00011048704874801238,0.010493259923815813,0.0
random_bp,expectation_value,bcw_8q_random_bp,hea,RX_RY_RZ_CNOT,none,linear,cnot,local,8,8,8,same_entangling_gate_count,2,4,RY,1,61,layer_002_wire_004_RY,3,0.013185003617396586,4.852873330029796e-05,0.013185003617396586,0.0
random_bp,expectation_value,bcw_8q_random_bp,hea,RX_RY_RZ_CNOT,none,linear,cnot,local,8,8,8,same_entangling_gate_count,2,4,RZ,2,62,layer_002_wire_004_RZ,3,-0.006330574704896746,8.590265259966523e-07,0.006330574704896746,0.0
random_bp,expectation_value,bcw_8q_random_bp,hea,RX_RY_RZ_CNOT,none,linear,cnot,local,8,8,8,same_entangling_gate_count,2,5,RX,0,63,layer_002_wire_005_RX,3,0.0032900386280883265,0.000176729981978342,0.008865773262875626,0.0
random_bp,expectation_value,bcw_8q_random_bp,hea,RX_RY_RZ_CNOT,none,linear,cnot,local,8,8,8,same_entangling_gate_count,2,5,RY,1,64,layer_002_wire_005_RY,3,-0.002211778005021884,0.00017301648673958552,0.00911802728162022,0.0
random_bp,expectation_value,bcw_8q_random_bp,hea,RX_RY_RZ_CNOT,none,linear,cnot,local,8,8,8,same_entangling_gate_count,2,5,RZ,2,65,layer_002_wire_005_RZ,3,0.00839715382370786,0.00010432821421552921,0.00839715382370786,0.0
random_bp,expectation_value,bcw_8q_random_bp,hea,RX_RY_RZ_CNOT,none,linear,cnot,local,8,8,8,same_entangling_gate_count,2,6,RX,0,66,layer_002_wire_006_RX,3,0.0014681740706705441,9.617724642534006e-05,0.006536299266645305,0.0
random_bp,expectation_value,bcw_8q_random_bp,hea,RX_RY_RZ_CNOT,none,linear,cnot,local,8,8,8,same_entangling_gate_count,2,6,RY,1,67,layer_002_wire_006_RY,3,-0.001535437961985016,7.528515896485462e-05,0.0065605402139504625,0.0
random_bp,expectation_value,bcw_8q_random_bp,hea,RX_RY_RZ_CNOT,none,linear,cnot,local,8,8,8,same_entangling_gate_count,2,6,RZ,2,68,layer_002_wire_006_RZ,3,-0.006713998524228117,2.02372490487862e-06,0.006713998524228118,0.0
random_bp,expectation_value,bcw_8q_random_bp,hea,RX_RY_RZ_CNOT,none,linear,cnot,local,8,8,8,same_entangling_gate_count,2,7,RX,0,69,layer_002_wire_007_RX,3,-0.009953158793742992,0.00015402774941705616,0.012690928798053619,0.0
random_bp,expectation_value,bcw_8q_random_bp,hea,RX_RY_RZ_CNOT,none,linear,cnot,local,8,8,8,same_entangling_gate_count,2,7,RY,1,70,layer_002_wire_007_RY,3,-0.006946068975144971,1.0668111262440914e-06,0.006946068975144971,0.0
random_bp,expectation_value,bcw_8q_random_bp,hea,RX_RY_RZ_CNOT,none,linear,cnot,local,8,8,8,same_entangling_gate_count,2,7,RZ,2,71,layer_002_wire_007_RZ,3,0.0019706144562174456,0.00019240809369300963,0.009264446491556406,0.0
random_bp,expectation_value,bcw_8q_random_bp,hea,RX_RY_RZ_CNOT,none,linear,cnot,local,8,8,8,same_entangling_gate_count,3,0,RX,0,72,layer_003_wire_000_RX,3,-0.009759634255987543,0.00024398880269046487,0.0152616206016808,0.0
random_bp,expectation_value,bcw_8q_random_bp,hea,RX_RY_RZ_CNOT,none,linear,cnot,local,8,8,8,same_entangling_gate_count,3,0,RY,1,73,layer_003_wire_000_RY,3,0.020327840040873027,0.00040633471903075334,0.020327840040873024,0.0
random_bp,expectation_value,bcw_8q_random_bp,hea,RX_RY_RZ_CNOT,none,linear,cnot,local,8,8,8,same_entangling_gate_count,3,0,RZ,2,74,layer_003_wire_000_RZ,3,-0.026434928313519356,0.002101896154849253,0.033600974234079976,0.0
random_bp,expectation_value,bcw_8q_random_bp,hea,RX_RY_RZ_CNOT,none,linear,cnot,local,8,8,8,same_entangling_gate_count,3,1,RX,0,75,layer_003_wire_001_RX,3,0.00044915643916643676,0.0003029374423566868,0.013548169594636894,0.0
random_bp,expectation_value,bcw_8q_random_bp,hea,RX_RY_RZ_CNOT,none,linear,cnot,local,8,8,8,same_entangling_gate_count,3,1,RY,1,76,layer_003_wire_001_RY,3,-0.012051230119248997,0.0007837243457001031,0.019552428249142776,0.0
random_bp,expectation_value,bcw_8q_random_bp,hea,RX_RY_RZ_CNOT,none,linear,cnot,local,8,8,8,same_entangling_gate_count,3,1,RZ,2,77,layer_003_wire_001_RZ,3,0.00217685746521298,9.174656227011667e-06,0.002722116199074635,0.0
random_bp,expectation_value,bcw_8q_random_bp,hea,RX_RY_RZ_CNOT,none,linear,cnot,local,8,8,8,same_entangling_gate_count,3,2,RX,0,78,layer_003_wire_002_RX,3,0.0241269923408169,0.0026545317440727985,0.044682973532759566,0.0
random_bp,expectation_value,bcw_8q_random_bp,hea,RX_RY_RZ_CNOT,none,linear,cnot,local,8,8,8,same_entangling_gate_count,3,2,RY,1,79,layer_003_wire_002_RY,3,0.032822434519075815,0.00022803400595395435,0.032822434519075815,0.0
random_bp,expectation_value,bcw_8q_random_bp,hea,RX_RY_RZ_CNOT,none,linear,cnot,local,8,8,8,same_entangling_gate_count,3,2,RZ,2,80,layer_003_wire_002_RZ,3,-0.01714850512628973,0.00016867387115027227,0.01714850512628973,0.0
random_bp,expectation_value,bcw_8q_random_bp,hea,RX_RY_RZ_CNOT,none,linear,cnot,local,8,8,8,same_entangling_gate_count,3,3,RX,0,81,layer_003_wire_003_RX,3,-0.0019912779710586897,0.0004857978642667502,0.01742941495275802,0.0
random_bp,expectation_value,bcw_8q_random_bp,hea,RX_RY_RZ_CNOT,none,linear,cnot,local,8,8,8,same_entangling_gate_count,3,3,RY,1,82,layer_003_wire_003_RY,3,-0.006961353254304992,0.00036478505055122446,0.014483143312771306,0.0
random_bp,expectation_value,bcw_8q_random_bp,hea,RX_RY_RZ_CNOT,none,linear,cnot,local,8,8,8,same_entangling_gate_count,3,3,RZ,2,83,layer_003_wire_003_RZ,3,-0.00835618907765184,0.0003063243428431194,0.015741390323307236,0.0
random_bp,expectation_value,bcw_8q_random_bp,hea,RX_RY_RZ_CNOT,none,linear,cnot,local,8,8,8,same_entangling_gate_count,3,4,RX,0,84,layer_003_wire_004_RX,3,0.013881016864948966,0.00021804982045827017,0.014789504467459145,0.0
random_bp,expectation_value,bcw_8q_random_bp,hea,RX_RY_RZ_CNOT,none,linear,cnot,local,8,8,8,same_entangling_gate_count,3,4,RY,1,85,layer_003_wire_004_RY,3,0.008542612132271175,5.020846298614663e-05,0.008542612132271173,0.0
random_bp,expectation_value,bcw_8q_random_bp,hea,RX_RY_RZ_CNOT,none,linear,cnot,local,8,8,8,same_entangling_gate_count,3,4,RZ,2,86,layer_003_wire_004_RZ,3,0.015726635525351196,0.00021415007288145302,0.015726635525351196,0.0
random_bp,expectation_value,bcw_8q_random_bp,hea,RX_RY_RZ_CNOT,none,linear,cnot,local,8,8,8,same_entangling_gate_count,3,5,RX,0,87,layer_003_wire_005_RX,3,-0.0005849286896793347,1.0888687036720246e-05,0.0022867987516820027,0.0
random_bp,expectation_value,bcw_8q_random_bp,hea,RX_RY_RZ_CNOT,none,linear,cnot,local,8,8,8,same_entangling_gate_count,3,5,RY,1,88,layer_003_wire_005_RY,3,-0.004201821435904529,3.1128657320924895e-05,0.00443641596289819,0.0
random_bp,expectation_value,bcw_8q_random_bp,hea,RX_RY_RZ_CNOT,none,linear,cnot,local,8,8,8,same_entangling_gate_count,3,5,RZ,2,89,layer_003_wire_005_RZ,3,0.012098895305759479,0.00021368841119809493,0.012098895305759479,0.0
random_bp,expectation_value,bcw_8q_random_bp,hea,RX_RY_RZ_CNOT,none,linear,cnot,local,8,8,8,same_entangling_gate_count,3,6,RX,0,90,layer_003_wire_006_RX,3,-0.004424068821665213,3.495187713921688e-05,0.00580488210215272,0.0
random_bp,expectation_value,bcw_8q_random_bp,hea,RX_RY_RZ_CNOT,none,linear,cnot,local,8,8,8,same_entangling_gate_count,3,6,RY,1,91,layer_003_wire_006_RY,3,0.006461530796558936,0.00011491420126229915,0.010148123104521853,0.0
random_bp,expectation_value,bcw_8q_random_bp,hea,RX_RY_RZ_CNOT,none,linear,cnot,local,8,8,8,same_entangling_gate_count,3,6,RZ,2,92,layer_003_wire_006_RZ,3,0.001420531932428126,6.504515867380567e-05,0.005647282328375282,0.0
random_bp,expectation_value,bcw_8q_random_bp,hea,RX_RY_RZ_CNOT,none,linear,cnot,local,8,8,8,same_entangling_gate_count,3,7,RX,0,93,layer_003_wire_007_RX,3,0.006966822746774433,4.5449942857410776e-05,0.007409857537492195,0.0
random_bp,expectation_value,bcw_8q_random_bp,hea,RX_RY_RZ_CNOT,none,linear,cnot,local,8,8,8,same_entangling_gate_count,3,7,RY,1,94,layer_003_wire_007_RY,3,-0.00432879954735425,3.963115770898748e-05,0.005885590198557761,0.0
random_bp,expectation_value,bcw_8q_random_bp,hea,RX_RY_RZ_CNOT,none,linear,cnot,local,8,8,8,same_entangling_gate_count,3,7,RZ,2,95,layer_003_wire_007_RZ,3,0.0006722901080217557,5.4442549435997565e-05,0.005408387458228965,0.0
random_bp,expectation_value,bcw_8q_random_bp,hea,RX_RY_RZ_CNOT,none,linear,cnot,local,8,8,8,same_entangling_gate_count,4,0,RX,0,96,layer_004_wire_000_RX,3,0.02573368677242152,0.0005223570550742917,0.02573368677242152,0.0
random_bp,expectation_value,bcw_8q_random_bp,hea,RX_RY_RZ_CNOT,none,linear,cnot,local,8,8,8,same_entangling_gate_count,4,0,RY,1,97,layer_004_wire_000_RY,3,-0.016868616462457207,0.0002379280877758437,0.016868616462457207,0.0
random_bp,expectation_value,bcw_8q_random_bp,hea,RX_RY_RZ_CNOT,none,linear,cnot,local,8,8,8,same_entangling_gate_count,4,0,RZ,2,98,layer_004_wire_000_RZ,3,-0.001307223631534498,0.0002123509781694276,0.011645350681754782,0.0
random_bp,expectation_value,bcw_8q_random_bp,hea,RX_RY_RZ_CNOT,none,linear,cnot,local,8,8,8,same_entangling_gate_count,4,1,RX,0,99,layer_004_wire_001_RX,3,0.011215438372212963,0.00021102443666744797,0.012413303477996468,0.0
random_bp,expectation_value,bcw_8q_random_bp,hea,RX_RY_RZ_CNOT,none,linear,cnot,local,8,8,8,same_entangling_gate_count,4,1,RY,1,100,layer_004_wire_001_RY,3,0.0038925833442065754,7.6552528541613e-05,0.005436596236104374,0.0
random_bp,expectation_value,bcw_8q_random_bp,hea,RX_RY_RZ_CNOT,none,linear,cnot,local,8,8,8,same_entangling_gate_count,4,1,RZ,2,101,layer_004_wire_001_RZ,3,0.015027659468494799,0.00036370856027164177,0.019329196308087757,0.0
random_bp,expectation_value,bcw_8q_random_bp,hea,RX_RY_RZ_CNOT,none,linear,cnot,local,8,8,8,same_entangling_gate_count,4,2,RX,0,102,layer_004_wire_002_RX,3,-0.02639605999945591,0.00041508960975193015,0.026396059999455906,0.0
random_bp,expectation_value,bcw_8q_random_bp,hea,RX_RY_RZ_CNOT,none,linear,cnot,local,8,8,8,same_entangling_gate_count,4,2,RY,1,103,layer_004_wire_002_RY,3,-0.006435828049069511,6.065419169643669e-05,0.007997802386519983,0.0
random_bp,expectation_value,bcw_8q_random_bp,hea,RX_RY_RZ_CNOT,none,linear,cnot,local,8,8,8,same_entangling_gate_count,4,2,RZ,2,104,layer_004_wire_002_RZ,3,0.002832242434933529,0.0008720368342732558,0.021782618890554054,0.0
random_bp,expectation_value,bcw_8q_random_bp,hea,RX_RY_RZ_CNOT,none,linear,cnot,local,8,8,8,same_entangling_gate_count,4,3,RX,0,105,layer_004_wire_003_RX,3,-0.0019649042797721325,0.0002815464507148642,0.012420174663107441,0.0
random_bp,expectation_value,bcw_8q_random_bp,hea,RX_RY_RZ_CNOT,none,linear,cnot,local,8,8,8,same_entangling_gate_count,4,3,RY,1,106,layer_004_wire_003_RY,3,-0.015023704243527572,0.0001725519690537379,0.015058622812312563,0.0
random_bp,expectation_value,bcw_8q_random_bp,hea,RX_RY_RZ_CNOT,none,linear,cnot,local,8,8,8,same_entangling_gate_count,4,3,RZ,2,107,layer_004_wire_003_RZ,3,-0.006635939211588443,0.0008426320241072322,0.023347490630257216,0.0
random_bp,expectation_value,bcw_8q_random_bp,hea,RX_RY_RZ_CNOT,none,linear,cnot,local,8,8,8,same_entangling_gate_count,4,4,RX,0,108,layer_004_wire_004_RX,3,0.003507625523417694,0.00014101738051512137,0.009912736406948565,0.0
random_bp,expectation_value,bcw_8q_random_bp,hea,RX_RY_RZ_CNOT,none,linear,cnot,local,8,8,8,same_entangling_gate_count,4,4,RY,1,109,layer_004_wire_004_RY,3,-0.01985477321284478,4.126335338177827e-05,0.01985477321284478,0.0
random_bp,expectation_value,bcw_8q_random_bp,hea,RX_RY_RZ_CNOT,none,linear,cnot,local,8,8,8,same_entangling_gate_count,4,4,RZ,2,110,layer_004_wire_004_RZ,3,-0.010136771420607241,3.3132836033937446e-05,0.010136771420607241,0.0
random_bp,expectation_value,bcw_8q_random_bp,hea,RX_RY_RZ_CNOT,none,linear,cnot,local,8,8,8,same_entangling_gate_count,4,5,RX,0,111,layer_004_wire_005_RX,3,0.00423282442457849,5.724368693641678e-06,0.00423282442457849,0.0
random_bp,expectation_value,bcw_8q_random_bp,hea,RX_RY_RZ_CNOT,none,linear,cnot,local,8,8,8,same_entangling_gate_count,4,5,RY,1,112,layer_004_wire_005_RY,3,0.012909727226451222,0.0006272740660268354,0.014972186072164722,0.0
random_bp,expectation_value,bcw_8q_random_bp,hea,RX_RY_RZ_CNOT,none,linear,cnot,local,8,8,8,same_entangling_gate_count,4,5,RZ,2,113,layer_004_wire_005_RZ,3,0.0011304252055819135,9.681795235666286e-05,0.007276157157444898,0.0
random_bp,expectation_value,bcw_8q_random_bp,hea,RX_RY_RZ_CNOT,none,linear,cnot,local,8,8,8,same_entangling_gate_count,4,6,RX,0,114,layer_004_wire_006_RX,3,0.00031363949205482776,1.1207080350140966e-05,0.002438053823447709,0.0
random_bp,expectation_value,bcw_8q_random_bp,hea,RX_RY_RZ_CNOT,none,linear,cnot,local,8,8,8,same_entangling_gate_count,4,6,RY,1,115,layer_004_wire_006_RY,3,0.004658880744374219,0.0004890863994958207,0.014624135386392642,0.0
random_bp,expectation_value,bcw_8q_random_bp,hea,RX_RY_RZ_CNOT,none,linear,cnot,local,8,8,8,same_entangling_gate_count,4,6,RZ,2,116,layer_004_wire_006_RZ,3,-0.0005577755031553801,8.575772437228045e-05,0.0066335999091988685,0.0
random_bp,expectation_value,bcw_8q_random_bp,hea,RX_RY_RZ_CNOT,none,linear,cnot,local,8,8,8,same_entangling_gate_count,4,7,RX,0,117,layer_004_wire_007_RX,3,0.004801832883456181,4.866691199608318e-05,0.00534331158624926,0.0
random_bp,expectation_value,bcw_8q_random_bp,hea,RX_RY_RZ_CNOT,none,linear,cnot,local,8,8,8,same_entangling_gate_count,4,7,RY,1,118,layer_004_wire_007_RY,3,-0.009117720647609988,0.00010107745543068754,0.009117720647609988,0.0
random_bp,expectation_value,bcw_8q_random_bp,hea,RX_RY_RZ_CNOT,none,linear,cnot,local,8,8,8,same_entangling_gate_count,4,7,RZ,2,119,layer_004_wire_007_RZ,3,-0.007237966437902922,3.668350290331736e-05,0.007237966437902922,0.0
random_bp,expectation_value,bcw_8q_random_bp,hea,RX_RY_RZ_CNOT,none,linear,cnot,local,8,8,8,same_entangling_gate_count,5,0,RX,0,120,layer_005_wire_000_RX,3,-0.0041178724021772445,0.0006204436616257853,0.019667467047948143,0.0
random_bp,expectation_value,bcw_8q_random_bp,hea,RX_RY_RZ_CNOT,none,linear,cnot,local,8,8,8,same_entangling_gate_count,5,0,RY,1,121,layer_005_wire_000_RY,3,-0.0220142877597814,0.00018439832867012042,0.022014287759781398,0.0
random_bp,expectation_value,bcw_8q_random_bp,hea,RX_RY_RZ_CNOT,none,linear,cnot,local,8,8,8,same_entangling_gate_count,5,0,RZ,2,122,layer_005_wire_000_RZ,3,0.005709251179928885,0.0002843009203255467,0.01284017285986465,0.0
random_bp,expectation_value,bcw_8q_random_bp,hea,RX_RY_RZ_CNOT,none,linear,cnot,local,8,8,8,same_entangling_gate_count,5,1,RX,0,123,layer_005_wire_001_RX,3,-0.024659834240364706,0.0006386218080354946,0.027608069019146583,0.0
random_bp,expectation_value,bcw_8q_random_bp,hea,RX_RY_RZ_CNOT,none,linear,cnot,local,8,8,8,same_entangling_gate_count,5,1,RY,1,124,layer_005_wire_001_RY,3,-0.012428433009981414,0.0012743462646301361,0.02894965104209976,0.0
random_bp,expectation_value,bcw_8q_random_bp,hea,RX_RY_RZ_CNOT,none,linear,cnot,local,8,8,8,same_entangling_gate_count,5,1,RZ,2,125,layer_005_wire_001_RZ,3,-0.025731626372068817,0.00019287508723765494,0.025731626372068817,0.0
random_bp,expectation_value,bcw_8q_random_bp,hea,RX_RY_RZ_CNOT,none,linear,cnot,local,8,8,8,same_entangling_gate_count,5,2,RX,0,126,layer_005_wire_002_RX,3,0.002596227565819618,0.000644473564775896,0.01806851039057475,0.0
random_bp,expectation_value,bcw_8q_random_bp,hea,RX_RY_RZ_CNOT,none,linear,cnot,local,8,8,8,same_entangling_gate_count,5,2,RY,1,127,layer_005_wire_002_RY,3,-0.011973792128990565,0.000413213840438375,0.019595244788866432,0.0
random_bp,expectation_value,bcw_8q_random_bp,hea,RX_RY_RZ_CNOT,none,linear,cnot,local,8,8,8,same_entangling_gate_count,5,2,RZ,2,128,layer_005_wire_002_RZ,3,-0.00349284019504976,0.00047460195309700426,0.017664262352287102,0.0
random_bp,expectation_value,bcw_8q_random_bp,hea,RX_RY_RZ_CNOT,none,linear,cnot,local,8,8,8,same_entangling_gate_count,5,3,RX,0,129,layer_005_wire_003_RX,3,0.003047558691556777,0.0002272942001894161,0.010245270530570711,0.0
random_bp,expectation_value,bcw_8q_random_bp,hea,RX_RY_RZ_CNOT,none,linear,cnot,local,8,8,8,same_entangling_gate_count,5,3,RY,1,130,layer_005_wire_003_RY,3,-0.005006751688374043,2.299603475027298e-05,0.005006751688374043,0.0
random_bp,expectation_value,bcw_8q_random_bp,hea,RX_RY_RZ_CNOT,none,linear,cnot,local,8,8,8,same_entangling_gate_count,5,3,RZ,2,131,layer_005_wire_003_RZ,3,-0.0008711062964175304,6.563727046366393e-07,0.0008711062964175302,0.0
random_bp,expectation_value,bcw_8q_random_bp,hea,RX_RY_RZ_CNOT,none,linear,cnot,local,8,8,8,same_entangling_gate_count,5,4,RX,0,132,layer_005_wire_004_RX,3,-0.012503273643990679,0.0004236683256261753,0.016180085742896196,0.0
random_bp,expectation_value,bcw_8q_random_bp,hea,RX_RY_RZ_CNOT,none,linear,cnot,local,8,8,8,same_entangling_gate_count,5,4,RY,1,133,layer_005_wire_004_RY,3,0.0021254580478772015,4.672966883687084e-05,0.004484131472313709,0.0
random_bp,expectation_value,bcw_8q_random_bp,hea,RX_RY_RZ_CNOT,none,linear,cnot,local,8,8,8,same_entangling_gate_count,5,4,RZ,2,134,layer_005_wire_004_RZ,3,0.01608373230678099,9.982447574410313e-05,0.01608373230678099,0.0
random_bp,expectation_value,bcw_8q_random_bp,hea,RX_RY_RZ_CNOT,none,linear,cnot,local,8,8,8,same_entangling_gate_count,5,5,RX,0,135,layer_005_wire_005_RX,3,-0.0038735014104541617,4.822808017910851e-05,0.005079241463681987,0.0
random_bp,expectation_value,bcw_8q_random_bp,hea,RX_RY_RZ_CNOT,none,linear,cnot,local,8,8,8,same_entangling_gate_count,5,5,RY,1,136,layer_005_wire_005_RY,3,-0.002661002302816155,9.312070315522228e-05,0.006480617242807289,0.0
random_bp,expectation_value,bcw_8q_random_bp,hea,RX_RY_RZ_CNOT,none,linear,cnot,local,8,8,8,same_entangling_gate_count,5,5,RZ,2,137,layer_005_wire_005_RZ,3,0.001322906435804667,8.679070088704517e-05,0.006728820981902617,0.0
random_bp,expectation_value,bcw_8q_random_bp,hea,RX_RY_RZ_CNOT,none,linear,cnot,local,8,8,8,same_entangling_gate_count,5,6,RX,0,138,layer_005_wire_006_RX,3,0.0021045948164249255,4.087565549586922e-06,0.002104594816424926,0.0
random_bp,expectation_value,bcw_8q_random_bp,hea,RX_RY_RZ_CNOT,none,linear,cnot,local,8,8,8,same_entangling_gate_count,5,6,RY,1,139,layer_005_wire_006_RY,3,0.003008053207068705,8.192741575550057e-05,0.007897406379627327,0.0
random_bp,expectation_value,bcw_8q_random_bp,hea,RX_RY_RZ_CNOT,none,linear,cnot,local,8,8,8,same_entangling_gate_count,5,6,RZ,2,140,layer_005_wire_006_RZ,3,-0.00041637120725542757,8.355443332522772e-06,0.002082665465849788,0.0
random_bp,expectation_value,bcw_8q_random_bp,hea,RX_RY_RZ_CNOT,none,linear,cnot,local,8,8,8,same_entangling_gate_count,5,7,RX,0,141,layer_005_wire_007_RX,3,0.003965515687719259,5.9378457461505884e-05,0.005625002404258557,0.0
random_bp,expectation_value,bcw_8q_random_bp,hea,RX_RY_RZ_CNOT,none,linear,cnot,local,8,8,8,same_entangling_gate_count,5,7,RY,1,142,layer_005_wire_007_RY,3,-0.011256283930790634,3.804870352910644e-05,0.011256283930790633,0.0
random_bp,expectation_value,bcw_8q_random_bp,hea,RX_RY_RZ_CNOT,none,linear,cnot,local,8,8,8,same_entangling_gate_count,5,7,RZ,2,143,layer_005_wire_007_RZ,3,-0.00399190272057424,5.463329871178225e-05,0.00582008493972179,0.0
random_bp,expectation_value,bcw_8q_random_bp,hea,RX_RY_RZ_CNOT,none,linear,cnot,local,8,8,8,same_entangling_gate_count,6,0,RX,0,144,layer_006_wire_000_RX,3,-0.007207485940780606,6.269084361585652e-05,0.007207485940780605,0.0
random_bp,expectation_value,bcw_8q_random_bp,hea,RX_RY_RZ_CNOT,none,linear,cnot,local,8,8,8,same_entangling_gate_count,6,0,RY,1,145,layer_006_wire_000_RY,3,0.02281281466544243,0.0004831708605374118,0.023513101296020997,0.0
random_bp,expectation_value,bcw_8q_random_bp,hea,RX_RY_RZ_CNOT,none,linear,cnot,local,8,8,8,same_entangling_gate_count,6,0,RZ,2,146,layer_006_wire_000_RZ,3,0.007679634337606669,8.463376210152752e-05,0.009533749074355276,0.0
random_bp,expectation_value,bcw_8q_random_bp,hea,RX_RY_RZ_CNOT,none,linear,cnot,local,8,8,8,same_entangling_gate_count,6,1,RX,0,147,layer_006_wire_001_RX,3,-0.004934054441318336,0.00013647620881198134,0.007584002234413488,0.0
random_bp,expectation_value,bcw_8q_random_bp,hea,RX_RY_RZ_CNOT,none,linear,cnot,local,8,8,8,same_entangling_gate_count,6,1,RY,1,148,layer_006_wire_001_RY,3,-0.012058373730283926,0.0004029347700804011,0.01857596250727195,0.0
random_bp,expectation_value,bcw_8q_random_bp,hea,RX_RY_RZ_CNOT,none,linear,cnot,local,8,8,8,same_entangling_gate_count,6,1,RZ,2,149,layer_006_wire_001_RZ,3,-0.007028945081806787,0.0009698564278244137,0.024945651509851636,0.0
random_bp,expectation_value,bcw_8q_random_bp,hea,RX_RY_RZ_CNOT,none,linear,cnot,local,8,8,8,same_entangling_gate_count,6,2,RX,0,150,layer_006_wire_002_RX,3,0.006872376493493835,4.128612743540333e-06,0.006872376493493835,0.0
random_bp,expectation_value,bcw_8q_random_bp,hea,RX_RY_RZ_CNOT,none,linear,cnot,local,8,8,8,same_entangling_gate_count,6,2,RY,1,151,layer_006_wire_002_RY,3,-0.01635267048844263,0.00034872185522755135,0.017176162023682277,0.0
random_bp,expectation_value,bcw_8q_random_bp,hea,RX_RY_RZ_CNOT,none,linear,cnot,local,8,8,8,same_entangling_gate_count,6,2,RZ,2,152,layer_006_wire_002_RZ,3,0.002786426732156955,8.184567387097017e-06,0.0031279157262408333,0.0
random_bp,expectation_value,bcw_8q_random_bp,hea,RX_RY_RZ_CNOT,none,linear,cnot,local,8,8,8,same_entangling_gate_count,6,3,RX,0,153,layer_006_wire_003_RX,3,-0.002426736376362999,7.992460894785808e-05,0.005928413570475304,0.0
random_bp,expectation_value,bcw_8q_random_bp,hea,RX_RY_RZ_CNOT,none,linear,cnot,local,8,8,8,same_entangling_gate_count,6,3,RY,1,154,layer_006_wire_003_RY,3,-0.004106299205514239,0.0001037483309238186,0.008694193896018968,0.0
random_bp,expectation_value,bcw_8q_random_bp,hea,RX_RY_RZ_CNOT,none,linear,cnot,local,8,8,8,same_entangling_gate_count,6,3,RZ,2,155,layer_006_wire_003_RZ,3,-0.005651437128193985,7.97543977781992e-05,0.008022469352409016,0.0
random_bp,expectation_value,bcw_8q_random_bp,hea,RX_RY_RZ_CNOT,none,linear,cnot,local,8,8,8,same_entangling_gate_count,6,4,RX,0,156,layer_006_wire_004_RX,3,-0.016163029775607227,0.0002561003542139883,0.017412033961324517,0.0
random_bp,expectation_value,bcw_8q_random_bp,hea,RX_RY_RZ_CNOT,none,linear,cnot,local,8,8,8,same_entangling_gate_count,6,4,RY,1,157,layer_006_wire_004_RY,3,0.0014727678158268304,0.00013546826263034732,0.008558502008191754,0.0
random_bp,expectation_value,bcw_8q_random_bp,hea,RX_RY_RZ_CNOT,none,linear,cnot,local,8,8,8,same_entangling_gate_count,6,4,RZ,2,158,layer_006_wire_004_RZ,3,-0.015438034096064913,5.4974524080411764e-05,0.015438034096064911,0.0
random_bp,expectation_value,bcw_8q_random_bp,hea,RX_RY_RZ_CNOT,none,linear,cnot,local,8,8,8,same_entangling_gate_count,6,5,RX,0,159,layer_006_wire_005_RX,3,-0.0031737759749710516,0.00015011999019794509,0.010267834008673324,0.0
random_bp,expectation_value,bcw_8q_random_bp,hea,RX_RY_RZ_CNOT,none,linear,cnot,local,8,8,8,same_entangling_gate_count,6,5,RY,1,160,layer_006_wire_005_RY,3,0.007286944502821283,9.262956302496875e-05,0.007871223570382628,0.0
random_bp,expectation_value,bcw_8q_random_bp,hea,RX_RY_RZ_CNOT,none,linear,cnot,local,8,8,8,same_entangling_gate_count,6,5,RZ,2,161,layer_006_wire_005_RZ,3,-0.0006997072888988219,1.7535026250225576e-05,0.0031497018270678196,0.0
random_bp,expectation_value,bcw_8q_random_bp,hea,RX_RY_RZ_CNOT,none,linear,cnot,local,8,8,8,same_entangling_gate_count,6,6,RX,0,162,layer_006_wire_006_RX,3,0.007937744930447996,5.066527029042194e-06,0.007937744930447998,0.0
random_bp,expectation_value,bcw_8q_random_bp,hea,RX_RY_RZ_CNOT,none,linear,cnot,local,8,8,8,same_entangling_gate_count,6,6,RY,1,163,layer_006_wire_006_RY,3,0.0013206029680314507,0.0002996442627883891,0.013580698970649993,0.0
random_bp,expectation_value,bcw_8q_random_bp,hea,RX_RY_RZ_CNOT,none,linear,cnot,local,8,8,8,same_entangling_gate_count,6,6,RZ,2,164,layer_006_wire_006_RZ,3,-0.006070150333771518,1.1085495923033951e-05,0.006070150333771518,0.0
random_bp,expectation_value,bcw_8q_random_bp,hea,RX_RY_RZ_CNOT,none,linear,cnot,local,8,8,8,same_entangling_gate_count,6,7,RX,0,165,layer_006_wire_007_RX,3,-0.005121709028379211,3.383226535528113e-05,0.006069309307218794,0.0
random_bp,expectation_value,bcw_8q_random_bp,hea,RX_RY_RZ_CNOT,none,linear,cnot,local,8,8,8,same_entangling_gate_count,6,7,RY,1,166,layer_006_wire_007_RY,3,0.004310362484394664,1.985105735280825e-06,0.004310362484394664,0.0
random_bp,expectation_value,bcw_8q_random_bp,hea,RX_RY_RZ_CNOT,none,linear,cnot,local,8,8,8,same_entangling_gate_count,6,7,RZ,2,167,layer_006_wire_007_RZ,3,-0.005649837354934924,1.1273091971166484e-05,0.005649837354934924,0.0
random_bp,expectation_value,bcw_8q_random_bp,hea,RX_RY_RZ_CNOT,none,linear,cnot,local,8,8,8,same_entangling_gate_count,7,0,RX,0,168,layer_007_wire_000_RX,3,-0.0111405326762332,0.00046858822157103776,0.013292924442412575,0.0
random_bp,expectation_value,bcw_8q_random_bp,hea,RX_RY_RZ_CNOT,none,linear,cnot,local,8,8,8,same_entangling_gate_count,7,0,RY,1,169,layer_007_wire_000_RY,3,-0.005379319200807559,0.0003455879889219853,0.016090424533628633,0.0
random_bp,expectation_value,bcw_8q_random_bp,hea,RX_RY_RZ_CNOT,none,linear,cnot,local,8,8,8,same_entangling_gate_count,7,0,RZ,2,170,layer_007_wire_000_RZ,3,1.7491345393301853e-18,2.249490380847503e-34,1.0461939162915968e-17,1.0
random_bp,expectation_value,bcw_8q_random_bp,hea,RX_RY_RZ_CNOT,none,linear,cnot,local,8,8,8,same_entangling_gate_count,7,1,RX,0,171,layer_007_wire_001_RX,3,0.007462053317639596,5.66811680493615e-05,0.007462053317639596,0.0
random_bp,expectation_value,bcw_8q_random_bp,hea,RX_RY_RZ_CNOT,none,linear,cnot,local,8,8,8,same_entangling_gate_count,7,1,RY,1,172,layer_007_wire_001_RY,3,-0.0002498568492896539,0.0008119791616520801,0.01963019283822681,0.0
random_bp,expectation_value,bcw_8q_random_bp,hea,RX_RY_RZ_CNOT,none,linear,cnot,local,8,8,8,same_entangling_gate_count,7,1,RZ,2,173,layer_007_wire_001_RZ,3,1.8355528308532235e-18,1.265690596915401e-35,2.3110339470964638e-18,1.0
random_bp,expectation_value,bcw_8q_random_bp,hea,RX_RY_RZ_CNOT,none,linear,cnot,local,8,8,8,same_entangling_gate_count,7,2,RX,0,174,layer_007_wire_002_RX,3,0.007538651194446279,0.0003347394190988229,0.016287634378380676,0.0
random_bp,expectation_value,bcw_8q_random_bp,hea,RX_RY_RZ_CNOT,none,linear,cnot,local,8,8,8,same_entangling_gate_count,7,2,RY,1,175,layer_007_wire_002_RY,3,0.00904304184311872,0.0002014573837905821,0.010771678968724024,0.0
random_bp,expectation_value,bcw_8q_random_bp,hea,RX_RY_RZ_CNOT,none,linear,cnot,local,8,8,8,same_entangling_gate_count,7,2,RZ,2,176,layer_007_wire_002_RZ,3,2.1314775614654556e-18,1.1190395860397253e-35,2.2437692089588107e-18,1.0
random_bp,expectation_value,bcw_8q_random_bp,hea,RX_RY_RZ_CNOT,none,linear,cnot,local,8,8,8,same_entangling_gate_count,7,3,RX,0,177,layer_007_wire_003_RX,3,0.0002786682722365559,6.0737585219048946e-05,0.005905006308271061,0.0
random_bp,expectation_value,bcw_8q_random_bp,hea,RX_RY_RZ_CNOT,none,linear,cnot,local,8,8,8,same_entangling_gate_count,7,3,RY,1,178,layer_007_wire_003_RY,3,-0.013073860492058642,1.320771110082497e-05,0.013073860492058642,0.0
random_bp,expectation_value,bcw_8q_random_bp,hea,RX_RY_RZ_CNOT,none,linear,cnot,local,8,8,8,same_entangling_gate_count,7,3,RZ,2,179,layer_007_wire_003_RZ,3,9.763361718050796e-18,9.212791642877049e-36,9.763361718050796e-18,1.0
random_bp,expectation_value,bcw_8q_random_bp,hea,RX_RY_RZ_CNOT,none,linear,cnot,local,8,8,8,same_entangling_gate_count,7,4,RX,0,180,layer_007_wire_004_RX,3,0.0059533736788276856,0.00027766626328131925,0.010701138339992602,0.0
random_bp,expectation_value,bcw_8q_random_bp,hea,RX_RY_RZ_CNOT,none,linear,cnot,local,8,8,8,same_entangling_gate_count,7,4,RY,1,181,layer_007_wire_004_RY,3,-0.007332724018769826,2.0623198224540934e-06,0.007332724018769826,0.0
random_bp,expectation_value,bcw_8q_random_bp,hea,RX_RY_RZ_CNOT,none,linear,cnot,local,8,8,8,same_entangling_gate_count,7,4,RZ,2,182,layer_007_wire_004_RZ,3,7.469574030648906e-19,2.5263837567262596e-36,1.3905076079421242e-18,1.0
random_bp,expectation_value,bcw_8q_random_bp,hea,RX_RY_RZ_CNOT,none,linear,cnot,local,8,8,8,same_entangling_gate_count,7,5,RX,0,183,layer_007_wire_005_RX,3,0.00731665818680496,8.255036762380068e-05,0.00731665818680496,0.0
random_bp,expectation_value,bcw_8q_random_bp,hea,RX_RY_RZ_CNOT,none,linear,cnot,local,8,8,8,same_entangling_gate_count,7,5,RY,1,184,layer_007_wire_005_RY,3,-0.00424972820596005,0.00011931016320785403,0.00865773091617122,0.0
random_bp,expectation_value,bcw_8q_random_bp,hea,RX_RY_RZ_CNOT,none,linear,cnot,local,8,8,8,same_entangling_gate_count,7,5,RZ,2,185,layer_007_wire_005_RZ,3,4.815642415047394e-18,1.9192616183427077e-35,4.8156424150473935e-18,1.0
random_bp,expectation_value,bcw_8q_random_bp,hea,RX_RY_RZ_CNOT,none,linear,cnot,local,8,8,8,same_entangling_gate_count,7,6,RX,0,186,layer_007_wire_006_RX,3,-0.009006371544400038,8.112580495110992e-05,0.00959828414097857,0.0
random_bp,expectation_value,bcw_8q_random_bp,hea,RX_RY_RZ_CNOT,none,linear,cnot,local,8,8,8,same_entangling_gate_count,7,6,RY,1,187,layer_007_wire_006_RY,3,0.002767565918382422,3.281354573714327e-05,0.005288037055696421,0.0
random_bp,expectation_value,bcw_8q_random_bp,hea,RX_RY_RZ_CNOT,none,linear,cnot,local,8,8,8,same_entangling_gate_count,7,6,RZ,2,188,layer_007_wire_006_RZ,3,2.8170057184988793e-18,2.766898753995265e-35,3.397679523589465e-18,1.0
random_bp,expectation_value,bcw_8q_random_bp,hea,RX_RY_RZ_CNOT,none,linear,cnot,local,8,8,8,same_entangling_gate_count,7,7,RX,0,189,layer_007_wire_007_RX,3,-4.197101307734717e-05,7.045913158015797e-06,0.0018898542789502898,0.0
random_bp,expectation_value,bcw_8q_random_bp,hea,RX_RY_RZ_CNOT,none,linear,cnot,local,8,8,8,same_entangling_gate_count,7,7,RY,1,190,layer_007_wire_007_RY,3,0.0024190571663666727,8.544103719930638e-05,0.0069698147627902315,0.0
random_bp,expectation_value,bcw_8q_random_bp,hea,RX_RY_RZ_CNOT,none,linear,cnot,local,8,8,8,same_entangling_gate_count,7,7,RZ,2,191,layer_007_wire_007_RZ,3,-7.732799086010518e-18,3.4225823846873685e-35,7.732799086010518e-18,1.0
random_bp,expectation_value,bcw_8q_random_bp,hea,RX_RY_RZ_CNOT,none,circular,cnot,local,8,8,7,same_entangling_gate_count,0,0,RX,0,0,layer_000_wire_000_RX,3,8.955617462604905e-05,0.0004183524124828763,0.015570653530744898,0.0
random_bp,expectation_value,bcw_8q_random_bp,hea,RX_RY_RZ_CNOT,none,circular,cnot,local,8,8,7,same_entangling_gate_count,0,0,RY,1,1,layer_000_wire_000_RY,3,-0.002895777408502295,3.11606987329792e-05,0.00332963454567372,0.0
random_bp,expectation_value,bcw_8q_random_bp,hea,RX_RY_RZ_CNOT,none,circular,cnot,local,8,8,7,same_entangling_gate_count,0,0,RZ,2,2,layer_000_wire_000_RZ,3,0.005546121217530302,0.00021163664607029383,0.011382708850982757,0.0
random_bp,expectation_value,bcw_8q_random_bp,hea,RX_RY_RZ_CNOT,none,circular,cnot,local,8,8,7,same_entangling_gate_count,0,1,RX,0,3,layer_000_wire_001_RX,3,0.004165870161443566,0.0008876461279938931,0.02428997974397136,0.0
random_bp,expectation_value,bcw_8q_random_bp,hea,RX_RY_RZ_CNOT,none,circular,cnot,local,8,8,7,same_entangling_gate_count,0,1,RY,1,4,layer_000_wire_001_RY,3,-0.002680479612057562,0.00022677597198475565,0.010661654496173912,0.0
random_bp,expectation_value,bcw_8q_random_bp,hea,RX_RY_RZ_CNOT,none,circular,cnot,local,8,8,7,same_entangling_gate_count,0,1,RZ,2,5,layer_000_wire_001_RZ,3,-0.018648509245575838,7.243394607634219e-05,0.018648509245575838,0.0
random_bp,expectation_value,bcw_8q_random_bp,hea,RX_RY_RZ_CNOT,none,circular,cnot,local,8,8,7,same_entangling_gate_count,0,2,RX,0,6,layer_000_wire_002_RX,3,-0.011097354963972177,3.42651337952588e-05,0.011097354963972177,0.0
random_bp,expectation_value,bcw_8q_random_bp,hea,RX_RY_RZ_CNOT,none,circular,cnot,local,8,8,7,same_entangling_gate_count,0,2,RY,1,7,layer_000_wire_002_RY,3,-0.0004397938257805689,4.117294443979992e-05,0.005032373941240961,0.0
random_bp,expectation_value,bcw_8q_random_bp,hea,RX_RY_RZ_CNOT,none,circular,cnot,local,8,8,7,same_entangling_gate_count,0,2,RZ,2,8,layer_000_wire_002_RZ,3,0.006196725514203671,2.7642165833042645e-05,0.00619672551420367,0.0
random_bp,expectation_value,bcw_8q_random_bp,hea,RX_RY_RZ_CNOT,none,circular,cnot,local,8,8,7,same_entangling_gate_count,0,3,RX,0,9,layer_000_wire_003_RX,3,-0.012924037107495014,0.00027945140537909347,0.01530751749436545,0.0
random_bp,expectation_value,bcw_8q_random_bp,hea,RX_RY_RZ_CNOT,none,circular,cnot,local,8,8,7,same_entangling_gate_count,0,3,RY,1,10,layer_000_wire_003_RY,3,-0.008608686116271174,6.974208304952582e-06,0.008608686116271172,0.0
random_bp,expectation_value,bcw_8q_random_bp,hea,RX_RY_RZ_CNOT,none,circular,cnot,local,8,8,7,same_entangling_gate_count,0,3,RZ,2,11,layer_000_wire_003_RZ,3,0.009347370793375834,0.00031761282167879076,0.015914072583492377,0.0
random_bp,expectation_value,bcw_8q_random_bp,hea,RX_RY_RZ_CNOT,none,circular,cnot,local,8,8,7,same_entangling_gate_count,0,4,RX,0,12,layer_000_wire_004_RX,3,-0.007338579740432443,0.0003909036857298512,0.012725891941697683,0.0
random_bp,expectation_value,bcw_8q_random_bp,hea,RX_RY_RZ_CNOT,none,circular,cnot,local,8,8,7,same_entangling_gate_count,0,4,RY,1,13,layer_000_wire_004_RY,3,0.008002807403923973,0.000322725620635179,0.015250672154762536,0.0
random_bp,expectation_value,bcw_8q_random_bp,hea,RX_RY_RZ_CNOT,none,circular,cnot,local,8,8,7,same_entangling_gate_count,0,4,RZ,2,14,layer_000_wire_004_RZ,3,0.0077982985308264864,0.0002593063938777976,0.014593031339172469,0.0
random_bp,expectation_value,bcw_8q_random_bp,hea,RX_RY_RZ_CNOT,none,circular,cnot,local,8,8,7,same_entangling_gate_count,0,5,RX,0,15,layer_000_wire_005_RX,3,-0.006639101696127097,0.0003073985672828079,0.012153736221469267,0.0
random_bp,expectation_value,bcw_8q_random_bp,hea,RX_RY_RZ_CNOT,none,circular,cnot,local,8,8,7,same_entangling_gate_count,0,5,RY,1,16,layer_000_wire_005_RY,3,-0.0029735601213176856,1.4090310674488823e-05,0.003156321003248452,0.0
random_bp,expectation_value,bcw_8q_random_bp,hea,RX_RY_RZ_CNOT,none,circular,cnot,local,8,8,7,same_entangling_gate_count,0,5,RZ,2,17,layer_000_wire_005_RZ,3,-0.008219685847172255,0.00014032135184587264,0.010050366343423888,0.0
random_bp,expectation_value,bcw_8q_random_bp,hea,RX_RY_RZ_CNOT,none,circular,cnot,local,8,8,7,same_entangling_gate_count,0,6,RX,0,18,layer_000_wire_006_RX,3,0.0038134729099163003,0.00012576699485716947,0.009716363595405732,0.0
random_bp,expectation_value,bcw_8q_random_bp,hea,RX_RY_RZ_CNOT,none,circular,cnot,local,8,8,7,same_entangling_gate_count,0,6,RY,1,19,layer_000_wire_006_RY,3,-0.003805665371435748,1.978219719215689e-05,0.004521572355465981,0.0
random_bp,expectation_value,bcw_8q_random_bp,hea,RX_RY_RZ_CNOT,none,circular,cnot,local,8,8,7,same_entangling_gate_count,0,6,RZ,2,20,layer_000_wire_006_RZ,3,0.00837088854478985,0.0003315493299725153,0.014828877321321798,0.0
random_bp,expectation_value,bcw_8q_random_bp,hea,RX_RY_RZ_CNOT,none,circular,cnot,local,8,8,7,same_entangling_gate_count,0,7,RX,0,21,layer_000_wire_007_RX,3,-0.014238586370118357,7.877447597177701e-05,0.014238586370118357,0.0
random_bp,expectation_value,bcw_8q_random_bp,hea,RX_RY_RZ_CNOT,none,circular,cnot,local,8,8,7,same_entangling_gate_count,0,7,RY,1,22,layer_000_wire_007_RY,3,-0.006802124650285368,0.0002139174972458936,0.011016802379046758,0.0
random_bp,expectation_value,bcw_8q_random_bp,hea,RX_RY_RZ_CNOT,none,circular,cnot,local,8,8,7,same_entangling_gate_count,0,7,RZ,2,23,layer_000_wire_007_RZ,3,-0.010483875827146726,0.0004609767876754752,0.014343469148151692,0.0
random_bp,expectation_value,bcw_8q_random_bp,hea,RX_RY_RZ_CNOT,none,circular,cnot,local,8,8,7,same_entangling_gate_count,1,0,RX,0,24,layer_001_wire_000_RX,3,0.004487548822630702,0.00021832552390431577,0.012824045278633317,0.0
random_bp,expectation_value,bcw_8q_random_bp,hea,RX_RY_RZ_CNOT,none,circular,cnot,local,8,8,7,same_entangling_gate_count,1,0,RY,1,25,layer_001_wire_000_RY,3,-0.011340286765808274,0.0005216948674188612,0.021344947126141243,0.0
random_bp,expectation_value,bcw_8q_random_bp,hea,RX_RY_RZ_CNOT,none,circular,cnot,local,8,8,7,same_entangling_gate_count,1,0,RZ,2,26,layer_001_wire_000_RZ,3,-0.009945421579122826,0.0002719613922324253,0.015000495434101079,0.0
random_bp,expectation_value,bcw_8q_random_bp,hea,RX_RY_RZ_CNOT,none,circular,cnot,local,8,8,7,same_entangling_gate_count,1,1,RX,0,27,layer_001_wire_001_RX,3,0.00016464105795614388,5.5223425825941124e-06,0.0017018749524505006,0.0
random_bp,expectation_value,bcw_8q_random_bp,hea,RX_RY_RZ_CNOT,none,circular,cnot,local,8,8,7,same_entangling_gate_count,1,1,RY,1,28,layer_001_wire_001_RY,3,0.001160385092477823,0.0009753020203852826,0.024282385495972284,0.0
random_bp,expectation_value,bcw_8q_random_bp,hea,RX_RY_RZ_CNOT,none,circular,cnot,local,8,8,7,same_entangling_gate_count,1,1,RZ,2,29,layer_001_wire_001_RZ,3,-0.006128825829261601,3.156203851854385e-05,0.006128825829261601,0.0
random_bp,expectation_value,bcw_8q_random_bp,hea,RX_RY_RZ_CNOT,none,circular,cnot,local,8,8,7,same_entangling_gate_count,1,2,RX,0,30,layer_001_wire_002_RX,3,-0.0016771182493082553,8.895185410316711e-05,0.007536232587775501,0.0
random_bp,expectation_value,bcw_8q_random_bp,hea,RX_RY_RZ_CNOT,none,circular,cnot,local,8,8,7,same_entangling_gate_count,1,2,RY,1,31,layer_001_wire_002_RY,3,0.0169824387241543,0.00045554347501474747,0.01883698678914845,0.0
random_bp,expectation_value,bcw_8q_random_bp,hea,RX_RY_RZ_CNOT,none,circular,cnot,local,8,8,7,same_entangling_gate_count,1,2,RZ,2,32,layer_001_wire_002_RZ,3,0.0001852183636974378,5.431215973118259e-07,0.0005178470331151619,0.0
random_bp,expectation_value,bcw_8q_random_bp,hea,RX_RY_RZ_CNOT,none,circular,cnot,local,8,8,7,same_entangling_gate_count,1,3,RX,0,33,layer_001_wire_003_RX,3,-0.0035709250580441107,0.00013871682853545633,0.007727918810078217,0.0
random_bp,expectation_value,bcw_8q_random_bp,hea,RX_RY_RZ_CNOT,none,circular,cnot,local,8,8,7,same_entangling_gate_count,1,3,RY,1,34,layer_001_wire_003_RY,3,-0.007491097420217975,0.00014275424248363675,0.011578003803349814,0.0
random_bp,expectation_value,bcw_8q_random_bp,hea,RX_RY_RZ_CNOT,none,circular,cnot,local,8,8,7,same_entangling_gate_count,1,3,RZ,2,35,layer_001_wire_003_RZ,3,-0.00986771403936741,9.359407825964609e-05,0.010078713588227,0.0
random_bp,expectation_value,bcw_8q_random_bp,hea,RX_RY_RZ_CNOT,none,circular,cnot,local,8,8,7,same_entangling_gate_count,1,4,RX,0,36,layer_001_wire_004_RX,3,0.0024147886552787134,5.494580658476137e-05,0.006507901367199782,0.0
random_bp,expectation_value,bcw_8q_random_bp,hea,RX_RY_RZ_CNOT,none,circular,cnot,local,8,8,7,same_entangling_gate_count,1,4,RY,1,37,layer_001_wire_004_RY,3,0.014306586866469777,0.00037708944296885175,0.014544376993285838,0.0
random_bp,expectation_value,bcw_8q_random_bp,hea,RX_RY_RZ_CNOT,none,circular,cnot,local,8,8,7,same_entangling_gate_count,1,4,RZ,2,38,layer_001_wire_004_RZ,3,0.005136305592840378,0.0002221821468251284,0.009546546402902627,0.0
random_bp,expectation_value,bcw_8q_random_bp,hea,RX_RY_RZ_CNOT,none,circular,cnot,local,8,8,7,same_entangling_gate_count,1,5,RX,0,39,layer_001_wire_005_RX,3,-0.002961437981845955,8.749162846611146e-05,0.008140389744779555,0.0
random_bp,expectation_value,bcw_8q_random_bp,hea,RX_RY_RZ_CNOT,none,circular,cnot,local,8,8,7,same_entangling_gate_count,1,5,RY,1,40,layer_001_wire_005_RY,3,-0.007701681395701158,0.0002947962258091567,0.01135821167196017,0.0
random_bp,expectation_value,bcw_8q_random_bp,hea,RX_RY_RZ_CNOT,none,circular,cnot,local,8,8,7,same_entangling_gate_count,1,5,RZ,2,41,layer_001_wire_005_RZ,3,-0.0022195380615520274,0.00010248570848561031,0.00765434412696613,0.0
random_bp,expectation_value,bcw_8q_random_bp,hea,RX_RY_RZ_CNOT,none,circular,cnot,local,8,8,7,same_entangling_gate_count,1,6,RX,0,42,layer_001_wire_006_RX,3,-0.004467469643283121,9.214341789746963e-05,0.006371747944349977,0.0
random_bp,expectation_value,bcw_8q_random_bp,hea,RX_RY_RZ_CNOT,none,circular,cnot,local,8,8,7,same_entangling_gate_count,1,6,RY,1,43,layer_001_wire_006_RY,3,0.0006921573366430084,7.687921260836153e-05,0.006100559582971797,0.0
random_bp,expectation_value,bcw_8q_random_bp,hea,RX_RY_RZ_CNOT,none,circular,cnot,local,8,8,7,same_entangling_gate_count,1,6,RZ,2,44,layer_001_wire_006_RZ,3,0.011781367144650253,0.0008336747720733848,0.0242147708136982,0.0
random_bp,expectation_value,bcw_8q_random_bp,hea,RX_RY_RZ_CNOT,none,circular,cnot,local,8,8,7,same_entangling_gate_count,1,7,RX,0,45,layer_001_wire_007_RX,3,-0.0058518940202750905,0.00010176247634647452,0.006757493673145476,0.0
random_bp,expectation_value,bcw_8q_random_bp,hea,RX_RY_RZ_CNOT,none,circular,cnot,local,8,8,7,same_entangling_gate_count,1,7,RY,1,46,layer_001_wire_007_RY,3,0.007557436344203175,0.0013401938270453126,0.030700129293883553,0.0
random_bp,expectation_value,bcw_8q_random_bp,hea,RX_RY_RZ_CNOT,none,circular,cnot,local,8,8,7,same_entangling_gate_count,1,7,RZ,2,47,layer_001_wire_007_RZ,3,-0.015916589854994785,0.00028761658799761374,0.01591658985499479,0.0
random_bp,expectation_value,bcw_8q_random_bp,hea,RX_RY_RZ_CNOT,none,circular,cnot,local,8,8,7,same_entangling_gate_count,2,0,RX,0,48,layer_002_wire_000_RX,3,0.0112220103158512,2.398872462222896e-05,0.011222010315851199,0.0
random_bp,expectation_value,bcw_8q_random_bp,hea,RX_RY_RZ_CNOT,none,circular,cnot,local,8,8,7,same_entangling_gate_count,2,0,RY,1,49,layer_002_wire_000_RY,3,-0.0007857527560668404,5.06852685599312e-05,0.005135854413351568,0.0
random_bp,expectation_value,bcw_8q_random_bp,hea,RX_RY_RZ_CNOT,none,circular,cnot,local,8,8,7,same_entangling_gate_count,2,0,RZ,2,50,layer_002_wire_000_RZ,3,-0.014354810714335729,0.00020848979330858586,0.014774468378729262,0.0
random_bp,expectation_value,bcw_8q_random_bp,hea,RX_RY_RZ_CNOT,none,circular,cnot,local,8,8,7,same_entangling_gate_count,2,1,RX,0,51,layer_002_wire_001_RX,3,-0.0028914484878612215,0.00018963159466832538,0.009621254047842887,0.0
random_bp,expectation_value,bcw_8q_random_bp,hea,RX_RY_RZ_CNOT,none,circular,cnot,local,8,8,7,same_entangling_gate_count,2,1,RY,1,52,layer_002_wire_001_RY,3,0.01280316050778232,0.0004388475954487694,0.02039128667346953,0.0
random_bp,expectation_value,bcw_8q_random_bp,hea,RX_RY_RZ_CNOT,none,circular,cnot,local,8,8,7,same_entangling_gate_count,2,1,RZ,2,53,layer_002_wire_001_RZ,3,0.0006105789903234193,0.0005181337133011265,0.015705813710230155,0.0
random_bp,expectation_value,bcw_8q_random_bp,hea,RX_RY_RZ_CNOT,none,circular,cnot,local,8,8,7,same_entangling_gate_count,2,2,RX,0,54,layer_002_wire_002_RX,3,-0.006025040661002809,0.00024024756548266473,0.01347156102424162,0.0
random_bp,expectation_value,bcw_8q_random_bp,hea,RX_RY_RZ_CNOT,none,circular,cnot,local,8,8,7,same_entangling_gate_count,2,2,RY,1,55,layer_002_wire_002_RY,3,0.004681924110580199,0.0006930693463205499,0.01869262596476614,0.0
random_bp,expectation_value,bcw_8q_random_bp,hea,RX_RY_RZ_CNOT,none,circular,cnot,local,8,8,7,same_entangling_gate_count,2,2,RZ,2,56,layer_002_wire_002_RZ,3,0.008682151816128867,6.404363923402559e-06,0.008682151816128867,0.0
random_bp,expectation_value,bcw_8q_random_bp,hea,RX_RY_RZ_CNOT,none,circular,cnot,local,8,8,7,same_entangling_gate_count,2,3,RX,0,57,layer_002_wire_003_RX,3,0.016293447568877496,0.0003862237999156066,0.01999979316947831,0.0
random_bp,expectation_value,bcw_8q_random_bp,hea,RX_RY_RZ_CNOT,none,circular,cnot,local,8,8,7,same_entangling_gate_count,2,3,RY,1,58,layer_002_wire_003_RY,3,-0.0013954954244108433,0.0005835017521006477,0.017854007465256692,0.0
random_bp,expectation_value,bcw_8q_random_bp,hea,RX_RY_RZ_CNOT,none,circular,cnot,local,8,8,7,same_entangling_gate_count,2,3,RZ,2,59,layer_002_wire_003_RZ,3,0.014398774168237026,3.089035204080533e-05,0.014398774168237026,0.0
random_bp,expectation_value,bcw_8q_random_bp,hea,RX_RY_RZ_CNOT,none,circular,cnot,local,8,8,7,same_entangling_gate_count,2,4,RX,0,60,layer_002_wire_004_RX,3,-0.007918375311272891,4.206462420537922e-05,0.00791837531127289,0.0
random_bp,expectation_value,bcw_8q_random_bp,hea,RX_RY_RZ_CNOT,none,circular,cnot,local,8,8,7,same_entangling_gate_count,2,4,RY,1,61,layer_002_wire_004_RY,3,-0.01353816979736258,0.00018693063794265373,0.013538169797362581,0.0
random_bp,expectation_value,bcw_8q_random_bp,hea,RX_RY_RZ_CNOT,none,circular,cnot,local,8,8,7,same_entangling_gate_count,2,4,RZ,2,62,layer_002_wire_004_RZ,3,-0.004761904466955574,4.586315776758645e-05,0.006798496157457074,0.0
random_bp,expectation_value,bcw_8q_random_bp,hea,RX_RY_RZ_CNOT,none,circular,cnot,local,8,8,7,same_entangling_gate_count,2,5,RX,0,63,layer_002_wire_005_RX,3,0.006972766538550656,0.00015597083568627987,0.011877362663851877,0.0
random_bp,expectation_value,bcw_8q_random_bp,hea,RX_RY_RZ_CNOT,none,circular,cnot,local,8,8,7,same_entangling_gate_count,2,5,RY,1,64,layer_002_wire_005_RY,3,0.0011631851348417122,0.0002708055147845423,0.011966130932056005,0.0
random_bp,expectation_value,bcw_8q_random_bp,hea,RX_RY_RZ_CNOT,none,circular,cnot,local,8,8,7,same_entangling_gate_count,2,5,RZ,2,65,layer_002_wire_005_RZ,3,-0.004690739061861719,7.377471900246788e-05,0.007878620436378663,0.0
random_bp,expectation_value,bcw_8q_random_bp,hea,RX_RY_RZ_CNOT,none,circular,cnot,local,8,8,7,same_entangling_gate_count,2,6,RX,0,66,layer_002_wire_006_RX,3,0.0030304250223866895,0.0003687633257415682,0.014682203454112216,0.0
random_bp,expectation_value,bcw_8q_random_bp,hea,RX_RY_RZ_CNOT,none,circular,cnot,local,8,8,7,same_entangling_gate_count,2,6,RY,1,67,layer_002_wire_006_RY,3,0.013721251476635606,0.0006278380605613888,0.02355886535850621,0.0
random_bp,expectation_value,bcw_8q_random_bp,hea,RX_RY_RZ_CNOT,none,circular,cnot,local,8,8,7,same_entangling_gate_count,2,6,RZ,2,68,layer_002_wire_006_RZ,3,0.020480135544000935,4.9759934130786065e-05,0.020480135544000935,0.0
random_bp,expectation_value,bcw_8q_random_bp,hea,RX_RY_RZ_CNOT,none,circular,cnot,local,8,8,7,same_entangling_gate_count,2,7,RX,0,69,layer_002_wire_007_RX,3,0.007916937900284159,0.00015794586778916078,0.011909686654133963,0.0
random_bp,expectation_value,bcw_8q_random_bp,hea,RX_RY_RZ_CNOT,none,circular,cnot,local,8,8,7,same_entangling_gate_count,2,7,RY,1,70,layer_002_wire_007_RY,3,-0.028750212061754436,0.00015010690732810398,0.028750212061754436,0.0
random_bp,expectation_value,bcw_8q_random_bp,hea,RX_RY_RZ_CNOT,none,circular,cnot,local,8,8,7,same_entangling_gate_count,2,7,RZ,2,71,layer_002_wire_007_RZ,3,0.0010624914119848061,0.0005484156936704664,0.018108635575854168,0.0
random_bp,expectation_value,bcw_8q_random_bp,hea,RX_RY_RZ_CNOT,none,circular,cnot,local,8,8,7,same_entangling_gate_count,3,0,RX,0,72,layer_003_wire_000_RX,3,0.00025133671826869236,3.26036993455984e-05,0.004126410788292256,0.0
random_bp,expectation_value,bcw_8q_random_bp,hea,RX_RY_RZ_CNOT,none,circular,cnot,local,8,8,7,same_entangling_gate_count,3,0,RY,1,73,layer_003_wire_000_RY,3,-0.01330375790985849,0.0003359668622683855,0.016634076257441285,0.0
random_bp,expectation_value,bcw_8q_random_bp,hea,RX_RY_RZ_CNOT,none,circular,cnot,local,8,8,7,same_entangling_gate_count,3,0,RZ,2,74,layer_003_wire_000_RZ,3,-0.007317954690208386,5.149581860363879e-06,0.007317954690208386,0.0
random_bp,expectation_value,bcw_8q_random_bp,hea,RX_RY_RZ_CNOT,none,circular,cnot,local,8,8,7,same_entangling_gate_count,3,1,RX,0,75,layer_003_wire_001_RX,3,0.007980215560919256,0.00043946798447256984,0.0169452087887815,0.0
random_bp,expectation_value,bcw_8q_random_bp,hea,RX_RY_RZ_CNOT,none,circular,cnot,local,8,8,7,same_entangling_gate_count,3,1,RY,1,76,layer_003_wire_001_RY,3,0.011716124247650646,0.0011028059503068416,0.02141034442338442,0.0
random_bp,expectation_value,bcw_8q_random_bp,hea,RX_RY_RZ_CNOT,none,circular,cnot,local,8,8,7,same_entangling_gate_count,3,1,RZ,2,77,layer_003_wire_001_RZ,3,0.006125101429176258,0.0005838088667495558,0.017454706473474708,0.0
random_bp,expectation_value,bcw_8q_random_bp,hea,RX_RY_RZ_CNOT,none,circular,cnot,local,8,8,7,same_entangling_gate_count,3,2,RX,0,78,layer_003_wire_002_RX,3,-0.001738948353641535,0.0001968757250287483,0.010882615031836898,0.0
random_bp,expectation_value,bcw_8q_random_bp,hea,RX_RY_RZ_CNOT,none,circular,cnot,local,8,8,7,same_entangling_gate_count,3,2,RY,1,79,layer_003_wire_002_RY,3,-0.00013676398740640125,0.0001062034471087523,0.0069948558895993815,0.0
random_bp,expectation_value,bcw_8q_random_bp,hea,RX_RY_RZ_CNOT,none,circular,cnot,local,8,8,7,same_entangling_gate_count,3,2,RZ,2,80,layer_003_wire_002_RZ,3,0.0004428751593691608,0.0002986644956560291,0.011935066225898246,0.0
random_bp,expectation_value,bcw_8q_random_bp,hea,RX_RY_RZ_CNOT,none,circular,cnot,local,8,8,7,same_entangling_gate_count,3,3,RX,0,81,layer_003_wire_003_RX,3,0.009107999724416746,9.555927212601761e-05,0.010545867930891033,0.0
random_bp,expectation_value,bcw_8q_random_bp,hea,RX_RY_RZ_CNOT,none,circular,cnot,local,8,8,7,same_entangling_gate_count,3,3,RY,1,82,layer_003_wire_003_RY,3,-0.021732523494686302,0.00039380340399686956,0.0217325234946863,0.0
random_bp,expectation_value,bcw_8q_random_bp,hea,RX_RY_RZ_CNOT,none,circular,cnot,local,8,8,7,same_entangling_gate_count,3,3,RZ,2,83,layer_003_wire_003_RZ,3,0.005429581353920313,0.0003535110802670942,0.01612943357852513,0.0
random_bp,expectation_value,bcw_8q_random_bp,hea,RX_RY_RZ_CNOT,none,circular,cnot,local,8,8,7,same_entangling_gate_count,3,4,RX,0,84,layer_003_wire_004_RX,3,0.0050364112589233795,7.90362677471185e-05,0.008520224141940506,0.0
random_bp,expectation_value,bcw_8q_random_bp,hea,RX_RY_RZ_CNOT,none,circular,cnot,local,8,8,7,same_entangling_gate_count,3,4,RY,1,85,layer_003_wire_004_RY,3,-0.004792892396685107,3.083181787812725e-05,0.005851077318927987,0.0
random_bp,expectation_value,bcw_8q_random_bp,hea,RX_RY_RZ_CNOT,none,circular,cnot,local,8,8,7,same_entangling_gate_count,3,4,RZ,2,86,layer_003_wire_004_RZ,3,0.0016161800323884956,0.00041046488949620513,0.014804885300326793,0.0
random_bp,expectation_value,bcw_8q_random_bp,hea,RX_RY_RZ_CNOT,none,circular,cnot,local,8,8,7,same_entangling_gate_count,3,5,RX,0,87,layer_003_wire_005_RX,3,-0.007823010070509473,0.0009333211856068419,0.025234732945165688,0.0
random_bp,expectation_value,bcw_8q_random_bp,hea,RX_RY_RZ_CNOT,none,circular,cnot,local,8,8,7,same_entangling_gate_count,3,5,RY,1,88,layer_003_wire_005_RY,3,-0.012937941912348351,0.0001891440149714853,0.01354534060066001,0.0
random_bp,expectation_value,bcw_8q_random_bp,hea,RX_RY_RZ_CNOT,none,circular,cnot,local,8,8,7,same_entangling_gate_count,3,5,RZ,2,89,layer_003_wire_005_RZ,3,-0.0011752976319866692,0.00010823668761665997,0.007212293831078374,0.0
random_bp,expectation_value,bcw_8q_random_bp,hea,RX_RY_RZ_CNOT,none,circular,cnot,local,8,8,7,same_entangling_gate_count,3,6,RX,0,90,layer_003_wire_006_RX,3,0.004671276996586669,0.0004537201911981859,0.014749348395544122,0.0
random_bp,expectation_value,bcw_8q_random_bp,hea,RX_RY_RZ_CNOT,none,circular,cnot,local,8,8,7,same_entangling_gate_count,3,6,RY,1,91,layer_003_wire_006_RY,3,0.019010240181971737,0.00018934945661086487,0.019010240181971737,0.0
random_bp,expectation_value,bcw_8q_random_bp,hea,RX_RY_RZ_CNOT,none,circular,cnot,local,8,8,7,same_entangling_gate_count,3,6,RZ,2,92,layer_003_wire_006_RZ,3,0.015824946213188723,0.0001151429054045665,0.015824946213188723,0.0
random_bp,expectation_value,bcw_8q_random_bp,hea,RX_RY_RZ_CNOT,none,circular,cnot,local,8,8,7,same_entangling_gate_count,3,7,RX,0,93,layer_003_wire_007_RX,3,-0.01105108250187259,6.934635651951612e-05,0.01105108250187259,0.0
random_bp,expectation_value,bcw_8q_random_bp,hea,RX_RY_RZ_CNOT,none,circular,cnot,local,8,8,7,same_entangling_gate_count,3,7,RY,1,94,layer_003_wire_007_RY,3,-0.017254171606027113,8.523672005811423e-05,0.017254171606027113,0.0
random_bp,expectation_value,bcw_8q_random_bp,hea,RX_RY_RZ_CNOT,none,circular,cnot,local,8,8,7,same_entangling_gate_count,3,7,RZ,2,95,layer_003_wire_007_RZ,3,0.004502445405060705,3.152726953285336e-05,0.005715722552728526,0.0
random_bp,expectation_value,bcw_8q_random_bp,hea,RX_RY_RZ_CNOT,none,circular,cnot,local,8,8,7,same_entangling_gate_count,4,0,RX,0,96,layer_004_wire_000_RX,3,-0.0013521789524021137,0.00029537042076840784,0.012699483116668499,0.0
random_bp,expectation_value,bcw_8q_random_bp,hea,RX_RY_RZ_CNOT,none,circular,cnot,local,8,8,7,same_entangling_gate_count,4,0,RY,1,97,layer_004_wire_000_RY,3,0.012413012735854096,0.00016940079495238663,0.012413012735854096,0.0
random_bp,expectation_value,bcw_8q_random_bp,hea,RX_RY_RZ_CNOT,none,circular,cnot,local,8,8,7,same_entangling_gate_count,4,0,RZ,2,98,layer_004_wire_000_RZ,3,0.011935753939094008,0.00023935734775589287,0.01586816843186915,0.0
random_bp,expectation_value,bcw_8q_random_bp,hea,RX_RY_RZ_CNOT,none,circular,cnot,local,8,8,7,same_entangling_gate_count,4,1,RX,0,99,layer_004_wire_001_RX,3,-0.0137219459650262,0.00022661890985283754,0.015857239190606793,0.0
random_bp,expectation_value,bcw_8q_random_bp,hea,RX_RY_RZ_CNOT,none,circular,cnot,local,8,8,7,same_entangling_gate_count,4,1,RY,1,100,layer_004_wire_001_RY,3,-0.015123403915662198,0.0007917091799236566,0.025702161882391817,0.0
random_bp,expectation_value,bcw_8q_random_bp,hea,RX_RY_RZ_CNOT,none,circular,cnot,local,8,8,7,same_entangling_gate_count,4,1,RZ,2,101,layer_004_wire_001_RZ,3,-0.01565975055745913,7.85356801616071e-05,0.01565975055745913,0.0
random_bp,expectation_value,bcw_8q_random_bp,hea,RX_RY_RZ_CNOT,none,circular,cnot,local,8,8,7,same_entangling_gate_count,4,2,RX,0,102,layer_004_wire_002_RX,3,2.827384469444947e-05,0.000387795067125821,0.014919088921316695,0.0
random_bp,expectation_value,bcw_8q_random_bp,hea,RX_RY_RZ_CNOT,none,circular,cnot,local,8,8,7,same_entangling_gate_count,4,2,RY,1,103,layer_004_wire_002_RY,3,0.0046894986259166365,0.00024258513856161435,0.011970158684830359,0.0
random_bp,expectation_value,bcw_8q_random_bp,hea,RX_RY_RZ_CNOT,none,circular,cnot,local,8,8,7,same_entangling_gate_count,4,2,RZ,2,104,layer_004_wire_002_RZ,3,-0.004982318092557899,8.539048873733701e-05,0.007237225918219704,0.0
random_bp,expectation_value,bcw_8q_random_bp,hea,RX_RY_RZ_CNOT,none,circular,cnot,local,8,8,7,same_entangling_gate_count,4,3,RX,0,105,layer_004_wire_003_RX,3,0.0020517007313464257,6.0342393084921776e-05,0.005090185324673335,0.0
random_bp,expectation_value,bcw_8q_random_bp,hea,RX_RY_RZ_CNOT,none,circular,cnot,local,8,8,7,same_entangling_gate_count,4,3,RY,1,106,layer_004_wire_003_RY,3,-0.009442638186349028,0.0002871151415356038,0.015115339389295242,0.0
random_bp,expectation_value,bcw_8q_random_bp,hea,RX_RY_RZ_CNOT,none,circular,cnot,local,8,8,7,same_entangling_gate_count,4,3,RZ,2,107,layer_004_wire_003_RZ,3,-0.0016490946275205323,2.8531003896176413e-05,0.004388532527825068,0.0
random_bp,expectation_value,bcw_8q_random_bp,hea,RX_RY_RZ_CNOT,none,circular,cnot,local,8,8,7,same_entangling_gate_count,4,4,RX,0,108,layer_004_wire_004_RX,3,0.009229751960352904,6.69379876530519e-05,0.009374367863529616,0.0
random_bp,expectation_value,bcw_8q_random_bp,hea,RX_RY_RZ_CNOT,none,circular,cnot,local,8,8,7,same_entangling_gate_count,4,4,RY,1,109,layer_004_wire_004_RY,3,0.0028667075677446634,8.560151030149276e-05,0.007231840859476491,0.0
random_bp,expectation_value,bcw_8q_random_bp,hea,RX_RY_RZ_CNOT,none,circular,cnot,local,8,8,7,same_entangling_gate_count,4,4,RZ,2,110,layer_004_wire_004_RZ,3,-0.009731199538218544,6.807333431456844e-05,0.009731199538218544,0.0
random_bp,expectation_value,bcw_8q_random_bp,hea,RX_RY_RZ_CNOT,none,circular,cnot,local,8,8,7,same_entangling_gate_count,4,5,RX,0,111,layer_004_wire_005_RX,3,0.00029354703267420873,0.0006406220601668949,0.019128567051575295,0.0
random_bp,expectation_value,bcw_8q_random_bp,hea,RX_RY_RZ_CNOT,none,circular,cnot,local,8,8,7,same_entangling_gate_count,4,5,RY,1,112,layer_004_wire_005_RY,3,0.023978308269018256,0.0003955122049283848,0.023978308269018256,0.0
random_bp,expectation_value,bcw_8q_random_bp,hea,RX_RY_RZ_CNOT,none,circular,cnot,local,8,8,7,same_entangling_gate_count,4,5,RZ,2,113,layer_004_wire_005_RZ,3,-0.008251469514426183,0.0009831933767186585,0.02618232353315111,0.0
random_bp,expectation_value,bcw_8q_random_bp,hea,RX_RY_RZ_CNOT,none,circular,cnot,local,8,8,7,same_entangling_gate_count,4,6,RX,0,114,layer_004_wire_006_RX,3,-0.015459380666921731,0.00022918903927997443,0.01654769272687811,0.0
random_bp,expectation_value,bcw_8q_random_bp,hea,RX_RY_RZ_CNOT,none,circular,cnot,local,8,8,7,same_entangling_gate_count,4,6,RY,1,115,layer_004_wire_006_RY,3,0.017771754932083245,2.315808528831219e-05,0.017771754932083245,0.0
random_bp,expectation_value,bcw_8q_random_bp,hea,RX_RY_RZ_CNOT,none,circular,cnot,local,8,8,7,same_entangling_gate_count,4,6,RZ,2,116,layer_004_wire_006_RZ,3,0.008963186653790457,0.0001498870933212281,0.01040663936235793,0.0
random_bp,expectation_value,bcw_8q_random_bp,hea,RX_RY_RZ_CNOT,none,circular,cnot,local,8,8,7,same_entangling_gate_count,4,7,RX,0,117,layer_004_wire_007_RX,3,-0.013127453574985798,0.0004900432596735223,0.020355686500870437,0.0
random_bp,expectation_value,bcw_8q_random_bp,hea,RX_RY_RZ_CNOT,none,circular,cnot,local,8,8,7,same_entangling_gate_count,4,7,RY,1,118,layer_004_wire_007_RY,3,-0.00034623348648204436,0.00034856099232059845,0.014253377838727833,0.0
random_bp,expectation_value,bcw_8q_random_bp,hea,RX_RY_RZ_CNOT,none,circular,cnot,local,8,8,7,same_entangling_gate_count,4,7,RZ,2,119,layer_004_wire_007_RZ,3,-0.0016038151552407267,5.137615063945263e-05,0.00498118671911989,0.0
random_bp,expectation_value,bcw_8q_random_bp,hea,RX_RY_RZ_CNOT,none,circular,cnot,local,8,8,7,same_entangling_gate_count,5,0,RX,0,120,layer_005_wire_000_RX,3,0.01693771267306259,0.00011639736921315472,0.01693771267306259,0.0
random_bp,expectation_value,bcw_8q_random_bp,hea,RX_RY_RZ_CNOT,none,circular,cnot,local,8,8,7,same_entangling_gate_count,5,0,RY,1,121,layer_005_wire_000_RY,3,0.019696993101443443,0.00017343977327505868,0.01969699310144344,0.0
random_bp,expectation_value,bcw_8q_random_bp,hea,RX_RY_RZ_CNOT,none,circular,cnot,local,8,8,7,same_entangling_gate_count,5,0,RZ,2,122,layer_005_wire_000_RZ,3,0.006273809547530202,0.00033115519188084175,0.01491624550080132,0.0
random_bp,expectation_value,bcw_8q_random_bp,hea,RX_RY_RZ_CNOT,none,circular,cnot,local,8,8,7,same_entangling_gate_count,5,1,RX,0,123,layer_005_wire_001_RX,3,0.0037857588460754365,0.0005828892082684831,0.019829428774569276,0.0
random_bp,expectation_value,bcw_8q_random_bp,hea,RX_RY_RZ_CNOT,none,circular,cnot,local,8,8,7,same_entangling_gate_count,5,1,RY,1,124,layer_005_wire_001_RY,3,0.003026931498888827,7.55470939037946e-05,0.006472200842776547,0.0
random_bp,expectation_value,bcw_8q_random_bp,hea,RX_RY_RZ_CNOT,none,circular,cnot,local,8,8,7,same_entangling_gate_count,5,1,RZ,2,125,layer_005_wire_001_RZ,3,-0.0077532946906630346,0.00017416238566049576,0.009208081301844665,0.0
random_bp,expectation_value,bcw_8q_random_bp,hea,RX_RY_RZ_CNOT,none,circular,cnot,local,8,8,7,same_entangling_gate_count,5,2,RX,0,126,layer_005_wire_002_RX,3,0.003940386912262274,0.00031500570512240766,0.014922399396728361,0.0
random_bp,expectation_value,bcw_8q_random_bp,hea,RX_RY_RZ_CNOT,none,circular,cnot,local,8,8,7,same_entangling_gate_count,5,2,RY,1,127,layer_005_wire_002_RY,3,0.006329253516776329,2.635420008497395e-05,0.006329253516776329,0.0
random_bp,expectation_value,bcw_8q_random_bp,hea,RX_RY_RZ_CNOT,none,circular,cnot,local,8,8,7,same_entangling_gate_count,5,2,RZ,2,128,layer_005_wire_002_RZ,3,-0.0034353887734762077,0.0002251167388749729,0.01257275436925151,0.0
random_bp,expectation_value,bcw_8q_random_bp,hea,RX_RY_RZ_CNOT,none,circular,cnot,local,8,8,7,same_entangling_gate_count,5,3,RX,0,129,layer_005_wire_003_RX,3,0.004594821655424382,0.0002532372828395699,0.013385160131017731,0.0
random_bp,expectation_value,bcw_8q_random_bp,hea,RX_RY_RZ_CNOT,none,circular,cnot,local,8,8,7,same_entangling_gate_count,5,3,RY,1,130,layer_005_wire_003_RY,3,-0.00012401866668890118,0.0002155465536775964,0.011139647723328849,0.0
random_bp,expectation_value,bcw_8q_random_bp,hea,RX_RY_RZ_CNOT,none,circular,cnot,local,8,8,7,same_entangling_gate_count,5,3,RZ,2,131,layer_005_wire_003_RZ,3,-0.0025861497552805163,6.059593780347168e-06,0.0027520341633472316,0.0
random_bp,expectation_value,bcw_8q_random_bp,hea,RX_RY_RZ_CNOT,none,circular,cnot,local,8,8,7,same_entangling_gate_count,5,4,RX,0,132,layer_005_wire_004_RX,3,-0.002604134683127835,0.0002699285199342966,0.013515430484641544,0.0
random_bp,expectation_value,bcw_8q_random_bp,hea,RX_RY_RZ_CNOT,none,circular,cnot,local,8,8,7,same_entangling_gate_count,5,4,RY,1,133,layer_005_wire_004_RY,3,0.012103064604293215,0.00019366604611587037,0.014435345049500057,0.0
random_bp,expectation_value,bcw_8q_random_bp,hea,RX_RY_RZ_CNOT,none,circular,cnot,local,8,8,7,same_entangling_gate_count,5,4,RZ,2,134,layer_005_wire_004_RZ,3,-0.011871921144881108,0.00044526955489651424,0.018689187086245174,0.0
random_bp,expectation_value,bcw_8q_random_bp,hea,RX_RY_RZ_CNOT,none,circular,cnot,local,8,8,7,same_entangling_gate_count,5,5,RX,0,135,layer_005_wire_005_RX,3,-0.006079587671586671,4.969726853006756e-05,0.00743282963423506,0.0
random_bp,expectation_value,bcw_8q_random_bp,hea,RX_RY_RZ_CNOT,none,circular,cnot,local,8,8,7,same_entangling_gate_count,5,5,RY,1,136,layer_005_wire_005_RY,3,0.007939145399907636,0.0006191386545428317,0.01628571424262719,0.0
random_bp,expectation_value,bcw_8q_random_bp,hea,RX_RY_RZ_CNOT,none,circular,cnot,local,8,8,7,same_entangling_gate_count,5,5,RZ,2,137,layer_005_wire_005_RZ,3,9.032500961492045e-05,8.156904945224555e-05,0.006458935593558267,0.0
random_bp,expectation_value,bcw_8q_random_bp,hea,RX_RY_RZ_CNOT,none,circular,cnot,local,8,8,7,same_entangling_gate_count,5,6,RX,0,138,layer_005_wire_006_RX,3,-0.0007241039555302342,0.00013234842320954655,0.009022815676540548,0.0
random_bp,expectation_value,bcw_8q_random_bp,hea,RX_RY_RZ_CNOT,none,circular,cnot,local,8,8,7,same_entangling_gate_count,5,6,RY,1,139,layer_005_wire_006_RY,3,-0.0008791183179220089,2.603303492278893e-05,0.0039468948202116124,0.0
random_bp,expectation_value,bcw_8q_random_bp,hea,RX_RY_RZ_CNOT,none,circular,cnot,local,8,8,7,same_entangling_gate_count,5,6,RZ,2,140,layer_005_wire_006_RZ,3,-0.005136191403065703,0.00013100015090513814,0.009927569152908362,0.0
random_bp,expectation_value,bcw_8q_random_bp,hea,RX_RY_RZ_CNOT,none,circular,cnot,local,8,8,7,same_entangling_gate_count,5,7,RX,0,141,layer_005_wire_007_RX,3,0.0026963033428767085,0.00027914947609751847,0.012755640655176356,0.0
random_bp,expectation_value,bcw_8q_random_bp,hea,RX_RY_RZ_CNOT,none,circular,cnot,local,8,8,7,same_entangling_gate_count,5,7,RY,1,142,layer_005_wire_007_RY,3,0.0023551398749379997,1.331359775883885e-05,0.003504947114097588,0.0
random_bp,expectation_value,bcw_8q_random_bp,hea,RX_RY_RZ_CNOT,none,circular,cnot,local,8,8,7,same_entangling_gate_count,5,7,RZ,2,143,layer_005_wire_007_RZ,3,0.004324038739766493,1.5103126241732075e-05,0.004342357681583391,0.0
random_bp,expectation_value,bcw_8q_random_bp,hea,RX_RY_RZ_CNOT,none,circular,cnot,local,8,8,7,same_entangling_gate_count,6,0,RX,0,144,layer_006_wire_000_RX,3,0.0010658424396391137,2.4121862035360444e-06,0.0015290421449954232,0.0
random_bp,expectation_value,bcw_8q_random_bp,hea,RX_RY_RZ_CNOT,none,circular,cnot,local,8,8,7,same_entangling_gate_count,6,0,RY,1,145,layer_006_wire_000_RY,3,-0.00386696099305323,1.1949968947342062e-05,0.0038669609930532295,0.0
random_bp,expectation_value,bcw_8q_random_bp,hea,RX_RY_RZ_CNOT,none,circular,cnot,local,8,8,7,same_entangling_gate_count,6,0,RZ,2,146,layer_006_wire_000_RZ,3,-5.37355947642847e-19,2.6950223666681e-34,1.2331519493526087e-17,1.0
random_bp,expectation_value,bcw_8q_random_bp,hea,RX_RY_RZ_CNOT,none,circular,cnot,local,8,8,7,same_entangling_gate_count,6,1,RX,0,147,layer_006_wire_001_RX,3,0.0012580836402096545,8.406466799366956e-05,0.0070989329234166535,0.0
random_bp,expectation_value,bcw_8q_random_bp,hea,RX_RY_RZ_CNOT,none,circular,cnot,local,8,8,7,same_entangling_gate_count,6,1,RY,1,148,layer_006_wire_001_RY,3,-0.009718195172317482,0.0007444046233065889,0.02423086126538539,0.0
random_bp,expectation_value,bcw_8q_random_bp,hea,RX_RY_RZ_CNOT,none,circular,cnot,local,8,8,7,same_entangling_gate_count,6,1,RZ,2,149,layer_006_wire_001_RZ,3,-4.235932167979679e-18,4.599060583352044e-35,6.0461644557846974e-18,1.0
random_bp,expectation_value,bcw_8q_random_bp,hea,RX_RY_RZ_CNOT,none,circular,cnot,local,8,8,7,same_entangling_gate_count,6,2,RX,0,150,layer_006_wire_002_RX,3,-0.013415726276163917,0.00018955706428018765,0.013653110239671527,0.0
random_bp,expectation_value,bcw_8q_random_bp,hea,RX_RY_RZ_CNOT,none,circular,cnot,local,8,8,7,same_entangling_gate_count,6,2,RY,1,151,layer_006_wire_002_RY,3,0.005744642134500461,7.14967282079179e-05,0.007980054729008895,0.0
random_bp,expectation_value,bcw_8q_random_bp,hea,RX_RY_RZ_CNOT,none,circular,cnot,local,8,8,7,same_entangling_gate_count,6,2,RZ,2,152,layer_006_wire_002_RZ,3,-3.504871396485096e-18,2.6052640626699914e-34,1.1025166947053175e-17,1.0
random_bp,expectation_value,bcw_8q_random_bp,hea,RX_RY_RZ_CNOT,none,circular,cnot,local,8,8,7,same_entangling_gate_count,6,3,RX,0,153,layer_006_wire_003_RX,3,-0.004402330709777343,6.179833855519207e-06,0.004402330709777343,0.0
random_bp,expectation_value,bcw_8q_random_bp,hea,RX_RY_RZ_CNOT,none,circular,cnot,local,8,8,7,same_entangling_gate_count,6,3,RY,1,154,layer_006_wire_003_RY,3,-0.005377088334139517,9.714360128432562e-06,0.005377088334139517,0.0
random_bp,expectation_value,bcw_8q_random_bp,hea,RX_RY_RZ_CNOT,none,circular,cnot,local,8,8,7,same_entangling_gate_count,6,3,RZ,2,155,layer_006_wire_003_RZ,3,6.32034697910284e-18,5.71810381112762e-35,7.594454693514002e-18,1.0
random_bp,expectation_value,bcw_8q_random_bp,hea,RX_RY_RZ_CNOT,none,circular,cnot,local,8,8,7,same_entangling_gate_count,6,4,RX,0,156,layer_006_wire_004_RX,3,0.01017001290570169,0.0003776907396309949,0.01636847765508168,0.0
random_bp,expectation_value,bcw_8q_random_bp,hea,RX_RY_RZ_CNOT,none,circular,cnot,local,8,8,7,same_entangling_gate_count,6,4,RY,1,157,layer_006_wire_004_RY,3,0.002346472124714806,8.918197859287572e-05,0.006400585228464585,0.0
random_bp,expectation_value,bcw_8q_random_bp,hea,RX_RY_RZ_CNOT,none,circular,cnot,local,8,8,7,same_entangling_gate_count,6,4,RZ,2,158,layer_006_wire_004_RZ,3,3.7033248164692265e-18,3.963706553412099e-35,5.00872277271629e-18,1.0
random_bp,expectation_value,bcw_8q_random_bp,hea,RX_RY_RZ_CNOT,none,circular,cnot,local,8,8,7,same_entangling_gate_count,6,5,RX,0,159,layer_006_wire_005_RX,3,-0.01140212155053983,0.0001381904398958139,0.012224895477199514,0.0
random_bp,expectation_value,bcw_8q_random_bp,hea,RX_RY_RZ_CNOT,none,circular,cnot,local,8,8,7,same_entangling_gate_count,6,5,RY,1,160,layer_006_wire_005_RY,3,0.0009505018380309626,0.00026047675959538306,0.012376955232031138,0.0
random_bp,expectation_value,bcw_8q_random_bp,hea,RX_RY_RZ_CNOT,none,circular,cnot,local,8,8,7,same_entangling_gate_count,6,5,RZ,2,161,layer_006_wire_005_RZ,3,2.7989963964610668e-18,4.667507669307309e-35,5.461568005080698e-18,1.0
random_bp,expectation_value,bcw_8q_random_bp,hea,RX_RY_RZ_CNOT,none,circular,cnot,local,8,8,7,same_entangling_gate_count,6,6,RX,0,162,layer_006_wire_006_RX,3,-0.004974777695564446,3.722025942509872e-05,0.004974777695564445,0.0
random_bp,expectation_value,bcw_8q_random_bp,hea,RX_RY_RZ_CNOT,none,circular,cnot,local,8,8,7,same_entangling_gate_count,6,6,RY,1,163,layer_006_wire_006_RY,3,-0.0042180914797555055,0.00022853625496693021,0.012793844247273778,0.0
random_bp,expectation_value,bcw_8q_random_bp,hea,RX_RY_RZ_CNOT,none,circular,cnot,local,8,8,7,same_entangling_gate_count,6,6,RZ,2,164,layer_006_wire_006_RZ,3,-2.546485531592419e-18,2.4082854958164566e-36,2.5464855315924194e-18,1.0
random_bp,expectation_value,bcw_8q_random_bp,hea,RX_RY_RZ_CNOT,none,circular,cnot,local,8,8,7,same_entangling_gate_count,6,7,RX,0,165,layer_006_wire_007_RX,3,0.0006426317522050972,4.7473525419708575e-06,0.0014893572278442855,0.0
random_bp,expectation_value,bcw_8q_random_bp,hea,RX_RY_RZ_CNOT,none,circular,cnot,local,8,8,7,same_entangling_gate_count,6,7,RY,1,166,layer_006_wire_007_RY,3,-0.0064830533939001745,0.00010855244896764452,0.009880810126155501,0.0
random_bp,expectation_value,bcw_8q_random_bp,hea,RX_RY_RZ_CNOT,none,circular,cnot,local,8,8,7,same_entangling_gate_count,6,7,RZ,2,167,layer_006_wire_007_RZ,3,-2.1207329336681642e-18,2.764573852046835e-35,4.104061471951971e-18,1.0
random_bp,expectation_value,bcw_8q_random_bp,hea,RX_RY_RZ_CNOT,none,linear,cnot,global,8,8,8,same_entangling_gate_count,0,0,RX,0,0,layer_000_wire_000_RX,3,0.001979030853704624,0.002787184863766376,0.03647659369221153,0.0
random_bp,expectation_value,bcw_8q_random_bp,hea,RX_RY_RZ_CNOT,none,linear,cnot,global,8,8,8,same_entangling_gate_count,0,0,RY,1,1,layer_000_wire_000_RY,3,-0.009238197725556362,0.0035341841975471545,0.039637902209030094,0.0
random_bp,expectation_value,bcw_8q_random_bp,hea,RX_RY_RZ_CNOT,none,linear,cnot,global,8,8,8,same_entangling_gate_count,0,0,RZ,2,2,layer_000_wire_000_RZ,3,0.006323409139336298,0.0032937527323982133,0.04044365002722435,0.0
random_bp,expectation_value,bcw_8q_random_bp,hea,RX_RY_RZ_CNOT,none,linear,cnot,global,8,8,8,same_entangling_gate_count,0,1,RX,0,3,layer_000_wire_001_RX,3,-0.020693805582938613,0.0012156405458682636,0.03373427218614782,0.0
random_bp,expectation_value,bcw_8q_random_bp,hea,RX_RY_RZ_CNOT,none,linear,cnot,global,8,8,8,same_entangling_gate_count,0,1,RY,1,4,layer_000_wire_001_RY,3,0.013850118393377443,0.00040720670202935513,0.013850118393377443,0.0
random_bp,expectation_value,bcw_8q_random_bp,hea,RX_RY_RZ_CNOT,none,linear,cnot,global,8,8,8,same_entangling_gate_count,0,1,RZ,2,5,layer_000_wire_001_RZ,3,-0.004008931028202479,0.0014188731345956924,0.02845118969756137,0.0
random_bp,expectation_value,bcw_8q_random_bp,hea,RX_RY_RZ_CNOT,none,linear,cnot,global,8,8,8,same_entangling_gate_count,0,2,RX,0,6,layer_000_wire_002_RX,3,-0.0008111044892275283,0.0017245359945228622,0.031697380554572906,0.0
random_bp,expectation_value,bcw_8q_random_bp,hea,RX_RY_RZ_CNOT,none,linear,cnot,global,8,8,8,same_entangling_gate_count,0,2,RY,1,7,layer_000_wire_002_RY,3,0.004225334693412659,0.0010277125383343847,0.02315474994633809,0.0
random_bp,expectation_value,bcw_8q_random_bp,hea,RX_RY_RZ_CNOT,none,linear,cnot,global,8,8,8,same_entangling_gate_count,0,2,RZ,2,8,layer_000_wire_002_RZ,3,0.041912592233824555,9.610805648903751e-05,0.04191259223382455,0.0
random_bp,expectation_value,bcw_8q_random_bp,hea,RX_RY_RZ_CNOT,none,linear,cnot,global,8,8,8,same_entangling_gate_count,0,3,RX,0,9,layer_000_wire_003_RX,3,0.0263999072284249,0.0008503178099016599,0.030727050128248234,0.0
random_bp,expectation_value,bcw_8q_random_bp,hea,RX_RY_RZ_CNOT,none,linear,cnot,global,8,8,8,same_entangling_gate_count,0,3,RY,1,10,layer_000_wire_003_RY,3,-0.04044659188387164,0.0006243581191017512,0.04044659188387164,0.0
random_bp,expectation_value,bcw_8q_random_bp,hea,RX_RY_RZ_CNOT,none,linear,cnot,global,8,8,8,same_entangling_gate_count,0,3,RZ,2,11,layer_000_wire_003_RZ,3,-0.03399989892687453,0.0009792829114888323,0.035299511018883914,0.0
random_bp,expectation_value,bcw_8q_random_bp,hea,RX_RY_RZ_CNOT,none,linear,cnot,global,8,8,8,same_entangling_gate_count,0,4,RX,0,12,layer_000_wire_004_RX,3,0.025492421356834626,0.0006563326540313386,0.02811912634752395,0.0
random_bp,expectation_value,bcw_8q_random_bp,hea,RX_RY_RZ_CNOT,none,linear,cnot,global,8,8,8,same_entangling_gate_count,0,4,RY,1,13,layer_000_wire_004_RY,3,0.013220666257936378,0.0012996853749997611,0.03190375285199193,0.0
random_bp,expectation_value,bcw_8q_random_bp,hea,RX_RY_RZ_CNOT,none,linear,cnot,global,8,8,8,same_entangling_gate_count,0,4,RZ,2,14,layer_000_wire_004_RZ,3,0.0010176474982661228,0.0025139403434179227,0.03578388627929602,0.0
random_bp,expectation_value,bcw_8q_random_bp,hea,RX_RY_RZ_CNOT,none,linear,cnot,global,8,8,8,same_entangling_gate_count,0,5,RX,0,15,layer_000_wire_005_RX,3,-0.031839600153924646,0.0027388569718064058,0.0378961335478015,0.0
random_bp,expectation_value,bcw_8q_random_bp,hea,RX_RY_RZ_CNOT,none,linear,cnot,global,8,8,8,same_entangling_gate_count,0,5,RY,1,16,layer_000_wire_005_RY,3,-0.022438453231632655,0.00030629290433836174,0.022438453231632655,0.0
random_bp,expectation_value,bcw_8q_random_bp,hea,RX_RY_RZ_CNOT,none,linear,cnot,global,8,8,8,same_entangling_gate_count,0,5,RZ,2,17,layer_000_wire_005_RZ,3,0.05056344647884343,0.0022812153043688995,0.05056344647884342,0.0
random_bp,expectation_value,bcw_8q_random_bp,hea,RX_RY_RZ_CNOT,none,linear,cnot,global,8,8,8,same_entangling_gate_count,0,6,RX,0,18,layer_000_wire_006_RX,3,0.030202355287714165,0.00025695738071389193,0.03020235528771416,0.0
random_bp,expectation_value,bcw_8q_random_bp,hea,RX_RY_RZ_CNOT,none,linear,cnot,global,8,8,8,same_entangling_gate_count,0,6,RY,1,19,layer_000_wire_006_RY,3,-0.01831974785547116,0.0014363198838513946,0.02543605715289247,0.0
random_bp,expectation_value,bcw_8q_random_bp,hea,RX_RY_RZ_CNOT,none,linear,cnot,global,8,8,8,same_entangling_gate_count,0,6,RZ,2,20,layer_000_wire_006_RZ,3,0.02196560619402283,0.0007333329447487637,0.027296912685380346,0.0
random_bp,expectation_value,bcw_8q_random_bp,hea,RX_RY_RZ_CNOT,none,linear,cnot,global,8,8,8,same_entangling_gate_count,0,7,RX,0,21,layer_000_wire_007_RX,3,0.017791698788698518,0.0005692161169125558,0.01927341191238929,0.0
random_bp,expectation_value,bcw_8q_random_bp,hea,RX_RY_RZ_CNOT,none,linear,cnot,global,8,8,8,same_entangling_gate_count,0,7,RY,1,22,layer_000_wire_007_RY,3,-0.0032092414014440428,0.000439917474942361,0.014174049615052323,0.0
random_bp,expectation_value,bcw_8q_random_bp,hea,RX_RY_RZ_CNOT,none,linear,cnot,global,8,8,8,same_entangling_gate_count,0,7,RZ,2,23,layer_000_wire_007_RZ,3,-0.031617692257235666,0.0014757163976628937,0.032506285441178694,0.0
random_bp,expectation_value,bcw_8q_random_bp,hea,RX_RY_RZ_CNOT,none,linear,cnot,global,8,8,8,same_entangling_gate_count,1,0,RX,0,24,layer_001_wire_000_RX,3,-0.022761956106731658,0.000471591107366892,0.02276195610673166,0.0
random_bp,expectation_value,bcw_8q_random_bp,hea,RX_RY_RZ_CNOT,none,linear,cnot,global,8,8,8,same_entangling_gate_count,1,0,RY,1,25,layer_001_wire_000_RY,3,-0.05739275714544064,0.0001568477956885481,0.05739275714544064,0.0
random_bp,expectation_value,bcw_8q_random_bp,hea,RX_RY_RZ_CNOT,none,linear,cnot,global,8,8,8,same_entangling_gate_count,1,0,RZ,2,26,layer_001_wire_000_RZ,3,0.027398953239782645,0.00040237870886723526,0.027398953239782645,0.0
random_bp,expectation_value,bcw_8q_random_bp,hea,RX_RY_RZ_CNOT,none,linear,cnot,global,8,8,8,same_entangling_gate_count,1,1,RX,0,27,layer_001_wire_001_RX,3,0.009979340231494311,0.001351298249522723,0.028515152052791426,0.0
random_bp,expectation_value,bcw_8q_random_bp,hea,RX_RY_RZ_CNOT,none,linear,cnot,global,8,8,8,same_entangling_gate_count,1,1,RY,1,28,layer_001_wire_001_RY,3,0.041221037699257494,0.007333377219321466,0.06927546284673175,0.0
random_bp,expectation_value,bcw_8q_random_bp,hea,RX_RY_RZ_CNOT,none,linear,cnot,global,8,8,8,same_entangling_gate_count,1,1,RZ,2,29,layer_001_wire_001_RZ,3,0.004600125838376877,0.0007241770234431964,0.02183644853912763,0.0
random_bp,expectation_value,bcw_8q_random_bp,hea,RX_RY_RZ_CNOT,none,linear,cnot,global,8,8,8,same_entangling_gate_count,1,2,RX,0,30,layer_001_wire_002_RX,3,-0.00720175231343552,7.361521025108621e-06,0.00720175231343552,0.0
random_bp,expectation_value,bcw_8q_random_bp,hea,RX_RY_RZ_CNOT,none,linear,cnot,global,8,8,8,same_entangling_gate_count,1,2,RY,1,31,layer_001_wire_002_RY,3,-0.014316168751839936,0.008079771208172513,0.06179311546536518,0.0
random_bp,expectation_value,bcw_8q_random_bp,hea,RX_RY_RZ_CNOT,none,linear,cnot,global,8,8,8,same_entangling_gate_count,1,2,RZ,2,32,layer_001_wire_002_RZ,3,-0.020842187893794228,0.00020950107567631532,0.020842187893794228,0.0
random_bp,expectation_value,bcw_8q_random_bp,hea,RX_RY_RZ_CNOT,none,linear,cnot,global,8,8,8,same_entangling_gate_count,1,3,RX,0,33,layer_001_wire_003_RX,3,-0.028794445890127925,0.0013638638050520668,0.03721423047069847,0.0
random_bp,expectation_value,bcw_8q_random_bp,hea,RX_RY_RZ_CNOT,none,linear,cnot,global,8,8,8,same_entangling_gate_count,1,3,RY,1,34,layer_001_wire_003_RY,3,-0.014372651547883373,2.7429730578509864e-05,0.014372651547883373,0.0
random_bp,expectation_value,bcw_8q_random_bp,hea,RX_RY_RZ_CNOT,none,linear,cnot,global,8,8,8,same_entangling_gate_count,1,3,RZ,2,35,layer_001_wire_003_RZ,3,0.056131681757057544,0.0037465479188790152,0.0658274213170247,0.0
random_bp,expectation_value,bcw_8q_random_bp,hea,RX_RY_RZ_CNOT,none,linear,cnot,global,8,8,8,same_entangling_gate_count,1,4,RX,0,36,layer_001_wire_004_RX,3,0.03819926826445105,0.0018177402208396619,0.04551308908856618,0.0
random_bp,expectation_value,bcw_8q_random_bp,hea,RX_RY_RZ_CNOT,none,linear,cnot,global,8,8,8,same_entangling_gate_count,1,4,RY,1,37,layer_001_wire_004_RY,3,0.017159177800763536,0.0019755256380820227,0.028394413446403737,0.0
random_bp,expectation_value,bcw_8q_random_bp,hea,RX_RY_RZ_CNOT,none,linear,cnot,global,8,8,8,same_entangling_gate_count,1,4,RZ,2,38,layer_001_wire_004_RZ,3,-0.019089105612783992,0.002362079204850151,0.04356248757172459,0.0
random_bp,expectation_value,bcw_8q_random_bp,hea,RX_RY_RZ_CNOT,none,linear,cnot,global,8,8,8,same_entangling_gate_count,1,5,RX,0,39,layer_001_wire_005_RX,3,-0.01650183986909797,0.004108126201184438,0.04297563513307092,0.0
random_bp,expectation_value,bcw_8q_random_bp,hea,RX_RY_RZ_CNOT,none,linear,cnot,global,8,8,8,same_entangling_gate_count,1,5,RY,1,40,layer_001_wire_005_RY,3,-0.01990429889497404,0.0006563814912054047,0.024276152052812795,0.0
random_bp,expectation_value,bcw_8q_random_bp,hea,RX_RY_RZ_CNOT,none,linear,cnot,global,8,8,8,same_entangling_gate_count,1,5,RZ,2,41,layer_001_wire_005_RZ,3,0.0015514786731366421,0.0010020568782931948,0.023837493038798886,0.0
random_bp,expectation_value,bcw_8q_random_bp,hea,RX_RY_RZ_CNOT,none,linear,cnot,global,8,8,8,same_entangling_gate_count,1,6,RX,0,42,layer_001_wire_006_RX,3,0.03604507595795117,0.0007008883542304403,0.03604507595795118,0.0
random_bp,expectation_value,bcw_8q_random_bp,hea,RX_RY_RZ_CNOT,none,linear,cnot,global,8,8,8,same_entangling_gate_count,1,6,RY,1,43,layer_001_wire_006_RY,3,-0.003552706584269887,0.0005658080664007796,0.016601433012205274,0.0
random_bp,expectation_value,bcw_8q_random_bp,hea,RX_RY_RZ_CNOT,none,linear,cnot,global,8,8,8,same_entangling_gate_count,1,6,RZ,2,44,layer_001_wire_006_RZ,3,0.015336074507755707,0.002926002432888242,0.046151272664248046,0.0
random_bp,expectation_value,bcw_8q_random_bp,hea,RX_RY_RZ_CNOT,none,linear,cnot,global,8,8,8,same_entangling_gate_count,1,7,RX,0,45,layer_001_wire_007_RX,3,-0.014620258969127574,0.0011251627842269476,0.02158278722666453,0.0
random_bp,expectation_value,bcw_8q_random_bp,hea,RX_RY_RZ_CNOT,none,linear,cnot,global,8,8,8,same_entangling_gate_count,1,7,RY,1,46,layer_001_wire_007_RY,3,-0.03877387555692608,3.5085258359152594e-05,0.03877387555692608,0.0
random_bp,expectation_value,bcw_8q_random_bp,hea,RX_RY_RZ_CNOT,none,linear,cnot,global,8,8,8,same_entangling_gate_count,1,7,RZ,2,47,layer_001_wire_007_RZ,3,0.019083801335487142,0.0013314656926308108,0.025830250261153487,0.0
random_bp,expectation_value,bcw_8q_random_bp,hea,RX_RY_RZ_CNOT,none,linear,cnot,global,8,8,8,same_entangling_gate_count,2,0,RX,0,48,layer_002_wire_000_RX,3,0.006685584698325533,0.00439846046700576,0.05004136237277662,0.0
random_bp,expectation_value,bcw_8q_random_bp,hea,RX_RY_RZ_CNOT,none,linear,cnot,global,8,8,8,same_entangling_gate_count,2,0,RY,1,49,layer_002_wire_000_RY,3,0.00610168842297659,0.0013859302385732688,0.025360075262670385,0.0
random_bp,expectation_value,bcw_8q_random_bp,hea,RX_RY_RZ_CNOT,none,linear,cnot,global,8,8,8,same_entangling_gate_count,2,0,RZ,2,50,layer_002_wire_000_RZ,3,0.01839290361441903,0.003987883192452521,0.05349951421533731,0.0
random_bp,expectation_value,bcw_8q_random_bp,hea,RX_RY_RZ_CNOT,none,linear,cnot,global,8,8,8,same_entangling_gate_count,2,1,RX,0,51,layer_002_wire_001_RX,3,0.012651503907501829,0.001377026748658198,0.0315462636547171,0.0
random_bp,expectation_value,bcw_8q_random_bp,hea,RX_RY_RZ_CNOT,none,linear,cnot,global,8,8,8,same_entangling_gate_count,2,1,RY,1,52,layer_002_wire_001_RY,3,-0.04713909092591877,0.001136554671307975,0.047139090925918774,0.0
random_bp,expectation_value,bcw_8q_random_bp,hea,RX_RY_RZ_CNOT,none,linear,cnot,global,8,8,8,same_entangling_gate_count,2,1,RZ,2,53,layer_002_wire_001_RZ,3,0.0027254650203922468,0.0007849953556968517,0.020659255002077572,0.0
random_bp,expectation_value,bcw_8q_random_bp,hea,RX_RY_RZ_CNOT,none,linear,cnot,global,8,8,8,same_entangling_gate_count,2,2,RX,0,54,layer_002_wire_002_RX,3,-0.012849755041922213,0.0017249281198542321,0.03622331499494067,0.0
random_bp,expectation_value,bcw_8q_random_bp,hea,RX_RY_RZ_CNOT,none,linear,cnot,global,8,8,8,same_entangling_gate_count,2,2,RY,1,55,layer_002_wire_002_RY,3,0.03089425789910631,0.002482228059094988,0.03089425789910631,0.0
random_bp,expectation_value,bcw_8q_random_bp,hea,RX_RY_RZ_CNOT,none,linear,cnot,global,8,8,8,same_entangling_gate_count,2,2,RZ,2,56,layer_002_wire_002_RZ,3,0.00436339457638046,0.0022503088546021355,0.03184506574594665,0.0
random_bp,expectation_value,bcw_8q_random_bp,hea,RX_RY_RZ_CNOT,none,linear,cnot,global,8,8,8,same_entangling_gate_count,2,3,RX,0,57,layer_002_wire_003_RX,3,0.014854659726981913,0.00029993475499861866,0.014871576238112314,0.0
random_bp,expectation_value,bcw_8q_random_bp,hea,RX_RY_RZ_CNOT,none,linear,cnot,global,8,8,8,same_entangling_gate_count,2,3,RY,1,58,layer_002_wire_003_RY,3,-0.026938625519588463,0.001148576889240924,0.032861918246630754,0.0
random_bp,expectation_value,bcw_8q_random_bp,hea,RX_RY_RZ_CNOT,none,linear,cnot,global,8,8,8,same_entangling_gate_count,2,3,RZ,2,59,layer_002_wire_003_RZ,3,0.007797258936730946,0.0005595546160088203,0.01587902685720483,0.0
random_bp,expectation_value,bcw_8q_random_bp,hea,RX_RY_RZ_CNOT,none,linear,cnot,global,8,8,8,same_entangling_gate_count,2,4,RX,0,60,layer_002_wire_004_RX,3,-0.03950576644274711,0.000569988026858405,0.03950576644274711,0.0
random_bp,expectation_value,bcw_8q_random_bp,hea,RX_RY_RZ_CNOT,none,linear,cnot,global,8,8,8,same_entangling_gate_count,2,4,RY,1,61,layer_002_wire_004_RY,3,0.002687179360917475,0.00013854774811807396,0.008345603506723276,0.0
random_bp,expectation_value,bcw_8q_random_bp,hea,RX_RY_RZ_CNOT,none,linear,cnot,global,8,8,8,same_entangling_gate_count,2,4,RZ,2,62,layer_002_wire_004_RZ,3,-0.05572252512642462,4.761797621561749e-05,0.05572252512642462,0.0
random_bp,expectation_value,bcw_8q_random_bp,hea,RX_RY_RZ_CNOT,none,linear,cnot,global,8,8,8,same_entangling_gate_count,2,5,RX,0,63,layer_002_wire_005_RX,3,-0.01886312334252102,0.001451355614401747,0.03560790506180498,0.0
random_bp,expectation_value,bcw_8q_random_bp,hea,RX_RY_RZ_CNOT,none,linear,cnot,global,8,8,8,same_entangling_gate_count,2,5,RY,1,64,layer_002_wire_005_RY,3,0.012293103015377102,0.0036996145034271575,0.0401355626565531,0.0
random_bp,expectation_value,bcw_8q_random_bp,hea,RX_RY_RZ_CNOT,none,linear,cnot,global,8,8,8,same_entangling_gate_count,2,5,RZ,2,65,layer_002_wire_005_RZ,3,-0.014566952372430504,0.00046070334602703355,0.020339761641756295,0.0
random_bp,expectation_value,bcw_8q_random_bp,hea,RX_RY_RZ_CNOT,none,linear,cnot,global,8,8,8,same_entangling_gate_count,2,6,RX,0,66,layer_002_wire_006_RX,3,-0.014052047967073001,0.000687571872039675,0.024713466101995197,0.0
random_bp,expectation_value,bcw_8q_random_bp,hea,RX_RY_RZ_CNOT,none,linear,cnot,global,8,8,8,same_entangling_gate_count,2,6,RY,1,67,layer_002_wire_006_RY,3,0.012092706836796738,0.0025948576722216567,0.034501120363680665,0.0
random_bp,expectation_value,bcw_8q_random_bp,hea,RX_RY_RZ_CNOT,none,linear,cnot,global,8,8,8,same_entangling_gate_count,2,6,RZ,2,68,layer_002_wire_006_RZ,3,0.005109306746765294,0.00013303510315625328,0.008054975255386988,0.0
random_bp,expectation_value,bcw_8q_random_bp,hea,RX_RY_RZ_CNOT,none,linear,cnot,global,8,8,8,same_entangling_gate_count,2,7,RX,0,69,layer_002_wire_007_RX,3,0.000510775461894878,0.0015950479659508664,0.029522239307898667,0.0
random_bp,expectation_value,bcw_8q_random_bp,hea,RX_RY_RZ_CNOT,none,linear,cnot,global,8,8,8,same_entangling_gate_count,2,7,RY,1,70,layer_002_wire_007_RY,3,-0.01404476665058424,0.0007652494529560213,0.021973061615024516,0.0
random_bp,expectation_value,bcw_8q_random_bp,hea,RX_RY_RZ_CNOT,none,linear,cnot,global,8,8,8,same_entangling_gate_count,2,7,RZ,2,71,layer_002_wire_007_RZ,3,-0.013247798398130022,0.0013103086482458334,0.02700019511720024,0.0
random_bp,expectation_value,bcw_8q_random_bp,hea,RX_RY_RZ_CNOT,none,linear,cnot,global,8,8,8,same_entangling_gate_count,3,0,RX,0,72,layer_003_wire_000_RX,3,-0.014224176136862481,0.0001807469583780582,0.014884743812936085,0.0
random_bp,expectation_value,bcw_8q_random_bp,hea,RX_RY_RZ_CNOT,none,linear,cnot,global,8,8,8,same_entangling_gate_count,3,0,RY,1,73,layer_003_wire_000_RY,3,-0.0254949930173899,0.00029826494366287583,0.0254949930173899,0.0
random_bp,expectation_value,bcw_8q_random_bp,hea,RX_RY_RZ_CNOT,none,linear,cnot,global,8,8,8,same_entangling_gate_count,3,0,RZ,2,74,layer_003_wire_000_RZ,3,-0.00941313086621857,0.004135774586285001,0.04401949022129941,0.0
random_bp,expectation_value,bcw_8q_random_bp,hea,RX_RY_RZ_CNOT,none,linear,cnot,global,8,8,8,same_entangling_gate_count,3,1,RX,0,75,layer_003_wire_001_RX,3,0.024457861419116694,0.0021577670403560723,0.041725737647137266,0.0
random_bp,expectation_value,bcw_8q_random_bp,hea,RX_RY_RZ_CNOT,none,linear,cnot,global,8,8,8,same_entangling_gate_count,3,1,RY,1,76,layer_003_wire_001_RY,3,-0.0023666771356529517,0.0034312569003843735,0.043711271224169734,0.0
random_bp,expectation_value,bcw_8q_random_bp,hea,RX_RY_RZ_CNOT,none,linear,cnot,global,8,8,8,same_entangling_gate_count,3,1,RZ,2,77,layer_003_wire_001_RZ,3,-0.05192246219305223,0.0010931267652549716,0.05192246219305222,0.0
random_bp,expectation_value,bcw_8q_random_bp,hea,RX_RY_RZ_CNOT,none,linear,cnot,global,8,8,8,same_entangling_gate_count,3,2,RX,0,78,layer_003_wire_002_RX,3,-0.009254541135955443,0.0006209055487188307,0.02155256026134526,0.0
random_bp,expectation_value,bcw_8q_random_bp,hea,RX_RY_RZ_CNOT,none,linear,cnot,global,8,8,8,same_entangling_gate_count,3,2,RY,1,79,layer_003_wire_002_RY,3,-0.021345930908122354,0.0009641571227984095,0.026899096096275606,0.0
random_bp,expectation_value,bcw_8q_random_bp,hea,RX_RY_RZ_CNOT,none,linear,cnot,global,8,8,8,same_entangling_gate_count,3,2,RZ,2,80,layer_003_wire_002_RZ,3,-0.02368844775973523,0.0021696784761012235,0.037005363177204216,0.0
random_bp,expectation_value,bcw_8q_random_bp,hea,RX_RY_RZ_CNOT,none,linear,cnot,global,8,8,8,same_entangling_gate_count,3,3,RX,0,81,layer_003_wire_003_RX,3,0.02325254091933621,0.000481507686410059,0.02325254091933621,0.0
random_bp,expectation_value,bcw_8q_random_bp,hea,RX_RY_RZ_CNOT,none,linear,cnot,global,8,8,8,same_entangling_gate_count,3,3,RY,1,82,layer_003_wire_003_RY,3,0.003340900916639165,0.0006159362012768231,0.01918440154601157,0.0
random_bp,expectation_value,bcw_8q_random_bp,hea,RX_RY_RZ_CNOT,none,linear,cnot,global,8,8,8,same_entangling_gate_count,3,3,RZ,2,83,layer_003_wire_003_RZ,3,-0.0450781346985645,0.0013937107691617309,0.0450781346985645,0.0
random_bp,expectation_value,bcw_8q_random_bp,hea,RX_RY_RZ_CNOT,none,linear,cnot,global,8,8,8,same_entangling_gate_count,3,4,RX,0,84,layer_003_wire_004_RX,3,-0.011960414502823199,0.002121298150311735,0.03658778678230728,0.0
random_bp,expectation_value,bcw_8q_random_bp,hea,RX_RY_RZ_CNOT,none,linear,cnot,global,8,8,8,same_entangling_gate_count,3,4,RY,1,85,layer_003_wire_004_RY,3,0.03967544298047554,0.0019528747650285326,0.04412818752038267,0.0
random_bp,expectation_value,bcw_8q_random_bp,hea,RX_RY_RZ_CNOT,none,linear,cnot,global,8,8,8,same_entangling_gate_count,3,4,RZ,2,86,layer_003_wire_004_RZ,3,-0.0188792512336052,0.006565294749963172,0.055635090223097323,0.0
random_bp,expectation_value,bcw_8q_random_bp,hea,RX_RY_RZ_CNOT,none,linear,cnot,global,8,8,8,same_entangling_gate_count,3,5,RX,0,87,layer_003_wire_005_RX,3,0.06168203446325358,0.0012340602980279957,0.06168203446325358,0.0
random_bp,expectation_value,bcw_8q_random_bp,hea,RX_RY_RZ_CNOT,none,linear,cnot,global,8,8,8,same_entangling_gate_count,3,5,RY,1,88,layer_003_wire_005_RY,3,0.001390486025274737,0.007463122135834032,0.0648873514206034,0.0
random_bp,expectation_value,bcw_8q_random_bp,hea,RX_RY_RZ_CNOT,none,linear,cnot,global,8,8,8,same_entangling_gate_count,3,5,RZ,2,89,layer_003_wire_005_RZ,3,0.03613832427185888,0.007482349636170676,0.054540877334393646,0.0
random_bp,expectation_value,bcw_8q_random_bp,hea,RX_RY_RZ_CNOT,none,linear,cnot,global,8,8,8,same_entangling_gate_count,3,6,RX,0,90,layer_003_wire_006_RX,3,-0.030330083489427704,0.00016164606767957423,0.030330083489427704,0.0
random_bp,expectation_value,bcw_8q_random_bp,hea,RX_RY_RZ_CNOT,none,linear,cnot,global,8,8,8,same_entangling_gate_count,3,6,RY,1,91,layer_003_wire_006_RY,3,-0.004282678200068318,0.0033371991907708946,0.041783440625008654,0.0
random_bp,expectation_value,bcw_8q_random_bp,hea,RX_RY_RZ_CNOT,none,linear,cnot,global,8,8,8,same_entangling_gate_count,3,6,RZ,2,92,layer_003_wire_006_RZ,3,-0.029215007850930792,0.0005215125621384176,0.029215007850930796,0.0
random_bp,expectation_value,bcw_8q_random_bp,hea,RX_RY_RZ_CNOT,none,linear,cnot,global,8,8,8,same_entangling_gate_count,3,7,RX,0,93,layer_003_wire_007_RX,3,0.009559398581360333,0.0019542553336113263,0.02907662089232461,0.0
random_bp,expectation_value,bcw_8q_random_bp,hea,RX_RY_RZ_CNOT,none,linear,cnot,global,8,8,8,same_entangling_gate_count,3,7,RY,1,94,layer_003_wire_007_RY,3,-0.00459019737044006,0.0008358237453421047,0.023576542869425815,0.0
random_bp,expectation_value,bcw_8q_random_bp,hea,RX_RY_RZ_CNOT,none,linear,cnot,global,8,8,8,same_entangling_gate_count,3,7,RZ,2,95,layer_003_wire_007_RZ,3,0.026161705599904852,0.003922360327955225,0.04434424743176152,0.0
random_bp,expectation_value,bcw_8q_random_bp,hea,RX_RY_RZ_CNOT,none,linear,cnot,global,8,8,8,same_entangling_gate_count,4,0,RX,0,96,layer_004_wire_000_RX,3,-0.01903923461498723,0.0009820918246563693,0.02175611800709343,0.0
random_bp,expectation_value,bcw_8q_random_bp,hea,RX_RY_RZ_CNOT,none,linear,cnot,global,8,8,8,same_entangling_gate_count,4,0,RY,1,97,layer_004_wire_000_RY,3,-0.011332430831808845,0.002781004907057388,0.035157818662935554,0.0
random_bp,expectation_value,bcw_8q_random_bp,hea,RX_RY_RZ_CNOT,none,linear,cnot,global,8,8,8,same_entangling_gate_count,4,0,RZ,2,98,layer_004_wire_000_RZ,3,-0.02046090908558349,0.00034939994665495583,0.021177907192057425,0.0
random_bp,expectation_value,bcw_8q_random_bp,hea,RX_RY_RZ_CNOT,none,linear,cnot,global,8,8,8,same_entangling_gate_count,4,1,RX,0,99,layer_004_wire_001_RX,3,0.05200098118918282,0.001448605933101808,0.05200098118918282,0.0
random_bp,expectation_value,bcw_8q_random_bp,hea,RX_RY_RZ_CNOT,none,linear,cnot,global,8,8,8,same_entangling_gate_count,4,1,RY,1,100,layer_004_wire_001_RY,3,0.009179411920464245,0.0030634626616582693,0.03908297498576096,0.0
random_bp,expectation_value,bcw_8q_random_bp,hea,RX_RY_RZ_CNOT,none,linear,cnot,global,8,8,8,same_entangling_gate_count,4,1,RZ,2,101,layer_004_wire_001_RZ,3,0.008724217294017584,0.0029253451024152024,0.04254479730753985,0.0
random_bp,expectation_value,bcw_8q_random_bp,hea,RX_RY_RZ_CNOT,none,linear,cnot,global,8,8,8,same_entangling_gate_count,4,2,RX,0,102,layer_004_wire_002_RX,3,0.014643812387889598,7.347420887760631e-05,0.014643812387889596,0.0
random_bp,expectation_value,bcw_8q_random_bp,hea,RX_RY_RZ_CNOT,none,linear,cnot,global,8,8,8,same_entangling_gate_count,4,2,RY,1,103,layer_004_wire_002_RY,3,-0.028846114100022302,0.0014593743940092914,0.0288461141000223,0.0
random_bp,expectation_value,bcw_8q_random_bp,hea,RX_RY_RZ_CNOT,none,linear,cnot,global,8,8,8,same_entangling_gate_count,4,2,RZ,2,104,layer_004_wire_002_RZ,3,0.005771614182968695,0.0009469953454191772,0.02073030343004841,0.0
random_bp,expectation_value,bcw_8q_random_bp,hea,RX_RY_RZ_CNOT,none,linear,cnot,global,8,8,8,same_entangling_gate_count,4,3,RX,0,105,layer_004_wire_003_RX,3,-0.0558746412453218,0.00048760891501175934,0.0558746412453218,0.0
random_bp,expectation_value,bcw_8q_random_bp,hea,RX_RY_RZ_CNOT,none,linear,cnot,global,8,8,8,same_entangling_gate_count,4,3,RY,1,106,layer_004_wire_003_RY,3,0.0019964608924010335,0.000231077823357599,0.01229839100206632,0.0
random_bp,expectation_value,bcw_8q_random_bp,hea,RX_RY_RZ_CNOT,none,linear,cnot,global,8,8,8,same_entangling_gate_count,4,3,RZ,2,107,layer_004_wire_003_RZ,3,-0.04918321318725109,0.0014819096711393745,0.0491832131872511,0.0
random_bp,expectation_value,bcw_8q_random_bp,hea,RX_RY_RZ_CNOT,none,linear,cnot,global,8,8,8,same_entangling_gate_count,4,4,RX,0,108,layer_004_wire_004_RX,3,0.029370118190521974,0.001274533144845258,0.02937011819052197,0.0
random_bp,expectation_value,bcw_8q_random_bp,hea,RX_RY_RZ_CNOT,none,linear,cnot,global,8,8,8,same_entangling_gate_count,4,4,RY,1,109,layer_004_wire_004_RY,3,0.002368147587396752,0.00024309329354328327,0.011193248151330144,0.0
random_bp,expectation_value,bcw_8q_random_bp,hea,RX_RY_RZ_CNOT,none,linear,cnot,global,8,8,8,same_entangling_gate_count,4,4,RZ,2,110,layer_004_wire_004_RZ,3,-0.01887239350757565,0.0013926307659359884,0.024223566548020187,0.0
random_bp,expectation_value,bcw_8q_random_bp,hea,RX_RY_RZ_CNOT,none,linear,cnot,global,8,8,8,same_entangling_gate_count,4,5,RX,0,111,layer_004_wire_005_RX,3,-0.003022876371450058,9.626714698866247e-05,0.008101561568845377,0.0
random_bp,expectation_value,bcw_8q_random_bp,hea,RX_RY_RZ_CNOT,none,linear,cnot,global,8,8,8,same_entangling_gate_count,4,5,RY,1,112,layer_004_wire_005_RY,3,-0.029868094322817257,0.0020789734031806096,0.0410281475517694,0.0
random_bp,expectation_value,bcw_8q_random_bp,hea,RX_RY_RZ_CNOT,none,linear,cnot,global,8,8,8,same_entangling_gate_count,4,5,RZ,2,113,layer_004_wire_005_RZ,3,0.0077436953513972005,0.0005390569850885353,0.015370747931621376,0.0
random_bp,expectation_value,bcw_8q_random_bp,hea,RX_RY_RZ_CNOT,none,linear,cnot,global,8,8,8,same_entangling_gate_count,4,6,RX,0,114,layer_004_wire_006_RX,3,0.012372531705704879,0.0024660351768823014,0.033820754349184315,0.0
random_bp,expectation_value,bcw_8q_random_bp,hea,RX_RY_RZ_CNOT,none,linear,cnot,global,8,8,8,same_entangling_gate_count,4,6,RY,1,115,layer_004_wire_006_RY,3,0.012947278070765154,0.0029731187385291695,0.035798924360608296,0.0
random_bp,expectation_value,bcw_8q_random_bp,hea,RX_RY_RZ_CNOT,none,linear,cnot,global,8,8,8,same_entangling_gate_count,4,6,RZ,2,116,layer_004_wire_006_RZ,3,0.03529586292217404,0.0019577529688826804,0.03529586292217404,0.0
random_bp,expectation_value,bcw_8q_random_bp,hea,RX_RY_RZ_CNOT,none,linear,cnot,global,8,8,8,same_entangling_gate_count,4,7,RX,0,117,layer_004_wire_007_RX,3,-0.017007188380810667,0.0001227297125812421,0.017007188380810667,0.0
random_bp,expectation_value,bcw_8q_random_bp,hea,RX_RY_RZ_CNOT,none,linear,cnot,global,8,8,8,same_entangling_gate_count,4,7,RY,1,118,layer_004_wire_007_RY,3,-0.011033430750585799,0.0007527172163901312,0.0245133992925443,0.0
random_bp,expectation_value,bcw_8q_random_bp,hea,RX_RY_RZ_CNOT,none,linear,cnot,global,8,8,8,same_entangling_gate_count,4,7,RZ,2,119,layer_004_wire_007_RZ,3,0.02106671711512445,7.045045692206256e-05,0.02106671711512445,0.0
random_bp,expectation_value,bcw_8q_random_bp,hea,RX_RY_RZ_CNOT,none,linear,cnot,global,8,8,8,same_entangling_gate_count,5,0,RX,0,120,layer_005_wire_000_RX,3,0.02690549227017554,0.0008886114191417232,0.026905492270175538,0.0
random_bp,expectation_value,bcw_8q_random_bp,hea,RX_RY_RZ_CNOT,none,linear,cnot,global,8,8,8,same_entangling_gate_count,5,0,RY,1,121,layer_005_wire_000_RY,3,0.018235031974979204,0.0026758898736639414,0.045641589554816765,0.0
random_bp,expectation_value,bcw_8q_random_bp,hea,RX_RY_RZ_CNOT,none,linear,cnot,global,8,8,8,same_entangling_gate_count,5,0,RZ,2,122,layer_005_wire_000_RZ,3,-0.006795524177064695,0.0011825419845277857,0.02320362232741084,0.0
random_bp,expectation_value,bcw_8q_random_bp,hea,RX_RY_RZ_CNOT,none,linear,cnot,global,8,8,8,same_entangling_gate_count,5,1,RX,0,123,layer_005_wire_001_RX,3,-0.020847996637166775,0.0035271428122178585,0.03825803919949284,0.0
random_bp,expectation_value,bcw_8q_random_bp,hea,RX_RY_RZ_CNOT,none,linear,cnot,global,8,8,8,same_entangling_gate_count,5,1,RY,1,124,layer_005_wire_001_RY,3,-0.0126227709979876,0.001596291194506532,0.025846477612946558,0.0
random_bp,expectation_value,bcw_8q_random_bp,hea,RX_RY_RZ_CNOT,none,linear,cnot,global,8,8,8,same_entangling_gate_count,5,1,RZ,2,125,layer_005_wire_001_RZ,3,-0.03891975516258557,0.001716194461463634,0.03891975516258556,0.0
random_bp,expectation_value,bcw_8q_random_bp,hea,RX_RY_RZ_CNOT,none,linear,cnot,global,8,8,8,same_entangling_gate_count,5,2,RX,0,126,layer_005_wire_002_RX,3,-0.005000081940830618,0.001278378226330346,0.024939634761495025,0.0
random_bp,expectation_value,bcw_8q_random_bp,hea,RX_RY_RZ_CNOT,none,linear,cnot,global,8,8,8,same_entangling_gate_count,5,2,RY,1,127,layer_005_wire_002_RY,3,0.012021277508073986,0.0017623678903555245,0.033094637770477574,0.0
random_bp,expectation_value,bcw_8q_random_bp,hea,RX_RY_RZ_CNOT,none,linear,cnot,global,8,8,8,same_entangling_gate_count,5,2,RZ,2,128,layer_005_wire_002_RZ,3,-0.004860755459715961,0.0010383673255119172,0.026368603816306475,0.0
random_bp,expectation_value,bcw_8q_random_bp,hea,RX_RY_RZ_CNOT,none,linear,cnot,global,8,8,8,same_entangling_gate_count,5,3,RX,0,129,layer_005_wire_003_RX,3,-0.014867143350674192,9.953189021307846e-05,0.014867143350674192,0.0
random_bp,expectation_value,bcw_8q_random_bp,hea,RX_RY_RZ_CNOT,none,linear,cnot,global,8,8,8,same_entangling_gate_count,5,3,RY,1,130,layer_005_wire_003_RY,3,0.03103164685276216,0.0026437627204591286,0.0356529400255093,0.0
random_bp,expectation_value,bcw_8q_random_bp,hea,RX_RY_RZ_CNOT,none,linear,cnot,global,8,8,8,same_entangling_gate_count,5,3,RZ,2,131,layer_005_wire_003_RZ,3,-0.01611914384879319,0.0014871625208820519,0.03190878928960655,0.0
random_bp,expectation_value,bcw_8q_random_bp,hea,RX_RY_RZ_CNOT,none,linear,cnot,global,8,8,8,same_entangling_gate_count,5,4,RX,0,132,layer_005_wire_004_RX,3,0.007130855044121646,0.0023262267392293178,0.0322043947636106,0.0
random_bp,expectation_value,bcw_8q_random_bp,hea,RX_RY_RZ_CNOT,none,linear,cnot,global,8,8,8,same_entangling_gate_count,5,4,RY,1,133,layer_005_wire_004_RY,3,-0.017823331509051788,0.0010730104947130356,0.027415028131653685,0.0
random_bp,expectation_value,bcw_8q_random_bp,hea,RX_RY_RZ_CNOT,none,linear,cnot,global,8,8,8,same_entangling_gate_count,5,4,RZ,2,134,layer_005_wire_004_RZ,3,-0.006217347050460363,0.0037372466083332345,0.04220780018727249,0.0
random_bp,expectation_value,bcw_8q_random_bp,hea,RX_RY_RZ_CNOT,none,linear,cnot,global,8,8,8,same_entangling_gate_count,5,5,RX,0,135,layer_005_wire_005_RX,3,-0.03316650560351485,0.0014319098875563842,0.03592698944122185,0.0
random_bp,expectation_value,bcw_8q_random_bp,hea,RX_RY_RZ_CNOT,none,linear,cnot,global,8,8,8,same_entangling_gate_count,5,5,RY,1,136,layer_005_wire_005_RY,3,0.0010259764384879843,0.004660504804819136,0.0493624530676777,0.0
random_bp,expectation_value,bcw_8q_random_bp,hea,RX_RY_RZ_CNOT,none,linear,cnot,global,8,8,8,same_entangling_gate_count,5,5,RZ,2,137,layer_005_wire_005_RZ,3,0.027050398734682818,0.0010926618655912412,0.02952241804530474,0.0
random_bp,expectation_value,bcw_8q_random_bp,hea,RX_RY_RZ_CNOT,none,linear,cnot,global,8,8,8,same_entangling_gate_count,5,6,RX,0,138,layer_005_wire_006_RX,3,0.03358845534789294,0.00010334841119087452,0.03358845534789293,0.0
random_bp,expectation_value,bcw_8q_random_bp,hea,RX_RY_RZ_CNOT,none,linear,cnot,global,8,8,8,same_entangling_gate_count,5,6,RY,1,139,layer_005_wire_006_RY,3,0.000265109812139357,0.0011442061124099135,0.025033459294133042,0.0
random_bp,expectation_value,bcw_8q_random_bp,hea,RX_RY_RZ_CNOT,none,linear,cnot,global,8,8,8,same_entangling_gate_count,5,6,RZ,2,140,layer_005_wire_006_RZ,3,0.016802529353500233,0.0007703778758929535,0.026896542000278027,0.0
random_bp,expectation_value,bcw_8q_random_bp,hea,RX_RY_RZ_CNOT,none,linear,cnot,global,8,8,8,same_entangling_gate_count,5,7,RX,0,141,layer_005_wire_007_RX,3,-0.006880086769909782,1.7031464316054006e-05,0.006880086769909782,0.0
random_bp,expectation_value,bcw_8q_random_bp,hea,RX_RY_RZ_CNOT,none,linear,cnot,global,8,8,8,same_entangling_gate_count,5,7,RY,1,142,layer_005_wire_007_RY,3,0.06032701987204683,0.004024845402398387,0.06032701987204683,0.0
random_bp,expectation_value,bcw_8q_random_bp,hea,RX_RY_RZ_CNOT,none,linear,cnot,global,8,8,8,same_entangling_gate_count,5,7,RZ,2,143,layer_005_wire_007_RZ,3,0.004273603946481411,0.001715792918188691,0.028394526265479322,0.0
random_bp,expectation_value,bcw_8q_random_bp,hea,RX_RY_RZ_CNOT,none,linear,cnot,global,8,8,8,same_entangling_gate_count,6,0,RX,0,144,layer_006_wire_000_RX,3,0.011713674616037277,0.00016365128618787907,0.011962255875025286,0.0
random_bp,expectation_value,bcw_8q_random_bp,hea,RX_RY_RZ_CNOT,none,linear,cnot,global,8,8,8,same_entangling_gate_count,6,0,RY,1,145,layer_006_wire_000_RY,3,0.005853316218681058,0.001347425565033807,0.030156377104600812,0.0
random_bp,expectation_value,bcw_8q_random_bp,hea,RX_RY_RZ_CNOT,none,linear,cnot,global,8,8,8,same_entangling_gate_count,6,0,RZ,2,146,layer_006_wire_000_RZ,3,-2.1816768551257248e-17,2.054315302922753e-33,2.976586604297704e-17,1.0
random_bp,expectation_value,bcw_8q_random_bp,hea,RX_RY_RZ_CNOT,none,linear,cnot,global,8,8,8,same_entangling_gate_count,6,1,RX,0,147,layer_006_wire_001_RX,3,-0.05467119194164348,0.001874001771330958,0.054671191941643486,0.0
random_bp,expectation_value,bcw_8q_random_bp,hea,RX_RY_RZ_CNOT,none,linear,cnot,global,8,8,8,same_entangling_gate_count,6,1,RY,1,148,layer_006_wire_001_RY,3,-0.031073197525406337,5.895406041484548e-05,0.031073197525406337,0.0
random_bp,expectation_value,bcw_8q_random_bp,hea,RX_RY_RZ_CNOT,none,linear,cnot,global,8,8,8,same_entangling_gate_count,6,1,RZ,2,149,layer_006_wire_001_RZ,3,-0.022537041688803525,0.006337554912344553,0.06824410512109569,0.0
random_bp,expectation_value,bcw_8q_random_bp,hea,RX_RY_RZ_CNOT,none,linear,cnot,global,8,8,8,same_entangling_gate_count,6,2,RX,0,150,layer_006_wire_002_RX,3,-0.0063901703511359265,0.00012108275991540814,0.006520575152874579,0.0
random_bp,expectation_value,bcw_8q_random_bp,hea,RX_RY_RZ_CNOT,none,linear,cnot,global,8,8,8,same_entangling_gate_count,6,2,RY,1,151,layer_006_wire_002_RY,3,-0.002216996887308075,0.0010282252772249654,0.024611060521207578,0.0
random_bp,expectation_value,bcw_8q_random_bp,hea,RX_RY_RZ_CNOT,none,linear,cnot,global,8,8,8,same_entangling_gate_count,6,2,RZ,2,152,layer_006_wire_002_RZ,3,0.034647371691042976,0.00418471829418315,0.038227155280632655,0.0
random_bp,expectation_value,bcw_8q_random_bp,hea,RX_RY_RZ_CNOT,none,linear,cnot,global,8,8,8,same_entangling_gate_count,6,3,RX,0,153,layer_006_wire_003_RX,3,-0.010518820971752448,0.0011092221385799821,0.02209890109485886,0.0
random_bp,expectation_value,bcw_8q_random_bp,hea,RX_RY_RZ_CNOT,none,linear,cnot,global,8,8,8,same_entangling_gate_count,6,3,RY,1,154,layer_006_wire_003_RY,3,-0.010021069169033205,0.0003743613906046849,0.018097227213283145,0.0
random_bp,expectation_value,bcw_8q_random_bp,hea,RX_RY_RZ_CNOT,none,linear,cnot,global,8,8,8,same_entangling_gate_count,6,3,RZ,2,155,layer_006_wire_003_RZ,3,-0.004049864732391986,0.00026749488475232144,0.010811302067311382,0.0
random_bp,expectation_value,bcw_8q_random_bp,hea,RX_RY_RZ_CNOT,none,linear,cnot,global,8,8,8,same_entangling_gate_count,6,4,RX,0,156,layer_006_wire_004_RX,3,-0.0037121101987122387,0.00633066688591477,0.059747923666229885,0.0
random_bp,expectation_value,bcw_8q_random_bp,hea,RX_RY_RZ_CNOT,none,linear,cnot,global,8,8,8,same_entangling_gate_count,6,4,RY,1,157,layer_006_wire_004_RY,3,-0.002821173108502717,0.0006371654249801005,0.019638727429666502,0.0
random_bp,expectation_value,bcw_8q_random_bp,hea,RX_RY_RZ_CNOT,none,linear,cnot,global,8,8,8,same_entangling_gate_count,6,4,RZ,2,158,layer_006_wire_004_RZ,3,-0.012800702602564346,0.0004471815591614918,0.019675782309334377,0.0
random_bp,expectation_value,bcw_8q_random_bp,hea,RX_RY_RZ_CNOT,none,linear,cnot,global,8,8,8,same_entangling_gate_count,6,5,RX,0,159,layer_006_wire_005_RX,3,-0.0009862806820907701,0.0030162961391135726,0.0424370293663359,0.0
random_bp,expectation_value,bcw_8q_random_bp,hea,RX_RY_RZ_CNOT,none,linear,cnot,global,8,8,8,same_entangling_gate_count,6,5,RY,1,160,layer_006_wire_005_RY,3,-0.017606077585928484,0.003904285350326937,0.053440914097767266,0.0
random_bp,expectation_value,bcw_8q_random_bp,hea,RX_RY_RZ_CNOT,none,linear,cnot,global,8,8,8,same_entangling_gate_count,6,5,RZ,2,161,layer_006_wire_005_RZ,3,0.013690731807348366,0.002140409714131911,0.030569953233053265,0.0
random_bp,expectation_value,bcw_8q_random_bp,hea,RX_RY_RZ_CNOT,none,linear,cnot,global,8,8,8,same_entangling_gate_count,6,6,RX,0,162,layer_006_wire_006_RX,3,-0.03502538322628477,0.00048564163690069894,0.03502538322628477,0.0
random_bp,expectation_value,bcw_8q_random_bp,hea,RX_RY_RZ_CNOT,none,linear,cnot,global,8,8,8,same_entangling_gate_count,6,6,RY,1,163,layer_006_wire_006_RY,3,-0.012085487690515706,0.0005361447372231079,0.021779246841418076,0.0
random_bp,expectation_value,bcw_8q_random_bp,hea,RX_RY_RZ_CNOT,none,linear,cnot,global,8,8,8,same_entangling_gate_count,6,6,RZ,2,164,layer_006_wire_006_RZ,3,-0.004911211358481885,0.003933980497097617,0.0465101794070129,0.0
random_bp,expectation_value,bcw_8q_random_bp,hea,RX_RY_RZ_CNOT,none,linear,cnot,global,8,8,8,same_entangling_gate_count,6,7,RX,0,165,layer_006_wire_007_RX,3,-0.05065780974876512,0.004835076019718492,0.050657809748765124,0.0
random_bp,expectation_value,bcw_8q_random_bp,hea,RX_RY_RZ_CNOT,none,linear,cnot,global,8,8,8,same_entangling_gate_count,6,7,RY,1,166,layer_006_wire_007_RY,3,0.02543774337706173,0.00280108101334194,0.04909622119659704,0.0
random_bp,expectation_value,bcw_8q_random_bp,hea,RX_RY_RZ_CNOT,none,linear,cnot,global,8,8,8,same_entangling_gate_count,6,7,RZ,2,167,layer_006_wire_007_RZ,3,0.023572051162597883,0.008950553410261651,0.06493512802514932,0.0
random_bp,expectation_value,bcw_8q_random_bp,hea,RX_RY_RZ_CNOT,none,linear,cnot,global,8,8,8,same_entangling_gate_count,7,0,RX,0,168,layer_007_wire_000_RX,3,-1.308270621465842e-17,3.0517400673147683e-34,1.6263032587282567e-17,1.0
random_bp,expectation_value,bcw_8q_random_bp,hea,RX_RY_RZ_CNOT,none,linear,cnot,global,8,8,8,same_entangling_gate_count,7,0,RY,1,169,layer_007_wire_000_RY,3,3.0235688085189505e-17,9.296746048363461e-35,3.0235688085189505e-17,1.0
random_bp,expectation_value,bcw_8q_random_bp,hea,RX_RY_RZ_CNOT,none,linear,cnot,global,8,8,8,same_entangling_gate_count,7,0,RZ,2,170,layer_007_wire_000_RZ,3,1.3818944286098092e-17,6.334872712591041e-34,2.342991126288349e-17,1.0
random_bp,expectation_value,bcw_8q_random_bp,hea,RX_RY_RZ_CNOT,none,linear,cnot,global,8,8,8,same_entangling_gate_count,7,1,RX,0,171,layer_007_wire_001_RX,3,-0.005943636954094784,0.0006835719002674907,0.021700886330250233,0.0
random_bp,expectation_value,bcw_8q_random_bp,hea,RX_RY_RZ_CNOT,none,linear,cnot,global,8,8,8,same_entangling_gate_count,7,1,RY,1,172,layer_007_wire_001_RY,3,0.07084549611671351,0.0008950326576247973,0.07084549611671351,0.0
random_bp,expectation_value,bcw_8q_random_bp,hea,RX_RY_RZ_CNOT,none,linear,cnot,global,8,8,8,same_entangling_gate_count,7,1,RZ,2,173,layer_007_wire_001_RZ,3,6.610311371830744e-18,3.8487724626218597e-34,1.5731532033201836e-17,1.0
random_bp,expectation_value,bcw_8q_random_bp,hea,RX_RY_RZ_CNOT,none,linear,cnot,global,8,8,8,same_entangling_gate_count,7,2,RX,0,174,layer_007_wire_002_RX,3,-8.890457814381136e-18,2.488756639560947e-34,9.179578393710605e-18,1.0
random_bp,expectation_value,bcw_8q_random_bp,hea,RX_RY_RZ_CNOT,none,linear,cnot,global,8,8,8,same_entangling_gate_count,7,2,RY,1,175,layer_007_wire_002_RY,3,-2.168404344971009e-19,1.3856727407493125e-34,9.03501810404587e-18,1.0
random_bp,expectation_value,bcw_8q_random_bp,hea,RX_RY_RZ_CNOT,none,linear,cnot,global,8,8,8,same_entangling_gate_count,7,2,RZ,2,176,layer_007_wire_002_RZ,3,3.2210429159949886e-18,2.688527975575922e-34,1.3683747784827332e-17,1.0
random_bp,expectation_value,bcw_8q_random_bp,hea,RX_RY_RZ_CNOT,none,linear,cnot,global,8,8,8,same_entangling_gate_count,7,3,RX,0,177,layer_007_wire_003_RX,3,0.040090634264367604,0.015243802829422646,0.10781886445372955,0.0
random_bp,expectation_value,bcw_8q_random_bp,hea,RX_RY_RZ_CNOT,none,linear,cnot,global,8,8,8,same_entangling_gate_count,7,3,RY,1,178,layer_007_wire_003_RY,3,0.038112835939282365,0.0035795804343996206,0.05012551646210722,0.0
random_bp,expectation_value,bcw_8q_random_bp,hea,RX_RY_RZ_CNOT,none,linear,cnot,global,8,8,8,same_entangling_gate_count,7,3,RZ,2,179,layer_007_wire_003_RZ,3,-1.3378554824190042e-17,4.051657916486101e-35,1.3378554824190042e-17,1.0
random_bp,expectation_value,bcw_8q_random_bp,hea,RX_RY_RZ_CNOT,none,linear,cnot,global,8,8,8,same_entangling_gate_count,7,4,RX,0,180,layer_007_wire_004_RX,3,1.7961615990843192e-17,6.101325061653028e-34,2.4900509894750417e-17,1.0
random_bp,expectation_value,bcw_8q_random_bp,hea,RX_RY_RZ_CNOT,none,linear,cnot,global,8,8,8,same_entangling_gate_count,7,4,RY,1,181,layer_007_wire_004_RY,3,1.2287624621502384e-18,2.4465955755114546e-35,3.397166807121247e-18,1.0
random_bp,expectation_value,bcw_8q_random_bp,hea,RX_RY_RZ_CNOT,none,linear,cnot,global,8,8,8,same_entangling_gate_count,7,4,RZ,2,182,layer_007_wire_004_RZ,3,8.642496046630103e-18,6.009380799694231e-34,2.0712279983530995e-17,1.0
random_bp,expectation_value,bcw_8q_random_bp,hea,RX_RY_RZ_CNOT,none,linear,cnot,global,8,8,8,same_entangling_gate_count,7,5,RX,0,183,layer_007_wire_005_RX,3,-0.03668700756358264,0.0021982635244610004,0.047832885628160245,0.0
random_bp,expectation_value,bcw_8q_random_bp,hea,RX_RY_RZ_CNOT,none,linear,cnot,global,8,8,8,same_entangling_gate_count,7,5,RY,1,184,layer_007_wire_005_RY,3,0.040275691946419154,0.0011157299556526067,0.040275691946419154,0.0
random_bp,expectation_value,bcw_8q_random_bp,hea,RX_RY_RZ_CNOT,none,linear,cnot,global,8,8,8,same_entangling_gate_count,7,5,RZ,2,185,layer_007_wire_005_RZ,3,-2.8900131505778133e-18,8.72640548847764e-35,7.302765973111462e-18,1.0
random_bp,expectation_value,bcw_8q_random_bp,hea,RX_RY_RZ_CNOT,none,linear,cnot,global,8,8,8,same_entangling_gate_count,7,6,RX,0,186,layer_007_wire_006_RX,3,1.2305694657710475e-17,2.237053911691125e-34,1.2305694657710475e-17,1.0
random_bp,expectation_value,bcw_8q_random_bp,hea,RX_RY_RZ_CNOT,none,linear,cnot,global,8,8,8,same_entangling_gate_count,7,6,RY,1,187,layer_007_wire_006_RY,3,-1.2865865780161318e-17,1.0176646426518816e-34,1.286586578016132e-17,1.0
random_bp,expectation_value,bcw_8q_random_bp,hea,RX_RY_RZ_CNOT,none,linear,cnot,global,8,8,8,same_entangling_gate_count,7,6,RZ,2,188,layer_007_wire_006_RZ,3,-1.6844384422055592e-18,3.4223033352700684e-34,1.3791639216465191e-17,1.0
random_bp,expectation_value,bcw_8q_random_bp,hea,RX_RY_RZ_CNOT,none,linear,cnot,global,8,8,8,same_entangling_gate_count,7,7,RX,0,189,layer_007_wire_007_RX,3,-0.042611886748407324,0.00025880290206432664,0.042611886748407324,0.0
random_bp,expectation_value,bcw_8q_random_bp,hea,RX_RY_RZ_CNOT,none,linear,cnot,global,8,8,8,same_entangling_gate_count,7,7,RY,1,190,layer_007_wire_007_RY,3,0.05869588193791222,0.011847974096545321,0.09620954786875796,0.0
random_bp,expectation_value,bcw_8q_random_bp,hea,RX_RY_RZ_CNOT,none,linear,cnot,global,8,8,8,same_entangling_gate_count,7,7,RZ,2,191,layer_007_wire_007_RZ,3,4.3522851353426714e-18,2.3389157863568786e-34,1.0419877440040965e-17,1.0
random_bp,expectation_value,bcw_8q_random_bp,hea,RX_RY_RZ_CNOT,none,circular,cnot,global,8,8,7,same_entangling_gate_count,0,0,RX,0,0,layer_000_wire_000_RX,3,-0.03340117177143551,0.000302524485261277,0.03340117177143551,0.0
random_bp,expectation_value,bcw_8q_random_bp,hea,RX_RY_RZ_CNOT,none,circular,cnot,global,8,8,7,same_entangling_gate_count,0,0,RY,1,1,layer_000_wire_000_RY,3,0.007759177464709998,0.00012557106378330212,0.008223475242814112,0.0
random_bp,expectation_value,bcw_8q_random_bp,hea,RX_RY_RZ_CNOT,none,circular,cnot,global,8,8,7,same_entangling_gate_count,0,0,RZ,2,2,layer_000_wire_000_RZ,3,-0.00978632427392625,0.00046787420668231933,0.019344271758123362,0.0
random_bp,expectation_value,bcw_8q_random_bp,hea,RX_RY_RZ_CNOT,none,circular,cnot,global,8,8,7,same_entangling_gate_count,0,1,RX,0,3,layer_000_wire_001_RX,3,0.021540538500857676,6.570596903974466e-05,0.021540538500857676,0.0
random_bp,expectation_value,bcw_8q_random_bp,hea,RX_RY_RZ_CNOT,none,circular,cnot,global,8,8,7,same_entangling_gate_count,0,1,RY,1,4,layer_000_wire_001_RY,3,-0.0057234355625790075,0.00018647748441351405,0.012121047417858659,0.0
random_bp,expectation_value,bcw_8q_random_bp,hea,RX_RY_RZ_CNOT,none,circular,cnot,global,8,8,7,same_entangling_gate_count,0,1,RZ,2,5,layer_000_wire_001_RZ,3,-0.0017432482774263633,0.0003527438698635539,0.015038598765227043,0.0
random_bp,expectation_value,bcw_8q_random_bp,hea,RX_RY_RZ_CNOT,none,circular,cnot,global,8,8,7,same_entangling_gate_count,0,2,RX,0,6,layer_000_wire_002_RX,3,-0.007309488079262641,0.0017542223567564104,0.02968901336086266,0.0
random_bp,expectation_value,bcw_8q_random_bp,hea,RX_RY_RZ_CNOT,none,circular,cnot,global,8,8,7,same_entangling_gate_count,0,2,RY,1,7,layer_000_wire_002_RY,3,0.01228885335187026,0.0009792067321314451,0.022607350357600992,0.0
random_bp,expectation_value,bcw_8q_random_bp,hea,RX_RY_RZ_CNOT,none,circular,cnot,global,8,8,7,same_entangling_gate_count,0,2,RZ,2,8,layer_000_wire_002_RZ,3,0.001606158002421719,5.316451078637732e-05,0.005077366016602584,0.0
random_bp,expectation_value,bcw_8q_random_bp,hea,RX_RY_RZ_CNOT,none,circular,cnot,global,8,8,7,same_entangling_gate_count,0,3,RX,0,9,layer_000_wire_003_RX,3,0.014773440133169122,0.0007918831908545462,0.026562667272221386,0.0
random_bp,expectation_value,bcw_8q_random_bp,hea,RX_RY_RZ_CNOT,none,circular,cnot,global,8,8,7,same_entangling_gate_count,0,3,RY,1,10,layer_000_wire_003_RY,3,-0.06902829408109762,0.0011909861260265802,0.06902829408109762,0.0
random_bp,expectation_value,bcw_8q_random_bp,hea,RX_RY_RZ_CNOT,none,circular,cnot,global,8,8,7,same_entangling_gate_count,0,3,RZ,2,11,layer_000_wire_003_RZ,3,-0.02707040653569124,0.0016333466324427695,0.03912131480735351,0.0
random_bp,expectation_value,bcw_8q_random_bp,hea,RX_RY_RZ_CNOT,none,circular,cnot,global,8,8,7,same_entangling_gate_count,0,4,RX,0,12,layer_000_wire_004_RX,3,0.0005575841750894515,0.0017543497273094656,0.03190822834457007,0.0
random_bp,expectation_value,bcw_8q_random_bp,hea,RX_RY_RZ_CNOT,none,circular,cnot,global,8,8,7,same_entangling_gate_count,0,4,RY,1,13,layer_000_wire_004_RY,3,-0.02547835026206822,2.6974336368949492e-05,0.02547835026206822,0.0
random_bp,expectation_value,bcw_8q_random_bp,hea,RX_RY_RZ_CNOT,none,circular,cnot,global,8,8,7,same_entangling_gate_count,0,4,RZ,2,14,layer_000_wire_004_RZ,3,-0.02257959817342329,0.0021111833972892366,0.041562764389409396,0.0
random_bp,expectation_value,bcw_8q_random_bp,hea,RX_RY_RZ_CNOT,none,circular,cnot,global,8,8,7,same_entangling_gate_count,0,5,RX,0,15,layer_000_wire_005_RX,3,0.03464329971122923,7.674732841831767e-07,0.03464329971122923,0.0
random_bp,expectation_value,bcw_8q_random_bp,hea,RX_RY_RZ_CNOT,none,circular,cnot,global,8,8,7,same_entangling_gate_count,0,5,RY,1,16,layer_000_wire_005_RY,3,0.005340646546939231,0.000847194444563046,0.019207110208360387,0.0
random_bp,expectation_value,bcw_8q_random_bp,hea,RX_RY_RZ_CNOT,none,circular,cnot,global,8,8,7,same_entangling_gate_count,0,5,RZ,2,17,layer_000_wire_005_RZ,3,0.009013928564974337,0.0004541372731338929,0.013916211775562645,0.0
random_bp,expectation_value,bcw_8q_random_bp,hea,RX_RY_RZ_CNOT,none,circular,cnot,global,8,8,7,same_entangling_gate_count,0,6,RX,0,18,layer_000_wire_006_RX,3,0.0024652741916990073,0.0011979831130245673,0.023732244871980807,0.0
random_bp,expectation_value,bcw_8q_random_bp,hea,RX_RY_RZ_CNOT,none,circular,cnot,global,8,8,7,same_entangling_gate_count,0,6,RY,1,19,layer_000_wire_006_RY,3,-0.008487641749492788,6.728539284411049e-05,0.00848764174949279,0.0
random_bp,expectation_value,bcw_8q_random_bp,hea,RX_RY_RZ_CNOT,none,circular,cnot,global,8,8,7,same_entangling_gate_count,0,6,RZ,2,20,layer_000_wire_006_RZ,3,-0.0048531121938695,0.0007738465192054994,0.018361563225144806,0.0
random_bp,expectation_value,bcw_8q_random_bp,hea,RX_RY_RZ_CNOT,none,circular,cnot,global,8,8,7,same_entangling_gate_count,0,7,RX,0,21,layer_000_wire_007_RX,3,0.027302961031342426,0.0017884010108890796,0.039359950148408374,0.0
random_bp,expectation_value,bcw_8q_random_bp,hea,RX_RY_RZ_CNOT,none,circular,cnot,global,8,8,7,same_entangling_gate_count,0,7,RY,1,22,layer_000_wire_007_RY,3,0.013124072440122944,0.001906886408041987,0.028921279326114897,0.0
random_bp,expectation_value,bcw_8q_random_bp,hea,RX_RY_RZ_CNOT,none,circular,cnot,global,8,8,7,same_entangling_gate_count,0,7,RZ,2,23,layer_000_wire_007_RZ,3,0.01607782377899009,0.0003427911005698229,0.016286315364552658,0.0
random_bp,expectation_value,bcw_8q_random_bp,hea,RX_RY_RZ_CNOT,none,circular,cnot,global,8,8,7,same_entangling_gate_count,1,0,RX,0,24,layer_001_wire_000_RX,3,-0.006804537356698666,0.0014615536624236966,0.025985805853399244,0.0
random_bp,expectation_value,bcw_8q_random_bp,hea,RX_RY_RZ_CNOT,none,circular,cnot,global,8,8,7,same_entangling_gate_count,1,0,RY,1,25,layer_001_wire_000_RY,3,0.01629849300929937,0.004232709084846843,0.052884720992540185,0.0
random_bp,expectation_value,bcw_8q_random_bp,hea,RX_RY_RZ_CNOT,none,circular,cnot,global,8,8,7,same_entangling_gate_count,1,0,RZ,2,26,layer_001_wire_000_RZ,3,-0.02702445005055154,0.00034674943367796727,0.02702445005055154,0.0
random_bp,expectation_value,bcw_8q_random_bp,hea,RX_RY_RZ_CNOT,none,circular,cnot,global,8,8,7,same_entangling_gate_count,1,1,RX,0,27,layer_001_wire_001_RX,3,0.0019807430983636983,0.00017897493013137008,0.010260510643196849,0.0
random_bp,expectation_value,bcw_8q_random_bp,hea,RX_RY_RZ_CNOT,none,circular,cnot,global,8,8,7,same_entangling_gate_count,1,1,RY,1,28,layer_001_wire_001_RY,3,-0.006608802268670196,0.001651938775088758,0.031018484614133285,0.0
random_bp,expectation_value,bcw_8q_random_bp,hea,RX_RY_RZ_CNOT,none,circular,cnot,global,8,8,7,same_entangling_gate_count,1,1,RZ,2,29,layer_001_wire_001_RZ,3,-0.011866569597599963,0.0011262441407149978,0.029053926080486764,0.0
random_bp,expectation_value,bcw_8q_random_bp,hea,RX_RY_RZ_CNOT,none,circular,cnot,global,8,8,7,same_entangling_gate_count,1,2,RX,0,30,layer_001_wire_002_RX,3,0.011306372880918486,0.0018298358854367278,0.032992657001560184,0.0
random_bp,expectation_value,bcw_8q_random_bp,hea,RX_RY_RZ_CNOT,none,circular,cnot,global,8,8,7,same_entangling_gate_count,1,2,RY,1,31,layer_001_wire_002_RY,3,-0.008833100483823256,0.00117966482398321,0.0289450467245969,0.0
random_bp,expectation_value,bcw_8q_random_bp,hea,RX_RY_RZ_CNOT,none,circular,cnot,global,8,8,7,same_entangling_gate_count,1,2,RZ,2,32,layer_001_wire_002_RZ,3,0.016354376571482927,0.0003918080805871719,0.016354376571482927,0.0
random_bp,expectation_value,bcw_8q_random_bp,hea,RX_RY_RZ_CNOT,none,circular,cnot,global,8,8,7,same_entangling_gate_count,1,3,RX,0,33,layer_001_wire_003_RX,3,0.0006439112593827553,0.0007505704461173975,0.02100832448673794,0.0
random_bp,expectation_value,bcw_8q_random_bp,hea,RX_RY_RZ_CNOT,none,circular,cnot,global,8,8,7,same_entangling_gate_count,1,3,RY,1,34,layer_001_wire_003_RY,3,-0.008762138005330114,0.0017941700869796842,0.029165025745445022,0.0
random_bp,expectation_value,bcw_8q_random_bp,hea,RX_RY_RZ_CNOT,none,circular,cnot,global,8,8,7,same_entangling_gate_count,1,3,RZ,2,35,layer_001_wire_003_RZ,3,0.031081281346878896,0.0008532803236703302,0.0310812813468789,0.0
random_bp,expectation_value,bcw_8q_random_bp,hea,RX_RY_RZ_CNOT,none,circular,cnot,global,8,8,7,same_entangling_gate_count,1,4,RX,0,36,layer_001_wire_004_RX,3,-0.023798922128983147,0.0005018791424387741,0.02496440449097453,0.0
random_bp,expectation_value,bcw_8q_random_bp,hea,RX_RY_RZ_CNOT,none,circular,cnot,global,8,8,7,same_entangling_gate_count,1,4,RY,1,37,layer_001_wire_004_RY,3,0.005924041336024488,0.000444680311052424,0.01817440309325009,0.0
random_bp,expectation_value,bcw_8q_random_bp,hea,RX_RY_RZ_CNOT,none,circular,cnot,global,8,8,7,same_entangling_gate_count,1,4,RZ,2,38,layer_001_wire_004_RZ,3,-0.017364103239955613,0.00013361317830885963,0.017364103239955613,0.0
random_bp,expectation_value,bcw_8q_random_bp,hea,RX_RY_RZ_CNOT,none,circular,cnot,global,8,8,7,same_entangling_gate_count,1,5,RX,0,39,layer_001_wire_005_RX,3,0.009748949535606496,0.003389050575098603,0.041485392146921284,0.0
random_bp,expectation_value,bcw_8q_random_bp,hea,RX_RY_RZ_CNOT,none,circular,cnot,global,8,8,7,same_entangling_gate_count,1,5,RY,1,40,layer_001_wire_005_RY,3,0.031195428615619438,0.0023697698338872083,0.03440974347566833,0.0
random_bp,expectation_value,bcw_8q_random_bp,hea,RX_RY_RZ_CNOT,none,circular,cnot,global,8,8,7,same_entangling_gate_count,1,5,RZ,2,41,layer_001_wire_005_RZ,3,-0.02605962707497693,0.003987478834858455,0.044660184267541585,0.0
random_bp,expectation_value,bcw_8q_random_bp,hea,RX_RY_RZ_CNOT,none,circular,cnot,global,8,8,7,same_entangling_gate_count,1,6,RX,0,42,layer_001_wire_006_RX,3,0.022582171341790344,0.0006363395147616907,0.0261501898064881,0.0
random_bp,expectation_value,bcw_8q_random_bp,hea,RX_RY_RZ_CNOT,none,circular,cnot,global,8,8,7,same_entangling_gate_count,1,6,RY,1,43,layer_001_wire_006_RY,3,-0.012319085133928806,0.00021066431192910267,0.012319085133928806,0.0
random_bp,expectation_value,bcw_8q_random_bp,hea,RX_RY_RZ_CNOT,none,circular,cnot,global,8,8,7,same_entangling_gate_count,1,6,RZ,2,44,layer_001_wire_006_RZ,3,0.02984204255988785,0.0006203170917790487,0.029842042559887854,0.0
random_bp,expectation_value,bcw_8q_random_bp,hea,RX_RY_RZ_CNOT,none,circular,cnot,global,8,8,7,same_entangling_gate_count,1,7,RX,0,45,layer_001_wire_007_RX,3,0.0221206383139849,0.0007981409152678626,0.025831255268131594,0.0
random_bp,expectation_value,bcw_8q_random_bp,hea,RX_RY_RZ_CNOT,none,circular,cnot,global,8,8,7,same_entangling_gate_count,1,7,RY,1,46,layer_001_wire_007_RY,3,-0.021492983962664094,0.000271748895396456,0.021492983962664094,0.0
random_bp,expectation_value,bcw_8q_random_bp,hea,RX_RY_RZ_CNOT,none,circular,cnot,global,8,8,7,same_entangling_gate_count,1,7,RZ,2,47,layer_001_wire_007_RZ,3,-0.01326349106071618,0.0031361759938959653,0.04724957922047052,0.0
random_bp,expectation_value,bcw_8q_random_bp,hea,RX_RY_RZ_CNOT,none,circular,cnot,global,8,8,7,same_entangling_gate_count,2,0,RX,0,48,layer_002_wire_000_RX,3,-0.0382393428543737,0.0003958265930334223,0.0382393428543737,0.0
random_bp,expectation_value,bcw_8q_random_bp,hea,RX_RY_RZ_CNOT,none,circular,cnot,global,8,8,7,same_entangling_gate_count,2,0,RY,1,49,layer_002_wire_000_RY,3,0.020449977058314993,0.0003941747807512021,0.02095369147931729,0.0
random_bp,expectation_value,bcw_8q_random_bp,hea,RX_RY_RZ_CNOT,none,circular,cnot,global,8,8,7,same_entangling_gate_count,2,0,RZ,2,50,layer_002_wire_000_RZ,3,-0.009920769679613861,0.005576911768733639,0.05079739390819773,0.0
random_bp,expectation_value,bcw_8q_random_bp,hea,RX_RY_RZ_CNOT,none,circular,cnot,global,8,8,7,same_entangling_gate_count,2,1,RX,0,51,layer_002_wire_001_RX,3,-0.019038649780641213,1.5133564737484186e-05,0.019038649780641213,0.0
random_bp,expectation_value,bcw_8q_random_bp,hea,RX_RY_RZ_CNOT,none,circular,cnot,global,8,8,7,same_entangling_gate_count,2,1,RY,1,52,layer_002_wire_001_RY,3,0.012652249003159114,0.0007437977397403147,0.022543531766416828,0.0
random_bp,expectation_value,bcw_8q_random_bp,hea,RX_RY_RZ_CNOT,none,circular,cnot,global,8,8,7,same_entangling_gate_count,2,1,RZ,2,53,layer_002_wire_001_RZ,3,0.023250472862201638,0.0012871807039627745,0.028161198103628635,0.0
random_bp,expectation_value,bcw_8q_random_bp,hea,RX_RY_RZ_CNOT,none,circular,cnot,global,8,8,7,same_entangling_gate_count,2,2,RX,0,54,layer_002_wire_002_RX,3,-0.023519700868373412,0.0009707266084558199,0.0316963599433697,0.0
random_bp,expectation_value,bcw_8q_random_bp,hea,RX_RY_RZ_CNOT,none,circular,cnot,global,8,8,7,same_entangling_gate_count,2,2,RY,1,55,layer_002_wire_002_RY,3,0.016631232260268133,0.0021152035859166116,0.03490760562838571,0.0
random_bp,expectation_value,bcw_8q_random_bp,hea,RX_RY_RZ_CNOT,none,circular,cnot,global,8,8,7,same_entangling_gate_count,2,2,RZ,2,56,layer_002_wire_002_RZ,3,0.024639890301921197,0.0021939050166419494,0.0395756777452094,0.0
random_bp,expectation_value,bcw_8q_random_bp,hea,RX_RY_RZ_CNOT,none,circular,cnot,global,8,8,7,same_entangling_gate_count,2,3,RX,0,57,layer_002_wire_003_RX,3,0.006451661131739193,0.0002144304389304742,0.013129190833688012,0.0
random_bp,expectation_value,bcw_8q_random_bp,hea,RX_RY_RZ_CNOT,none,circular,cnot,global,8,8,7,same_entangling_gate_count,2,3,RY,1,58,layer_002_wire_003_RY,3,-0.00046752339880257697,0.0026284005323920514,0.039047522040716605,0.0
random_bp,expectation_value,bcw_8q_random_bp,hea,RX_RY_RZ_CNOT,none,circular,cnot,global,8,8,7,same_entangling_gate_count,2,3,RZ,2,59,layer_002_wire_003_RZ,3,0.017581428253065242,0.0005738928264602308,0.022437072172425798,0.0
random_bp,expectation_value,bcw_8q_random_bp,hea,RX_RY_RZ_CNOT,none,circular,cnot,global,8,8,7,same_entangling_gate_count,2,4,RX,0,60,layer_002_wire_004_RX,3,0.0011078521839208901,0.0007661038895219055,0.021392866779897466,0.0
random_bp,expectation_value,bcw_8q_random_bp,hea,RX_RY_RZ_CNOT,none,circular,cnot,global,8,8,7,same_entangling_gate_count,2,4,RY,1,61,layer_002_wire_004_RY,3,0.00638122901479061,0.0003035547546534401,0.011497878692740106,0.0
random_bp,expectation_value,bcw_8q_random_bp,hea,RX_RY_RZ_CNOT,none,circular,cnot,global,8,8,7,same_entangling_gate_count,2,4,RZ,2,62,layer_002_wire_004_RZ,3,0.030649880826077284,0.0009015227693016277,0.030649880826077284,0.0
random_bp,expectation_value,bcw_8q_random_bp,hea,RX_RY_RZ_CNOT,none,circular,cnot,global,8,8,7,same_entangling_gate_count,2,5,RX,0,63,layer_002_wire_005_RX,3,-0.021947996790487638,0.0003049386947156196,0.021947996790487635,0.0
random_bp,expectation_value,bcw_8q_random_bp,hea,RX_RY_RZ_CNOT,none,circular,cnot,global,8,8,7,same_entangling_gate_count,2,5,RY,1,64,layer_002_wire_005_RY,3,0.019051649110900896,5.0802012863903504e-05,0.019051649110900893,0.0
random_bp,expectation_value,bcw_8q_random_bp,hea,RX_RY_RZ_CNOT,none,circular,cnot,global,8,8,7,same_entangling_gate_count,2,5,RZ,2,65,layer_002_wire_005_RZ,3,0.03017581972720023,0.0012670383537674427,0.03741177218439798,0.0
random_bp,expectation_value,bcw_8q_random_bp,hea,RX_RY_RZ_CNOT,none,circular,cnot,global,8,8,7,same_entangling_gate_count,2,6,RX,0,66,layer_002_wire_006_RX,3,0.0008833950213246672,0.00040207293902697636,0.015117568761900105,0.0
random_bp,expectation_value,bcw_8q_random_bp,hea,RX_RY_RZ_CNOT,none,circular,cnot,global,8,8,7,same_entangling_gate_count,2,6,RY,1,67,layer_002_wire_006_RY,3,0.04163964897386902,0.0002938664465790822,0.04163964897386902,0.0
random_bp,expectation_value,bcw_8q_random_bp,hea,RX_RY_RZ_CNOT,none,circular,cnot,global,8,8,7,same_entangling_gate_count,2,6,RZ,2,68,layer_002_wire_006_RZ,3,-0.03871569216760422,0.002486754448815451,0.05046254735104492,0.0
random_bp,expectation_value,bcw_8q_random_bp,hea,RX_RY_RZ_CNOT,none,circular,cnot,global,8,8,7,same_entangling_gate_count,2,7,RX,0,69,layer_002_wire_007_RX,3,-0.044053145134027395,0.0005681571856890081,0.044053145134027395,0.0
random_bp,expectation_value,bcw_8q_random_bp,hea,RX_RY_RZ_CNOT,none,circular,cnot,global,8,8,7,same_entangling_gate_count,2,7,RY,1,70,layer_002_wire_007_RY,3,-0.024121667372924406,0.0013067502330422207,0.025226945712070653,0.0
random_bp,expectation_value,bcw_8q_random_bp,hea,RX_RY_RZ_CNOT,none,circular,cnot,global,8,8,7,same_entangling_gate_count,2,7,RZ,2,71,layer_002_wire_007_RZ,3,0.007129772297930676,0.0006807359003291923,0.02125342901235827,0.0
random_bp,expectation_value,bcw_8q_random_bp,hea,RX_RY_RZ_CNOT,none,circular,cnot,global,8,8,7,same_entangling_gate_count,3,0,RX,0,72,layer_003_wire_000_RX,3,-0.05708650332658001,0.004231769654449212,0.05890299960812665,0.0
random_bp,expectation_value,bcw_8q_random_bp,hea,RX_RY_RZ_CNOT,none,circular,cnot,global,8,8,7,same_entangling_gate_count,3,0,RY,1,73,layer_003_wire_000_RY,3,-0.014324046072554292,0.0011128282855258583,0.029853852568891347,0.0
random_bp,expectation_value,bcw_8q_random_bp,hea,RX_RY_RZ_CNOT,none,circular,cnot,global,8,8,7,same_entangling_gate_count,3,0,RZ,2,74,layer_003_wire_000_RZ,3,0.001062076398641398,0.0012457639577021324,0.02613594274391218,0.0
random_bp,expectation_value,bcw_8q_random_bp,hea,RX_RY_RZ_CNOT,none,circular,cnot,global,8,8,7,same_entangling_gate_count,3,1,RX,0,75,layer_003_wire_001_RX,3,0.004383830856874415,0.0008105997687164881,0.02069405902250165,0.0
random_bp,expectation_value,bcw_8q_random_bp,hea,RX_RY_RZ_CNOT,none,circular,cnot,global,8,8,7,same_entangling_gate_count,3,1,RY,1,76,layer_003_wire_001_RY,3,-0.034425895208931225,0.006665924973162089,0.0690026331418696,0.0
random_bp,expectation_value,bcw_8q_random_bp,hea,RX_RY_RZ_CNOT,none,circular,cnot,global,8,8,7,same_entangling_gate_count,3,1,RZ,2,77,layer_003_wire_001_RZ,3,-0.028716032305072595,0.0020712119714441472,0.041558214742598416,0.0
random_bp,expectation_value,bcw_8q_random_bp,hea,RX_RY_RZ_CNOT,none,circular,cnot,global,8,8,7,same_entangling_gate_count,3,2,RX,0,78,layer_003_wire_002_RX,3,0.004173955269290974,0.001607366086435648,0.027383400563327498,0.0
random_bp,expectation_value,bcw_8q_random_bp,hea,RX_RY_RZ_CNOT,none,circular,cnot,global,8,8,7,same_entangling_gate_count,3,2,RY,1,79,layer_003_wire_002_RY,3,-0.023444428818666575,4.5155298180506454e-05,0.02344442881866658,0.0
random_bp,expectation_value,bcw_8q_random_bp,hea,RX_RY_RZ_CNOT,none,circular,cnot,global,8,8,7,same_entangling_gate_count,3,2,RZ,2,80,layer_003_wire_002_RZ,3,0.025759200212586673,0.007178988719307406,0.0674694866576357,0.0
random_bp,expectation_value,bcw_8q_random_bp,hea,RX_RY_RZ_CNOT,none,circular,cnot,global,8,8,7,same_entangling_gate_count,3,3,RX,0,81,layer_003_wire_003_RX,3,0.0035029879274405054,0.0001568159247263446,0.010551213473938498,0.0
random_bp,expectation_value,bcw_8q_random_bp,hea,RX_RY_RZ_CNOT,none,circular,cnot,global,8,8,7,same_entangling_gate_count,3,3,RY,1,82,layer_003_wire_003_RY,3,-0.018787231066520534,0.00026320272165304855,0.018787231066520534,0.0
random_bp,expectation_value,bcw_8q_random_bp,hea,RX_RY_RZ_CNOT,none,circular,cnot,global,8,8,7,same_entangling_gate_count,3,3,RZ,2,83,layer_003_wire_003_RZ,3,-0.03472998318343716,0.00041631750442867334,0.03472998318343716,0.0
random_bp,expectation_value,bcw_8q_random_bp,hea,RX_RY_RZ_CNOT,none,circular,cnot,global,8,8,7,same_entangling_gate_count,3,4,RX,0,84,layer_003_wire_004_RX,3,0.02491894049199756,9.944093110358727e-05,0.024918940491997565,0.0
random_bp,expectation_value,bcw_8q_random_bp,hea,RX_RY_RZ_CNOT,none,circular,cnot,global,8,8,7,same_entangling_gate_count,3,4,RY,1,85,layer_003_wire_004_RY,3,-0.0054278909643136475,0.0008991614889329421,0.02052088666153457,0.0
random_bp,expectation_value,bcw_8q_random_bp,hea,RX_RY_RZ_CNOT,none,circular,cnot,global,8,8,7,same_entangling_gate_count,3,4,RZ,2,86,layer_003_wire_004_RZ,3,0.021194906603679925,0.002466599553493183,0.04147910640768669,0.0
random_bp,expectation_value,bcw_8q_random_bp,hea,RX_RY_RZ_CNOT,none,circular,cnot,global,8,8,7,same_entangling_gate_count,3,5,RX,0,87,layer_003_wire_005_RX,3,0.041079150005820346,0.0006810413439433611,0.041079150005820346,0.0
random_bp,expectation_value,bcw_8q_random_bp,hea,RX_RY_RZ_CNOT,none,circular,cnot,global,8,8,7,same_entangling_gate_count,3,5,RY,1,88,layer_003_wire_005_RY,3,0.011913640766881194,0.0010885634099426548,0.02660547855286076,0.0
random_bp,expectation_value,bcw_8q_random_bp,hea,RX_RY_RZ_CNOT,none,circular,cnot,global,8,8,7,same_entangling_gate_count,3,5,RZ,2,89,layer_003_wire_005_RZ,3,0.01571096092326839,0.00010877129472251562,0.01571096092326839,0.0
random_bp,expectation_value,bcw_8q_random_bp,hea,RX_RY_RZ_CNOT,none,circular,cnot,global,8,8,7,same_entangling_gate_count,3,6,RX,0,90,layer_003_wire_006_RX,3,0.024524031070480377,0.00013227019579712385,0.024524031070480377,0.0
random_bp,expectation_value,bcw_8q_random_bp,hea,RX_RY_RZ_CNOT,none,circular,cnot,global,8,8,7,same_entangling_gate_count,3,6,RY,1,91,layer_003_wire_006_RY,3,0.005102947713039143,0.00020504430326013048,0.012450215451093689,0.0
random_bp,expectation_value,bcw_8q_random_bp,hea,RX_RY_RZ_CNOT,none,circular,cnot,global,8,8,7,same_entangling_gate_count,3,6,RZ,2,92,layer_003_wire_006_RZ,3,-0.023295490923477956,0.000491468140385702,0.02329549092347796,0.0
random_bp,expectation_value,bcw_8q_random_bp,hea,RX_RY_RZ_CNOT,none,circular,cnot,global,8,8,7,same_entangling_gate_count,3,7,RX,0,93,layer_003_wire_007_RX,3,0.01916192156284471,0.002667746954664092,0.04427599572874902,0.0
random_bp,expectation_value,bcw_8q_random_bp,hea,RX_RY_RZ_CNOT,none,circular,cnot,global,8,8,7,same_entangling_gate_count,3,7,RY,1,94,layer_003_wire_007_RY,3,0.026462595592326544,0.00015176935289574098,0.026462595592326544,0.0
random_bp,expectation_value,bcw_8q_random_bp,hea,RX_RY_RZ_CNOT,none,circular,cnot,global,8,8,7,same_entangling_gate_count,3,7,RZ,2,95,layer_003_wire_007_RZ,3,0.014018840376311754,0.0006389691802078523,0.023738821652147746,0.0
random_bp,expectation_value,bcw_8q_random_bp,hea,RX_RY_RZ_CNOT,none,circular,cnot,global,8,8,7,same_entangling_gate_count,4,0,RX,0,96,layer_004_wire_000_RX,3,0.00023386629793616803,0.0034749264488805214,0.04360231414271341,0.0
random_bp,expectation_value,bcw_8q_random_bp,hea,RX_RY_RZ_CNOT,none,circular,cnot,global,8,8,7,same_entangling_gate_count,4,0,RY,1,97,layer_004_wire_000_RY,3,-0.02404996865839315,0.0008262009873226069,0.0283414702792385,0.0
random_bp,expectation_value,bcw_8q_random_bp,hea,RX_RY_RZ_CNOT,none,circular,cnot,global,8,8,7,same_entangling_gate_count,4,0,RZ,2,98,layer_004_wire_000_RZ,3,0.011691717207865361,0.003636068889569668,0.03973568011785154,0.0
random_bp,expectation_value,bcw_8q_random_bp,hea,RX_RY_RZ_CNOT,none,circular,cnot,global,8,8,7,same_entangling_gate_count,4,1,RX,0,99,layer_004_wire_001_RX,3,0.0077080129061474585,0.0001233404195396622,0.008100011011722133,0.0
random_bp,expectation_value,bcw_8q_random_bp,hea,RX_RY_RZ_CNOT,none,circular,cnot,global,8,8,7,same_entangling_gate_count,4,1,RY,1,100,layer_004_wire_001_RY,3,-0.01894372319873416,0.0005840363350264514,0.02491582864686334,0.0
random_bp,expectation_value,bcw_8q_random_bp,hea,RX_RY_RZ_CNOT,none,circular,cnot,global,8,8,7,same_entangling_gate_count,4,1,RZ,2,101,layer_004_wire_001_RZ,3,-0.009404897413066491,0.0016406666742002467,0.03060248311064857,0.0
random_bp,expectation_value,bcw_8q_random_bp,hea,RX_RY_RZ_CNOT,none,circular,cnot,global,8,8,7,same_entangling_gate_count,4,2,RX,0,102,layer_004_wire_002_RX,3,0.0005342091114793773,0.0007090103709392313,0.01912407035517368,0.0
random_bp,expectation_value,bcw_8q_random_bp,hea,RX_RY_RZ_CNOT,none,circular,cnot,global,8,8,7,same_entangling_gate_count,4,2,RY,1,103,layer_004_wire_002_RY,3,0.04651629442041007,0.0026684621953054952,0.05062259331851329,0.0
random_bp,expectation_value,bcw_8q_random_bp,hea,RX_RY_RZ_CNOT,none,circular,cnot,global,8,8,7,same_entangling_gate_count,4,2,RZ,2,104,layer_004_wire_002_RZ,3,-0.006331857033822642,0.0033798100007825698,0.04262783801272432,0.0
random_bp,expectation_value,bcw_8q_random_bp,hea,RX_RY_RZ_CNOT,none,circular,cnot,global,8,8,7,same_entangling_gate_count,4,3,RX,0,105,layer_004_wire_003_RX,3,-0.011763738111007716,0.003949877536978348,0.04421866436630045,0.0
random_bp,expectation_value,bcw_8q_random_bp,hea,RX_RY_RZ_CNOT,none,circular,cnot,global,8,8,7,same_entangling_gate_count,4,3,RY,1,106,layer_004_wire_003_RY,3,0.008649188370160696,6.803577678300529e-05,0.008649188370160696,0.0
random_bp,expectation_value,bcw_8q_random_bp,hea,RX_RY_RZ_CNOT,none,circular,cnot,global,8,8,7,same_entangling_gate_count,4,3,RZ,2,107,layer_004_wire_003_RZ,3,0.025027665049282114,0.0005364257688960017,0.02502766504928211,0.0
random_bp,expectation_value,bcw_8q_random_bp,hea,RX_RY_RZ_CNOT,none,circular,cnot,global,8,8,7,same_entangling_gate_count,4,4,RX,0,108,layer_004_wire_004_RX,3,-0.002813551066312427,0.0014079295605577199,0.027655397232347483,0.0
random_bp,expectation_value,bcw_8q_random_bp,hea,RX_RY_RZ_CNOT,none,circular,cnot,global,8,8,7,same_entangling_gate_count,4,4,RY,1,109,layer_004_wire_004_RY,3,-0.053790974609207794,0.0029471696829251547,0.05774329604334382,0.0
random_bp,expectation_value,bcw_8q_random_bp,hea,RX_RY_RZ_CNOT,none,circular,cnot,global,8,8,7,same_entangling_gate_count,4,4,RZ,2,110,layer_004_wire_004_RZ,3,0.01672982367240333,0.0010003916877990438,0.029055941901550895,0.0
random_bp,expectation_value,bcw_8q_random_bp,hea,RX_RY_RZ_CNOT,none,circular,cnot,global,8,8,7,same_entangling_gate_count,4,5,RX,0,111,layer_004_wire_005_RX,3,-0.004351162637732095,0.004312174236984008,0.05044868487294809,0.0
random_bp,expectation_value,bcw_8q_random_bp,hea,RX_RY_RZ_CNOT,none,circular,cnot,global,8,8,7,same_entangling_gate_count,4,5,RY,1,112,layer_004_wire_005_RY,3,-0.0032389949611007635,0.003194573214483315,0.0402196501836578,0.0
random_bp,expectation_value,bcw_8q_random_bp,hea,RX_RY_RZ_CNOT,none,circular,cnot,global,8,8,7,same_entangling_gate_count,4,5,RZ,2,113,layer_004_wire_005_RZ,3,-0.033370794845504016,0.0032265646697576074,0.05436662748052109,0.0
random_bp,expectation_value,bcw_8q_random_bp,hea,RX_RY_RZ_CNOT,none,circular,cnot,global,8,8,7,same_entangling_gate_count,4,6,RX,0,114,layer_004_wire_006_RX,3,0.03236515329302318,0.0034253242926635535,0.051109621966917144,0.0
random_bp,expectation_value,bcw_8q_random_bp,hea,RX_RY_RZ_CNOT,none,circular,cnot,global,8,8,7,same_entangling_gate_count,4,6,RY,1,115,layer_004_wire_006_RY,3,-0.020141989848137785,0.0022218236632520617,0.04094166134926968,0.0
random_bp,expectation_value,bcw_8q_random_bp,hea,RX_RY_RZ_CNOT,none,circular,cnot,global,8,8,7,same_entangling_gate_count,4,6,RZ,2,116,layer_004_wire_006_RZ,3,-0.023244740849603762,0.001543549185228881,0.02576964144353461,0.0
random_bp,expectation_value,bcw_8q_random_bp,hea,RX_RY_RZ_CNOT,none,circular,cnot,global,8,8,7,same_entangling_gate_count,4,7,RX,0,117,layer_004_wire_007_RX,3,-0.03986901463771005,0.0007387593592521571,0.03986901463771005,0.0
random_bp,expectation_value,bcw_8q_random_bp,hea,RX_RY_RZ_CNOT,none,circular,cnot,global,8,8,7,same_entangling_gate_count,4,7,RY,1,118,layer_004_wire_007_RY,3,0.008889912676952693,0.0016309440529079723,0.03404040941750499,0.0
random_bp,expectation_value,bcw_8q_random_bp,hea,RX_RY_RZ_CNOT,none,circular,cnot,global,8,8,7,same_entangling_gate_count,4,7,RZ,2,119,layer_004_wire_007_RZ,3,0.04307218106489835,0.00038766430296079596,0.04307218106489835,0.0
random_bp,expectation_value,bcw_8q_random_bp,hea,RX_RY_RZ_CNOT,none,circular,cnot,global,8,8,7,same_entangling_gate_count,5,0,RX,0,120,layer_005_wire_000_RX,3,-0.03609553400333016,0.0017554334462312527,0.04271840806741459,0.0
random_bp,expectation_value,bcw_8q_random_bp,hea,RX_RY_RZ_CNOT,none,circular,cnot,global,8,8,7,same_entangling_gate_count,5,0,RY,1,121,layer_005_wire_000_RY,3,0.017795081192523664,0.004209267269925239,0.04645994539784367,0.0
random_bp,expectation_value,bcw_8q_random_bp,hea,RX_RY_RZ_CNOT,none,circular,cnot,global,8,8,7,same_entangling_gate_count,5,0,RZ,2,122,layer_005_wire_000_RZ,3,-0.003546147439138902,0.0019351009144155137,0.031199797289948494,0.0
random_bp,expectation_value,bcw_8q_random_bp,hea,RX_RY_RZ_CNOT,none,circular,cnot,global,8,8,7,same_entangling_gate_count,5,1,RX,0,123,layer_005_wire_001_RX,3,0.03874270005188216,0.007089379813941173,0.07772737908940269,0.0
random_bp,expectation_value,bcw_8q_random_bp,hea,RX_RY_RZ_CNOT,none,circular,cnot,global,8,8,7,same_entangling_gate_count,5,1,RY,1,124,layer_005_wire_001_RY,3,0.01061888928202064,0.0005998518417962552,0.02083466874720728,0.0
random_bp,expectation_value,bcw_8q_random_bp,hea,RX_RY_RZ_CNOT,none,circular,cnot,global,8,8,7,same_entangling_gate_count,5,1,RZ,2,125,layer_005_wire_001_RZ,3,0.05435408832084532,0.0024555863376064936,0.05554826530867677,0.0
random_bp,expectation_value,bcw_8q_random_bp,hea,RX_RY_RZ_CNOT,none,circular,cnot,global,8,8,7,same_entangling_gate_count,5,2,RX,0,126,layer_005_wire_002_RX,3,0.019396614307711335,0.0002534098907930985,0.019396614307711335,0.0
random_bp,expectation_value,bcw_8q_random_bp,hea,RX_RY_RZ_CNOT,none,circular,cnot,global,8,8,7,same_entangling_gate_count,5,2,RY,1,127,layer_005_wire_002_RY,3,-0.022484220429839823,0.00031672706505640085,0.02248422042983982,0.0
random_bp,expectation_value,bcw_8q_random_bp,hea,RX_RY_RZ_CNOT,none,circular,cnot,global,8,8,7,same_entangling_gate_count,5,2,RZ,2,128,layer_005_wire_002_RZ,3,0.04521683895312317,0.0016323298892560502,0.04521683895312317,0.0
random_bp,expectation_value,bcw_8q_random_bp,hea,RX_RY_RZ_CNOT,none,circular,cnot,global,8,8,7,same_entangling_gate_count,5,3,RX,0,129,layer_005_wire_003_RX,3,-0.010955713730261517,0.00048790745841565644,0.017094551607691424,0.0
random_bp,expectation_value,bcw_8q_random_bp,hea,RX_RY_RZ_CNOT,none,circular,cnot,global,8,8,7,same_entangling_gate_count,5,3,RY,1,130,layer_005_wire_003_RY,3,0.02020998574812045,0.0010871869234014397,0.028590124491887678,0.0
random_bp,expectation_value,bcw_8q_random_bp,hea,RX_RY_RZ_CNOT,none,circular,cnot,global,8,8,7,same_entangling_gate_count,5,3,RZ,2,131,layer_005_wire_003_RZ,3,-0.01801764565302068,0.00015797436642324812,0.01801764565302068,0.0
random_bp,expectation_value,bcw_8q_random_bp,hea,RX_RY_RZ_CNOT,none,circular,cnot,global,8,8,7,same_entangling_gate_count,5,4,RX,0,132,layer_005_wire_004_RX,3,0.03372979919373674,0.0036556054149535612,0.04481984899519531,0.0
random_bp,expectation_value,bcw_8q_random_bp,hea,RX_RY_RZ_CNOT,none,circular,cnot,global,8,8,7,same_entangling_gate_count,5,4,RY,1,133,layer_005_wire_004_RY,3,0.01299420177043259,0.0010254747391710817,0.027908472031627444,0.0
random_bp,expectation_value,bcw_8q_random_bp,hea,RX_RY_RZ_CNOT,none,circular,cnot,global,8,8,7,same_entangling_gate_count,5,4,RZ,2,134,layer_005_wire_004_RZ,3,-0.044043200835358676,0.0018555996179815913,0.044043200835358676,0.0
random_bp,expectation_value,bcw_8q_random_bp,hea,RX_RY_RZ_CNOT,none,circular,cnot,global,8,8,7,same_entangling_gate_count,5,5,RX,0,135,layer_005_wire_005_RX,3,-0.009514620283333743,0.0011719918969891976,0.02238766474072451,0.0
random_bp,expectation_value,bcw_8q_random_bp,hea,RX_RY_RZ_CNOT,none,circular,cnot,global,8,8,7,same_entangling_gate_count,5,5,RY,1,136,layer_005_wire_005_RY,3,0.006481896593915369,0.008247564923009942,0.07200558625506205,0.0
random_bp,expectation_value,bcw_8q_random_bp,hea,RX_RY_RZ_CNOT,none,circular,cnot,global,8,8,7,same_entangling_gate_count,5,5,RZ,2,137,layer_005_wire_005_RZ,3,0.010977204850286089,0.0018386385542309726,0.02934834525344429,0.0
random_bp,expectation_value,bcw_8q_random_bp,hea,RX_RY_RZ_CNOT,none,circular,cnot,global,8,8,7,same_entangling_gate_count,5,6,RX,0,138,layer_005_wire_006_RX,3,-0.039616316828704645,0.000838293589656048,0.03961631682870464,0.0
random_bp,expectation_value,bcw_8q_random_bp,hea,RX_RY_RZ_CNOT,none,circular,cnot,global,8,8,7,same_entangling_gate_count,5,6,RY,1,139,layer_005_wire_006_RY,3,-0.027901153017780393,0.0013352393925564342,0.02990542113881552,0.0
random_bp,expectation_value,bcw_8q_random_bp,hea,RX_RY_RZ_CNOT,none,circular,cnot,global,8,8,7,same_entangling_gate_count,5,6,RZ,2,140,layer_005_wire_006_RZ,3,-0.07336637130652705,0.004286021619065539,0.07336637130652705,0.0
random_bp,expectation_value,bcw_8q_random_bp,hea,RX_RY_RZ_CNOT,none,circular,cnot,global,8,8,7,same_entangling_gate_count,5,7,RX,0,141,layer_005_wire_007_RX,3,-0.05960740363801883,0.0006668313923243596,0.05960740363801883,0.0
random_bp,expectation_value,bcw_8q_random_bp,hea,RX_RY_RZ_CNOT,none,circular,cnot,global,8,8,7,same_entangling_gate_count,5,7,RY,1,142,layer_005_wire_007_RY,3,-0.037594956013934096,0.0013105882290902044,0.037594956013934096,0.0
random_bp,expectation_value,bcw_8q_random_bp,hea,RX_RY_RZ_CNOT,none,circular,cnot,global,8,8,7,same_entangling_gate_count,5,7,RZ,2,143,layer_005_wire_007_RZ,3,0.017086905910160863,0.014510131923954728,0.08361699330375359,0.0
random_bp,expectation_value,bcw_8q_random_bp,hea,RX_RY_RZ_CNOT,none,circular,cnot,global,8,8,7,same_entangling_gate_count,6,0,RX,0,144,layer_006_wire_000_RX,3,0.0008772478762382012,9.688038538545077e-05,0.007226599019349506,0.0
random_bp,expectation_value,bcw_8q_random_bp,hea,RX_RY_RZ_CNOT,none,circular,cnot,global,8,8,7,same_entangling_gate_count,6,0,RY,1,145,layer_006_wire_000_RY,3,0.008388822750214714,0.005366140879343115,0.049802361927560566,0.0
random_bp,expectation_value,bcw_8q_random_bp,hea,RX_RY_RZ_CNOT,none,circular,cnot,global,8,8,7,same_entangling_gate_count,6,0,RZ,2,146,layer_006_wire_000_RZ,3,3.90582280896678e-18,4.761600944634863e-34,1.5463617991773055e-17,1.0
random_bp,expectation_value,bcw_8q_random_bp,hea,RX_RY_RZ_CNOT,none,circular,cnot,global,8,8,7,same_entangling_gate_count,6,1,RX,0,147,layer_006_wire_001_RX,3,6.938893903907228e-18,2.798616950437702e-34,1.0408340855860843e-17,1.0
random_bp,expectation_value,bcw_8q_random_bp,hea,RX_RY_RZ_CNOT,none,circular,cnot,global,8,8,7,same_entangling_gate_count,6,1,RY,1,148,layer_006_wire_001_RY,3,-4.7704895589362195e-18,1.7434932211396168e-34,9.396418828207706e-18,1.0
random_bp,expectation_value,bcw_8q_random_bp,hea,RX_RY_RZ_CNOT,none,circular,cnot,global,8,8,7,same_entangling_gate_count,6,1,RZ,2,149,layer_006_wire_001_RZ,3,-1.801165232702908e-18,3.048545518808935e-34,1.2560716541702343e-17,1.0
random_bp,expectation_value,bcw_8q_random_bp,hea,RX_RY_RZ_CNOT,none,circular,cnot,global,8,8,7,same_entangling_gate_count,6,2,RX,0,150,layer_006_wire_002_RX,3,-0.01987311770581053,0.004111563971854791,0.04143207764344679,0.0
random_bp,expectation_value,bcw_8q_random_bp,hea,RX_RY_RZ_CNOT,none,circular,cnot,global,8,8,7,same_entangling_gate_count,6,2,RY,1,151,layer_006_wire_002_RY,3,-0.011365796075616351,0.00512562724256172,0.0479538106760277,0.0
random_bp,expectation_value,bcw_8q_random_bp,hea,RX_RY_RZ_CNOT,none,circular,cnot,global,8,8,7,same_entangling_gate_count,6,2,RZ,2,152,layer_006_wire_002_RZ,3,-2.9273827426159067e-18,7.512068669658238e-34,1.9453366050137084e-17,1.0
random_bp,expectation_value,bcw_8q_random_bp,hea,RX_RY_RZ_CNOT,none,circular,cnot,global,8,8,7,same_entangling_gate_count,6,3,RX,0,153,layer_006_wire_003_RX,3,8.0953762212251e-18,4.3734659153793475e-34,1.734723475976807e-17,1.0
random_bp,expectation_value,bcw_8q_random_bp,hea,RX_RY_RZ_CNOT,none,circular,cnot,global,8,8,7,same_entangling_gate_count,6,3,RY,1,154,layer_006_wire_003_RY,3,-5.7824115865893565e-18,4.3734659153793475e-34,1.5034270125132327e-17,1.0
random_bp,expectation_value,bcw_8q_random_bp,hea,RX_RY_RZ_CNOT,none,circular,cnot,global,8,8,7,same_entangling_gate_count,6,3,RZ,2,155,layer_006_wire_003_RZ,3,-8.515635513257344e-18,1.4548263364721234e-34,9.264306960053568e-18,1.0
random_bp,expectation_value,bcw_8q_random_bp,hea,RX_RY_RZ_CNOT,none,circular,cnot,global,8,8,7,same_entangling_gate_count,6,4,RX,0,156,layer_006_wire_004_RX,3,0.01856014817198366,0.0008584088022852036,0.02869037857136782,0.0
random_bp,expectation_value,bcw_8q_random_bp,hea,RX_RY_RZ_CNOT,none,circular,cnot,global,8,8,7,same_entangling_gate_count,6,4,RY,1,157,layer_006_wire_004_RY,3,-0.0034034037744447186,0.0014874574055787708,0.029629617044980117,0.0
random_bp,expectation_value,bcw_8q_random_bp,hea,RX_RY_RZ_CNOT,none,circular,cnot,global,8,8,7,same_entangling_gate_count,6,4,RZ,2,158,layer_006_wire_004_RZ,3,6.981261464261234e-18,6.194030016246508e-34,1.7591987353394576e-17,1.0
random_bp,expectation_value,bcw_8q_random_bp,hea,RX_RY_RZ_CNOT,none,circular,cnot,global,8,8,7,same_entangling_gate_count,6,5,RX,0,159,layer_006_wire_005_RX,3,-1.3010426069826053e-18,1.3442013000523022e-33,2.4430688953340034e-17,1.0
random_bp,expectation_value,bcw_8q_random_bp,hea,RX_RY_RZ_CNOT,none,circular,cnot,global,8,8,7,same_entangling_gate_count,6,5,RY,1,160,layer_006_wire_005_RY,3,-1.734723475976807e-18,2.3773197751029943e-34,1.214306433183765e-17,1.0
random_bp,expectation_value,bcw_8q_random_bp,hea,RX_RY_RZ_CNOT,none,circular,cnot,global,8,8,7,same_entangling_gate_count,6,5,RZ,2,161,layer_006_wire_005_RZ,3,7.278253407025594e-20,1.1883233311182587e-34,8.358962052894067e-18,1.0
random_bp,expectation_value,bcw_8q_random_bp,hea,RX_RY_RZ_CNOT,none,circular,cnot,global,8,8,7,same_entangling_gate_count,6,6,RX,0,162,layer_006_wire_006_RX,3,-0.03369164599731467,0.004461175716995657,0.052374366856707676,0.0
random_bp,expectation_value,bcw_8q_random_bp,hea,RX_RY_RZ_CNOT,none,circular,cnot,global,8,8,7,same_entangling_gate_count,6,6,RY,1,163,layer_006_wire_006_RY,3,-0.03327963779742818,0.0025699729450607786,0.048554782093243765,0.0
random_bp,expectation_value,bcw_8q_random_bp,hea,RX_RY_RZ_CNOT,none,circular,cnot,global,8,8,7,same_entangling_gate_count,6,6,RZ,2,164,layer_006_wire_006_RZ,3,4.7637029850893275e-18,5.218205481708915e-34,1.562892738969971e-17,1.0
random_bp,expectation_value,bcw_8q_random_bp,hea,RX_RY_RZ_CNOT,none,circular,cnot,global,8,8,7,same_entangling_gate_count,6,7,RX,0,165,layer_006_wire_007_RX,3,9.25185853854297e-18,3.4405935985667806e-34,1.3877787807814457e-17,1.0
random_bp,expectation_value,bcw_8q_random_bp,hea,RX_RY_RZ_CNOT,none,circular,cnot,global,8,8,7,same_entangling_gate_count,6,7,RY,1,166,layer_006_wire_007_RY,3,-2.949029909160572e-17,1.715281356719882e-34,2.949029909160572e-17,1.0
random_bp,expectation_value,bcw_8q_random_bp,hea,RX_RY_RZ_CNOT,none,circular,cnot,global,8,8,7,same_entangling_gate_count,6,7,RZ,2,167,layer_006_wire_007_RZ,3,-4.0503826188089e-19,5.1180938660906e-35,4.9904879672966474e-18,1.0
random_bp,expectation_value,bcw_8q_random_bp,hea,RX_RY_RZ_CNOT,none,linear,cnot,hamiltonian_local,8,8,8,same_entangling_gate_count,0,0,RX,0,0,layer_000_wire_000_RX,3,-0.0026960747505541645,8.09380607511829e-05,0.005826435644151175,0.0
random_bp,expectation_value,bcw_8q_random_bp,hea,RX_RY_RZ_CNOT,none,linear,cnot,hamiltonian_local,8,8,8,same_entangling_gate_count,0,0,RY,1,1,layer_000_wire_000_RY,3,-0.006278002329841463,0.0001466717073170868,0.007710723785796941,0.0
random_bp,expectation_value,bcw_8q_random_bp,hea,RX_RY_RZ_CNOT,none,linear,cnot,hamiltonian_local,8,8,8,same_entangling_gate_count,0,0,RZ,2,2,layer_000_wire_000_RZ,3,-0.002913862392319599,7.0256357776472e-05,0.005336272247942323,0.0
random_bp,expectation_value,bcw_8q_random_bp,hea,RX_RY_RZ_CNOT,none,linear,cnot,hamiltonian_local,8,8,8,same_entangling_gate_count,0,1,RX,0,3,layer_000_wire_001_RX,3,-0.0078820102211331,8.356985673355834e-05,0.009657675930572027,0.0
random_bp,expectation_value,bcw_8q_random_bp,hea,RX_RY_RZ_CNOT,none,linear,cnot,hamiltonian_local,8,8,8,same_entangling_gate_count,0,1,RY,1,4,layer_000_wire_001_RY,3,0.011499922471636198,0.0012188266941841428,0.024817775162875824,0.0
random_bp,expectation_value,bcw_8q_random_bp,hea,RX_RY_RZ_CNOT,none,linear,cnot,hamiltonian_local,8,8,8,same_entangling_gate_count,0,1,RZ,2,5,layer_000_wire_001_RZ,3,-0.007745213593379569,7.905025176415191e-05,0.007745213593379569,0.0
random_bp,expectation_value,bcw_8q_random_bp,hea,RX_RY_RZ_CNOT,none,linear,cnot,hamiltonian_local,8,8,8,same_entangling_gate_count,0,2,RX,0,6,layer_000_wire_002_RX,3,-0.002560348719392373,5.6034027340409334e-05,0.005114820807314251,0.0
random_bp,expectation_value,bcw_8q_random_bp,hea,RX_RY_RZ_CNOT,none,linear,cnot,hamiltonian_local,8,8,8,same_entangling_gate_count,0,2,RY,1,7,layer_000_wire_002_RY,3,-0.003181232099256107,3.851902955116374e-05,0.0056844527168659975,0.0
random_bp,expectation_value,bcw_8q_random_bp,hea,RX_RY_RZ_CNOT,none,linear,cnot,hamiltonian_local,8,8,8,same_entangling_gate_count,0,2,RZ,2,8,layer_000_wire_002_RZ,3,-0.001989413438933188,6.815950315090268e-05,0.006776500765649923,0.0
random_bp,expectation_value,bcw_8q_random_bp,hea,RX_RY_RZ_CNOT,none,linear,cnot,hamiltonian_local,8,8,8,same_entangling_gate_count,0,3,RX,0,9,layer_000_wire_003_RX,3,-0.0003973248905642865,7.464409284512198e-05,0.006451704246012153,0.0
random_bp,expectation_value,bcw_8q_random_bp,hea,RX_RY_RZ_CNOT,none,linear,cnot,hamiltonian_local,8,8,8,same_entangling_gate_count,0,3,RY,1,10,layer_000_wire_003_RY,3,-0.0038411039177110654,0.00019364290092074057,0.011905354162184018,0.0
random_bp,expectation_value,bcw_8q_random_bp,hea,RX_RY_RZ_CNOT,none,linear,cnot,hamiltonian_local,8,8,8,same_entangling_gate_count,0,3,RZ,2,11,layer_000_wire_003_RZ,3,-0.007211026032669775,4.762235655326282e-05,0.007211026032669775,0.0
random_bp,expectation_value,bcw_8q_random_bp,hea,RX_RY_RZ_CNOT,none,linear,cnot,hamiltonian_local,8,8,8,same_entangling_gate_count,0,4,RX,0,12,layer_000_wire_004_RX,3,0.006360799229683266,0.0007566414101629188,0.018528830572743443,0.0
random_bp,expectation_value,bcw_8q_random_bp,hea,RX_RY_RZ_CNOT,none,linear,cnot,hamiltonian_local,8,8,8,same_entangling_gate_count,0,4,RY,1,13,layer_000_wire_004_RY,3,0.007014694045869537,4.2503052077477255e-05,0.007280287610207037,0.0
random_bp,expectation_value,bcw_8q_random_bp,hea,RX_RY_RZ_CNOT,none,linear,cnot,hamiltonian_local,8,8,8,same_entangling_gate_count,0,4,RZ,2,14,layer_000_wire_004_RZ,3,-0.0020927776025348333,0.000799230957292322,0.02106326670852475,0.0
random_bp,expectation_value,bcw_8q_random_bp,hea,RX_RY_RZ_CNOT,none,linear,cnot,hamiltonian_local,8,8,8,same_entangling_gate_count,0,5,RX,0,15,layer_000_wire_005_RX,3,-0.0003367755105513795,0.00011550352474940602,0.00805340122335081,0.0
random_bp,expectation_value,bcw_8q_random_bp,hea,RX_RY_RZ_CNOT,none,linear,cnot,hamiltonian_local,8,8,8,same_entangling_gate_count,0,5,RY,1,16,layer_000_wire_005_RY,3,0.0023475973910513535,8.975092106108478e-05,0.007254997415081534,0.0
random_bp,expectation_value,bcw_8q_random_bp,hea,RX_RY_RZ_CNOT,none,linear,cnot,hamiltonian_local,8,8,8,same_entangling_gate_count,0,5,RZ,2,17,layer_000_wire_005_RZ,3,-0.00309100287059629,8.019902433208203e-05,0.007867570766576104,0.0
random_bp,expectation_value,bcw_8q_random_bp,hea,RX_RY_RZ_CNOT,none,linear,cnot,hamiltonian_local,8,8,8,same_entangling_gate_count,0,6,RX,0,18,layer_000_wire_006_RX,3,0.017374875684809502,4.230722139713643e-05,0.017374875684809502,0.0
random_bp,expectation_value,bcw_8q_random_bp,hea,RX_RY_RZ_CNOT,none,linear,cnot,hamiltonian_local,8,8,8,same_entangling_gate_count,0,6,RY,1,19,layer_000_wire_006_RY,3,-0.0012963387506055367,5.1993926138283836e-05,0.005018654181363296,0.0
random_bp,expectation_value,bcw_8q_random_bp,hea,RX_RY_RZ_CNOT,none,linear,cnot,hamiltonian_local,8,8,8,same_entangling_gate_count,0,6,RZ,2,20,layer_000_wire_006_RZ,3,0.010737652171012857,9.331100914462145e-06,0.010737652171012857,0.0
random_bp,expectation_value,bcw_8q_random_bp,hea,RX_RY_RZ_CNOT,none,linear,cnot,hamiltonian_local,8,8,8,same_entangling_gate_count,0,7,RX,0,21,layer_000_wire_007_RX,3,0.004224590476482533,8.551271965114528e-05,0.007433568072352271,0.0
random_bp,expectation_value,bcw_8q_random_bp,hea,RX_RY_RZ_CNOT,none,linear,cnot,hamiltonian_local,8,8,8,same_entangling_gate_count,0,7,RY,1,22,layer_000_wire_007_RY,3,0.0045279400571515156,0.0001147829527994552,0.006733582931589741,0.0
random_bp,expectation_value,bcw_8q_random_bp,hea,RX_RY_RZ_CNOT,none,linear,cnot,hamiltonian_local,8,8,8,same_entangling_gate_count,0,7,RZ,2,23,layer_000_wire_007_RZ,3,0.002530980016595796,0.00021495423927416922,0.010483641797739003,0.0
random_bp,expectation_value,bcw_8q_random_bp,hea,RX_RY_RZ_CNOT,none,linear,cnot,hamiltonian_local,8,8,8,same_entangling_gate_count,1,0,RX,0,24,layer_001_wire_000_RX,3,-0.0039898790462689505,0.00026236226094880513,0.011034933598335616,0.0
random_bp,expectation_value,bcw_8q_random_bp,hea,RX_RY_RZ_CNOT,none,linear,cnot,hamiltonian_local,8,8,8,same_entangling_gate_count,1,0,RY,1,25,layer_001_wire_000_RY,3,0.003567328072306846,8.343917617397771e-06,0.003567328072306846,0.0
random_bp,expectation_value,bcw_8q_random_bp,hea,RX_RY_RZ_CNOT,none,linear,cnot,hamiltonian_local,8,8,8,same_entangling_gate_count,1,0,RZ,2,26,layer_001_wire_000_RZ,3,-0.00023655244699595686,0.0001431022198498524,0.009286838010164078,0.0
random_bp,expectation_value,bcw_8q_random_bp,hea,RX_RY_RZ_CNOT,none,linear,cnot,hamiltonian_local,8,8,8,same_entangling_gate_count,1,1,RX,0,27,layer_001_wire_001_RX,3,0.012812313488297223,4.078162393582703e-05,0.012812313488297223,0.0
random_bp,expectation_value,bcw_8q_random_bp,hea,RX_RY_RZ_CNOT,none,linear,cnot,hamiltonian_local,8,8,8,same_entangling_gate_count,1,1,RY,1,28,layer_001_wire_001_RY,3,-0.0059647918078078645,5.002121736709339e-05,0.007159419209642814,0.0
random_bp,expectation_value,bcw_8q_random_bp,hea,RX_RY_RZ_CNOT,none,linear,cnot,hamiltonian_local,8,8,8,same_entangling_gate_count,1,1,RZ,2,29,layer_001_wire_001_RZ,3,-0.0005983358542987391,3.024819897371078e-05,0.0042854132017402695,0.0
random_bp,expectation_value,bcw_8q_random_bp,hea,RX_RY_RZ_CNOT,none,linear,cnot,hamiltonian_local,8,8,8,same_entangling_gate_count,1,2,RX,0,30,layer_001_wire_002_RX,3,0.005562481827575204,6.583739834256752e-05,0.006570569660138264,0.0
random_bp,expectation_value,bcw_8q_random_bp,hea,RX_RY_RZ_CNOT,none,linear,cnot,hamiltonian_local,8,8,8,same_entangling_gate_count,1,2,RY,1,31,layer_001_wire_002_RY,3,-0.006393045246659878,0.0003671353034555421,0.014590469595348215,0.0
random_bp,expectation_value,bcw_8q_random_bp,hea,RX_RY_RZ_CNOT,none,linear,cnot,hamiltonian_local,8,8,8,same_entangling_gate_count,1,2,RZ,2,32,layer_001_wire_002_RZ,3,-0.0035929016136896866,2.1718296106749042e-05,0.004120523862225973,0.0
random_bp,expectation_value,bcw_8q_random_bp,hea,RX_RY_RZ_CNOT,none,linear,cnot,hamiltonian_local,8,8,8,same_entangling_gate_count,1,3,RX,0,33,layer_001_wire_003_RX,3,-0.008991668957081443,8.364658868960316e-05,0.008991668957081443,0.0
random_bp,expectation_value,bcw_8q_random_bp,hea,RX_RY_RZ_CNOT,none,linear,cnot,hamiltonian_local,8,8,8,same_entangling_gate_count,1,3,RY,1,34,layer_001_wire_003_RY,3,-0.0009126629816655837,0.00036747539184442954,0.013064002451912317,0.0
random_bp,expectation_value,bcw_8q_random_bp,hea,RX_RY_RZ_CNOT,none,linear,cnot,hamiltonian_local,8,8,8,same_entangling_gate_count,1,3,RZ,2,35,layer_001_wire_003_RZ,3,0.0044902256857224845,0.0005337943394415825,0.01564885677281465,0.0
random_bp,expectation_value,bcw_8q_random_bp,hea,RX_RY_RZ_CNOT,none,linear,cnot,hamiltonian_local,8,8,8,same_entangling_gate_count,1,4,RX,0,36,layer_001_wire_004_RX,3,0.01111349406378678,7.814184061745007e-05,0.011113494063786778,0.0
random_bp,expectation_value,bcw_8q_random_bp,hea,RX_RY_RZ_CNOT,none,linear,cnot,hamiltonian_local,8,8,8,same_entangling_gate_count,1,4,RY,1,37,layer_001_wire_004_RY,3,0.014100971588014103,7.863287170597775e-05,0.014100971588014105,0.0
random_bp,expectation_value,bcw_8q_random_bp,hea,RX_RY_RZ_CNOT,none,linear,cnot,hamiltonian_local,8,8,8,same_entangling_gate_count,1,4,RZ,2,38,layer_001_wire_004_RZ,3,-0.02243333261431686,0.00012633659049433198,0.02243333261431686,0.0
random_bp,expectation_value,bcw_8q_random_bp,hea,RX_RY_RZ_CNOT,none,linear,cnot,hamiltonian_local,8,8,8,same_entangling_gate_count,1,5,RX,0,39,layer_001_wire_005_RX,3,-0.01075796908815758,0.00010661175755161562,0.011523580049145494,0.0
random_bp,expectation_value,bcw_8q_random_bp,hea,RX_RY_RZ_CNOT,none,linear,cnot,hamiltonian_local,8,8,8,same_entangling_gate_count,1,5,RY,1,40,layer_001_wire_005_RY,3,-0.006595266272802423,0.00014614632872176513,0.01002449377474939,0.0
random_bp,expectation_value,bcw_8q_random_bp,hea,RX_RY_RZ_CNOT,none,linear,cnot,hamiltonian_local,8,8,8,same_entangling_gate_count,1,5,RZ,2,41,layer_001_wire_005_RZ,3,0.013829930728531926,0.00018388369610943938,0.014840741983328203,0.0
random_bp,expectation_value,bcw_8q_random_bp,hea,RX_RY_RZ_CNOT,none,linear,cnot,hamiltonian_local,8,8,8,same_entangling_gate_count,1,6,RX,0,42,layer_001_wire_006_RX,3,0.0017905045975871751,0.00029304314644319014,0.011940756850929178,0.0
random_bp,expectation_value,bcw_8q_random_bp,hea,RX_RY_RZ_CNOT,none,linear,cnot,hamiltonian_local,8,8,8,same_entangling_gate_count,1,6,RY,1,43,layer_001_wire_006_RY,3,0.013189178513906476,0.0002732212600518797,0.015717512744128633,0.0
random_bp,expectation_value,bcw_8q_random_bp,hea,RX_RY_RZ_CNOT,none,linear,cnot,hamiltonian_local,8,8,8,same_entangling_gate_count,1,6,RZ,2,44,layer_001_wire_006_RZ,3,0.010636487754165548,0.00014988300232589885,0.012552974508491197,0.0
random_bp,expectation_value,bcw_8q_random_bp,hea,RX_RY_RZ_CNOT,none,linear,cnot,hamiltonian_local,8,8,8,same_entangling_gate_count,1,7,RX,0,45,layer_001_wire_007_RX,3,-0.00504693873577223,0.00011951513116228402,0.007641996164862756,0.0
random_bp,expectation_value,bcw_8q_random_bp,hea,RX_RY_RZ_CNOT,none,linear,cnot,hamiltonian_local,8,8,8,same_entangling_gate_count,1,7,RY,1,46,layer_001_wire_007_RY,3,0.00735717581924645,1.6677807051034654e-05,0.00735717581924645,0.0
random_bp,expectation_value,bcw_8q_random_bp,hea,RX_RY_RZ_CNOT,none,linear,cnot,hamiltonian_local,8,8,8,same_entangling_gate_count,1,7,RZ,2,47,layer_001_wire_007_RZ,3,0.009251568129750289,0.0004636070375838032,0.015092522811119691,0.0
random_bp,expectation_value,bcw_8q_random_bp,hea,RX_RY_RZ_CNOT,none,linear,cnot,hamiltonian_local,8,8,8,same_entangling_gate_count,2,0,RX,0,48,layer_002_wire_000_RX,3,0.017605804196359275,0.0008453664403872715,0.023138843627562872,0.0
random_bp,expectation_value,bcw_8q_random_bp,hea,RX_RY_RZ_CNOT,none,linear,cnot,hamiltonian_local,8,8,8,same_entangling_gate_count,2,0,RY,1,49,layer_002_wire_000_RY,3,0.006671685499683568,0.00032476035585382395,0.012660409772518528,0.0
random_bp,expectation_value,bcw_8q_random_bp,hea,RX_RY_RZ_CNOT,none,linear,cnot,hamiltonian_local,8,8,8,same_entangling_gate_count,2,0,RZ,2,50,layer_002_wire_000_RZ,3,-0.02139203251614706,0.0004299120510302991,0.02139203251614706,0.0
random_bp,expectation_value,bcw_8q_random_bp,hea,RX_RY_RZ_CNOT,none,linear,cnot,hamiltonian_local,8,8,8,same_entangling_gate_count,2,1,RX,0,51,layer_002_wire_001_RX,3,-0.012306210251056871,0.0006848271993382038,0.024220169742410327,0.0
random_bp,expectation_value,bcw_8q_random_bp,hea,RX_RY_RZ_CNOT,none,linear,cnot,hamiltonian_local,8,8,8,same_entangling_gate_count,2,1,RY,1,52,layer_002_wire_001_RY,3,0.00019881449078076353,0.0001075643768532083,0.007587782933982902,0.0
random_bp,expectation_value,bcw_8q_random_bp,hea,RX_RY_RZ_CNOT,none,linear,cnot,hamiltonian_local,8,8,8,same_entangling_gate_count,2,1,RZ,2,53,layer_002_wire_001_RZ,3,0.013906766047588118,0.00025509590529992617,0.01645225535704625,0.0
random_bp,expectation_value,bcw_8q_random_bp,hea,RX_RY_RZ_CNOT,none,linear,cnot,hamiltonian_local,8,8,8,same_entangling_gate_count,2,2,RX,0,54,layer_002_wire_002_RX,3,0.0008209948800414752,0.00030456664331309207,0.011800305173687976,0.0
random_bp,expectation_value,bcw_8q_random_bp,hea,RX_RY_RZ_CNOT,none,linear,cnot,hamiltonian_local,8,8,8,same_entangling_gate_count,2,2,RY,1,55,layer_002_wire_002_RY,3,0.005807272705163319,0.00011011735903580227,0.006813606268508812,0.0
random_bp,expectation_value,bcw_8q_random_bp,hea,RX_RY_RZ_CNOT,none,linear,cnot,hamiltonian_local,8,8,8,same_entangling_gate_count,2,2,RZ,2,56,layer_002_wire_002_RZ,3,0.01070540910389362,0.00041530041973004636,0.015870580297209443,0.0
random_bp,expectation_value,bcw_8q_random_bp,hea,RX_RY_RZ_CNOT,none,linear,cnot,hamiltonian_local,8,8,8,same_entangling_gate_count,2,3,RX,0,57,layer_002_wire_003_RX,3,0.013773927621174846,0.0003826122895025574,0.014084900335396852,0.0
random_bp,expectation_value,bcw_8q_random_bp,hea,RX_RY_RZ_CNOT,none,linear,cnot,hamiltonian_local,8,8,8,same_entangling_gate_count,2,3,RY,1,58,layer_002_wire_003_RY,3,-0.008758012423654558,7.206813133825562e-05,0.008758012423654558,0.0
random_bp,expectation_value,bcw_8q_random_bp,hea,RX_RY_RZ_CNOT,none,linear,cnot,hamiltonian_local,8,8,8,same_entangling_gate_count,2,3,RZ,2,59,layer_002_wire_003_RZ,3,-0.011784729777330142,0.00016923504749109477,0.013898576188211513,0.0
random_bp,expectation_value,bcw_8q_random_bp,hea,RX_RY_RZ_CNOT,none,linear,cnot,hamiltonian_local,8,8,8,same_entangling_gate_count,2,4,RX,0,60,layer_002_wire_004_RX,3,0.010870668747973,0.00013531314280394792,0.010870668747973001,0.0
random_bp,expectation_value,bcw_8q_random_bp,hea,RX_RY_RZ_CNOT,none,linear,cnot,hamiltonian_local,8,8,8,same_entangling_gate_count,2,4,RY,1,61,layer_002_wire_004_RY,3,0.00442578626535371,6.435861819940937e-05,0.006001166095205374,0.0
random_bp,expectation_value,bcw_8q_random_bp,hea,RX_RY_RZ_CNOT,none,linear,cnot,hamiltonian_local,8,8,8,same_entangling_gate_count,2,4,RZ,2,62,layer_002_wire_004_RZ,3,0.00894421385278464,0.00024246794732072055,0.013878274548212248,0.0
random_bp,expectation_value,bcw_8q_random_bp,hea,RX_RY_RZ_CNOT,none,linear,cnot,hamiltonian_local,8,8,8,same_entangling_gate_count,2,5,RX,0,63,layer_002_wire_005_RX,3,-0.004521347372712622,8.551655311298656e-05,0.00818852239838777,0.0
random_bp,expectation_value,bcw_8q_random_bp,hea,RX_RY_RZ_CNOT,none,linear,cnot,hamiltonian_local,8,8,8,same_entangling_gate_count,2,5,RY,1,64,layer_002_wire_005_RY,3,-0.0004412712889415877,0.0003465067087431281,0.014152109606456917,0.0
random_bp,expectation_value,bcw_8q_random_bp,hea,RX_RY_RZ_CNOT,none,linear,cnot,hamiltonian_local,8,8,8,same_entangling_gate_count,2,5,RZ,2,65,layer_002_wire_005_RZ,3,-0.015950279909575656,0.0003290924034790388,0.015950279909575652,0.0
random_bp,expectation_value,bcw_8q_random_bp,hea,RX_RY_RZ_CNOT,none,linear,cnot,hamiltonian_local,8,8,8,same_entangling_gate_count,2,6,RX,0,66,layer_002_wire_006_RX,3,0.0036257819130648614,2.166038524533056e-05,0.004784062609932052,0.0
random_bp,expectation_value,bcw_8q_random_bp,hea,RX_RY_RZ_CNOT,none,linear,cnot,hamiltonian_local,8,8,8,same_entangling_gate_count,2,6,RY,1,67,layer_002_wire_006_RY,3,-0.003434530338657024,0.00011149231201649116,0.00831132400170316,0.0
random_bp,expectation_value,bcw_8q_random_bp,hea,RX_RY_RZ_CNOT,none,linear,cnot,hamiltonian_local,8,8,8,same_entangling_gate_count,2,6,RZ,2,68,layer_002_wire_006_RZ,3,0.011737218850265746,3.711464721859595e-05,0.011737218850265746,0.0
random_bp,expectation_value,bcw_8q_random_bp,hea,RX_RY_RZ_CNOT,none,linear,cnot,hamiltonian_local,8,8,8,same_entangling_gate_count,2,7,RX,0,69,layer_002_wire_007_RX,3,-7.08577877934248e-05,0.00011956871784120777,0.008009675441901974,0.0
random_bp,expectation_value,bcw_8q_random_bp,hea,RX_RY_RZ_CNOT,none,linear,cnot,hamiltonian_local,8,8,8,same_entangling_gate_count,2,7,RY,1,70,layer_002_wire_007_RY,3,0.002605910309188767,7.645442292708299e-05,0.005638061067432803,0.0
random_bp,expectation_value,bcw_8q_random_bp,hea,RX_RY_RZ_CNOT,none,linear,cnot,hamiltonian_local,8,8,8,same_entangling_gate_count,2,7,RZ,2,71,layer_002_wire_007_RZ,3,-0.004192053993830648,0.0002813353470409253,0.011503873513021906,0.0
random_bp,expectation_value,bcw_8q_random_bp,hea,RX_RY_RZ_CNOT,none,linear,cnot,hamiltonian_local,8,8,8,same_entangling_gate_count,3,0,RX,0,72,layer_003_wire_000_RX,3,0.014111023418526613,0.00044443614144184005,0.020045347318226433,0.0
random_bp,expectation_value,bcw_8q_random_bp,hea,RX_RY_RZ_CNOT,none,linear,cnot,hamiltonian_local,8,8,8,same_entangling_gate_count,3,0,RY,1,73,layer_003_wire_000_RY,3,-0.0056815281286888486,0.00014254514211227106,0.00866097694086424,0.0
random_bp,expectation_value,bcw_8q_random_bp,hea,RX_RY_RZ_CNOT,none,linear,cnot,hamiltonian_local,8,8,8,same_entangling_gate_count,3,0,RZ,2,74,layer_003_wire_000_RZ,3,0.007531799012245457,0.0013453392543763625,0.024182249013234253,0.0
random_bp,expectation_value,bcw_8q_random_bp,hea,RX_RY_RZ_CNOT,none,linear,cnot,hamiltonian_local,8,8,8,same_entangling_gate_count,3,1,RX,0,75,layer_003_wire_001_RX,3,0.006358229098448685,0.00010891538219949183,0.00673535763586525,0.0
random_bp,expectation_value,bcw_8q_random_bp,hea,RX_RY_RZ_CNOT,none,linear,cnot,hamiltonian_local,8,8,8,same_entangling_gate_count,3,1,RY,1,76,layer_003_wire_001_RY,3,-0.002704316667840375,0.0006215032574493037,0.01975451774720548,0.0
random_bp,expectation_value,bcw_8q_random_bp,hea,RX_RY_RZ_CNOT,none,linear,cnot,hamiltonian_local,8,8,8,same_entangling_gate_count,3,1,RZ,2,77,layer_003_wire_001_RZ,3,-0.0032153882140381444,0.0007537993565948246,0.01883376854564676,0.0
random_bp,expectation_value,bcw_8q_random_bp,hea,RX_RY_RZ_CNOT,none,linear,cnot,hamiltonian_local,8,8,8,same_entangling_gate_count,3,2,RX,0,78,layer_003_wire_002_RX,3,-0.004781796402779275,0.0008413409605649751,0.02132953529629002,0.0
random_bp,expectation_value,bcw_8q_random_bp,hea,RX_RY_RZ_CNOT,none,linear,cnot,hamiltonian_local,8,8,8,same_entangling_gate_count,3,2,RY,1,79,layer_003_wire_002_RY,3,-0.01223998745116723,0.00019026753300858485,0.01223998745116723,0.0
random_bp,expectation_value,bcw_8q_random_bp,hea,RX_RY_RZ_CNOT,none,linear,cnot,hamiltonian_local,8,8,8,same_entangling_gate_count,3,2,RZ,2,80,layer_003_wire_002_RZ,3,-0.0013178149699682364,0.00013477623756921278,0.008466289335765083,0.0
random_bp,expectation_value,bcw_8q_random_bp,hea,RX_RY_RZ_CNOT,none,linear,cnot,hamiltonian_local,8,8,8,same_entangling_gate_count,3,3,RX,0,81,layer_003_wire_003_RX,3,-0.00589286699490261,0.00014435063639167665,0.009274553727469506,0.0
random_bp,expectation_value,bcw_8q_random_bp,hea,RX_RY_RZ_CNOT,none,linear,cnot,hamiltonian_local,8,8,8,same_entangling_gate_count,3,3,RY,1,82,layer_003_wire_003_RY,3,0.016217734688262146,7.12114280306159e-05,0.016217734688262143,0.0
random_bp,expectation_value,bcw_8q_random_bp,hea,RX_RY_RZ_CNOT,none,linear,cnot,hamiltonian_local,8,8,8,same_entangling_gate_count,3,3,RZ,2,83,layer_003_wire_003_RZ,3,-0.005228747267464859,1.9429711065908773e-05,0.005228747267464859,0.0
random_bp,expectation_value,bcw_8q_random_bp,hea,RX_RY_RZ_CNOT,none,linear,cnot,hamiltonian_local,8,8,8,same_entangling_gate_count,3,4,RX,0,84,layer_003_wire_004_RX,3,0.0026859928944160272,0.0005100637842422475,0.01660420918473622,0.0
random_bp,expectation_value,bcw_8q_random_bp,hea,RX_RY_RZ_CNOT,none,linear,cnot,hamiltonian_local,8,8,8,same_entangling_gate_count,3,4,RY,1,85,layer_003_wire_004_RY,3,-0.015829008631274313,0.0006061685662627928,0.02345916263710408,0.0
random_bp,expectation_value,bcw_8q_random_bp,hea,RX_RY_RZ_CNOT,none,linear,cnot,hamiltonian_local,8,8,8,same_entangling_gate_count,3,4,RZ,2,86,layer_003_wire_004_RZ,3,-0.00811080687342831,0.00011760517518621606,0.008854538682747673,0.0
random_bp,expectation_value,bcw_8q_random_bp,hea,RX_RY_RZ_CNOT,none,linear,cnot,hamiltonian_local,8,8,8,same_entangling_gate_count,3,5,RX,0,87,layer_003_wire_005_RX,3,0.0028587600004727973,0.00014161833907324367,0.009159605055897909,0.0
random_bp,expectation_value,bcw_8q_random_bp,hea,RX_RY_RZ_CNOT,none,linear,cnot,hamiltonian_local,8,8,8,same_entangling_gate_count,3,5,RY,1,88,layer_003_wire_005_RY,3,-0.004238897908577085,6.6452218237313964e-06,0.004238897908577085,0.0
random_bp,expectation_value,bcw_8q_random_bp,hea,RX_RY_RZ_CNOT,none,linear,cnot,hamiltonian_local,8,8,8,same_entangling_gate_count,3,5,RZ,2,89,layer_003_wire_005_RZ,3,-0.00176811183260123,0.00011818751500982438,0.007879459351063938,0.0
random_bp,expectation_value,bcw_8q_random_bp,hea,RX_RY_RZ_CNOT,none,linear,cnot,hamiltonian_local,8,8,8,same_entangling_gate_count,3,6,RX,0,90,layer_003_wire_006_RX,3,0.014941033640020623,0.00044001655078434386,0.018386230202341976,0.0
random_bp,expectation_value,bcw_8q_random_bp,hea,RX_RY_RZ_CNOT,none,linear,cnot,hamiltonian_local,8,8,8,same_entangling_gate_count,3,6,RY,1,91,layer_003_wire_006_RY,3,0.007749111737090163,0.0005346465449299313,0.020109981824430564,0.0
random_bp,expectation_value,bcw_8q_random_bp,hea,RX_RY_RZ_CNOT,none,linear,cnot,hamiltonian_local,8,8,8,same_entangling_gate_count,3,6,RZ,2,92,layer_003_wire_006_RZ,3,0.002789589604199596,0.00020210955642735424,0.011202419393166277,0.0
random_bp,expectation_value,bcw_8q_random_bp,hea,RX_RY_RZ_CNOT,none,linear,cnot,hamiltonian_local,8,8,8,same_entangling_gate_count,3,7,RX,0,93,layer_003_wire_007_RX,3,0.0035147715371469474,0.00014972482205475495,0.010473789751937884,0.0
random_bp,expectation_value,bcw_8q_random_bp,hea,RX_RY_RZ_CNOT,none,linear,cnot,hamiltonian_local,8,8,8,same_entangling_gate_count,3,7,RY,1,94,layer_003_wire_007_RY,3,0.004286289327863955,0.00014219882013961115,0.010606135260071856,0.0
random_bp,expectation_value,bcw_8q_random_bp,hea,RX_RY_RZ_CNOT,none,linear,cnot,hamiltonian_local,8,8,8,same_entangling_gate_count,3,7,RZ,2,95,layer_003_wire_007_RZ,3,-0.000999920529140291,0.000161216613798746,0.010076204653570111,0.0
random_bp,expectation_value,bcw_8q_random_bp,hea,RX_RY_RZ_CNOT,none,linear,cnot,hamiltonian_local,8,8,8,same_entangling_gate_count,4,0,RX,0,96,layer_004_wire_000_RX,3,0.0076826491362208225,0.0019953762302539904,0.036625131202125384,0.0
random_bp,expectation_value,bcw_8q_random_bp,hea,RX_RY_RZ_CNOT,none,linear,cnot,hamiltonian_local,8,8,8,same_entangling_gate_count,4,0,RY,1,97,layer_004_wire_000_RY,3,0.021302275587533073,0.00039459454414005713,0.021302275587533073,0.0
random_bp,expectation_value,bcw_8q_random_bp,hea,RX_RY_RZ_CNOT,none,linear,cnot,hamiltonian_local,8,8,8,same_entangling_gate_count,4,0,RZ,2,98,layer_004_wire_000_RZ,3,-0.009510258733449876,0.0008681351816700019,0.02246488524667696,0.0
random_bp,expectation_value,bcw_8q_random_bp,hea,RX_RY_RZ_CNOT,none,linear,cnot,hamiltonian_local,8,8,8,same_entangling_gate_count,4,1,RX,0,99,layer_004_wire_001_RX,3,-0.007838091881022718,0.00023772322246227634,0.014096942273756996,0.0
random_bp,expectation_value,bcw_8q_random_bp,hea,RX_RY_RZ_CNOT,none,linear,cnot,hamiltonian_local,8,8,8,same_entangling_gate_count,4,1,RY,1,100,layer_004_wire_001_RY,3,0.0074601228334036426,6.483408460875665e-06,0.007460122833403642,0.0
random_bp,expectation_value,bcw_8q_random_bp,hea,RX_RY_RZ_CNOT,none,linear,cnot,hamiltonian_local,8,8,8,same_entangling_gate_count,4,1,RZ,2,101,layer_004_wire_001_RZ,3,0.0019076389970006948,3.914915304337645e-05,0.005059242559667532,0.0
random_bp,expectation_value,bcw_8q_random_bp,hea,RX_RY_RZ_CNOT,none,linear,cnot,hamiltonian_local,8,8,8,same_entangling_gate_count,4,2,RX,0,102,layer_004_wire_002_RX,3,0.015355132466345775,0.0008061736606608199,0.016993749164212993,0.0
random_bp,expectation_value,bcw_8q_random_bp,hea,RX_RY_RZ_CNOT,none,linear,cnot,hamiltonian_local,8,8,8,same_entangling_gate_count,4,2,RY,1,103,layer_004_wire_002_RY,3,0.016252751716427684,0.0005299484592872839,0.02292874271044641,0.0
random_bp,expectation_value,bcw_8q_random_bp,hea,RX_RY_RZ_CNOT,none,linear,cnot,hamiltonian_local,8,8,8,same_entangling_gate_count,4,2,RZ,2,104,layer_004_wire_002_RZ,3,-0.011635182715614967,0.00016584416450034266,0.01377205277297837,0.0
random_bp,expectation_value,bcw_8q_random_bp,hea,RX_RY_RZ_CNOT,none,linear,cnot,hamiltonian_local,8,8,8,same_entangling_gate_count,4,3,RX,0,105,layer_004_wire_003_RX,3,0.0033062147178106187,5.226303560692898e-05,0.005701518564356481,0.0
random_bp,expectation_value,bcw_8q_random_bp,hea,RX_RY_RZ_CNOT,none,linear,cnot,hamiltonian_local,8,8,8,same_entangling_gate_count,4,3,RY,1,106,layer_004_wire_003_RY,3,0.012808841051688266,0.000257257863701416,0.01626186373516263,0.0
random_bp,expectation_value,bcw_8q_random_bp,hea,RX_RY_RZ_CNOT,none,linear,cnot,hamiltonian_local,8,8,8,same_entangling_gate_count,4,3,RZ,2,107,layer_004_wire_003_RZ,3,0.007265471949897696,2.847438523936585e-05,0.007265471949897695,0.0
random_bp,expectation_value,bcw_8q_random_bp,hea,RX_RY_RZ_CNOT,none,linear,cnot,hamiltonian_local,8,8,8,same_entangling_gate_count,4,4,RX,0,108,layer_004_wire_004_RX,3,-0.02463844883461129,0.0007574196427073727,0.026567491450464126,0.0
random_bp,expectation_value,bcw_8q_random_bp,hea,RX_RY_RZ_CNOT,none,linear,cnot,hamiltonian_local,8,8,8,same_entangling_gate_count,4,4,RY,1,109,layer_004_wire_004_RY,3,-0.028376728795507584,0.00037814971648497426,0.028376728795507584,0.0
random_bp,expectation_value,bcw_8q_random_bp,hea,RX_RY_RZ_CNOT,none,linear,cnot,hamiltonian_local,8,8,8,same_entangling_gate_count,4,4,RZ,2,110,layer_004_wire_004_RZ,3,0.008072651972283563,0.0016227429751454066,0.02729671602710823,0.0
random_bp,expectation_value,bcw_8q_random_bp,hea,RX_RY_RZ_CNOT,none,linear,cnot,hamiltonian_local,8,8,8,same_entangling_gate_count,4,5,RX,0,111,layer_004_wire_005_RX,3,0.008219691430748318,0.0003192407085886306,0.015844043684494026,0.0
random_bp,expectation_value,bcw_8q_random_bp,hea,RX_RY_RZ_CNOT,none,linear,cnot,hamiltonian_local,8,8,8,same_entangling_gate_count,4,5,RY,1,112,layer_004_wire_005_RY,3,-0.0011511470333027364,1.966697670209185e-05,0.0035583725012140557,0.0
random_bp,expectation_value,bcw_8q_random_bp,hea,RX_RY_RZ_CNOT,none,linear,cnot,hamiltonian_local,8,8,8,same_entangling_gate_count,4,5,RZ,2,113,layer_004_wire_005_RZ,3,-0.0011020827777323532,0.0006722990502960867,0.02009892196450547,0.0
random_bp,expectation_value,bcw_8q_random_bp,hea,RX_RY_RZ_CNOT,none,linear,cnot,hamiltonian_local,8,8,8,same_entangling_gate_count,4,6,RX,0,114,layer_004_wire_006_RX,3,0.0028594114765315365,0.00022004142765367314,0.011085309430852022,0.0
random_bp,expectation_value,bcw_8q_random_bp,hea,RX_RY_RZ_CNOT,none,linear,cnot,hamiltonian_local,8,8,8,same_entangling_gate_count,4,6,RY,1,115,layer_004_wire_006_RY,3,0.0012497329060120758,2.5924874769783856e-05,0.0034594333694963064,0.0
random_bp,expectation_value,bcw_8q_random_bp,hea,RX_RY_RZ_CNOT,none,linear,cnot,hamiltonian_local,8,8,8,same_entangling_gate_count,4,6,RZ,2,116,layer_004_wire_006_RZ,3,-0.006086382674858271,0.0003070761713297032,0.014613554520784985,0.0
random_bp,expectation_value,bcw_8q_random_bp,hea,RX_RY_RZ_CNOT,none,linear,cnot,hamiltonian_local,8,8,8,same_entangling_gate_count,4,7,RX,0,117,layer_004_wire_007_RX,3,0.002237197895968871,7.997768518222953e-05,0.007264824022563693,0.0
random_bp,expectation_value,bcw_8q_random_bp,hea,RX_RY_RZ_CNOT,none,linear,cnot,hamiltonian_local,8,8,8,same_entangling_gate_count,4,7,RY,1,118,layer_004_wire_007_RY,3,-0.00495237464147372,6.113487524354768e-05,0.006816231605542563,0.0
random_bp,expectation_value,bcw_8q_random_bp,hea,RX_RY_RZ_CNOT,none,linear,cnot,hamiltonian_local,8,8,8,same_entangling_gate_count,4,7,RZ,2,119,layer_004_wire_007_RZ,3,-0.0026943598134941474,0.00022554405264769127,0.011843109358069122,0.0
random_bp,expectation_value,bcw_8q_random_bp,hea,RX_RY_RZ_CNOT,none,linear,cnot,hamiltonian_local,8,8,8,same_entangling_gate_count,5,0,RX,0,120,layer_005_wire_000_RX,3,0.019689230631072505,0.0012700592808165914,0.03303039620208332,0.0
random_bp,expectation_value,bcw_8q_random_bp,hea,RX_RY_RZ_CNOT,none,linear,cnot,hamiltonian_local,8,8,8,same_entangling_gate_count,5,0,RY,1,121,layer_005_wire_000_RY,3,0.021389041156503925,0.0008384178791915517,0.027351019482052263,0.0
random_bp,expectation_value,bcw_8q_random_bp,hea,RX_RY_RZ_CNOT,none,linear,cnot,hamiltonian_local,8,8,8,same_entangling_gate_count,5,0,RZ,2,122,layer_005_wire_000_RZ,3,-0.013884783683855045,0.000503492326399884,0.021250771891862058,0.0
random_bp,expectation_value,bcw_8q_random_bp,hea,RX_RY_RZ_CNOT,none,linear,cnot,hamiltonian_local,8,8,8,same_entangling_gate_count,5,1,RX,0,123,layer_005_wire_001_RX,3,0.009008283547960853,0.0004489814974399632,0.013302269085479781,0.0
random_bp,expectation_value,bcw_8q_random_bp,hea,RX_RY_RZ_CNOT,none,linear,cnot,hamiltonian_local,8,8,8,same_entangling_gate_count,5,1,RY,1,124,layer_005_wire_001_RY,3,-0.0024172366499241593,0.00045631256602457753,0.016937782484277752,0.0
random_bp,expectation_value,bcw_8q_random_bp,hea,RX_RY_RZ_CNOT,none,linear,cnot,hamiltonian_local,8,8,8,same_entangling_gate_count,5,1,RZ,2,125,layer_005_wire_001_RZ,3,0.002896894392380366,2.6101786343958914e-05,0.0041779434176207565,0.0
random_bp,expectation_value,bcw_8q_random_bp,hea,RX_RY_RZ_CNOT,none,linear,cnot,hamiltonian_local,8,8,8,same_entangling_gate_count,5,2,RX,0,126,layer_005_wire_002_RX,3,-0.005708487762537988,0.00046454093972215143,0.014418615530986395,0.0
random_bp,expectation_value,bcw_8q_random_bp,hea,RX_RY_RZ_CNOT,none,linear,cnot,hamiltonian_local,8,8,8,same_entangling_gate_count,5,2,RY,1,127,layer_005_wire_002_RY,3,-0.004209014540305591,4.2093232802418075e-05,0.00635082158184911,0.0
random_bp,expectation_value,bcw_8q_random_bp,hea,RX_RY_RZ_CNOT,none,linear,cnot,hamiltonian_local,8,8,8,same_entangling_gate_count,5,2,RZ,2,128,layer_005_wire_002_RZ,3,-0.01808827691836582,0.0007307150242787835,0.02636731339195325,0.0
random_bp,expectation_value,bcw_8q_random_bp,hea,RX_RY_RZ_CNOT,none,linear,cnot,hamiltonian_local,8,8,8,same_entangling_gate_count,5,3,RX,0,129,layer_005_wire_003_RX,3,-0.010702160918445537,0.000178702995126676,0.01298512184028054,0.0
random_bp,expectation_value,bcw_8q_random_bp,hea,RX_RY_RZ_CNOT,none,linear,cnot,hamiltonian_local,8,8,8,same_entangling_gate_count,5,3,RY,1,130,layer_005_wire_003_RY,3,0.008775376145436227,0.0002417436896440122,0.013155047706981586,0.0
random_bp,expectation_value,bcw_8q_random_bp,hea,RX_RY_RZ_CNOT,none,linear,cnot,hamiltonian_local,8,8,8,same_entangling_gate_count,5,3,RZ,2,131,layer_005_wire_003_RZ,3,-0.01020211795746045,0.000304860368570976,0.016354924762351123,0.0
random_bp,expectation_value,bcw_8q_random_bp,hea,RX_RY_RZ_CNOT,none,linear,cnot,hamiltonian_local,8,8,8,same_entangling_gate_count,5,4,RX,0,132,layer_005_wire_004_RX,3,-0.007259967992281588,0.00014959880119098167,0.008824282154468658,0.0
random_bp,expectation_value,bcw_8q_random_bp,hea,RX_RY_RZ_CNOT,none,linear,cnot,hamiltonian_local,8,8,8,same_entangling_gate_count,5,4,RY,1,133,layer_005_wire_004_RY,3,-0.013734045511243685,0.00027758326320523856,0.015878979945006068,0.0
random_bp,expectation_value,bcw_8q_random_bp,hea,RX_RY_RZ_CNOT,none,linear,cnot,hamiltonian_local,8,8,8,same_entangling_gate_count,5,4,RZ,2,134,layer_005_wire_004_RZ,3,0.01490591976804732,0.00016541003376486778,0.014905919768047319,0.0
random_bp,expectation_value,bcw_8q_random_bp,hea,RX_RY_RZ_CNOT,none,linear,cnot,hamiltonian_local,8,8,8,same_entangling_gate_count,5,5,RX,0,135,layer_005_wire_005_RX,3,-0.007740215940530418,7.9572853600815e-05,0.008640444080950159,0.0
random_bp,expectation_value,bcw_8q_random_bp,hea,RX_RY_RZ_CNOT,none,linear,cnot,hamiltonian_local,8,8,8,same_entangling_gate_count,5,5,RY,1,136,layer_005_wire_005_RY,3,0.00588246353745385,0.0006694590932131796,0.01851166650927776,0.0
random_bp,expectation_value,bcw_8q_random_bp,hea,RX_RY_RZ_CNOT,none,linear,cnot,hamiltonian_local,8,8,8,same_entangling_gate_count,5,5,RZ,2,137,layer_005_wire_005_RZ,3,0.013203680330106696,0.00018298938578387584,0.014681140907615636,0.0
random_bp,expectation_value,bcw_8q_random_bp,hea,RX_RY_RZ_CNOT,none,linear,cnot,hamiltonian_local,8,8,8,same_entangling_gate_count,5,6,RX,0,138,layer_005_wire_006_RX,3,-0.010469085820535377,6.837230737861501e-05,0.010469085820535377,0.0
random_bp,expectation_value,bcw_8q_random_bp,hea,RX_RY_RZ_CNOT,none,linear,cnot,hamiltonian_local,8,8,8,same_entangling_gate_count,5,6,RY,1,139,layer_005_wire_006_RY,3,-0.0012738520271939982,7.123366148184113e-05,0.00683968396927869,0.0
random_bp,expectation_value,bcw_8q_random_bp,hea,RX_RY_RZ_CNOT,none,linear,cnot,hamiltonian_local,8,8,8,same_entangling_gate_count,5,6,RZ,2,140,layer_005_wire_006_RZ,3,0.00133433428404987,6.956719334497831e-05,0.005614856065992172,0.0
random_bp,expectation_value,bcw_8q_random_bp,hea,RX_RY_RZ_CNOT,none,linear,cnot,hamiltonian_local,8,8,8,same_entangling_gate_count,5,7,RX,0,141,layer_005_wire_007_RX,3,-0.002406131912705941,3.857566593461271e-05,0.005444171366313599,0.0
random_bp,expectation_value,bcw_8q_random_bp,hea,RX_RY_RZ_CNOT,none,linear,cnot,hamiltonian_local,8,8,8,same_entangling_gate_count,5,7,RY,1,142,layer_005_wire_007_RY,3,0.001959767048439613,0.0001039611280791464,0.008469392803165847,0.0
random_bp,expectation_value,bcw_8q_random_bp,hea,RX_RY_RZ_CNOT,none,linear,cnot,hamiltonian_local,8,8,8,same_entangling_gate_count,5,7,RZ,2,143,layer_005_wire_007_RZ,3,0.004511816768352122,5.822148355841956e-05,0.007224786585332603,0.0
random_bp,expectation_value,bcw_8q_random_bp,hea,RX_RY_RZ_CNOT,none,linear,cnot,hamiltonian_local,8,8,8,same_entangling_gate_count,6,0,RX,0,144,layer_006_wire_000_RX,3,0.0012256254174608436,3.0152254901291483e-05,0.0037294493257185417,0.0
random_bp,expectation_value,bcw_8q_random_bp,hea,RX_RY_RZ_CNOT,none,linear,cnot,hamiltonian_local,8,8,8,same_entangling_gate_count,6,0,RY,1,145,layer_006_wire_000_RY,3,-0.005895854194266151,0.00039637021380500154,0.01728000763920551,0.0
random_bp,expectation_value,bcw_8q_random_bp,hea,RX_RY_RZ_CNOT,none,linear,cnot,hamiltonian_local,8,8,8,same_entangling_gate_count,6,0,RZ,2,146,layer_006_wire_000_RZ,3,3.939727550097947e-18,1.1230962273395587e-34,8.123486129747453e-18,1.0
random_bp,expectation_value,bcw_8q_random_bp,hea,RX_RY_RZ_CNOT,none,linear,cnot,hamiltonian_local,8,8,8,same_entangling_gate_count,6,1,RX,0,147,layer_006_wire_001_RX,3,0.001956666946026569,0.0009114796156896341,0.02343804403720201,0.0
random_bp,expectation_value,bcw_8q_random_bp,hea,RX_RY_RZ_CNOT,none,linear,cnot,hamiltonian_local,8,8,8,same_entangling_gate_count,6,1,RY,1,148,layer_006_wire_001_RY,3,-0.006023841688699523,0.0009180220592934843,0.02075033009637132,0.0
random_bp,expectation_value,bcw_8q_random_bp,hea,RX_RY_RZ_CNOT,none,linear,cnot,hamiltonian_local,8,8,8,same_entangling_gate_count,6,1,RZ,2,149,layer_006_wire_001_RZ,3,0.006187529813650921,0.00018481325827994987,0.00854358521990183,0.0
random_bp,expectation_value,bcw_8q_random_bp,hea,RX_RY_RZ_CNOT,none,linear,cnot,hamiltonian_local,8,8,8,same_entangling_gate_count,6,2,RX,0,150,layer_006_wire_002_RX,3,0.0011525982176900022,2.8988568367562932e-05,0.0035677963005550928,0.0
random_bp,expectation_value,bcw_8q_random_bp,hea,RX_RY_RZ_CNOT,none,linear,cnot,hamiltonian_local,8,8,8,same_entangling_gate_count,6,2,RY,1,151,layer_006_wire_002_RY,3,-0.0026013744052372683,0.00013869706039306196,0.007983601604703816,0.0
random_bp,expectation_value,bcw_8q_random_bp,hea,RX_RY_RZ_CNOT,none,linear,cnot,hamiltonian_local,8,8,8,same_entangling_gate_count,6,2,RZ,2,152,layer_006_wire_002_RZ,3,0.004099923740104223,1.9774479411029698e-05,0.004099923740104224,0.0
random_bp,expectation_value,bcw_8q_random_bp,hea,RX_RY_RZ_CNOT,none,linear,cnot,hamiltonian_local,8,8,8,same_entangling_gate_count,6,3,RX,0,153,layer_006_wire_003_RX,3,-0.01174545018150165,0.00021218906842519086,0.014390955559474653,0.0
random_bp,expectation_value,bcw_8q_random_bp,hea,RX_RY_RZ_CNOT,none,linear,cnot,hamiltonian_local,8,8,8,same_entangling_gate_count,6,3,RY,1,154,layer_006_wire_003_RY,3,-0.0009168926414883285,0.0007813354435759594,0.021199188700107924,0.0
random_bp,expectation_value,bcw_8q_random_bp,hea,RX_RY_RZ_CNOT,none,linear,cnot,hamiltonian_local,8,8,8,same_entangling_gate_count,6,3,RZ,2,155,layer_006_wire_003_RZ,3,-0.002394134384281127,0.00029625325981155683,0.011536840529273512,0.0
random_bp,expectation_value,bcw_8q_random_bp,hea,RX_RY_RZ_CNOT,none,linear,cnot,hamiltonian_local,8,8,8,same_entangling_gate_count,6,4,RX,0,156,layer_006_wire_004_RX,3,0.004592310325612933,8.304288427588892e-05,0.007152886576709046,0.0
random_bp,expectation_value,bcw_8q_random_bp,hea,RX_RY_RZ_CNOT,none,linear,cnot,hamiltonian_local,8,8,8,same_entangling_gate_count,6,4,RY,1,157,layer_006_wire_004_RY,3,-0.010270344545602541,0.0004161243918845984,0.015821188295327693,0.0
random_bp,expectation_value,bcw_8q_random_bp,hea,RX_RY_RZ_CNOT,none,linear,cnot,hamiltonian_local,8,8,8,same_entangling_gate_count,6,4,RZ,2,158,layer_006_wire_004_RZ,3,-0.007920808247500575,5.814259073235484e-05,0.007920808247500575,0.0
random_bp,expectation_value,bcw_8q_random_bp,hea,RX_RY_RZ_CNOT,none,linear,cnot,hamiltonian_local,8,8,8,same_entangling_gate_count,6,5,RX,0,159,layer_006_wire_005_RX,3,0.0009258774229224825,6.414780434454628e-05,0.0064272698040401715,0.0
random_bp,expectation_value,bcw_8q_random_bp,hea,RX_RY_RZ_CNOT,none,linear,cnot,hamiltonian_local,8,8,8,same_entangling_gate_count,6,5,RY,1,160,layer_006_wire_005_RY,3,-0.005426545365234998,3.6136923550635146e-05,0.005782451121792899,0.0
random_bp,expectation_value,bcw_8q_random_bp,hea,RX_RY_RZ_CNOT,none,linear,cnot,hamiltonian_local,8,8,8,same_entangling_gate_count,6,5,RZ,2,161,layer_006_wire_005_RZ,3,-0.003394080464020977,9.02968228338666e-05,0.006690180448953365,0.0
random_bp,expectation_value,bcw_8q_random_bp,hea,RX_RY_RZ_CNOT,none,linear,cnot,hamiltonian_local,8,8,8,same_entangling_gate_count,6,6,RX,0,162,layer_006_wire_006_RX,3,0.009646413624390584,3.649850918392281e-05,0.009646413624390584,0.0
random_bp,expectation_value,bcw_8q_random_bp,hea,RX_RY_RZ_CNOT,none,linear,cnot,hamiltonian_local,8,8,8,same_entangling_gate_count,6,6,RY,1,163,layer_006_wire_006_RY,3,0.004491969545459724,0.00013489910281847594,0.010149142018332379,0.0
random_bp,expectation_value,bcw_8q_random_bp,hea,RX_RY_RZ_CNOT,none,linear,cnot,hamiltonian_local,8,8,8,same_entangling_gate_count,6,6,RZ,2,164,layer_006_wire_006_RZ,3,-0.0034402249598840893,0.00023095625164889027,0.012787831286095582,0.0
random_bp,expectation_value,bcw_8q_random_bp,hea,RX_RY_RZ_CNOT,none,linear,cnot,hamiltonian_local,8,8,8,same_entangling_gate_count,6,7,RX,0,165,layer_006_wire_007_RX,3,-0.009719682498499473,7.645715005722495e-05,0.009719682498499473,0.0
random_bp,expectation_value,bcw_8q_random_bp,hea,RX_RY_RZ_CNOT,none,linear,cnot,hamiltonian_local,8,8,8,same_entangling_gate_count,6,7,RY,1,166,layer_006_wire_007_RY,3,0.006045840255492018,5.7281606661900195e-05,0.007189633803254768,0.0
random_bp,expectation_value,bcw_8q_random_bp,hea,RX_RY_RZ_CNOT,none,linear,cnot,hamiltonian_local,8,8,8,same_entangling_gate_count,6,7,RZ,2,167,layer_006_wire_007_RZ,3,-0.006698564726248498,0.00020068124317153277,0.012642040491268816,0.0
random_bp,expectation_value,bcw_8q_random_bp,hea,RX_RY_RZ_CNOT,none,linear,cnot,hamiltonian_local,8,8,8,same_entangling_gate_count,7,0,RX,0,168,layer_007_wire_000_RX,3,-8.239936510889834e-18,4.0079655385636715e-34,1.7202674470103336e-17,1.0
random_bp,expectation_value,bcw_8q_random_bp,hea,RX_RY_RZ_CNOT,none,linear,cnot,hamiltonian_local,8,8,8,same_entangling_gate_count,7,0,RY,1,169,layer_007_wire_000_RY,3,-1.1546753136970622e-17,6.399097372288828e-35,1.1546753136970622e-17,1.0
random_bp,expectation_value,bcw_8q_random_bp,hea,RX_RY_RZ_CNOT,none,linear,cnot,hamiltonian_local,8,8,8,same_entangling_gate_count,7,0,RZ,2,170,layer_007_wire_000_RZ,3,-1.939798736054844e-18,7.2124035072517e-35,6.7507058572585065e-18,1.0
random_bp,expectation_value,bcw_8q_random_bp,hea,RX_RY_RZ_CNOT,none,linear,cnot,hamiltonian_local,8,8,8,same_entangling_gate_count,7,1,RX,0,171,layer_007_wire_001_RX,3,-0.0024264885298823586,1.697043184378711e-05,0.0039712503153025965,0.0
random_bp,expectation_value,bcw_8q_random_bp,hea,RX_RY_RZ_CNOT,none,linear,cnot,hamiltonian_local,8,8,8,same_entangling_gate_count,7,1,RY,1,172,layer_007_wire_001_RY,3,-0.004277229572204887,0.0002951063591415603,0.011723813996620418,0.0
random_bp,expectation_value,bcw_8q_random_bp,hea,RX_RY_RZ_CNOT,none,linear,cnot,hamiltonian_local,8,8,8,same_entangling_gate_count,7,1,RZ,2,173,layer_007_wire_001_RZ,3,4.4167607067291934e-18,4.0048198068752684e-35,5.9369622270949495e-18,1.0
random_bp,expectation_value,bcw_8q_random_bp,hea,RX_RY_RZ_CNOT,none,linear,cnot,hamiltonian_local,8,8,8,same_entangling_gate_count,7,2,RX,0,174,layer_007_wire_002_RX,3,6.535555913954631e-05,2.5584745488408443e-05,0.003721271832557394,0.0
random_bp,expectation_value,bcw_8q_random_bp,hea,RX_RY_RZ_CNOT,none,linear,cnot,hamiltonian_local,8,8,8,same_entangling_gate_count,7,2,RY,1,175,layer_007_wire_002_RY,3,0.0033789467123285085,6.633271436309347e-05,0.006447654504642783,0.0
random_bp,expectation_value,bcw_8q_random_bp,hea,RX_RY_RZ_CNOT,none,linear,cnot,hamiltonian_local,8,8,8,same_entangling_gate_count,7,2,RZ,2,176,layer_007_wire_002_RZ,3,-3.763618257551932e-18,3.252763350333087e-35,4.970117560601575e-18,1.0
random_bp,expectation_value,bcw_8q_random_bp,hea,RX_RY_RZ_CNOT,none,linear,cnot,hamiltonian_local,8,8,8,same_entangling_gate_count,7,3,RX,0,177,layer_007_wire_003_RX,3,-0.004956365206328793,1.5862568086586322e-05,0.004956365206328794,0.0
random_bp,expectation_value,bcw_8q_random_bp,hea,RX_RY_RZ_CNOT,none,linear,cnot,hamiltonian_local,8,8,8,same_entangling_gate_count,7,3,RY,1,178,layer_007_wire_003_RY,3,0.004381634800276741,0.0005835377749138197,0.016654700004258085,0.0
random_bp,expectation_value,bcw_8q_random_bp,hea,RX_RY_RZ_CNOT,none,linear,cnot,hamiltonian_local,8,8,8,same_entangling_gate_count,7,3,RZ,2,179,layer_007_wire_003_RZ,3,4.1723996784135476e-18,4.3014612097870103e-35,6.439570486512944e-18,1.0
random_bp,expectation_value,bcw_8q_random_bp,hea,RX_RY_RZ_CNOT,none,linear,cnot,hamiltonian_local,8,8,8,same_entangling_gate_count,7,4,RX,0,180,layer_007_wire_004_RX,3,-0.001918685363103303,3.2191784410356436e-06,0.001953815014540583,0.0
random_bp,expectation_value,bcw_8q_random_bp,hea,RX_RY_RZ_CNOT,none,linear,cnot,hamiltonian_local,8,8,8,same_entangling_gate_count,7,4,RY,1,181,layer_007_wire_004_RY,3,0.00181688049363343,0.00011637476657695074,0.007480079781986673,0.0
random_bp,expectation_value,bcw_8q_random_bp,hea,RX_RY_RZ_CNOT,none,linear,cnot,hamiltonian_local,8,8,8,same_entangling_gate_count,7,4,RZ,2,182,layer_007_wire_004_RZ,3,-6.504859690883373e-18,4.45859618766214e-35,6.504859690883373e-18,1.0
random_bp,expectation_value,bcw_8q_random_bp,hea,RX_RY_RZ_CNOT,none,linear,cnot,hamiltonian_local,8,8,8,same_entangling_gate_count,7,5,RX,0,183,layer_007_wire_005_RX,3,-0.0003707115133956629,2.1975286513621197e-05,0.003435640977775692,0.0
random_bp,expectation_value,bcw_8q_random_bp,hea,RX_RY_RZ_CNOT,none,linear,cnot,hamiltonian_local,8,8,8,same_entangling_gate_count,7,5,RY,1,184,layer_007_wire_005_RY,3,0.004339055528746697,5.0600625041202156e-05,0.006462235265270699,0.0
random_bp,expectation_value,bcw_8q_random_bp,hea,RX_RY_RZ_CNOT,none,linear,cnot,hamiltonian_local,8,8,8,same_entangling_gate_count,7,5,RZ,2,185,layer_007_wire_005_RZ,3,1.7939775498598295e-18,3.1725914872969607e-34,1.3738642011985117e-17,1.0
random_bp,expectation_value,bcw_8q_random_bp,hea,RX_RY_RZ_CNOT,none,linear,cnot,hamiltonian_local,8,8,8,same_entangling_gate_count,7,6,RX,0,186,layer_007_wire_006_RX,3,0.0024295534685200653,4.75921377544955e-05,0.0049466021835383725,0.0
random_bp,expectation_value,bcw_8q_random_bp,hea,RX_RY_RZ_CNOT,none,linear,cnot,hamiltonian_local,8,8,8,same_entangling_gate_count,7,6,RY,1,187,layer_007_wire_006_RY,3,0.011354313117978476,0.00032794855410187864,0.013193588855158743,0.0
random_bp,expectation_value,bcw_8q_random_bp,hea,RX_RY_RZ_CNOT,none,linear,cnot,hamiltonian_local,8,8,8,same_entangling_gate_count,7,6,RZ,2,188,layer_007_wire_006_RZ,3,-2.301761449243023e-19,1.3349440312704222e-34,8.729025164230151e-18,1.0
random_bp,expectation_value,bcw_8q_random_bp,hea,RX_RY_RZ_CNOT,none,linear,cnot,hamiltonian_local,8,8,8,same_entangling_gate_count,7,7,RX,0,189,layer_007_wire_007_RX,3,-0.006938508859904282,3.17968388417603e-05,0.006938508859904282,0.0
random_bp,expectation_value,bcw_8q_random_bp,hea,RX_RY_RZ_CNOT,none,linear,cnot,hamiltonian_local,8,8,8,same_entangling_gate_count,7,7,RY,1,190,layer_007_wire_007_RY,3,0.0036129220930487174,1.88431874443143e-05,0.0036129220930487174,0.0
random_bp,expectation_value,bcw_8q_random_bp,hea,RX_RY_RZ_CNOT,none,linear,cnot,hamiltonian_local,8,8,8,same_entangling_gate_count,7,7,RZ,2,191,layer_007_wire_007_RZ,3,2.341169076689622e-18,9.399027224199217e-35,7.82735381899815e-18,1.0
random_bp,expectation_value,bcw_8q_random_bp,hea,RX_RY_RZ_CNOT,none,circular,cnot,hamiltonian_local,8,8,7,same_entangling_gate_count,0,0,RX,0,0,layer_000_wire_000_RX,3,-0.0024494143639093497,0.00010062708860579185,0.008533289649017747,0.0
random_bp,expectation_value,bcw_8q_random_bp,hea,RX_RY_RZ_CNOT,none,circular,cnot,hamiltonian_local,8,8,7,same_entangling_gate_count,0,0,RY,1,1,layer_000_wire_000_RY,3,0.006955851984935955,6.04097533682557e-05,0.007110464856561454,0.0
random_bp,expectation_value,bcw_8q_random_bp,hea,RX_RY_RZ_CNOT,none,circular,cnot,hamiltonian_local,8,8,7,same_entangling_gate_count,0,0,RZ,2,2,layer_000_wire_000_RZ,3,0.001637604615012867,6.77156642028026e-05,0.0060054965218403695,0.0
random_bp,expectation_value,bcw_8q_random_bp,hea,RX_RY_RZ_CNOT,none,circular,cnot,hamiltonian_local,8,8,7,same_entangling_gate_count,0,1,RX,0,3,layer_000_wire_001_RX,3,-0.015318829792199815,8.864730750098924e-05,0.015318829792199817,0.0
random_bp,expectation_value,bcw_8q_random_bp,hea,RX_RY_RZ_CNOT,none,circular,cnot,hamiltonian_local,8,8,7,same_entangling_gate_count,0,1,RY,1,4,layer_000_wire_001_RY,3,-0.009269228941607375,0.00017658926974329568,0.013194143451328624,0.0
random_bp,expectation_value,bcw_8q_random_bp,hea,RX_RY_RZ_CNOT,none,circular,cnot,hamiltonian_local,8,8,7,same_entangling_gate_count,0,1,RZ,2,5,layer_000_wire_001_RZ,3,-0.0033072713949649137,0.0001548847345185659,0.008477905945623792,0.0
random_bp,expectation_value,bcw_8q_random_bp,hea,RX_RY_RZ_CNOT,none,circular,cnot,hamiltonian_local,8,8,7,same_entangling_gate_count,0,2,RX,0,6,layer_000_wire_002_RX,3,0.0027781285050905388,0.00017517826381244572,0.011093482795498044,0.0
random_bp,expectation_value,bcw_8q_random_bp,hea,RX_RY_RZ_CNOT,none,circular,cnot,hamiltonian_local,8,8,7,same_entangling_gate_count,0,2,RY,1,7,layer_000_wire_002_RY,3,0.0054581432236492115,1.1444368311730284e-06,0.0054581432236492115,0.0
random_bp,expectation_value,bcw_8q_random_bp,hea,RX_RY_RZ_CNOT,none,circular,cnot,hamiltonian_local,8,8,7,same_entangling_gate_count,0,2,RZ,2,8,layer_000_wire_002_RZ,3,6.380853168476332e-05,0.0001259027758276511,0.008502290373721492,0.0
random_bp,expectation_value,bcw_8q_random_bp,hea,RX_RY_RZ_CNOT,none,circular,cnot,hamiltonian_local,8,8,7,same_entangling_gate_count,0,3,RX,0,9,layer_000_wire_003_RX,3,0.007607261472576245,0.0005129242020785294,0.0167890515550205,0.0
random_bp,expectation_value,bcw_8q_random_bp,hea,RX_RY_RZ_CNOT,none,circular,cnot,hamiltonian_local,8,8,7,same_entangling_gate_count,0,3,RY,1,10,layer_000_wire_003_RY,3,0.007402250200926416,0.0001435711113035842,0.011657583724171932,0.0
random_bp,expectation_value,bcw_8q_random_bp,hea,RX_RY_RZ_CNOT,none,circular,cnot,hamiltonian_local,8,8,7,same_entangling_gate_count,0,3,RZ,2,11,layer_000_wire_003_RZ,3,-0.0090297989017407,0.0005470254230289415,0.019211276706127614,0.0
random_bp,expectation_value,bcw_8q_random_bp,hea,RX_RY_RZ_CNOT,none,circular,cnot,hamiltonian_local,8,8,7,same_entangling_gate_count,0,4,RX,0,12,layer_000_wire_004_RX,3,0.004428252410308881,0.000635088263853663,0.018071808600336005,0.0
random_bp,expectation_value,bcw_8q_random_bp,hea,RX_RY_RZ_CNOT,none,circular,cnot,hamiltonian_local,8,8,7,same_entangling_gate_count,0,4,RY,1,13,layer_000_wire_004_RY,3,0.002844877133850802,1.6072224374051827e-05,0.0032670945248497955,0.0
random_bp,expectation_value,bcw_8q_random_bp,hea,RX_RY_RZ_CNOT,none,circular,cnot,hamiltonian_local,8,8,7,same_entangling_gate_count,0,4,RZ,2,14,layer_000_wire_004_RZ,3,-0.011889823192082578,0.0001896696015552423,0.011889823192082578,0.0
random_bp,expectation_value,bcw_8q_random_bp,hea,RX_RY_RZ_CNOT,none,circular,cnot,hamiltonian_local,8,8,7,same_entangling_gate_count,0,5,RX,0,15,layer_000_wire_005_RX,3,0.00406395473524423,0.0011851611476513526,0.02389056211089689,0.0
random_bp,expectation_value,bcw_8q_random_bp,hea,RX_RY_RZ_CNOT,none,circular,cnot,hamiltonian_local,8,8,7,same_entangling_gate_count,0,5,RY,1,16,layer_000_wire_005_RY,3,0.006196248744805221,0.00015049857542756608,0.010520726837438042,0.0
random_bp,expectation_value,bcw_8q_random_bp,hea,RX_RY_RZ_CNOT,none,circular,cnot,hamiltonian_local,8,8,7,same_entangling_gate_count,0,5,RZ,2,17,layer_000_wire_005_RZ,3,-0.008526075706105373,0.0001673836117842898,0.008742432437765516,0.0
random_bp,expectation_value,bcw_8q_random_bp,hea,RX_RY_RZ_CNOT,none,circular,cnot,hamiltonian_local,8,8,7,same_entangling_gate_count,0,6,RX,0,18,layer_000_wire_006_RX,3,-0.007792258101787861,0.00044496581230666786,0.01669751343462278,0.0
random_bp,expectation_value,bcw_8q_random_bp,hea,RX_RY_RZ_CNOT,none,circular,cnot,hamiltonian_local,8,8,7,same_entangling_gate_count,0,6,RY,1,19,layer_000_wire_006_RY,3,0.010415143599111325,0.00010219272251811789,0.010504081695164778,0.0
random_bp,expectation_value,bcw_8q_random_bp,hea,RX_RY_RZ_CNOT,none,circular,cnot,hamiltonian_local,8,8,7,same_entangling_gate_count,0,6,RZ,2,20,layer_000_wire_006_RZ,3,-0.011307805482456565,0.001005129201284562,0.02368327873526667,0.0
random_bp,expectation_value,bcw_8q_random_bp,hea,RX_RY_RZ_CNOT,none,circular,cnot,hamiltonian_local,8,8,7,same_entangling_gate_count,0,7,RX,0,21,layer_000_wire_007_RX,3,0.003652820869661522,1.9911312606519066e-05,0.004649823447253147,0.0
random_bp,expectation_value,bcw_8q_random_bp,hea,RX_RY_RZ_CNOT,none,circular,cnot,hamiltonian_local,8,8,7,same_entangling_gate_count,0,7,RY,1,22,layer_000_wire_007_RY,3,0.0062295913504610365,0.00031157908348086294,0.012186355315458532,0.0
random_bp,expectation_value,bcw_8q_random_bp,hea,RX_RY_RZ_CNOT,none,circular,cnot,hamiltonian_local,8,8,7,same_entangling_gate_count,0,7,RZ,2,23,layer_000_wire_007_RZ,3,0.000107678009079272,0.0001439548486796817,0.008859809794464431,0.0
random_bp,expectation_value,bcw_8q_random_bp,hea,RX_RY_RZ_CNOT,none,circular,cnot,hamiltonian_local,8,8,7,same_entangling_gate_count,1,0,RX,0,24,layer_001_wire_000_RX,3,-0.0025929249740698794,0.00028560197081625835,0.013781458779903654,0.0
random_bp,expectation_value,bcw_8q_random_bp,hea,RX_RY_RZ_CNOT,none,circular,cnot,hamiltonian_local,8,8,7,same_entangling_gate_count,1,0,RY,1,25,layer_001_wire_000_RY,3,-0.01833920122221336,0.0003603632453594085,0.01833920122221336,0.0
random_bp,expectation_value,bcw_8q_random_bp,hea,RX_RY_RZ_CNOT,none,circular,cnot,hamiltonian_local,8,8,7,same_entangling_gate_count,1,0,RZ,2,26,layer_001_wire_000_RZ,3,0.01594821789613773,0.00028511174851323387,0.01594821789613773,0.0
random_bp,expectation_value,bcw_8q_random_bp,hea,RX_RY_RZ_CNOT,none,circular,cnot,hamiltonian_local,8,8,7,same_entangling_gate_count,1,1,RX,0,27,layer_001_wire_001_RX,3,0.004486820001474507,1.1999374967600545e-06,0.004486820001474507,0.0
random_bp,expectation_value,bcw_8q_random_bp,hea,RX_RY_RZ_CNOT,none,circular,cnot,hamiltonian_local,8,8,7,same_entangling_gate_count,1,1,RY,1,28,layer_001_wire_001_RY,3,-0.0034818050901762065,0.0007908885508235797,0.021127920995592814,0.0
random_bp,expectation_value,bcw_8q_random_bp,hea,RX_RY_RZ_CNOT,none,circular,cnot,hamiltonian_local,8,8,7,same_entangling_gate_count,1,1,RZ,2,29,layer_001_wire_001_RZ,3,-6.12436798266701e-05,5.695926055942098e-05,0.005618718054436323,0.0
random_bp,expectation_value,bcw_8q_random_bp,hea,RX_RY_RZ_CNOT,none,circular,cnot,hamiltonian_local,8,8,7,same_entangling_gate_count,1,2,RX,0,30,layer_001_wire_002_RX,3,-0.010644407606032892,0.0001477210859479562,0.012476321015089872,0.0
random_bp,expectation_value,bcw_8q_random_bp,hea,RX_RY_RZ_CNOT,none,circular,cnot,hamiltonian_local,8,8,7,same_entangling_gate_count,1,2,RY,1,31,layer_001_wire_002_RY,3,0.023013600548404026,7.365466878585787e-05,0.023013600548404026,0.0
random_bp,expectation_value,bcw_8q_random_bp,hea,RX_RY_RZ_CNOT,none,circular,cnot,hamiltonian_local,8,8,7,same_entangling_gate_count,1,2,RZ,2,32,layer_001_wire_002_RZ,3,0.006817599868505695,0.000495158984886993,0.01670458811653185,0.0
random_bp,expectation_value,bcw_8q_random_bp,hea,RX_RY_RZ_CNOT,none,circular,cnot,hamiltonian_local,8,8,7,same_entangling_gate_count,1,3,RX,0,33,layer_001_wire_003_RX,3,-0.0025258439893258242,0.0002512425350487253,0.0110698795961722,0.0
random_bp,expectation_value,bcw_8q_random_bp,hea,RX_RY_RZ_CNOT,none,circular,cnot,hamiltonian_local,8,8,7,same_entangling_gate_count,1,3,RY,1,34,layer_001_wire_003_RY,3,-0.001713901917301326,7.159237445407764e-05,0.007083132555705558,0.0
random_bp,expectation_value,bcw_8q_random_bp,hea,RX_RY_RZ_CNOT,none,circular,cnot,hamiltonian_local,8,8,7,same_entangling_gate_count,1,3,RZ,2,35,layer_001_wire_003_RZ,3,-0.009003636356364345,6.07837864480999e-05,0.009003636356364345,0.0
random_bp,expectation_value,bcw_8q_random_bp,hea,RX_RY_RZ_CNOT,none,circular,cnot,hamiltonian_local,8,8,7,same_entangling_gate_count,1,4,RX,0,36,layer_001_wire_004_RX,3,-0.0026678647734539093,0.0013738230903940871,0.027629520960431045,0.0
random_bp,expectation_value,bcw_8q_random_bp,hea,RX_RY_RZ_CNOT,none,circular,cnot,hamiltonian_local,8,8,7,same_entangling_gate_count,1,4,RY,1,37,layer_001_wire_004_RY,3,-0.006402338416654739,0.0005995141381051345,0.016548668145920088,0.0
random_bp,expectation_value,bcw_8q_random_bp,hea,RX_RY_RZ_CNOT,none,circular,cnot,hamiltonian_local,8,8,7,same_entangling_gate_count,1,4,RZ,2,38,layer_001_wire_004_RZ,3,0.011790356001072836,0.001053315434634525,0.021421696109941116,0.0
random_bp,expectation_value,bcw_8q_random_bp,hea,RX_RY_RZ_CNOT,none,circular,cnot,hamiltonian_local,8,8,7,same_entangling_gate_count,1,5,RX,0,39,layer_001_wire_005_RX,3,-0.0071023663994955345,0.0006074204325166334,0.02091756799742815,0.0
random_bp,expectation_value,bcw_8q_random_bp,hea,RX_RY_RZ_CNOT,none,circular,cnot,hamiltonian_local,8,8,7,same_entangling_gate_count,1,5,RY,1,40,layer_001_wire_005_RY,3,0.008364547546711724,0.0002974767158944933,0.015354802793163069,0.0
random_bp,expectation_value,bcw_8q_random_bp,hea,RX_RY_RZ_CNOT,none,circular,cnot,hamiltonian_local,8,8,7,same_entangling_gate_count,1,5,RZ,2,41,layer_001_wire_005_RZ,3,0.008124361361632406,0.0004941282478762834,0.014117753937224087,0.0
random_bp,expectation_value,bcw_8q_random_bp,hea,RX_RY_RZ_CNOT,none,circular,cnot,hamiltonian_local,8,8,7,same_entangling_gate_count,1,6,RX,0,42,layer_001_wire_006_RX,3,-0.007365910934746811,0.00014273320813549991,0.011318791901677665,0.0
random_bp,expectation_value,bcw_8q_random_bp,hea,RX_RY_RZ_CNOT,none,circular,cnot,hamiltonian_local,8,8,7,same_entangling_gate_count,1,6,RY,1,43,layer_001_wire_006_RY,3,-0.0022370358305558234,8.02785604911021e-05,0.006101568016955018,0.0
random_bp,expectation_value,bcw_8q_random_bp,hea,RX_RY_RZ_CNOT,none,circular,cnot,hamiltonian_local,8,8,7,same_entangling_gate_count,1,6,RZ,2,44,layer_001_wire_006_RZ,3,-0.0018950640079225924,4.205207993798179e-05,0.0053766220382452,0.0
random_bp,expectation_value,bcw_8q_random_bp,hea,RX_RY_RZ_CNOT,none,circular,cnot,hamiltonian_local,8,8,7,same_entangling_gate_count,1,7,RX,0,45,layer_001_wire_007_RX,3,-0.008412914480710128,0.001801722666444639,0.03421172505311954,0.0
random_bp,expectation_value,bcw_8q_random_bp,hea,RX_RY_RZ_CNOT,none,circular,cnot,hamiltonian_local,8,8,7,same_entangling_gate_count,1,7,RY,1,46,layer_001_wire_007_RY,3,0.013982852420050948,0.00016632231284412848,0.013982852420050948,0.0
random_bp,expectation_value,bcw_8q_random_bp,hea,RX_RY_RZ_CNOT,none,circular,cnot,hamiltonian_local,8,8,7,same_entangling_gate_count,1,7,RZ,2,47,layer_001_wire_007_RZ,3,-0.0049120926394657545,9.998415991566812e-05,0.006725470460784912,0.0
random_bp,expectation_value,bcw_8q_random_bp,hea,RX_RY_RZ_CNOT,none,circular,cnot,hamiltonian_local,8,8,7,same_entangling_gate_count,2,0,RX,0,48,layer_002_wire_000_RX,3,0.015270135636738739,0.00019801139736972024,0.01527013563673874,0.0
random_bp,expectation_value,bcw_8q_random_bp,hea,RX_RY_RZ_CNOT,none,circular,cnot,hamiltonian_local,8,8,7,same_entangling_gate_count,2,0,RY,1,49,layer_002_wire_000_RY,3,-0.00820478813526588,0.000533375231442535,0.015182907823414823,0.0
random_bp,expectation_value,bcw_8q_random_bp,hea,RX_RY_RZ_CNOT,none,circular,cnot,hamiltonian_local,8,8,7,same_entangling_gate_count,2,0,RZ,2,50,layer_002_wire_000_RZ,3,-0.022764932263470365,2.1312294804994868e-05,0.02276493226347036,0.0
random_bp,expectation_value,bcw_8q_random_bp,hea,RX_RY_RZ_CNOT,none,circular,cnot,hamiltonian_local,8,8,7,same_entangling_gate_count,2,1,RX,0,51,layer_002_wire_001_RX,3,-0.0015296208945583152,0.00024269947351689773,0.011344585975067238,0.0
random_bp,expectation_value,bcw_8q_random_bp,hea,RX_RY_RZ_CNOT,none,circular,cnot,hamiltonian_local,8,8,7,same_entangling_gate_count,2,1,RY,1,52,layer_002_wire_001_RY,3,-0.004412345568434189,0.0003821865961888133,0.014078200275742393,0.0
random_bp,expectation_value,bcw_8q_random_bp,hea,RX_RY_RZ_CNOT,none,circular,cnot,hamiltonian_local,8,8,7,same_entangling_gate_count,2,1,RZ,2,53,layer_002_wire_001_RZ,3,-0.005965139545968589,1.4519856502770989e-06,0.005965139545968588,0.0
random_bp,expectation_value,bcw_8q_random_bp,hea,RX_RY_RZ_CNOT,none,circular,cnot,hamiltonian_local,8,8,7,same_entangling_gate_count,2,2,RX,0,54,layer_002_wire_002_RX,3,0.008171794025419362,6.711068775209525e-05,0.008171794025419362,0.0
random_bp,expectation_value,bcw_8q_random_bp,hea,RX_RY_RZ_CNOT,none,circular,cnot,hamiltonian_local,8,8,7,same_entangling_gate_count,2,2,RY,1,55,layer_002_wire_002_RY,3,-2.9565529161500702e-08,1.5695430433707982e-05,0.0030131012491802062,0.0
random_bp,expectation_value,bcw_8q_random_bp,hea,RX_RY_RZ_CNOT,none,circular,cnot,hamiltonian_local,8,8,7,same_entangling_gate_count,2,2,RZ,2,56,layer_002_wire_002_RZ,3,0.0007107319706138185,0.0005517421913815155,0.017831400895191127,0.0
random_bp,expectation_value,bcw_8q_random_bp,hea,RX_RY_RZ_CNOT,none,circular,cnot,hamiltonian_local,8,8,7,same_entangling_gate_count,2,3,RX,0,57,layer_002_wire_003_RX,3,0.01192050840145861,0.00016918493818636132,0.012420235215750355,0.0
random_bp,expectation_value,bcw_8q_random_bp,hea,RX_RY_RZ_CNOT,none,circular,cnot,hamiltonian_local,8,8,7,same_entangling_gate_count,2,3,RY,1,58,layer_002_wire_003_RY,3,-0.0028498792573754157,8.146429684676294e-05,0.005953770078357062,0.0
random_bp,expectation_value,bcw_8q_random_bp,hea,RX_RY_RZ_CNOT,none,circular,cnot,hamiltonian_local,8,8,7,same_entangling_gate_count,2,3,RZ,2,59,layer_002_wire_003_RZ,3,-0.0017912905585351353,2.8622482255893234e-05,0.003599201573487327,0.0
random_bp,expectation_value,bcw_8q_random_bp,hea,RX_RY_RZ_CNOT,none,circular,cnot,hamiltonian_local,8,8,7,same_entangling_gate_count,2,4,RX,0,60,layer_002_wire_004_RX,3,0.017532385720527656,4.563445096406913e-05,0.017532385720527652,0.0
random_bp,expectation_value,bcw_8q_random_bp,hea,RX_RY_RZ_CNOT,none,circular,cnot,hamiltonian_local,8,8,7,same_entangling_gate_count,2,4,RY,1,61,layer_002_wire_004_RY,3,0.016831985569819383,0.00010905294510802907,0.016831985569819383,0.0
random_bp,expectation_value,bcw_8q_random_bp,hea,RX_RY_RZ_CNOT,none,circular,cnot,hamiltonian_local,8,8,7,same_entangling_gate_count,2,4,RZ,2,62,layer_002_wire_004_RZ,3,0.010497831047007414,0.00014013969187078192,0.012433263864164558,0.0
random_bp,expectation_value,bcw_8q_random_bp,hea,RX_RY_RZ_CNOT,none,circular,cnot,hamiltonian_local,8,8,7,same_entangling_gate_count,2,5,RX,0,63,layer_002_wire_005_RX,3,0.016141666628631375,0.0005029988976031355,0.01614166662863138,0.0
random_bp,expectation_value,bcw_8q_random_bp,hea,RX_RY_RZ_CNOT,none,circular,cnot,hamiltonian_local,8,8,7,same_entangling_gate_count,2,5,RY,1,64,layer_002_wire_005_RY,3,0.01171221755505648,0.00028734768151368774,0.01591613533318038,0.0
random_bp,expectation_value,bcw_8q_random_bp,hea,RX_RY_RZ_CNOT,none,circular,cnot,hamiltonian_local,8,8,7,same_entangling_gate_count,2,5,RZ,2,65,layer_002_wire_005_RZ,3,0.008108786874611345,0.0007838231597949654,0.01884170140006225,0.0
random_bp,expectation_value,bcw_8q_random_bp,hea,RX_RY_RZ_CNOT,none,circular,cnot,hamiltonian_local,8,8,7,same_entangling_gate_count,2,6,RX,0,66,layer_002_wire_006_RX,3,-0.010091264328264857,2.2470815834997273e-05,0.010091264328264857,0.0
random_bp,expectation_value,bcw_8q_random_bp,hea,RX_RY_RZ_CNOT,none,circular,cnot,hamiltonian_local,8,8,7,same_entangling_gate_count,2,6,RY,1,67,layer_002_wire_006_RY,3,0.001334899159990491,0.000801793627265829,0.022054956107253932,0.0
random_bp,expectation_value,bcw_8q_random_bp,hea,RX_RY_RZ_CNOT,none,circular,cnot,hamiltonian_local,8,8,7,same_entangling_gate_count,2,6,RZ,2,68,layer_002_wire_006_RZ,3,0.004768782128094852,8.501031646190246e-05,0.007582563636671607,0.0
random_bp,expectation_value,bcw_8q_random_bp,hea,RX_RY_RZ_CNOT,none,circular,cnot,hamiltonian_local,8,8,7,same_entangling_gate_count,2,7,RX,0,69,layer_002_wire_007_RX,3,0.005086448708652496,0.00033964575386102625,0.015711865302341695,0.0
random_bp,expectation_value,bcw_8q_random_bp,hea,RX_RY_RZ_CNOT,none,circular,cnot,hamiltonian_local,8,8,7,same_entangling_gate_count,2,7,RY,1,70,layer_002_wire_007_RY,3,0.0004973260143102676,0.0009942130315989083,0.021875544407684955,0.0
random_bp,expectation_value,bcw_8q_random_bp,hea,RX_RY_RZ_CNOT,none,circular,cnot,hamiltonian_local,8,8,7,same_entangling_gate_count,2,7,RZ,2,71,layer_002_wire_007_RZ,3,-0.0031394696383116923,0.00024660751043835275,0.011962603633372168,0.0
random_bp,expectation_value,bcw_8q_random_bp,hea,RX_RY_RZ_CNOT,none,circular,cnot,hamiltonian_local,8,8,7,same_entangling_gate_count,3,0,RX,0,72,layer_003_wire_000_RX,3,0.0023713380733863783,0.0003822621800752622,0.015621564894769143,0.0
random_bp,expectation_value,bcw_8q_random_bp,hea,RX_RY_RZ_CNOT,none,circular,cnot,hamiltonian_local,8,8,7,same_entangling_gate_count,3,0,RY,1,73,layer_003_wire_000_RY,3,0.007779940301737552,0.00017919638568478571,0.01246247741942745,0.0
random_bp,expectation_value,bcw_8q_random_bp,hea,RX_RY_RZ_CNOT,none,circular,cnot,hamiltonian_local,8,8,7,same_entangling_gate_count,3,0,RZ,2,74,layer_003_wire_000_RZ,3,0.0001255044855865417,0.00046492597263349066,0.01582963430318478,0.0
random_bp,expectation_value,bcw_8q_random_bp,hea,RX_RY_RZ_CNOT,none,circular,cnot,hamiltonian_local,8,8,7,same_entangling_gate_count,3,1,RX,0,75,layer_003_wire_001_RX,3,-0.009473859143604872,5.6897328548935224e-05,0.009473859143604872,0.0
random_bp,expectation_value,bcw_8q_random_bp,hea,RX_RY_RZ_CNOT,none,circular,cnot,hamiltonian_local,8,8,7,same_entangling_gate_count,3,1,RY,1,76,layer_003_wire_001_RY,3,-0.0006301769221492108,0.0010772527426976943,0.02237434293925296,0.0
random_bp,expectation_value,bcw_8q_random_bp,hea,RX_RY_RZ_CNOT,none,circular,cnot,hamiltonian_local,8,8,7,same_entangling_gate_count,3,1,RZ,2,77,layer_003_wire_001_RZ,3,0.0053418594630978596,4.0445031104744394e-05,0.006355288182766091,0.0
random_bp,expectation_value,bcw_8q_random_bp,hea,RX_RY_RZ_CNOT,none,circular,cnot,hamiltonian_local,8,8,7,same_entangling_gate_count,3,2,RX,0,78,layer_003_wire_002_RX,3,0.004934093882200199,4.814977754108588e-05,0.006251514418026894,0.0
random_bp,expectation_value,bcw_8q_random_bp,hea,RX_RY_RZ_CNOT,none,circular,cnot,hamiltonian_local,8,8,7,same_entangling_gate_count,3,2,RY,1,79,layer_003_wire_002_RY,3,-0.010900661885193976,0.00016150971755295407,0.010900661885193978,0.0
random_bp,expectation_value,bcw_8q_random_bp,hea,RX_RY_RZ_CNOT,none,circular,cnot,hamiltonian_local,8,8,7,same_entangling_gate_count,3,2,RZ,2,80,layer_003_wire_002_RZ,3,-0.009262599804647808,8.729207130214393e-05,0.009262599804647807,0.0
random_bp,expectation_value,bcw_8q_random_bp,hea,RX_RY_RZ_CNOT,none,circular,cnot,hamiltonian_local,8,8,7,same_entangling_gate_count,3,3,RX,0,81,layer_003_wire_003_RX,3,-0.01611473838206469,0.0009610761530229365,0.018882203236943017,0.0
random_bp,expectation_value,bcw_8q_random_bp,hea,RX_RY_RZ_CNOT,none,circular,cnot,hamiltonian_local,8,8,7,same_entangling_gate_count,3,3,RY,1,82,layer_003_wire_003_RY,3,-0.004750804023430221,0.0006860330411504912,0.01815581824050673,0.0
random_bp,expectation_value,bcw_8q_random_bp,hea,RX_RY_RZ_CNOT,none,circular,cnot,hamiltonian_local,8,8,7,same_entangling_gate_count,3,3,RZ,2,83,layer_003_wire_003_RZ,3,0.003900581265097486,0.00012090032302688375,0.007879299408676758,0.0
random_bp,expectation_value,bcw_8q_random_bp,hea,RX_RY_RZ_CNOT,none,circular,cnot,hamiltonian_local,8,8,7,same_entangling_gate_count,3,4,RX,0,84,layer_003_wire_004_RX,3,0.014767886032002525,0.0005001657917598372,0.020575402966750745,0.0
random_bp,expectation_value,bcw_8q_random_bp,hea,RX_RY_RZ_CNOT,none,circular,cnot,hamiltonian_local,8,8,7,same_entangling_gate_count,3,4,RY,1,85,layer_003_wire_004_RY,3,0.015171714379139962,0.00039211076525499765,0.019173660574920592,0.0
random_bp,expectation_value,bcw_8q_random_bp,hea,RX_RY_RZ_CNOT,none,circular,cnot,hamiltonian_local,8,8,7,same_entangling_gate_count,3,4,RZ,2,86,layer_003_wire_004_RZ,3,-0.013593807127848632,0.0006176405102921903,0.022670514795966146,0.0
random_bp,expectation_value,bcw_8q_random_bp,hea,RX_RY_RZ_CNOT,none,circular,cnot,hamiltonian_local,8,8,7,same_entangling_gate_count,3,5,RX,0,87,layer_003_wire_005_RX,3,0.0003440983394390404,0.0008208117081115131,0.021583881260982183,0.0
random_bp,expectation_value,bcw_8q_random_bp,hea,RX_RY_RZ_CNOT,none,circular,cnot,hamiltonian_local,8,8,7,same_entangling_gate_count,3,5,RY,1,88,layer_003_wire_005_RY,3,0.004561818198176884,0.0003747587018993421,0.01623104322076394,0.0
random_bp,expectation_value,bcw_8q_random_bp,hea,RX_RY_RZ_CNOT,none,circular,cnot,hamiltonian_local,8,8,7,same_entangling_gate_count,3,5,RZ,2,89,layer_003_wire_005_RZ,3,-0.004925358800825664,0.0003051355294437682,0.01170452912973783,0.0
random_bp,expectation_value,bcw_8q_random_bp,hea,RX_RY_RZ_CNOT,none,circular,cnot,hamiltonian_local,8,8,7,same_entangling_gate_count,3,6,RX,0,90,layer_003_wire_006_RX,3,0.004731297380637359,0.000276741969983507,0.013694640002582309,0.0
random_bp,expectation_value,bcw_8q_random_bp,hea,RX_RY_RZ_CNOT,none,circular,cnot,hamiltonian_local,8,8,7,same_entangling_gate_count,3,6,RY,1,91,layer_003_wire_006_RY,3,0.01159176412852305,6.955185875838485e-05,0.011591764128523049,0.0
random_bp,expectation_value,bcw_8q_random_bp,hea,RX_RY_RZ_CNOT,none,circular,cnot,hamiltonian_local,8,8,7,same_entangling_gate_count,3,6,RZ,2,92,layer_003_wire_006_RZ,3,0.004428726544399909,0.0001434404937775152,0.010039147287472827,0.0
random_bp,expectation_value,bcw_8q_random_bp,hea,RX_RY_RZ_CNOT,none,circular,cnot,hamiltonian_local,8,8,7,same_entangling_gate_count,3,7,RX,0,93,layer_003_wire_007_RX,3,0.017409743019582567,6.625730375533523e-05,0.017409743019582567,0.0
random_bp,expectation_value,bcw_8q_random_bp,hea,RX_RY_RZ_CNOT,none,circular,cnot,hamiltonian_local,8,8,7,same_entangling_gate_count,3,7,RY,1,94,layer_003_wire_007_RY,3,-0.010922743750337202,0.00018260658691438808,0.011677438821695758,0.0
random_bp,expectation_value,bcw_8q_random_bp,hea,RX_RY_RZ_CNOT,none,circular,cnot,hamiltonian_local,8,8,7,same_entangling_gate_count,3,7,RZ,2,95,layer_003_wire_007_RZ,3,-0.000378614986334905,0.00010569179155780703,0.008026586121834057,0.0
random_bp,expectation_value,bcw_8q_random_bp,hea,RX_RY_RZ_CNOT,none,circular,cnot,hamiltonian_local,8,8,7,same_entangling_gate_count,4,0,RX,0,96,layer_004_wire_000_RX,3,0.012069256879835696,0.0003146598624052296,0.012934372026927668,0.0
random_bp,expectation_value,bcw_8q_random_bp,hea,RX_RY_RZ_CNOT,none,circular,cnot,hamiltonian_local,8,8,7,same_entangling_gate_count,4,0,RY,1,97,layer_004_wire_000_RY,3,-0.009700818635288624,0.00046336815209731307,0.017414262615253487,0.0
random_bp,expectation_value,bcw_8q_random_bp,hea,RX_RY_RZ_CNOT,none,circular,cnot,hamiltonian_local,8,8,7,same_entangling_gate_count,4,0,RZ,2,98,layer_004_wire_000_RZ,3,-0.022874355258108815,0.0004245987709409301,0.022874355258108815,0.0
random_bp,expectation_value,bcw_8q_random_bp,hea,RX_RY_RZ_CNOT,none,circular,cnot,hamiltonian_local,8,8,7,same_entangling_gate_count,4,1,RX,0,99,layer_004_wire_001_RX,3,0.00044407926834432593,0.00011301925860043323,0.008120809664465342,0.0
random_bp,expectation_value,bcw_8q_random_bp,hea,RX_RY_RZ_CNOT,none,circular,cnot,hamiltonian_local,8,8,7,same_entangling_gate_count,4,1,RY,1,100,layer_004_wire_001_RY,3,0.017426997422696818,0.00010725136348587701,0.017426997422696818,0.0
random_bp,expectation_value,bcw_8q_random_bp,hea,RX_RY_RZ_CNOT,none,circular,cnot,hamiltonian_local,8,8,7,same_entangling_gate_count,4,1,RZ,2,101,layer_004_wire_001_RZ,3,0.010189706382676595,9.839945574577726e-05,0.010991055058733976,0.0
random_bp,expectation_value,bcw_8q_random_bp,hea,RX_RY_RZ_CNOT,none,circular,cnot,hamiltonian_local,8,8,7,same_entangling_gate_count,4,2,RX,0,102,layer_004_wire_002_RX,3,0.001485502195779315,1.481446786708462e-05,0.003216219185987869,0.0
random_bp,expectation_value,bcw_8q_random_bp,hea,RX_RY_RZ_CNOT,none,circular,cnot,hamiltonian_local,8,8,7,same_entangling_gate_count,4,2,RY,1,103,layer_004_wire_002_RY,3,-0.001772997027379996,0.0008338442801130482,0.02281077409070223,0.0
random_bp,expectation_value,bcw_8q_random_bp,hea,RX_RY_RZ_CNOT,none,circular,cnot,hamiltonian_local,8,8,7,same_entangling_gate_count,4,2,RZ,2,104,layer_004_wire_002_RZ,3,-0.00034668281589142675,9.39669688927365e-05,0.006995270677798646,0.0
random_bp,expectation_value,bcw_8q_random_bp,hea,RX_RY_RZ_CNOT,none,circular,cnot,hamiltonian_local,8,8,7,same_entangling_gate_count,4,3,RX,0,105,layer_004_wire_003_RX,3,0.009011542985805004,7.084799411957607e-05,0.009011542985805004,0.0
random_bp,expectation_value,bcw_8q_random_bp,hea,RX_RY_RZ_CNOT,none,circular,cnot,hamiltonian_local,8,8,7,same_entangling_gate_count,4,3,RY,1,106,layer_004_wire_003_RY,3,0.015108945267653207,0.0002892830015556576,0.015108945267653206,0.0
random_bp,expectation_value,bcw_8q_random_bp,hea,RX_RY_RZ_CNOT,none,circular,cnot,hamiltonian_local,8,8,7,same_entangling_gate_count,4,3,RZ,2,107,layer_004_wire_003_RZ,3,-0.0007914114667297778,0.00026192798432055195,0.012071087105900671,0.0
random_bp,expectation_value,bcw_8q_random_bp,hea,RX_RY_RZ_CNOT,none,circular,cnot,hamiltonian_local,8,8,7,same_entangling_gate_count,4,4,RX,0,108,layer_004_wire_004_RX,3,-0.007146266793847483,0.00021176229316810394,0.010409918075016988,0.0
random_bp,expectation_value,bcw_8q_random_bp,hea,RX_RY_RZ_CNOT,none,circular,cnot,hamiltonian_local,8,8,7,same_entangling_gate_count,4,4,RY,1,109,layer_004_wire_004_RY,3,-0.002512694019450307,0.0002033388453675513,0.009473119028351705,0.0
random_bp,expectation_value,bcw_8q_random_bp,hea,RX_RY_RZ_CNOT,none,circular,cnot,hamiltonian_local,8,8,7,same_entangling_gate_count,4,4,RZ,2,110,layer_004_wire_004_RZ,3,0.003666820578521213,0.00028707406960190785,0.011683680249697292,0.0
random_bp,expectation_value,bcw_8q_random_bp,hea,RX_RY_RZ_CNOT,none,circular,cnot,hamiltonian_local,8,8,7,same_entangling_gate_count,4,5,RX,0,111,layer_004_wire_005_RX,3,0.011840119286604086,0.00019520054886043814,0.013870450651450936,0.0
random_bp,expectation_value,bcw_8q_random_bp,hea,RX_RY_RZ_CNOT,none,circular,cnot,hamiltonian_local,8,8,7,same_entangling_gate_count,4,5,RY,1,112,layer_004_wire_005_RY,3,0.0050287387146999195,9.238580060525477e-05,0.007780036569543199,0.0
random_bp,expectation_value,bcw_8q_random_bp,hea,RX_RY_RZ_CNOT,none,circular,cnot,hamiltonian_local,8,8,7,same_entangling_gate_count,4,5,RZ,2,113,layer_004_wire_005_RZ,3,0.0005499643272615269,0.0005914959815022239,0.016972132753196437,0.0
random_bp,expectation_value,bcw_8q_random_bp,hea,RX_RY_RZ_CNOT,none,circular,cnot,hamiltonian_local,8,8,7,same_entangling_gate_count,4,6,RX,0,114,layer_004_wire_006_RX,3,-0.0011743850129704893,0.00043123353977809857,0.014874074227008089,0.0
random_bp,expectation_value,bcw_8q_random_bp,hea,RX_RY_RZ_CNOT,none,circular,cnot,hamiltonian_local,8,8,7,same_entangling_gate_count,4,6,RY,1,115,layer_004_wire_006_RY,3,-0.0028088400995756628,3.283935379423695e-05,0.0048293203375874985,0.0
random_bp,expectation_value,bcw_8q_random_bp,hea,RX_RY_RZ_CNOT,none,circular,cnot,hamiltonian_local,8,8,7,same_entangling_gate_count,4,6,RZ,2,116,layer_004_wire_006_RZ,3,0.015072410648478451,8.410884968887357e-05,0.015072410648478451,0.0
random_bp,expectation_value,bcw_8q_random_bp,hea,RX_RY_RZ_CNOT,none,circular,cnot,hamiltonian_local,8,8,7,same_entangling_gate_count,4,7,RX,0,117,layer_004_wire_007_RX,3,-0.0003515392050703475,0.0006701376862101342,0.018650765111619932,0.0
random_bp,expectation_value,bcw_8q_random_bp,hea,RX_RY_RZ_CNOT,none,circular,cnot,hamiltonian_local,8,8,7,same_entangling_gate_count,4,7,RY,1,118,layer_004_wire_007_RY,3,0.011254920521630038,5.4008648373827015e-05,0.011254920521630038,0.0
random_bp,expectation_value,bcw_8q_random_bp,hea,RX_RY_RZ_CNOT,none,circular,cnot,hamiltonian_local,8,8,7,same_entangling_gate_count,4,7,RZ,2,119,layer_004_wire_007_RZ,3,-0.009513055300026727,2.6074979260880706e-05,0.009513055300026727,0.0
random_bp,expectation_value,bcw_8q_random_bp,hea,RX_RY_RZ_CNOT,none,circular,cnot,hamiltonian_local,8,8,7,same_entangling_gate_count,5,0,RX,0,120,layer_005_wire_000_RX,3,0.003082028611349201,0.0002417013055757329,0.010562154138958899,0.0
random_bp,expectation_value,bcw_8q_random_bp,hea,RX_RY_RZ_CNOT,none,circular,cnot,hamiltonian_local,8,8,7,same_entangling_gate_count,5,0,RY,1,121,layer_005_wire_000_RY,3,-0.007316595390485024,0.0002562559018338572,0.014453852399561465,0.0
random_bp,expectation_value,bcw_8q_random_bp,hea,RX_RY_RZ_CNOT,none,circular,cnot,hamiltonian_local,8,8,7,same_entangling_gate_count,5,0,RZ,2,122,layer_005_wire_000_RZ,3,-0.00240144419909292,5.741605184194258e-05,0.005740716776299158,0.0
random_bp,expectation_value,bcw_8q_random_bp,hea,RX_RY_RZ_CNOT,none,circular,cnot,hamiltonian_local,8,8,7,same_entangling_gate_count,5,1,RX,0,123,layer_005_wire_001_RX,3,0.0011048912967048699,5.834297727634975e-05,0.005494469729217835,0.0
random_bp,expectation_value,bcw_8q_random_bp,hea,RX_RY_RZ_CNOT,none,circular,cnot,hamiltonian_local,8,8,7,same_entangling_gate_count,5,1,RY,1,124,layer_005_wire_001_RY,3,0.015216626367258203,0.000700112269746695,0.025018078448040104,0.0
random_bp,expectation_value,bcw_8q_random_bp,hea,RX_RY_RZ_CNOT,none,circular,cnot,hamiltonian_local,8,8,7,same_entangling_gate_count,5,1,RZ,2,125,layer_005_wire_001_RZ,3,-0.004375972194257898,2.2320871556697028e-05,0.004375972194257898,0.0
random_bp,expectation_value,bcw_8q_random_bp,hea,RX_RY_RZ_CNOT,none,circular,cnot,hamiltonian_local,8,8,7,same_entangling_gate_count,5,2,RX,0,126,layer_005_wire_002_RX,3,0.0039794529020359985,5.4316549211363135e-05,0.005465708756328601,0.0
random_bp,expectation_value,bcw_8q_random_bp,hea,RX_RY_RZ_CNOT,none,circular,cnot,hamiltonian_local,8,8,7,same_entangling_gate_count,5,2,RY,1,127,layer_005_wire_002_RY,3,0.0058262168108113455,0.0002542562461591294,0.012852492439941597,0.0
random_bp,expectation_value,bcw_8q_random_bp,hea,RX_RY_RZ_CNOT,none,circular,cnot,hamiltonian_local,8,8,7,same_entangling_gate_count,5,2,RZ,2,128,layer_005_wire_002_RZ,3,0.010303890275991759,0.00015400247570391705,0.01056583497941181,0.0
random_bp,expectation_value,bcw_8q_random_bp,hea,RX_RY_RZ_CNOT,none,circular,cnot,hamiltonian_local,8,8,7,same_entangling_gate_count,5,3,RX,0,129,layer_005_wire_003_RX,3,0.004918379164643955,9.671859659492664e-06,0.004918379164643955,0.0
random_bp,expectation_value,bcw_8q_random_bp,hea,RX_RY_RZ_CNOT,none,circular,cnot,hamiltonian_local,8,8,7,same_entangling_gate_count,5,3,RY,1,130,layer_005_wire_003_RY,3,0.008671452443293558,0.001160720413299538,0.02268804706185872,0.0
random_bp,expectation_value,bcw_8q_random_bp,hea,RX_RY_RZ_CNOT,none,circular,cnot,hamiltonian_local,8,8,7,same_entangling_gate_count,5,3,RZ,2,131,layer_005_wire_003_RZ,3,-0.0023172337444700986,1.2739940823174305e-05,0.0033716887767535897,0.0
random_bp,expectation_value,bcw_8q_random_bp,hea,RX_RY_RZ_CNOT,none,circular,cnot,hamiltonian_local,8,8,7,same_entangling_gate_count,5,4,RX,0,132,layer_005_wire_004_RX,3,0.016746076725623137,8.516879034491928e-05,0.016746076725623137,0.0
random_bp,expectation_value,bcw_8q_random_bp,hea,RX_RY_RZ_CNOT,none,circular,cnot,hamiltonian_local,8,8,7,same_entangling_gate_count,5,4,RY,1,133,layer_005_wire_004_RY,3,0.002683134980246916,0.0003201463474537541,0.014542596909001315,0.0
random_bp,expectation_value,bcw_8q_random_bp,hea,RX_RY_RZ_CNOT,none,circular,cnot,hamiltonian_local,8,8,7,same_entangling_gate_count,5,4,RZ,2,134,layer_005_wire_004_RZ,3,-0.0052253827987393826,0.0002637257464382335,0.013923022558097789,0.0
random_bp,expectation_value,bcw_8q_random_bp,hea,RX_RY_RZ_CNOT,none,circular,cnot,hamiltonian_local,8,8,7,same_entangling_gate_count,5,5,RX,0,135,layer_005_wire_005_RX,3,0.0015604723784654324,5.663679310333952e-05,0.005548892098930937,0.0
random_bp,expectation_value,bcw_8q_random_bp,hea,RX_RY_RZ_CNOT,none,circular,cnot,hamiltonian_local,8,8,7,same_entangling_gate_count,5,5,RY,1,136,layer_005_wire_005_RY,3,-0.006199788902182328,3.1456906619371094e-05,0.0061997889021823275,0.0
random_bp,expectation_value,bcw_8q_random_bp,hea,RX_RY_RZ_CNOT,none,circular,cnot,hamiltonian_local,8,8,7,same_entangling_gate_count,5,5,RZ,2,137,layer_005_wire_005_RZ,3,0.0008476758290326008,0.0001585071894654455,0.009940473266149427,0.0
random_bp,expectation_value,bcw_8q_random_bp,hea,RX_RY_RZ_CNOT,none,circular,cnot,hamiltonian_local,8,8,7,same_entangling_gate_count,5,6,RX,0,138,layer_005_wire_006_RX,3,-0.0031927322317384463,9.05297497088917e-06,0.0031927322317384463,0.0
random_bp,expectation_value,bcw_8q_random_bp,hea,RX_RY_RZ_CNOT,none,circular,cnot,hamiltonian_local,8,8,7,same_entangling_gate_count,5,6,RY,1,139,layer_005_wire_006_RY,3,-0.010454585332597811,0.00016269780966854676,0.011834793201178792,0.0
random_bp,expectation_value,bcw_8q_random_bp,hea,RX_RY_RZ_CNOT,none,circular,cnot,hamiltonian_local,8,8,7,same_entangling_gate_count,5,6,RZ,2,140,layer_005_wire_006_RZ,3,0.002253267339599155,2.97103736409291e-05,0.0034321705609539808,0.0
random_bp,expectation_value,bcw_8q_random_bp,hea,RX_RY_RZ_CNOT,none,circular,cnot,hamiltonian_local,8,8,7,same_entangling_gate_count,5,7,RX,0,141,layer_005_wire_007_RX,3,-0.0005294357042906219,0.0002778452617552206,0.012501142442266154,0.0
random_bp,expectation_value,bcw_8q_random_bp,hea,RX_RY_RZ_CNOT,none,circular,cnot,hamiltonian_local,8,8,7,same_entangling_gate_count,5,7,RY,1,142,layer_005_wire_007_RY,3,-0.005284945365867647,5.061775911550028e-05,0.007232462854408667,0.0
random_bp,expectation_value,bcw_8q_random_bp,hea,RX_RY_RZ_CNOT,none,circular,cnot,hamiltonian_local,8,8,7,same_entangling_gate_count,5,7,RZ,2,143,layer_005_wire_007_RZ,3,-0.00462901527344892,0.00037753797273431736,0.014794746801683184,0.0
random_bp,expectation_value,bcw_8q_random_bp,hea,RX_RY_RZ_CNOT,none,circular,cnot,hamiltonian_local,8,8,7,same_entangling_gate_count,6,0,RX,0,144,layer_006_wire_000_RX,3,0.000679624919914848,3.188450257204304e-06,0.0012260529454985005,0.0
random_bp,expectation_value,bcw_8q_random_bp,hea,RX_RY_RZ_CNOT,none,circular,cnot,hamiltonian_local,8,8,7,same_entangling_gate_count,6,0,RY,1,145,layer_006_wire_000_RY,3,-0.00916116244579008,1.9890147369596728e-05,0.00916116244579008,0.0
random_bp,expectation_value,bcw_8q_random_bp,hea,RX_RY_RZ_CNOT,none,circular,cnot,hamiltonian_local,8,8,7,same_entangling_gate_count,6,0,RZ,2,146,layer_006_wire_000_RZ,3,-3.2467021383849205e-18,5.262738860523525e-35,5.730645855693073e-18,1.0
random_bp,expectation_value,bcw_8q_random_bp,hea,RX_RY_RZ_CNOT,none,circular,cnot,hamiltonian_local,8,8,7,same_entangling_gate_count,6,1,RX,0,147,layer_006_wire_001_RX,3,2.6020852139652106e-18,2.3321807920314184e-35,4.336808689942018e-18,1.0
random_bp,expectation_value,bcw_8q_random_bp,hea,RX_RY_RZ_CNOT,none,circular,cnot,hamiltonian_local,8,8,7,same_entangling_gate_count,6,1,RY,1,148,layer_006_wire_001_RY,3,7.553275134982348e-18,3.6491262964026547e-35,7.553275134982348e-18,1.0
random_bp,expectation_value,bcw_8q_random_bp,hea,RX_RY_RZ_CNOT,none,circular,cnot,hamiltonian_local,8,8,7,same_entangling_gate_count,6,1,RZ,2,149,layer_006_wire_001_RZ,3,-3.45689080679357e-18,1.267652358526511e-34,9.331642474699016e-18,1.0
random_bp,expectation_value,bcw_8q_random_bp,hea,RX_RY_RZ_CNOT,none,circular,cnot,hamiltonian_local,8,8,7,same_entangling_gate_count,6,2,RX,0,150,layer_006_wire_002_RX,3,0.00157928133733409,0.0001383043470636413,0.007903028887737444,0.0
random_bp,expectation_value,bcw_8q_random_bp,hea,RX_RY_RZ_CNOT,none,circular,cnot,hamiltonian_local,8,8,7,same_entangling_gate_count,6,2,RY,1,151,layer_006_wire_002_RY,3,-0.020428855231663524,0.0002772934718173504,0.020428855231663524,0.0
random_bp,expectation_value,bcw_8q_random_bp,hea,RX_RY_RZ_CNOT,none,circular,cnot,hamiltonian_local,8,8,7,same_entangling_gate_count,6,2,RZ,2,152,layer_006_wire_002_RZ,3,3.0916641256054587e-18,6.143066993205821e-35,5.782656164115718e-18,1.0
random_bp,expectation_value,bcw_8q_random_bp,hea,RX_RY_RZ_CNOT,none,circular,cnot,hamiltonian_local,8,8,7,same_entangling_gate_count,6,3,RX,0,153,layer_006_wire_003_RX,3,0.0018697041670178512,3.3422421929079157e-06,0.0020305267771357103,0.0
random_bp,expectation_value,bcw_8q_random_bp,hea,RX_RY_RZ_CNOT,none,circular,cnot,hamiltonian_local,8,8,7,same_entangling_gate_count,6,3,RY,1,154,layer_006_wire_003_RY,3,-0.0034999132938139128,0.00014978915648484746,0.00808223289696225,0.0
random_bp,expectation_value,bcw_8q_random_bp,hea,RX_RY_RZ_CNOT,none,circular,cnot,hamiltonian_local,8,8,7,same_entangling_gate_count,6,3,RZ,2,155,layer_006_wire_003_RZ,3,6.329330101914795e-18,1.7929919081688642e-34,1.2320364718214373e-17,1.0
random_bp,expectation_value,bcw_8q_random_bp,hea,RX_RY_RZ_CNOT,none,circular,cnot,hamiltonian_local,8,8,7,same_entangling_gate_count,6,4,RX,0,156,layer_006_wire_004_RX,3,-0.00015728099645057753,9.437552558277529e-05,0.006962470136108435,0.0
random_bp,expectation_value,bcw_8q_random_bp,hea,RX_RY_RZ_CNOT,none,circular,cnot,hamiltonian_local,8,8,7,same_entangling_gate_count,6,4,RY,1,157,layer_006_wire_004_RY,3,0.004453723655252269,0.00015271252601392848,0.010759109076427126,0.0
random_bp,expectation_value,bcw_8q_random_bp,hea,RX_RY_RZ_CNOT,none,circular,cnot,hamiltonian_local,8,8,7,same_entangling_gate_count,6,4,RZ,2,158,layer_006_wire_004_RZ,3,4.164812171566468e-18,1.5856818403963615e-34,1.1053460043444394e-17,1.0
random_bp,expectation_value,bcw_8q_random_bp,hea,RX_RY_RZ_CNOT,none,circular,cnot,hamiltonian_local,8,8,7,same_entangling_gate_count,6,5,RX,0,159,layer_006_wire_005_RX,3,0.0030943657627886304,2.121182170384996e-05,0.003983920595988029,0.0
random_bp,expectation_value,bcw_8q_random_bp,hea,RX_RY_RZ_CNOT,none,circular,cnot,hamiltonian_local,8,8,7,same_entangling_gate_count,6,5,RY,1,160,layer_006_wire_005_RY,3,0.008579864701773406,0.0002724040617004404,0.013977130071212271,0.0
random_bp,expectation_value,bcw_8q_random_bp,hea,RX_RY_RZ_CNOT,none,circular,cnot,hamiltonian_local,8,8,7,same_entangling_gate_count,6,5,RZ,2,161,layer_006_wire_005_RZ,3,6.633564778118414e-19,7.260420026661641e-35,6.7176953449572915e-18,1.0
random_bp,expectation_value,bcw_8q_random_bp,hea,RX_RY_RZ_CNOT,none,circular,cnot,hamiltonian_local,8,8,7,same_entangling_gate_count,6,6,RX,0,162,layer_006_wire_006_RX,3,0.0012522863745722556,4.466801054800958e-05,0.005548140060372487,0.0
random_bp,expectation_value,bcw_8q_random_bp,hea,RX_RY_RZ_CNOT,none,circular,cnot,hamiltonian_local,8,8,7,same_entangling_gate_count,6,6,RY,1,163,layer_006_wire_006_RY,3,-0.008324538827716381,0.00025876190441884574,0.012832437653373989,0.0
random_bp,expectation_value,bcw_8q_random_bp,hea,RX_RY_RZ_CNOT,none,circular,cnot,hamiltonian_local,8,8,7,same_entangling_gate_count,6,6,RZ,2,164,layer_006_wire_006_RZ,3,8.645584069599914e-18,7.055329673588263e-35,8.645584069599916e-18,1.0
random_bp,expectation_value,bcw_8q_random_bp,hea,RX_RY_RZ_CNOT,none,circular,cnot,hamiltonian_local,8,8,7,same_entangling_gate_count,6,7,RX,0,165,layer_006_wire_007_RX,3,-0.003321038771156584,3.9311153210140616e-05,0.003873053324168414,0.0
random_bp,expectation_value,bcw_8q_random_bp,hea,RX_RY_RZ_CNOT,none,circular,cnot,hamiltonian_local,8,8,7,same_entangling_gate_count,6,7,RY,1,166,layer_006_wire_007_RY,3,-0.007326359873477032,7.923146036154054e-05,0.009103273995815604,0.0
random_bp,expectation_value,bcw_8q_random_bp,hea,RX_RY_RZ_CNOT,none,circular,cnot,hamiltonian_local,8,8,7,same_entangling_gate_count,6,7,RZ,2,167,layer_006_wire_007_RZ,3,-1.140203484815571e-17,5.446134059782639e-35,1.1402034848155708e-17,1.0
