benchmark_mode,objective_type,experiment_group,ansatz_type,gate_set,encoding_type,entanglement_topology,entangler_type,cost_type,n_qubits,reference_depth,depth,budget_normalization,layer_id,qubit_id,gate_type,axis_id,param_index,param_id,n_seeds,param_grad_mean,param_grad_variance_across_seeds,param_mean_abs_grad,param_near_zero_ratio
random_bp,expectation_value,bcw_6q_random_bp,hea,RX_RY_RZ_CNOT,none,linear,cnot,local,6,1,1,same_entangling_gate_count,0,0,RX,0,0,layer_000_wire_000_RX,3,-0.005514011127707316,0.00025984113389148196,0.011679809952707336,0.0
random_bp,expectation_value,bcw_6q_random_bp,hea,RX_RY_RZ_CNOT,none,linear,cnot,local,6,1,1,same_entangling_gate_count,0,0,RY,1,1,layer_000_wire_000_RY,3,0.0385326496498402,0.010786722308438548,0.06566497203230391,0.0
random_bp,expectation_value,bcw_6q_random_bp,hea,RX_RY_RZ_CNOT,none,linear,cnot,local,6,1,1,same_entangling_gate_count,0,0,RZ,2,2,layer_000_wire_000_RZ,3,1.3258507920170085e-17,6.06984290641489e-34,1.668791038620933e-17,1.0
random_bp,expectation_value,bcw_6q_random_bp,hea,RX_RY_RZ_CNOT,none,linear,cnot,local,6,1,1,same_entangling_gate_count,0,1,RX,0,3,layer_000_wire_001_RX,3,0.004411900912409832,3.85396626332225e-05,0.004832723367296641,0.0
random_bp,expectation_value,bcw_6q_random_bp,hea,RX_RY_RZ_CNOT,none,linear,cnot,local,6,1,1,same_entangling_gate_count,0,1,RY,1,4,layer_000_wire_001_RY,3,0.033382930158177004,0.0018733422087101753,0.03338293015817701,0.0
random_bp,expectation_value,bcw_6q_random_bp,hea,RX_RY_RZ_CNOT,none,linear,cnot,local,6,1,1,same_entangling_gate_count,0,1,RZ,2,5,layer_000_wire_001_RZ,3,1.0453205689407425e-17,1.991229643292003e-34,1.0470840878919889e-17,1.0
random_bp,expectation_value,bcw_6q_random_bp,hea,RX_RY_RZ_CNOT,none,linear,cnot,local,6,1,1,same_entangling_gate_count,0,2,RX,0,6,layer_000_wire_002_RX,3,-0.013470934053099673,0.0006639457151977439,0.015740947767381108,0.0
random_bp,expectation_value,bcw_6q_random_bp,hea,RX_RY_RZ_CNOT,none,linear,cnot,local,6,1,1,same_entangling_gate_count,0,2,RY,1,7,layer_000_wire_002_RY,3,-0.006964111643648695,5.7849568222539714e-05,0.007301191395296735,0.0
random_bp,expectation_value,bcw_6q_random_bp,hea,RX_RY_RZ_CNOT,none,linear,cnot,local,6,1,1,same_entangling_gate_count,0,2,RZ,2,8,layer_000_wire_002_RZ,3,-4.00855830624128e-18,8.76626670402524e-35,5.868747840942842e-18,1.0
random_bp,expectation_value,bcw_6q_random_bp,hea,RX_RY_RZ_CNOT,none,linear,cnot,local,6,1,1,same_entangling_gate_count,0,3,RX,0,9,layer_000_wire_003_RX,3,0.00033911121601852936,1.5113717231567317e-07,0.0003391112160185294,0.0
random_bp,expectation_value,bcw_6q_random_bp,hea,RX_RY_RZ_CNOT,none,linear,cnot,local,6,1,1,same_entangling_gate_count,0,3,RY,1,10,layer_000_wire_003_RY,3,-0.00672630200991065,0.00015673053752060875,0.007392664926013713,0.0
random_bp,expectation_value,bcw_6q_random_bp,hea,RX_RY_RZ_CNOT,none,linear,cnot,local,6,1,1,same_entangling_gate_count,0,3,RZ,2,11,layer_000_wire_003_RZ,3,-6.347693135425064e-18,1.243008256213078e-35,6.347693135425063e-18,1.0
random_bp,expectation_value,bcw_6q_random_bp,hea,RX_RY_RZ_CNOT,none,linear,cnot,local,6,1,1,same_entangling_gate_count,0,4,RX,0,12,layer_000_wire_004_RX,3,6.559608176604054e-05,1.2853578338626142e-08,8.612807894433626e-05,0.0
random_bp,expectation_value,bcw_6q_random_bp,hea,RX_RY_RZ_CNOT,none,linear,cnot,local,6,1,1,same_entangling_gate_count,0,4,RY,1,13,layer_000_wire_004_RY,3,5.7617617217338255e-05,6.523875005886752e-09,7.938675635592943e-05,0.0
random_bp,expectation_value,bcw_6q_random_bp,hea,RX_RY_RZ_CNOT,none,linear,cnot,local,6,1,1,same_entangling_gate_count,0,4,RZ,2,14,layer_000_wire_004_RZ,3,-2.072101244812044e-18,1.1601911937916226e-34,7.600298428591133e-18,1.0
random_bp,expectation_value,bcw_6q_random_bp,hea,RX_RY_RZ_CNOT,none,linear,cnot,local,6,1,1,same_entangling_gate_count,0,5,RX,0,15,layer_000_wire_005_RX,3,-7.460471407034946e-05,4.493415893326393e-09,7.460471407034947e-05,0.0
random_bp,expectation_value,bcw_6q_random_bp,hea,RX_RY_RZ_CNOT,none,linear,cnot,local,6,1,1,same_entangling_gate_count,0,5,RY,1,16,layer_000_wire_005_RY,3,3.5752556244390507e-05,5.702235169171923e-11,3.5752556244390507e-05,0.0
random_bp,expectation_value,bcw_6q_random_bp,hea,RX_RY_RZ_CNOT,none,linear,cnot,local,6,1,1,same_entangling_gate_count,0,5,RZ,2,17,layer_000_wire_005_RZ,3,-1.7193572244807256e-18,1.0089398333704685e-34,7.7122315321743e-18,1.0
random_bp,expectation_value,bcw_6q_random_bp,hea,RX_RY_RZ_CNOT,none,circular,cnot,local,6,1,1,same_entangling_gate_count,0,0,RX,0,0,layer_000_wire_000_RX,3,-0.020836912210547332,0.0007781751938127126,0.020836912210547332,0.0
random_bp,expectation_value,bcw_6q_random_bp,hea,RX_RY_RZ_CNOT,none,circular,cnot,local,6,1,1,same_entangling_gate_count,0,0,RY,1,1,layer_000_wire_000_RY,3,0.015692506462179984,0.00094038225160831,0.023895953903439404,0.0
random_bp,expectation_value,bcw_6q_random_bp,hea,RX_RY_RZ_CNOT,none,circular,cnot,local,6,1,1,same_entangling_gate_count,0,0,RZ,2,2,layer_000_wire_000_RZ,3,-8.37656548777028e-18,3.1648390401377536e-33,3.831063661690286e-17,1.0
random_bp,expectation_value,bcw_6q_random_bp,hea,RX_RY_RZ_CNOT,none,circular,cnot,local,6,1,1,same_entangling_gate_count,0,1,RX,0,3,layer_000_wire_001_RX,3,0.0031071989727840164,5.117317893582112e-05,0.004464758998370175,0.0
random_bp,expectation_value,bcw_6q_random_bp,hea,RX_RY_RZ_CNOT,none,circular,cnot,local,6,1,1,same_entangling_gate_count,0,1,RY,1,4,layer_000_wire_001_RY,3,0.03230886788078943,0.001999227076233228,0.033321451237272086,0.0
random_bp,expectation_value,bcw_6q_random_bp,hea,RX_RY_RZ_CNOT,none,circular,cnot,local,6,1,1,same_entangling_gate_count,0,1,RZ,2,5,layer_000_wire_001_RZ,3,1.3299245574380459e-17,5.386476370489637e-34,2.1725453434448427e-17,1.0
random_bp,expectation_value,bcw_6q_random_bp,hea,RX_RY_RZ_CNOT,none,circular,cnot,local,6,1,1,same_entangling_gate_count,0,2,RX,0,6,layer_000_wire_002_RX,3,-0.018388933331443116,0.00048174499152462617,0.018388933331443112,0.0
random_bp,expectation_value,bcw_6q_random_bp,hea,RX_RY_RZ_CNOT,none,circular,cnot,local,6,1,1,same_entangling_gate_count,0,2,RY,1,7,layer_000_wire_002_RY,3,-0.008775029027877636,4.357720040809395e-05,0.008775029027877636,0.0
random_bp,expectation_value,bcw_6q_random_bp,hea,RX_RY_RZ_CNOT,none,circular,cnot,local,6,1,1,same_entangling_gate_count,0,2,RZ,2,8,layer_000_wire_002_RZ,3,-5.465835837012317e-18,1.267932948252548e-34,8.327486217098523e-18,1.0
random_bp,expectation_value,bcw_6q_random_bp,hea,RX_RY_RZ_CNOT,none,circular,cnot,local,6,1,1,same_entangling_gate_count,0,3,RX,0,9,layer_000_wire_003_RX,3,-0.0026216993788897415,2.398341354663003e-05,0.002894713463198919,0.0
random_bp,expectation_value,bcw_6q_random_bp,hea,RX_RY_RZ_CNOT,none,circular,cnot,local,6,1,1,same_entangling_gate_count,0,3,RY,1,10,layer_000_wire_003_RY,3,-0.006652181983217837,0.00012731059553760057,0.007826555467913427,0.0
random_bp,expectation_value,bcw_6q_random_bp,hea,RX_RY_RZ_CNOT,none,circular,cnot,local,6,1,1,same_entangling_gate_count,0,3,RZ,2,11,layer_000_wire_003_RZ,3,3.3931940749884386e-19,7.430986307002764e-35,6.692334980911737e-18,1.0
random_bp,expectation_value,bcw_6q_random_bp,hea,RX_RY_RZ_CNOT,none,circular,cnot,local,6,1,1,same_entangling_gate_count,0,4,RX,0,12,layer_000_wire_004_RX,3,0.0011615664048809297,1.7647456846808274e-06,0.0011615664048809297,0.0
random_bp,expectation_value,bcw_6q_random_bp,hea,RX_RY_RZ_CNOT,none,circular,cnot,local,6,1,1,same_entangling_gate_count,0,4,RY,1,13,layer_000_wire_004_RY,3,-0.0034967003061526472,3.788524210454414e-05,0.003653536743094686,0.0
random_bp,expectation_value,bcw_6q_random_bp,hea,RX_RY_RZ_CNOT,none,circular,cnot,local,6,1,1,same_entangling_gate_count,0,4,RZ,2,14,layer_000_wire_004_RZ,3,-8.308427216724702e-19,5.464673730030709e-35,5.789723745018584e-18,1.0
random_bp,expectation_value,bcw_6q_random_bp,hea,RX_RY_RZ_CNOT,none,circular,cnot,local,6,1,1,same_entangling_gate_count,0,5,RX,0,15,layer_000_wire_005_RX,3,-0.0025551823197724416,1.3397690419700685e-05,0.0025555646748278873,0.3333333333333333
random_bp,expectation_value,bcw_6q_random_bp,hea,RX_RY_RZ_CNOT,none,circular,cnot,local,6,1,1,same_entangling_gate_count,0,5,RY,1,16,layer_000_wire_005_RY,3,0.0005994753908269235,4.0319884558141353e-07,0.0006008998667673539,0.0
random_bp,expectation_value,bcw_6q_random_bp,hea,RX_RY_RZ_CNOT,none,circular,cnot,local,6,1,1,same_entangling_gate_count,0,5,RZ,2,17,layer_000_wire_005_RZ,3,-3.3540600676787787e-18,2.5978036833415837e-35,4.973672203810478e-18,1.0
random_bp,expectation_value,bcw_6q_random_bp,hea,RX_RY_RZ_CNOT,none,linear,cnot,global,6,1,1,same_entangling_gate_count,0,0,RX,0,0,layer_000_wire_000_RX,3,3.599551212651875e-17,3.0414270635435538e-33,4.2645285451096506e-17,1.0
random_bp,expectation_value,bcw_6q_random_bp,hea,RX_RY_RZ_CNOT,none,linear,cnot,global,6,1,1,same_entangling_gate_count,0,0,RY,1,1,layer_000_wire_000_RY,3,2.721347452938616e-17,2.3940000399411625e-33,3.183940379865765e-17,1.0
random_bp,expectation_value,bcw_6q_random_bp,hea,RX_RY_RZ_CNOT,none,linear,cnot,global,6,1,1,same_entangling_gate_count,0,0,RZ,2,2,layer_000_wire_000_RZ,3,2.8809198054756364e-17,1.3348522104151942e-33,2.914841204516184e-17,1.0
random_bp,expectation_value,bcw_6q_random_bp,hea,RX_RY_RZ_CNOT,none,linear,cnot,global,6,1,1,same_entangling_gate_count,0,1,RX,0,3,layer_000_wire_001_RX,3,-0.04991309656895093,0.007085881771776747,0.05102309056944771,0.0
random_bp,expectation_value,bcw_6q_random_bp,hea,RX_RY_RZ_CNOT,none,linear,cnot,global,6,1,1,same_entangling_gate_count,0,1,RY,1,4,layer_000_wire_001_RY,3,-0.017509396243542974,0.01803826901960142,0.09193888774039151,0.0
random_bp,expectation_value,bcw_6q_random_bp,hea,RX_RY_RZ_CNOT,none,linear,cnot,global,6,1,1,same_entangling_gate_count,0,1,RZ,2,5,layer_000_wire_001_RZ,3,-3.186595513525882e-17,3.604445679150642e-33,3.682638150541247e-17,1.0
random_bp,expectation_value,bcw_6q_random_bp,hea,RX_RY_RZ_CNOT,none,linear,cnot,global,6,1,1,same_entangling_gate_count,0,2,RX,0,6,layer_000_wire_002_RX,3,-3.0357660829594124e-18,2.3886045208708882e-35,3.0357660829594124e-18,1.0
random_bp,expectation_value,bcw_6q_random_bp,hea,RX_RY_RZ_CNOT,none,linear,cnot,global,6,1,1,same_entangling_gate_count,0,2,RY,1,7,layer_000_wire_002_RY,3,1.0191500421363742e-17,2.401299859859769e-34,1.5251110559629428e-17,1.0
random_bp,expectation_value,bcw_6q_random_bp,hea,RX_RY_RZ_CNOT,none,linear,cnot,global,6,1,1,same_entangling_gate_count,0,2,RZ,2,8,layer_000_wire_002_RZ,3,4.6239848187896043e-17,4.472096077519253e-33,4.623984818789605e-17,1.0
random_bp,expectation_value,bcw_6q_random_bp,hea,RX_RY_RZ_CNOT,none,linear,cnot,global,6,1,1,same_entangling_gate_count,0,3,RX,0,9,layer_000_wire_003_RX,3,-0.10868135407760851,0.04134786555626806,0.12071658981849559,0.0
random_bp,expectation_value,bcw_6q_random_bp,hea,RX_RY_RZ_CNOT,none,linear,cnot,global,6,1,1,same_entangling_gate_count,0,3,RY,1,10,layer_000_wire_003_RY,3,0.07587197624886564,0.025664375781900405,0.13792803517072513,0.0
random_bp,expectation_value,bcw_6q_random_bp,hea,RX_RY_RZ_CNOT,none,linear,cnot,global,6,1,1,same_entangling_gate_count,0,3,RZ,2,11,layer_000_wire_003_RZ,3,4.000357500545382e-18,1.4338473247805094e-34,9.830089838169541e-18,1.0
random_bp,expectation_value,bcw_6q_random_bp,hea,RX_RY_RZ_CNOT,none,linear,cnot,global,6,1,1,same_entangling_gate_count,0,4,RX,0,12,layer_000_wire_004_RX,3,-9.540979117872439e-18,7.748858760620519e-35,9.540979117872439e-18,1.0
random_bp,expectation_value,bcw_6q_random_bp,hea,RX_RY_RZ_CNOT,none,linear,cnot,global,6,1,1,same_entangling_gate_count,0,4,RY,1,13,layer_000_wire_004_RY,3,9.396418828207704e-18,8.43785518278249e-34,1.9226518525409613e-17,1.0
random_bp,expectation_value,bcw_6q_random_bp,hea,RX_RY_RZ_CNOT,none,linear,cnot,global,6,1,1,same_entangling_gate_count,0,4,RZ,2,14,layer_000_wire_004_RZ,3,9.135543537827116e-19,1.98890328739101e-34,1.0335999150395948e-17,1.0
random_bp,expectation_value,bcw_6q_random_bp,hea,RX_RY_RZ_CNOT,none,linear,cnot,global,6,1,1,same_entangling_gate_count,0,5,RX,0,15,layer_000_wire_005_RX,3,-0.11049192187334086,0.01640652413785515,0.11149056858101496,0.0
random_bp,expectation_value,bcw_6q_random_bp,hea,RX_RY_RZ_CNOT,none,linear,cnot,global,6,1,1,same_entangling_gate_count,0,5,RY,1,16,layer_000_wire_005_RY,3,0.029910863508019234,0.0009454276954168824,0.03363135363308952,0.0
random_bp,expectation_value,bcw_6q_random_bp,hea,RX_RY_RZ_CNOT,none,linear,cnot,global,6,1,1,same_entangling_gate_count,0,5,RZ,2,17,layer_000_wire_005_RZ,3,-1.4770914457331357e-17,2.349237629202853e-34,1.6680281597858566e-17,1.0
random_bp,expectation_value,bcw_6q_random_bp,hea,RX_RY_RZ_CNOT,none,circular,cnot,global,6,1,1,same_entangling_gate_count,0,0,RX,0,0,layer_000_wire_000_RX,3,0.014936381238460361,0.000810134510018092,0.018792293072365938,0.0
random_bp,expectation_value,bcw_6q_random_bp,hea,RX_RY_RZ_CNOT,none,circular,cnot,global,6,1,1,same_entangling_gate_count,0,0,RY,1,1,layer_000_wire_000_RY,3,0.01232332955865203,0.0007207627014328417,0.021553639180467956,0.0
random_bp,expectation_value,bcw_6q_random_bp,hea,RX_RY_RZ_CNOT,none,circular,cnot,global,6,1,1,same_entangling_gate_count,0,0,RZ,2,2,layer_000_wire_000_RZ,3,-5.455161727691812e-18,1.4544128545994356e-33,3.0441056654136e-17,1.0
random_bp,expectation_value,bcw_6q_random_bp,hea,RX_RY_RZ_CNOT,none,circular,cnot,global,6,1,1,same_entangling_gate_count,0,1,RX,0,3,layer_000_wire_001_RX,3,-3.9211978571559074e-18,8.982050292495667e-35,7.390644809109522e-18,1.0
random_bp,expectation_value,bcw_6q_random_bp,hea,RX_RY_RZ_CNOT,none,circular,cnot,global,6,1,1,same_entangling_gate_count,0,1,RY,1,4,layer_000_wire_001_RY,3,-6.909981845974281e-17,2.991460717004601e-33,6.909981845974282e-17,1.0
random_bp,expectation_value,bcw_6q_random_bp,hea,RX_RY_RZ_CNOT,none,circular,cnot,global,6,1,1,same_entangling_gate_count,0,1,RZ,2,5,layer_000_wire_001_RZ,3,-3.655622452490757e-18,8.603091256147057e-35,6.510897604952913e-18,1.0
random_bp,expectation_value,bcw_6q_random_bp,hea,RX_RY_RZ_CNOT,none,circular,cnot,global,6,1,1,same_entangling_gate_count,0,2,RX,0,6,layer_000_wire_002_RX,3,-0.031132798982151842,0.0018727260383054058,0.03113279898215184,0.0
random_bp,expectation_value,bcw_6q_random_bp,hea,RX_RY_RZ_CNOT,none,circular,cnot,global,6,1,1,same_entangling_gate_count,0,2,RY,1,7,layer_000_wire_002_RY,3,-0.022421009854394602,0.00036517443527943973,0.022421009854394606,0.0
random_bp,expectation_value,bcw_6q_random_bp,hea,RX_RY_RZ_CNOT,none,circular,cnot,global,6,1,1,same_entangling_gate_count,0,2,RZ,2,8,layer_000_wire_002_RZ,3,2.4893428821904694e-18,1.667819073118796e-33,3.0309145095100325e-17,1.0
random_bp,expectation_value,bcw_6q_random_bp,hea,RX_RY_RZ_CNOT,none,circular,cnot,global,6,1,1,same_entangling_gate_count,0,3,RX,0,9,layer_000_wire_003_RX,3,-6.5052130349130266e-18,6.207080370082007e-34,1.7925475918427008e-17,1.0
random_bp,expectation_value,bcw_6q_random_bp,hea,RX_RY_RZ_CNOT,none,circular,cnot,global,6,1,1,same_entangling_gate_count,0,3,RY,1,10,layer_000_wire_003_RY,3,4.148880313377863e-17,2.9457574966446303e-33,4.5536491244391186e-17,1.0
random_bp,expectation_value,bcw_6q_random_bp,hea,RX_RY_RZ_CNOT,none,circular,cnot,global,6,1,1,same_entangling_gate_count,0,3,RZ,2,11,layer_000_wire_003_RZ,3,-1.2466745169915807e-18,7.872070284721316e-34,2.1964590984666203e-17,1.0
random_bp,expectation_value,bcw_6q_random_bp,hea,RX_RY_RZ_CNOT,none,circular,cnot,global,6,1,1,same_entangling_gate_count,0,4,RX,0,12,layer_000_wire_004_RX,3,-0.023607742833804443,0.002273510805407742,0.028792105381947014,0.0
random_bp,expectation_value,bcw_6q_random_bp,hea,RX_RY_RZ_CNOT,none,circular,cnot,global,6,1,1,same_entangling_gate_count,0,4,RY,1,13,layer_000_wire_004_RY,3,-0.0606895951324436,0.009767103515135486,0.06068959513244359,0.0
random_bp,expectation_value,bcw_6q_random_bp,hea,RX_RY_RZ_CNOT,none,circular,cnot,global,6,1,1,same_entangling_gate_count,0,4,RZ,2,14,layer_000_wire_004_RZ,3,1.0795023329163051e-17,2.5758847525197416e-34,1.392948023883306e-17,1.0
random_bp,expectation_value,bcw_6q_random_bp,hea,RX_RY_RZ_CNOT,none,circular,cnot,global,6,1,1,same_entangling_gate_count,0,5,RX,0,15,layer_000_wire_005_RX,3,6.64977332457776e-18,6.577752922041302e-34,1.9949319973733282e-17,1.0
random_bp,expectation_value,bcw_6q_random_bp,hea,RX_RY_RZ_CNOT,none,circular,cnot,global,6,1,1,same_entangling_gate_count,0,5,RY,1,16,layer_000_wire_005_RY,3,1.1203422449016882e-18,2.2252499892516175e-34,1.1673243390427265e-17,1.0
random_bp,expectation_value,bcw_6q_random_bp,hea,RX_RY_RZ_CNOT,none,circular,cnot,global,6,1,1,same_entangling_gate_count,0,5,RZ,2,17,layer_000_wire_005_RZ,3,-4.2193065272835874e-18,1.0069083918828512e-36,4.2193065272835874e-18,1.0
random_bp,expectation_value,bcw_6q_random_bp,hea,RX_RY_RZ_CNOT,none,linear,cnot,hamiltonian_local,6,1,1,same_entangling_gate_count,0,0,RX,0,0,layer_000_wire_000_RX,3,9.830099697201907e-18,2.8989258017078705e-34,9.830099697201907e-18,1.0
random_bp,expectation_value,bcw_6q_random_bp,hea,RX_RY_RZ_CNOT,none,linear,cnot,hamiltonian_local,6,1,1,same_entangling_gate_count,0,0,RY,1,1,layer_000_wire_000_RY,3,-2.42861286636753e-17,8.06483164212155e-34,2.42861286636753e-17,1.0
random_bp,expectation_value,bcw_6q_random_bp,hea,RX_RY_RZ_CNOT,none,linear,cnot,hamiltonian_local,6,1,1,same_entangling_gate_count,0,0,RZ,2,2,layer_000_wire_000_RZ,3,1.7866834931662768e-17,2.392772406616558e-34,1.7866834931662768e-17,1.0
random_bp,expectation_value,bcw_6q_random_bp,hea,RX_RY_RZ_CNOT,none,linear,cnot,hamiltonian_local,6,1,1,same_entangling_gate_count,0,1,RX,0,3,layer_000_wire_001_RX,3,0.018749436330874218,0.003691539215947871,0.04011477849946389,0.0
random_bp,expectation_value,bcw_6q_random_bp,hea,RX_RY_RZ_CNOT,none,linear,cnot,hamiltonian_local,6,1,1,same_entangling_gate_count,0,1,RY,1,4,layer_000_wire_001_RY,3,0.03548064138046953,0.03519798002949124,0.15251053792291577,0.0
random_bp,expectation_value,bcw_6q_random_bp,hea,RX_RY_RZ_CNOT,none,linear,cnot,hamiltonian_local,6,1,1,same_entangling_gate_count,0,1,RZ,2,5,layer_000_wire_001_RZ,3,2.8387304529002607e-18,1.050172159889395e-34,8.57577883702006e-18,1.0
random_bp,expectation_value,bcw_6q_random_bp,hea,RX_RY_RZ_CNOT,none,linear,cnot,hamiltonian_local,6,1,1,same_entangling_gate_count,0,2,RX,0,6,layer_000_wire_002_RX,3,-0.11286331497814768,0.007203506052041345,0.11286331497814768,0.0
random_bp,expectation_value,bcw_6q_random_bp,hea,RX_RY_RZ_CNOT,none,linear,cnot,hamiltonian_local,6,1,1,same_entangling_gate_count,0,2,RY,1,7,layer_000_wire_002_RY,3,-0.07732068721859274,0.0047338901058717135,0.07732068721859274,0.0
random_bp,expectation_value,bcw_6q_random_bp,hea,RX_RY_RZ_CNOT,none,linear,cnot,hamiltonian_local,6,1,1,same_entangling_gate_count,0,2,RZ,2,8,layer_000_wire_002_RZ,3,2.5509021009924712e-18,1.12539121695027e-34,7.208532513517713e-18,1.0
random_bp,expectation_value,bcw_6q_random_bp,hea,RX_RY_RZ_CNOT,none,linear,cnot,hamiltonian_local,6,1,1,same_entangling_gate_count,0,3,RX,0,9,layer_000_wire_003_RX,3,-0.04111557330630157,0.009906753498182593,0.06238370448825544,0.0
random_bp,expectation_value,bcw_6q_random_bp,hea,RX_RY_RZ_CNOT,none,linear,cnot,hamiltonian_local,6,1,1,same_entangling_gate_count,0,3,RY,1,10,layer_000_wire_003_RY,3,0.10771923555011108,0.016997263738626936,0.13565110104795702,0.0
random_bp,expectation_value,bcw_6q_random_bp,hea,RX_RY_RZ_CNOT,none,linear,cnot,hamiltonian_local,6,1,1,same_entangling_gate_count,0,3,RZ,2,11,layer_000_wire_003_RZ,3,8.572550270835621e-18,5.232452507165168e-34,1.992774913089679e-17,1.0
random_bp,expectation_value,bcw_6q_random_bp,hea,RX_RY_RZ_CNOT,none,linear,cnot,hamiltonian_local,6,1,1,same_entangling_gate_count,0,4,RX,0,12,layer_000_wire_004_RX,3,0.050215222195796015,0.009551409770673334,0.07817952321284394,0.0
random_bp,expectation_value,bcw_6q_random_bp,hea,RX_RY_RZ_CNOT,none,linear,cnot,hamiltonian_local,6,1,1,same_entangling_gate_count,0,4,RY,1,13,layer_000_wire_004_RY,3,-0.09294849198956598,0.004437658181221504,0.09294849198956597,0.0
random_bp,expectation_value,bcw_6q_random_bp,hea,RX_RY_RZ_CNOT,none,linear,cnot,hamiltonian_local,6,1,1,same_entangling_gate_count,0,4,RZ,2,14,layer_000_wire_004_RZ,3,7.416262405250709e-20,6.228472679469298e-35,5.392630971205658e-18,1.0
random_bp,expectation_value,bcw_6q_random_bp,hea,RX_RY_RZ_CNOT,none,linear,cnot,hamiltonian_local,6,1,1,same_entangling_gate_count,0,5,RX,0,15,layer_000_wire_005_RX,3,-0.0031677195149643483,0.018084277643637847,0.10010508536017193,0.0
random_bp,expectation_value,bcw_6q_random_bp,hea,RX_RY_RZ_CNOT,none,linear,cnot,hamiltonian_local,6,1,1,same_entangling_gate_count,0,5,RY,1,16,layer_000_wire_005_RY,3,0.06130466759193376,0.00727104527079312,0.07945081294660468,0.0
random_bp,expectation_value,bcw_6q_random_bp,hea,RX_RY_RZ_CNOT,none,linear,cnot,hamiltonian_local,6,1,1,same_entangling_gate_count,0,5,RZ,2,17,layer_000_wire_005_RZ,3,-9.373588442635044e-18,4.102795005948112e-35,9.373588442635045e-18,1.0
random_bp,expectation_value,bcw_6q_random_bp,hea,RX_RY_RZ_CNOT,none,circular,cnot,hamiltonian_local,6,1,1,same_entangling_gate_count,0,0,RX,0,0,layer_000_wire_000_RX,3,-0.001097121639233033,3.1857376891329487e-06,0.001097121639233033,0.0
random_bp,expectation_value,bcw_6q_random_bp,hea,RX_RY_RZ_CNOT,none,circular,cnot,hamiltonian_local,6,1,1,same_entangling_gate_count,0,0,RY,1,1,layer_000_wire_000_RY,3,5.6031158712901985e-05,6.38030926935072e-07,0.0005452102473743337,0.0
random_bp,expectation_value,bcw_6q_random_bp,hea,RX_RY_RZ_CNOT,none,circular,cnot,hamiltonian_local,6,1,1,same_entangling_gate_count,0,0,RZ,2,2,layer_000_wire_000_RZ,3,2.4228236673172915e-17,9.52004532786296e-34,2.484913508677447e-17,1.0
random_bp,expectation_value,bcw_6q_random_bp,hea,RX_RY_RZ_CNOT,none,circular,cnot,hamiltonian_local,6,1,1,same_entangling_gate_count,0,1,RX,0,3,layer_000_wire_001_RX,3,-1.214306433183765e-17,3.340284747296612e-34,1.6768993601109134e-17,1.0
random_bp,expectation_value,bcw_6q_random_bp,hea,RX_RY_RZ_CNOT,none,circular,cnot,hamiltonian_local,6,1,1,same_entangling_gate_count,0,1,RY,1,4,layer_000_wire_001_RY,3,-9.25185853854297e-18,2.5679065925163148e-34,9.25185853854297e-18,1.0
random_bp,expectation_value,bcw_6q_random_bp,hea,RX_RY_RZ_CNOT,none,circular,cnot,hamiltonian_local,6,1,1,same_entangling_gate_count,0,1,RZ,2,5,layer_000_wire_001_RZ,3,1.1671846109845626e-17,9.016414038929329e-35,1.1671846109845624e-17,1.0
random_bp,expectation_value,bcw_6q_random_bp,hea,RX_RY_RZ_CNOT,none,circular,cnot,hamiltonian_local,6,1,1,same_entangling_gate_count,0,2,RX,0,6,layer_000_wire_002_RX,3,-0.11262989879430234,0.0071529955716893145,0.11262989879430234,0.0
random_bp,expectation_value,bcw_6q_random_bp,hea,RX_RY_RZ_CNOT,none,circular,cnot,hamiltonian_local,6,1,1,same_entangling_gate_count,0,2,RY,1,7,layer_000_wire_002_RY,3,-0.07754505007889671,0.0048055896386036325,0.07754505007889671,0.0
random_bp,expectation_value,bcw_6q_random_bp,hea,RX_RY_RZ_CNOT,none,circular,cnot,hamiltonian_local,6,1,1,same_entangling_gate_count,0,2,RZ,2,8,layer_000_wire_002_RZ,3,3.178603771095104e-18,3.050084343775271e-34,1.203065405502464e-17,1.0
random_bp,expectation_value,bcw_6q_random_bp,hea,RX_RY_RZ_CNOT,none,circular,cnot,hamiltonian_local,6,1,1,same_entangling_gate_count,0,3,RX,0,9,layer_000_wire_003_RX,3,-0.0409899982091289,0.009869566653256142,0.06228922086535745,0.0
random_bp,expectation_value,bcw_6q_random_bp,hea,RX_RY_RZ_CNOT,none,circular,cnot,hamiltonian_local,6,1,1,same_entangling_gate_count,0,3,RY,1,10,layer_000_wire_003_RY,3,0.10963448126588572,0.017489334052645626,0.13750289254681422,0.0
random_bp,expectation_value,bcw_6q_random_bp,hea,RX_RY_RZ_CNOT,none,circular,cnot,hamiltonian_local,6,1,1,same_entangling_gate_count,0,3,RZ,2,11,layer_000_wire_003_RZ,3,6.993351882477415e-18,4.0496729710302035e-35,7.032060180350661e-18,1.0
random_bp,expectation_value,bcw_6q_random_bp,hea,RX_RY_RZ_CNOT,none,circular,cnot,hamiltonian_local,6,1,1,same_entangling_gate_count,0,4,RX,0,12,layer_000_wire_004_RX,3,0.05029816018225991,0.009546247304654894,0.07811718342545702,0.0
random_bp,expectation_value,bcw_6q_random_bp,hea,RX_RY_RZ_CNOT,none,circular,cnot,hamiltonian_local,6,1,1,same_entangling_gate_count,0,4,RY,1,13,layer_000_wire_004_RY,3,-0.09265622477577612,0.004408431522880853,0.09265622477577612,0.0
random_bp,expectation_value,bcw_6q_random_bp,hea,RX_RY_RZ_CNOT,none,circular,cnot,hamiltonian_local,6,1,1,same_entangling_gate_count,0,4,RZ,2,14,layer_000_wire_004_RZ,3,-1.1971470520762444e-17,1.0848368619613449e-35,1.1971470520762446e-17,1.0
random_bp,expectation_value,bcw_6q_random_bp,hea,RX_RY_RZ_CNOT,none,circular,cnot,hamiltonian_local,6,1,1,same_entangling_gate_count,0,5,RX,0,15,layer_000_wire_005_RX,3,-0.0031418102310909607,0.0181453327475877,0.10024970295203949,0.0
random_bp,expectation_value,bcw_6q_random_bp,hea,RX_RY_RZ_CNOT,none,circular,cnot,hamiltonian_local,6,1,1,same_entangling_gate_count,0,5,RY,1,16,layer_000_wire_005_RY,3,0.061285887887503665,0.007265259210490761,0.07946395494179055,0.0
random_bp,expectation_value,bcw_6q_random_bp,hea,RX_RY_RZ_CNOT,none,circular,cnot,hamiltonian_local,6,1,1,same_entangling_gate_count,0,5,RZ,2,17,layer_000_wire_005_RZ,3,-7.499321049188291e-18,2.9213100431861584e-34,1.2046723444011416e-17,1.0
random_bp,expectation_value,bcw_6q_random_bp,hea,RX_RY_RZ_CNOT,none,linear,cnot,local,6,2,2,same_entangling_gate_count,0,0,RX,0,0,layer_000_wire_000_RX,3,0.0053835624822530705,0.0018051514418088352,0.03089450949754997,0.0
random_bp,expectation_value,bcw_6q_random_bp,hea,RX_RY_RZ_CNOT,none,linear,cnot,local,6,2,2,same_entangling_gate_count,0,0,RY,1,1,layer_000_wire_000_RY,3,0.05704590325455831,0.008072633965508478,0.0609249150748196,0.0
random_bp,expectation_value,bcw_6q_random_bp,hea,RX_RY_RZ_CNOT,none,linear,cnot,local,6,2,2,same_entangling_gate_count,0,0,RZ,2,2,layer_000_wire_000_RZ,3,0.019453119616950138,0.0010625257093470008,0.022816765770417507,0.0
random_bp,expectation_value,bcw_6q_random_bp,hea,RX_RY_RZ_CNOT,none,linear,cnot,local,6,2,2,same_entangling_gate_count,0,1,RX,0,3,layer_000_wire_001_RX,3,0.05166766111014811,0.00646021885200483,0.06669056386767046,0.0
random_bp,expectation_value,bcw_6q_random_bp,hea,RX_RY_RZ_CNOT,none,linear,cnot,local,6,2,2,same_entangling_gate_count,0,1,RY,1,4,layer_000_wire_001_RY,3,-0.0026834808242814576,0.003286157112185964,0.04491627802779472,0.0
random_bp,expectation_value,bcw_6q_random_bp,hea,RX_RY_RZ_CNOT,none,linear,cnot,local,6,2,2,same_entangling_gate_count,0,1,RZ,2,5,layer_000_wire_001_RZ,3,-0.03327116075532388,0.00023563113445562443,0.03327116075532388,0.0
random_bp,expectation_value,bcw_6q_random_bp,hea,RX_RY_RZ_CNOT,none,linear,cnot,local,6,2,2,same_entangling_gate_count,0,2,RX,0,6,layer_000_wire_002_RX,3,-0.010662086248364969,0.0014049251663429086,0.028890037645922306,0.0
random_bp,expectation_value,bcw_6q_random_bp,hea,RX_RY_RZ_CNOT,none,linear,cnot,local,6,2,2,same_entangling_gate_count,0,2,RY,1,7,layer_000_wire_002_RY,3,0.01207792312614819,1.0706881238366737e-05,0.012077923126148188,0.0
random_bp,expectation_value,bcw_6q_random_bp,hea,RX_RY_RZ_CNOT,none,linear,cnot,local,6,2,2,same_entangling_gate_count,0,2,RZ,2,8,layer_000_wire_002_RZ,3,0.0033319839535526797,0.001548678809780889,0.029176719812263736,0.0
random_bp,expectation_value,bcw_6q_random_bp,hea,RX_RY_RZ_CNOT,none,linear,cnot,local,6,2,2,same_entangling_gate_count,0,3,RX,0,9,layer_000_wire_003_RX,3,-0.008573106477747285,0.0005518003562044731,0.01565142256991124,0.0
random_bp,expectation_value,bcw_6q_random_bp,hea,RX_RY_RZ_CNOT,none,linear,cnot,local,6,2,2,same_entangling_gate_count,0,3,RY,1,10,layer_000_wire_003_RY,3,-0.005970549018397683,0.00015217132876049015,0.00826394991503116,0.0
random_bp,expectation_value,bcw_6q_random_bp,hea,RX_RY_RZ_CNOT,none,linear,cnot,local,6,2,2,same_entangling_gate_count,0,3,RZ,2,11,layer_000_wire_003_RZ,3,-0.00012139517190504819,0.00015159970893269766,0.008669138777890436,0.0
random_bp,expectation_value,bcw_6q_random_bp,hea,RX_RY_RZ_CNOT,none,linear,cnot,local,6,2,2,same_entangling_gate_count,0,4,RX,0,12,layer_000_wire_004_RX,3,0.0022704909656861005,4.6995397333878554e-05,0.005956801949637912,0.0
random_bp,expectation_value,bcw_6q_random_bp,hea,RX_RY_RZ_CNOT,none,linear,cnot,local,6,2,2,same_entangling_gate_count,0,4,RY,1,13,layer_000_wire_004_RY,3,0.0024423118223162515,3.2887290804492735e-05,0.0035780706028469313,0.0
random_bp,expectation_value,bcw_6q_random_bp,hea,RX_RY_RZ_CNOT,none,linear,cnot,local,6,2,2,same_entangling_gate_count,0,4,RZ,2,14,layer_000_wire_004_RZ,3,-0.0013933764595697525,3.145984951626007e-05,0.003773565554241668,0.0
random_bp,expectation_value,bcw_6q_random_bp,hea,RX_RY_RZ_CNOT,none,linear,cnot,local,6,2,2,same_entangling_gate_count,0,5,RX,0,15,layer_000_wire_005_RX,3,-0.006939615800863809,8.001881282820485e-05,0.006939615800863809,0.0
random_bp,expectation_value,bcw_6q_random_bp,hea,RX_RY_RZ_CNOT,none,linear,cnot,local,6,2,2,same_entangling_gate_count,0,5,RY,1,16,layer_000_wire_005_RY,3,-0.002514001737698746,9.709787594999133e-06,0.0029895576556402755,0.0
random_bp,expectation_value,bcw_6q_random_bp,hea,RX_RY_RZ_CNOT,none,linear,cnot,local,6,2,2,same_entangling_gate_count,0,5,RZ,2,17,layer_000_wire_005_RZ,3,0.004369611519014267,5.37998446581325e-05,0.005971783461235891,0.0
random_bp,expectation_value,bcw_6q_random_bp,hea,RX_RY_RZ_CNOT,none,linear,cnot,local,6,2,2,same_entangling_gate_count,1,0,RX,0,18,layer_001_wire_000_RX,3,-0.007714085480261033,0.0014823787576867826,0.0255463582490862,0.0
random_bp,expectation_value,bcw_6q_random_bp,hea,RX_RY_RZ_CNOT,none,linear,cnot,local,6,2,2,same_entangling_gate_count,1,0,RY,1,19,layer_001_wire_000_RY,3,0.07274608797599674,0.006464301130123782,0.07464873595531785,0.0
random_bp,expectation_value,bcw_6q_random_bp,hea,RX_RY_RZ_CNOT,none,linear,cnot,local,6,2,2,same_entangling_gate_count,1,0,RZ,2,20,layer_001_wire_000_RZ,3,9.452456220361194e-18,2.8327480965141987e-34,1.1121546218036368e-17,1.0
random_bp,expectation_value,bcw_6q_random_bp,hea,RX_RY_RZ_CNOT,none,linear,cnot,local,6,2,2,same_entangling_gate_count,1,1,RX,0,21,layer_001_wire_001_RX,3,-0.02044110723603829,0.0015256618912071517,0.03595586064468092,0.0
random_bp,expectation_value,bcw_6q_random_bp,hea,RX_RY_RZ_CNOT,none,linear,cnot,local,6,2,2,same_entangling_gate_count,1,1,RY,1,22,layer_001_wire_001_RY,3,0.007280515255003006,0.02630832446352202,0.12305693855182631,0.0
random_bp,expectation_value,bcw_6q_random_bp,hea,RX_RY_RZ_CNOT,none,linear,cnot,local,6,2,2,same_entangling_gate_count,1,1,RZ,2,23,layer_001_wire_001_RZ,3,8.449269150942807e-18,4.44368638627277e-34,1.9009463262951244e-17,1.0
random_bp,expectation_value,bcw_6q_random_bp,hea,RX_RY_RZ_CNOT,none,linear,cnot,local,6,2,2,same_entangling_gate_count,1,2,RX,0,24,layer_001_wire_002_RX,3,0.008428356020596661,0.00019812282520999407,0.01020998231981849,0.0
random_bp,expectation_value,bcw_6q_random_bp,hea,RX_RY_RZ_CNOT,none,linear,cnot,local,6,2,2,same_entangling_gate_count,1,2,RY,1,25,layer_001_wire_002_RY,3,-0.0070702919659936525,0.0008374643694036922,0.024625381515482367,0.0
random_bp,expectation_value,bcw_6q_random_bp,hea,RX_RY_RZ_CNOT,none,linear,cnot,local,6,2,2,same_entangling_gate_count,1,2,RZ,2,26,layer_001_wire_002_RZ,3,-8.973293659600792e-18,1.7979493398835949e-34,8.973293659600792e-18,1.0
random_bp,expectation_value,bcw_6q_random_bp,hea,RX_RY_RZ_CNOT,none,linear,cnot,local,6,2,2,same_entangling_gate_count,1,3,RX,0,27,layer_001_wire_003_RX,3,0.005772917696688125,0.00011275849840581122,0.00682545930319757,0.0
random_bp,expectation_value,bcw_6q_random_bp,hea,RX_RY_RZ_CNOT,none,linear,cnot,local,6,2,2,same_entangling_gate_count,1,3,RY,1,28,layer_001_wire_003_RY,3,-0.02397526654576384,0.002462638682068414,0.03217337476673981,0.0
random_bp,expectation_value,bcw_6q_random_bp,hea,RX_RY_RZ_CNOT,none,linear,cnot,local,6,2,2,same_entangling_gate_count,1,3,RZ,2,29,layer_001_wire_003_RZ,3,1.2028429138437909e-17,3.109142419993449e-34,1.757778700921421e-17,1.0
random_bp,expectation_value,bcw_6q_random_bp,hea,RX_RY_RZ_CNOT,none,linear,cnot,local,6,2,2,same_entangling_gate_count,1,4,RX,0,30,layer_001_wire_004_RX,3,0.0036505758613456355,5.6139783401585565e-05,0.005713603700718922,0.0
random_bp,expectation_value,bcw_6q_random_bp,hea,RX_RY_RZ_CNOT,none,linear,cnot,local,6,2,2,same_entangling_gate_count,1,4,RY,1,31,layer_001_wire_004_RY,3,-0.00444689561212887,0.00010726914619802125,0.009182633821300563,0.0
random_bp,expectation_value,bcw_6q_random_bp,hea,RX_RY_RZ_CNOT,none,linear,cnot,local,6,2,2,same_entangling_gate_count,1,4,RZ,2,32,layer_001_wire_004_RZ,3,1.1574598072985612e-17,7.975187719689444e-34,1.8894888152680157e-17,1.0
random_bp,expectation_value,bcw_6q_random_bp,hea,RX_RY_RZ_CNOT,none,linear,cnot,local,6,2,2,same_entangling_gate_count,1,5,RX,0,33,layer_001_wire_005_RX,3,0.003837527127060293,5.644276105284563e-05,0.0059772727141699025,0.0
random_bp,expectation_value,bcw_6q_random_bp,hea,RX_RY_RZ_CNOT,none,linear,cnot,local,6,2,2,same_entangling_gate_count,1,5,RY,1,34,layer_001_wire_005_RY,3,0.010692782527558278,0.0001441067003655933,0.011485682826114613,0.0
random_bp,expectation_value,bcw_6q_random_bp,hea,RX_RY_RZ_CNOT,none,linear,cnot,local,6,2,2,same_entangling_gate_count,1,5,RZ,2,35,layer_001_wire_005_RZ,3,-2.2264032392992742e-17,1.7053574241147235e-34,2.226403239299274e-17,1.0
random_bp,expectation_value,bcw_6q_random_bp,hea,RX_RY_RZ_CNOT,none,circular,cnot,local,6,2,2,same_entangling_gate_count,0,0,RX,0,0,layer_000_wire_000_RX,3,0.03783008423767193,0.0014276764856484925,0.03783008423767193,0.0
random_bp,expectation_value,bcw_6q_random_bp,hea,RX_RY_RZ_CNOT,none,circular,cnot,local,6,2,2,same_entangling_gate_count,0,0,RY,1,1,layer_000_wire_000_RY,3,0.0354431010107385,0.0013174043160095223,0.03544310101073849,0.0
random_bp,expectation_value,bcw_6q_random_bp,hea,RX_RY_RZ_CNOT,none,circular,cnot,local,6,2,2,same_entangling_gate_count,0,0,RZ,2,2,layer_000_wire_000_RZ,3,0.001055222269872861,0.0008908987640067702,0.020907517357090597,0.0
random_bp,expectation_value,bcw_6q_random_bp,hea,RX_RY_RZ_CNOT,none,circular,cnot,local,6,2,2,same_entangling_gate_count,0,1,RX,0,3,layer_000_wire_001_RX,3,0.0009389861097641944,0.005390553615367326,0.051973773078097814,0.0
random_bp,expectation_value,bcw_6q_random_bp,hea,RX_RY_RZ_CNOT,none,circular,cnot,local,6,2,2,same_entangling_gate_count,0,1,RY,1,4,layer_000_wire_001_RY,3,0.014710492194007972,0.001082738809113601,0.02288784800094223,0.0
random_bp,expectation_value,bcw_6q_random_bp,hea,RX_RY_RZ_CNOT,none,circular,cnot,local,6,2,2,same_entangling_gate_count,0,1,RZ,2,5,layer_000_wire_001_RZ,3,0.056328745126534976,0.0004521658384555088,0.05632874512653498,0.0
random_bp,expectation_value,bcw_6q_random_bp,hea,RX_RY_RZ_CNOT,none,circular,cnot,local,6,2,2,same_entangling_gate_count,0,2,RX,0,6,layer_000_wire_002_RX,3,0.00814244075366121,0.0003345987221008982,0.012610702827776427,0.0
random_bp,expectation_value,bcw_6q_random_bp,hea,RX_RY_RZ_CNOT,none,circular,cnot,local,6,2,2,same_entangling_gate_count,0,2,RY,1,7,layer_000_wire_002_RY,3,0.020328046467999135,0.0002083683685679046,0.020328046467999135,0.0
random_bp,expectation_value,bcw_6q_random_bp,hea,RX_RY_RZ_CNOT,none,circular,cnot,local,6,2,2,same_entangling_gate_count,0,2,RZ,2,8,layer_000_wire_002_RZ,3,-0.020637780482679616,0.0015458580594726354,0.026678741978767215,0.0
random_bp,expectation_value,bcw_6q_random_bp,hea,RX_RY_RZ_CNOT,none,circular,cnot,local,6,2,2,same_entangling_gate_count,0,3,RX,0,9,layer_000_wire_003_RX,3,-0.04303203089816601,0.0010519898742337745,0.04303203089816601,0.0
random_bp,expectation_value,bcw_6q_random_bp,hea,RX_RY_RZ_CNOT,none,circular,cnot,local,6,2,2,same_entangling_gate_count,0,3,RY,1,10,layer_000_wire_003_RY,3,-0.013398776383390418,0.00031844692992895253,0.017772420362307556,0.0
random_bp,expectation_value,bcw_6q_random_bp,hea,RX_RY_RZ_CNOT,none,circular,cnot,local,6,2,2,same_entangling_gate_count,0,3,RZ,2,11,layer_000_wire_003_RZ,3,0.017875429562053728,0.00043532952292631133,0.017875429562053725,0.0
random_bp,expectation_value,bcw_6q_random_bp,hea,RX_RY_RZ_CNOT,none,circular,cnot,local,6,2,2,same_entangling_gate_count,0,4,RX,0,12,layer_000_wire_004_RX,3,-0.0009640420056434397,0.00045029675702933824,0.016433089675958107,0.0
random_bp,expectation_value,bcw_6q_random_bp,hea,RX_RY_RZ_CNOT,none,circular,cnot,local,6,2,2,same_entangling_gate_count,0,4,RY,1,13,layer_000_wire_004_RY,3,-0.003555277861000244,2.1009770260047976e-05,0.004645461292182933,0.0
random_bp,expectation_value,bcw_6q_random_bp,hea,RX_RY_RZ_CNOT,none,circular,cnot,local,6,2,2,same_entangling_gate_count,0,4,RZ,2,14,layer_000_wire_004_RZ,3,-0.005467746429011068,0.0003132699699538537,0.0120605804471132,0.0
random_bp,expectation_value,bcw_6q_random_bp,hea,RX_RY_RZ_CNOT,none,circular,cnot,local,6,2,2,same_entangling_gate_count,0,5,RX,0,15,layer_000_wire_005_RX,3,0.02651635484723408,0.0007104379459459534,0.026940849565019038,0.0
random_bp,expectation_value,bcw_6q_random_bp,hea,RX_RY_RZ_CNOT,none,circular,cnot,local,6,2,2,same_entangling_gate_count,0,5,RY,1,16,layer_000_wire_005_RY,3,-0.012081551089120096,4.1798156471947976e-05,0.012081551089120096,0.0
random_bp,expectation_value,bcw_6q_random_bp,hea,RX_RY_RZ_CNOT,none,circular,cnot,local,6,2,2,same_entangling_gate_count,0,5,RZ,2,17,layer_000_wire_005_RZ,3,0.0043504893285650145,0.00029419032898900737,0.014083409879872326,0.0
random_bp,expectation_value,bcw_6q_random_bp,hea,RX_RY_RZ_CNOT,none,circular,cnot,local,6,2,2,same_entangling_gate_count,1,0,RX,0,18,layer_001_wire_000_RX,3,0.008358027398887635,0.0005163959386925824,0.014676950067286346,0.0
random_bp,expectation_value,bcw_6q_random_bp,hea,RX_RY_RZ_CNOT,none,circular,cnot,local,6,2,2,same_entangling_gate_count,1,0,RY,1,19,layer_001_wire_000_RY,3,0.05397539171194457,0.0014655825016648039,0.05397539171194457,0.0
random_bp,expectation_value,bcw_6q_random_bp,hea,RX_RY_RZ_CNOT,none,circular,cnot,local,6,2,2,same_entangling_gate_count,1,0,RZ,2,20,layer_001_wire_000_RZ,3,9.81115731495366e-19,3.072380027191637e-34,1.1750245894193817e-17,1.0
random_bp,expectation_value,bcw_6q_random_bp,hea,RX_RY_RZ_CNOT,none,circular,cnot,local,6,2,2,same_entangling_gate_count,1,1,RX,0,21,layer_001_wire_001_RX,3,-0.021997544235458192,0.0014192723675190563,0.03094642632404168,0.0
random_bp,expectation_value,bcw_6q_random_bp,hea,RX_RY_RZ_CNOT,none,circular,cnot,local,6,2,2,same_entangling_gate_count,1,1,RY,1,22,layer_001_wire_001_RY,3,-0.04518218973500518,0.006111597945604387,0.051109008801939367,0.0
random_bp,expectation_value,bcw_6q_random_bp,hea,RX_RY_RZ_CNOT,none,circular,cnot,local,6,2,2,same_entangling_gate_count,1,1,RZ,2,23,layer_001_wire_001_RZ,3,1.933153708420334e-18,8.962846255283236e-35,6.29193684665389e-18,1.0
random_bp,expectation_value,bcw_6q_random_bp,hea,RX_RY_RZ_CNOT,none,circular,cnot,local,6,2,2,same_entangling_gate_count,1,2,RX,0,24,layer_001_wire_002_RX,3,0.006800788339719914,0.0003464966019928706,0.01203055228268756,0.0
random_bp,expectation_value,bcw_6q_random_bp,hea,RX_RY_RZ_CNOT,none,circular,cnot,local,6,2,2,same_entangling_gate_count,1,2,RY,1,25,layer_001_wire_002_RY,3,0.03838929219054679,0.0011721595051130467,0.03838929219054679,0.0
random_bp,expectation_value,bcw_6q_random_bp,hea,RX_RY_RZ_CNOT,none,circular,cnot,local,6,2,2,same_entangling_gate_count,1,2,RZ,2,26,layer_001_wire_002_RZ,3,-5.71866772938146e-18,1.312295411771872e-34,1.0534199491158026e-17,1.0
random_bp,expectation_value,bcw_6q_random_bp,hea,RX_RY_RZ_CNOT,none,circular,cnot,local,6,2,2,same_entangling_gate_count,1,3,RX,0,27,layer_001_wire_003_RX,3,0.013332935053246446,0.00040013053350721535,0.014606304508247445,0.0
random_bp,expectation_value,bcw_6q_random_bp,hea,RX_RY_RZ_CNOT,none,circular,cnot,local,6,2,2,same_entangling_gate_count,1,3,RY,1,28,layer_001_wire_003_RY,3,-0.07105610258087136,0.004583231738549047,0.07105610258087137,0.0
random_bp,expectation_value,bcw_6q_random_bp,hea,RX_RY_RZ_CNOT,none,circular,cnot,local,6,2,2,same_entangling_gate_count,1,3,RZ,2,29,layer_001_wire_003_RZ,3,2.0315832169316348e-17,3.212628779881051e-34,2.031583216931635e-17,1.0
random_bp,expectation_value,bcw_6q_random_bp,hea,RX_RY_RZ_CNOT,none,circular,cnot,local,6,2,2,same_entangling_gate_count,1,4,RX,0,30,layer_001_wire_004_RX,3,-0.029906834357370602,0.00142135164757339,0.03167352294384659,0.0
random_bp,expectation_value,bcw_6q_random_bp,hea,RX_RY_RZ_CNOT,none,circular,cnot,local,6,2,2,same_entangling_gate_count,1,4,RY,1,31,layer_001_wire_004_RY,3,0.0027020214240748106,0.0006607230868591824,0.018292356254913985,0.0
random_bp,expectation_value,bcw_6q_random_bp,hea,RX_RY_RZ_CNOT,none,circular,cnot,local,6,2,2,same_entangling_gate_count,1,4,RZ,2,32,layer_001_wire_004_RZ,3,-1.4501942340816494e-17,3.24019737921956e-34,1.4501942340816494e-17,1.0
random_bp,expectation_value,bcw_6q_random_bp,hea,RX_RY_RZ_CNOT,none,circular,cnot,local,6,2,2,same_entangling_gate_count,1,5,RX,0,33,layer_001_wire_005_RX,3,-0.03289943387338079,0.0016823272988625365,0.033206012369463224,0.0
random_bp,expectation_value,bcw_6q_random_bp,hea,RX_RY_RZ_CNOT,none,circular,cnot,local,6,2,2,same_entangling_gate_count,1,5,RY,1,34,layer_001_wire_005_RY,3,-0.010753467270523953,0.003540685210704029,0.04046869040029477,0.0
random_bp,expectation_value,bcw_6q_random_bp,hea,RX_RY_RZ_CNOT,none,circular,cnot,local,6,2,2,same_entangling_gate_count,1,5,RZ,2,35,layer_001_wire_005_RZ,3,4.682554525689913e-18,1.3482153256499637e-34,1.0169486305556843e-17,1.0
random_bp,expectation_value,bcw_6q_random_bp,hea,RX_RY_RZ_CNOT,none,linear,cnot,global,6,2,2,same_entangling_gate_count,0,0,RX,0,0,layer_000_wire_000_RX,3,0.012175438902910056,0.0005395476497227258,0.014442275782101546,0.0
random_bp,expectation_value,bcw_6q_random_bp,hea,RX_RY_RZ_CNOT,none,linear,cnot,global,6,2,2,same_entangling_gate_count,0,0,RY,1,1,layer_000_wire_000_RY,3,0.005496099555958912,0.00012980356896989236,0.010327154238193524,0.0
random_bp,expectation_value,bcw_6q_random_bp,hea,RX_RY_RZ_CNOT,none,linear,cnot,global,6,2,2,same_entangling_gate_count,0,0,RZ,2,2,layer_000_wire_000_RZ,3,7.760327895076057e-18,4.9914775347818796e-33,5.2640031585606023e-17,1.0
random_bp,expectation_value,bcw_6q_random_bp,hea,RX_RY_RZ_CNOT,none,linear,cnot,global,6,2,2,same_entangling_gate_count,0,1,RX,0,3,layer_000_wire_001_RX,3,-0.029855774099650137,0.015167480727608233,0.10298118076199646,0.0
random_bp,expectation_value,bcw_6q_random_bp,hea,RX_RY_RZ_CNOT,none,linear,cnot,global,6,2,2,same_entangling_gate_count,0,1,RY,1,4,layer_000_wire_001_RY,3,-0.027259463174586423,0.0012191691298288304,0.03462091745587471,0.0
random_bp,expectation_value,bcw_6q_random_bp,hea,RX_RY_RZ_CNOT,none,linear,cnot,global,6,2,2,same_entangling_gate_count,0,1,RZ,2,5,layer_000_wire_001_RZ,3,-0.00280177640470429,0.010606752585495658,0.08016871259786772,0.0
random_bp,expectation_value,bcw_6q_random_bp,hea,RX_RY_RZ_CNOT,none,linear,cnot,global,6,2,2,same_entangling_gate_count,0,2,RX,0,6,layer_000_wire_002_RX,3,0.04957321751721257,0.012926926097031097,0.08885483843906483,0.0
random_bp,expectation_value,bcw_6q_random_bp,hea,RX_RY_RZ_CNOT,none,linear,cnot,global,6,2,2,same_entangling_gate_count,0,2,RY,1,7,layer_000_wire_002_RY,3,-0.0004596198164742091,0.001136164380732027,0.02555579389996338,0.0
random_bp,expectation_value,bcw_6q_random_bp,hea,RX_RY_RZ_CNOT,none,linear,cnot,global,6,2,2,same_entangling_gate_count,0,2,RZ,2,8,layer_000_wire_002_RZ,3,0.04891355653971169,0.001682844830661406,0.04891355653971169,0.0
random_bp,expectation_value,bcw_6q_random_bp,hea,RX_RY_RZ_CNOT,none,linear,cnot,global,6,2,2,same_entangling_gate_count,0,3,RX,0,9,layer_000_wire_003_RX,3,0.03740165237302749,0.002721576118449707,0.037401652373027484,0.0
random_bp,expectation_value,bcw_6q_random_bp,hea,RX_RY_RZ_CNOT,none,linear,cnot,global,6,2,2,same_entangling_gate_count,0,3,RY,1,10,layer_000_wire_003_RY,3,0.02028292014465003,0.003429213078622174,0.0382808859390548,0.0
random_bp,expectation_value,bcw_6q_random_bp,hea,RX_RY_RZ_CNOT,none,linear,cnot,global,6,2,2,same_entangling_gate_count,0,3,RZ,2,11,layer_000_wire_003_RZ,3,0.0038201021438352342,0.012297259909743235,0.07776336319193651,0.0
random_bp,expectation_value,bcw_6q_random_bp,hea,RX_RY_RZ_CNOT,none,linear,cnot,global,6,2,2,same_entangling_gate_count,0,4,RX,0,12,layer_000_wire_004_RX,3,-0.007385597380815498,0.012098108887437183,0.08563171318905727,0.0
random_bp,expectation_value,bcw_6q_random_bp,hea,RX_RY_RZ_CNOT,none,linear,cnot,global,6,2,2,same_entangling_gate_count,0,4,RY,1,13,layer_000_wire_004_RY,3,0.004678505979623533,0.0005951554127319066,0.016705437330776087,0.0
random_bp,expectation_value,bcw_6q_random_bp,hea,RX_RY_RZ_CNOT,none,linear,cnot,global,6,2,2,same_entangling_gate_count,0,4,RZ,2,14,layer_000_wire_004_RZ,3,0.04243322977392513,0.0018742714922191518,0.04243322977392513,0.0
random_bp,expectation_value,bcw_6q_random_bp,hea,RX_RY_RZ_CNOT,none,linear,cnot,global,6,2,2,same_entangling_gate_count,0,5,RX,0,15,layer_000_wire_005_RX,3,0.06186173032544547,0.0008607884228675228,0.06186173032544547,0.0
random_bp,expectation_value,bcw_6q_random_bp,hea,RX_RY_RZ_CNOT,none,linear,cnot,global,6,2,2,same_entangling_gate_count,0,5,RY,1,16,layer_000_wire_005_RY,3,0.018632576639226794,0.0010372390461083154,0.020576262247238342,0.0
random_bp,expectation_value,bcw_6q_random_bp,hea,RX_RY_RZ_CNOT,none,linear,cnot,global,6,2,2,same_entangling_gate_count,0,5,RZ,2,17,layer_000_wire_005_RZ,3,0.01367656813645298,0.0036717819453668623,0.04097717107404731,0.0
random_bp,expectation_value,bcw_6q_random_bp,hea,RX_RY_RZ_CNOT,none,linear,cnot,global,6,2,2,same_entangling_gate_count,1,0,RX,0,18,layer_001_wire_000_RX,3,-9.830099697201906e-18,3.1908245589040615e-33,4.2211604582102304e-17,1.0
random_bp,expectation_value,bcw_6q_random_bp,hea,RX_RY_RZ_CNOT,none,linear,cnot,global,6,2,2,same_entangling_gate_count,1,0,RY,1,19,layer_001_wire_000_RY,3,1.0408340855860843e-17,5.139825539083436e-33,5.4354668913939954e-17,1.0
random_bp,expectation_value,bcw_6q_random_bp,hea,RX_RY_RZ_CNOT,none,linear,cnot,global,6,2,2,same_entangling_gate_count,1,0,RZ,2,20,layer_001_wire_000_RZ,3,-3.0827354566606895e-17,3.0016839813377202e-33,5.0893084468969276e-17,1.0
random_bp,expectation_value,bcw_6q_random_bp,hea,RX_RY_RZ_CNOT,none,linear,cnot,global,6,2,2,same_entangling_gate_count,1,1,RX,0,21,layer_001_wire_001_RX,3,-0.020863684378428636,0.0013821497756294101,0.025445110978774235,0.0
random_bp,expectation_value,bcw_6q_random_bp,hea,RX_RY_RZ_CNOT,none,linear,cnot,global,6,2,2,same_entangling_gate_count,1,1,RY,1,22,layer_001_wire_001_RY,3,-0.00015243171964035573,0.01655394394888477,0.09888325174253075,0.0
random_bp,expectation_value,bcw_6q_random_bp,hea,RX_RY_RZ_CNOT,none,linear,cnot,global,6,2,2,same_entangling_gate_count,1,1,RZ,2,23,layer_001_wire_001_RZ,3,-3.997158551316355e-17,4.6871571290499266e-33,6.061921524856629e-17,1.0
random_bp,expectation_value,bcw_6q_random_bp,hea,RX_RY_RZ_CNOT,none,linear,cnot,global,6,2,2,same_entangling_gate_count,1,2,RX,0,24,layer_001_wire_002_RX,3,-8.962737959213502e-18,1.2340496427512483e-33,2.284052576702796e-17,1.0
random_bp,expectation_value,bcw_6q_random_bp,hea,RX_RY_RZ_CNOT,none,linear,cnot,global,6,2,2,same_entangling_gate_count,1,2,RY,1,25,layer_001_wire_002_RY,3,2.3997008084345832e-17,1.640300490395431e-33,3.8453037050819226e-17,1.0
random_bp,expectation_value,bcw_6q_random_bp,hea,RX_RY_RZ_CNOT,none,linear,cnot,global,6,2,2,same_entangling_gate_count,1,2,RZ,2,26,layer_001_wire_002_RZ,3,2.3216773829357197e-17,1.5868579084035412e-33,3.82440518427638e-17,1.0
random_bp,expectation_value,bcw_6q_random_bp,hea,RX_RY_RZ_CNOT,none,linear,cnot,global,6,2,2,same_entangling_gate_count,1,3,RX,0,27,layer_001_wire_003_RX,3,0.024975385081551796,0.0013148811283464228,0.029488740979028306,0.0
random_bp,expectation_value,bcw_6q_random_bp,hea,RX_RY_RZ_CNOT,none,linear,cnot,global,6,2,2,same_entangling_gate_count,1,3,RY,1,28,layer_001_wire_003_RY,3,-0.00572751091706282,0.04581143961038243,0.1571349962328863,0.0
random_bp,expectation_value,bcw_6q_random_bp,hea,RX_RY_RZ_CNOT,none,linear,cnot,global,6,2,2,same_entangling_gate_count,1,3,RZ,2,29,layer_001_wire_003_RZ,3,-1.794900113139453e-17,9.345226617847223e-34,2.836375658354422e-17,1.0
random_bp,expectation_value,bcw_6q_random_bp,hea,RX_RY_RZ_CNOT,none,linear,cnot,global,6,2,2,same_entangling_gate_count,1,4,RX,0,30,layer_001_wire_004_RX,3,4.5825611823720656e-17,3.2455555758783465e-33,4.5825611823720656e-17,1.0
random_bp,expectation_value,bcw_6q_random_bp,hea,RX_RY_RZ_CNOT,none,linear,cnot,global,6,2,2,same_entangling_gate_count,1,4,RY,1,31,layer_001_wire_004_RY,3,-1.9660199394403815e-17,3.7806406043726525e-33,4.0476881106125497e-17,1.0
random_bp,expectation_value,bcw_6q_random_bp,hea,RX_RY_RZ_CNOT,none,linear,cnot,global,6,2,2,same_entangling_gate_count,1,4,RZ,2,32,layer_001_wire_004_RZ,3,2.4393577921479165e-17,6.638190961743235e-34,2.794665970306918e-17,1.0
random_bp,expectation_value,bcw_6q_random_bp,hea,RX_RY_RZ_CNOT,none,linear,cnot,global,6,2,2,same_entangling_gate_count,1,5,RX,0,33,layer_001_wire_005_RX,3,-0.01628541524084608,3.33398246063944e-05,0.01628541524084608,0.0
random_bp,expectation_value,bcw_6q_random_bp,hea,RX_RY_RZ_CNOT,none,linear,cnot,global,6,2,2,same_entangling_gate_count,1,5,RY,1,34,layer_001_wire_005_RY,3,0.09333351082681253,0.0048104151054287865,0.09333351082681253,0.0
random_bp,expectation_value,bcw_6q_random_bp,hea,RX_RY_RZ_CNOT,none,linear,cnot,global,6,2,2,same_entangling_gate_count,1,5,RZ,2,35,layer_001_wire_005_RZ,3,4.995409545523688e-18,1.7687118471062098e-34,8.566957115122879e-18,1.0
random_bp,expectation_value,bcw_6q_random_bp,hea,RX_RY_RZ_CNOT,none,circular,cnot,global,6,2,2,same_entangling_gate_count,0,0,RX,0,0,layer_000_wire_000_RX,3,0.012636636674082623,0.0013408935423848208,0.027889497428673138,0.0
random_bp,expectation_value,bcw_6q_random_bp,hea,RX_RY_RZ_CNOT,none,circular,cnot,global,6,2,2,same_entangling_gate_count,0,0,RY,1,1,layer_000_wire_000_RY,3,-0.00394885465183673,0.003587863320716905,0.040431935119036824,0.0
random_bp,expectation_value,bcw_6q_random_bp,hea,RX_RY_RZ_CNOT,none,circular,cnot,global,6,2,2,same_entangling_gate_count,0,0,RZ,2,2,layer_000_wire_000_RZ,3,-0.007886265128223224,7.979655638352674e-05,0.009292284086537338,0.0
random_bp,expectation_value,bcw_6q_random_bp,hea,RX_RY_RZ_CNOT,none,circular,cnot,global,6,2,2,same_entangling_gate_count,0,1,RX,0,3,layer_000_wire_001_RX,3,0.01783265260413988,0.012731563235616345,0.08312479948651334,0.0
random_bp,expectation_value,bcw_6q_random_bp,hea,RX_RY_RZ_CNOT,none,circular,cnot,global,6,2,2,same_entangling_gate_count,0,1,RY,1,4,layer_000_wire_001_RY,3,0.004986258260921982,0.002033663666380781,0.032367199159644214,0.0
random_bp,expectation_value,bcw_6q_random_bp,hea,RX_RY_RZ_CNOT,none,circular,cnot,global,6,2,2,same_entangling_gate_count,0,1,RZ,2,5,layer_000_wire_001_RZ,3,-0.018021156246595154,0.007854390339825917,0.061845725769686076,0.0
random_bp,expectation_value,bcw_6q_random_bp,hea,RX_RY_RZ_CNOT,none,circular,cnot,global,6,2,2,same_entangling_gate_count,0,2,RX,0,6,layer_000_wire_002_RX,3,0.0097541711079186,0.0009370038835123298,0.026291546588669227,0.0
random_bp,expectation_value,bcw_6q_random_bp,hea,RX_RY_RZ_CNOT,none,circular,cnot,global,6,2,2,same_entangling_gate_count,0,2,RY,1,7,layer_000_wire_002_RY,3,-0.02625070861909356,0.0007455495600698894,0.026250708619093562,0.0
random_bp,expectation_value,bcw_6q_random_bp,hea,RX_RY_RZ_CNOT,none,circular,cnot,global,6,2,2,same_entangling_gate_count,0,2,RZ,2,8,layer_000_wire_002_RZ,3,0.0004844024593627489,0.0016195548625137146,0.02719668388708404,0.0
random_bp,expectation_value,bcw_6q_random_bp,hea,RX_RY_RZ_CNOT,none,circular,cnot,global,6,2,2,same_entangling_gate_count,0,3,RX,0,9,layer_000_wire_003_RX,3,-0.026837817236609978,0.0038807255489548397,0.03900420528148391,0.0
random_bp,expectation_value,bcw_6q_random_bp,hea,RX_RY_RZ_CNOT,none,circular,cnot,global,6,2,2,same_entangling_gate_count,0,3,RY,1,10,layer_000_wire_003_RY,3,0.017781737287678036,0.0046854777402205484,0.044932252763259406,0.0
random_bp,expectation_value,bcw_6q_random_bp,hea,RX_RY_RZ_CNOT,none,circular,cnot,global,6,2,2,same_entangling_gate_count,0,3,RZ,2,11,layer_000_wire_003_RZ,3,0.012059700570973463,0.007337901184871089,0.05900664110980371,0.0
random_bp,expectation_value,bcw_6q_random_bp,hea,RX_RY_RZ_CNOT,none,circular,cnot,global,6,2,2,same_entangling_gate_count,0,4,RX,0,12,layer_000_wire_004_RX,3,0.0447063687299296,0.007027149140388519,0.04961849507564339,0.0
random_bp,expectation_value,bcw_6q_random_bp,hea,RX_RY_RZ_CNOT,none,circular,cnot,global,6,2,2,same_entangling_gate_count,0,4,RY,1,13,layer_000_wire_004_RY,3,-0.01059361818245023,0.0009130106373840858,0.0206574003410547,0.0
random_bp,expectation_value,bcw_6q_random_bp,hea,RX_RY_RZ_CNOT,none,circular,cnot,global,6,2,2,same_entangling_gate_count,0,4,RZ,2,14,layer_000_wire_004_RZ,3,0.02110692446927424,0.0005609705389512645,0.02110692446927424,0.0
random_bp,expectation_value,bcw_6q_random_bp,hea,RX_RY_RZ_CNOT,none,circular,cnot,global,6,2,2,same_entangling_gate_count,0,5,RX,0,15,layer_000_wire_005_RX,3,-0.017326766199840797,0.0031397699586734563,0.04769527016567084,0.0
random_bp,expectation_value,bcw_6q_random_bp,hea,RX_RY_RZ_CNOT,none,circular,cnot,global,6,2,2,same_entangling_gate_count,0,5,RY,1,16,layer_000_wire_005_RY,3,0.009326244643995108,0.0015164591941021033,0.03233061520052152,0.0
random_bp,expectation_value,bcw_6q_random_bp,hea,RX_RY_RZ_CNOT,none,circular,cnot,global,6,2,2,same_entangling_gate_count,0,5,RZ,2,17,layer_000_wire_005_RZ,3,0.026451158302361083,0.002727646952751348,0.04695027809646404,0.0
random_bp,expectation_value,bcw_6q_random_bp,hea,RX_RY_RZ_CNOT,none,circular,cnot,global,6,2,2,same_entangling_gate_count,1,0,RX,0,18,layer_001_wire_000_RX,3,0.014520770903534989,0.0010797411833359466,0.02500996860683105,0.0
random_bp,expectation_value,bcw_6q_random_bp,hea,RX_RY_RZ_CNOT,none,circular,cnot,global,6,2,2,same_entangling_gate_count,1,0,RY,1,19,layer_001_wire_000_RY,3,-0.01611162268073794,0.0070954326150760045,0.06900416821800041,0.0
random_bp,expectation_value,bcw_6q_random_bp,hea,RX_RY_RZ_CNOT,none,circular,cnot,global,6,2,2,same_entangling_gate_count,1,0,RZ,2,20,layer_001_wire_000_RZ,3,2.72363960808367e-18,2.300164692314397e-33,3.557231981824092e-17,1.0
random_bp,expectation_value,bcw_6q_random_bp,hea,RX_RY_RZ_CNOT,none,circular,cnot,global,6,2,2,same_entangling_gate_count,1,1,RX,0,21,layer_001_wire_001_RX,3,1.4456028966473395e-18,8.451020719511699e-35,6.071532165918825e-18,1.0
random_bp,expectation_value,bcw_6q_random_bp,hea,RX_RY_RZ_CNOT,none,circular,cnot,global,6,2,2,same_entangling_gate_count,1,1,RY,1,22,layer_001_wire_001_RY,3,2.45029690981724e-17,1.2178121474518899e-35,2.45029690981724e-17,1.0
random_bp,expectation_value,bcw_6q_random_bp,hea,RX_RY_RZ_CNOT,none,circular,cnot,global,6,2,2,same_entangling_gate_count,1,1,RZ,2,23,layer_001_wire_001_RZ,3,2.6118116545851707e-17,1.753486062853489e-34,2.6118116545851707e-17,1.0
random_bp,expectation_value,bcw_6q_random_bp,hea,RX_RY_RZ_CNOT,none,circular,cnot,global,6,2,2,same_entangling_gate_count,1,2,RX,0,24,layer_001_wire_002_RX,3,-0.01629984938622731,0.0001250862995100742,0.01629984938622731,0.0
random_bp,expectation_value,bcw_6q_random_bp,hea,RX_RY_RZ_CNOT,none,circular,cnot,global,6,2,2,same_entangling_gate_count,1,2,RY,1,25,layer_001_wire_002_RY,3,0.10653779550084615,0.01125996164852907,0.11674315835035425,0.0
random_bp,expectation_value,bcw_6q_random_bp,hea,RX_RY_RZ_CNOT,none,circular,cnot,global,6,2,2,same_entangling_gate_count,1,2,RZ,2,26,layer_001_wire_002_RZ,3,1.5065442324018677e-17,8.905662435896018e-34,2.7566549292272356e-17,1.0
random_bp,expectation_value,bcw_6q_random_bp,hea,RX_RY_RZ_CNOT,none,circular,cnot,global,6,2,2,same_entangling_gate_count,1,3,RX,0,27,layer_001_wire_003_RX,3,-4.336808689942018e-17,2.7655150295185465e-33,4.336808689942018e-17,1.0
random_bp,expectation_value,bcw_6q_random_bp,hea,RX_RY_RZ_CNOT,none,circular,cnot,global,6,2,2,same_entangling_gate_count,1,3,RY,1,28,layer_001_wire_003_RY,3,-3.469446951953614e-18,5.175936725540696e-34,1.5034270125132327e-17,1.0
random_bp,expectation_value,bcw_6q_random_bp,hea,RX_RY_RZ_CNOT,none,circular,cnot,global,6,2,2,same_entangling_gate_count,1,3,RZ,2,29,layer_001_wire_003_RZ,3,-1.3536843813305442e-17,3.534190259248698e-33,4.459583601972483e-17,1.0
random_bp,expectation_value,bcw_6q_random_bp,hea,RX_RY_RZ_CNOT,none,circular,cnot,global,6,2,2,same_entangling_gate_count,1,4,RX,0,30,layer_001_wire_004_RX,3,-0.01730473838407771,9.532630425839866e-05,0.01730473838407771,0.0
random_bp,expectation_value,bcw_6q_random_bp,hea,RX_RY_RZ_CNOT,none,circular,cnot,global,6,2,2,same_entangling_gate_count,1,4,RY,1,31,layer_001_wire_004_RY,3,0.006608187661866875,0.011155315240770281,0.07734140563490229,0.0
random_bp,expectation_value,bcw_6q_random_bp,hea,RX_RY_RZ_CNOT,none,circular,cnot,global,6,2,2,same_entangling_gate_count,1,4,RZ,2,32,layer_001_wire_004_RZ,3,3.5547684226665785e-17,4.001497954253392e-34,3.5547684226665785e-17,1.0
random_bp,expectation_value,bcw_6q_random_bp,hea,RX_RY_RZ_CNOT,none,circular,cnot,global,6,2,2,same_entangling_gate_count,1,5,RX,0,33,layer_001_wire_005_RX,3,1.6768993601109137e-17,6.389673825909735e-34,2.4864369822334236e-17,1.0
random_bp,expectation_value,bcw_6q_random_bp,hea,RX_RY_RZ_CNOT,none,circular,cnot,global,6,2,2,same_entangling_gate_count,1,5,RY,1,34,layer_001_wire_005_RY,3,-4.6259292692714846e-18,9.760051228587398e-34,2.544261098099317e-17,1.0
random_bp,expectation_value,bcw_6q_random_bp,hea,RX_RY_RZ_CNOT,none,circular,cnot,global,6,2,2,same_entangling_gate_count,1,5,RZ,2,35,layer_001_wire_005_RZ,3,1.0616049807316034e-17,6.053717474085629e-34,1.5371934547740395e-17,1.0
random_bp,expectation_value,bcw_6q_random_bp,hea,RX_RY_RZ_CNOT,none,linear,cnot,hamiltonian_local,6,2,2,same_entangling_gate_count,0,0,RX,0,0,layer_000_wire_000_RX,3,0.015167806873556264,0.0005546705690899321,0.015274764655583613,0.0
random_bp,expectation_value,bcw_6q_random_bp,hea,RX_RY_RZ_CNOT,none,linear,cnot,hamiltonian_local,6,2,2,same_entangling_gate_count,0,0,RY,1,1,layer_000_wire_000_RY,3,-0.00122375509786912,0.00015329333400873762,0.008511972838820443,0.0
random_bp,expectation_value,bcw_6q_random_bp,hea,RX_RY_RZ_CNOT,none,linear,cnot,hamiltonian_local,6,2,2,same_entangling_gate_count,0,0,RZ,2,2,layer_000_wire_000_RZ,3,-2.1185946399554344e-17,1.3517759557043704e-33,3.468936749146753e-17,1.0
random_bp,expectation_value,bcw_6q_random_bp,hea,RX_RY_RZ_CNOT,none,linear,cnot,hamiltonian_local,6,2,2,same_entangling_gate_count,0,1,RX,0,3,layer_000_wire_001_RX,3,0.09061619895345828,0.00010578498165170466,0.0906161989534583,0.0
random_bp,expectation_value,bcw_6q_random_bp,hea,RX_RY_RZ_CNOT,none,linear,cnot,hamiltonian_local,6,2,2,same_entangling_gate_count,0,1,RY,1,4,layer_000_wire_001_RY,3,0.03856444630228582,0.0007331674836698781,0.03856444630228582,0.0
random_bp,expectation_value,bcw_6q_random_bp,hea,RX_RY_RZ_CNOT,none,linear,cnot,hamiltonian_local,6,2,2,same_entangling_gate_count,0,1,RZ,2,5,layer_000_wire_001_RZ,3,-0.025710224454077737,0.006903244792891624,0.07003275198264204,0.0
random_bp,expectation_value,bcw_6q_random_bp,hea,RX_RY_RZ_CNOT,none,linear,cnot,hamiltonian_local,6,2,2,same_entangling_gate_count,0,2,RX,0,6,layer_000_wire_002_RX,3,0.027930278691000954,0.0005405667774862038,0.027930278691000954,0.0
random_bp,expectation_value,bcw_6q_random_bp,hea,RX_RY_RZ_CNOT,none,linear,cnot,hamiltonian_local,6,2,2,same_entangling_gate_count,0,2,RY,1,7,layer_000_wire_002_RY,3,-0.007975839343469716,0.0003043630748461228,0.01295426474906843,0.0
random_bp,expectation_value,bcw_6q_random_bp,hea,RX_RY_RZ_CNOT,none,linear,cnot,hamiltonian_local,6,2,2,same_entangling_gate_count,0,2,RZ,2,8,layer_000_wire_002_RZ,3,0.0189635616408236,0.0012994468863379472,0.021415806172159737,0.0
random_bp,expectation_value,bcw_6q_random_bp,hea,RX_RY_RZ_CNOT,none,linear,cnot,hamiltonian_local,6,2,2,same_entangling_gate_count,0,3,RX,0,9,layer_000_wire_003_RX,3,-0.011225363142058234,3.677456340489377e-05,0.011225363142058234,0.0
random_bp,expectation_value,bcw_6q_random_bp,hea,RX_RY_RZ_CNOT,none,linear,cnot,hamiltonian_local,6,2,2,same_entangling_gate_count,0,3,RY,1,10,layer_000_wire_003_RY,3,0.0013920490449535203,7.673774670646311e-05,0.0068163750174118345,0.0
random_bp,expectation_value,bcw_6q_random_bp,hea,RX_RY_RZ_CNOT,none,linear,cnot,hamiltonian_local,6,2,2,same_entangling_gate_count,0,3,RZ,2,11,layer_000_wire_003_RZ,3,0.0063469955337271565,0.00019242723802852943,0.012337236703197587,0.0
random_bp,expectation_value,bcw_6q_random_bp,hea,RX_RY_RZ_CNOT,none,linear,cnot,hamiltonian_local,6,2,2,same_entangling_gate_count,0,4,RX,0,12,layer_000_wire_004_RX,3,0.06514653816558007,0.0037361146615626437,0.06514653816558007,0.0
random_bp,expectation_value,bcw_6q_random_bp,hea,RX_RY_RZ_CNOT,none,linear,cnot,hamiltonian_local,6,2,2,same_entangling_gate_count,0,4,RY,1,13,layer_000_wire_004_RY,3,-0.028704603113910758,0.0019098324837439095,0.03429720162784505,0.0
random_bp,expectation_value,bcw_6q_random_bp,hea,RX_RY_RZ_CNOT,none,linear,cnot,hamiltonian_local,6,2,2,same_entangling_gate_count,0,4,RZ,2,14,layer_000_wire_004_RZ,3,-0.009800860484854224,0.0004669894607883082,0.01429418155032531,0.0
random_bp,expectation_value,bcw_6q_random_bp,hea,RX_RY_RZ_CNOT,none,linear,cnot,hamiltonian_local,6,2,2,same_entangling_gate_count,0,5,RX,0,15,layer_000_wire_005_RX,3,-0.038177320254259225,0.010076373493061227,0.06329867666827146,0.0
random_bp,expectation_value,bcw_6q_random_bp,hea,RX_RY_RZ_CNOT,none,linear,cnot,hamiltonian_local,6,2,2,same_entangling_gate_count,0,5,RY,1,16,layer_000_wire_005_RY,3,0.031302342772013186,0.001476115794642847,0.03137994971564793,0.0
random_bp,expectation_value,bcw_6q_random_bp,hea,RX_RY_RZ_CNOT,none,linear,cnot,hamiltonian_local,6,2,2,same_entangling_gate_count,0,5,RZ,2,17,layer_000_wire_005_RZ,3,-0.03468277589053268,0.0008983662512157162,0.03468277589053268,0.0
random_bp,expectation_value,bcw_6q_random_bp,hea,RX_RY_RZ_CNOT,none,linear,cnot,hamiltonian_local,6,2,2,same_entangling_gate_count,1,0,RX,0,18,layer_001_wire_000_RX,3,-1.61907524424502e-17,3.0493890786131233e-34,1.61907524424502e-17,1.0
random_bp,expectation_value,bcw_6q_random_bp,hea,RX_RY_RZ_CNOT,none,linear,cnot,hamiltonian_local,6,2,2,same_entangling_gate_count,1,0,RY,1,19,layer_001_wire_000_RY,3,0.0,6.2592723192585165e-34,1.850371707708594e-17,1.0
random_bp,expectation_value,bcw_6q_random_bp,hea,RX_RY_RZ_CNOT,none,linear,cnot,hamiltonian_local,6,2,2,same_entangling_gate_count,1,0,RZ,2,20,layer_001_wire_000_RZ,3,-1.7539755968474733e-17,3.687201503564e-35,1.7539755968474733e-17,1.0
random_bp,expectation_value,bcw_6q_random_bp,hea,RX_RY_RZ_CNOT,none,linear,cnot,hamiltonian_local,6,2,2,same_entangling_gate_count,1,1,RX,0,21,layer_001_wire_001_RX,3,0.02847179984090642,0.0019424641496094395,0.028471799840906416,0.0
random_bp,expectation_value,bcw_6q_random_bp,hea,RX_RY_RZ_CNOT,none,linear,cnot,hamiltonian_local,6,2,2,same_entangling_gate_count,1,1,RY,1,22,layer_001_wire_001_RY,3,-0.07345240075183601,0.00012155862676495014,0.07345240075183601,0.0
random_bp,expectation_value,bcw_6q_random_bp,hea,RX_RY_RZ_CNOT,none,linear,cnot,hamiltonian_local,6,2,2,same_entangling_gate_count,1,1,RZ,2,23,layer_001_wire_001_RZ,3,-1.520026399737227e-18,7.351454055237701e-34,2.036219396305316e-17,1.0
random_bp,expectation_value,bcw_6q_random_bp,hea,RX_RY_RZ_CNOT,none,linear,cnot,hamiltonian_local,6,2,2,same_entangling_gate_count,1,2,RX,0,24,layer_001_wire_002_RX,3,-0.0025089953949982867,1.6010306151460355e-05,0.003070522442923993,0.0
random_bp,expectation_value,bcw_6q_random_bp,hea,RX_RY_RZ_CNOT,none,linear,cnot,hamiltonian_local,6,2,2,same_entangling_gate_count,1,2,RY,1,25,layer_001_wire_002_RY,3,-0.0895653923280649,0.003511420587281453,0.08956539232806489,0.0
random_bp,expectation_value,bcw_6q_random_bp,hea,RX_RY_RZ_CNOT,none,linear,cnot,hamiltonian_local,6,2,2,same_entangling_gate_count,1,2,RZ,2,26,layer_001_wire_002_RZ,3,1.0122492570204266e-17,7.311361015899895e-35,1.0122492570204265e-17,1.0
random_bp,expectation_value,bcw_6q_random_bp,hea,RX_RY_RZ_CNOT,none,linear,cnot,hamiltonian_local,6,2,2,same_entangling_gate_count,1,3,RX,0,27,layer_001_wire_003_RX,3,-8.425450798211591e-05,5.345878986892661e-08,0.00018433793662288775,0.0
random_bp,expectation_value,bcw_6q_random_bp,hea,RX_RY_RZ_CNOT,none,linear,cnot,hamiltonian_local,6,2,2,same_entangling_gate_count,1,3,RY,1,28,layer_001_wire_003_RY,3,-0.08996362070823867,0.0011043254690006193,0.08996362070823867,0.0
random_bp,expectation_value,bcw_6q_random_bp,hea,RX_RY_RZ_CNOT,none,linear,cnot,hamiltonian_local,6,2,2,same_entangling_gate_count,1,3,RZ,2,29,layer_001_wire_003_RZ,3,-4.667597954585441e-18,3.75090440267724e-36,4.66759795458544e-18,1.0
random_bp,expectation_value,bcw_6q_random_bp,hea,RX_RY_RZ_CNOT,none,linear,cnot,hamiltonian_local,6,2,2,same_entangling_gate_count,1,4,RX,0,30,layer_001_wire_004_RX,3,3.4172657786470974e-05,1.8545266977435996e-08,0.00010180432456127619,0.0
random_bp,expectation_value,bcw_6q_random_bp,hea,RX_RY_RZ_CNOT,none,linear,cnot,hamiltonian_local,6,2,2,same_entangling_gate_count,1,4,RY,1,31,layer_001_wire_004_RY,3,0.034819771683216184,0.007220901084452219,0.07596428106612745,0.0
random_bp,expectation_value,bcw_6q_random_bp,hea,RX_RY_RZ_CNOT,none,linear,cnot,hamiltonian_local,6,2,2,same_entangling_gate_count,1,4,RZ,2,32,layer_001_wire_004_RZ,3,1.1506278850679759e-17,4.30691263656313e-35,1.1506278850679759e-17,1.0
random_bp,expectation_value,bcw_6q_random_bp,hea,RX_RY_RZ_CNOT,none,linear,cnot,hamiltonian_local,6,2,2,same_entangling_gate_count,1,5,RX,0,33,layer_001_wire_005_RX,3,-2.933457350914881e-05,3.653239746541598e-09,4.70450803500555e-05,0.0
random_bp,expectation_value,bcw_6q_random_bp,hea,RX_RY_RZ_CNOT,none,linear,cnot,hamiltonian_local,6,2,2,same_entangling_gate_count,1,5,RY,1,34,layer_001_wire_005_RY,3,0.028037699592741924,0.011039516395585045,0.0882136297669636,0.0
random_bp,expectation_value,bcw_6q_random_bp,hea,RX_RY_RZ_CNOT,none,linear,cnot,hamiltonian_local,6,2,2,same_entangling_gate_count,1,5,RZ,2,35,layer_001_wire_005_RZ,3,9.132282619050141e-18,2.4459645628185414e-34,9.132282619050143e-18,1.0
random_bp,expectation_value,bcw_6q_random_bp,hea,RX_RY_RZ_CNOT,none,circular,cnot,hamiltonian_local,6,2,2,same_entangling_gate_count,0,0,RX,0,0,layer_000_wire_000_RX,3,0.004745480025235907,0.0015802843901086877,0.027606267327581858,0.0
random_bp,expectation_value,bcw_6q_random_bp,hea,RX_RY_RZ_CNOT,none,circular,cnot,hamiltonian_local,6,2,2,same_entangling_gate_count,0,0,RY,1,1,layer_000_wire_000_RY,3,-0.008437462692215566,0.0016312592989340317,0.026784990470622636,0.0
random_bp,expectation_value,bcw_6q_random_bp,hea,RX_RY_RZ_CNOT,none,circular,cnot,hamiltonian_local,6,2,2,same_entangling_gate_count,0,0,RZ,2,2,layer_000_wire_000_RZ,3,0.011618843928354883,0.000727483856843874,0.02013972697337099,0.0
random_bp,expectation_value,bcw_6q_random_bp,hea,RX_RY_RZ_CNOT,none,circular,cnot,hamiltonian_local,6,2,2,same_entangling_gate_count,0,1,RX,0,3,layer_000_wire_001_RX,3,-0.023087601663130227,0.0022441538361951314,0.03225403751592965,0.0
random_bp,expectation_value,bcw_6q_random_bp,hea,RX_RY_RZ_CNOT,none,circular,cnot,hamiltonian_local,6,2,2,same_entangling_gate_count,0,1,RY,1,4,layer_000_wire_001_RY,3,0.013668916047561737,0.00048507405808913647,0.02096113744788601,0.0
random_bp,expectation_value,bcw_6q_random_bp,hea,RX_RY_RZ_CNOT,none,circular,cnot,hamiltonian_local,6,2,2,same_entangling_gate_count,0,1,RZ,2,5,layer_000_wire_001_RZ,3,0.005253029167165843,0.0008702395027463491,0.020917863879316184,0.0
random_bp,expectation_value,bcw_6q_random_bp,hea,RX_RY_RZ_CNOT,none,circular,cnot,hamiltonian_local,6,2,2,same_entangling_gate_count,0,2,RX,0,6,layer_000_wire_002_RX,3,0.039216020261246494,0.005061207308748243,0.056013186958667555,0.0
random_bp,expectation_value,bcw_6q_random_bp,hea,RX_RY_RZ_CNOT,none,circular,cnot,hamiltonian_local,6,2,2,same_entangling_gate_count,0,2,RY,1,7,layer_000_wire_002_RY,3,-0.03749557967212414,0.005040834819628092,0.042155212558838334,0.0
random_bp,expectation_value,bcw_6q_random_bp,hea,RX_RY_RZ_CNOT,none,circular,cnot,hamiltonian_local,6,2,2,same_entangling_gate_count,0,2,RZ,2,8,layer_000_wire_002_RZ,3,0.09315953422336479,0.018995657434863283,0.0931595342233648,0.0
random_bp,expectation_value,bcw_6q_random_bp,hea,RX_RY_RZ_CNOT,none,circular,cnot,hamiltonian_local,6,2,2,same_entangling_gate_count,0,3,RX,0,9,layer_000_wire_003_RX,3,-0.025037704504958215,0.0023760654868743526,0.03362512359614992,0.0
random_bp,expectation_value,bcw_6q_random_bp,hea,RX_RY_RZ_CNOT,none,circular,cnot,hamiltonian_local,6,2,2,same_entangling_gate_count,0,3,RY,1,10,layer_000_wire_003_RY,3,-0.013377103081394245,0.0009387267627820258,0.02698154819364298,0.0
random_bp,expectation_value,bcw_6q_random_bp,hea,RX_RY_RZ_CNOT,none,circular,cnot,hamiltonian_local,6,2,2,same_entangling_gate_count,0,3,RZ,2,11,layer_000_wire_003_RZ,3,-0.00834272413248094,0.0002703980050983161,0.013711723251269403,0.0
random_bp,expectation_value,bcw_6q_random_bp,hea,RX_RY_RZ_CNOT,none,circular,cnot,hamiltonian_local,6,2,2,same_entangling_gate_count,0,4,RX,0,12,layer_000_wire_004_RX,3,0.06897136051990087,0.004353137720273461,0.06897136051990087,0.0
random_bp,expectation_value,bcw_6q_random_bp,hea,RX_RY_RZ_CNOT,none,circular,cnot,hamiltonian_local,6,2,2,same_entangling_gate_count,0,4,RY,1,13,layer_000_wire_004_RY,3,-0.04148402357806582,0.004410419439887477,0.05131971652156647,0.0
random_bp,expectation_value,bcw_6q_random_bp,hea,RX_RY_RZ_CNOT,none,circular,cnot,hamiltonian_local,6,2,2,same_entangling_gate_count,0,4,RZ,2,14,layer_000_wire_004_RZ,3,-0.008288820178953903,6.127620642555566e-05,0.008530381864061298,0.0
random_bp,expectation_value,bcw_6q_random_bp,hea,RX_RY_RZ_CNOT,none,circular,cnot,hamiltonian_local,6,2,2,same_entangling_gate_count,0,5,RX,0,15,layer_000_wire_005_RX,3,-0.07656123842040849,0.00720183835440482,0.08935632596931657,0.0
random_bp,expectation_value,bcw_6q_random_bp,hea,RX_RY_RZ_CNOT,none,circular,cnot,hamiltonian_local,6,2,2,same_entangling_gate_count,0,5,RY,1,16,layer_000_wire_005_RY,3,0.007424139523538584,0.004420959548867648,0.05357768048631689,0.0
random_bp,expectation_value,bcw_6q_random_bp,hea,RX_RY_RZ_CNOT,none,circular,cnot,hamiltonian_local,6,2,2,same_entangling_gate_count,0,5,RZ,2,17,layer_000_wire_005_RZ,3,-0.07372396684693255,0.0019561174305620013,0.07372396684693255,0.0
random_bp,expectation_value,bcw_6q_random_bp,hea,RX_RY_RZ_CNOT,none,circular,cnot,hamiltonian_local,6,2,2,same_entangling_gate_count,1,0,RX,0,18,layer_001_wire_000_RX,3,-0.017265478367699018,0.0008927858676326564,0.017556673765708315,0.0
random_bp,expectation_value,bcw_6q_random_bp,hea,RX_RY_RZ_CNOT,none,circular,cnot,hamiltonian_local,6,2,2,same_entangling_gate_count,1,0,RY,1,19,layer_001_wire_000_RY,3,-0.005746479997375976,0.00016430538698702956,0.00792311557402659,0.0
random_bp,expectation_value,bcw_6q_random_bp,hea,RX_RY_RZ_CNOT,none,circular,cnot,hamiltonian_local,6,2,2,same_entangling_gate_count,1,0,RZ,2,20,layer_001_wire_000_RZ,3,-2.391450349135355e-19,4.872428732162645e-34,1.6718503494585616e-17,1.0
random_bp,expectation_value,bcw_6q_random_bp,hea,RX_RY_RZ_CNOT,none,circular,cnot,hamiltonian_local,6,2,2,same_entangling_gate_count,1,1,RX,0,21,layer_001_wire_001_RX,3,-1.214306433183765e-17,8.215294919026803e-34,1.7925475918427008e-17,1.0
random_bp,expectation_value,bcw_6q_random_bp,hea,RX_RY_RZ_CNOT,none,circular,cnot,hamiltonian_local,6,2,2,same_entangling_gate_count,1,1,RY,1,22,layer_001_wire_001_RY,3,-5.204170427930421e-18,4.182879097966028e-34,1.3299546649155522e-17,1.0
random_bp,expectation_value,bcw_6q_random_bp,hea,RX_RY_RZ_CNOT,none,circular,cnot,hamiltonian_local,6,2,2,same_entangling_gate_count,1,1,RZ,2,23,layer_001_wire_001_RZ,3,1.2604228856626604e-17,2.919423479388134e-34,1.7169593024689205e-17,1.0
random_bp,expectation_value,bcw_6q_random_bp,hea,RX_RY_RZ_CNOT,none,circular,cnot,hamiltonian_local,6,2,2,same_entangling_gate_count,1,2,RX,0,24,layer_001_wire_002_RX,3,0.011578122474578543,0.0004715619319589009,0.019558770776663414,0.0
random_bp,expectation_value,bcw_6q_random_bp,hea,RX_RY_RZ_CNOT,none,circular,cnot,hamiltonian_local,6,2,2,same_entangling_gate_count,1,2,RY,1,25,layer_001_wire_002_RY,3,-0.0585222937808224,0.0012803275206161196,0.05852229378082241,0.0
random_bp,expectation_value,bcw_6q_random_bp,hea,RX_RY_RZ_CNOT,none,circular,cnot,hamiltonian_local,6,2,2,same_entangling_gate_count,1,2,RZ,2,26,layer_001_wire_002_RZ,3,-1.1779219698385958e-17,5.977320205351153e-34,1.4888631038682575e-17,1.0
random_bp,expectation_value,bcw_6q_random_bp,hea,RX_RY_RZ_CNOT,none,circular,cnot,hamiltonian_local,6,2,2,same_entangling_gate_count,1,3,RX,0,27,layer_001_wire_003_RX,3,0.009992340227525147,0.00021510865542431277,0.011397182963470545,0.0
random_bp,expectation_value,bcw_6q_random_bp,hea,RX_RY_RZ_CNOT,none,circular,cnot,hamiltonian_local,6,2,2,same_entangling_gate_count,1,3,RY,1,28,layer_001_wire_003_RY,3,-0.09949089148830188,0.007473109255929021,0.09949089148830188,0.0
random_bp,expectation_value,bcw_6q_random_bp,hea,RX_RY_RZ_CNOT,none,circular,cnot,hamiltonian_local,6,2,2,same_entangling_gate_count,1,3,RZ,2,29,layer_001_wire_003_RZ,3,2.2115938148378654e-18,5.6344067751926915e-34,1.6187792098650033e-17,1.0
random_bp,expectation_value,bcw_6q_random_bp,hea,RX_RY_RZ_CNOT,none,circular,cnot,hamiltonian_local,6,2,2,same_entangling_gate_count,1,4,RX,0,30,layer_001_wire_004_RX,3,0.022294592431247897,0.0001913653747119014,0.022294592431247897,0.0
random_bp,expectation_value,bcw_6q_random_bp,hea,RX_RY_RZ_CNOT,none,circular,cnot,hamiltonian_local,6,2,2,same_entangling_gate_count,1,4,RY,1,31,layer_001_wire_004_RY,3,0.060260433041675034,0.007875125150677873,0.08641625534482313,0.0
random_bp,expectation_value,bcw_6q_random_bp,hea,RX_RY_RZ_CNOT,none,circular,cnot,hamiltonian_local,6,2,2,same_entangling_gate_count,1,4,RZ,2,32,layer_001_wire_004_RZ,3,3.9262508757929296e-18,1.931371477368052e-34,1.200650505190569e-17,1.0
random_bp,expectation_value,bcw_6q_random_bp,hea,RX_RY_RZ_CNOT,none,circular,cnot,hamiltonian_local,6,2,2,same_entangling_gate_count,1,5,RX,0,33,layer_001_wire_005_RX,3,0.009087193618503584,0.0005367962749976926,0.016635356157369118,0.0
random_bp,expectation_value,bcw_6q_random_bp,hea,RX_RY_RZ_CNOT,none,circular,cnot,hamiltonian_local,6,2,2,same_entangling_gate_count,1,5,RY,1,34,layer_001_wire_005_RY,3,0.02199178333612514,0.002593955664531809,0.03174168964695997,0.0
random_bp,expectation_value,bcw_6q_random_bp,hea,RX_RY_RZ_CNOT,none,circular,cnot,hamiltonian_local,6,2,2,same_entangling_gate_count,1,5,RZ,2,35,layer_001_wire_005_RZ,3,6.471053405204604e-18,1.0300120758667324e-34,9.305206732680442e-18,1.0
random_bp,expectation_value,bcw_6q_random_bp,hea,RX_RY_RZ_CNOT,none,linear,cnot,local,6,4,4,same_entangling_gate_count,0,0,RX,0,0,layer_000_wire_000_RX,3,-0.01588037209963617,0.0013719306220951767,0.03243238839533572,0.0
random_bp,expectation_value,bcw_6q_random_bp,hea,RX_RY_RZ_CNOT,none,linear,cnot,local,6,4,4,same_entangling_gate_count,0,0,RY,1,1,layer_000_wire_000_RY,3,0.006700609480760219,3.816232416103555e-05,0.006700609480760219,0.0
random_bp,expectation_value,bcw_6q_random_bp,hea,RX_RY_RZ_CNOT,none,linear,cnot,local,6,4,4,same_entangling_gate_count,0,0,RZ,2,2,layer_000_wire_000_RZ,3,0.0002424633328630861,0.0004497858864091902,0.016383840541865025,0.0
random_bp,expectation_value,bcw_6q_random_bp,hea,RX_RY_RZ_CNOT,none,linear,cnot,local,6,4,4,same_entangling_gate_count,0,1,RX,0,3,layer_000_wire_001_RX,3,-0.01866076247127725,0.015358679654603784,0.08965823042979497,0.0
random_bp,expectation_value,bcw_6q_random_bp,hea,RX_RY_RZ_CNOT,none,linear,cnot,local,6,4,4,same_entangling_gate_count,0,1,RY,1,4,layer_000_wire_001_RY,3,-0.04295354888273808,0.0009931689388663007,0.04295354888273808,0.0
random_bp,expectation_value,bcw_6q_random_bp,hea,RX_RY_RZ_CNOT,none,linear,cnot,local,6,4,4,same_entangling_gate_count,0,1,RZ,2,5,layer_000_wire_001_RZ,3,0.06043938330200788,0.0014990284444064395,0.060439383302007876,0.0
random_bp,expectation_value,bcw_6q_random_bp,hea,RX_RY_RZ_CNOT,none,linear,cnot,local,6,4,4,same_entangling_gate_count,0,2,RX,0,6,layer_000_wire_002_RX,3,0.01469639391830092,0.00643352148475284,0.06601295563759811,0.0
random_bp,expectation_value,bcw_6q_random_bp,hea,RX_RY_RZ_CNOT,none,linear,cnot,local,6,4,4,same_entangling_gate_count,0,2,RY,1,7,layer_000_wire_002_RY,3,0.031060835342111494,0.00164828571168756,0.031060835342111497,0.0
random_bp,expectation_value,bcw_6q_random_bp,hea,RX_RY_RZ_CNOT,none,linear,cnot,local,6,4,4,same_entangling_gate_count,0,2,RZ,2,8,layer_000_wire_002_RZ,3,0.03640290655566327,0.001994748276711273,0.03917496857675986,0.0
random_bp,expectation_value,bcw_6q_random_bp,hea,RX_RY_RZ_CNOT,none,linear,cnot,local,6,4,4,same_entangling_gate_count,0,3,RX,0,9,layer_000_wire_003_RX,3,0.015479349354499627,0.00211301134565474,0.040447486646399515,0.0
random_bp,expectation_value,bcw_6q_random_bp,hea,RX_RY_RZ_CNOT,none,linear,cnot,local,6,4,4,same_entangling_gate_count,0,3,RY,1,10,layer_000_wire_003_RY,3,0.007117026716602075,0.0013250657641164447,0.029242091573174516,0.0
random_bp,expectation_value,bcw_6q_random_bp,hea,RX_RY_RZ_CNOT,none,linear,cnot,local,6,4,4,same_entangling_gate_count,0,3,RZ,2,11,layer_000_wire_003_RZ,3,-0.02057240934186575,0.0029883241503654324,0.047789374137267,0.0
random_bp,expectation_value,bcw_6q_random_bp,hea,RX_RY_RZ_CNOT,none,linear,cnot,local,6,4,4,same_entangling_gate_count,0,4,RX,0,12,layer_000_wire_004_RX,3,-0.01573458202718942,0.002623866332539523,0.04066258281648973,0.0
random_bp,expectation_value,bcw_6q_random_bp,hea,RX_RY_RZ_CNOT,none,linear,cnot,local,6,4,4,same_entangling_gate_count,0,4,RY,1,13,layer_000_wire_004_RY,3,-0.03156966872895463,0.0009110940205808349,0.03339478500698475,0.0
random_bp,expectation_value,bcw_6q_random_bp,hea,RX_RY_RZ_CNOT,none,linear,cnot,local,6,4,4,same_entangling_gate_count,0,4,RZ,2,14,layer_000_wire_004_RZ,3,0.028092374881692538,0.0002698375909897304,0.028092374881692538,0.0
random_bp,expectation_value,bcw_6q_random_bp,hea,RX_RY_RZ_CNOT,none,linear,cnot,local,6,4,4,same_entangling_gate_count,0,5,RX,0,15,layer_000_wire_005_RX,3,-0.05184379671102174,0.000517066875332116,0.05184379671102174,0.0
random_bp,expectation_value,bcw_6q_random_bp,hea,RX_RY_RZ_CNOT,none,linear,cnot,local,6,4,4,same_entangling_gate_count,0,5,RY,1,16,layer_000_wire_005_RY,3,-0.0077083996275665555,0.0008195069017555954,0.01932098463908696,0.0
random_bp,expectation_value,bcw_6q_random_bp,hea,RX_RY_RZ_CNOT,none,linear,cnot,local,6,4,4,same_entangling_gate_count,0,5,RZ,2,17,layer_000_wire_005_RZ,3,-0.006150588461011456,0.001846122542330075,0.02996207258409971,0.0
random_bp,expectation_value,bcw_6q_random_bp,hea,RX_RY_RZ_CNOT,none,linear,cnot,local,6,4,4,same_entangling_gate_count,1,0,RX,0,18,layer_001_wire_000_RX,3,-0.007247029687339462,0.00044459232489971526,0.014536465384786076,0.0
random_bp,expectation_value,bcw_6q_random_bp,hea,RX_RY_RZ_CNOT,none,linear,cnot,local,6,4,4,same_entangling_gate_count,1,0,RY,1,19,layer_001_wire_000_RY,3,0.004681878749345053,0.00016622316513753641,0.010955804383246073,0.0
random_bp,expectation_value,bcw_6q_random_bp,hea,RX_RY_RZ_CNOT,none,linear,cnot,local,6,4,4,same_entangling_gate_count,1,0,RZ,2,20,layer_001_wire_000_RZ,3,-0.021644737878230905,0.0008626282087425344,0.029200772508344058,0.0
random_bp,expectation_value,bcw_6q_random_bp,hea,RX_RY_RZ_CNOT,none,linear,cnot,local,6,4,4,same_entangling_gate_count,1,1,RX,0,21,layer_001_wire_001_RX,3,0.04170614433594556,0.00046139274331590696,0.04170614433594555,0.0
random_bp,expectation_value,bcw_6q_random_bp,hea,RX_RY_RZ_CNOT,none,linear,cnot,local,6,4,4,same_entangling_gate_count,1,1,RY,1,22,layer_001_wire_001_RY,3,-0.06372853490444004,0.000612303651799564,0.06372853490444004,0.0
random_bp,expectation_value,bcw_6q_random_bp,hea,RX_RY_RZ_CNOT,none,linear,cnot,local,6,4,4,same_entangling_gate_count,1,1,RZ,2,23,layer_001_wire_001_RZ,3,-0.04102060777568363,0.0013609052975658762,0.04102060777568362,0.0
random_bp,expectation_value,bcw_6q_random_bp,hea,RX_RY_RZ_CNOT,none,linear,cnot,local,6,4,4,same_entangling_gate_count,1,2,RX,0,24,layer_001_wire_002_RX,3,-0.01661026828476829,0.0026310070987733323,0.0406804112823511,0.0
random_bp,expectation_value,bcw_6q_random_bp,hea,RX_RY_RZ_CNOT,none,linear,cnot,local,6,4,4,same_entangling_gate_count,1,2,RY,1,25,layer_001_wire_002_RY,3,0.014470943261393967,0.0019051878019235625,0.03130949736341932,0.0
random_bp,expectation_value,bcw_6q_random_bp,hea,RX_RY_RZ_CNOT,none,linear,cnot,local,6,4,4,same_entangling_gate_count,1,2,RZ,2,26,layer_001_wire_002_RZ,3,0.04017481834005787,0.002663078799000417,0.052080761309419944,0.0
random_bp,expectation_value,bcw_6q_random_bp,hea,RX_RY_RZ_CNOT,none,linear,cnot,local,6,4,4,same_entangling_gate_count,1,3,RX,0,27,layer_001_wire_003_RX,3,0.0012086100172473465,4.2456865743756586e-05,0.004605373623147698,0.0
random_bp,expectation_value,bcw_6q_random_bp,hea,RX_RY_RZ_CNOT,none,linear,cnot,local,6,4,4,same_entangling_gate_count,1,3,RY,1,28,layer_001_wire_003_RY,3,-0.01126705312577965,0.0020346313054078577,0.03556748656910427,0.0
random_bp,expectation_value,bcw_6q_random_bp,hea,RX_RY_RZ_CNOT,none,linear,cnot,local,6,4,4,same_entangling_gate_count,1,3,RZ,2,29,layer_001_wire_003_RZ,3,0.030325849911785625,0.000779161179676633,0.030325849911785625,0.0
random_bp,expectation_value,bcw_6q_random_bp,hea,RX_RY_RZ_CNOT,none,linear,cnot,local,6,4,4,same_entangling_gate_count,1,4,RX,0,30,layer_001_wire_004_RX,3,0.028818445198607965,0.0004260060779784096,0.02881844519860796,0.0
random_bp,expectation_value,bcw_6q_random_bp,hea,RX_RY_RZ_CNOT,none,linear,cnot,local,6,4,4,same_entangling_gate_count,1,4,RY,1,31,layer_001_wire_004_RY,3,0.023131534509972018,0.0005796766186289603,0.02597941296257712,0.0
random_bp,expectation_value,bcw_6q_random_bp,hea,RX_RY_RZ_CNOT,none,linear,cnot,local,6,4,4,same_entangling_gate_count,1,4,RZ,2,32,layer_001_wire_004_RZ,3,0.016840255107111398,0.0008332342591508051,0.027636667373319698,0.0
random_bp,expectation_value,bcw_6q_random_bp,hea,RX_RY_RZ_CNOT,none,linear,cnot,local,6,4,4,same_entangling_gate_count,1,5,RX,0,33,layer_001_wire_005_RX,3,0.026556596641898286,0.00103199976336437,0.026556596641898286,0.0
random_bp,expectation_value,bcw_6q_random_bp,hea,RX_RY_RZ_CNOT,none,linear,cnot,local,6,4,4,same_entangling_gate_count,1,5,RY,1,34,layer_001_wire_005_RY,3,-0.004019604655739219,0.0010777583702376418,0.02528540091760201,0.0
random_bp,expectation_value,bcw_6q_random_bp,hea,RX_RY_RZ_CNOT,none,linear,cnot,local,6,4,4,same_entangling_gate_count,1,5,RZ,2,35,layer_001_wire_005_RZ,3,0.009588216547951063,9.839617253568868e-05,0.010617204417216938,0.0
random_bp,expectation_value,bcw_6q_random_bp,hea,RX_RY_RZ_CNOT,none,linear,cnot,local,6,4,4,same_entangling_gate_count,2,0,RX,0,36,layer_002_wire_000_RX,3,-0.0466130676564565,0.0007718899421939867,0.04661306765645651,0.0
random_bp,expectation_value,bcw_6q_random_bp,hea,RX_RY_RZ_CNOT,none,linear,cnot,local,6,4,4,same_entangling_gate_count,2,0,RY,1,37,layer_002_wire_000_RY,3,0.04909127369137477,0.009670076084921814,0.0627702203847353,0.0
random_bp,expectation_value,bcw_6q_random_bp,hea,RX_RY_RZ_CNOT,none,linear,cnot,local,6,4,4,same_entangling_gate_count,2,0,RZ,2,38,layer_002_wire_000_RZ,3,0.02300289966152614,0.002378347772005604,0.029853699159660598,0.0
random_bp,expectation_value,bcw_6q_random_bp,hea,RX_RY_RZ_CNOT,none,linear,cnot,local,6,4,4,same_entangling_gate_count,2,1,RX,0,39,layer_002_wire_001_RX,3,-0.04395230107798552,0.009830141611861626,0.0763445770786166,0.0
random_bp,expectation_value,bcw_6q_random_bp,hea,RX_RY_RZ_CNOT,none,linear,cnot,local,6,4,4,same_entangling_gate_count,2,1,RY,1,40,layer_002_wire_001_RY,3,0.033120175635634505,0.0008832340550102573,0.03312017563563451,0.0
random_bp,expectation_value,bcw_6q_random_bp,hea,RX_RY_RZ_CNOT,none,linear,cnot,local,6,4,4,same_entangling_gate_count,2,1,RZ,2,41,layer_002_wire_001_RZ,3,-0.0036763067101137845,0.005455247252841325,0.05301176588986543,0.0
random_bp,expectation_value,bcw_6q_random_bp,hea,RX_RY_RZ_CNOT,none,linear,cnot,local,6,4,4,same_entangling_gate_count,2,2,RX,0,42,layer_002_wire_002_RX,3,0.005899206856685452,0.0010420467916610206,0.025314692209274996,0.0
random_bp,expectation_value,bcw_6q_random_bp,hea,RX_RY_RZ_CNOT,none,linear,cnot,local,6,4,4,same_entangling_gate_count,2,2,RY,1,43,layer_002_wire_002_RY,3,0.003320530852530597,0.004760695372461697,0.05420216081693858,0.0
random_bp,expectation_value,bcw_6q_random_bp,hea,RX_RY_RZ_CNOT,none,linear,cnot,local,6,4,4,same_entangling_gate_count,2,2,RZ,2,44,layer_002_wire_002_RZ,3,-0.01839700917368849,0.0021750416674132227,0.04045617825878586,0.0
random_bp,expectation_value,bcw_6q_random_bp,hea,RX_RY_RZ_CNOT,none,linear,cnot,local,6,4,4,same_entangling_gate_count,2,3,RX,0,45,layer_002_wire_003_RX,3,0.01687928580082286,0.00041184358660632727,0.021236112184346612,0.0
random_bp,expectation_value,bcw_6q_random_bp,hea,RX_RY_RZ_CNOT,none,linear,cnot,local,6,4,4,same_entangling_gate_count,2,3,RY,1,46,layer_002_wire_003_RY,3,-0.014860216136491272,0.0006636290857471347,0.01586647442170389,0.0
random_bp,expectation_value,bcw_6q_random_bp,hea,RX_RY_RZ_CNOT,none,linear,cnot,local,6,4,4,same_entangling_gate_count,2,3,RZ,2,47,layer_002_wire_003_RZ,3,0.0013615570667568503,0.00017230902368376948,0.009572270824835504,0.0
random_bp,expectation_value,bcw_6q_random_bp,hea,RX_RY_RZ_CNOT,none,linear,cnot,local,6,4,4,same_entangling_gate_count,2,4,RX,0,48,layer_002_wire_004_RX,3,-0.001038034699118057,0.00010879025416675829,0.008367284110097732,0.0
random_bp,expectation_value,bcw_6q_random_bp,hea,RX_RY_RZ_CNOT,none,linear,cnot,local,6,4,4,same_entangling_gate_count,2,4,RY,1,49,layer_002_wire_004_RY,3,0.018481566903324663,0.0005181243515391346,0.02303938303052597,0.0
random_bp,expectation_value,bcw_6q_random_bp,hea,RX_RY_RZ_CNOT,none,linear,cnot,local,6,4,4,same_entangling_gate_count,2,4,RZ,2,50,layer_002_wire_004_RZ,3,0.01629108530008675,0.001276703610777869,0.027245158863205773,0.0
random_bp,expectation_value,bcw_6q_random_bp,hea,RX_RY_RZ_CNOT,none,linear,cnot,local,6,4,4,same_entangling_gate_count,2,5,RX,0,51,layer_002_wire_005_RX,3,0.015751144183497323,0.00023435135211962116,0.01575114418349732,0.0
random_bp,expectation_value,bcw_6q_random_bp,hea,RX_RY_RZ_CNOT,none,linear,cnot,local,6,4,4,same_entangling_gate_count,2,5,RY,1,52,layer_002_wire_005_RY,3,0.015096969669111128,0.0001932633293240938,0.01509696966911113,0.0
random_bp,expectation_value,bcw_6q_random_bp,hea,RX_RY_RZ_CNOT,none,linear,cnot,local,6,4,4,same_entangling_gate_count,2,5,RZ,2,53,layer_002_wire_005_RZ,3,0.007881094517624565,0.0003037845471943658,0.013113520977829094,0.0
random_bp,expectation_value,bcw_6q_random_bp,hea,RX_RY_RZ_CNOT,none,linear,cnot,local,6,4,4,same_entangling_gate_count,3,0,RX,0,54,layer_003_wire_000_RX,3,0.02875836077507762,0.00015435187114739906,0.02875836077507762,0.0
random_bp,expectation_value,bcw_6q_random_bp,hea,RX_RY_RZ_CNOT,none,linear,cnot,local,6,4,4,same_entangling_gate_count,3,0,RY,1,55,layer_003_wire_000_RY,3,0.025894580486023243,0.0019143789495302027,0.026416413611585487,0.0
random_bp,expectation_value,bcw_6q_random_bp,hea,RX_RY_RZ_CNOT,none,linear,cnot,local,6,4,4,same_entangling_gate_count,3,0,RZ,2,56,layer_003_wire_000_RZ,3,-5.149724812389817e-18,3.39829102193417e-34,1.2417395109074103e-17,1.0
random_bp,expectation_value,bcw_6q_random_bp,hea,RX_RY_RZ_CNOT,none,linear,cnot,local,6,4,4,same_entangling_gate_count,3,1,RX,0,57,layer_003_wire_001_RX,3,-0.009673720955530233,8.245889045559433e-05,0.010210100503378698,0.0
random_bp,expectation_value,bcw_6q_random_bp,hea,RX_RY_RZ_CNOT,none,linear,cnot,local,6,4,4,same_entangling_gate_count,3,1,RY,1,58,layer_003_wire_001_RY,3,0.0022451244674898604,0.00096406589920263,0.023108976697060375,0.0
random_bp,expectation_value,bcw_6q_random_bp,hea,RX_RY_RZ_CNOT,none,linear,cnot,local,6,4,4,same_entangling_gate_count,3,1,RZ,2,59,layer_003_wire_001_RZ,3,1.4762046410980882e-17,3.628302471954862e-34,1.611242294186667e-17,1.0
random_bp,expectation_value,bcw_6q_random_bp,hea,RX_RY_RZ_CNOT,none,linear,cnot,local,6,4,4,same_entangling_gate_count,3,2,RX,0,60,layer_003_wire_002_RX,3,-0.05248753544833299,0.010126774515812058,0.06156663682542001,0.0
random_bp,expectation_value,bcw_6q_random_bp,hea,RX_RY_RZ_CNOT,none,linear,cnot,local,6,4,4,same_entangling_gate_count,3,2,RY,1,61,layer_003_wire_002_RY,3,-0.011930087051028245,0.0007952272230208204,0.022174975323941054,0.0
random_bp,expectation_value,bcw_6q_random_bp,hea,RX_RY_RZ_CNOT,none,linear,cnot,local,6,4,4,same_entangling_gate_count,3,2,RZ,2,62,layer_003_wire_002_RZ,3,-2.8051586288686134e-18,1.38688556654139e-34,9.691979436005983e-18,1.0
random_bp,expectation_value,bcw_6q_random_bp,hea,RX_RY_RZ_CNOT,none,linear,cnot,local,6,4,4,same_entangling_gate_count,3,3,RX,0,63,layer_003_wire_003_RX,3,-0.020775406427024135,0.0012547564403068052,0.024238533964029127,0.0
random_bp,expectation_value,bcw_6q_random_bp,hea,RX_RY_RZ_CNOT,none,linear,cnot,local,6,4,4,same_entangling_gate_count,3,3,RY,1,64,layer_003_wire_003_RY,3,-0.003444806911190774,0.0010959670979162597,0.024335234525476073,0.0
random_bp,expectation_value,bcw_6q_random_bp,hea,RX_RY_RZ_CNOT,none,linear,cnot,local,6,4,4,same_entangling_gate_count,3,3,RZ,2,65,layer_003_wire_003_RZ,3,-7.847182402629259e-19,2.2318636108802156e-34,1.1056470193111457e-17,1.0
random_bp,expectation_value,bcw_6q_random_bp,hea,RX_RY_RZ_CNOT,none,linear,cnot,local,6,4,4,same_entangling_gate_count,3,4,RX,0,66,layer_003_wire_004_RX,3,0.0020741707915919293,0.0014452247844163057,0.02857312154199662,0.0
random_bp,expectation_value,bcw_6q_random_bp,hea,RX_RY_RZ_CNOT,none,linear,cnot,local,6,4,4,same_entangling_gate_count,3,4,RY,1,67,layer_003_wire_004_RY,3,0.003018060259510685,0.0007298387593417417,0.021766755194114848,0.0
random_bp,expectation_value,bcw_6q_random_bp,hea,RX_RY_RZ_CNOT,none,linear,cnot,local,6,4,4,same_entangling_gate_count,3,4,RZ,2,68,layer_003_wire_004_RZ,3,1.1155005588272311e-17,1.3118788397616127e-34,1.115500558827231e-17,1.0
random_bp,expectation_value,bcw_6q_random_bp,hea,RX_RY_RZ_CNOT,none,linear,cnot,local,6,4,4,same_entangling_gate_count,3,5,RX,0,69,layer_003_wire_005_RX,3,0.011260521500692717,0.0001638523017171862,0.013368287569387195,0.0
random_bp,expectation_value,bcw_6q_random_bp,hea,RX_RY_RZ_CNOT,none,linear,cnot,local,6,4,4,same_entangling_gate_count,3,5,RY,1,70,layer_003_wire_005_RY,3,0.00926192872324925,0.0001040423625302569,0.010073757808065005,0.0
random_bp,expectation_value,bcw_6q_random_bp,hea,RX_RY_RZ_CNOT,none,linear,cnot,local,6,4,4,same_entangling_gate_count,3,5,RZ,2,71,layer_003_wire_005_RZ,3,5.705457120637474e-18,6.436543668027544e-36,5.705457120637474e-18,1.0
random_bp,expectation_value,bcw_6q_random_bp,hea,RX_RY_RZ_CNOT,none,circular,cnot,local,6,4,3,same_entangling_gate_count,0,0,RX,0,0,layer_000_wire_000_RX,3,-0.03511538819884728,0.004712281004902493,0.045663314685974045,0.0
random_bp,expectation_value,bcw_6q_random_bp,hea,RX_RY_RZ_CNOT,none,circular,cnot,local,6,4,3,same_entangling_gate_count,0,0,RY,1,1,layer_000_wire_000_RY,3,0.023550688572249123,0.0016551380573188769,0.023871779522679475,0.0
random_bp,expectation_value,bcw_6q_random_bp,hea,RX_RY_RZ_CNOT,none,circular,cnot,local,6,4,3,same_entangling_gate_count,0,0,RZ,2,2,layer_000_wire_000_RZ,3,-0.039024166253679736,0.0029944720743927747,0.039024166253679736,0.0
random_bp,expectation_value,bcw_6q_random_bp,hea,RX_RY_RZ_CNOT,none,circular,cnot,local,6,4,3,same_entangling_gate_count,0,1,RX,0,3,layer_000_wire_001_RX,3,-0.02127256540152642,0.00031827510426380513,0.021272565401526417,0.0
random_bp,expectation_value,bcw_6q_random_bp,hea,RX_RY_RZ_CNOT,none,circular,cnot,local,6,4,3,same_entangling_gate_count,0,1,RY,1,4,layer_000_wire_001_RY,3,0.0048405094408856975,0.0012351903961055253,0.023326866327793544,0.0
random_bp,expectation_value,bcw_6q_random_bp,hea,RX_RY_RZ_CNOT,none,circular,cnot,local,6,4,3,same_entangling_gate_count,0,1,RZ,2,5,layer_000_wire_001_RZ,3,0.0023373913918970264,0.0012625478900827065,0.02449191716455007,0.0
random_bp,expectation_value,bcw_6q_random_bp,hea,RX_RY_RZ_CNOT,none,circular,cnot,local,6,4,3,same_entangling_gate_count,0,2,RX,0,6,layer_000_wire_002_RX,3,-0.032828572951270785,4.79882173447029e-05,0.032828572951270785,0.0
random_bp,expectation_value,bcw_6q_random_bp,hea,RX_RY_RZ_CNOT,none,circular,cnot,local,6,4,3,same_entangling_gate_count,0,2,RY,1,7,layer_000_wire_002_RY,3,0.01392546255226405,0.00021160773276836633,0.014676286604620822,0.0
random_bp,expectation_value,bcw_6q_random_bp,hea,RX_RY_RZ_CNOT,none,circular,cnot,local,6,4,3,same_entangling_gate_count,0,2,RZ,2,8,layer_000_wire_002_RZ,3,-0.020695678358621034,0.0029132648414268475,0.04046136677047533,0.0
random_bp,expectation_value,bcw_6q_random_bp,hea,RX_RY_RZ_CNOT,none,circular,cnot,local,6,4,3,same_entangling_gate_count,0,3,RX,0,9,layer_000_wire_003_RX,3,-0.017785031416112363,0.001224388567486301,0.03199880664265789,0.0
random_bp,expectation_value,bcw_6q_random_bp,hea,RX_RY_RZ_CNOT,none,circular,cnot,local,6,4,3,same_entangling_gate_count,0,3,RY,1,10,layer_000_wire_003_RY,3,0.004461202316147311,0.0019628919703719443,0.03289799880728624,0.0
random_bp,expectation_value,bcw_6q_random_bp,hea,RX_RY_RZ_CNOT,none,circular,cnot,local,6,4,3,same_entangling_gate_count,0,3,RZ,2,11,layer_000_wire_003_RZ,3,0.023888851852172883,0.0003994321652683116,0.02388885185217288,0.0
random_bp,expectation_value,bcw_6q_random_bp,hea,RX_RY_RZ_CNOT,none,circular,cnot,local,6,4,3,same_entangling_gate_count,0,4,RX,0,12,layer_000_wire_004_RX,3,-0.02570396752127713,0.0001469008253309719,0.025703967521277127,0.0
random_bp,expectation_value,bcw_6q_random_bp,hea,RX_RY_RZ_CNOT,none,circular,cnot,local,6,4,3,same_entangling_gate_count,0,4,RY,1,13,layer_000_wire_004_RY,3,0.005818524953489066,3.233381691712221e-05,0.006197824697185388,0.0
random_bp,expectation_value,bcw_6q_random_bp,hea,RX_RY_RZ_CNOT,none,circular,cnot,local,6,4,3,same_entangling_gate_count,0,4,RZ,2,14,layer_000_wire_004_RZ,3,0.023865365016193345,0.00015211642862331977,0.02386536501619334,0.0
random_bp,expectation_value,bcw_6q_random_bp,hea,RX_RY_RZ_CNOT,none,circular,cnot,local,6,4,3,same_entangling_gate_count,0,5,RX,0,15,layer_000_wire_005_RX,3,-0.009251908020834962,0.0004751805622710788,0.014028799060494276,0.0
random_bp,expectation_value,bcw_6q_random_bp,hea,RX_RY_RZ_CNOT,none,circular,cnot,local,6,4,3,same_entangling_gate_count,0,5,RY,1,16,layer_000_wire_005_RY,3,0.010500160460007499,0.00013201636562071176,0.011152677753846832,0.0
random_bp,expectation_value,bcw_6q_random_bp,hea,RX_RY_RZ_CNOT,none,circular,cnot,local,6,4,3,same_entangling_gate_count,0,5,RZ,2,17,layer_000_wire_005_RZ,3,-0.01863515088269914,0.00032496139386408503,0.019470277950076297,0.0
random_bp,expectation_value,bcw_6q_random_bp,hea,RX_RY_RZ_CNOT,none,circular,cnot,local,6,4,3,same_entangling_gate_count,1,0,RX,0,18,layer_001_wire_000_RX,3,0.0693617098337828,0.0017167894219513547,0.0693617098337828,0.0
random_bp,expectation_value,bcw_6q_random_bp,hea,RX_RY_RZ_CNOT,none,circular,cnot,local,6,4,3,same_entangling_gate_count,1,0,RY,1,19,layer_001_wire_000_RY,3,0.0232954344138104,0.0019880234734315602,0.03349440838378693,0.0
random_bp,expectation_value,bcw_6q_random_bp,hea,RX_RY_RZ_CNOT,none,circular,cnot,local,6,4,3,same_entangling_gate_count,1,0,RZ,2,20,layer_001_wire_000_RZ,3,0.04145524368914794,6.605757701926767e-06,0.04145524368914794,0.0
random_bp,expectation_value,bcw_6q_random_bp,hea,RX_RY_RZ_CNOT,none,circular,cnot,local,6,4,3,same_entangling_gate_count,1,1,RX,0,21,layer_001_wire_001_RX,3,-0.025966229559431044,0.0015072286647710275,0.03787183406990416,0.0
random_bp,expectation_value,bcw_6q_random_bp,hea,RX_RY_RZ_CNOT,none,circular,cnot,local,6,4,3,same_entangling_gate_count,1,1,RY,1,22,layer_001_wire_001_RY,3,-0.00498333256013205,0.0016832153467715295,0.029921192739038063,0.0
random_bp,expectation_value,bcw_6q_random_bp,hea,RX_RY_RZ_CNOT,none,circular,cnot,local,6,4,3,same_entangling_gate_count,1,1,RZ,2,23,layer_001_wire_001_RZ,3,0.011015090630053284,0.0020145890109048493,0.038155267104864055,0.0
random_bp,expectation_value,bcw_6q_random_bp,hea,RX_RY_RZ_CNOT,none,circular,cnot,local,6,4,3,same_entangling_gate_count,1,2,RX,0,24,layer_001_wire_002_RX,3,-0.010831989876949317,0.0007584071663589602,0.024486352000171758,0.0
random_bp,expectation_value,bcw_6q_random_bp,hea,RX_RY_RZ_CNOT,none,circular,cnot,local,6,4,3,same_entangling_gate_count,1,2,RY,1,25,layer_001_wire_002_RY,3,-0.008673109901821685,0.0026697875551250144,0.0361431062022873,0.0
random_bp,expectation_value,bcw_6q_random_bp,hea,RX_RY_RZ_CNOT,none,circular,cnot,local,6,4,3,same_entangling_gate_count,1,2,RZ,2,26,layer_001_wire_002_RZ,3,0.006524519041340403,0.0009129348974319514,0.021761442130392477,0.0
random_bp,expectation_value,bcw_6q_random_bp,hea,RX_RY_RZ_CNOT,none,circular,cnot,local,6,4,3,same_entangling_gate_count,1,3,RX,0,27,layer_001_wire_003_RX,3,-0.013742229103524264,0.0001657110320041723,0.013742229103524265,0.0
random_bp,expectation_value,bcw_6q_random_bp,hea,RX_RY_RZ_CNOT,none,circular,cnot,local,6,4,3,same_entangling_gate_count,1,3,RY,1,28,layer_001_wire_003_RY,3,0.04540296015501895,6.730599287759714e-05,0.045402960155018955,0.0
random_bp,expectation_value,bcw_6q_random_bp,hea,RX_RY_RZ_CNOT,none,circular,cnot,local,6,4,3,same_entangling_gate_count,1,3,RZ,2,29,layer_001_wire_003_RZ,3,-0.0028044680977833848,0.000824861450758649,0.021084360073772134,0.0
random_bp,expectation_value,bcw_6q_random_bp,hea,RX_RY_RZ_CNOT,none,circular,cnot,local,6,4,3,same_entangling_gate_count,1,4,RX,0,30,layer_001_wire_004_RX,3,0.015325243327150564,0.00031199430389656997,0.01839864241811233,0.0
random_bp,expectation_value,bcw_6q_random_bp,hea,RX_RY_RZ_CNOT,none,circular,cnot,local,6,4,3,same_entangling_gate_count,1,4,RY,1,31,layer_001_wire_004_RY,3,-0.0038795215557883593,0.0016595654315215813,0.029497854750679595,0.0
random_bp,expectation_value,bcw_6q_random_bp,hea,RX_RY_RZ_CNOT,none,circular,cnot,local,6,4,3,same_entangling_gate_count,1,4,RZ,2,32,layer_001_wire_004_RZ,3,0.0014921718583703614,0.0007915008533597812,0.019237847610637182,0.0
random_bp,expectation_value,bcw_6q_random_bp,hea,RX_RY_RZ_CNOT,none,circular,cnot,local,6,4,3,same_entangling_gate_count,1,5,RX,0,33,layer_001_wire_005_RX,3,-0.010718071200551616,0.002228181905357983,0.034670858851075764,0.0
random_bp,expectation_value,bcw_6q_random_bp,hea,RX_RY_RZ_CNOT,none,circular,cnot,local,6,4,3,same_entangling_gate_count,1,5,RY,1,34,layer_001_wire_005_RY,3,0.003278920029241151,0.0007135837668885471,0.01858736551491448,0.0
random_bp,expectation_value,bcw_6q_random_bp,hea,RX_RY_RZ_CNOT,none,circular,cnot,local,6,4,3,same_entangling_gate_count,1,5,RZ,2,35,layer_001_wire_005_RZ,3,-0.004874868364472569,2.7191601579319448e-05,0.005182683362809298,0.0
random_bp,expectation_value,bcw_6q_random_bp,hea,RX_RY_RZ_CNOT,none,circular,cnot,local,6,4,3,same_entangling_gate_count,2,0,RX,0,36,layer_002_wire_000_RX,3,-0.007871888066937432,0.00010434250015288808,0.01003693632207834,0.0
random_bp,expectation_value,bcw_6q_random_bp,hea,RX_RY_RZ_CNOT,none,circular,cnot,local,6,4,3,same_entangling_gate_count,2,0,RY,1,37,layer_002_wire_000_RY,3,-0.006411814726500136,0.001526678188299222,0.02673284337288542,0.0
random_bp,expectation_value,bcw_6q_random_bp,hea,RX_RY_RZ_CNOT,none,circular,cnot,local,6,4,3,same_entangling_gate_count,2,0,RZ,2,38,layer_002_wire_000_RZ,3,-1.7903730249077887e-18,3.4729668180669506e-34,1.3269954792075064e-17,1.0
random_bp,expectation_value,bcw_6q_random_bp,hea,RX_RY_RZ_CNOT,none,circular,cnot,local,6,4,3,same_entangling_gate_count,2,1,RX,0,39,layer_002_wire_001_RX,3,0.010415114829992862,0.0017106258188294312,0.027686432118144963,0.0
random_bp,expectation_value,bcw_6q_random_bp,hea,RX_RY_RZ_CNOT,none,circular,cnot,local,6,4,3,same_entangling_gate_count,2,1,RY,1,40,layer_002_wire_001_RY,3,-0.018185286355763913,0.0011732743322180929,0.021655563580778112,0.0
random_bp,expectation_value,bcw_6q_random_bp,hea,RX_RY_RZ_CNOT,none,circular,cnot,local,6,4,3,same_entangling_gate_count,2,1,RZ,2,41,layer_002_wire_001_RZ,3,9.126431718175535e-18,4.4220891236783627e-35,9.126431718175534e-18,1.0
random_bp,expectation_value,bcw_6q_random_bp,hea,RX_RY_RZ_CNOT,none,circular,cnot,local,6,4,3,same_entangling_gate_count,2,2,RX,0,42,layer_002_wire_002_RX,3,0.011940426350550287,0.0002168770270138591,0.011940426350550285,0.0
random_bp,expectation_value,bcw_6q_random_bp,hea,RX_RY_RZ_CNOT,none,circular,cnot,local,6,4,3,same_entangling_gate_count,2,2,RY,1,43,layer_002_wire_002_RY,3,-0.02741607563741318,0.0013988779723740224,0.03111743950657216,0.0
random_bp,expectation_value,bcw_6q_random_bp,hea,RX_RY_RZ_CNOT,none,circular,cnot,local,6,4,3,same_entangling_gate_count,2,2,RZ,2,44,layer_002_wire_002_RZ,3,3.076919605472044e-18,1.080056780823207e-35,3.496530337214457e-18,1.0
random_bp,expectation_value,bcw_6q_random_bp,hea,RX_RY_RZ_CNOT,none,circular,cnot,local,6,4,3,same_entangling_gate_count,2,3,RX,0,45,layer_002_wire_003_RX,3,0.0007785772209893526,0.00025070269056192746,0.011866660334761935,0.0
random_bp,expectation_value,bcw_6q_random_bp,hea,RX_RY_RZ_CNOT,none,circular,cnot,local,6,4,3,same_entangling_gate_count,2,3,RY,1,46,layer_002_wire_003_RY,3,-0.004817891900434536,0.00031498549591316583,0.011704958259201306,0.0
random_bp,expectation_value,bcw_6q_random_bp,hea,RX_RY_RZ_CNOT,none,circular,cnot,local,6,4,3,same_entangling_gate_count,2,3,RZ,2,47,layer_002_wire_003_RZ,3,-1.6909736943964163e-18,1.7305508788991559e-34,1.0042541316694377e-17,1.0
random_bp,expectation_value,bcw_6q_random_bp,hea,RX_RY_RZ_CNOT,none,circular,cnot,local,6,4,3,same_entangling_gate_count,2,4,RX,0,48,layer_002_wire_004_RX,3,-0.007002623660789747,0.0011247675144989717,0.028065238818942215,0.0
random_bp,expectation_value,bcw_6q_random_bp,hea,RX_RY_RZ_CNOT,none,circular,cnot,local,6,4,3,same_entangling_gate_count,2,4,RY,1,49,layer_002_wire_004_RY,3,-0.0012350588708507013,0.00021358112666819754,0.011581209281081107,0.0
random_bp,expectation_value,bcw_6q_random_bp,hea,RX_RY_RZ_CNOT,none,circular,cnot,local,6,4,3,same_entangling_gate_count,2,4,RZ,2,50,layer_002_wire_004_RZ,3,2.8202645170654733e-18,2.4555358075458745e-36,2.820264517065473e-18,1.0
random_bp,expectation_value,bcw_6q_random_bp,hea,RX_RY_RZ_CNOT,none,circular,cnot,local,6,4,3,same_entangling_gate_count,2,5,RX,0,51,layer_002_wire_005_RX,3,-0.0032274048084877526,4.51803520350552e-05,0.004098470637929559,0.0
random_bp,expectation_value,bcw_6q_random_bp,hea,RX_RY_RZ_CNOT,none,circular,cnot,local,6,4,3,same_entangling_gate_count,2,5,RY,1,52,layer_002_wire_005_RY,3,0.020817323399857045,0.0005404537408341833,0.02081732339985705,0.0
random_bp,expectation_value,bcw_6q_random_bp,hea,RX_RY_RZ_CNOT,none,circular,cnot,local,6,4,3,same_entangling_gate_count,2,5,RZ,2,53,layer_002_wire_005_RZ,3,1.3880296666066302e-18,7.448967700076945e-36,2.430125138951381e-18,1.0
random_bp,expectation_value,bcw_6q_random_bp,hea,RX_RY_RZ_CNOT,none,linear,cnot,global,6,4,4,same_entangling_gate_count,0,0,RX,0,0,layer_000_wire_000_RX,3,-0.022355051112294376,0.008213344831362452,0.061695431259298605,0.0
random_bp,expectation_value,bcw_6q_random_bp,hea,RX_RY_RZ_CNOT,none,linear,cnot,global,6,4,4,same_entangling_gate_count,0,0,RY,1,1,layer_000_wire_000_RY,3,-0.07075573125841877,0.005381812324446839,0.07363274304588661,0.0
random_bp,expectation_value,bcw_6q_random_bp,hea,RX_RY_RZ_CNOT,none,linear,cnot,global,6,4,4,same_entangling_gate_count,0,0,RZ,2,2,layer_000_wire_000_RZ,3,-0.04466813242610414,0.006551954693267129,0.0490813594903527,0.0
random_bp,expectation_value,bcw_6q_random_bp,hea,RX_RY_RZ_CNOT,none,linear,cnot,global,6,4,4,same_entangling_gate_count,0,1,RX,0,3,layer_000_wire_001_RX,3,-0.04925104642368029,0.016486016499658415,0.11476782064247636,0.0
random_bp,expectation_value,bcw_6q_random_bp,hea,RX_RY_RZ_CNOT,none,linear,cnot,global,6,4,4,same_entangling_gate_count,0,1,RY,1,4,layer_000_wire_001_RY,3,-0.03701543380725819,0.001057373829080354,0.03701543380725819,0.0
random_bp,expectation_value,bcw_6q_random_bp,hea,RX_RY_RZ_CNOT,none,linear,cnot,global,6,4,4,same_entangling_gate_count,0,1,RZ,2,5,layer_000_wire_001_RZ,3,-0.06258439397515358,0.006181414965054803,0.07990557780475614,0.0
random_bp,expectation_value,bcw_6q_random_bp,hea,RX_RY_RZ_CNOT,none,linear,cnot,global,6,4,4,same_entangling_gate_count,0,2,RX,0,6,layer_000_wire_002_RX,3,-0.04937145943804312,0.002063363413513879,0.05046573837962178,0.0
random_bp,expectation_value,bcw_6q_random_bp,hea,RX_RY_RZ_CNOT,none,linear,cnot,global,6,4,4,same_entangling_gate_count,0,2,RY,1,7,layer_000_wire_002_RY,3,0.0005756354721437977,0.0027816187079764323,0.03939448456953868,0.0
random_bp,expectation_value,bcw_6q_random_bp,hea,RX_RY_RZ_CNOT,none,linear,cnot,global,6,4,4,same_entangling_gate_count,0,2,RZ,2,8,layer_000_wire_002_RZ,3,0.05812604375766171,0.001369554642659293,0.05812604375766172,0.0
random_bp,expectation_value,bcw_6q_random_bp,hea,RX_RY_RZ_CNOT,none,linear,cnot,global,6,4,4,same_entangling_gate_count,0,3,RX,0,9,layer_000_wire_003_RX,3,0.027644436079029486,0.0008900933051025809,0.027644436079029486,0.0
random_bp,expectation_value,bcw_6q_random_bp,hea,RX_RY_RZ_CNOT,none,linear,cnot,global,6,4,4,same_entangling_gate_count,0,3,RY,1,10,layer_000_wire_003_RY,3,0.009359363348410012,0.0070622838701341825,0.06038634816565266,0.0
random_bp,expectation_value,bcw_6q_random_bp,hea,RX_RY_RZ_CNOT,none,linear,cnot,global,6,4,4,same_entangling_gate_count,0,3,RZ,2,11,layer_000_wire_003_RZ,3,-0.048648289027780456,0.0017396975807608384,0.048648289027780456,0.0
random_bp,expectation_value,bcw_6q_random_bp,hea,RX_RY_RZ_CNOT,none,linear,cnot,global,6,4,4,same_entangling_gate_count,0,4,RX,0,12,layer_000_wire_004_RX,3,0.014207706318116593,0.003977917868710155,0.043926090468505354,0.0
random_bp,expectation_value,bcw_6q_random_bp,hea,RX_RY_RZ_CNOT,none,linear,cnot,global,6,4,4,same_entangling_gate_count,0,4,RY,1,13,layer_000_wire_004_RY,3,-0.015679444635615252,0.0008906496459198647,0.023022017429116155,0.0
random_bp,expectation_value,bcw_6q_random_bp,hea,RX_RY_RZ_CNOT,none,linear,cnot,global,6,4,4,same_entangling_gate_count,0,4,RZ,2,14,layer_000_wire_004_RZ,3,-0.025848889025111225,0.004132245274646461,0.05791161503277831,0.0
random_bp,expectation_value,bcw_6q_random_bp,hea,RX_RY_RZ_CNOT,none,linear,cnot,global,6,4,4,same_entangling_gate_count,0,5,RX,0,15,layer_000_wire_005_RX,3,-0.007087857290074681,0.00137606886845433,0.025674532514120125,0.0
random_bp,expectation_value,bcw_6q_random_bp,hea,RX_RY_RZ_CNOT,none,linear,cnot,global,6,4,4,same_entangling_gate_count,0,5,RY,1,16,layer_000_wire_005_RY,3,-0.0012695073219469149,6.728686999550793e-05,0.006721307725997459,0.0
random_bp,expectation_value,bcw_6q_random_bp,hea,RX_RY_RZ_CNOT,none,linear,cnot,global,6,4,4,same_entangling_gate_count,0,5,RZ,2,17,layer_000_wire_005_RZ,3,0.017964510577537878,0.0005209480423923644,0.017964510577537878,0.0
random_bp,expectation_value,bcw_6q_random_bp,hea,RX_RY_RZ_CNOT,none,linear,cnot,global,6,4,4,same_entangling_gate_count,1,0,RX,0,18,layer_001_wire_000_RX,3,-0.009861958824973555,0.007568975148333389,0.07003178899997752,0.0
random_bp,expectation_value,bcw_6q_random_bp,hea,RX_RY_RZ_CNOT,none,linear,cnot,global,6,4,4,same_entangling_gate_count,1,0,RY,1,19,layer_001_wire_000_RY,3,-0.0346809098815935,0.0033374289203011325,0.05520012285322449,0.0
random_bp,expectation_value,bcw_6q_random_bp,hea,RX_RY_RZ_CNOT,none,linear,cnot,global,6,4,4,same_entangling_gate_count,1,0,RZ,2,20,layer_001_wire_000_RZ,3,-0.010598074529138336,0.006941017890025232,0.06142713110702388,0.0
random_bp,expectation_value,bcw_6q_random_bp,hea,RX_RY_RZ_CNOT,none,linear,cnot,global,6,4,4,same_entangling_gate_count,1,1,RX,0,21,layer_001_wire_001_RX,3,0.05580955901484331,0.0006933469253452166,0.05580955901484331,0.0
random_bp,expectation_value,bcw_6q_random_bp,hea,RX_RY_RZ_CNOT,none,linear,cnot,global,6,4,4,same_entangling_gate_count,1,1,RY,1,22,layer_001_wire_001_RY,3,0.028111904554674768,0.0022665311753215845,0.03843193460156936,0.0
random_bp,expectation_value,bcw_6q_random_bp,hea,RX_RY_RZ_CNOT,none,linear,cnot,global,6,4,4,same_entangling_gate_count,1,1,RZ,2,23,layer_001_wire_001_RZ,3,-0.014229791775816764,0.012273510496440355,0.08812233155633808,0.0
random_bp,expectation_value,bcw_6q_random_bp,hea,RX_RY_RZ_CNOT,none,linear,cnot,global,6,4,4,same_entangling_gate_count,1,2,RX,0,24,layer_001_wire_002_RX,3,0.02205474934081185,0.00023583857353247844,0.02205474934081185,0.0
random_bp,expectation_value,bcw_6q_random_bp,hea,RX_RY_RZ_CNOT,none,linear,cnot,global,6,4,4,same_entangling_gate_count,1,2,RY,1,25,layer_001_wire_002_RY,3,-0.10486963556497673,0.012936250314429042,0.10486963556497673,0.0
random_bp,expectation_value,bcw_6q_random_bp,hea,RX_RY_RZ_CNOT,none,linear,cnot,global,6,4,4,same_entangling_gate_count,1,2,RZ,2,26,layer_001_wire_002_RZ,3,-0.007207138973493147,0.00043106995903418146,0.017535068085425282,0.0
random_bp,expectation_value,bcw_6q_random_bp,hea,RX_RY_RZ_CNOT,none,linear,cnot,global,6,4,4,same_entangling_gate_count,1,3,RX,0,27,layer_001_wire_003_RX,3,-0.011946610738594269,0.0012375293931108041,0.028086469086674903,0.0
random_bp,expectation_value,bcw_6q_random_bp,hea,RX_RY_RZ_CNOT,none,linear,cnot,global,6,4,4,same_entangling_gate_count,1,3,RY,1,28,layer_001_wire_003_RY,3,0.07612164317408521,0.0077151543546757715,0.09140487432831172,0.0
random_bp,expectation_value,bcw_6q_random_bp,hea,RX_RY_RZ_CNOT,none,linear,cnot,global,6,4,4,same_entangling_gate_count,1,3,RZ,2,29,layer_001_wire_003_RZ,3,-0.014995997882800559,0.0007032892810331602,0.021790231119398918,0.0
random_bp,expectation_value,bcw_6q_random_bp,hea,RX_RY_RZ_CNOT,none,linear,cnot,global,6,4,4,same_entangling_gate_count,1,4,RX,0,30,layer_001_wire_004_RX,3,0.0038179672193574925,0.001287228525364988,0.025555576404078878,0.0
random_bp,expectation_value,bcw_6q_random_bp,hea,RX_RY_RZ_CNOT,none,linear,cnot,global,6,4,4,same_entangling_gate_count,1,4,RY,1,31,layer_001_wire_004_RY,3,0.08132292329314947,0.0242021491513269,0.09732146932319707,0.0
random_bp,expectation_value,bcw_6q_random_bp,hea,RX_RY_RZ_CNOT,none,linear,cnot,global,6,4,4,same_entangling_gate_count,1,4,RZ,2,32,layer_001_wire_004_RZ,3,-0.043740132530928955,0.0005720781776635259,0.043740132530928955,0.0
random_bp,expectation_value,bcw_6q_random_bp,hea,RX_RY_RZ_CNOT,none,linear,cnot,global,6,4,4,same_entangling_gate_count,1,5,RX,0,33,layer_001_wire_005_RX,3,0.007991594543737993,0.0002127515736641569,0.009979408684657928,0.0
random_bp,expectation_value,bcw_6q_random_bp,hea,RX_RY_RZ_CNOT,none,linear,cnot,global,6,4,4,same_entangling_gate_count,1,5,RY,1,34,layer_001_wire_005_RY,3,0.008247514951160453,0.004696692802166482,0.04575889088441604,0.0
random_bp,expectation_value,bcw_6q_random_bp,hea,RX_RY_RZ_CNOT,none,linear,cnot,global,6,4,4,same_entangling_gate_count,1,5,RZ,2,35,layer_001_wire_005_RZ,3,-0.06298892867203518,0.026047803818572482,0.10279778564935366,0.0
random_bp,expectation_value,bcw_6q_random_bp,hea,RX_RY_RZ_CNOT,none,linear,cnot,global,6,4,4,same_entangling_gate_count,2,0,RX,0,36,layer_002_wire_000_RX,3,-0.03561411245285048,0.02340902989874433,0.10412293268017264,0.0
random_bp,expectation_value,bcw_6q_random_bp,hea,RX_RY_RZ_CNOT,none,linear,cnot,global,6,4,4,same_entangling_gate_count,2,0,RY,1,37,layer_002_wire_000_RY,3,0.0759335489413524,0.013014658105541822,0.11067349511227324,0.0
random_bp,expectation_value,bcw_6q_random_bp,hea,RX_RY_RZ_CNOT,none,linear,cnot,global,6,4,4,same_entangling_gate_count,2,0,RZ,2,38,layer_002_wire_000_RZ,3,1.1699134119842552e-17,1.0663790174419328e-33,2.903485490854103e-17,1.0
random_bp,expectation_value,bcw_6q_random_bp,hea,RX_RY_RZ_CNOT,none,linear,cnot,global,6,4,4,same_entangling_gate_count,2,1,RX,0,39,layer_002_wire_001_RX,3,-0.061895149864246414,0.008948391964715379,0.09339963606223778,0.0
random_bp,expectation_value,bcw_6q_random_bp,hea,RX_RY_RZ_CNOT,none,linear,cnot,global,6,4,4,same_entangling_gate_count,2,1,RY,1,40,layer_002_wire_001_RY,3,0.054008596323325775,0.0025311864669514475,0.054008596323325775,0.0
random_bp,expectation_value,bcw_6q_random_bp,hea,RX_RY_RZ_CNOT,none,linear,cnot,global,6,4,4,same_entangling_gate_count,2,1,RZ,2,41,layer_002_wire_001_RZ,3,0.08095386486520682,0.01692264316486406,0.12695067777952487,0.0
random_bp,expectation_value,bcw_6q_random_bp,hea,RX_RY_RZ_CNOT,none,linear,cnot,global,6,4,4,same_entangling_gate_count,2,2,RX,0,42,layer_002_wire_002_RX,3,0.057546104594380476,0.005423945185799204,0.057546104594380476,0.0
random_bp,expectation_value,bcw_6q_random_bp,hea,RX_RY_RZ_CNOT,none,linear,cnot,global,6,4,4,same_entangling_gate_count,2,2,RY,1,43,layer_002_wire_002_RY,3,-0.025630214799958657,0.013918867796400808,0.0798729838010604,0.0
random_bp,expectation_value,bcw_6q_random_bp,hea,RX_RY_RZ_CNOT,none,linear,cnot,global,6,4,4,same_entangling_gate_count,2,2,RZ,2,44,layer_002_wire_002_RZ,3,0.08483769758018658,0.015006114717949373,0.0848376975801866,0.0
random_bp,expectation_value,bcw_6q_random_bp,hea,RX_RY_RZ_CNOT,none,linear,cnot,global,6,4,4,same_entangling_gate_count,2,3,RX,0,45,layer_002_wire_003_RX,3,-0.023193965959613504,0.001223347454184567,0.02384424117666534,0.0
random_bp,expectation_value,bcw_6q_random_bp,hea,RX_RY_RZ_CNOT,none,linear,cnot,global,6,4,4,same_entangling_gate_count,2,3,RY,1,46,layer_002_wire_003_RY,3,0.06870750448378363,0.010986868297423198,0.06906427108512006,0.0
random_bp,expectation_value,bcw_6q_random_bp,hea,RX_RY_RZ_CNOT,none,linear,cnot,global,6,4,4,same_entangling_gate_count,2,3,RZ,2,47,layer_002_wire_003_RZ,3,-0.0030128401262534896,0.023959912965890548,0.1201486746507532,0.0
random_bp,expectation_value,bcw_6q_random_bp,hea,RX_RY_RZ_CNOT,none,linear,cnot,global,6,4,4,same_entangling_gate_count,2,4,RX,0,48,layer_002_wire_004_RX,3,-0.033508739371797436,0.0010553256612851752,0.033508739371797436,0.0
random_bp,expectation_value,bcw_6q_random_bp,hea,RX_RY_RZ_CNOT,none,linear,cnot,global,6,4,4,same_entangling_gate_count,2,4,RY,1,49,layer_002_wire_004_RY,3,-0.09510971476256984,0.01795629806553135,0.13254635858935573,0.0
random_bp,expectation_value,bcw_6q_random_bp,hea,RX_RY_RZ_CNOT,none,linear,cnot,global,6,4,4,same_entangling_gate_count,2,4,RZ,2,50,layer_002_wire_004_RZ,3,0.1051304251220935,0.004854260365043558,0.10513042512209352,0.0
random_bp,expectation_value,bcw_6q_random_bp,hea,RX_RY_RZ_CNOT,none,linear,cnot,global,6,4,4,same_entangling_gate_count,2,5,RX,0,51,layer_002_wire_005_RX,3,-0.03975199060909916,0.0022139988106485947,0.04886236606953418,0.0
random_bp,expectation_value,bcw_6q_random_bp,hea,RX_RY_RZ_CNOT,none,linear,cnot,global,6,4,4,same_entangling_gate_count,2,5,RY,1,52,layer_002_wire_005_RY,3,0.10803335690518442,0.012920175755626293,0.10803335690518444,0.0
random_bp,expectation_value,bcw_6q_random_bp,hea,RX_RY_RZ_CNOT,none,linear,cnot,global,6,4,4,same_entangling_gate_count,2,5,RZ,2,53,layer_002_wire_005_RZ,3,0.007204499774897712,0.020336521448136614,0.10825473546098584,0.0
random_bp,expectation_value,bcw_6q_random_bp,hea,RX_RY_RZ_CNOT,none,linear,cnot,global,6,4,4,same_entangling_gate_count,3,0,RX,0,54,layer_003_wire_000_RX,3,-1.1564823173178714e-17,4.9753190230003596e-34,2.0816681711721685e-17,1.0
random_bp,expectation_value,bcw_6q_random_bp,hea,RX_RY_RZ_CNOT,none,linear,cnot,global,6,4,4,same_entangling_gate_count,3,0,RY,1,55,layer_003_wire_000_RY,3,8.529057090219302e-18,1.236870829193222e-33,2.3852447794681098e-17,1.0
random_bp,expectation_value,bcw_6q_random_bp,hea,RX_RY_RZ_CNOT,none,linear,cnot,global,6,4,4,same_entangling_gate_count,3,0,RZ,2,56,layer_003_wire_000_RZ,3,-3.2612644206171114e-17,5.401223856557029e-34,3.2612644206171114e-17,1.0
random_bp,expectation_value,bcw_6q_random_bp,hea,RX_RY_RZ_CNOT,none,linear,cnot,global,6,4,4,same_entangling_gate_count,3,1,RX,0,57,layer_003_wire_001_RX,3,0.015638998744186616,0.0006047136470423183,0.022210186947676912,0.0
random_bp,expectation_value,bcw_6q_random_bp,hea,RX_RY_RZ_CNOT,none,linear,cnot,global,6,4,4,same_entangling_gate_count,3,1,RY,1,58,layer_003_wire_001_RY,3,-0.09813443396347789,0.0054140718224848245,0.09813443396347787,0.0
random_bp,expectation_value,bcw_6q_random_bp,hea,RX_RY_RZ_CNOT,none,linear,cnot,global,6,4,4,same_entangling_gate_count,3,1,RZ,2,59,layer_003_wire_001_RZ,3,-7.515319878947937e-18,2.86053102165407e-34,1.1170261087319236e-17,1.0
random_bp,expectation_value,bcw_6q_random_bp,hea,RX_RY_RZ_CNOT,none,linear,cnot,global,6,4,4,same_entangling_gate_count,3,2,RX,0,60,layer_003_wire_002_RX,3,2.3707887505016363e-17,7.77393597343806e-34,2.3707887505016363e-17,1.0
random_bp,expectation_value,bcw_6q_random_bp,hea,RX_RY_RZ_CNOT,none,linear,cnot,global,6,4,4,same_entangling_gate_count,3,2,RY,1,61,layer_003_wire_002_RY,3,7.228014483236695e-18,8.232848967999082e-34,2.2262284608369025e-17,1.0
random_bp,expectation_value,bcw_6q_random_bp,hea,RX_RY_RZ_CNOT,none,linear,cnot,global,6,4,4,same_entangling_gate_count,3,2,RZ,2,62,layer_003_wire_002_RZ,3,-9.021815957183664e-18,4.017646566121586e-34,1.2496362048658233e-17,1.0
random_bp,expectation_value,bcw_6q_random_bp,hea,RX_RY_RZ_CNOT,none,linear,cnot,global,6,4,4,same_entangling_gate_count,3,3,RX,0,63,layer_003_wire_003_RX,3,-0.023643396257488316,0.002917920787770094,0.0471221899945596,0.0
random_bp,expectation_value,bcw_6q_random_bp,hea,RX_RY_RZ_CNOT,none,linear,cnot,global,6,4,4,same_entangling_gate_count,3,3,RY,1,64,layer_003_wire_003_RY,3,-0.13298662587262475,0.06286357939322983,0.21436536917036664,0.0
random_bp,expectation_value,bcw_6q_random_bp,hea,RX_RY_RZ_CNOT,none,linear,cnot,global,6,4,4,same_entangling_gate_count,3,3,RZ,2,65,layer_003_wire_003_RZ,3,-7.965102225659104e-18,1.8671741896272242e-33,2.927031574275088e-17,1.0
random_bp,expectation_value,bcw_6q_random_bp,hea,RX_RY_RZ_CNOT,none,linear,cnot,global,6,4,4,same_entangling_gate_count,3,4,RX,0,66,layer_003_wire_004_RX,3,8.095376221225099e-18,1.7253122418468989e-34,1.2721305490496585e-17,1.0
random_bp,expectation_value,bcw_6q_random_bp,hea,RX_RY_RZ_CNOT,none,linear,cnot,global,6,4,4,same_entangling_gate_count,3,4,RY,1,67,layer_003_wire_004_RY,3,-2.8189256484623115e-17,1.0703581360847421e-33,3.426078865054194e-17,1.0
random_bp,expectation_value,bcw_6q_random_bp,hea,RX_RY_RZ_CNOT,none,linear,cnot,global,6,4,4,same_entangling_gate_count,3,4,RZ,2,68,layer_003_wire_004_RZ,3,-1.7697193286591214e-17,1.276998607665191e-33,2.1541422459003898e-17,1.0
random_bp,expectation_value,bcw_6q_random_bp,hea,RX_RY_RZ_CNOT,none,linear,cnot,global,6,4,4,same_entangling_gate_count,3,5,RX,0,69,layer_003_wire_005_RX,3,0.04241437728344092,0.004979738547127306,0.04845663455294185,0.0
random_bp,expectation_value,bcw_6q_random_bp,hea,RX_RY_RZ_CNOT,none,linear,cnot,global,6,4,4,same_entangling_gate_count,3,5,RY,1,70,layer_003_wire_005_RY,3,0.19616922730765324,0.042070695521983364,0.19616922730765327,0.0
random_bp,expectation_value,bcw_6q_random_bp,hea,RX_RY_RZ_CNOT,none,linear,cnot,global,6,4,4,same_entangling_gate_count,3,5,RZ,2,71,layer_003_wire_005_RZ,3,-8.262237504693937e-18,3.028379077765404e-35,8.262237504693937e-18,1.0
random_bp,expectation_value,bcw_6q_random_bp,hea,RX_RY_RZ_CNOT,none,circular,cnot,global,6,4,3,same_entangling_gate_count,0,0,RX,0,0,layer_000_wire_000_RX,3,-0.006873333234219969,0.0014687017283240146,0.026843962164446834,0.0
random_bp,expectation_value,bcw_6q_random_bp,hea,RX_RY_RZ_CNOT,none,circular,cnot,global,6,4,3,same_entangling_gate_count,0,0,RY,1,1,layer_000_wire_000_RY,3,0.0026363762988675884,0.000966440257164684,0.020980867943934885,0.0
random_bp,expectation_value,bcw_6q_random_bp,hea,RX_RY_RZ_CNOT,none,circular,cnot,global,6,4,3,same_entangling_gate_count,0,0,RZ,2,2,layer_000_wire_000_RZ,3,-0.009809109878848449,0.0010146662258210212,0.02085257812839104,0.0
random_bp,expectation_value,bcw_6q_random_bp,hea,RX_RY_RZ_CNOT,none,circular,cnot,global,6,4,3,same_entangling_gate_count,0,1,RX,0,3,layer_000_wire_001_RX,3,-0.052629246905639,0.0023150282609101223,0.05368248607425133,0.0
random_bp,expectation_value,bcw_6q_random_bp,hea,RX_RY_RZ_CNOT,none,circular,cnot,global,6,4,3,same_entangling_gate_count,0,1,RY,1,4,layer_000_wire_001_RY,3,0.031150892546937224,0.0027328571158324487,0.0362526727009315,0.0
random_bp,expectation_value,bcw_6q_random_bp,hea,RX_RY_RZ_CNOT,none,circular,cnot,global,6,4,3,same_entangling_gate_count,0,1,RZ,2,5,layer_000_wire_001_RZ,3,0.007038320009958145,0.0050914490339897525,0.04908480171245236,0.0
random_bp,expectation_value,bcw_6q_random_bp,hea,RX_RY_RZ_CNOT,none,circular,cnot,global,6,4,3,same_entangling_gate_count,0,2,RX,0,6,layer_000_wire_002_RX,3,0.013613444872705424,0.0013457056704113644,0.024494271574620387,0.0
random_bp,expectation_value,bcw_6q_random_bp,hea,RX_RY_RZ_CNOT,none,circular,cnot,global,6,4,3,same_entangling_gate_count,0,2,RY,1,7,layer_000_wire_002_RY,3,-0.023949329388750024,0.0008884722070448958,0.024442208153799095,0.0
random_bp,expectation_value,bcw_6q_random_bp,hea,RX_RY_RZ_CNOT,none,circular,cnot,global,6,4,3,same_entangling_gate_count,0,2,RZ,2,8,layer_000_wire_002_RZ,3,0.06376806812700117,0.005475022692570741,0.06376806812700118,0.0
random_bp,expectation_value,bcw_6q_random_bp,hea,RX_RY_RZ_CNOT,none,circular,cnot,global,6,4,3,same_entangling_gate_count,0,3,RX,0,9,layer_000_wire_003_RX,3,-0.13625267588429996,0.005863787146033403,0.13625267588429996,0.0
random_bp,expectation_value,bcw_6q_random_bp,hea,RX_RY_RZ_CNOT,none,circular,cnot,global,6,4,3,same_entangling_gate_count,0,3,RY,1,10,layer_000_wire_003_RY,3,0.004757992897537963,0.0013050854135236972,0.026456578780601342,0.0
random_bp,expectation_value,bcw_6q_random_bp,hea,RX_RY_RZ_CNOT,none,circular,cnot,global,6,4,3,same_entangling_gate_count,0,3,RZ,2,11,layer_000_wire_003_RZ,3,0.10529953276470781,0.005426349565152279,0.10529953276470783,0.0
random_bp,expectation_value,bcw_6q_random_bp,hea,RX_RY_RZ_CNOT,none,circular,cnot,global,6,4,3,same_entangling_gate_count,0,4,RX,0,12,layer_000_wire_004_RX,3,0.02753163962250528,0.0023661932974763916,0.04578133464337808,0.0
random_bp,expectation_value,bcw_6q_random_bp,hea,RX_RY_RZ_CNOT,none,circular,cnot,global,6,4,3,same_entangling_gate_count,0,4,RY,1,13,layer_000_wire_004_RY,3,0.016076804417713395,0.0011617963457006568,0.029356547645969278,0.0
random_bp,expectation_value,bcw_6q_random_bp,hea,RX_RY_RZ_CNOT,none,circular,cnot,global,6,4,3,same_entangling_gate_count,0,4,RZ,2,14,layer_000_wire_004_RZ,3,0.016873918543864927,0.003890220476616432,0.05198930307595345,0.0
random_bp,expectation_value,bcw_6q_random_bp,hea,RX_RY_RZ_CNOT,none,circular,cnot,global,6,4,3,same_entangling_gate_count,0,5,RX,0,15,layer_000_wire_005_RX,3,0.04815608322055985,0.00013336108331269675,0.048156083220559844,0.0
random_bp,expectation_value,bcw_6q_random_bp,hea,RX_RY_RZ_CNOT,none,circular,cnot,global,6,4,3,same_entangling_gate_count,0,5,RY,1,16,layer_000_wire_005_RY,3,0.003990994703697064,0.0005202837198808415,0.016212571535762985,0.0
random_bp,expectation_value,bcw_6q_random_bp,hea,RX_RY_RZ_CNOT,none,circular,cnot,global,6,4,3,same_entangling_gate_count,0,5,RZ,2,17,layer_000_wire_005_RZ,3,-0.010735490696650623,0.0015231451192539796,0.031804270881054274,0.0
random_bp,expectation_value,bcw_6q_random_bp,hea,RX_RY_RZ_CNOT,none,circular,cnot,global,6,4,3,same_entangling_gate_count,1,0,RX,0,18,layer_001_wire_000_RX,3,-0.012557641393781852,5.472235873537224e-05,0.012557641393781854,0.0
random_bp,expectation_value,bcw_6q_random_bp,hea,RX_RY_RZ_CNOT,none,circular,cnot,global,6,4,3,same_entangling_gate_count,1,0,RY,1,19,layer_001_wire_000_RY,3,-0.012206003537959795,0.00196533134075103,0.029544793219083862,0.0
random_bp,expectation_value,bcw_6q_random_bp,hea,RX_RY_RZ_CNOT,none,circular,cnot,global,6,4,3,same_entangling_gate_count,1,0,RZ,2,20,layer_001_wire_000_RZ,3,-0.03541227984978178,0.0010476113510245512,0.035412279849781785,0.0
random_bp,expectation_value,bcw_6q_random_bp,hea,RX_RY_RZ_CNOT,none,circular,cnot,global,6,4,3,same_entangling_gate_count,1,1,RX,0,21,layer_001_wire_001_RX,3,-0.022026628442010428,0.003516368265989178,0.049865274803306305,0.0
random_bp,expectation_value,bcw_6q_random_bp,hea,RX_RY_RZ_CNOT,none,circular,cnot,global,6,4,3,same_entangling_gate_count,1,1,RY,1,22,layer_001_wire_001_RY,3,-0.02695374499657654,0.007077297485552867,0.06936679249017351,0.0
random_bp,expectation_value,bcw_6q_random_bp,hea,RX_RY_RZ_CNOT,none,circular,cnot,global,6,4,3,same_entangling_gate_count,1,1,RZ,2,23,layer_001_wire_001_RZ,3,0.018102081706466214,0.002081712537504782,0.028863440481846803,0.0
random_bp,expectation_value,bcw_6q_random_bp,hea,RX_RY_RZ_CNOT,none,circular,cnot,global,6,4,3,same_entangling_gate_count,1,2,RX,0,24,layer_001_wire_002_RX,3,0.06454722704979796,0.008196924867716978,0.06454722704979794,0.0
random_bp,expectation_value,bcw_6q_random_bp,hea,RX_RY_RZ_CNOT,none,circular,cnot,global,6,4,3,same_entangling_gate_count,1,2,RY,1,25,layer_001_wire_002_RY,3,-0.061152216243907334,0.0006879213554008377,0.06115221624390734,0.0
random_bp,expectation_value,bcw_6q_random_bp,hea,RX_RY_RZ_CNOT,none,circular,cnot,global,6,4,3,same_entangling_gate_count,1,2,RZ,2,26,layer_001_wire_002_RZ,3,0.013186839419437886,0.0043452529621682634,0.04484271154858021,0.0
random_bp,expectation_value,bcw_6q_random_bp,hea,RX_RY_RZ_CNOT,none,circular,cnot,global,6,4,3,same_entangling_gate_count,1,3,RX,0,27,layer_001_wire_003_RX,3,0.012138659611487648,0.0021550366093773345,0.03069430075601229,0.0
random_bp,expectation_value,bcw_6q_random_bp,hea,RX_RY_RZ_CNOT,none,circular,cnot,global,6,4,3,same_entangling_gate_count,1,3,RY,1,28,layer_001_wire_003_RY,3,-0.0377296776536442,0.007945515169686815,0.0804094446720177,0.0
random_bp,expectation_value,bcw_6q_random_bp,hea,RX_RY_RZ_CNOT,none,circular,cnot,global,6,4,3,same_entangling_gate_count,1,3,RZ,2,29,layer_001_wire_003_RZ,3,0.13197979336690766,0.005533674375366156,0.13197979336690766,0.0
random_bp,expectation_value,bcw_6q_random_bp,hea,RX_RY_RZ_CNOT,none,circular,cnot,global,6,4,3,same_entangling_gate_count,1,4,RX,0,30,layer_001_wire_004_RX,3,-0.012797483196197227,0.0007857424376765443,0.025337277455774018,0.0
random_bp,expectation_value,bcw_6q_random_bp,hea,RX_RY_RZ_CNOT,none,circular,cnot,global,6,4,3,same_entangling_gate_count,1,4,RY,1,31,layer_001_wire_004_RY,3,0.050117469066132084,0.001228782194042801,0.05011746906613209,0.0
random_bp,expectation_value,bcw_6q_random_bp,hea,RX_RY_RZ_CNOT,none,circular,cnot,global,6,4,3,same_entangling_gate_count,1,4,RZ,2,32,layer_001_wire_004_RZ,3,0.04559063800415078,0.010030869060785076,0.0639733873618892,0.0
random_bp,expectation_value,bcw_6q_random_bp,hea,RX_RY_RZ_CNOT,none,circular,cnot,global,6,4,3,same_entangling_gate_count,1,5,RX,0,33,layer_001_wire_005_RX,3,0.042866316672933925,0.0028313218417813603,0.042866316672933925,0.0
random_bp,expectation_value,bcw_6q_random_bp,hea,RX_RY_RZ_CNOT,none,circular,cnot,global,6,4,3,same_entangling_gate_count,1,5,RY,1,34,layer_001_wire_005_RY,3,0.0402597476362713,0.002378543436125922,0.0402597476362713,0.0
random_bp,expectation_value,bcw_6q_random_bp,hea,RX_RY_RZ_CNOT,none,circular,cnot,global,6,4,3,same_entangling_gate_count,1,5,RZ,2,35,layer_001_wire_005_RZ,3,0.009492279906084651,8.265712612306623e-05,0.009492279906084653,0.0
random_bp,expectation_value,bcw_6q_random_bp,hea,RX_RY_RZ_CNOT,none,circular,cnot,global,6,4,3,same_entangling_gate_count,2,0,RX,0,36,layer_002_wire_000_RX,3,-0.019200721833894183,0.00419890593804864,0.04210874745156032,0.0
random_bp,expectation_value,bcw_6q_random_bp,hea,RX_RY_RZ_CNOT,none,circular,cnot,global,6,4,3,same_entangling_gate_count,2,0,RY,1,37,layer_002_wire_000_RY,3,0.09500506239091223,0.05213198906740531,0.150818770740507,0.0
random_bp,expectation_value,bcw_6q_random_bp,hea,RX_RY_RZ_CNOT,none,circular,cnot,global,6,4,3,same_entangling_gate_count,2,0,RZ,2,38,layer_002_wire_000_RZ,3,-2.4699474487276393e-17,3.2361331616451656e-33,5.191057993954607e-17,1.0
random_bp,expectation_value,bcw_6q_random_bp,hea,RX_RY_RZ_CNOT,none,circular,cnot,global,6,4,3,same_entangling_gate_count,2,1,RX,0,39,layer_002_wire_001_RX,3,-2.0816681711721685e-17,1.4444474582904269e-34,2.0816681711721685e-17,1.0
random_bp,expectation_value,bcw_6q_random_bp,hea,RX_RY_RZ_CNOT,none,circular,cnot,global,6,4,3,same_entangling_gate_count,2,1,RY,1,40,layer_002_wire_001_RY,3,-1.8503717077085944e-17,3.96420580219706e-33,5.088522196198634e-17,1.0
random_bp,expectation_value,bcw_6q_random_bp,hea,RX_RY_RZ_CNOT,none,circular,cnot,global,6,4,3,same_entangling_gate_count,2,1,RZ,2,41,layer_002_wire_001_RZ,3,1.0257412906091829e-18,2.66289573825069e-33,3.9770633144539265e-17,1.0
random_bp,expectation_value,bcw_6q_random_bp,hea,RX_RY_RZ_CNOT,none,circular,cnot,global,6,4,3,same_entangling_gate_count,2,2,RX,0,42,layer_002_wire_002_RX,3,-0.009281854263306799,0.00696167332743453,0.05720015918924685,0.0
random_bp,expectation_value,bcw_6q_random_bp,hea,RX_RY_RZ_CNOT,none,circular,cnot,global,6,4,3,same_entangling_gate_count,2,2,RY,1,43,layer_002_wire_002_RY,3,-0.03629711787563493,0.04710220530246281,0.1789459215801604,0.0
random_bp,expectation_value,bcw_6q_random_bp,hea,RX_RY_RZ_CNOT,none,circular,cnot,global,6,4,3,same_entangling_gate_count,2,2,RZ,2,44,layer_002_wire_002_RZ,3,-6.058452162576722e-18,1.7280529540489969e-34,1.1856846609883848e-17,1.0
random_bp,expectation_value,bcw_6q_random_bp,hea,RX_RY_RZ_CNOT,none,circular,cnot,global,6,4,3,same_entangling_gate_count,2,3,RX,0,45,layer_002_wire_003_RX,3,-3.541727096785981e-18,1.060922834762142e-34,8.023096076392733e-18,1.0
random_bp,expectation_value,bcw_6q_random_bp,hea,RX_RY_RZ_CNOT,none,circular,cnot,global,6,4,3,same_entangling_gate_count,2,3,RY,1,46,layer_002_wire_003_RY,3,3.028538068476176e-17,1.7122877644397876e-33,3.0285380684761755e-17,1.0
random_bp,expectation_value,bcw_6q_random_bp,hea,RX_RY_RZ_CNOT,none,circular,cnot,global,6,4,3,same_entangling_gate_count,2,3,RZ,2,47,layer_002_wire_003_RZ,3,1.0411035037897147e-17,5.960901875931207e-34,1.531920834521473e-17,1.0
random_bp,expectation_value,bcw_6q_random_bp,hea,RX_RY_RZ_CNOT,none,circular,cnot,global,6,4,3,same_entangling_gate_count,2,4,RX,0,48,layer_002_wire_004_RX,3,0.024486845142947695,0.011825410912853034,0.07513570880062707,0.0
random_bp,expectation_value,bcw_6q_random_bp,hea,RX_RY_RZ_CNOT,none,circular,cnot,global,6,4,3,same_entangling_gate_count,2,4,RY,1,49,layer_002_wire_004_RY,3,0.0012490482271795486,0.005149157315104135,0.04962589279829458,0.0
random_bp,expectation_value,bcw_6q_random_bp,hea,RX_RY_RZ_CNOT,none,circular,cnot,global,6,4,3,same_entangling_gate_count,2,4,RZ,2,50,layer_002_wire_004_RZ,3,9.9816061899951e-18,1.104894946632659e-34,9.981606189995101e-18,1.0
random_bp,expectation_value,bcw_6q_random_bp,hea,RX_RY_RZ_CNOT,none,circular,cnot,global,6,4,3,same_entangling_gate_count,2,5,RX,0,51,layer_002_wire_005_RX,3,-6.938893903907228e-18,4.81482486096809e-35,6.938893903907228e-18,1.0
random_bp,expectation_value,bcw_6q_random_bp,hea,RX_RY_RZ_CNOT,none,circular,cnot,global,6,4,3,same_entangling_gate_count,2,5,RY,1,52,layer_002_wire_005_RY,3,5.7824115865893565e-18,6.780878345863393e-34,2.1973164029039556e-17,1.0
random_bp,expectation_value,bcw_6q_random_bp,hea,RX_RY_RZ_CNOT,none,circular,cnot,global,6,4,3,same_entangling_gate_count,2,5,RZ,2,53,layer_002_wire_005_RZ,3,-6.968220847844973e-18,5.314880395110057e-34,1.611526831138918e-17,1.0
random_bp,expectation_value,bcw_6q_random_bp,hea,RX_RY_RZ_CNOT,none,linear,cnot,hamiltonian_local,6,4,4,same_entangling_gate_count,0,0,RX,0,0,layer_000_wire_000_RX,3,-0.014259324590789341,0.0062998844695414885,0.06579085655920218,0.0
random_bp,expectation_value,bcw_6q_random_bp,hea,RX_RY_RZ_CNOT,none,linear,cnot,hamiltonian_local,6,4,4,same_entangling_gate_count,0,0,RY,1,1,layer_000_wire_000_RY,3,-0.01891598429717529,0.00012085914982684055,0.01891598429717529,0.0
random_bp,expectation_value,bcw_6q_random_bp,hea,RX_RY_RZ_CNOT,none,linear,cnot,hamiltonian_local,6,4,4,same_entangling_gate_count,0,0,RZ,2,2,layer_000_wire_000_RZ,3,-0.03836724986907597,0.0003668413692199536,0.03836724986907597,0.0
random_bp,expectation_value,bcw_6q_random_bp,hea,RX_RY_RZ_CNOT,none,linear,cnot,hamiltonian_local,6,4,4,same_entangling_gate_count,0,1,RX,0,3,layer_000_wire_001_RX,3,0.03723969949974784,0.0014366756271151125,0.04028206866596089,0.0
random_bp,expectation_value,bcw_6q_random_bp,hea,RX_RY_RZ_CNOT,none,linear,cnot,hamiltonian_local,6,4,4,same_entangling_gate_count,0,1,RY,1,4,layer_000_wire_001_RY,3,-0.004307154401871327,0.0006184674126507564,0.0205408579018862,0.0
random_bp,expectation_value,bcw_6q_random_bp,hea,RX_RY_RZ_CNOT,none,linear,cnot,hamiltonian_local,6,4,4,same_entangling_gate_count,0,1,RZ,2,5,layer_000_wire_001_RZ,3,0.007541165205734505,0.0013573434247059336,0.02619293798955222,0.0
random_bp,expectation_value,bcw_6q_random_bp,hea,RX_RY_RZ_CNOT,none,linear,cnot,hamiltonian_local,6,4,4,same_entangling_gate_count,0,2,RX,0,6,layer_000_wire_002_RX,3,-0.01203047172236188,0.0026196231014291456,0.03519918188437785,0.0
random_bp,expectation_value,bcw_6q_random_bp,hea,RX_RY_RZ_CNOT,none,linear,cnot,hamiltonian_local,6,4,4,same_entangling_gate_count,0,2,RY,1,7,layer_000_wire_002_RY,3,-0.013747611326573771,0.0007744555247476133,0.02113009692510788,0.0
random_bp,expectation_value,bcw_6q_random_bp,hea,RX_RY_RZ_CNOT,none,linear,cnot,hamiltonian_local,6,4,4,same_entangling_gate_count,0,2,RZ,2,8,layer_000_wire_002_RZ,3,-0.018652002156731528,0.001255822931104327,0.032059914213285585,0.0
random_bp,expectation_value,bcw_6q_random_bp,hea,RX_RY_RZ_CNOT,none,linear,cnot,hamiltonian_local,6,4,4,same_entangling_gate_count,0,3,RX,0,9,layer_000_wire_003_RX,3,-0.022829104812091525,0.0011032065439466586,0.031226838712444704,0.0
random_bp,expectation_value,bcw_6q_random_bp,hea,RX_RY_RZ_CNOT,none,linear,cnot,hamiltonian_local,6,4,4,same_entangling_gate_count,0,3,RY,1,10,layer_000_wire_003_RY,3,-0.006897687716869511,0.0003454327685133828,0.01647980028726104,0.0
random_bp,expectation_value,bcw_6q_random_bp,hea,RX_RY_RZ_CNOT,none,linear,cnot,hamiltonian_local,6,4,4,same_entangling_gate_count,0,3,RZ,2,11,layer_000_wire_003_RZ,3,0.011240938256279837,0.001329396957044167,0.02431438593633016,0.0
random_bp,expectation_value,bcw_6q_random_bp,hea,RX_RY_RZ_CNOT,none,linear,cnot,hamiltonian_local,6,4,4,same_entangling_gate_count,0,4,RX,0,12,layer_000_wire_004_RX,3,-0.05176701051879927,0.0011020804649257208,0.05176701051879928,0.0
random_bp,expectation_value,bcw_6q_random_bp,hea,RX_RY_RZ_CNOT,none,linear,cnot,hamiltonian_local,6,4,4,same_entangling_gate_count,0,4,RY,1,13,layer_000_wire_004_RY,3,0.020503078106878327,0.00017321454506743483,0.020503078106878327,0.0
random_bp,expectation_value,bcw_6q_random_bp,hea,RX_RY_RZ_CNOT,none,linear,cnot,hamiltonian_local,6,4,4,same_entangling_gate_count,0,4,RZ,2,14,layer_000_wire_004_RZ,3,0.04398277497800208,0.002574390473429633,0.04398277497800208,0.0
random_bp,expectation_value,bcw_6q_random_bp,hea,RX_RY_RZ_CNOT,none,linear,cnot,hamiltonian_local,6,4,4,same_entangling_gate_count,0,5,RX,0,15,layer_000_wire_005_RX,3,0.034727083039375155,0.0007311911088859847,0.034727083039375155,0.0
random_bp,expectation_value,bcw_6q_random_bp,hea,RX_RY_RZ_CNOT,none,linear,cnot,hamiltonian_local,6,4,4,same_entangling_gate_count,0,5,RY,1,16,layer_000_wire_005_RY,3,0.004235877755956338,0.004276736004515006,0.04959258712858736,0.0
random_bp,expectation_value,bcw_6q_random_bp,hea,RX_RY_RZ_CNOT,none,linear,cnot,hamiltonian_local,6,4,4,same_entangling_gate_count,0,5,RZ,2,17,layer_000_wire_005_RZ,3,0.028675796219301303,0.002096096728284541,0.04479835194986678,0.0
random_bp,expectation_value,bcw_6q_random_bp,hea,RX_RY_RZ_CNOT,none,linear,cnot,hamiltonian_local,6,4,4,same_entangling_gate_count,1,0,RX,0,18,layer_001_wire_000_RX,3,0.014480125522848487,0.0007222962497515696,0.016110998347702677,0.0
random_bp,expectation_value,bcw_6q_random_bp,hea,RX_RY_RZ_CNOT,none,linear,cnot,hamiltonian_local,6,4,4,same_entangling_gate_count,1,0,RY,1,19,layer_001_wire_000_RY,3,-0.029137516554883145,0.0010977170373118429,0.035151213011174055,0.0
random_bp,expectation_value,bcw_6q_random_bp,hea,RX_RY_RZ_CNOT,none,linear,cnot,hamiltonian_local,6,4,4,same_entangling_gate_count,1,0,RZ,2,20,layer_001_wire_000_RZ,3,0.008294208069496663,0.00133276264737926,0.02956110274402965,0.0
random_bp,expectation_value,bcw_6q_random_bp,hea,RX_RY_RZ_CNOT,none,linear,cnot,hamiltonian_local,6,4,4,same_entangling_gate_count,1,1,RX,0,21,layer_001_wire_001_RX,3,-0.004558224919023544,0.000906063692906005,0.02156486727729509,0.0
random_bp,expectation_value,bcw_6q_random_bp,hea,RX_RY_RZ_CNOT,none,linear,cnot,hamiltonian_local,6,4,4,same_entangling_gate_count,1,1,RY,1,22,layer_001_wire_001_RY,3,0.0015250678556986037,0.0013273993430617502,0.024387138682005982,0.0
random_bp,expectation_value,bcw_6q_random_bp,hea,RX_RY_RZ_CNOT,none,linear,cnot,hamiltonian_local,6,4,4,same_entangling_gate_count,1,1,RZ,2,23,layer_001_wire_001_RZ,3,-0.00688196329105192,0.0004199524460305776,0.01802032172599834,0.0
random_bp,expectation_value,bcw_6q_random_bp,hea,RX_RY_RZ_CNOT,none,linear,cnot,hamiltonian_local,6,4,4,same_entangling_gate_count,1,2,RX,0,24,layer_001_wire_002_RX,3,-0.006546923886137596,1.1191809413153053e-06,0.006546923886137597,0.0
random_bp,expectation_value,bcw_6q_random_bp,hea,RX_RY_RZ_CNOT,none,linear,cnot,hamiltonian_local,6,4,4,same_entangling_gate_count,1,2,RY,1,25,layer_001_wire_002_RY,3,0.01652805964884907,0.003095233328162154,0.04063405224696417,0.0
random_bp,expectation_value,bcw_6q_random_bp,hea,RX_RY_RZ_CNOT,none,linear,cnot,hamiltonian_local,6,4,4,same_entangling_gate_count,1,2,RZ,2,26,layer_001_wire_002_RZ,3,-0.007036537663891696,0.00013385395250546824,0.007205512127183281,0.0
random_bp,expectation_value,bcw_6q_random_bp,hea,RX_RY_RZ_CNOT,none,linear,cnot,hamiltonian_local,6,4,4,same_entangling_gate_count,1,3,RX,0,27,layer_001_wire_003_RX,3,0.0023469527266310026,0.000301673218337269,0.014038007321036793,0.0
random_bp,expectation_value,bcw_6q_random_bp,hea,RX_RY_RZ_CNOT,none,linear,cnot,hamiltonian_local,6,4,4,same_entangling_gate_count,1,3,RY,1,28,layer_001_wire_003_RY,3,0.003870352391850799,0.0032561008560940755,0.04011798418326736,0.0
random_bp,expectation_value,bcw_6q_random_bp,hea,RX_RY_RZ_CNOT,none,linear,cnot,hamiltonian_local,6,4,4,same_entangling_gate_count,1,3,RZ,2,29,layer_001_wire_003_RZ,3,-0.0031506947331052188,9.967173707601198e-05,0.007405078438744446,0.0
random_bp,expectation_value,bcw_6q_random_bp,hea,RX_RY_RZ_CNOT,none,linear,cnot,hamiltonian_local,6,4,4,same_entangling_gate_count,1,4,RX,0,30,layer_001_wire_004_RX,3,-0.04119106183420196,0.0015733322008788901,0.04119106183420196,0.0
random_bp,expectation_value,bcw_6q_random_bp,hea,RX_RY_RZ_CNOT,none,linear,cnot,hamiltonian_local,6,4,4,same_entangling_gate_count,1,4,RY,1,31,layer_001_wire_004_RY,3,-0.01562373029454055,0.002498780109978883,0.03306093035241562,0.0
random_bp,expectation_value,bcw_6q_random_bp,hea,RX_RY_RZ_CNOT,none,linear,cnot,hamiltonian_local,6,4,4,same_entangling_gate_count,1,4,RZ,2,32,layer_001_wire_004_RZ,3,-0.03422101832737492,0.003246104806338377,0.043066069811601264,0.0
random_bp,expectation_value,bcw_6q_random_bp,hea,RX_RY_RZ_CNOT,none,linear,cnot,hamiltonian_local,6,4,4,same_entangling_gate_count,1,5,RX,0,33,layer_001_wire_005_RX,3,-0.03792541016290821,0.003964547336211017,0.04707293407849034,0.0
random_bp,expectation_value,bcw_6q_random_bp,hea,RX_RY_RZ_CNOT,none,linear,cnot,hamiltonian_local,6,4,4,same_entangling_gate_count,1,5,RY,1,34,layer_001_wire_005_RY,3,0.05874919841474793,0.000593315926787236,0.05874919841474793,0.0
random_bp,expectation_value,bcw_6q_random_bp,hea,RX_RY_RZ_CNOT,none,linear,cnot,hamiltonian_local,6,4,4,same_entangling_gate_count,1,5,RZ,2,35,layer_001_wire_005_RZ,3,0.0037622104810479807,0.00010622380320859729,0.00918159312776338,0.0
random_bp,expectation_value,bcw_6q_random_bp,hea,RX_RY_RZ_CNOT,none,linear,cnot,hamiltonian_local,6,4,4,same_entangling_gate_count,2,0,RX,0,36,layer_002_wire_000_RX,3,-0.008897215132288045,0.0036243935000871705,0.0412379552795853,0.0
random_bp,expectation_value,bcw_6q_random_bp,hea,RX_RY_RZ_CNOT,none,linear,cnot,hamiltonian_local,6,4,4,same_entangling_gate_count,2,0,RY,1,37,layer_002_wire_000_RY,3,0.00482678286364259,0.01445176965228357,0.09013671758247936,0.0
random_bp,expectation_value,bcw_6q_random_bp,hea,RX_RY_RZ_CNOT,none,linear,cnot,hamiltonian_local,6,4,4,same_entangling_gate_count,2,0,RZ,2,38,layer_002_wire_000_RZ,3,8.349649320687251e-18,4.236268015804464e-34,1.3646152034514591e-17,1.0
random_bp,expectation_value,bcw_6q_random_bp,hea,RX_RY_RZ_CNOT,none,linear,cnot,hamiltonian_local,6,4,4,same_entangling_gate_count,2,1,RX,0,39,layer_002_wire_001_RX,3,0.027708857594773963,0.0005978115721633517,0.02770885759477396,0.0
random_bp,expectation_value,bcw_6q_random_bp,hea,RX_RY_RZ_CNOT,none,linear,cnot,hamiltonian_local,6,4,4,same_entangling_gate_count,2,1,RY,1,40,layer_002_wire_001_RY,3,0.05132417717478878,0.002401630041580733,0.054833217281876644,0.0
random_bp,expectation_value,bcw_6q_random_bp,hea,RX_RY_RZ_CNOT,none,linear,cnot,hamiltonian_local,6,4,4,same_entangling_gate_count,2,1,RZ,2,41,layer_002_wire_001_RZ,3,-0.017914625673949837,9.35592501618491e-05,0.017914625673949837,0.0
random_bp,expectation_value,bcw_6q_random_bp,hea,RX_RY_RZ_CNOT,none,linear,cnot,hamiltonian_local,6,4,4,same_entangling_gate_count,2,2,RX,0,42,layer_002_wire_002_RX,3,0.011584110480594368,0.000756966207283531,0.0232476579762268,0.0
random_bp,expectation_value,bcw_6q_random_bp,hea,RX_RY_RZ_CNOT,none,linear,cnot,hamiltonian_local,6,4,4,same_entangling_gate_count,2,2,RY,1,43,layer_002_wire_002_RY,3,-0.02379040885935582,0.0015418974068610223,0.027058887097677415,0.0
random_bp,expectation_value,bcw_6q_random_bp,hea,RX_RY_RZ_CNOT,none,linear,cnot,hamiltonian_local,6,4,4,same_entangling_gate_count,2,2,RZ,2,44,layer_002_wire_002_RZ,3,0.017160776089253867,0.0005037683005711511,0.0198881985078126,0.0
random_bp,expectation_value,bcw_6q_random_bp,hea,RX_RY_RZ_CNOT,none,linear,cnot,hamiltonian_local,6,4,4,same_entangling_gate_count,2,3,RX,0,45,layer_002_wire_003_RX,3,-0.028302063884448718,0.005643331464932888,0.04765258253902241,0.0
random_bp,expectation_value,bcw_6q_random_bp,hea,RX_RY_RZ_CNOT,none,linear,cnot,hamiltonian_local,6,4,4,same_entangling_gate_count,2,3,RY,1,46,layer_002_wire_003_RY,3,-0.0026069464660317264,4.5879701139737936e-05,0.005129622708332876,0.0
random_bp,expectation_value,bcw_6q_random_bp,hea,RX_RY_RZ_CNOT,none,linear,cnot,hamiltonian_local,6,4,4,same_entangling_gate_count,2,3,RZ,2,47,layer_002_wire_003_RZ,3,0.00537989847985572,0.0004443907540420305,0.017053855407104444,0.0
random_bp,expectation_value,bcw_6q_random_bp,hea,RX_RY_RZ_CNOT,none,linear,cnot,hamiltonian_local,6,4,4,same_entangling_gate_count,2,4,RX,0,48,layer_002_wire_004_RX,3,0.006743865659448713,0.006482926800120708,0.0578177279428267,0.0
random_bp,expectation_value,bcw_6q_random_bp,hea,RX_RY_RZ_CNOT,none,linear,cnot,hamiltonian_local,6,4,4,same_entangling_gate_count,2,4,RY,1,49,layer_002_wire_004_RY,3,0.016505893895529884,0.00013091957696648943,0.016505893895529884,0.0
random_bp,expectation_value,bcw_6q_random_bp,hea,RX_RY_RZ_CNOT,none,linear,cnot,hamiltonian_local,6,4,4,same_entangling_gate_count,2,4,RZ,2,50,layer_002_wire_004_RZ,3,-0.007502083248816907,0.004490332435133159,0.04637787726031147,0.0
random_bp,expectation_value,bcw_6q_random_bp,hea,RX_RY_RZ_CNOT,none,linear,cnot,hamiltonian_local,6,4,4,same_entangling_gate_count,2,5,RX,0,51,layer_002_wire_005_RX,3,-0.010363326312908112,0.0012486950531034337,0.02312221785426664,0.0
random_bp,expectation_value,bcw_6q_random_bp,hea,RX_RY_RZ_CNOT,none,linear,cnot,hamiltonian_local,6,4,4,same_entangling_gate_count,2,5,RY,1,52,layer_002_wire_005_RY,3,0.014208483798136266,0.0017174838233001866,0.029273564737368682,0.0
random_bp,expectation_value,bcw_6q_random_bp,hea,RX_RY_RZ_CNOT,none,linear,cnot,hamiltonian_local,6,4,4,same_entangling_gate_count,2,5,RZ,2,53,layer_002_wire_005_RZ,3,-0.012837423324148552,0.00039036694797357026,0.017923615338210994,0.0
random_bp,expectation_value,bcw_6q_random_bp,hea,RX_RY_RZ_CNOT,none,linear,cnot,hamiltonian_local,6,4,4,same_entangling_gate_count,3,0,RX,0,54,layer_003_wire_000_RX,3,0.0,1.4444474582904269e-34,9.25185853854297e-18,1.0
random_bp,expectation_value,bcw_6q_random_bp,hea,RX_RY_RZ_CNOT,none,linear,cnot,hamiltonian_local,6,4,4,same_entangling_gate_count,3,0,RY,1,55,layer_003_wire_000_RY,3,2.8912057932946786e-18,1.9058681741332023e-35,4.04768811061255e-18,1.0
random_bp,expectation_value,bcw_6q_random_bp,hea,RX_RY_RZ_CNOT,none,linear,cnot,hamiltonian_local,6,4,4,same_entangling_gate_count,3,0,RZ,2,56,layer_003_wire_000_RZ,3,-1.1763667158783837e-18,6.839118297924796e-35,6.7387386557389474e-18,1.0
random_bp,expectation_value,bcw_6q_random_bp,hea,RX_RY_RZ_CNOT,none,linear,cnot,hamiltonian_local,6,4,4,same_entangling_gate_count,3,1,RX,0,57,layer_003_wire_001_RX,3,-0.008560277026114888,6.816062152812196e-05,0.009106907534138127,0.0
random_bp,expectation_value,bcw_6q_random_bp,hea,RX_RY_RZ_CNOT,none,linear,cnot,hamiltonian_local,6,4,4,same_entangling_gate_count,3,1,RY,1,58,layer_003_wire_001_RY,3,-0.002812759305182542,0.0011844094557675712,0.02641177919406837,0.0
random_bp,expectation_value,bcw_6q_random_bp,hea,RX_RY_RZ_CNOT,none,linear,cnot,hamiltonian_local,6,4,4,same_entangling_gate_count,3,1,RZ,2,59,layer_003_wire_001_RZ,3,3.861172521663058e-18,5.002420655761225e-34,1.492330181879014e-17,1.0
random_bp,expectation_value,bcw_6q_random_bp,hea,RX_RY_RZ_CNOT,none,linear,cnot,hamiltonian_local,6,4,4,same_entangling_gate_count,3,2,RX,0,60,layer_003_wire_002_RX,3,0.002717240087875011,0.00010230864316185576,0.007582048777725038,0.0
random_bp,expectation_value,bcw_6q_random_bp,hea,RX_RY_RZ_CNOT,none,linear,cnot,hamiltonian_local,6,4,4,same_entangling_gate_count,3,2,RY,1,61,layer_003_wire_002_RY,3,-0.00355494004125163,0.00333393876306338,0.041799062787052844,0.0
random_bp,expectation_value,bcw_6q_random_bp,hea,RX_RY_RZ_CNOT,none,linear,cnot,hamiltonian_local,6,4,4,same_entangling_gate_count,3,2,RZ,2,62,layer_003_wire_002_RZ,3,-3.690345918832741e-18,6.69697866294255e-34,2.1146582270727055e-17,1.0
random_bp,expectation_value,bcw_6q_random_bp,hea,RX_RY_RZ_CNOT,none,linear,cnot,hamiltonian_local,6,4,4,same_entangling_gate_count,3,3,RX,0,63,layer_003_wire_003_RX,3,-0.0034139823738572692,1.0404045256989278e-05,0.0034139823738572692,0.0
random_bp,expectation_value,bcw_6q_random_bp,hea,RX_RY_RZ_CNOT,none,linear,cnot,hamiltonian_local,6,4,4,same_entangling_gate_count,3,3,RY,1,64,layer_003_wire_003_RY,3,-0.01280180122633387,0.0005321788838725535,0.018241137604941036,0.0
random_bp,expectation_value,bcw_6q_random_bp,hea,RX_RY_RZ_CNOT,none,linear,cnot,hamiltonian_local,6,4,4,same_entangling_gate_count,3,3,RZ,2,65,layer_003_wire_003_RZ,3,-1.7462290713803063e-17,6.564660948006519e-34,2.3382652206813235e-17,1.0
random_bp,expectation_value,bcw_6q_random_bp,hea,RX_RY_RZ_CNOT,none,linear,cnot,hamiltonian_local,6,4,4,same_entangling_gate_count,3,4,RX,0,66,layer_003_wire_004_RX,3,-0.00197741775624894,6.580439517382201e-06,0.0025872106657936645,0.0
random_bp,expectation_value,bcw_6q_random_bp,hea,RX_RY_RZ_CNOT,none,linear,cnot,hamiltonian_local,6,4,4,same_entangling_gate_count,3,4,RY,1,67,layer_003_wire_004_RY,3,0.031445130912635254,0.0008484476457749097,0.031445130912635254,0.0
random_bp,expectation_value,bcw_6q_random_bp,hea,RX_RY_RZ_CNOT,none,linear,cnot,hamiltonian_local,6,4,4,same_entangling_gate_count,3,4,RZ,2,68,layer_003_wire_004_RZ,3,-9.31650525971426e-18,4.458842103415221e-35,9.316505259714259e-18,1.0
random_bp,expectation_value,bcw_6q_random_bp,hea,RX_RY_RZ_CNOT,none,linear,cnot,hamiltonian_local,6,4,4,same_entangling_gate_count,3,5,RX,0,69,layer_003_wire_005_RX,3,0.010768351799393807,0.0002955341259032599,0.011475849201442569,0.0
random_bp,expectation_value,bcw_6q_random_bp,hea,RX_RY_RZ_CNOT,none,linear,cnot,hamiltonian_local,6,4,4,same_entangling_gate_count,3,5,RY,1,70,layer_003_wire_005_RY,3,-0.0099012985404813,5.299379255046838e-05,0.0099012985404813,0.0
random_bp,expectation_value,bcw_6q_random_bp,hea,RX_RY_RZ_CNOT,none,linear,cnot,hamiltonian_local,6,4,4,same_entangling_gate_count,3,5,RZ,2,71,layer_003_wire_005_RZ,3,-2.7401045608811206e-18,1.5531198817678138e-35,3.896754197031356e-18,1.0
random_bp,expectation_value,bcw_6q_random_bp,hea,RX_RY_RZ_CNOT,none,circular,cnot,hamiltonian_local,6,4,3,same_entangling_gate_count,0,0,RX,0,0,layer_000_wire_000_RX,3,-0.02267245642137076,0.0027695386009967647,0.03736014822072565,0.0
random_bp,expectation_value,bcw_6q_random_bp,hea,RX_RY_RZ_CNOT,none,circular,cnot,hamiltonian_local,6,4,3,same_entangling_gate_count,0,0,RY,1,1,layer_000_wire_000_RY,3,-0.0280149514479587,0.005376091124409856,0.04614031772333238,0.0
random_bp,expectation_value,bcw_6q_random_bp,hea,RX_RY_RZ_CNOT,none,circular,cnot,hamiltonian_local,6,4,3,same_entangling_gate_count,0,0,RZ,2,2,layer_000_wire_000_RZ,3,-0.02720666320761922,0.001896725214426927,0.02796171611042522,0.0
random_bp,expectation_value,bcw_6q_random_bp,hea,RX_RY_RZ_CNOT,none,circular,cnot,hamiltonian_local,6,4,3,same_entangling_gate_count,0,1,RX,0,3,layer_000_wire_001_RX,3,-0.04023617432561289,0.000749660924529627,0.04023617432561289,0.0
random_bp,expectation_value,bcw_6q_random_bp,hea,RX_RY_RZ_CNOT,none,circular,cnot,hamiltonian_local,6,4,3,same_entangling_gate_count,0,1,RY,1,4,layer_000_wire_001_RY,3,-0.03919760571494556,0.00029579807725139837,0.03919760571494555,0.0
random_bp,expectation_value,bcw_6q_random_bp,hea,RX_RY_RZ_CNOT,none,circular,cnot,hamiltonian_local,6,4,3,same_entangling_gate_count,0,1,RZ,2,5,layer_000_wire_001_RZ,3,0.012861233527487068,0.002223035144995015,0.03199702764937045,0.0
random_bp,expectation_value,bcw_6q_random_bp,hea,RX_RY_RZ_CNOT,none,circular,cnot,hamiltonian_local,6,4,3,same_entangling_gate_count,0,2,RX,0,6,layer_000_wire_002_RX,3,-0.009396015755807478,9.523771490359801e-05,0.009396015755807478,0.0
random_bp,expectation_value,bcw_6q_random_bp,hea,RX_RY_RZ_CNOT,none,circular,cnot,hamiltonian_local,6,4,3,same_entangling_gate_count,0,2,RY,1,7,layer_000_wire_002_RY,3,-0.008480263825381982,0.00042232217211058255,0.013970833592152338,0.0
random_bp,expectation_value,bcw_6q_random_bp,hea,RX_RY_RZ_CNOT,none,circular,cnot,hamiltonian_local,6,4,3,same_entangling_gate_count,0,2,RZ,2,8,layer_000_wire_002_RZ,3,-0.005509972508023796,7.065241797423354e-05,0.005816059001811658,0.0
random_bp,expectation_value,bcw_6q_random_bp,hea,RX_RY_RZ_CNOT,none,circular,cnot,hamiltonian_local,6,4,3,same_entangling_gate_count,0,3,RX,0,9,layer_000_wire_003_RX,3,0.10274135217576591,0.009126455894337847,0.10774470149969584,0.0
random_bp,expectation_value,bcw_6q_random_bp,hea,RX_RY_RZ_CNOT,none,circular,cnot,hamiltonian_local,6,4,3,same_entangling_gate_count,0,3,RY,1,10,layer_000_wire_003_RY,3,-0.019541136794600213,0.007037506956705322,0.05719994510723539,0.0
random_bp,expectation_value,bcw_6q_random_bp,hea,RX_RY_RZ_CNOT,none,circular,cnot,hamiltonian_local,6,4,3,same_entangling_gate_count,0,3,RZ,2,11,layer_000_wire_003_RZ,3,-0.06960482712401181,0.00562581558554322,0.06960482712401181,0.0
random_bp,expectation_value,bcw_6q_random_bp,hea,RX_RY_RZ_CNOT,none,circular,cnot,hamiltonian_local,6,4,3,same_entangling_gate_count,0,4,RX,0,12,layer_000_wire_004_RX,3,-0.0004829847266609299,0.0011221649689891868,0.025317258042566553,0.0
random_bp,expectation_value,bcw_6q_random_bp,hea,RX_RY_RZ_CNOT,none,circular,cnot,hamiltonian_local,6,4,3,same_entangling_gate_count,0,4,RY,1,13,layer_000_wire_004_RY,3,-0.013498961308103264,0.0006090494071409468,0.022812104890457555,0.0
random_bp,expectation_value,bcw_6q_random_bp,hea,RX_RY_RZ_CNOT,none,circular,cnot,hamiltonian_local,6,4,3,same_entangling_gate_count,0,4,RZ,2,14,layer_000_wire_004_RZ,3,-0.00353121206229424,0.000751985457597399,0.01880512005554404,0.0
random_bp,expectation_value,bcw_6q_random_bp,hea,RX_RY_RZ_CNOT,none,circular,cnot,hamiltonian_local,6,4,3,same_entangling_gate_count,0,5,RX,0,15,layer_000_wire_005_RX,3,-0.0010771928780527358,0.004083134092469475,0.04882641762462329,0.0
random_bp,expectation_value,bcw_6q_random_bp,hea,RX_RY_RZ_CNOT,none,circular,cnot,hamiltonian_local,6,4,3,same_entangling_gate_count,0,5,RY,1,16,layer_000_wire_005_RY,3,0.007822293853224983,0.001236106354464103,0.024382052501376997,0.0
random_bp,expectation_value,bcw_6q_random_bp,hea,RX_RY_RZ_CNOT,none,circular,cnot,hamiltonian_local,6,4,3,same_entangling_gate_count,0,5,RZ,2,17,layer_000_wire_005_RZ,3,-0.016671877951674453,0.0006789560121565553,0.018795937435458907,0.0
random_bp,expectation_value,bcw_6q_random_bp,hea,RX_RY_RZ_CNOT,none,circular,cnot,hamiltonian_local,6,4,3,same_entangling_gate_count,1,0,RX,0,18,layer_001_wire_000_RX,3,-0.025791642360810968,0.0003912188599583475,0.025791642360810968,0.0
random_bp,expectation_value,bcw_6q_random_bp,hea,RX_RY_RZ_CNOT,none,circular,cnot,hamiltonian_local,6,4,3,same_entangling_gate_count,1,0,RY,1,19,layer_001_wire_000_RY,3,0.04583447570938913,0.005580904814612188,0.04583447570938914,0.0
random_bp,expectation_value,bcw_6q_random_bp,hea,RX_RY_RZ_CNOT,none,circular,cnot,hamiltonian_local,6,4,3,same_entangling_gate_count,1,0,RZ,2,20,layer_001_wire_000_RZ,3,-0.03407632852822198,0.0006716681482335546,0.03407632852822198,0.0
random_bp,expectation_value,bcw_6q_random_bp,hea,RX_RY_RZ_CNOT,none,circular,cnot,hamiltonian_local,6,4,3,same_entangling_gate_count,1,1,RX,0,21,layer_001_wire_001_RX,3,0.01719408800086346,0.0010593289403617104,0.030416813915694115,0.0
random_bp,expectation_value,bcw_6q_random_bp,hea,RX_RY_RZ_CNOT,none,circular,cnot,hamiltonian_local,6,4,3,same_entangling_gate_count,1,1,RY,1,22,layer_001_wire_001_RY,3,0.030334876209825144,0.0020134123014115906,0.03633047985856169,0.0
random_bp,expectation_value,bcw_6q_random_bp,hea,RX_RY_RZ_CNOT,none,circular,cnot,hamiltonian_local,6,4,3,same_entangling_gate_count,1,1,RZ,2,23,layer_001_wire_001_RZ,3,-0.001133067724100996,0.005186845161516308,0.055032115797249294,0.0
random_bp,expectation_value,bcw_6q_random_bp,hea,RX_RY_RZ_CNOT,none,circular,cnot,hamiltonian_local,6,4,3,same_entangling_gate_count,1,2,RX,0,24,layer_001_wire_002_RX,3,-0.0552231201145779,0.0016318843627596796,0.055223120114577896,0.0
random_bp,expectation_value,bcw_6q_random_bp,hea,RX_RY_RZ_CNOT,none,circular,cnot,hamiltonian_local,6,4,3,same_entangling_gate_count,1,2,RY,1,25,layer_001_wire_002_RY,3,0.019310281577474445,0.0031803335706058326,0.046588990968961595,0.0
random_bp,expectation_value,bcw_6q_random_bp,hea,RX_RY_RZ_CNOT,none,circular,cnot,hamiltonian_local,6,4,3,same_entangling_gate_count,1,2,RZ,2,26,layer_001_wire_002_RZ,3,-0.031942938448175334,0.0012778583362919222,0.033708397271372446,0.0
random_bp,expectation_value,bcw_6q_random_bp,hea,RX_RY_RZ_CNOT,none,circular,cnot,hamiltonian_local,6,4,3,same_entangling_gate_count,1,3,RX,0,27,layer_001_wire_003_RX,3,-0.037032062408075335,0.002096168307468986,0.037423132916379005,0.0
random_bp,expectation_value,bcw_6q_random_bp,hea,RX_RY_RZ_CNOT,none,circular,cnot,hamiltonian_local,6,4,3,same_entangling_gate_count,1,3,RY,1,28,layer_001_wire_003_RY,3,0.0412901357681735,0.00016555549929331208,0.0412901357681735,0.0
random_bp,expectation_value,bcw_6q_random_bp,hea,RX_RY_RZ_CNOT,none,circular,cnot,hamiltonian_local,6,4,3,same_entangling_gate_count,1,3,RZ,2,29,layer_001_wire_003_RZ,3,-0.026342512081091767,0.0068850518668236655,0.05386992464562107,0.0
random_bp,expectation_value,bcw_6q_random_bp,hea,RX_RY_RZ_CNOT,none,circular,cnot,hamiltonian_local,6,4,3,same_entangling_gate_count,1,4,RX,0,30,layer_001_wire_004_RX,3,0.006147366411431479,0.004402764589028961,0.04723342438692021,0.0
random_bp,expectation_value,bcw_6q_random_bp,hea,RX_RY_RZ_CNOT,none,circular,cnot,hamiltonian_local,6,4,3,same_entangling_gate_count,1,4,RY,1,31,layer_001_wire_004_RY,3,-0.045308285818508195,0.000154567497563833,0.04530828581850819,0.0
random_bp,expectation_value,bcw_6q_random_bp,hea,RX_RY_RZ_CNOT,none,circular,cnot,hamiltonian_local,6,4,3,same_entangling_gate_count,1,4,RZ,2,32,layer_001_wire_004_RZ,3,0.03287905176242717,0.003717742031856819,0.05761196184768846,0.0
random_bp,expectation_value,bcw_6q_random_bp,hea,RX_RY_RZ_CNOT,none,circular,cnot,hamiltonian_local,6,4,3,same_entangling_gate_count,1,5,RX,0,33,layer_001_wire_005_RX,3,-0.017334733330401045,0.0005148771529954391,0.01733473333040104,0.0
random_bp,expectation_value,bcw_6q_random_bp,hea,RX_RY_RZ_CNOT,none,circular,cnot,hamiltonian_local,6,4,3,same_entangling_gate_count,1,5,RY,1,34,layer_001_wire_005_RY,3,-0.0010621491198808688,8.818009001881696e-05,0.0068410302028758365,0.0
random_bp,expectation_value,bcw_6q_random_bp,hea,RX_RY_RZ_CNOT,none,circular,cnot,hamiltonian_local,6,4,3,same_entangling_gate_count,1,5,RZ,2,35,layer_001_wire_005_RZ,3,-0.0016623639183685323,0.0014062923440960066,0.028167467411025982,0.0
random_bp,expectation_value,bcw_6q_random_bp,hea,RX_RY_RZ_CNOT,none,circular,cnot,hamiltonian_local,6,4,3,same_entangling_gate_count,2,0,RX,0,36,layer_002_wire_000_RX,3,0.0025292081536675663,0.00010969388099024486,0.006999950545305173,0.0
random_bp,expectation_value,bcw_6q_random_bp,hea,RX_RY_RZ_CNOT,none,circular,cnot,hamiltonian_local,6,4,3,same_entangling_gate_count,2,0,RY,1,37,layer_002_wire_000_RY,3,-0.03199317144688754,0.0010910831764353354,0.03199317144688754,0.0
random_bp,expectation_value,bcw_6q_random_bp,hea,RX_RY_RZ_CNOT,none,circular,cnot,hamiltonian_local,6,4,3,same_entangling_gate_count,2,0,RZ,2,38,layer_002_wire_000_RZ,3,1.8760463122868817e-17,6.213397487674111e-34,2.374236441497641e-17,1.0
random_bp,expectation_value,bcw_6q_random_bp,hea,RX_RY_RZ_CNOT,none,circular,cnot,hamiltonian_local,6,4,3,same_entangling_gate_count,2,1,RX,0,39,layer_002_wire_001_RX,3,-8.095376221225099e-18,2.5979992478973653e-34,1.5034270125132327e-17,1.0
random_bp,expectation_value,bcw_6q_random_bp,hea,RX_RY_RZ_CNOT,none,circular,cnot,hamiltonian_local,6,4,3,same_entangling_gate_count,2,1,RY,1,40,layer_002_wire_001_RY,3,-6.071532165918825e-18,1.3616926559925378e-34,1.0697461435190311e-17,1.0
random_bp,expectation_value,bcw_6q_random_bp,hea,RX_RY_RZ_CNOT,none,circular,cnot,hamiltonian_local,6,4,3,same_entangling_gate_count,2,1,RZ,2,41,layer_002_wire_001_RZ,3,2.3902661671138897e-17,7.991272445406599e-35,2.3902661671138897e-17,1.0
random_bp,expectation_value,bcw_6q_random_bp,hea,RX_RY_RZ_CNOT,none,circular,cnot,hamiltonian_local,6,4,3,same_entangling_gate_count,2,2,RX,0,42,layer_002_wire_002_RX,3,-0.02383376900375407,0.001995078566363987,0.02660637608162234,0.0
random_bp,expectation_value,bcw_6q_random_bp,hea,RX_RY_RZ_CNOT,none,circular,cnot,hamiltonian_local,6,4,3,same_entangling_gate_count,2,2,RY,1,43,layer_002_wire_002_RY,3,0.0024370965162396896,0.004006243273984932,0.04790882597110067,0.0
random_bp,expectation_value,bcw_6q_random_bp,hea,RX_RY_RZ_CNOT,none,circular,cnot,hamiltonian_local,6,4,3,same_entangling_gate_count,2,2,RZ,2,44,layer_002_wire_002_RZ,3,3.615270045448323e-18,3.7492929409378455e-34,1.2773059168060812e-17,1.0
random_bp,expectation_value,bcw_6q_random_bp,hea,RX_RY_RZ_CNOT,none,circular,cnot,hamiltonian_local,6,4,3,same_entangling_gate_count,2,3,RX,0,45,layer_002_wire_003_RX,3,-0.00014771482050017016,4.806614823192835e-05,0.005111505461405254,0.0
random_bp,expectation_value,bcw_6q_random_bp,hea,RX_RY_RZ_CNOT,none,circular,cnot,hamiltonian_local,6,4,3,same_entangling_gate_count,2,3,RY,1,46,layer_002_wire_003_RY,3,-0.01841586157773166,0.0002965731820446885,0.01841586157773166,0.0
random_bp,expectation_value,bcw_6q_random_bp,hea,RX_RY_RZ_CNOT,none,circular,cnot,hamiltonian_local,6,4,3,same_entangling_gate_count,2,3,RZ,2,47,layer_002_wire_003_RZ,3,1.43527326874805e-17,1.04125945175214e-33,2.4884818883707358e-17,1.0
random_bp,expectation_value,bcw_6q_random_bp,hea,RX_RY_RZ_CNOT,none,circular,cnot,hamiltonian_local,6,4,3,same_entangling_gate_count,2,4,RX,0,48,layer_002_wire_004_RX,3,0.016732119166182006,0.00047956393999183954,0.016867514057083453,0.0
random_bp,expectation_value,bcw_6q_random_bp,hea,RX_RY_RZ_CNOT,none,circular,cnot,hamiltonian_local,6,4,3,same_entangling_gate_count,2,4,RY,1,49,layer_002_wire_004_RY,3,-0.061325682768528955,0.004964692915026447,0.06892431051819774,0.0
random_bp,expectation_value,bcw_6q_random_bp,hea,RX_RY_RZ_CNOT,none,circular,cnot,hamiltonian_local,6,4,3,same_entangling_gate_count,2,4,RZ,2,50,layer_002_wire_004_RZ,3,-5.24054409956108e-18,2.2039558433846982e-34,1.1494111298249324e-17,1.0
random_bp,expectation_value,bcw_6q_random_bp,hea,RX_RY_RZ_CNOT,none,circular,cnot,hamiltonian_local,6,4,3,same_entangling_gate_count,2,5,RX,0,51,layer_002_wire_005_RX,3,0.002910665096387313,0.0010307932200638035,0.025162410565940502,0.0
random_bp,expectation_value,bcw_6q_random_bp,hea,RX_RY_RZ_CNOT,none,circular,cnot,hamiltonian_local,6,4,3,same_entangling_gate_count,2,5,RY,1,52,layer_002_wire_005_RY,3,-0.02482764809183214,0.0009033528236577942,0.03086143360628749,0.0
random_bp,expectation_value,bcw_6q_random_bp,hea,RX_RY_RZ_CNOT,none,circular,cnot,hamiltonian_local,6,4,3,same_entangling_gate_count,2,5,RZ,2,53,layer_002_wire_005_RZ,3,9.713038956040114e-18,1.8269160936397753e-34,9.713038956040116e-18,1.0
random_bp,expectation_value,bcw_6q_random_bp,hea,RX_RY_RZ_CNOT,none,linear,cnot,local,6,8,8,same_entangling_gate_count,0,0,RX,0,0,layer_000_wire_000_RX,3,0.01276358623162339,0.00505216829722819,0.05604893918220304,0.0
random_bp,expectation_value,bcw_6q_random_bp,hea,RX_RY_RZ_CNOT,none,linear,cnot,local,6,8,8,same_entangling_gate_count,0,0,RY,1,1,layer_000_wire_000_RY,3,0.015476689867493568,0.00017989836081905484,0.01547668986749357,0.0
random_bp,expectation_value,bcw_6q_random_bp,hea,RX_RY_RZ_CNOT,none,linear,cnot,local,6,8,8,same_entangling_gate_count,0,0,RZ,2,2,layer_000_wire_000_RZ,3,-0.02016819402003463,0.0019192838411010071,0.037314317711516796,0.0
random_bp,expectation_value,bcw_6q_random_bp,hea,RX_RY_RZ_CNOT,none,linear,cnot,local,6,8,8,same_entangling_gate_count,0,1,RX,0,3,layer_000_wire_001_RX,3,-0.03619287587525733,0.0006551946224363959,0.03619287587525733,0.0
random_bp,expectation_value,bcw_6q_random_bp,hea,RX_RY_RZ_CNOT,none,linear,cnot,local,6,8,8,same_entangling_gate_count,0,1,RY,1,4,layer_000_wire_001_RY,3,0.002700000909573644,0.0008296934998437161,0.02287921254577287,0.0
random_bp,expectation_value,bcw_6q_random_bp,hea,RX_RY_RZ_CNOT,none,linear,cnot,local,6,8,8,same_entangling_gate_count,0,1,RZ,2,5,layer_000_wire_001_RZ,3,0.0005360929018973616,0.0024970719156148964,0.03671710896753683,0.0
random_bp,expectation_value,bcw_6q_random_bp,hea,RX_RY_RZ_CNOT,none,linear,cnot,local,6,8,8,same_entangling_gate_count,0,2,RX,0,6,layer_000_wire_002_RX,3,-0.013004758712010098,0.00030942216670031014,0.01775040592279228,0.0
random_bp,expectation_value,bcw_6q_random_bp,hea,RX_RY_RZ_CNOT,none,linear,cnot,local,6,8,8,same_entangling_gate_count,0,2,RY,1,7,layer_000_wire_002_RY,3,-0.009574621262863344,0.0007206406025270927,0.017434858336533313,0.0
random_bp,expectation_value,bcw_6q_random_bp,hea,RX_RY_RZ_CNOT,none,linear,cnot,local,6,8,8,same_entangling_gate_count,0,2,RZ,2,8,layer_000_wire_002_RZ,3,-0.004132468132302176,0.00044771184975358786,0.01505310611119936,0.0
random_bp,expectation_value,bcw_6q_random_bp,hea,RX_RY_RZ_CNOT,none,linear,cnot,local,6,8,8,same_entangling_gate_count,0,3,RX,0,9,layer_000_wire_003_RX,3,0.010099023199718633,0.0013594479461230564,0.02933950111070337,0.0
random_bp,expectation_value,bcw_6q_random_bp,hea,RX_RY_RZ_CNOT,none,linear,cnot,local,6,8,8,same_entangling_gate_count,0,3,RY,1,10,layer_000_wire_003_RY,3,-0.02264062374070673,0.0009169921150374355,0.02264062374070673,0.0
random_bp,expectation_value,bcw_6q_random_bp,hea,RX_RY_RZ_CNOT,none,linear,cnot,local,6,8,8,same_entangling_gate_count,0,3,RZ,2,11,layer_000_wire_003_RZ,3,-0.005312094960073369,0.000358940226274061,0.01630649589100958,0.0
random_bp,expectation_value,bcw_6q_random_bp,hea,RX_RY_RZ_CNOT,none,linear,cnot,local,6,8,8,same_entangling_gate_count,0,4,RX,0,12,layer_000_wire_004_RX,3,0.016224131643424212,0.0003340632869684659,0.01622413164342421,0.0
random_bp,expectation_value,bcw_6q_random_bp,hea,RX_RY_RZ_CNOT,none,linear,cnot,local,6,8,8,same_entangling_gate_count,0,4,RY,1,13,layer_000_wire_004_RY,3,-0.016412867936721733,0.0003445458901490978,0.017146781591645868,0.0
random_bp,expectation_value,bcw_6q_random_bp,hea,RX_RY_RZ_CNOT,none,linear,cnot,local,6,8,8,same_entangling_gate_count,0,4,RZ,2,14,layer_000_wire_004_RZ,3,-0.017491351879326177,4.1292770561895376e-05,0.017491351879326177,0.0
random_bp,expectation_value,bcw_6q_random_bp,hea,RX_RY_RZ_CNOT,none,linear,cnot,local,6,8,8,same_entangling_gate_count,0,5,RX,0,15,layer_000_wire_005_RX,3,0.030673559054778955,5.521722297110174e-05,0.03067355905477896,0.0
random_bp,expectation_value,bcw_6q_random_bp,hea,RX_RY_RZ_CNOT,none,linear,cnot,local,6,8,8,same_entangling_gate_count,0,5,RY,1,16,layer_000_wire_005_RY,3,-0.02779982537936784,0.0026702307837085954,0.03560982894783293,0.0
random_bp,expectation_value,bcw_6q_random_bp,hea,RX_RY_RZ_CNOT,none,linear,cnot,local,6,8,8,same_entangling_gate_count,0,5,RZ,2,17,layer_000_wire_005_RZ,3,-0.009345363430534676,0.0004479242949026284,0.013152081194778004,0.0
random_bp,expectation_value,bcw_6q_random_bp,hea,RX_RY_RZ_CNOT,none,linear,cnot,local,6,8,8,same_entangling_gate_count,1,0,RX,0,18,layer_001_wire_000_RX,3,0.02423101916354476,0.0009252850563211367,0.025203952911400557,0.0
random_bp,expectation_value,bcw_6q_random_bp,hea,RX_RY_RZ_CNOT,none,linear,cnot,local,6,8,8,same_entangling_gate_count,1,0,RY,1,19,layer_001_wire_000_RY,3,-0.0208236566406506,0.0013367178208149632,0.03207329476423464,0.0
random_bp,expectation_value,bcw_6q_random_bp,hea,RX_RY_RZ_CNOT,none,linear,cnot,local,6,8,8,same_entangling_gate_count,1,0,RZ,2,20,layer_001_wire_000_RZ,3,0.013939520863476452,0.0017274587506815604,0.030005830309499503,0.0
random_bp,expectation_value,bcw_6q_random_bp,hea,RX_RY_RZ_CNOT,none,linear,cnot,local,6,8,8,same_entangling_gate_count,1,1,RX,0,21,layer_001_wire_001_RX,3,-0.0010878758518379616,0.0006250239504385358,0.018891020448056156,0.0
random_bp,expectation_value,bcw_6q_random_bp,hea,RX_RY_RZ_CNOT,none,linear,cnot,local,6,8,8,same_entangling_gate_count,1,1,RY,1,22,layer_001_wire_001_RY,3,-0.004932350265949525,0.0029466326512350566,0.03639866394139842,0.0
random_bp,expectation_value,bcw_6q_random_bp,hea,RX_RY_RZ_CNOT,none,linear,cnot,local,6,8,8,same_entangling_gate_count,1,1,RZ,2,23,layer_001_wire_001_RZ,3,0.021594376833975477,2.729037269267047e-05,0.021594376833975474,0.0
random_bp,expectation_value,bcw_6q_random_bp,hea,RX_RY_RZ_CNOT,none,linear,cnot,local,6,8,8,same_entangling_gate_count,1,2,RX,0,24,layer_001_wire_002_RX,3,-0.028947409857567823,0.0005309513000697959,0.028947409857567826,0.0
random_bp,expectation_value,bcw_6q_random_bp,hea,RX_RY_RZ_CNOT,none,linear,cnot,local,6,8,8,same_entangling_gate_count,1,2,RY,1,25,layer_001_wire_002_RY,3,-0.0002781806235623522,0.0019161839508789827,0.033537223881237345,0.0
random_bp,expectation_value,bcw_6q_random_bp,hea,RX_RY_RZ_CNOT,none,linear,cnot,local,6,8,8,same_entangling_gate_count,1,2,RZ,2,26,layer_001_wire_002_RZ,3,-0.03023703843395981,0.0017279124718366965,0.03418799676845896,0.0
random_bp,expectation_value,bcw_6q_random_bp,hea,RX_RY_RZ_CNOT,none,linear,cnot,local,6,8,8,same_entangling_gate_count,1,3,RX,0,27,layer_001_wire_003_RX,3,-0.021469617097943573,0.0005163948002500031,0.022165950283221242,0.0
random_bp,expectation_value,bcw_6q_random_bp,hea,RX_RY_RZ_CNOT,none,linear,cnot,local,6,8,8,same_entangling_gate_count,1,3,RY,1,28,layer_001_wire_003_RY,3,0.0019990954889852856,0.0006361638751327095,0.018591024286825446,0.0
random_bp,expectation_value,bcw_6q_random_bp,hea,RX_RY_RZ_CNOT,none,linear,cnot,local,6,8,8,same_entangling_gate_count,1,3,RZ,2,29,layer_001_wire_003_RZ,3,-0.009518360934631407,0.0012915439105559384,0.026573334156981546,0.0
random_bp,expectation_value,bcw_6q_random_bp,hea,RX_RY_RZ_CNOT,none,linear,cnot,local,6,8,8,same_entangling_gate_count,1,4,RX,0,30,layer_001_wire_004_RX,3,-0.03223367289507786,0.0016845082801424274,0.03223367289507786,0.0
random_bp,expectation_value,bcw_6q_random_bp,hea,RX_RY_RZ_CNOT,none,linear,cnot,local,6,8,8,same_entangling_gate_count,1,4,RY,1,31,layer_001_wire_004_RY,3,-0.01430485609035876,0.00022301375332916992,0.014304856090358762,0.0
random_bp,expectation_value,bcw_6q_random_bp,hea,RX_RY_RZ_CNOT,none,linear,cnot,local,6,8,8,same_entangling_gate_count,1,4,RZ,2,32,layer_001_wire_004_RZ,3,-0.03662526816446479,0.0003129181985371157,0.03662526816446479,0.0
random_bp,expectation_value,bcw_6q_random_bp,hea,RX_RY_RZ_CNOT,none,linear,cnot,local,6,8,8,same_entangling_gate_count,1,5,RX,0,33,layer_001_wire_005_RX,3,-0.03020384851780674,0.0019330550027091052,0.030203848517806744,0.0
random_bp,expectation_value,bcw_6q_random_bp,hea,RX_RY_RZ_CNOT,none,linear,cnot,local,6,8,8,same_entangling_gate_count,1,5,RY,1,34,layer_001_wire_005_RY,3,-0.005621987387018832,0.0006878705430427745,0.017980040601969238,0.0
random_bp,expectation_value,bcw_6q_random_bp,hea,RX_RY_RZ_CNOT,none,linear,cnot,local,6,8,8,same_entangling_gate_count,1,5,RZ,2,35,layer_001_wire_005_RZ,3,0.026614053046862325,0.0010270445863441752,0.02661405304686233,0.0
random_bp,expectation_value,bcw_6q_random_bp,hea,RX_RY_RZ_CNOT,none,linear,cnot,local,6,8,8,same_entangling_gate_count,2,0,RX,0,36,layer_002_wire_000_RX,3,-0.03381184866693633,0.00122666703935796,0.03459310259401274,0.0
random_bp,expectation_value,bcw_6q_random_bp,hea,RX_RY_RZ_CNOT,none,linear,cnot,local,6,8,8,same_entangling_gate_count,2,0,RY,1,37,layer_002_wire_000_RY,3,0.008507449755645019,3.732280052455212e-05,0.008507449755645019,0.0
random_bp,expectation_value,bcw_6q_random_bp,hea,RX_RY_RZ_CNOT,none,linear,cnot,local,6,8,8,same_entangling_gate_count,2,0,RZ,2,38,layer_002_wire_000_RZ,3,0.0059526369336812416,0.003354333148391661,0.04068768621657514,0.0
random_bp,expectation_value,bcw_6q_random_bp,hea,RX_RY_RZ_CNOT,none,linear,cnot,local,6,8,8,same_entangling_gate_count,2,1,RX,0,39,layer_002_wire_001_RX,3,-0.030276396016537192,0.0017950103285645411,0.030276396016537196,0.0
random_bp,expectation_value,bcw_6q_random_bp,hea,RX_RY_RZ_CNOT,none,linear,cnot,local,6,8,8,same_entangling_gate_count,2,1,RY,1,40,layer_002_wire_001_RY,3,0.005589424244357348,0.0009451792157105087,0.02480611224690421,0.0
random_bp,expectation_value,bcw_6q_random_bp,hea,RX_RY_RZ_CNOT,none,linear,cnot,local,6,8,8,same_entangling_gate_count,2,1,RZ,2,41,layer_002_wire_001_RZ,3,0.005532190300386792,4.8628774724150555e-06,0.005532190300386791,0.0
random_bp,expectation_value,bcw_6q_random_bp,hea,RX_RY_RZ_CNOT,none,linear,cnot,local,6,8,8,same_entangling_gate_count,2,2,RX,0,42,layer_002_wire_002_RX,3,0.00925869912740207,0.00013907807434729142,0.011237880721844451,0.0
random_bp,expectation_value,bcw_6q_random_bp,hea,RX_RY_RZ_CNOT,none,linear,cnot,local,6,8,8,same_entangling_gate_count,2,2,RY,1,43,layer_002_wire_002_RY,3,0.0197233225058487,1.8659985428864033e-05,0.0197233225058487,0.0
random_bp,expectation_value,bcw_6q_random_bp,hea,RX_RY_RZ_CNOT,none,linear,cnot,local,6,8,8,same_entangling_gate_count,2,2,RZ,2,44,layer_002_wire_002_RZ,3,0.0008249716880098009,0.00023429000434674948,0.010784090262391072,0.0
random_bp,expectation_value,bcw_6q_random_bp,hea,RX_RY_RZ_CNOT,none,linear,cnot,local,6,8,8,same_entangling_gate_count,2,3,RX,0,45,layer_002_wire_003_RX,3,-0.022958153105074604,0.0005417222840823848,0.022958153105074607,0.0
random_bp,expectation_value,bcw_6q_random_bp,hea,RX_RY_RZ_CNOT,none,linear,cnot,local,6,8,8,same_entangling_gate_count,2,3,RY,1,46,layer_002_wire_003_RY,3,-0.0011339333424617844,0.0021399096695897675,0.0324922058816782,0.0
random_bp,expectation_value,bcw_6q_random_bp,hea,RX_RY_RZ_CNOT,none,linear,cnot,local,6,8,8,same_entangling_gate_count,2,3,RZ,2,47,layer_002_wire_003_RZ,3,0.007222026828612245,0.0005697190321696309,0.015458203822261549,0.0
random_bp,expectation_value,bcw_6q_random_bp,hea,RX_RY_RZ_CNOT,none,linear,cnot,local,6,8,8,same_entangling_gate_count,2,4,RX,0,48,layer_002_wire_004_RX,3,0.004559727549382477,0.0012734760704963379,0.028662879849691413,0.0
random_bp,expectation_value,bcw_6q_random_bp,hea,RX_RY_RZ_CNOT,none,linear,cnot,local,6,8,8,same_entangling_gate_count,2,4,RY,1,49,layer_002_wire_004_RY,3,0.017533609695965614,0.0010404299462353221,0.02887136418983453,0.0
random_bp,expectation_value,bcw_6q_random_bp,hea,RX_RY_RZ_CNOT,none,linear,cnot,local,6,8,8,same_entangling_gate_count,2,4,RZ,2,50,layer_002_wire_004_RZ,3,-0.026894269166650768,0.000874520998772493,0.030222593381863682,0.0
random_bp,expectation_value,bcw_6q_random_bp,hea,RX_RY_RZ_CNOT,none,linear,cnot,local,6,8,8,same_entangling_gate_count,2,5,RX,0,51,layer_002_wire_005_RX,3,0.014673336240659578,0.0007906944758710422,0.022868267078838562,0.0
random_bp,expectation_value,bcw_6q_random_bp,hea,RX_RY_RZ_CNOT,none,linear,cnot,local,6,8,8,same_entangling_gate_count,2,5,RY,1,52,layer_002_wire_005_RY,3,0.0044976707412344545,0.0008699859667842722,0.02014275893796701,0.0
random_bp,expectation_value,bcw_6q_random_bp,hea,RX_RY_RZ_CNOT,none,linear,cnot,local,6,8,8,same_entangling_gate_count,2,5,RZ,2,53,layer_002_wire_005_RZ,3,0.013602394380229628,0.002242161717766535,0.04088807028488648,0.0
random_bp,expectation_value,bcw_6q_random_bp,hea,RX_RY_RZ_CNOT,none,linear,cnot,local,6,8,8,same_entangling_gate_count,3,0,RX,0,54,layer_003_wire_000_RX,3,-0.025369440718580827,0.0034854046009680575,0.05331295571488446,0.0
random_bp,expectation_value,bcw_6q_random_bp,hea,RX_RY_RZ_CNOT,none,linear,cnot,local,6,8,8,same_entangling_gate_count,3,0,RY,1,55,layer_003_wire_000_RY,3,0.013140145554909817,0.0034077081483947307,0.04519126132258139,0.0
random_bp,expectation_value,bcw_6q_random_bp,hea,RX_RY_RZ_CNOT,none,linear,cnot,local,6,8,8,same_entangling_gate_count,3,0,RZ,2,56,layer_003_wire_000_RZ,3,-0.03186110224387961,0.0008502469983625493,0.03298444658958564,0.0
random_bp,expectation_value,bcw_6q_random_bp,hea,RX_RY_RZ_CNOT,none,linear,cnot,local,6,8,8,same_entangling_gate_count,3,1,RX,0,57,layer_003_wire_001_RX,3,0.026824758357752377,0.002441954069059715,0.040505159169015786,0.0
random_bp,expectation_value,bcw_6q_random_bp,hea,RX_RY_RZ_CNOT,none,linear,cnot,local,6,8,8,same_entangling_gate_count,3,1,RY,1,58,layer_003_wire_001_RY,3,-0.0005314371781272292,0.0006466302956547604,0.019697027194063906,0.0
random_bp,expectation_value,bcw_6q_random_bp,hea,RX_RY_RZ_CNOT,none,linear,cnot,local,6,8,8,same_entangling_gate_count,3,1,RZ,2,59,layer_003_wire_001_RZ,3,0.009340842455027643,0.0034076416001730674,0.04123968103682465,0.0
random_bp,expectation_value,bcw_6q_random_bp,hea,RX_RY_RZ_CNOT,none,linear,cnot,local,6,8,8,same_entangling_gate_count,3,2,RX,0,60,layer_003_wire_002_RX,3,-0.019660020575977967,0.0006694889023186898,0.026433967992750048,0.0
random_bp,expectation_value,bcw_6q_random_bp,hea,RX_RY_RZ_CNOT,none,linear,cnot,local,6,8,8,same_entangling_gate_count,3,2,RY,1,61,layer_003_wire_002_RY,3,0.0016821258032114154,0.0011110922505839205,0.026180500240898717,0.0
random_bp,expectation_value,bcw_6q_random_bp,hea,RX_RY_RZ_CNOT,none,linear,cnot,local,6,8,8,same_entangling_gate_count,3,2,RZ,2,62,layer_003_wire_002_RZ,3,-0.04717600498553514,0.00011257391481195848,0.04717600498553515,0.0
random_bp,expectation_value,bcw_6q_random_bp,hea,RX_RY_RZ_CNOT,none,linear,cnot,local,6,8,8,same_entangling_gate_count,3,3,RX,0,63,layer_003_wire_003_RX,3,-0.01722601518539948,0.0005478409244034678,0.023728117831629064,0.0
random_bp,expectation_value,bcw_6q_random_bp,hea,RX_RY_RZ_CNOT,none,linear,cnot,local,6,8,8,same_entangling_gate_count,3,3,RY,1,64,layer_003_wire_003_RY,3,0.00847578501753097,0.0002107044083381468,0.010028292940261757,0.0
random_bp,expectation_value,bcw_6q_random_bp,hea,RX_RY_RZ_CNOT,none,linear,cnot,local,6,8,8,same_entangling_gate_count,3,3,RZ,2,65,layer_003_wire_003_RZ,3,-0.011302994503665197,0.0023333578421974857,0.03303337996531062,0.0
random_bp,expectation_value,bcw_6q_random_bp,hea,RX_RY_RZ_CNOT,none,linear,cnot,local,6,8,8,same_entangling_gate_count,3,4,RX,0,66,layer_003_wire_004_RX,3,-0.00762565880777242,0.00035446911283928967,0.013675765217652293,0.0
random_bp,expectation_value,bcw_6q_random_bp,hea,RX_RY_RZ_CNOT,none,linear,cnot,local,6,8,8,same_entangling_gate_count,3,4,RY,1,67,layer_003_wire_004_RY,3,0.014782979777017025,0.0031179531502919904,0.0423267318398991,0.0
random_bp,expectation_value,bcw_6q_random_bp,hea,RX_RY_RZ_CNOT,none,linear,cnot,local,6,8,8,same_entangling_gate_count,3,4,RZ,2,68,layer_003_wire_004_RZ,3,-0.004678843172176154,0.0016605723097484577,0.031244857474868864,0.0
random_bp,expectation_value,bcw_6q_random_bp,hea,RX_RY_RZ_CNOT,none,linear,cnot,local,6,8,8,same_entangling_gate_count,3,5,RX,0,69,layer_003_wire_005_RX,3,-0.016352634960999854,0.00034019235295424424,0.01959445988347368,0.0
random_bp,expectation_value,bcw_6q_random_bp,hea,RX_RY_RZ_CNOT,none,linear,cnot,local,6,8,8,same_entangling_gate_count,3,5,RY,1,70,layer_003_wire_005_RY,3,-0.025601772847795273,0.00036057940557157847,0.025601772847795273,0.0
random_bp,expectation_value,bcw_6q_random_bp,hea,RX_RY_RZ_CNOT,none,linear,cnot,local,6,8,8,same_entangling_gate_count,3,5,RZ,2,71,layer_003_wire_005_RZ,3,0.009209265291120374,0.00024778669018624464,0.0150265984828436,0.0
random_bp,expectation_value,bcw_6q_random_bp,hea,RX_RY_RZ_CNOT,none,linear,cnot,local,6,8,8,same_entangling_gate_count,4,0,RX,0,72,layer_004_wire_000_RX,3,-0.007810993853381828,0.00044312850541308843,0.018776064796449502,0.0
random_bp,expectation_value,bcw_6q_random_bp,hea,RX_RY_RZ_CNOT,none,linear,cnot,local,6,8,8,same_entangling_gate_count,4,0,RY,1,73,layer_004_wire_000_RY,3,0.014813657862169005,0.0023479322892789173,0.03142089818486484,0.0
random_bp,expectation_value,bcw_6q_random_bp,hea,RX_RY_RZ_CNOT,none,linear,cnot,local,6,8,8,same_entangling_gate_count,4,0,RZ,2,74,layer_004_wire_000_RZ,3,0.017268844560979987,0.0007556253076831813,0.024070830474916722,0.0
random_bp,expectation_value,bcw_6q_random_bp,hea,RX_RY_RZ_CNOT,none,linear,cnot,local,6,8,8,same_entangling_gate_count,4,1,RX,0,75,layer_004_wire_001_RX,3,0.022871417505098517,0.00017553113141486885,0.02287141750509852,0.0
random_bp,expectation_value,bcw_6q_random_bp,hea,RX_RY_RZ_CNOT,none,linear,cnot,local,6,8,8,same_entangling_gate_count,4,1,RY,1,76,layer_004_wire_001_RY,3,0.007507566018289367,0.0023896212567766748,0.034459871528174854,0.0
random_bp,expectation_value,bcw_6q_random_bp,hea,RX_RY_RZ_CNOT,none,linear,cnot,local,6,8,8,same_entangling_gate_count,4,1,RZ,2,77,layer_004_wire_001_RZ,3,-0.029871793272499177,0.0013651517425966693,0.03829077975601251,0.0
random_bp,expectation_value,bcw_6q_random_bp,hea,RX_RY_RZ_CNOT,none,linear,cnot,local,6,8,8,same_entangling_gate_count,4,2,RX,0,78,layer_004_wire_002_RX,3,-0.019041297806719853,0.0019317893462392408,0.03970445781330747,0.0
random_bp,expectation_value,bcw_6q_random_bp,hea,RX_RY_RZ_CNOT,none,linear,cnot,local,6,8,8,same_entangling_gate_count,4,2,RY,1,79,layer_004_wire_002_RY,3,0.0005955371143700726,0.0021851278146768644,0.03456525636169467,0.0
random_bp,expectation_value,bcw_6q_random_bp,hea,RX_RY_RZ_CNOT,none,linear,cnot,local,6,8,8,same_entangling_gate_count,4,2,RZ,2,80,layer_004_wire_002_RZ,3,-0.008074076798277981,0.004407519522310626,0.048156048638122194,0.0
random_bp,expectation_value,bcw_6q_random_bp,hea,RX_RY_RZ_CNOT,none,linear,cnot,local,6,8,8,same_entangling_gate_count,4,3,RX,0,81,layer_004_wire_003_RX,3,-0.024268085133549964,0.0002391997588634749,0.02426808513354996,0.0
random_bp,expectation_value,bcw_6q_random_bp,hea,RX_RY_RZ_CNOT,none,linear,cnot,local,6,8,8,same_entangling_gate_count,4,3,RY,1,82,layer_004_wire_003_RY,3,-0.018985475640973665,0.0002625170452611625,0.01898547564097366,0.0
random_bp,expectation_value,bcw_6q_random_bp,hea,RX_RY_RZ_CNOT,none,linear,cnot,local,6,8,8,same_entangling_gate_count,4,3,RZ,2,83,layer_004_wire_003_RZ,3,0.023784170795266135,0.0002761145002261519,0.023784170795266135,0.0
random_bp,expectation_value,bcw_6q_random_bp,hea,RX_RY_RZ_CNOT,none,linear,cnot,local,6,8,8,same_entangling_gate_count,4,4,RX,0,84,layer_004_wire_004_RX,3,-0.004323120956480107,0.0023604911924970545,0.03804064504158576,0.0
random_bp,expectation_value,bcw_6q_random_bp,hea,RX_RY_RZ_CNOT,none,linear,cnot,local,6,8,8,same_entangling_gate_count,4,4,RY,1,85,layer_004_wire_004_RY,3,-0.023176132402553402,0.000390762314553383,0.023176132402553406,0.0
random_bp,expectation_value,bcw_6q_random_bp,hea,RX_RY_RZ_CNOT,none,linear,cnot,local,6,8,8,same_entangling_gate_count,4,4,RZ,2,86,layer_004_wire_004_RZ,3,0.012092480854206396,0.0021485650193690696,0.035642690848410145,0.0
random_bp,expectation_value,bcw_6q_random_bp,hea,RX_RY_RZ_CNOT,none,linear,cnot,local,6,8,8,same_entangling_gate_count,4,5,RX,0,87,layer_004_wire_005_RX,3,0.027767717905310418,0.00017823312187803723,0.027767717905310418,0.0
random_bp,expectation_value,bcw_6q_random_bp,hea,RX_RY_RZ_CNOT,none,linear,cnot,local,6,8,8,same_entangling_gate_count,4,5,RY,1,88,layer_004_wire_005_RY,3,0.0031088076307799056,3.328205256248625e-05,0.0044624470456695806,0.0
random_bp,expectation_value,bcw_6q_random_bp,hea,RX_RY_RZ_CNOT,none,linear,cnot,local,6,8,8,same_entangling_gate_count,4,5,RZ,2,89,layer_004_wire_005_RZ,3,-0.01538336978273411,0.0009627525981137192,0.024842187592283377,0.0
random_bp,expectation_value,bcw_6q_random_bp,hea,RX_RY_RZ_CNOT,none,linear,cnot,local,6,8,8,same_entangling_gate_count,5,0,RX,0,90,layer_005_wire_000_RX,3,-0.003299001152351301,0.00022805436777995395,0.011782844098272844,0.0
random_bp,expectation_value,bcw_6q_random_bp,hea,RX_RY_RZ_CNOT,none,linear,cnot,local,6,8,8,same_entangling_gate_count,5,0,RY,1,91,layer_005_wire_000_RY,3,0.008826683150480507,0.0004794666100296619,0.01439916809982057,0.0
random_bp,expectation_value,bcw_6q_random_bp,hea,RX_RY_RZ_CNOT,none,linear,cnot,local,6,8,8,same_entangling_gate_count,5,0,RZ,2,92,layer_005_wire_000_RZ,3,0.01870895606560432,0.002291997231639322,0.03678017471126881,0.0
random_bp,expectation_value,bcw_6q_random_bp,hea,RX_RY_RZ_CNOT,none,linear,cnot,local,6,8,8,same_entangling_gate_count,5,1,RX,0,93,layer_005_wire_001_RX,3,0.004670840030037503,0.0006774006584005974,0.01993341919027143,0.0
random_bp,expectation_value,bcw_6q_random_bp,hea,RX_RY_RZ_CNOT,none,linear,cnot,local,6,8,8,same_entangling_gate_count,5,1,RY,1,94,layer_005_wire_001_RY,3,0.014558933679527451,0.000809425183779142,0.019305527322639827,0.0
random_bp,expectation_value,bcw_6q_random_bp,hea,RX_RY_RZ_CNOT,none,linear,cnot,local,6,8,8,same_entangling_gate_count,5,1,RZ,2,95,layer_005_wire_001_RZ,3,0.008547906569017934,0.0012458261446484798,0.027244713001048384,0.0
random_bp,expectation_value,bcw_6q_random_bp,hea,RX_RY_RZ_CNOT,none,linear,cnot,local,6,8,8,same_entangling_gate_count,5,2,RX,0,96,layer_005_wire_002_RX,3,0.0036713276809259114,0.0009309725852574466,0.02241408841526508,0.0
random_bp,expectation_value,bcw_6q_random_bp,hea,RX_RY_RZ_CNOT,none,linear,cnot,local,6,8,8,same_entangling_gate_count,5,2,RY,1,97,layer_005_wire_002_RY,3,0.008495722805755297,0.0014261224164564188,0.030470866512306485,0.0
random_bp,expectation_value,bcw_6q_random_bp,hea,RX_RY_RZ_CNOT,none,linear,cnot,local,6,8,8,same_entangling_gate_count,5,2,RZ,2,98,layer_005_wire_002_RZ,3,-0.019738319652903166,0.0005657795596917527,0.02287156452086668,0.0
random_bp,expectation_value,bcw_6q_random_bp,hea,RX_RY_RZ_CNOT,none,linear,cnot,local,6,8,8,same_entangling_gate_count,5,3,RX,0,99,layer_005_wire_003_RX,3,0.0032631304650194964,0.0009704521028393971,0.021096211927624915,0.0
random_bp,expectation_value,bcw_6q_random_bp,hea,RX_RY_RZ_CNOT,none,linear,cnot,local,6,8,8,same_entangling_gate_count,5,3,RY,1,100,layer_005_wire_003_RY,3,-0.0056743474001081234,0.0016943753490614446,0.032830267337128884,0.0
random_bp,expectation_value,bcw_6q_random_bp,hea,RX_RY_RZ_CNOT,none,linear,cnot,local,6,8,8,same_entangling_gate_count,5,3,RZ,2,101,layer_005_wire_003_RZ,3,-0.01691595297250497,0.0007081557236601138,0.02023694148552503,0.0
random_bp,expectation_value,bcw_6q_random_bp,hea,RX_RY_RZ_CNOT,none,linear,cnot,local,6,8,8,same_entangling_gate_count,5,4,RX,0,102,layer_005_wire_004_RX,3,0.009640653275167369,0.0010569702172823839,0.02107238364997766,0.0
random_bp,expectation_value,bcw_6q_random_bp,hea,RX_RY_RZ_CNOT,none,linear,cnot,local,6,8,8,same_entangling_gate_count,5,4,RY,1,103,layer_005_wire_004_RY,3,0.012314432213696184,0.00032459967213497557,0.017083007166731005,0.0
random_bp,expectation_value,bcw_6q_random_bp,hea,RX_RY_RZ_CNOT,none,linear,cnot,local,6,8,8,same_entangling_gate_count,5,4,RZ,2,104,layer_005_wire_004_RZ,3,0.04157860322001145,0.0005599995422356762,0.04157860322001145,0.0
random_bp,expectation_value,bcw_6q_random_bp,hea,RX_RY_RZ_CNOT,none,linear,cnot,local,6,8,8,same_entangling_gate_count,5,5,RX,0,105,layer_005_wire_005_RX,3,0.0158894187884494,0.000519545966398198,0.02255580592085205,0.0
random_bp,expectation_value,bcw_6q_random_bp,hea,RX_RY_RZ_CNOT,none,linear,cnot,local,6,8,8,same_entangling_gate_count,5,5,RY,1,106,layer_005_wire_005_RY,3,0.0002953707924556381,0.00014416998079941787,0.009341077557830472,0.0
random_bp,expectation_value,bcw_6q_random_bp,hea,RX_RY_RZ_CNOT,none,linear,cnot,local,6,8,8,same_entangling_gate_count,5,5,RZ,2,107,layer_005_wire_005_RZ,3,-0.01642749795675194,0.00015242443504702804,0.016427497956751937,0.0
random_bp,expectation_value,bcw_6q_random_bp,hea,RX_RY_RZ_CNOT,none,linear,cnot,local,6,8,8,same_entangling_gate_count,6,0,RX,0,108,layer_006_wire_000_RX,3,0.04509914971526236,0.0002984284340801136,0.04509914971526236,0.0
random_bp,expectation_value,bcw_6q_random_bp,hea,RX_RY_RZ_CNOT,none,linear,cnot,local,6,8,8,same_entangling_gate_count,6,0,RY,1,109,layer_006_wire_000_RY,3,0.0304560135205016,0.0005433571170063819,0.0304560135205016,0.0
random_bp,expectation_value,bcw_6q_random_bp,hea,RX_RY_RZ_CNOT,none,linear,cnot,local,6,8,8,same_entangling_gate_count,6,0,RZ,2,110,layer_006_wire_000_RZ,3,-0.005304252653710541,0.003576132281485823,0.04766552158194546,0.0
random_bp,expectation_value,bcw_6q_random_bp,hea,RX_RY_RZ_CNOT,none,linear,cnot,local,6,8,8,same_entangling_gate_count,6,1,RX,0,111,layer_006_wire_001_RX,3,0.02732059970091085,0.00036663241661039276,0.027320599700910855,0.0
random_bp,expectation_value,bcw_6q_random_bp,hea,RX_RY_RZ_CNOT,none,linear,cnot,local,6,8,8,same_entangling_gate_count,6,1,RY,1,112,layer_006_wire_001_RY,3,0.0034237054567901135,0.0004576860318705018,0.014470340385999217,0.0
random_bp,expectation_value,bcw_6q_random_bp,hea,RX_RY_RZ_CNOT,none,linear,cnot,local,6,8,8,same_entangling_gate_count,6,1,RZ,2,113,layer_006_wire_001_RZ,3,0.016267304009847893,0.0006167431562211039,0.023246739828425345,0.0
random_bp,expectation_value,bcw_6q_random_bp,hea,RX_RY_RZ_CNOT,none,linear,cnot,local,6,8,8,same_entangling_gate_count,6,2,RX,0,114,layer_006_wire_002_RX,3,0.03176416325879371,0.0025217957084759275,0.038226741082867034,0.0
random_bp,expectation_value,bcw_6q_random_bp,hea,RX_RY_RZ_CNOT,none,linear,cnot,local,6,8,8,same_entangling_gate_count,6,2,RY,1,115,layer_006_wire_002_RY,3,0.015034196961670406,0.001035892385651037,0.02002805502108583,0.0
random_bp,expectation_value,bcw_6q_random_bp,hea,RX_RY_RZ_CNOT,none,linear,cnot,local,6,8,8,same_entangling_gate_count,6,2,RZ,2,116,layer_006_wire_002_RZ,3,0.007844700241952891,0.001040791659713316,0.025520414421969534,0.0
random_bp,expectation_value,bcw_6q_random_bp,hea,RX_RY_RZ_CNOT,none,linear,cnot,local,6,8,8,same_entangling_gate_count,6,3,RX,0,117,layer_006_wire_003_RX,3,0.027450152277959248,0.0002982247841971555,0.027450152277959248,0.0
random_bp,expectation_value,bcw_6q_random_bp,hea,RX_RY_RZ_CNOT,none,linear,cnot,local,6,8,8,same_entangling_gate_count,6,3,RY,1,118,layer_006_wire_003_RY,3,0.001965082565855079,0.0007392761747113668,0.01894536827688179,0.0
random_bp,expectation_value,bcw_6q_random_bp,hea,RX_RY_RZ_CNOT,none,linear,cnot,local,6,8,8,same_entangling_gate_count,6,3,RZ,2,119,layer_006_wire_003_RZ,3,-0.03376403412742506,0.0006581904691380096,0.03376403412742506,0.0
random_bp,expectation_value,bcw_6q_random_bp,hea,RX_RY_RZ_CNOT,none,linear,cnot,local,6,8,8,same_entangling_gate_count,6,4,RX,0,120,layer_006_wire_004_RX,3,-0.019220193172609115,0.0010307140757705715,0.019954232733883356,0.0
random_bp,expectation_value,bcw_6q_random_bp,hea,RX_RY_RZ_CNOT,none,linear,cnot,local,6,8,8,same_entangling_gate_count,6,4,RY,1,121,layer_006_wire_004_RY,3,0.00917748533811672,0.001425446180833868,0.02665396114426678,0.0
random_bp,expectation_value,bcw_6q_random_bp,hea,RX_RY_RZ_CNOT,none,linear,cnot,local,6,8,8,same_entangling_gate_count,6,4,RZ,2,122,layer_006_wire_004_RZ,3,0.012790732727664896,0.0005976246211415041,0.01572895900738075,0.0
random_bp,expectation_value,bcw_6q_random_bp,hea,RX_RY_RZ_CNOT,none,linear,cnot,local,6,8,8,same_entangling_gate_count,6,5,RX,0,123,layer_006_wire_005_RX,3,-0.0016183240098214466,4.717013237581871e-06,0.0018964274526013087,0.0
random_bp,expectation_value,bcw_6q_random_bp,hea,RX_RY_RZ_CNOT,none,linear,cnot,local,6,8,8,same_entangling_gate_count,6,5,RY,1,124,layer_006_wire_005_RY,3,-0.008662797215959018,1.4406865930777547e-05,0.00866279721595902,0.0
random_bp,expectation_value,bcw_6q_random_bp,hea,RX_RY_RZ_CNOT,none,linear,cnot,local,6,8,8,same_entangling_gate_count,6,5,RZ,2,125,layer_006_wire_005_RZ,3,-0.007071091853304552,9.190652293871324e-05,0.007346871876977224,0.0
random_bp,expectation_value,bcw_6q_random_bp,hea,RX_RY_RZ_CNOT,none,linear,cnot,local,6,8,8,same_entangling_gate_count,7,0,RX,0,126,layer_007_wire_000_RX,3,0.020936780869494694,0.001454687465994429,0.02237007528481187,0.0
random_bp,expectation_value,bcw_6q_random_bp,hea,RX_RY_RZ_CNOT,none,linear,cnot,local,6,8,8,same_entangling_gate_count,7,0,RY,1,127,layer_007_wire_000_RY,3,0.06312706181693087,0.0009804577996467409,0.06312706181693087,0.0
random_bp,expectation_value,bcw_6q_random_bp,hea,RX_RY_RZ_CNOT,none,linear,cnot,local,6,8,8,same_entangling_gate_count,7,0,RZ,2,128,layer_007_wire_000_RZ,3,2.3478628159932538e-17,2.966678390173633e-34,2.3478628159932538e-17,1.0
random_bp,expectation_value,bcw_6q_random_bp,hea,RX_RY_RZ_CNOT,none,linear,cnot,local,6,8,8,same_entangling_gate_count,7,1,RX,0,129,layer_007_wire_001_RX,3,0.02616043979556209,0.0008241509307293744,0.026160439795562086,0.0
random_bp,expectation_value,bcw_6q_random_bp,hea,RX_RY_RZ_CNOT,none,linear,cnot,local,6,8,8,same_entangling_gate_count,7,1,RY,1,130,layer_007_wire_001_RY,3,0.01465859335690342,0.0007178672135798892,0.0250603948161853,0.0
random_bp,expectation_value,bcw_6q_random_bp,hea,RX_RY_RZ_CNOT,none,linear,cnot,local,6,8,8,same_entangling_gate_count,7,1,RZ,2,131,layer_007_wire_001_RZ,3,-9.846613100730758e-18,8.197791353941433e-36,9.846613100730758e-18,1.0
random_bp,expectation_value,bcw_6q_random_bp,hea,RX_RY_RZ_CNOT,none,linear,cnot,local,6,8,8,same_entangling_gate_count,7,2,RX,0,132,layer_007_wire_002_RX,3,-0.00047936101550032084,0.004575173193980121,0.04611004034755769,0.0
random_bp,expectation_value,bcw_6q_random_bp,hea,RX_RY_RZ_CNOT,none,linear,cnot,local,6,8,8,same_entangling_gate_count,7,2,RY,1,133,layer_007_wire_002_RY,3,-0.031763357268816336,0.0044762668944539185,0.05101152653189909,0.0
random_bp,expectation_value,bcw_6q_random_bp,hea,RX_RY_RZ_CNOT,none,linear,cnot,local,6,8,8,same_entangling_gate_count,7,2,RZ,2,134,layer_007_wire_002_RZ,3,1.8401011383163245e-18,4.596875593938569e-35,4.6003466035094066e-18,1.0
random_bp,expectation_value,bcw_6q_random_bp,hea,RX_RY_RZ_CNOT,none,linear,cnot,local,6,8,8,same_entangling_gate_count,7,3,RX,0,135,layer_007_wire_003_RX,3,0.01674904202584175,0.0006883117247720218,0.022327925482331114,0.0
random_bp,expectation_value,bcw_6q_random_bp,hea,RX_RY_RZ_CNOT,none,linear,cnot,local,6,8,8,same_entangling_gate_count,7,3,RY,1,136,layer_007_wire_003_RY,3,0.03190138559361765,0.004330976517050667,0.056671642123628935,0.0
random_bp,expectation_value,bcw_6q_random_bp,hea,RX_RY_RZ_CNOT,none,linear,cnot,local,6,8,8,same_entangling_gate_count,7,3,RZ,2,137,layer_007_wire_003_RZ,3,5.214936278284997e-18,2.982934000294345e-35,5.214936278284997e-18,1.0
random_bp,expectation_value,bcw_6q_random_bp,hea,RX_RY_RZ_CNOT,none,linear,cnot,local,6,8,8,same_entangling_gate_count,7,4,RX,0,138,layer_007_wire_004_RX,3,-0.016006956388666713,0.0002737219603881193,0.016694409625370294,0.0
random_bp,expectation_value,bcw_6q_random_bp,hea,RX_RY_RZ_CNOT,none,linear,cnot,local,6,8,8,same_entangling_gate_count,7,4,RY,1,139,layer_007_wire_004_RY,3,0.02042569887702253,0.0006332901865099176,0.02557473433315993,0.0
random_bp,expectation_value,bcw_6q_random_bp,hea,RX_RY_RZ_CNOT,none,linear,cnot,local,6,8,8,same_entangling_gate_count,7,4,RZ,2,140,layer_007_wire_004_RZ,3,1.953578388877321e-18,6.81735993032547e-35,6.8295612872713854e-18,1.0
random_bp,expectation_value,bcw_6q_random_bp,hea,RX_RY_RZ_CNOT,none,linear,cnot,local,6,8,8,same_entangling_gate_count,7,5,RX,0,141,layer_007_wire_005_RX,3,-0.0038435438316268633,5.945196774418899e-05,0.006688634146269381,0.0
random_bp,expectation_value,bcw_6q_random_bp,hea,RX_RY_RZ_CNOT,none,linear,cnot,local,6,8,8,same_entangling_gate_count,7,5,RY,1,142,layer_007_wire_005_RY,3,0.0014566833112620854,2.460406782142722e-06,0.0014566833112620852,0.0
random_bp,expectation_value,bcw_6q_random_bp,hea,RX_RY_RZ_CNOT,none,linear,cnot,local,6,8,8,same_entangling_gate_count,7,5,RZ,2,143,layer_007_wire_005_RZ,3,1.8136122615965903e-18,3.025584995978142e-36,1.927847834515743e-18,1.0
random_bp,expectation_value,bcw_6q_random_bp,hea,RX_RY_RZ_CNOT,none,circular,cnot,local,6,8,7,same_entangling_gate_count,0,0,RX,0,0,layer_000_wire_000_RX,3,0.02525269270900785,0.001692038670586404,0.026895749024549404,0.0
random_bp,expectation_value,bcw_6q_random_bp,hea,RX_RY_RZ_CNOT,none,circular,cnot,local,6,8,7,same_entangling_gate_count,0,0,RY,1,1,layer_000_wire_000_RY,3,0.004276913903540736,6.714296208806594e-05,0.005848788190848833,0.0
random_bp,expectation_value,bcw_6q_random_bp,hea,RX_RY_RZ_CNOT,none,circular,cnot,local,6,8,7,same_entangling_gate_count,0,0,RZ,2,2,layer_000_wire_000_RZ,3,0.022369881672566663,0.0011845633903920462,0.022501242679936393,0.0
random_bp,expectation_value,bcw_6q_random_bp,hea,RX_RY_RZ_CNOT,none,circular,cnot,local,6,8,7,same_entangling_gate_count,0,1,RX,0,3,layer_000_wire_001_RX,3,-0.011717291248503063,0.0007049058503946594,0.020233456219588386,0.0
random_bp,expectation_value,bcw_6q_random_bp,hea,RX_RY_RZ_CNOT,none,circular,cnot,local,6,8,7,same_entangling_gate_count,0,1,RY,1,4,layer_000_wire_001_RY,3,0.0062489910163975836,0.0014635629976406078,0.02696776276950631,0.0
random_bp,expectation_value,bcw_6q_random_bp,hea,RX_RY_RZ_CNOT,none,circular,cnot,local,6,8,7,same_entangling_gate_count,0,1,RZ,2,5,layer_000_wire_001_RZ,3,0.011236009821893454,0.0011237936974443745,0.021928829101796277,0.0
random_bp,expectation_value,bcw_6q_random_bp,hea,RX_RY_RZ_CNOT,none,circular,cnot,local,6,8,7,same_entangling_gate_count,0,2,RX,0,6,layer_000_wire_002_RX,3,0.002686506727613046,0.0006089920497969308,0.018069107599364434,0.0
random_bp,expectation_value,bcw_6q_random_bp,hea,RX_RY_RZ_CNOT,none,circular,cnot,local,6,8,7,same_entangling_gate_count,0,2,RY,1,7,layer_000_wire_002_RY,3,-0.01856526181618648,4.422849929992368e-05,0.01856526181618648,0.0
random_bp,expectation_value,bcw_6q_random_bp,hea,RX_RY_RZ_CNOT,none,circular,cnot,local,6,8,7,same_entangling_gate_count,0,2,RZ,2,8,layer_000_wire_002_RZ,3,0.025194088174850516,0.00022896076836373825,0.025194088174850516,0.0
random_bp,expectation_value,bcw_6q_random_bp,hea,RX_RY_RZ_CNOT,none,circular,cnot,local,6,8,7,same_entangling_gate_count,0,3,RX,0,9,layer_000_wire_003_RX,3,-0.040013748313746475,0.00035399926513096956,0.04001374831374648,0.0
random_bp,expectation_value,bcw_6q_random_bp,hea,RX_RY_RZ_CNOT,none,circular,cnot,local,6,8,7,same_entangling_gate_count,0,3,RY,1,10,layer_000_wire_003_RY,3,-0.0010005339766332821,2.6680199823901077e-05,0.004243506688226273,0.0
random_bp,expectation_value,bcw_6q_random_bp,hea,RX_RY_RZ_CNOT,none,circular,cnot,local,6,8,7,same_entangling_gate_count,0,3,RZ,2,11,layer_000_wire_003_RZ,3,0.0330484806261951,0.0006870347995080956,0.033048480626195094,0.0
random_bp,expectation_value,bcw_6q_random_bp,hea,RX_RY_RZ_CNOT,none,circular,cnot,local,6,8,7,same_entangling_gate_count,0,4,RX,0,12,layer_000_wire_004_RX,3,-0.00021033488677091924,0.0012369810655403638,0.026704381523708843,0.0
random_bp,expectation_value,bcw_6q_random_bp,hea,RX_RY_RZ_CNOT,none,circular,cnot,local,6,8,7,same_entangling_gate_count,0,4,RY,1,13,layer_000_wire_004_RY,3,0.03133161352020063,0.0019166831602768237,0.03133161352020063,0.0
random_bp,expectation_value,bcw_6q_random_bp,hea,RX_RY_RZ_CNOT,none,circular,cnot,local,6,8,7,same_entangling_gate_count,0,4,RZ,2,14,layer_000_wire_004_RZ,3,-0.013166224966424295,0.00041338970983074535,0.014798161448715789,0.0
random_bp,expectation_value,bcw_6q_random_bp,hea,RX_RY_RZ_CNOT,none,circular,cnot,local,6,8,7,same_entangling_gate_count,0,5,RX,0,15,layer_000_wire_005_RX,3,-0.026827887145673558,0.0010855544069603698,0.03423817506080031,0.0
random_bp,expectation_value,bcw_6q_random_bp,hea,RX_RY_RZ_CNOT,none,circular,cnot,local,6,8,7,same_entangling_gate_count,0,5,RY,1,16,layer_000_wire_005_RY,3,0.014634812336704706,0.0002103399689055789,0.014634812336704705,0.0
random_bp,expectation_value,bcw_6q_random_bp,hea,RX_RY_RZ_CNOT,none,circular,cnot,local,6,8,7,same_entangling_gate_count,0,5,RZ,2,17,layer_000_wire_005_RZ,3,0.001446704697212503,0.0004968682292302008,0.01711959621919075,0.0
random_bp,expectation_value,bcw_6q_random_bp,hea,RX_RY_RZ_CNOT,none,circular,cnot,local,6,8,7,same_entangling_gate_count,1,0,RX,0,18,layer_001_wire_000_RX,3,-0.0035401222605990455,0.0023414294553569036,0.03834530997843712,0.0
random_bp,expectation_value,bcw_6q_random_bp,hea,RX_RY_RZ_CNOT,none,circular,cnot,local,6,8,7,same_entangling_gate_count,1,0,RY,1,19,layer_001_wire_000_RY,3,0.018492982379308524,0.00017753085546407972,0.018492982379308524,0.0
random_bp,expectation_value,bcw_6q_random_bp,hea,RX_RY_RZ_CNOT,none,circular,cnot,local,6,8,7,same_entangling_gate_count,1,0,RZ,2,20,layer_001_wire_000_RZ,3,-0.007032709756871463,0.0011561931062713828,0.028099905106259124,0.0
random_bp,expectation_value,bcw_6q_random_bp,hea,RX_RY_RZ_CNOT,none,circular,cnot,local,6,8,7,same_entangling_gate_count,1,1,RX,0,21,layer_001_wire_001_RX,3,-0.03369784459450657,0.0004834452506580742,0.03369784459450657,0.0
random_bp,expectation_value,bcw_6q_random_bp,hea,RX_RY_RZ_CNOT,none,circular,cnot,local,6,8,7,same_entangling_gate_count,1,1,RY,1,22,layer_001_wire_001_RY,3,-0.007036720184152165,0.0005580468387462762,0.02004610718128044,0.0
random_bp,expectation_value,bcw_6q_random_bp,hea,RX_RY_RZ_CNOT,none,circular,cnot,local,6,8,7,same_entangling_gate_count,1,1,RZ,2,23,layer_001_wire_001_RZ,3,0.01659908701594822,0.00125094966946155,0.03241004909551102,0.0
random_bp,expectation_value,bcw_6q_random_bp,hea,RX_RY_RZ_CNOT,none,circular,cnot,local,6,8,7,same_entangling_gate_count,1,2,RX,0,24,layer_001_wire_002_RX,3,0.003365492770406489,0.0009451744212564835,0.024698938554550454,0.0
random_bp,expectation_value,bcw_6q_random_bp,hea,RX_RY_RZ_CNOT,none,circular,cnot,local,6,8,7,same_entangling_gate_count,1,2,RY,1,25,layer_001_wire_002_RY,3,-0.0012285137891690258,0.00018768189211392912,0.009651815610075411,0.0
random_bp,expectation_value,bcw_6q_random_bp,hea,RX_RY_RZ_CNOT,none,circular,cnot,local,6,8,7,same_entangling_gate_count,1,2,RZ,2,26,layer_001_wire_002_RZ,3,-0.009628089279068277,6.396001029209852e-05,0.009628089279068275,0.0
random_bp,expectation_value,bcw_6q_random_bp,hea,RX_RY_RZ_CNOT,none,circular,cnot,local,6,8,7,same_entangling_gate_count,1,3,RX,0,27,layer_001_wire_003_RX,3,-0.005376891827847264,0.0001886433693277027,0.00875097696757701,0.0
random_bp,expectation_value,bcw_6q_random_bp,hea,RX_RY_RZ_CNOT,none,circular,cnot,local,6,8,7,same_entangling_gate_count,1,3,RY,1,28,layer_001_wire_003_RY,3,-0.005921865551914303,0.0012558877744164513,0.02784033892313786,0.0
random_bp,expectation_value,bcw_6q_random_bp,hea,RX_RY_RZ_CNOT,none,circular,cnot,local,6,8,7,same_entangling_gate_count,1,3,RZ,2,29,layer_001_wire_003_RZ,3,0.005262920339762968,0.00019502472374252454,0.009148035618406866,0.0
random_bp,expectation_value,bcw_6q_random_bp,hea,RX_RY_RZ_CNOT,none,circular,cnot,local,6,8,7,same_entangling_gate_count,1,4,RX,0,30,layer_001_wire_004_RX,3,0.025612815290352087,0.0013989314261639977,0.026350046856527125,0.0
random_bp,expectation_value,bcw_6q_random_bp,hea,RX_RY_RZ_CNOT,none,circular,cnot,local,6,8,7,same_entangling_gate_count,1,4,RY,1,31,layer_001_wire_004_RY,3,0.009759703192826779,4.06151452476171e-05,0.009759703192826779,0.0
random_bp,expectation_value,bcw_6q_random_bp,hea,RX_RY_RZ_CNOT,none,circular,cnot,local,6,8,7,same_entangling_gate_count,1,4,RZ,2,32,layer_001_wire_004_RZ,3,0.03081991248679833,0.0007711132478504472,0.03081991248679833,0.0
random_bp,expectation_value,bcw_6q_random_bp,hea,RX_RY_RZ_CNOT,none,circular,cnot,local,6,8,7,same_entangling_gate_count,1,5,RX,0,33,layer_001_wire_005_RX,3,0.03507306343325649,0.0011098122171032505,0.03527184600129321,0.0
random_bp,expectation_value,bcw_6q_random_bp,hea,RX_RY_RZ_CNOT,none,circular,cnot,local,6,8,7,same_entangling_gate_count,1,5,RY,1,34,layer_001_wire_005_RY,3,0.00076439247008518,2.7783131387354638e-05,0.004235247030565271,0.0
random_bp,expectation_value,bcw_6q_random_bp,hea,RX_RY_RZ_CNOT,none,circular,cnot,local,6,8,7,same_entangling_gate_count,1,5,RZ,2,35,layer_001_wire_005_RZ,3,-0.023069294662936835,0.00010881127587536376,0.023069294662936835,0.0
random_bp,expectation_value,bcw_6q_random_bp,hea,RX_RY_RZ_CNOT,none,circular,cnot,local,6,8,7,same_entangling_gate_count,2,0,RX,0,36,layer_002_wire_000_RX,3,0.007819340472739909,0.0008202743734708484,0.02053516573785674,0.0
random_bp,expectation_value,bcw_6q_random_bp,hea,RX_RY_RZ_CNOT,none,circular,cnot,local,6,8,7,same_entangling_gate_count,2,0,RY,1,37,layer_002_wire_000_RY,3,-0.02087493904319495,0.00029679667267876056,0.020874939043194946,0.0
random_bp,expectation_value,bcw_6q_random_bp,hea,RX_RY_RZ_CNOT,none,circular,cnot,local,6,8,7,same_entangling_gate_count,2,0,RZ,2,38,layer_002_wire_000_RZ,3,-0.02751606805562638,4.060040361363153e-05,0.02751606805562638,0.0
random_bp,expectation_value,bcw_6q_random_bp,hea,RX_RY_RZ_CNOT,none,circular,cnot,local,6,8,7,same_entangling_gate_count,2,1,RX,0,39,layer_002_wire_001_RX,3,-0.008698001200028404,0.0006685175484528097,0.016847458002657523,0.0
random_bp,expectation_value,bcw_6q_random_bp,hea,RX_RY_RZ_CNOT,none,circular,cnot,local,6,8,7,same_entangling_gate_count,2,1,RY,1,40,layer_002_wire_001_RY,3,-0.029154725861373684,0.0012979817220045362,0.036815390571018965,0.0
random_bp,expectation_value,bcw_6q_random_bp,hea,RX_RY_RZ_CNOT,none,circular,cnot,local,6,8,7,same_entangling_gate_count,2,1,RZ,2,41,layer_002_wire_001_RZ,3,0.018583961536047477,0.0010334711946316307,0.027920537428324687,0.0
random_bp,expectation_value,bcw_6q_random_bp,hea,RX_RY_RZ_CNOT,none,circular,cnot,local,6,8,7,same_entangling_gate_count,2,2,RX,0,42,layer_002_wire_002_RX,3,-0.005061729735537028,0.000535004230991124,0.01588813067346549,0.0
random_bp,expectation_value,bcw_6q_random_bp,hea,RX_RY_RZ_CNOT,none,circular,cnot,local,6,8,7,same_entangling_gate_count,2,2,RY,1,43,layer_002_wire_002_RY,3,-0.028181803536905102,0.0010379924294655007,0.034113091591336075,0.0
random_bp,expectation_value,bcw_6q_random_bp,hea,RX_RY_RZ_CNOT,none,circular,cnot,local,6,8,7,same_entangling_gate_count,2,2,RZ,2,44,layer_002_wire_002_RZ,3,0.0034654946826569487,0.00011525935735586426,0.009034352501428403,0.0
random_bp,expectation_value,bcw_6q_random_bp,hea,RX_RY_RZ_CNOT,none,circular,cnot,local,6,8,7,same_entangling_gate_count,2,3,RX,0,45,layer_002_wire_003_RX,3,0.023768035735948885,0.0007372997405737957,0.026149646788269653,0.0
random_bp,expectation_value,bcw_6q_random_bp,hea,RX_RY_RZ_CNOT,none,circular,cnot,local,6,8,7,same_entangling_gate_count,2,3,RY,1,46,layer_002_wire_003_RY,3,0.00825349983502517,0.0006394306393787623,0.02147642927657395,0.0
random_bp,expectation_value,bcw_6q_random_bp,hea,RX_RY_RZ_CNOT,none,circular,cnot,local,6,8,7,same_entangling_gate_count,2,3,RZ,2,47,layer_002_wire_003_RZ,3,-0.015405377523346106,0.00012102177642623917,0.015405377523346106,0.0
random_bp,expectation_value,bcw_6q_random_bp,hea,RX_RY_RZ_CNOT,none,circular,cnot,local,6,8,7,same_entangling_gate_count,2,4,RX,0,48,layer_002_wire_004_RX,3,-0.014458426337999318,0.0006961840436091431,0.021614369556644485,0.0
random_bp,expectation_value,bcw_6q_random_bp,hea,RX_RY_RZ_CNOT,none,circular,cnot,local,6,8,7,same_entangling_gate_count,2,4,RY,1,49,layer_002_wire_004_RY,3,0.019126467792170032,0.000513106048643681,0.019126467792170036,0.0
random_bp,expectation_value,bcw_6q_random_bp,hea,RX_RY_RZ_CNOT,none,circular,cnot,local,6,8,7,same_entangling_gate_count,2,4,RZ,2,50,layer_002_wire_004_RZ,3,0.002049716230098376,0.0005691072049237165,0.018841004382387155,0.0
random_bp,expectation_value,bcw_6q_random_bp,hea,RX_RY_RZ_CNOT,none,circular,cnot,local,6,8,7,same_entangling_gate_count,2,5,RX,0,51,layer_002_wire_005_RX,3,0.026630711129439617,0.00022362530775128737,0.026630711129439617,0.0
random_bp,expectation_value,bcw_6q_random_bp,hea,RX_RY_RZ_CNOT,none,circular,cnot,local,6,8,7,same_entangling_gate_count,2,5,RY,1,52,layer_002_wire_005_RY,3,-0.021884543588684247,0.0015562860682686707,0.03764073050137954,0.0
random_bp,expectation_value,bcw_6q_random_bp,hea,RX_RY_RZ_CNOT,none,circular,cnot,local,6,8,7,same_entangling_gate_count,2,5,RZ,2,53,layer_002_wire_005_RZ,3,-0.0011639895760017181,0.0002490066068970101,0.01180822945220462,0.0
random_bp,expectation_value,bcw_6q_random_bp,hea,RX_RY_RZ_CNOT,none,circular,cnot,local,6,8,7,same_entangling_gate_count,3,0,RX,0,54,layer_003_wire_000_RX,3,-0.03501106382178077,0.00012591751573325647,0.03501106382178077,0.0
random_bp,expectation_value,bcw_6q_random_bp,hea,RX_RY_RZ_CNOT,none,circular,cnot,local,6,8,7,same_entangling_gate_count,3,0,RY,1,55,layer_003_wire_000_RY,3,-0.0024249658771733637,0.00033367727565600355,0.014813441526004329,0.0
random_bp,expectation_value,bcw_6q_random_bp,hea,RX_RY_RZ_CNOT,none,circular,cnot,local,6,8,7,same_entangling_gate_count,3,0,RZ,2,56,layer_003_wire_000_RZ,3,-0.029652396012101012,0.0001382944856306862,0.029652396012101012,0.0
random_bp,expectation_value,bcw_6q_random_bp,hea,RX_RY_RZ_CNOT,none,circular,cnot,local,6,8,7,same_entangling_gate_count,3,1,RX,0,57,layer_003_wire_001_RX,3,-0.006597931732084577,0.00015399017297496227,0.008689455448618745,0.0
random_bp,expectation_value,bcw_6q_random_bp,hea,RX_RY_RZ_CNOT,none,circular,cnot,local,6,8,7,same_entangling_gate_count,3,1,RY,1,58,layer_003_wire_001_RY,3,0.015725749862489685,0.0005393297317388518,0.015725749862489685,0.0
random_bp,expectation_value,bcw_6q_random_bp,hea,RX_RY_RZ_CNOT,none,circular,cnot,local,6,8,7,same_entangling_gate_count,3,1,RZ,2,59,layer_003_wire_001_RZ,3,-0.010077423162053439,5.0408505632746064e-05,0.010077423162053437,0.0
random_bp,expectation_value,bcw_6q_random_bp,hea,RX_RY_RZ_CNOT,none,circular,cnot,local,6,8,7,same_entangling_gate_count,3,2,RX,0,60,layer_003_wire_002_RX,3,0.015055973868417106,0.0004596902645456278,0.021389527047941528,0.0
random_bp,expectation_value,bcw_6q_random_bp,hea,RX_RY_RZ_CNOT,none,circular,cnot,local,6,8,7,same_entangling_gate_count,3,2,RY,1,61,layer_003_wire_002_RY,3,0.023136317483134574,0.00029357342218688413,0.023136317483134577,0.0
random_bp,expectation_value,bcw_6q_random_bp,hea,RX_RY_RZ_CNOT,none,circular,cnot,local,6,8,7,same_entangling_gate_count,3,2,RZ,2,62,layer_003_wire_002_RZ,3,-0.009599059304638013,0.0010783968041750388,0.025676341659124496,0.0
random_bp,expectation_value,bcw_6q_random_bp,hea,RX_RY_RZ_CNOT,none,circular,cnot,local,6,8,7,same_entangling_gate_count,3,3,RX,0,63,layer_003_wire_003_RX,3,-0.03792964366318234,1.2571239427977192e-05,0.03792964366318234,0.0
random_bp,expectation_value,bcw_6q_random_bp,hea,RX_RY_RZ_CNOT,none,circular,cnot,local,6,8,7,same_entangling_gate_count,3,3,RY,1,64,layer_003_wire_003_RY,3,0.01260580532977202,0.00568382358769468,0.05382968171565047,0.0
random_bp,expectation_value,bcw_6q_random_bp,hea,RX_RY_RZ_CNOT,none,circular,cnot,local,6,8,7,same_entangling_gate_count,3,3,RZ,2,65,layer_003_wire_003_RZ,3,-0.008290870563501172,0.0012756622160335722,0.02539023678800704,0.0
random_bp,expectation_value,bcw_6q_random_bp,hea,RX_RY_RZ_CNOT,none,circular,cnot,local,6,8,7,same_entangling_gate_count,3,4,RX,0,66,layer_003_wire_004_RX,3,-0.02420578473878255,0.0005898193432221559,0.026752501788313888,0.0
random_bp,expectation_value,bcw_6q_random_bp,hea,RX_RY_RZ_CNOT,none,circular,cnot,local,6,8,7,same_entangling_gate_count,3,4,RY,1,67,layer_003_wire_004_RY,3,-0.005032158527108197,0.00034579478305399086,0.01282085991770092,0.0
random_bp,expectation_value,bcw_6q_random_bp,hea,RX_RY_RZ_CNOT,none,circular,cnot,local,6,8,7,same_entangling_gate_count,3,4,RZ,2,68,layer_003_wire_004_RZ,3,-0.0015847150364221938,0.0014761671262729101,0.02920276407197293,0.0
random_bp,expectation_value,bcw_6q_random_bp,hea,RX_RY_RZ_CNOT,none,circular,cnot,local,6,8,7,same_entangling_gate_count,3,5,RX,0,69,layer_003_wire_005_RX,3,0.023342778097491045,0.00038846061231771403,0.02334277809749104,0.0
random_bp,expectation_value,bcw_6q_random_bp,hea,RX_RY_RZ_CNOT,none,circular,cnot,local,6,8,7,same_entangling_gate_count,3,5,RY,1,70,layer_003_wire_005_RY,3,-0.02602949475960634,0.0003487810347832603,0.026029494759606336,0.0
random_bp,expectation_value,bcw_6q_random_bp,hea,RX_RY_RZ_CNOT,none,circular,cnot,local,6,8,7,same_entangling_gate_count,3,5,RZ,2,71,layer_003_wire_005_RZ,3,-0.0012342933814850918,7.673735285570319e-05,0.006130923683494712,0.0
random_bp,expectation_value,bcw_6q_random_bp,hea,RX_RY_RZ_CNOT,none,circular,cnot,local,6,8,7,same_entangling_gate_count,4,0,RX,0,72,layer_004_wire_000_RX,3,0.02250714470310426,0.000603310794902705,0.02250714470310426,0.0
random_bp,expectation_value,bcw_6q_random_bp,hea,RX_RY_RZ_CNOT,none,circular,cnot,local,6,8,7,same_entangling_gate_count,4,0,RY,1,73,layer_004_wire_000_RY,3,-0.001883954539746766,0.00017484464314292768,0.010318849740999723,0.0
random_bp,expectation_value,bcw_6q_random_bp,hea,RX_RY_RZ_CNOT,none,circular,cnot,local,6,8,7,same_entangling_gate_count,4,0,RZ,2,74,layer_004_wire_000_RZ,3,-0.00918618645490462,0.0016550723834028289,0.03181780999372866,0.0
random_bp,expectation_value,bcw_6q_random_bp,hea,RX_RY_RZ_CNOT,none,circular,cnot,local,6,8,7,same_entangling_gate_count,4,1,RX,0,75,layer_004_wire_001_RX,3,-0.004952988355691043,3.343022932028746e-05,0.004952988355691044,0.0
random_bp,expectation_value,bcw_6q_random_bp,hea,RX_RY_RZ_CNOT,none,circular,cnot,local,6,8,7,same_entangling_gate_count,4,1,RY,1,76,layer_004_wire_001_RY,3,0.002487875991473423,0.0016422194904225404,0.027701005960563314,0.0
random_bp,expectation_value,bcw_6q_random_bp,hea,RX_RY_RZ_CNOT,none,circular,cnot,local,6,8,7,same_entangling_gate_count,4,1,RZ,2,77,layer_004_wire_001_RZ,3,0.0256279903353508,0.0011831354252317804,0.03479906199192985,0.0
random_bp,expectation_value,bcw_6q_random_bp,hea,RX_RY_RZ_CNOT,none,circular,cnot,local,6,8,7,same_entangling_gate_count,4,2,RX,0,78,layer_004_wire_002_RX,3,-0.021839343212350572,0.0012101300776778674,0.031968160632533084,0.0
random_bp,expectation_value,bcw_6q_random_bp,hea,RX_RY_RZ_CNOT,none,circular,cnot,local,6,8,7,same_entangling_gate_count,4,2,RY,1,79,layer_004_wire_002_RY,3,-0.01916592160134669,0.0018607012491728269,0.03299631507526501,0.0
random_bp,expectation_value,bcw_6q_random_bp,hea,RX_RY_RZ_CNOT,none,circular,cnot,local,6,8,7,same_entangling_gate_count,4,2,RZ,2,80,layer_004_wire_002_RZ,3,0.010500466204409604,0.002037934539608019,0.03766695478787498,0.0
random_bp,expectation_value,bcw_6q_random_bp,hea,RX_RY_RZ_CNOT,none,circular,cnot,local,6,8,7,same_entangling_gate_count,4,3,RX,0,81,layer_004_wire_003_RX,3,-0.005756520664688031,0.0008963119284907599,0.0244107162271469,0.0
random_bp,expectation_value,bcw_6q_random_bp,hea,RX_RY_RZ_CNOT,none,circular,cnot,local,6,8,7,same_entangling_gate_count,4,3,RY,1,82,layer_004_wire_003_RY,3,-0.028449747854001454,0.0017905705019953724,0.033149543020055065,0.0
random_bp,expectation_value,bcw_6q_random_bp,hea,RX_RY_RZ_CNOT,none,circular,cnot,local,6,8,7,same_entangling_gate_count,4,3,RZ,2,83,layer_004_wire_003_RZ,3,-0.028149663926016626,0.0006331483680418939,0.028149663926016626,0.0
random_bp,expectation_value,bcw_6q_random_bp,hea,RX_RY_RZ_CNOT,none,circular,cnot,local,6,8,7,same_entangling_gate_count,4,4,RX,0,84,layer_004_wire_004_RX,3,0.0013684969236411673,0.000660869399202106,0.019463797760424936,0.0
random_bp,expectation_value,bcw_6q_random_bp,hea,RX_RY_RZ_CNOT,none,circular,cnot,local,6,8,7,same_entangling_gate_count,4,4,RY,1,85,layer_004_wire_004_RY,3,0.005385695241479655,0.0011367678124000495,0.027474722531687618,0.0
random_bp,expectation_value,bcw_6q_random_bp,hea,RX_RY_RZ_CNOT,none,circular,cnot,local,6,8,7,same_entangling_gate_count,4,4,RZ,2,86,layer_004_wire_004_RZ,3,0.032923829413575134,0.00020146692174814355,0.03292382941357513,0.0
random_bp,expectation_value,bcw_6q_random_bp,hea,RX_RY_RZ_CNOT,none,circular,cnot,local,6,8,7,same_entangling_gate_count,4,5,RX,0,87,layer_004_wire_005_RX,3,0.005020095346112964,0.00031832522381013107,0.01513903638395612,0.0
random_bp,expectation_value,bcw_6q_random_bp,hea,RX_RY_RZ_CNOT,none,circular,cnot,local,6,8,7,same_entangling_gate_count,4,5,RY,1,88,layer_004_wire_005_RY,3,-0.02312641628036844,0.0007793045300065109,0.029090907643140856,0.0
random_bp,expectation_value,bcw_6q_random_bp,hea,RX_RY_RZ_CNOT,none,circular,cnot,local,6,8,7,same_entangling_gate_count,4,5,RZ,2,89,layer_004_wire_005_RZ,3,-0.003448676200025009,0.00023126132325219882,0.011992498903492813,0.0
random_bp,expectation_value,bcw_6q_random_bp,hea,RX_RY_RZ_CNOT,none,circular,cnot,local,6,8,7,same_entangling_gate_count,5,0,RX,0,90,layer_005_wire_000_RX,3,-0.026423294210298338,0.004149466690311025,0.04942513934739339,0.0
random_bp,expectation_value,bcw_6q_random_bp,hea,RX_RY_RZ_CNOT,none,circular,cnot,local,6,8,7,same_entangling_gate_count,5,0,RY,1,91,layer_005_wire_000_RY,3,-0.036779865775621465,0.0010530911348734667,0.03677986577562146,0.0
random_bp,expectation_value,bcw_6q_random_bp,hea,RX_RY_RZ_CNOT,none,circular,cnot,local,6,8,7,same_entangling_gate_count,5,0,RZ,2,92,layer_005_wire_000_RZ,3,-0.003843183429928492,0.004993535552274512,0.05376048534995698,0.0
random_bp,expectation_value,bcw_6q_random_bp,hea,RX_RY_RZ_CNOT,none,circular,cnot,local,6,8,7,same_entangling_gate_count,5,1,RX,0,93,layer_005_wire_001_RX,3,0.009252808047840205,0.00310885856996926,0.03859233729793437,0.0
random_bp,expectation_value,bcw_6q_random_bp,hea,RX_RY_RZ_CNOT,none,circular,cnot,local,6,8,7,same_entangling_gate_count,5,1,RY,1,94,layer_005_wire_001_RY,3,0.017859100809352067,0.0034023911626661287,0.04041565943554262,0.0
random_bp,expectation_value,bcw_6q_random_bp,hea,RX_RY_RZ_CNOT,none,circular,cnot,local,6,8,7,same_entangling_gate_count,5,1,RZ,2,95,layer_005_wire_001_RZ,3,-0.01553922607121358,0.0013055006659736823,0.03282742302742502,0.0
random_bp,expectation_value,bcw_6q_random_bp,hea,RX_RY_RZ_CNOT,none,circular,cnot,local,6,8,7,same_entangling_gate_count,5,2,RX,0,96,layer_005_wire_002_RX,3,-0.012396677227123763,0.0019933928108346395,0.03743939219276342,0.0
random_bp,expectation_value,bcw_6q_random_bp,hea,RX_RY_RZ_CNOT,none,circular,cnot,local,6,8,7,same_entangling_gate_count,5,2,RY,1,97,layer_005_wire_002_RY,3,-0.011366192778364708,0.0005357413996617261,0.01534059551994045,0.0
random_bp,expectation_value,bcw_6q_random_bp,hea,RX_RY_RZ_CNOT,none,circular,cnot,local,6,8,7,same_entangling_gate_count,5,2,RZ,2,98,layer_005_wire_002_RZ,3,0.0092982310364662,7.510958131028561e-05,0.0092982310364662,0.0
random_bp,expectation_value,bcw_6q_random_bp,hea,RX_RY_RZ_CNOT,none,circular,cnot,local,6,8,7,same_entangling_gate_count,5,3,RX,0,99,layer_005_wire_003_RX,3,-0.0011961792436921675,0.002319170543060642,0.03684357589424905,0.0
random_bp,expectation_value,bcw_6q_random_bp,hea,RX_RY_RZ_CNOT,none,circular,cnot,local,6,8,7,same_entangling_gate_count,5,3,RY,1,100,layer_005_wire_003_RY,3,-0.02222484465930168,0.001802233379754383,0.036589821948397425,0.0
random_bp,expectation_value,bcw_6q_random_bp,hea,RX_RY_RZ_CNOT,none,circular,cnot,local,6,8,7,same_entangling_gate_count,5,3,RZ,2,101,layer_005_wire_003_RZ,3,0.02300226736970447,0.00046615521775628284,0.02300226736970447,0.0
random_bp,expectation_value,bcw_6q_random_bp,hea,RX_RY_RZ_CNOT,none,circular,cnot,local,6,8,7,same_entangling_gate_count,5,4,RX,0,102,layer_005_wire_004_RX,3,0.002186605476850182,0.00021330195725961616,0.009910043505502775,0.0
random_bp,expectation_value,bcw_6q_random_bp,hea,RX_RY_RZ_CNOT,none,circular,cnot,local,6,8,7,same_entangling_gate_count,5,4,RY,1,103,layer_005_wire_004_RY,3,-0.0034902886710738348,4.365065652699982e-06,0.0034902886710738348,0.0
random_bp,expectation_value,bcw_6q_random_bp,hea,RX_RY_RZ_CNOT,none,circular,cnot,local,6,8,7,same_entangling_gate_count,5,4,RZ,2,104,layer_005_wire_004_RZ,3,-0.004715909290209037,0.00013114497095807382,0.009471564713215266,0.0
random_bp,expectation_value,bcw_6q_random_bp,hea,RX_RY_RZ_CNOT,none,circular,cnot,local,6,8,7,same_entangling_gate_count,5,5,RX,0,105,layer_005_wire_005_RX,3,-0.01432133791721767,0.0014653746035979231,0.024248416992611932,0.0
random_bp,expectation_value,bcw_6q_random_bp,hea,RX_RY_RZ_CNOT,none,circular,cnot,local,6,8,7,same_entangling_gate_count,5,5,RY,1,106,layer_005_wire_005_RY,3,0.011858489882359081,6.662649360200121e-05,0.011858489882359081,0.0
random_bp,expectation_value,bcw_6q_random_bp,hea,RX_RY_RZ_CNOT,none,circular,cnot,local,6,8,7,same_entangling_gate_count,5,5,RZ,2,107,layer_005_wire_005_RZ,3,-0.00954574680152738,0.001733334703680828,0.031301190622976115,0.0
random_bp,expectation_value,bcw_6q_random_bp,hea,RX_RY_RZ_CNOT,none,circular,cnot,local,6,8,7,same_entangling_gate_count,6,0,RX,0,108,layer_006_wire_000_RX,3,0.0028898178006044983,6.079296923727327e-05,0.005017429961956842,0.0
random_bp,expectation_value,bcw_6q_random_bp,hea,RX_RY_RZ_CNOT,none,circular,cnot,local,6,8,7,same_entangling_gate_count,6,0,RY,1,109,layer_006_wire_000_RY,3,-0.03788058392840412,0.003363595076188111,0.0548396327922309,0.0
random_bp,expectation_value,bcw_6q_random_bp,hea,RX_RY_RZ_CNOT,none,circular,cnot,local,6,8,7,same_entangling_gate_count,6,0,RZ,2,110,layer_006_wire_000_RZ,3,5.304010441687647e-18,1.4999493977951345e-34,7.659922509550914e-18,1.0
random_bp,expectation_value,bcw_6q_random_bp,hea,RX_RY_RZ_CNOT,none,circular,cnot,local,6,8,7,same_entangling_gate_count,6,1,RX,0,111,layer_006_wire_001_RX,3,0.01467509160613608,0.0001957984823180077,0.01467509160613608,0.0
random_bp,expectation_value,bcw_6q_random_bp,hea,RX_RY_RZ_CNOT,none,circular,cnot,local,6,8,7,same_entangling_gate_count,6,1,RY,1,112,layer_006_wire_001_RY,3,-0.012882364283018876,9.249921590517187e-05,0.012882364283018874,0.0
random_bp,expectation_value,bcw_6q_random_bp,hea,RX_RY_RZ_CNOT,none,circular,cnot,local,6,8,7,same_entangling_gate_count,6,1,RZ,2,113,layer_006_wire_001_RZ,3,1.2914038439205893e-17,7.51858532352269e-35,1.2914038439205895e-17,1.0
random_bp,expectation_value,bcw_6q_random_bp,hea,RX_RY_RZ_CNOT,none,circular,cnot,local,6,8,7,same_entangling_gate_count,6,2,RX,0,114,layer_006_wire_002_RX,3,-0.031293200811292624,0.0006599901019731327,0.03129320081129262,0.0
random_bp,expectation_value,bcw_6q_random_bp,hea,RX_RY_RZ_CNOT,none,circular,cnot,local,6,8,7,same_entangling_gate_count,6,2,RY,1,115,layer_006_wire_002_RY,3,0.008152007917893181,0.0005998731996514591,0.016050041808257774,0.0
random_bp,expectation_value,bcw_6q_random_bp,hea,RX_RY_RZ_CNOT,none,circular,cnot,local,6,8,7,same_entangling_gate_count,6,2,RZ,2,116,layer_006_wire_002_RZ,3,-2.601639407684859e-18,1.1247925467499562e-34,6.9353982185539865e-18,1.0
random_bp,expectation_value,bcw_6q_random_bp,hea,RX_RY_RZ_CNOT,none,circular,cnot,local,6,8,7,same_entangling_gate_count,6,3,RX,0,117,layer_006_wire_003_RX,3,0.004711346658755304,0.00018098721550855254,0.008774024066678812,0.0
random_bp,expectation_value,bcw_6q_random_bp,hea,RX_RY_RZ_CNOT,none,circular,cnot,local,6,8,7,same_entangling_gate_count,6,3,RY,1,118,layer_006_wire_003_RY,3,0.025361818634800803,0.00016243434565995396,0.025361818634800803,0.0
random_bp,expectation_value,bcw_6q_random_bp,hea,RX_RY_RZ_CNOT,none,circular,cnot,local,6,8,7,same_entangling_gate_count,6,3,RZ,2,119,layer_006_wire_003_RZ,3,7.193506423945518e-18,7.47398548766585e-35,9.040544165752946e-18,1.0
random_bp,expectation_value,bcw_6q_random_bp,hea,RX_RY_RZ_CNOT,none,circular,cnot,local,6,8,7,same_entangling_gate_count,6,4,RX,0,120,layer_006_wire_004_RX,3,0.00486791059214324,2.4264099231885265e-05,0.005345815452158581,0.0
random_bp,expectation_value,bcw_6q_random_bp,hea,RX_RY_RZ_CNOT,none,circular,cnot,local,6,8,7,same_entangling_gate_count,6,4,RY,1,121,layer_006_wire_004_RY,3,-0.03502869091466347,0.0018289295397460052,0.035028690914663464,0.0
random_bp,expectation_value,bcw_6q_random_bp,hea,RX_RY_RZ_CNOT,none,circular,cnot,local,6,8,7,same_entangling_gate_count,6,4,RZ,2,122,layer_006_wire_004_RZ,3,7.54449943442678e-18,2.852183153805078e-35,7.544499434426778e-18,1.0
random_bp,expectation_value,bcw_6q_random_bp,hea,RX_RY_RZ_CNOT,none,circular,cnot,local,6,8,7,same_entangling_gate_count,6,5,RX,0,123,layer_006_wire_005_RX,3,0.010067960719659161,5.286650094090314e-05,0.010067960719659161,0.0
random_bp,expectation_value,bcw_6q_random_bp,hea,RX_RY_RZ_CNOT,none,circular,cnot,local,6,8,7,same_entangling_gate_count,6,5,RY,1,124,layer_006_wire_005_RY,3,0.019616283925269883,0.0005239931206770451,0.024143754283829883,0.0
random_bp,expectation_value,bcw_6q_random_bp,hea,RX_RY_RZ_CNOT,none,circular,cnot,local,6,8,7,same_entangling_gate_count,6,5,RZ,2,125,layer_006_wire_005_RZ,3,-1.265515745565349e-17,3.472396150119058e-35,1.265515745565349e-17,1.0
random_bp,expectation_value,bcw_6q_random_bp,hea,RX_RY_RZ_CNOT,none,linear,cnot,global,6,8,8,same_entangling_gate_count,0,0,RX,0,0,layer_000_wire_000_RX,3,-0.04665686811576419,0.0006851318905292899,0.04665686811576419,0.0
random_bp,expectation_value,bcw_6q_random_bp,hea,RX_RY_RZ_CNOT,none,linear,cnot,global,6,8,8,same_entangling_gate_count,0,0,RY,1,1,layer_000_wire_000_RY,3,0.04658630625466076,0.002279345495331923,0.05209836665447822,0.0
random_bp,expectation_value,bcw_6q_random_bp,hea,RX_RY_RZ_CNOT,none,linear,cnot,global,6,8,8,same_entangling_gate_count,0,0,RZ,2,2,layer_000_wire_000_RZ,3,-9.192771302484349e-05,0.0006816947315535,0.01991877126283644,0.0
random_bp,expectation_value,bcw_6q_random_bp,hea,RX_RY_RZ_CNOT,none,linear,cnot,global,6,8,8,same_entangling_gate_count,0,1,RX,0,3,layer_000_wire_001_RX,3,-0.027698118423793442,0.0038824470160536556,0.03838031278677343,0.0
random_bp,expectation_value,bcw_6q_random_bp,hea,RX_RY_RZ_CNOT,none,linear,cnot,global,6,8,8,same_entangling_gate_count,0,1,RY,1,4,layer_000_wire_001_RY,3,0.034576455678929946,0.005626968461330888,0.05744974698289962,0.0
random_bp,expectation_value,bcw_6q_random_bp,hea,RX_RY_RZ_CNOT,none,linear,cnot,global,6,8,8,same_entangling_gate_count,0,1,RZ,2,5,layer_000_wire_001_RZ,3,0.04533324002472924,0.004131932453649377,0.04625512052220163,0.0
random_bp,expectation_value,bcw_6q_random_bp,hea,RX_RY_RZ_CNOT,none,linear,cnot,global,6,8,8,same_entangling_gate_count,0,2,RX,0,6,layer_000_wire_002_RX,3,-0.03502644588668209,0.005222207684266129,0.05121877127540151,0.0
random_bp,expectation_value,bcw_6q_random_bp,hea,RX_RY_RZ_CNOT,none,linear,cnot,global,6,8,8,same_entangling_gate_count,0,2,RY,1,7,layer_000_wire_002_RY,3,0.004303920788663783,0.0040126780202872055,0.0497976465604954,0.0
random_bp,expectation_value,bcw_6q_random_bp,hea,RX_RY_RZ_CNOT,none,linear,cnot,global,6,8,8,same_entangling_gate_count,0,2,RZ,2,8,layer_000_wire_002_RZ,3,0.023055616792493766,0.01935756244752749,0.09895198815703803,0.0
random_bp,expectation_value,bcw_6q_random_bp,hea,RX_RY_RZ_CNOT,none,linear,cnot,global,6,8,8,same_entangling_gate_count,0,3,RX,0,9,layer_000_wire_003_RX,3,0.07983391786922342,0.014598035696378997,0.11634368460510391,0.0
random_bp,expectation_value,bcw_6q_random_bp,hea,RX_RY_RZ_CNOT,none,linear,cnot,global,6,8,8,same_entangling_gate_count,0,3,RY,1,10,layer_000_wire_003_RY,3,0.046297080277419925,0.004429785167030877,0.0664204771699361,0.0
random_bp,expectation_value,bcw_6q_random_bp,hea,RX_RY_RZ_CNOT,none,linear,cnot,global,6,8,8,same_entangling_gate_count,0,3,RZ,2,11,layer_000_wire_003_RZ,3,-0.010333449507554687,0.02137947535366369,0.10884037381075867,0.0
random_bp,expectation_value,bcw_6q_random_bp,hea,RX_RY_RZ_CNOT,none,linear,cnot,global,6,8,8,same_entangling_gate_count,0,4,RX,0,12,layer_000_wire_004_RX,3,0.061212896986618984,0.010331803727668853,0.09791254878138657,0.0
random_bp,expectation_value,bcw_6q_random_bp,hea,RX_RY_RZ_CNOT,none,linear,cnot,global,6,8,8,same_entangling_gate_count,0,4,RY,1,13,layer_000_wire_004_RY,3,0.029730780223780142,0.007408751475122927,0.05489526148205932,0.0
random_bp,expectation_value,bcw_6q_random_bp,hea,RX_RY_RZ_CNOT,none,linear,cnot,global,6,8,8,same_entangling_gate_count,0,4,RZ,2,14,layer_000_wire_004_RZ,3,-0.09269392266000913,0.0049653438074707635,0.09269392266000913,0.0
random_bp,expectation_value,bcw_6q_random_bp,hea,RX_RY_RZ_CNOT,none,linear,cnot,global,6,8,8,same_entangling_gate_count,0,5,RX,0,15,layer_000_wire_005_RX,3,-0.016319978231170453,0.02361320599172083,0.11852512605442617,0.0
random_bp,expectation_value,bcw_6q_random_bp,hea,RX_RY_RZ_CNOT,none,linear,cnot,global,6,8,8,same_entangling_gate_count,0,5,RY,1,16,layer_000_wire_005_RY,3,0.06198998995085907,0.014461464138379863,0.07178290667799454,0.0
random_bp,expectation_value,bcw_6q_random_bp,hea,RX_RY_RZ_CNOT,none,linear,cnot,global,6,8,8,same_entangling_gate_count,0,5,RZ,2,17,layer_000_wire_005_RZ,3,-0.051628794130315986,0.0033063059090586242,0.05998301240617662,0.0
random_bp,expectation_value,bcw_6q_random_bp,hea,RX_RY_RZ_CNOT,none,linear,cnot,global,6,8,8,same_entangling_gate_count,1,0,RX,0,18,layer_001_wire_000_RX,3,0.08072799340297257,0.009164823746473,0.09275700989474454,0.0
random_bp,expectation_value,bcw_6q_random_bp,hea,RX_RY_RZ_CNOT,none,linear,cnot,global,6,8,8,same_entangling_gate_count,1,0,RY,1,19,layer_001_wire_000_RY,3,0.022791444092636743,0.004825385428141625,0.060039575124353206,0.0
random_bp,expectation_value,bcw_6q_random_bp,hea,RX_RY_RZ_CNOT,none,linear,cnot,global,6,8,8,same_entangling_gate_count,1,0,RZ,2,20,layer_001_wire_000_RZ,3,0.078434164451181,0.006519983046306298,0.08534539057531139,0.0
random_bp,expectation_value,bcw_6q_random_bp,hea,RX_RY_RZ_CNOT,none,linear,cnot,global,6,8,8,same_entangling_gate_count,1,1,RX,0,21,layer_001_wire_001_RX,3,-0.030711074696851318,0.00214496696787919,0.03235929534050112,0.0
random_bp,expectation_value,bcw_6q_random_bp,hea,RX_RY_RZ_CNOT,none,linear,cnot,global,6,8,8,same_entangling_gate_count,1,1,RY,1,22,layer_001_wire_001_RY,3,0.028799566659153113,0.003692286850407148,0.054329576215458454,0.0
random_bp,expectation_value,bcw_6q_random_bp,hea,RX_RY_RZ_CNOT,none,linear,cnot,global,6,8,8,same_entangling_gate_count,1,1,RZ,2,23,layer_001_wire_001_RZ,3,0.015551641380449895,0.006415777142666753,0.06680248043229231,0.0
random_bp,expectation_value,bcw_6q_random_bp,hea,RX_RY_RZ_CNOT,none,linear,cnot,global,6,8,8,same_entangling_gate_count,1,2,RX,0,24,layer_001_wire_002_RX,3,0.06565567154390668,0.00015562463332916357,0.06565567154390668,0.0
random_bp,expectation_value,bcw_6q_random_bp,hea,RX_RY_RZ_CNOT,none,linear,cnot,global,6,8,8,same_entangling_gate_count,1,2,RY,1,25,layer_001_wire_002_RY,3,-0.05887403348155063,0.0005455687413539377,0.058874033481550625,0.0
random_bp,expectation_value,bcw_6q_random_bp,hea,RX_RY_RZ_CNOT,none,linear,cnot,global,6,8,8,same_entangling_gate_count,1,2,RZ,2,26,layer_001_wire_002_RZ,3,-0.0722374000734834,0.00019083982509772768,0.0722374000734834,0.0
random_bp,expectation_value,bcw_6q_random_bp,hea,RX_RY_RZ_CNOT,none,linear,cnot,global,6,8,8,same_entangling_gate_count,1,3,RX,0,27,layer_001_wire_003_RX,3,-0.012635256894442108,0.0028842019377665336,0.037026180325716494,0.0
random_bp,expectation_value,bcw_6q_random_bp,hea,RX_RY_RZ_CNOT,none,linear,cnot,global,6,8,8,same_entangling_gate_count,1,3,RY,1,28,layer_001_wire_003_RY,3,-0.010567822002588753,0.0016833648759770894,0.02944770133899624,0.0
random_bp,expectation_value,bcw_6q_random_bp,hea,RX_RY_RZ_CNOT,none,linear,cnot,global,6,8,8,same_entangling_gate_count,1,3,RZ,2,29,layer_001_wire_003_RZ,3,-0.03432505219790768,0.005641350097138009,0.046101763876386766,0.0
random_bp,expectation_value,bcw_6q_random_bp,hea,RX_RY_RZ_CNOT,none,linear,cnot,global,6,8,8,same_entangling_gate_count,1,4,RX,0,30,layer_001_wire_004_RX,3,0.08256318004958463,0.023724179684330902,0.11877181766321689,0.0
random_bp,expectation_value,bcw_6q_random_bp,hea,RX_RY_RZ_CNOT,none,linear,cnot,global,6,8,8,same_entangling_gate_count,1,4,RY,1,31,layer_001_wire_004_RY,3,0.11382824688256186,0.0007967234580309582,0.11382824688256188,0.0
random_bp,expectation_value,bcw_6q_random_bp,hea,RX_RY_RZ_CNOT,none,linear,cnot,global,6,8,8,same_entangling_gate_count,1,4,RZ,2,32,layer_001_wire_004_RZ,3,0.006476555081791253,0.006175097374856397,0.05751404865157065,0.0
random_bp,expectation_value,bcw_6q_random_bp,hea,RX_RY_RZ_CNOT,none,linear,cnot,global,6,8,8,same_entangling_gate_count,1,5,RX,0,33,layer_001_wire_005_RX,3,0.04728756725454286,0.030106761371845807,0.12259776937773344,0.0
random_bp,expectation_value,bcw_6q_random_bp,hea,RX_RY_RZ_CNOT,none,linear,cnot,global,6,8,8,same_entangling_gate_count,1,5,RY,1,34,layer_001_wire_005_RY,3,-0.03151410211159841,0.005962788435552548,0.057122709853102666,0.0
random_bp,expectation_value,bcw_6q_random_bp,hea,RX_RY_RZ_CNOT,none,linear,cnot,global,6,8,8,same_entangling_gate_count,1,5,RZ,2,35,layer_001_wire_005_RZ,3,-0.05146677052333464,0.0077444935360629664,0.0722410911787466,0.0
random_bp,expectation_value,bcw_6q_random_bp,hea,RX_RY_RZ_CNOT,none,linear,cnot,global,6,8,8,same_entangling_gate_count,2,0,RX,0,36,layer_002_wire_000_RX,3,-0.03727255777760519,0.024187438790090568,0.10728941699199383,0.0
random_bp,expectation_value,bcw_6q_random_bp,hea,RX_RY_RZ_CNOT,none,linear,cnot,global,6,8,8,same_entangling_gate_count,2,0,RY,1,37,layer_002_wire_000_RY,3,-0.009976089574398198,0.011584446672390402,0.07453852094005677,0.0
random_bp,expectation_value,bcw_6q_random_bp,hea,RX_RY_RZ_CNOT,none,linear,cnot,global,6,8,8,same_entangling_gate_count,2,0,RZ,2,38,layer_002_wire_000_RZ,3,0.01015275296636721,0.0311572617106876,0.1254178334685829,0.0
random_bp,expectation_value,bcw_6q_random_bp,hea,RX_RY_RZ_CNOT,none,linear,cnot,global,6,8,8,same_entangling_gate_count,2,1,RX,0,39,layer_002_wire_001_RX,3,-0.052926679547617046,0.00063759723160172,0.052926679547617046,0.0
random_bp,expectation_value,bcw_6q_random_bp,hea,RX_RY_RZ_CNOT,none,linear,cnot,global,6,8,8,same_entangling_gate_count,2,1,RY,1,40,layer_002_wire_001_RY,3,-0.041711176620268665,0.004193343959099378,0.058552716305783535,0.0
random_bp,expectation_value,bcw_6q_random_bp,hea,RX_RY_RZ_CNOT,none,linear,cnot,global,6,8,8,same_entangling_gate_count,2,1,RZ,2,41,layer_002_wire_001_RZ,3,0.03528431817794499,0.007026161994257179,0.06502634663738938,0.0
random_bp,expectation_value,bcw_6q_random_bp,hea,RX_RY_RZ_CNOT,none,linear,cnot,global,6,8,8,same_entangling_gate_count,2,2,RX,0,42,layer_002_wire_002_RX,3,-0.042305821879535584,0.00021547847850091292,0.042305821879535584,0.0
random_bp,expectation_value,bcw_6q_random_bp,hea,RX_RY_RZ_CNOT,none,linear,cnot,global,6,8,8,same_entangling_gate_count,2,2,RY,1,43,layer_002_wire_002_RY,3,-0.033677016099061555,0.008492923884321928,0.05944519610040811,0.0
random_bp,expectation_value,bcw_6q_random_bp,hea,RX_RY_RZ_CNOT,none,linear,cnot,global,6,8,8,same_entangling_gate_count,2,2,RZ,2,44,layer_002_wire_002_RZ,3,-0.08394015833065209,0.002375498115347081,0.08394015833065209,0.0
random_bp,expectation_value,bcw_6q_random_bp,hea,RX_RY_RZ_CNOT,none,linear,cnot,global,6,8,8,same_entangling_gate_count,2,3,RX,0,45,layer_002_wire_003_RX,3,0.12179085859531771,0.020586610899824345,0.12179085859531773,0.0
random_bp,expectation_value,bcw_6q_random_bp,hea,RX_RY_RZ_CNOT,none,linear,cnot,global,6,8,8,same_entangling_gate_count,2,3,RY,1,46,layer_002_wire_003_RY,3,0.017000947747751426,0.003480921062541247,0.05004597613285595,0.0
random_bp,expectation_value,bcw_6q_random_bp,hea,RX_RY_RZ_CNOT,none,linear,cnot,global,6,8,8,same_entangling_gate_count,2,3,RZ,2,47,layer_002_wire_003_RZ,3,-0.04244408587991549,0.011678629847340081,0.08884589512605762,0.0
random_bp,expectation_value,bcw_6q_random_bp,hea,RX_RY_RZ_CNOT,none,linear,cnot,global,6,8,8,same_entangling_gate_count,2,4,RX,0,48,layer_002_wire_004_RX,3,-0.04863220512217506,0.0013870650050908043,0.048632205122175066,0.0
random_bp,expectation_value,bcw_6q_random_bp,hea,RX_RY_RZ_CNOT,none,linear,cnot,global,6,8,8,same_entangling_gate_count,2,4,RY,1,49,layer_002_wire_004_RY,3,0.06364747190265269,0.005796865100283969,0.07694193990736074,0.0
random_bp,expectation_value,bcw_6q_random_bp,hea,RX_RY_RZ_CNOT,none,linear,cnot,global,6,8,8,same_entangling_gate_count,2,4,RZ,2,50,layer_002_wire_004_RZ,3,-0.047819735553751276,0.006019811577129244,0.047819735553751276,0.0
random_bp,expectation_value,bcw_6q_random_bp,hea,RX_RY_RZ_CNOT,none,linear,cnot,global,6,8,8,same_entangling_gate_count,2,5,RX,0,51,layer_002_wire_005_RX,3,-0.07955473124534318,0.015892860896737117,0.08041286495592999,0.0
random_bp,expectation_value,bcw_6q_random_bp,hea,RX_RY_RZ_CNOT,none,linear,cnot,global,6,8,8,same_entangling_gate_count,2,5,RY,1,52,layer_002_wire_005_RY,3,-0.05046864824090814,0.005400295403638488,0.06159945851124441,0.0
random_bp,expectation_value,bcw_6q_random_bp,hea,RX_RY_RZ_CNOT,none,linear,cnot,global,6,8,8,same_entangling_gate_count,2,5,RZ,2,53,layer_002_wire_005_RZ,3,-0.10907712500020425,0.004131267495547998,0.10907712500020426,0.0
random_bp,expectation_value,bcw_6q_random_bp,hea,RX_RY_RZ_CNOT,none,linear,cnot,global,6,8,8,same_entangling_gate_count,3,0,RX,0,54,layer_003_wire_000_RX,3,0.02733566440758016,0.01278079929906702,0.07876144056261934,0.0
random_bp,expectation_value,bcw_6q_random_bp,hea,RX_RY_RZ_CNOT,none,linear,cnot,global,6,8,8,same_entangling_gate_count,3,0,RY,1,55,layer_003_wire_000_RY,3,-0.02216465965835293,0.015214108414460466,0.09473902827963086,0.0
random_bp,expectation_value,bcw_6q_random_bp,hea,RX_RY_RZ_CNOT,none,linear,cnot,global,6,8,8,same_entangling_gate_count,3,0,RZ,2,56,layer_003_wire_000_RZ,3,-0.015931133152427,0.026225487591124724,0.11529962746856032,0.0
random_bp,expectation_value,bcw_6q_random_bp,hea,RX_RY_RZ_CNOT,none,linear,cnot,global,6,8,8,same_entangling_gate_count,3,1,RX,0,57,layer_003_wire_001_RX,3,0.0388846720462931,0.0014975299451655069,0.0388846720462931,0.0
random_bp,expectation_value,bcw_6q_random_bp,hea,RX_RY_RZ_CNOT,none,linear,cnot,global,6,8,8,same_entangling_gate_count,3,1,RY,1,58,layer_003_wire_001_RY,3,-0.06740278854125963,0.004317688739625947,0.07223472367631674,0.0
random_bp,expectation_value,bcw_6q_random_bp,hea,RX_RY_RZ_CNOT,none,linear,cnot,global,6,8,8,same_entangling_gate_count,3,1,RZ,2,59,layer_003_wire_001_RZ,3,0.0011769327839942431,0.012755327754047783,0.07779699056573043,0.0
random_bp,expectation_value,bcw_6q_random_bp,hea,RX_RY_RZ_CNOT,none,linear,cnot,global,6,8,8,same_entangling_gate_count,3,2,RX,0,60,layer_003_wire_002_RX,3,0.060981808904036414,0.0008883920888267434,0.06098180890403641,0.0
random_bp,expectation_value,bcw_6q_random_bp,hea,RX_RY_RZ_CNOT,none,linear,cnot,global,6,8,8,same_entangling_gate_count,3,2,RY,1,61,layer_003_wire_002_RY,3,-0.10430377276380043,0.007848981602554027,0.10430377276380043,0.0
random_bp,expectation_value,bcw_6q_random_bp,hea,RX_RY_RZ_CNOT,none,linear,cnot,global,6,8,8,same_entangling_gate_count,3,2,RZ,2,62,layer_003_wire_002_RZ,3,-0.005078113035343164,0.009107075509114665,0.06534316044896019,0.0
random_bp,expectation_value,bcw_6q_random_bp,hea,RX_RY_RZ_CNOT,none,linear,cnot,global,6,8,8,same_entangling_gate_count,3,3,RX,0,63,layer_003_wire_003_RX,3,0.04730097005980792,0.0036584053642792574,0.05649700021701317,0.0
random_bp,expectation_value,bcw_6q_random_bp,hea,RX_RY_RZ_CNOT,none,linear,cnot,global,6,8,8,same_entangling_gate_count,3,3,RY,1,64,layer_003_wire_003_RY,3,0.10777451195916618,0.01257429022480632,0.11999715215592936,0.0
random_bp,expectation_value,bcw_6q_random_bp,hea,RX_RY_RZ_CNOT,none,linear,cnot,global,6,8,8,same_entangling_gate_count,3,3,RZ,2,65,layer_003_wire_003_RZ,3,0.008453135403448334,0.001207755039373626,0.024775964329785388,0.0
random_bp,expectation_value,bcw_6q_random_bp,hea,RX_RY_RZ_CNOT,none,linear,cnot,global,6,8,8,same_entangling_gate_count,3,4,RX,0,66,layer_003_wire_004_RX,3,0.0025525596053864678,0.0037219602379811485,0.04747151816755576,0.0
random_bp,expectation_value,bcw_6q_random_bp,hea,RX_RY_RZ_CNOT,none,linear,cnot,global,6,8,8,same_entangling_gate_count,3,4,RY,1,67,layer_003_wire_004_RY,3,0.08884026256848658,0.010438506031671424,0.10134579073925402,0.0
random_bp,expectation_value,bcw_6q_random_bp,hea,RX_RY_RZ_CNOT,none,linear,cnot,global,6,8,8,same_entangling_gate_count,3,4,RZ,2,68,layer_003_wire_004_RZ,3,0.03685963827103579,0.002377651414714322,0.0368596382710358,0.0
random_bp,expectation_value,bcw_6q_random_bp,hea,RX_RY_RZ_CNOT,none,linear,cnot,global,6,8,8,same_entangling_gate_count,3,5,RX,0,69,layer_003_wire_005_RX,3,-0.027060701939588806,0.008953644507327,0.07449776082448903,0.0
random_bp,expectation_value,bcw_6q_random_bp,hea,RX_RY_RZ_CNOT,none,linear,cnot,global,6,8,8,same_entangling_gate_count,3,5,RY,1,70,layer_003_wire_005_RY,3,-0.02170245866524899,0.006846159392444942,0.05900617337036721,0.0
random_bp,expectation_value,bcw_6q_random_bp,hea,RX_RY_RZ_CNOT,none,linear,cnot,global,6,8,8,same_entangling_gate_count,3,5,RZ,2,71,layer_003_wire_005_RZ,3,0.0684497847825412,6.704374774178986e-05,0.0684497847825412,0.0
random_bp,expectation_value,bcw_6q_random_bp,hea,RX_RY_RZ_CNOT,none,linear,cnot,global,6,8,8,same_entangling_gate_count,4,0,RX,0,72,layer_004_wire_000_RX,3,0.029861300272364687,0.007005763896520494,0.0645882730784897,0.0
random_bp,expectation_value,bcw_6q_random_bp,hea,RX_RY_RZ_CNOT,none,linear,cnot,global,6,8,8,same_entangling_gate_count,4,0,RY,1,73,layer_004_wire_000_RY,3,0.05945834021684146,0.009967428578294222,0.060822203708062954,0.0
random_bp,expectation_value,bcw_6q_random_bp,hea,RX_RY_RZ_CNOT,none,linear,cnot,global,6,8,8,same_entangling_gate_count,4,0,RZ,2,74,layer_004_wire_000_RZ,3,-0.025700086019804915,0.01164062352062482,0.07548318501319472,0.0
random_bp,expectation_value,bcw_6q_random_bp,hea,RX_RY_RZ_CNOT,none,linear,cnot,global,6,8,8,same_entangling_gate_count,4,1,RX,0,75,layer_004_wire_001_RX,3,0.008373318757425344,0.0005718025651795303,0.015592938977501997,0.0
random_bp,expectation_value,bcw_6q_random_bp,hea,RX_RY_RZ_CNOT,none,linear,cnot,global,6,8,8,same_entangling_gate_count,4,1,RY,1,76,layer_004_wire_001_RY,3,0.0760634154528669,0.014115921188261,0.09865585924085661,0.0
random_bp,expectation_value,bcw_6q_random_bp,hea,RX_RY_RZ_CNOT,none,linear,cnot,global,6,8,8,same_entangling_gate_count,4,1,RZ,2,77,layer_004_wire_001_RZ,3,-0.05250516017780839,0.0019559427703148297,0.052505160177808395,0.0
random_bp,expectation_value,bcw_6q_random_bp,hea,RX_RY_RZ_CNOT,none,linear,cnot,global,6,8,8,same_entangling_gate_count,4,2,RX,0,78,layer_004_wire_002_RX,3,-0.06931057407872974,0.02276631531943455,0.12350438708068683,0.0
random_bp,expectation_value,bcw_6q_random_bp,hea,RX_RY_RZ_CNOT,none,linear,cnot,global,6,8,8,same_entangling_gate_count,4,2,RY,1,79,layer_004_wire_002_RY,3,-0.056433532882198406,0.001674712139011841,0.05643353288219841,0.0
random_bp,expectation_value,bcw_6q_random_bp,hea,RX_RY_RZ_CNOT,none,linear,cnot,global,6,8,8,same_entangling_gate_count,4,2,RZ,2,80,layer_004_wire_002_RZ,3,-0.03974535897299919,0.044178573789351284,0.1485504212326485,0.0
random_bp,expectation_value,bcw_6q_random_bp,hea,RX_RY_RZ_CNOT,none,linear,cnot,global,6,8,8,same_entangling_gate_count,4,3,RX,0,81,layer_004_wire_003_RX,3,-0.07805163998581656,0.002407892122629202,0.07805163998581656,0.0
random_bp,expectation_value,bcw_6q_random_bp,hea,RX_RY_RZ_CNOT,none,linear,cnot,global,6,8,8,same_entangling_gate_count,4,3,RY,1,82,layer_004_wire_003_RY,3,-0.051580209580793436,0.013598123207487023,0.10129100529194385,0.0
random_bp,expectation_value,bcw_6q_random_bp,hea,RX_RY_RZ_CNOT,none,linear,cnot,global,6,8,8,same_entangling_gate_count,4,3,RZ,2,83,layer_004_wire_003_RZ,3,-0.0024839874204784854,0.004390847762567937,0.05011517564051678,0.0
random_bp,expectation_value,bcw_6q_random_bp,hea,RX_RY_RZ_CNOT,none,linear,cnot,global,6,8,8,same_entangling_gate_count,4,4,RX,0,84,layer_004_wire_004_RX,3,-0.024408645730346623,0.029917788053002256,0.11504777913851244,0.0
random_bp,expectation_value,bcw_6q_random_bp,hea,RX_RY_RZ_CNOT,none,linear,cnot,global,6,8,8,same_entangling_gate_count,4,4,RY,1,85,layer_004_wire_004_RY,3,-0.013898239024818626,0.0048397985129002485,0.05761136900345983,0.0
random_bp,expectation_value,bcw_6q_random_bp,hea,RX_RY_RZ_CNOT,none,linear,cnot,global,6,8,8,same_entangling_gate_count,4,4,RZ,2,86,layer_004_wire_004_RZ,3,0.043617087163756174,0.021881089696537473,0.09778605834404187,0.0
random_bp,expectation_value,bcw_6q_random_bp,hea,RX_RY_RZ_CNOT,none,linear,cnot,global,6,8,8,same_entangling_gate_count,4,5,RX,0,87,layer_004_wire_005_RX,3,0.02739076909325769,0.00412155310161545,0.04451435865190804,0.0
random_bp,expectation_value,bcw_6q_random_bp,hea,RX_RY_RZ_CNOT,none,linear,cnot,global,6,8,8,same_entangling_gate_count,4,5,RY,1,88,layer_004_wire_005_RY,3,0.07755864453390204,0.014778188351808521,0.11858037537655304,0.0
random_bp,expectation_value,bcw_6q_random_bp,hea,RX_RY_RZ_CNOT,none,linear,cnot,global,6,8,8,same_entangling_gate_count,4,5,RZ,2,89,layer_004_wire_005_RZ,3,-0.05014458740859513,0.0018399089097219366,0.05014458740859513,0.0
random_bp,expectation_value,bcw_6q_random_bp,hea,RX_RY_RZ_CNOT,none,linear,cnot,global,6,8,8,same_entangling_gate_count,5,0,RX,0,90,layer_005_wire_000_RX,3,-0.07607310888758151,0.0008207919951123104,0.07607310888758151,0.0
random_bp,expectation_value,bcw_6q_random_bp,hea,RX_RY_RZ_CNOT,none,linear,cnot,global,6,8,8,same_entangling_gate_count,5,0,RY,1,91,layer_005_wire_000_RY,3,-0.059251141337376564,0.002030700845610616,0.05925114133737657,0.0
random_bp,expectation_value,bcw_6q_random_bp,hea,RX_RY_RZ_CNOT,none,linear,cnot,global,6,8,8,same_entangling_gate_count,5,0,RZ,2,92,layer_005_wire_000_RZ,3,-0.09010622738686402,0.006987632106594887,0.09010622738686402,0.0
random_bp,expectation_value,bcw_6q_random_bp,hea,RX_RY_RZ_CNOT,none,linear,cnot,global,6,8,8,same_entangling_gate_count,5,1,RX,0,93,layer_005_wire_001_RX,3,0.006927645232405646,0.0031863508115081746,0.03780190951163264,0.0
random_bp,expectation_value,bcw_6q_random_bp,hea,RX_RY_RZ_CNOT,none,linear,cnot,global,6,8,8,same_entangling_gate_count,5,1,RY,1,94,layer_005_wire_001_RY,3,0.05869244269170501,0.0010270213569403132,0.05869244269170501,0.0
random_bp,expectation_value,bcw_6q_random_bp,hea,RX_RY_RZ_CNOT,none,linear,cnot,global,6,8,8,same_entangling_gate_count,5,1,RZ,2,95,layer_005_wire_001_RZ,3,0.001225443745390964,0.0027072258817174553,0.039279179822190376,0.0
random_bp,expectation_value,bcw_6q_random_bp,hea,RX_RY_RZ_CNOT,none,linear,cnot,global,6,8,8,same_entangling_gate_count,5,2,RX,0,96,layer_005_wire_002_RX,3,0.05169352768665205,0.00033258541961876317,0.05169352768665205,0.0
random_bp,expectation_value,bcw_6q_random_bp,hea,RX_RY_RZ_CNOT,none,linear,cnot,global,6,8,8,same_entangling_gate_count,5,2,RY,1,97,layer_005_wire_002_RY,3,0.06472021049992531,0.0008234759090415421,0.06472021049992531,0.0
random_bp,expectation_value,bcw_6q_random_bp,hea,RX_RY_RZ_CNOT,none,linear,cnot,global,6,8,8,same_entangling_gate_count,5,2,RZ,2,98,layer_005_wire_002_RZ,3,-0.008976854074391664,0.0015337188282204942,0.032902103275350515,0.0
random_bp,expectation_value,bcw_6q_random_bp,hea,RX_RY_RZ_CNOT,none,linear,cnot,global,6,8,8,same_entangling_gate_count,5,3,RX,0,99,layer_005_wire_003_RX,3,0.09730037458134737,0.0021755012146455915,0.09730037458134737,0.0
random_bp,expectation_value,bcw_6q_random_bp,hea,RX_RY_RZ_CNOT,none,linear,cnot,global,6,8,8,same_entangling_gate_count,5,3,RY,1,100,layer_005_wire_003_RY,3,0.001826272756043551,0.01629829348197841,0.09749929126073813,0.0
random_bp,expectation_value,bcw_6q_random_bp,hea,RX_RY_RZ_CNOT,none,linear,cnot,global,6,8,8,same_entangling_gate_count,5,3,RZ,2,101,layer_005_wire_003_RZ,3,-0.03399013232128086,0.012665132944613158,0.09224375145718818,0.0
random_bp,expectation_value,bcw_6q_random_bp,hea,RX_RY_RZ_CNOT,none,linear,cnot,global,6,8,8,same_entangling_gate_count,5,4,RX,0,102,layer_005_wire_004_RX,3,0.08665212199207038,0.0022882156140367023,0.0866521219920704,0.0
random_bp,expectation_value,bcw_6q_random_bp,hea,RX_RY_RZ_CNOT,none,linear,cnot,global,6,8,8,same_entangling_gate_count,5,4,RY,1,103,layer_005_wire_004_RY,3,-0.06385895664724424,0.0019412538935771326,0.06385895664724424,0.0
random_bp,expectation_value,bcw_6q_random_bp,hea,RX_RY_RZ_CNOT,none,linear,cnot,global,6,8,8,same_entangling_gate_count,5,4,RZ,2,104,layer_005_wire_004_RZ,3,0.06567006380017573,0.008042401245648517,0.08719217676039653,0.0
random_bp,expectation_value,bcw_6q_random_bp,hea,RX_RY_RZ_CNOT,none,linear,cnot,global,6,8,8,same_entangling_gate_count,5,5,RX,0,105,layer_005_wire_005_RX,3,-0.019887974979291817,0.019348299408923283,0.10570126753339783,0.0
random_bp,expectation_value,bcw_6q_random_bp,hea,RX_RY_RZ_CNOT,none,linear,cnot,global,6,8,8,same_entangling_gate_count,5,5,RY,1,106,layer_005_wire_005_RY,3,-0.00885351255982264,0.00910637286412513,0.066956278388845,0.0
random_bp,expectation_value,bcw_6q_random_bp,hea,RX_RY_RZ_CNOT,none,linear,cnot,global,6,8,8,same_entangling_gate_count,5,5,RZ,2,107,layer_005_wire_005_RZ,3,0.03349514817672823,0.0028883431322963677,0.03503206792497368,0.0
random_bp,expectation_value,bcw_6q_random_bp,hea,RX_RY_RZ_CNOT,none,linear,cnot,global,6,8,8,same_entangling_gate_count,6,0,RX,0,108,layer_006_wire_000_RX,3,0.009685943768420968,9.24178589244032e-05,0.009685943768420968,0.0
random_bp,expectation_value,bcw_6q_random_bp,hea,RX_RY_RZ_CNOT,none,linear,cnot,global,6,8,8,same_entangling_gate_count,6,0,RY,1,109,layer_006_wire_000_RY,3,-0.05092880429531816,0.0016310716713650053,0.05092880429531815,0.0
random_bp,expectation_value,bcw_6q_random_bp,hea,RX_RY_RZ_CNOT,none,linear,cnot,global,6,8,8,same_entangling_gate_count,6,0,RZ,2,110,layer_006_wire_000_RZ,3,-2.964278450239852e-17,1.5101085482689955e-33,3.41970430251564e-17,1.0
random_bp,expectation_value,bcw_6q_random_bp,hea,RX_RY_RZ_CNOT,none,linear,cnot,global,6,8,8,same_entangling_gate_count,6,1,RX,0,111,layer_006_wire_001_RX,3,0.02042169051312306,0.018117163732809666,0.09518582913916024,0.0
random_bp,expectation_value,bcw_6q_random_bp,hea,RX_RY_RZ_CNOT,none,linear,cnot,global,6,8,8,same_entangling_gate_count,6,1,RY,1,112,layer_006_wire_001_RY,3,-0.02424542875573185,0.0021424545369030257,0.027519017325079193,0.0
random_bp,expectation_value,bcw_6q_random_bp,hea,RX_RY_RZ_CNOT,none,linear,cnot,global,6,8,8,same_entangling_gate_count,6,1,RZ,2,113,layer_006_wire_001_RZ,3,-0.05788096238655006,0.012029652188832446,0.09761720893302366,0.0
random_bp,expectation_value,bcw_6q_random_bp,hea,RX_RY_RZ_CNOT,none,linear,cnot,global,6,8,8,same_entangling_gate_count,6,2,RX,0,114,layer_006_wire_002_RX,3,-0.025570461700243935,0.032315630708787874,0.12964757526481685,0.0
random_bp,expectation_value,bcw_6q_random_bp,hea,RX_RY_RZ_CNOT,none,linear,cnot,global,6,8,8,same_entangling_gate_count,6,2,RY,1,115,layer_006_wire_002_RY,3,0.00928813644591514,0.03351891073343222,0.13943468132557715,0.0
random_bp,expectation_value,bcw_6q_random_bp,hea,RX_RY_RZ_CNOT,none,linear,cnot,global,6,8,8,same_entangling_gate_count,6,2,RZ,2,116,layer_006_wire_002_RZ,3,0.017160511384258323,0.0029294408147416294,0.035936846547289604,0.0
random_bp,expectation_value,bcw_6q_random_bp,hea,RX_RY_RZ_CNOT,none,linear,cnot,global,6,8,8,same_entangling_gate_count,6,3,RX,0,117,layer_006_wire_003_RX,3,0.06662966715127436,0.015543281862688258,0.0831856326101232,0.0
random_bp,expectation_value,bcw_6q_random_bp,hea,RX_RY_RZ_CNOT,none,linear,cnot,global,6,8,8,same_entangling_gate_count,6,3,RY,1,118,layer_006_wire_003_RY,3,0.005264521598663441,0.00531604667649599,0.05663901324758253,0.0
random_bp,expectation_value,bcw_6q_random_bp,hea,RX_RY_RZ_CNOT,none,linear,cnot,global,6,8,8,same_entangling_gate_count,6,3,RZ,2,119,layer_006_wire_003_RZ,3,-0.05707301318115371,0.02572399654817899,0.10372420423616663,0.0
random_bp,expectation_value,bcw_6q_random_bp,hea,RX_RY_RZ_CNOT,none,linear,cnot,global,6,8,8,same_entangling_gate_count,6,4,RX,0,120,layer_006_wire_004_RX,3,0.030459223419704175,0.0056145189483772385,0.06704663679709318,0.0
random_bp,expectation_value,bcw_6q_random_bp,hea,RX_RY_RZ_CNOT,none,linear,cnot,global,6,8,8,same_entangling_gate_count,6,4,RY,1,121,layer_006_wire_004_RY,3,0.012122495649471522,0.0015039115921412578,0.026418873408233217,0.0
random_bp,expectation_value,bcw_6q_random_bp,hea,RX_RY_RZ_CNOT,none,linear,cnot,global,6,8,8,same_entangling_gate_count,6,4,RZ,2,122,layer_006_wire_004_RZ,3,0.1099148544204347,0.00654490198342428,0.1099148544204347,0.0
random_bp,expectation_value,bcw_6q_random_bp,hea,RX_RY_RZ_CNOT,none,linear,cnot,global,6,8,8,same_entangling_gate_count,6,5,RX,0,123,layer_006_wire_005_RX,3,0.019351225945002458,0.00992938880875311,0.07555184600150548,0.0
random_bp,expectation_value,bcw_6q_random_bp,hea,RX_RY_RZ_CNOT,none,linear,cnot,global,6,8,8,same_entangling_gate_count,6,5,RY,1,124,layer_006_wire_005_RY,3,-0.11281105055989887,0.008433431680674964,0.11281105055989887,0.0
random_bp,expectation_value,bcw_6q_random_bp,hea,RX_RY_RZ_CNOT,none,linear,cnot,global,6,8,8,same_entangling_gate_count,6,5,RZ,2,125,layer_006_wire_005_RZ,3,0.03492189659989283,0.007519489686297412,0.07510717423581807,0.0
random_bp,expectation_value,bcw_6q_random_bp,hea,RX_RY_RZ_CNOT,none,linear,cnot,global,6,8,8,same_entangling_gate_count,7,0,RX,0,126,layer_007_wire_000_RX,3,-3.122502256758253e-17,2.527783052008247e-34,3.122502256758253e-17,1.0
random_bp,expectation_value,bcw_6q_random_bp,hea,RX_RY_RZ_CNOT,none,linear,cnot,global,6,8,8,same_entangling_gate_count,7,0,RY,1,127,layer_007_wire_000_RY,3,2.920117851227625e-17,2.7808121293372473e-33,4.7704895589362195e-17,1.0
random_bp,expectation_value,bcw_6q_random_bp,hea,RX_RY_RZ_CNOT,none,linear,cnot,global,6,8,8,same_entangling_gate_count,7,0,RZ,2,128,layer_007_wire_000_RZ,3,-5.0450778950366855e-17,1.0400009872530825e-33,5.045077895036685e-17,1.0
random_bp,expectation_value,bcw_6q_random_bp,hea,RX_RY_RZ_CNOT,none,linear,cnot,global,6,8,8,same_entangling_gate_count,7,1,RX,0,129,layer_007_wire_001_RX,3,0.017127594580349546,9.938202889009585e-05,0.017127594580349546,0.0
random_bp,expectation_value,bcw_6q_random_bp,hea,RX_RY_RZ_CNOT,none,linear,cnot,global,6,8,8,same_entangling_gate_count,7,1,RY,1,130,layer_007_wire_001_RY,3,0.024973087307554008,0.0014314951238293457,0.03744719248157987,0.0
random_bp,expectation_value,bcw_6q_random_bp,hea,RX_RY_RZ_CNOT,none,linear,cnot,global,6,8,8,same_entangling_gate_count,7,1,RZ,2,131,layer_007_wire_001_RZ,3,-4.6874192449643754e-18,1.9198871985553408e-34,1.1572702691528616e-17,1.0
random_bp,expectation_value,bcw_6q_random_bp,hea,RX_RY_RZ_CNOT,none,linear,cnot,global,6,8,8,same_entangling_gate_count,7,2,RX,0,132,layer_007_wire_002_RX,3,2.47198095326695e-17,5.535167799151987e-34,2.47198095326695e-17,1.0
random_bp,expectation_value,bcw_6q_random_bp,hea,RX_RY_RZ_CNOT,none,linear,cnot,global,6,8,8,same_entangling_gate_count,7,2,RY,1,133,layer_007_wire_002_RY,3,-1.1853943752508181e-17,2.229364219479496e-34,1.1853943752508181e-17,1.0
random_bp,expectation_value,bcw_6q_random_bp,hea,RX_RY_RZ_CNOT,none,linear,cnot,global,6,8,8,same_entangling_gate_count,7,2,RZ,2,134,layer_007_wire_002_RZ,3,6.23490789991253e-18,2.054447436507843e-33,3.4283418589243823e-17,1.0
random_bp,expectation_value,bcw_6q_random_bp,hea,RX_RY_RZ_CNOT,none,linear,cnot,global,6,8,8,same_entangling_gate_count,7,3,RX,0,135,layer_007_wire_003_RX,3,-0.007617072670155529,0.0016689781190326273,0.027445854936954603,0.0
random_bp,expectation_value,bcw_6q_random_bp,hea,RX_RY_RZ_CNOT,none,linear,cnot,global,6,8,8,same_entangling_gate_count,7,3,RY,1,136,layer_007_wire_003_RY,3,0.09789194877573255,0.03507211630937821,0.14295851036771648,0.0
random_bp,expectation_value,bcw_6q_random_bp,hea,RX_RY_RZ_CNOT,none,linear,cnot,global,6,8,8,same_entangling_gate_count,7,3,RZ,2,137,layer_007_wire_003_RZ,3,-1.5753157044730156e-17,2.9639138161577995e-34,1.8204710173884152e-17,1.0
random_bp,expectation_value,bcw_6q_random_bp,hea,RX_RY_RZ_CNOT,none,linear,cnot,global,6,8,8,same_entangling_gate_count,7,4,RX,0,138,layer_007_wire_004_RX,3,5.204170427930421e-18,3.0995435042482077e-34,1.4456028966473393e-17,1.0
random_bp,expectation_value,bcw_6q_random_bp,hea,RX_RY_RZ_CNOT,none,linear,cnot,global,6,8,8,same_entangling_gate_count,7,4,RY,1,139,layer_007_wire_004_RY,3,2.4475864043860263e-17,2.911603998070802e-34,2.4475864043860263e-17,1.0
random_bp,expectation_value,bcw_6q_random_bp,hea,RX_RY_RZ_CNOT,none,linear,cnot,global,6,8,8,same_entangling_gate_count,7,4,RZ,2,140,layer_007_wire_004_RZ,3,-5.901823239642564e-18,2.8447846417450566e-34,1.100676550015842e-17,1.0
random_bp,expectation_value,bcw_6q_random_bp,hea,RX_RY_RZ_CNOT,none,linear,cnot,global,6,8,8,same_entangling_gate_count,7,5,RX,0,141,layer_007_wire_005_RX,3,0.041371029175602064,0.02675825903725892,0.11099219426813196,0.0
random_bp,expectation_value,bcw_6q_random_bp,hea,RX_RY_RZ_CNOT,none,linear,cnot,global,6,8,8,same_entangling_gate_count,7,5,RY,1,142,layer_007_wire_005_RY,3,-0.014867512273653223,0.002520709104670772,0.03287821862686172,0.0
random_bp,expectation_value,bcw_6q_random_bp,hea,RX_RY_RZ_CNOT,none,linear,cnot,global,6,8,8,same_entangling_gate_count,7,5,RZ,2,143,layer_007_wire_005_RZ,3,-6.58818125019243e-18,2.4176235945292573e-34,1.2268284425376774e-17,1.0
random_bp,expectation_value,bcw_6q_random_bp,hea,RX_RY_RZ_CNOT,none,circular,cnot,global,6,8,7,same_entangling_gate_count,0,0,RX,0,0,layer_000_wire_000_RX,3,-0.008784569868178419,0.004823450193372515,0.05147241150382209,0.0
random_bp,expectation_value,bcw_6q_random_bp,hea,RX_RY_RZ_CNOT,none,circular,cnot,global,6,8,7,same_entangling_gate_count,0,0,RY,1,1,layer_000_wire_000_RY,3,0.03232273151924276,0.004695291666165528,0.043327623811099995,0.0
random_bp,expectation_value,bcw_6q_random_bp,hea,RX_RY_RZ_CNOT,none,circular,cnot,global,6,8,7,same_entangling_gate_count,0,0,RZ,2,2,layer_000_wire_000_RZ,3,-0.043492590395827375,0.0007974636205114481,0.043492590395827375,0.0
random_bp,expectation_value,bcw_6q_random_bp,hea,RX_RY_RZ_CNOT,none,circular,cnot,global,6,8,7,same_entangling_gate_count,0,1,RX,0,3,layer_000_wire_001_RX,3,-0.05576729430903867,0.001644433325877594,0.05576729430903867,0.0
random_bp,expectation_value,bcw_6q_random_bp,hea,RX_RY_RZ_CNOT,none,circular,cnot,global,6,8,7,same_entangling_gate_count,0,1,RY,1,4,layer_000_wire_001_RY,3,-0.04360273237613879,0.021503039859363877,0.12408457283081242,0.0
random_bp,expectation_value,bcw_6q_random_bp,hea,RX_RY_RZ_CNOT,none,circular,cnot,global,6,8,7,same_entangling_gate_count,0,1,RZ,2,5,layer_000_wire_001_RZ,3,0.018622903609835845,0.0036541452793830303,0.039822537660342,0.0
random_bp,expectation_value,bcw_6q_random_bp,hea,RX_RY_RZ_CNOT,none,circular,cnot,global,6,8,7,same_entangling_gate_count,0,2,RX,0,6,layer_000_wire_002_RX,3,-0.016837749996944044,0.002709970993628399,0.039717534829539096,0.0
random_bp,expectation_value,bcw_6q_random_bp,hea,RX_RY_RZ_CNOT,none,circular,cnot,global,6,8,7,same_entangling_gate_count,0,2,RY,1,7,layer_000_wire_002_RY,3,0.020593135323462883,0.0007004780725154605,0.020593135323462883,0.0
random_bp,expectation_value,bcw_6q_random_bp,hea,RX_RY_RZ_CNOT,none,circular,cnot,global,6,8,7,same_entangling_gate_count,0,2,RZ,2,8,layer_000_wire_002_RZ,3,-0.009154062114581103,0.0010503413463877715,0.022593927373428992,0.0
random_bp,expectation_value,bcw_6q_random_bp,hea,RX_RY_RZ_CNOT,none,circular,cnot,global,6,8,7,same_entangling_gate_count,0,3,RX,0,9,layer_000_wire_003_RX,3,-0.01586182549380271,0.008937693564596758,0.06388894074546804,0.0
random_bp,expectation_value,bcw_6q_random_bp,hea,RX_RY_RZ_CNOT,none,circular,cnot,global,6,8,7,same_entangling_gate_count,0,3,RY,1,10,layer_000_wire_003_RY,3,-0.03690141825418392,0.005561075276023871,0.06352354256847784,0.0
random_bp,expectation_value,bcw_6q_random_bp,hea,RX_RY_RZ_CNOT,none,circular,cnot,global,6,8,7,same_entangling_gate_count,0,3,RZ,2,11,layer_000_wire_003_RZ,3,0.0054883294822044085,0.008259150685965631,0.06235417965389876,0.0
random_bp,expectation_value,bcw_6q_random_bp,hea,RX_RY_RZ_CNOT,none,circular,cnot,global,6,8,7,same_entangling_gate_count,0,4,RX,0,12,layer_000_wire_004_RX,3,-0.020315292640079294,0.005751690318760425,0.06152344922530725,0.0
random_bp,expectation_value,bcw_6q_random_bp,hea,RX_RY_RZ_CNOT,none,circular,cnot,global,6,8,7,same_entangling_gate_count,0,4,RY,1,13,layer_000_wire_004_RY,3,0.014660163008883467,0.019522433706144912,0.11239365243061838,0.0
random_bp,expectation_value,bcw_6q_random_bp,hea,RX_RY_RZ_CNOT,none,circular,cnot,global,6,8,7,same_entangling_gate_count,0,4,RZ,2,14,layer_000_wire_004_RZ,3,0.10572875882833152,0.0009348047057740236,0.1057287588283315,0.0
random_bp,expectation_value,bcw_6q_random_bp,hea,RX_RY_RZ_CNOT,none,circular,cnot,global,6,8,7,same_entangling_gate_count,0,5,RX,0,15,layer_000_wire_005_RX,3,0.0044171049167020734,0.0097485100228843,0.06583177072359976,0.0
random_bp,expectation_value,bcw_6q_random_bp,hea,RX_RY_RZ_CNOT,none,circular,cnot,global,6,8,7,same_entangling_gate_count,0,5,RY,1,16,layer_000_wire_005_RY,3,0.029039410541137737,0.005508072090182035,0.056642951489955295,0.0
random_bp,expectation_value,bcw_6q_random_bp,hea,RX_RY_RZ_CNOT,none,circular,cnot,global,6,8,7,same_entangling_gate_count,0,5,RZ,2,17,layer_000_wire_005_RZ,3,0.03304780156726187,0.007205322454772244,0.06323883213168462,0.0
random_bp,expectation_value,bcw_6q_random_bp,hea,RX_RY_RZ_CNOT,none,circular,cnot,global,6,8,7,same_entangling_gate_count,1,0,RX,0,18,layer_001_wire_000_RX,3,0.04141034221906667,0.012033485132309115,0.08253439043690405,0.0
random_bp,expectation_value,bcw_6q_random_bp,hea,RX_RY_RZ_CNOT,none,circular,cnot,global,6,8,7,same_entangling_gate_count,1,0,RY,1,19,layer_001_wire_000_RY,3,0.054114516332709,0.006815138035018914,0.08138750381387486,0.0
random_bp,expectation_value,bcw_6q_random_bp,hea,RX_RY_RZ_CNOT,none,circular,cnot,global,6,8,7,same_entangling_gate_count,1,0,RZ,2,20,layer_001_wire_000_RZ,3,0.037859398826353,0.011499000423119476,0.06979553715023422,0.0
random_bp,expectation_value,bcw_6q_random_bp,hea,RX_RY_RZ_CNOT,none,circular,cnot,global,6,8,7,same_entangling_gate_count,1,1,RX,0,21,layer_001_wire_001_RX,3,0.08775125424631196,0.00011045812800334103,0.08775125424631196,0.0
random_bp,expectation_value,bcw_6q_random_bp,hea,RX_RY_RZ_CNOT,none,circular,cnot,global,6,8,7,same_entangling_gate_count,1,1,RY,1,22,layer_001_wire_001_RY,3,-0.024835639172746157,0.00048133153667127794,0.024835639172746157,0.0
random_bp,expectation_value,bcw_6q_random_bp,hea,RX_RY_RZ_CNOT,none,circular,cnot,global,6,8,7,same_entangling_gate_count,1,1,RZ,2,23,layer_001_wire_001_RZ,3,-0.03105162043058463,0.006323549191085854,0.06406691036786465,0.0
random_bp,expectation_value,bcw_6q_random_bp,hea,RX_RY_RZ_CNOT,none,circular,cnot,global,6,8,7,same_entangling_gate_count,1,2,RX,0,24,layer_001_wire_002_RX,3,0.03844936280844215,0.001694529354397695,0.04397258243633325,0.0
random_bp,expectation_value,bcw_6q_random_bp,hea,RX_RY_RZ_CNOT,none,circular,cnot,global,6,8,7,same_entangling_gate_count,1,2,RY,1,25,layer_001_wire_002_RY,3,-0.07616402912124619,0.0004270465045515842,0.07616402912124619,0.0
random_bp,expectation_value,bcw_6q_random_bp,hea,RX_RY_RZ_CNOT,none,circular,cnot,global,6,8,7,same_entangling_gate_count,1,2,RZ,2,26,layer_001_wire_002_RZ,3,-0.06598522891377719,0.0003193872305129084,0.06598522891377719,0.0
random_bp,expectation_value,bcw_6q_random_bp,hea,RX_RY_RZ_CNOT,none,circular,cnot,global,6,8,7,same_entangling_gate_count,1,3,RX,0,27,layer_001_wire_003_RX,3,-0.01593703252935748,0.014737947122908305,0.09150085634362885,0.0
random_bp,expectation_value,bcw_6q_random_bp,hea,RX_RY_RZ_CNOT,none,circular,cnot,global,6,8,7,same_entangling_gate_count,1,3,RY,1,28,layer_001_wire_003_RY,3,0.01708958020261156,0.0017542774091857962,0.0276125808390781,0.0
random_bp,expectation_value,bcw_6q_random_bp,hea,RX_RY_RZ_CNOT,none,circular,cnot,global,6,8,7,same_entangling_gate_count,1,3,RZ,2,29,layer_001_wire_003_RZ,3,0.053543636171047536,0.014088836051316339,0.10913760527561077,0.0
random_bp,expectation_value,bcw_6q_random_bp,hea,RX_RY_RZ_CNOT,none,circular,cnot,global,6,8,7,same_entangling_gate_count,1,4,RX,0,30,layer_001_wire_004_RX,3,-0.005791632610430517,0.009285867175217483,0.07218032146886848,0.0
random_bp,expectation_value,bcw_6q_random_bp,hea,RX_RY_RZ_CNOT,none,circular,cnot,global,6,8,7,same_entangling_gate_count,1,4,RY,1,31,layer_001_wire_004_RY,3,-0.02736578759527229,8.546279538185184e-05,0.02736578759527229,0.0
random_bp,expectation_value,bcw_6q_random_bp,hea,RX_RY_RZ_CNOT,none,circular,cnot,global,6,8,7,same_entangling_gate_count,1,4,RZ,2,32,layer_001_wire_004_RZ,3,0.07244829864511554,0.0044100093244474935,0.07244829864511554,0.0
random_bp,expectation_value,bcw_6q_random_bp,hea,RX_RY_RZ_CNOT,none,circular,cnot,global,6,8,7,same_entangling_gate_count,1,5,RX,0,33,layer_001_wire_005_RX,3,-0.09334664638783093,0.0018362059353667563,0.09334664638783093,0.0
random_bp,expectation_value,bcw_6q_random_bp,hea,RX_RY_RZ_CNOT,none,circular,cnot,global,6,8,7,same_entangling_gate_count,1,5,RY,1,34,layer_001_wire_005_RY,3,-0.07309503124447757,0.0010905003473840305,0.07309503124447757,0.0
random_bp,expectation_value,bcw_6q_random_bp,hea,RX_RY_RZ_CNOT,none,circular,cnot,global,6,8,7,same_entangling_gate_count,1,5,RZ,2,35,layer_001_wire_005_RZ,3,0.11199602955714379,0.0029742000355617863,0.11199602955714379,0.0
random_bp,expectation_value,bcw_6q_random_bp,hea,RX_RY_RZ_CNOT,none,circular,cnot,global,6,8,7,same_entangling_gate_count,2,0,RX,0,36,layer_002_wire_000_RX,3,-0.07690574758297747,0.0037595202384193994,0.07690574758297748,0.0
random_bp,expectation_value,bcw_6q_random_bp,hea,RX_RY_RZ_CNOT,none,circular,cnot,global,6,8,7,same_entangling_gate_count,2,0,RY,1,37,layer_002_wire_000_RY,3,0.04758062475964666,0.0011174992368457699,0.04758062475964666,0.0
random_bp,expectation_value,bcw_6q_random_bp,hea,RX_RY_RZ_CNOT,none,circular,cnot,global,6,8,7,same_entangling_gate_count,2,0,RZ,2,38,layer_002_wire_000_RZ,3,0.12187638975609442,0.00018075371377720414,0.12187638975609442,0.0
random_bp,expectation_value,bcw_6q_random_bp,hea,RX_RY_RZ_CNOT,none,circular,cnot,global,6,8,7,same_entangling_gate_count,2,1,RX,0,39,layer_002_wire_001_RX,3,-0.06427454150669393,0.013640681724342872,0.1030865406976062,0.0
random_bp,expectation_value,bcw_6q_random_bp,hea,RX_RY_RZ_CNOT,none,circular,cnot,global,6,8,7,same_entangling_gate_count,2,1,RY,1,40,layer_002_wire_001_RY,3,0.07007701096655877,0.010704473044567476,0.10299618164599554,0.0
random_bp,expectation_value,bcw_6q_random_bp,hea,RX_RY_RZ_CNOT,none,circular,cnot,global,6,8,7,same_entangling_gate_count,2,1,RZ,2,41,layer_002_wire_001_RZ,3,0.051059633825665036,0.013886025501188604,0.09843876770470535,0.0
random_bp,expectation_value,bcw_6q_random_bp,hea,RX_RY_RZ_CNOT,none,circular,cnot,global,6,8,7,same_entangling_gate_count,2,2,RX,0,42,layer_002_wire_002_RX,3,0.009209660481090398,0.021676864303828827,0.11026497451963106,0.0
random_bp,expectation_value,bcw_6q_random_bp,hea,RX_RY_RZ_CNOT,none,circular,cnot,global,6,8,7,same_entangling_gate_count,2,2,RY,1,43,layer_002_wire_002_RY,3,0.025868771054011336,0.013907347912145698,0.08242337612497665,0.0
random_bp,expectation_value,bcw_6q_random_bp,hea,RX_RY_RZ_CNOT,none,circular,cnot,global,6,8,7,same_entangling_gate_count,2,2,RZ,2,44,layer_002_wire_002_RZ,3,0.049091373430815086,0.018118161721126406,0.10218026160702866,0.0
random_bp,expectation_value,bcw_6q_random_bp,hea,RX_RY_RZ_CNOT,none,circular,cnot,global,6,8,7,same_entangling_gate_count,2,3,RX,0,45,layer_002_wire_003_RX,3,0.0031357502370675137,0.0094948947391635,0.06647116454419248,0.0
random_bp,expectation_value,bcw_6q_random_bp,hea,RX_RY_RZ_CNOT,none,circular,cnot,global,6,8,7,same_entangling_gate_count,2,3,RY,1,46,layer_002_wire_003_RY,3,0.0504840270301785,0.0004945928665231217,0.05048402703017849,0.0
random_bp,expectation_value,bcw_6q_random_bp,hea,RX_RY_RZ_CNOT,none,circular,cnot,global,6,8,7,same_entangling_gate_count,2,3,RZ,2,47,layer_002_wire_003_RZ,3,0.08975809510860315,0.00043925924939715663,0.08975809510860315,0.0
random_bp,expectation_value,bcw_6q_random_bp,hea,RX_RY_RZ_CNOT,none,circular,cnot,global,6,8,7,same_entangling_gate_count,2,4,RX,0,48,layer_002_wire_004_RX,3,0.0728624587305132,0.014561386747924947,0.08690119656682997,0.0
random_bp,expectation_value,bcw_6q_random_bp,hea,RX_RY_RZ_CNOT,none,circular,cnot,global,6,8,7,same_entangling_gate_count,2,4,RY,1,49,layer_002_wire_004_RY,3,-0.03586724012667952,0.007125259933133459,0.06936826295455223,0.0
random_bp,expectation_value,bcw_6q_random_bp,hea,RX_RY_RZ_CNOT,none,circular,cnot,global,6,8,7,same_entangling_gate_count,2,4,RZ,2,50,layer_002_wire_004_RZ,3,-0.08611573600926878,0.004702176390810296,0.08611573600926876,0.0
random_bp,expectation_value,bcw_6q_random_bp,hea,RX_RY_RZ_CNOT,none,circular,cnot,global,6,8,7,same_entangling_gate_count,2,5,RX,0,51,layer_002_wire_005_RX,3,-0.059006598190054216,0.0010450572387183128,0.059006598190054216,0.0
random_bp,expectation_value,bcw_6q_random_bp,hea,RX_RY_RZ_CNOT,none,circular,cnot,global,6,8,7,same_entangling_gate_count,2,5,RY,1,52,layer_002_wire_005_RY,3,-0.03542116076803229,0.0013701743242949867,0.03542116076803229,0.0
random_bp,expectation_value,bcw_6q_random_bp,hea,RX_RY_RZ_CNOT,none,circular,cnot,global,6,8,7,same_entangling_gate_count,2,5,RZ,2,53,layer_002_wire_005_RZ,3,-0.05124240350629827,0.008452873656994639,0.08579300391441054,0.0
random_bp,expectation_value,bcw_6q_random_bp,hea,RX_RY_RZ_CNOT,none,circular,cnot,global,6,8,7,same_entangling_gate_count,3,0,RX,0,54,layer_003_wire_000_RX,3,0.022112381549213005,0.0031856934783606856,0.044045686114458006,0.0
random_bp,expectation_value,bcw_6q_random_bp,hea,RX_RY_RZ_CNOT,none,circular,cnot,global,6,8,7,same_entangling_gate_count,3,0,RY,1,55,layer_003_wire_000_RY,3,0.09276687023068345,0.00972032393214303,0.10519049033161605,0.0
random_bp,expectation_value,bcw_6q_random_bp,hea,RX_RY_RZ_CNOT,none,circular,cnot,global,6,8,7,same_entangling_gate_count,3,0,RZ,2,56,layer_003_wire_000_RZ,3,0.036934167224650656,0.0012864768888315326,0.036934167224650656,0.0
random_bp,expectation_value,bcw_6q_random_bp,hea,RX_RY_RZ_CNOT,none,circular,cnot,global,6,8,7,same_entangling_gate_count,3,1,RX,0,57,layer_003_wire_001_RX,3,-0.026985552909839852,0.002121516000006225,0.042473150456055965,0.0
random_bp,expectation_value,bcw_6q_random_bp,hea,RX_RY_RZ_CNOT,none,circular,cnot,global,6,8,7,same_entangling_gate_count,3,1,RY,1,58,layer_003_wire_001_RY,3,0.012072545953087915,0.005141770011580431,0.05886925001387882,0.0
random_bp,expectation_value,bcw_6q_random_bp,hea,RX_RY_RZ_CNOT,none,circular,cnot,global,6,8,7,same_entangling_gate_count,3,1,RZ,2,59,layer_003_wire_001_RZ,3,-0.09474275815837833,0.003255649316882335,0.09474275815837833,0.0
random_bp,expectation_value,bcw_6q_random_bp,hea,RX_RY_RZ_CNOT,none,circular,cnot,global,6,8,7,same_entangling_gate_count,3,2,RX,0,60,layer_003_wire_002_RX,3,-0.03898855999366082,0.0040525607576190545,0.05446373830843104,0.0
random_bp,expectation_value,bcw_6q_random_bp,hea,RX_RY_RZ_CNOT,none,circular,cnot,global,6,8,7,same_entangling_gate_count,3,2,RY,1,61,layer_003_wire_002_RY,3,-0.041026433962545204,0.000838418285644151,0.041026433962545204,0.0
random_bp,expectation_value,bcw_6q_random_bp,hea,RX_RY_RZ_CNOT,none,circular,cnot,global,6,8,7,same_entangling_gate_count,3,2,RZ,2,62,layer_003_wire_002_RZ,3,-0.06359286629336916,0.001258500899305058,0.06359286629336916,0.0
random_bp,expectation_value,bcw_6q_random_bp,hea,RX_RY_RZ_CNOT,none,circular,cnot,global,6,8,7,same_entangling_gate_count,3,3,RX,0,63,layer_003_wire_003_RX,3,0.025564288489222396,0.005197509701074803,0.06347705938800847,0.0
random_bp,expectation_value,bcw_6q_random_bp,hea,RX_RY_RZ_CNOT,none,circular,cnot,global,6,8,7,same_entangling_gate_count,3,3,RY,1,64,layer_003_wire_003_RY,3,-0.07162321622247801,0.00038588196611200775,0.07162321622247801,0.0
random_bp,expectation_value,bcw_6q_random_bp,hea,RX_RY_RZ_CNOT,none,circular,cnot,global,6,8,7,same_entangling_gate_count,3,3,RZ,2,65,layer_003_wire_003_RZ,3,-0.11499846134003322,0.004803185063297724,0.11499846134003322,0.0
random_bp,expectation_value,bcw_6q_random_bp,hea,RX_RY_RZ_CNOT,none,circular,cnot,global,6,8,7,same_entangling_gate_count,3,4,RX,0,66,layer_003_wire_004_RX,3,-0.048748808385319975,0.002081806312002629,0.04921419505116933,0.0
random_bp,expectation_value,bcw_6q_random_bp,hea,RX_RY_RZ_CNOT,none,circular,cnot,global,6,8,7,same_entangling_gate_count,3,4,RY,1,67,layer_003_wire_004_RY,3,0.04648360076962417,0.0046133255706817845,0.04913566277074862,0.0
random_bp,expectation_value,bcw_6q_random_bp,hea,RX_RY_RZ_CNOT,none,circular,cnot,global,6,8,7,same_entangling_gate_count,3,4,RZ,2,68,layer_003_wire_004_RZ,3,0.02085727009469243,0.013514300433980601,0.09103929577241221,0.0
random_bp,expectation_value,bcw_6q_random_bp,hea,RX_RY_RZ_CNOT,none,circular,cnot,global,6,8,7,same_entangling_gate_count,3,5,RX,0,69,layer_003_wire_005_RX,3,-0.13281195865809256,0.01120160296451811,0.13281195865809256,0.0
random_bp,expectation_value,bcw_6q_random_bp,hea,RX_RY_RZ_CNOT,none,circular,cnot,global,6,8,7,same_entangling_gate_count,3,5,RY,1,70,layer_003_wire_005_RY,3,-0.01706682439278758,0.004725605815482779,0.04640635983091621,0.0
random_bp,expectation_value,bcw_6q_random_bp,hea,RX_RY_RZ_CNOT,none,circular,cnot,global,6,8,7,same_entangling_gate_count,3,5,RZ,2,71,layer_003_wire_005_RZ,3,-0.10311407521490809,0.0032128171441409676,0.10311407521490808,0.0
random_bp,expectation_value,bcw_6q_random_bp,hea,RX_RY_RZ_CNOT,none,circular,cnot,global,6,8,7,same_entangling_gate_count,4,0,RX,0,72,layer_004_wire_000_RX,3,0.027857684408679535,0.004455975903453325,0.04633044757841628,0.0
random_bp,expectation_value,bcw_6q_random_bp,hea,RX_RY_RZ_CNOT,none,circular,cnot,global,6,8,7,same_entangling_gate_count,4,0,RY,1,73,layer_004_wire_000_RY,3,-0.1024778778454805,0.01757772049489955,0.10250049484731623,0.0
random_bp,expectation_value,bcw_6q_random_bp,hea,RX_RY_RZ_CNOT,none,circular,cnot,global,6,8,7,same_entangling_gate_count,4,0,RZ,2,74,layer_004_wire_000_RZ,3,0.053453970863567075,0.004131850827489708,0.06615560881593084,0.0
random_bp,expectation_value,bcw_6q_random_bp,hea,RX_RY_RZ_CNOT,none,circular,cnot,global,6,8,7,same_entangling_gate_count,4,1,RX,0,75,layer_004_wire_001_RX,3,0.012492489644450003,0.01382245525178734,0.08536540622989763,0.0
random_bp,expectation_value,bcw_6q_random_bp,hea,RX_RY_RZ_CNOT,none,circular,cnot,global,6,8,7,same_entangling_gate_count,4,1,RY,1,76,layer_004_wire_001_RY,3,0.005753201860482018,0.00407702056390709,0.04325241553930737,0.0
random_bp,expectation_value,bcw_6q_random_bp,hea,RX_RY_RZ_CNOT,none,circular,cnot,global,6,8,7,same_entangling_gate_count,4,1,RZ,2,77,layer_004_wire_001_RZ,3,0.03787789778291341,0.0003941718155031012,0.0378778977829134,0.0
random_bp,expectation_value,bcw_6q_random_bp,hea,RX_RY_RZ_CNOT,none,circular,cnot,global,6,8,7,same_entangling_gate_count,4,2,RX,0,78,layer_004_wire_002_RX,3,0.12766608855319278,0.008529193358120142,0.1276660885531928,0.0
random_bp,expectation_value,bcw_6q_random_bp,hea,RX_RY_RZ_CNOT,none,circular,cnot,global,6,8,7,same_entangling_gate_count,4,2,RY,1,79,layer_004_wire_002_RY,3,-0.01605124866139933,0.024242947465654356,0.11786910755760648,0.0
random_bp,expectation_value,bcw_6q_random_bp,hea,RX_RY_RZ_CNOT,none,circular,cnot,global,6,8,7,same_entangling_gate_count,4,2,RZ,2,80,layer_004_wire_002_RZ,3,-0.09154763912936056,0.024234230723472538,0.14995465026315336,0.0
random_bp,expectation_value,bcw_6q_random_bp,hea,RX_RY_RZ_CNOT,none,circular,cnot,global,6,8,7,same_entangling_gate_count,4,3,RX,0,81,layer_004_wire_003_RX,3,0.009036797134940086,0.007278265053052653,0.0685248914606472,0.0
random_bp,expectation_value,bcw_6q_random_bp,hea,RX_RY_RZ_CNOT,none,circular,cnot,global,6,8,7,same_entangling_gate_count,4,3,RY,1,82,layer_004_wire_003_RY,3,-0.003016491372972635,0.01498067148604331,0.08978059061205894,0.0
random_bp,expectation_value,bcw_6q_random_bp,hea,RX_RY_RZ_CNOT,none,circular,cnot,global,6,8,7,same_entangling_gate_count,4,3,RZ,2,83,layer_004_wire_003_RZ,3,0.017670551269653993,0.007917544239470697,0.06805988157931006,0.0
random_bp,expectation_value,bcw_6q_random_bp,hea,RX_RY_RZ_CNOT,none,circular,cnot,global,6,8,7,same_entangling_gate_count,4,4,RX,0,84,layer_004_wire_004_RX,3,-0.0013180368760190575,0.013097673546271246,0.08534951979571315,0.0
random_bp,expectation_value,bcw_6q_random_bp,hea,RX_RY_RZ_CNOT,none,circular,cnot,global,6,8,7,same_entangling_gate_count,4,4,RY,1,85,layer_004_wire_004_RY,3,0.022792057059539107,0.004240097199566332,0.05268545972436064,0.0
random_bp,expectation_value,bcw_6q_random_bp,hea,RX_RY_RZ_CNOT,none,circular,cnot,global,6,8,7,same_entangling_gate_count,4,4,RZ,2,86,layer_004_wire_004_RZ,3,0.06273616011657364,0.0004962751099333835,0.06273616011657364,0.0
random_bp,expectation_value,bcw_6q_random_bp,hea,RX_RY_RZ_CNOT,none,circular,cnot,global,6,8,7,same_entangling_gate_count,4,5,RX,0,87,layer_004_wire_005_RX,3,0.05791131202497257,0.0022867370782584653,0.05791131202497257,0.0
random_bp,expectation_value,bcw_6q_random_bp,hea,RX_RY_RZ_CNOT,none,circular,cnot,global,6,8,7,same_entangling_gate_count,4,5,RY,1,88,layer_004_wire_005_RY,3,0.037732774730855026,0.01280506624842552,0.09832597137427367,0.0
random_bp,expectation_value,bcw_6q_random_bp,hea,RX_RY_RZ_CNOT,none,circular,cnot,global,6,8,7,same_entangling_gate_count,4,5,RZ,2,89,layer_004_wire_005_RZ,3,0.0009522395256356536,0.008604026134236723,0.06765490079693275,0.0
random_bp,expectation_value,bcw_6q_random_bp,hea,RX_RY_RZ_CNOT,none,circular,cnot,global,6,8,7,same_entangling_gate_count,5,0,RX,0,90,layer_005_wire_000_RX,3,0.010446612738165106,0.01789459451264518,0.09884166939958063,0.0
random_bp,expectation_value,bcw_6q_random_bp,hea,RX_RY_RZ_CNOT,none,circular,cnot,global,6,8,7,same_entangling_gate_count,5,0,RY,1,91,layer_005_wire_000_RY,3,0.038306839367380496,0.004179698191235771,0.038306839367380496,0.0
random_bp,expectation_value,bcw_6q_random_bp,hea,RX_RY_RZ_CNOT,none,circular,cnot,global,6,8,7,same_entangling_gate_count,5,0,RZ,2,92,layer_005_wire_000_RZ,3,0.015996042452282408,0.007018713003288902,0.058666717356098186,0.0
random_bp,expectation_value,bcw_6q_random_bp,hea,RX_RY_RZ_CNOT,none,circular,cnot,global,6,8,7,same_entangling_gate_count,5,1,RX,0,93,layer_005_wire_001_RX,3,0.0013991658014152822,0.018984169684977195,0.10255594722152576,0.0
random_bp,expectation_value,bcw_6q_random_bp,hea,RX_RY_RZ_CNOT,none,circular,cnot,global,6,8,7,same_entangling_gate_count,5,1,RY,1,94,layer_005_wire_001_RY,3,-0.16137271523476954,0.003681972690598727,0.16137271523476956,0.0
random_bp,expectation_value,bcw_6q_random_bp,hea,RX_RY_RZ_CNOT,none,circular,cnot,global,6,8,7,same_entangling_gate_count,5,1,RZ,2,95,layer_005_wire_001_RZ,3,-0.08601685529231194,0.04068159204542171,0.1827566442641914,0.0
random_bp,expectation_value,bcw_6q_random_bp,hea,RX_RY_RZ_CNOT,none,circular,cnot,global,6,8,7,same_entangling_gate_count,5,2,RX,0,96,layer_005_wire_002_RX,3,-0.08771579614951305,0.00650390849936345,0.08771579614951307,0.0
random_bp,expectation_value,bcw_6q_random_bp,hea,RX_RY_RZ_CNOT,none,circular,cnot,global,6,8,7,same_entangling_gate_count,5,2,RY,1,97,layer_005_wire_002_RY,3,-0.14177885247885127,0.004852967988262461,0.14177885247885127,0.0
random_bp,expectation_value,bcw_6q_random_bp,hea,RX_RY_RZ_CNOT,none,circular,cnot,global,6,8,7,same_entangling_gate_count,5,2,RZ,2,98,layer_005_wire_002_RZ,3,-0.11212084247027441,0.002619713475377441,0.11212084247027441,0.0
random_bp,expectation_value,bcw_6q_random_bp,hea,RX_RY_RZ_CNOT,none,circular,cnot,global,6,8,7,same_entangling_gate_count,5,3,RX,0,99,layer_005_wire_003_RX,3,0.01028362837965656,0.05003759451474987,0.1683032816235236,0.0
random_bp,expectation_value,bcw_6q_random_bp,hea,RX_RY_RZ_CNOT,none,circular,cnot,global,6,8,7,same_entangling_gate_count,5,3,RY,1,100,layer_005_wire_003_RY,3,0.058655539244275794,0.004750181184454407,0.06347219853513847,0.0
random_bp,expectation_value,bcw_6q_random_bp,hea,RX_RY_RZ_CNOT,none,circular,cnot,global,6,8,7,same_entangling_gate_count,5,3,RZ,2,101,layer_005_wire_003_RZ,3,-0.1871638131759717,0.006469953247725643,0.18716381317597172,0.0
random_bp,expectation_value,bcw_6q_random_bp,hea,RX_RY_RZ_CNOT,none,circular,cnot,global,6,8,7,same_entangling_gate_count,5,4,RX,0,102,layer_005_wire_004_RX,3,-0.10069964353288127,0.024112812343302648,0.15249411147332873,0.0
random_bp,expectation_value,bcw_6q_random_bp,hea,RX_RY_RZ_CNOT,none,circular,cnot,global,6,8,7,same_entangling_gate_count,5,4,RY,1,103,layer_005_wire_004_RY,3,0.02545569653046341,0.019291891949920363,0.09826387195353935,0.0
random_bp,expectation_value,bcw_6q_random_bp,hea,RX_RY_RZ_CNOT,none,circular,cnot,global,6,8,7,same_entangling_gate_count,5,4,RZ,2,104,layer_005_wire_004_RZ,3,-0.03365869656225284,0.04971704835901959,0.1752904096960306,0.0
random_bp,expectation_value,bcw_6q_random_bp,hea,RX_RY_RZ_CNOT,none,circular,cnot,global,6,8,7,same_entangling_gate_count,5,5,RX,0,105,layer_005_wire_005_RX,3,-0.007362512202171302,0.015041686154133857,0.09181141186730035,0.0
random_bp,expectation_value,bcw_6q_random_bp,hea,RX_RY_RZ_CNOT,none,circular,cnot,global,6,8,7,same_entangling_gate_count,5,5,RY,1,106,layer_005_wire_005_RY,3,-0.03332612854651196,0.0010983148988268094,0.03332612854651196,0.0
random_bp,expectation_value,bcw_6q_random_bp,hea,RX_RY_RZ_CNOT,none,circular,cnot,global,6,8,7,same_entangling_gate_count,5,5,RZ,2,107,layer_005_wire_005_RZ,3,-0.012720049095262287,0.019080222387761223,0.10138576202423388,0.0
random_bp,expectation_value,bcw_6q_random_bp,hea,RX_RY_RZ_CNOT,none,circular,cnot,global,6,8,7,same_entangling_gate_count,6,0,RX,0,108,layer_006_wire_000_RX,3,0.0042922955625932764,8.573039674304123e-05,0.008039249693462038,0.0
random_bp,expectation_value,bcw_6q_random_bp,hea,RX_RY_RZ_CNOT,none,circular,cnot,global,6,8,7,same_entangling_gate_count,6,0,RY,1,109,layer_006_wire_000_RY,3,0.07197109148112886,0.009284990923033259,0.09743530431340874,0.0
random_bp,expectation_value,bcw_6q_random_bp,hea,RX_RY_RZ_CNOT,none,circular,cnot,global,6,8,7,same_entangling_gate_count,6,0,RZ,2,110,layer_006_wire_000_RZ,3,-2.2871296349865193e-17,1.279588651919467e-33,3.440038370548047e-17,1.0
random_bp,expectation_value,bcw_6q_random_bp,hea,RX_RY_RZ_CNOT,none,circular,cnot,global,6,8,7,same_entangling_gate_count,6,1,RX,0,111,layer_006_wire_001_RX,3,2.7032774167305245e-17,9.487336539196627e-34,2.7032774167305245e-17,1.0
random_bp,expectation_value,bcw_6q_random_bp,hea,RX_RY_RZ_CNOT,none,circular,cnot,global,6,8,7,same_entangling_gate_count,6,1,RY,1,112,layer_006_wire_001_RY,3,2.0238440553062755e-18,4.982842186845622e-34,1.6479873021779667e-17,1.0
random_bp,expectation_value,bcw_6q_random_bp,hea,RX_RY_RZ_CNOT,none,circular,cnot,global,6,8,7,same_entangling_gate_count,6,1,RZ,2,113,layer_006_wire_001_RZ,3,-3.510599873002152e-18,2.233348595432928e-34,1.0504070787855736e-17,1.0
random_bp,expectation_value,bcw_6q_random_bp,hea,RX_RY_RZ_CNOT,none,circular,cnot,global,6,8,7,same_entangling_gate_count,6,2,RX,0,114,layer_006_wire_002_RX,3,0.049048153452016637,0.011844471438498502,0.08476766439447547,0.0
random_bp,expectation_value,bcw_6q_random_bp,hea,RX_RY_RZ_CNOT,none,circular,cnot,global,6,8,7,same_entangling_gate_count,6,2,RY,1,115,layer_006_wire_002_RY,3,0.004633935827257067,0.011752793464322672,0.07496889014359513,0.0
random_bp,expectation_value,bcw_6q_random_bp,hea,RX_RY_RZ_CNOT,none,circular,cnot,global,6,8,7,same_entangling_gate_count,6,2,RZ,2,116,layer_006_wire_002_RZ,3,2.61463361954822e-17,2.1460638696362823e-33,4.4042765439253515e-17,1.0
random_bp,expectation_value,bcw_6q_random_bp,hea,RX_RY_RZ_CNOT,none,circular,cnot,global,6,8,7,same_entangling_gate_count,6,3,RX,0,117,layer_006_wire_003_RX,3,-3.093590198825306e-17,1.0858433149995742e-34,3.093590198825306e-17,1.0
random_bp,expectation_value,bcw_6q_random_bp,hea,RX_RY_RZ_CNOT,none,circular,cnot,global,6,8,7,same_entangling_gate_count,6,3,RY,1,118,layer_006_wire_003_RY,3,-3.5272710678195076e-17,9.128105465585337e-35,3.5272710678195076e-17,1.0
random_bp,expectation_value,bcw_6q_random_bp,hea,RX_RY_RZ_CNOT,none,circular,cnot,global,6,8,7,same_entangling_gate_count,6,3,RZ,2,119,layer_006_wire_003_RZ,3,-3.997873982699525e-18,1.707862709461358e-33,2.978743587389798e-17,1.0
random_bp,expectation_value,bcw_6q_random_bp,hea,RX_RY_RZ_CNOT,none,circular,cnot,global,6,8,7,same_entangling_gate_count,6,4,RX,0,120,layer_006_wire_004_RX,3,0.0683547079961224,0.004397891856848966,0.06910522322777529,0.0
random_bp,expectation_value,bcw_6q_random_bp,hea,RX_RY_RZ_CNOT,none,circular,cnot,global,6,8,7,same_entangling_gate_count,6,4,RY,1,121,layer_006_wire_004_RY,3,0.01881204057598755,0.046207010355160935,0.1669016197857672,0.0
random_bp,expectation_value,bcw_6q_random_bp,hea,RX_RY_RZ_CNOT,none,circular,cnot,global,6,8,7,same_entangling_gate_count,6,4,RZ,2,122,layer_006_wire_004_RZ,3,-1.6484575409631103e-17,2.773727880360165e-33,4.176948145568062e-17,1.0
random_bp,expectation_value,bcw_6q_random_bp,hea,RX_RY_RZ_CNOT,none,circular,cnot,global,6,8,7,same_entangling_gate_count,6,5,RX,0,123,layer_006_wire_005_RX,3,1.7058114180438604e-17,7.766412809592798e-34,1.9949319973733282e-17,1.0
random_bp,expectation_value,bcw_6q_random_bp,hea,RX_RY_RZ_CNOT,none,circular,cnot,global,6,8,7,same_entangling_gate_count,6,5,RY,1,124,layer_006_wire_005_RY,3,-7.950815931560365e-18,7.22850659465652e-35,7.950815931560365e-18,1.0
random_bp,expectation_value,bcw_6q_random_bp,hea,RX_RY_RZ_CNOT,none,circular,cnot,global,6,8,7,same_entangling_gate_count,6,5,RZ,2,125,layer_006_wire_005_RZ,3,-3.0539983506454625e-18,4.864874038472956e-35,6.246131567063298e-18,1.0
random_bp,expectation_value,bcw_6q_random_bp,hea,RX_RY_RZ_CNOT,none,linear,cnot,hamiltonian_local,6,8,8,same_entangling_gate_count,0,0,RX,0,0,layer_000_wire_000_RX,3,0.034978366423936265,0.00011713594721646916,0.034978366423936265,0.0
random_bp,expectation_value,bcw_6q_random_bp,hea,RX_RY_RZ_CNOT,none,linear,cnot,hamiltonian_local,6,8,8,same_entangling_gate_count,0,0,RY,1,1,layer_000_wire_000_RY,3,-0.006804547297960243,3.6134748778642195e-05,0.006893147559293007,0.0
random_bp,expectation_value,bcw_6q_random_bp,hea,RX_RY_RZ_CNOT,none,linear,cnot,hamiltonian_local,6,8,8,same_entangling_gate_count,0,0,RZ,2,2,layer_000_wire_000_RZ,3,0.01716255610244013,0.0007058301232800913,0.0246146314288487,0.0
random_bp,expectation_value,bcw_6q_random_bp,hea,RX_RY_RZ_CNOT,none,linear,cnot,hamiltonian_local,6,8,8,same_entangling_gate_count,0,1,RX,0,3,layer_000_wire_001_RX,3,0.0009764280070753508,0.0010656053992586384,0.023207873690435022,0.0
random_bp,expectation_value,bcw_6q_random_bp,hea,RX_RY_RZ_CNOT,none,linear,cnot,hamiltonian_local,6,8,8,same_entangling_gate_count,0,1,RY,1,4,layer_000_wire_001_RY,3,-0.008766592722132076,0.0017727899139574135,0.027621637583802528,0.0
random_bp,expectation_value,bcw_6q_random_bp,hea,RX_RY_RZ_CNOT,none,linear,cnot,hamiltonian_local,6,8,8,same_entangling_gate_count,0,1,RZ,2,5,layer_000_wire_001_RZ,3,0.022776300054573054,0.0003531296243261955,0.022776300054573054,0.0
random_bp,expectation_value,bcw_6q_random_bp,hea,RX_RY_RZ_CNOT,none,linear,cnot,hamiltonian_local,6,8,8,same_entangling_gate_count,0,2,RX,0,6,layer_000_wire_002_RX,3,0.022355243634600765,0.001990396046139834,0.03456005238057631,0.0
random_bp,expectation_value,bcw_6q_random_bp,hea,RX_RY_RZ_CNOT,none,linear,cnot,hamiltonian_local,6,8,8,same_entangling_gate_count,0,2,RY,1,7,layer_000_wire_002_RY,3,0.005289915165446432,0.0001633332708703865,0.011322137952946953,0.0
random_bp,expectation_value,bcw_6q_random_bp,hea,RX_RY_RZ_CNOT,none,linear,cnot,hamiltonian_local,6,8,8,same_entangling_gate_count,0,2,RZ,2,8,layer_000_wire_002_RZ,3,-0.0023065658832571874,9.676218939200553e-05,0.006754666082790879,0.0
random_bp,expectation_value,bcw_6q_random_bp,hea,RX_RY_RZ_CNOT,none,linear,cnot,hamiltonian_local,6,8,8,same_entangling_gate_count,0,3,RX,0,9,layer_000_wire_003_RX,3,0.008973604591024928,0.0003142419927636709,0.014224288486120928,0.0
random_bp,expectation_value,bcw_6q_random_bp,hea,RX_RY_RZ_CNOT,none,linear,cnot,hamiltonian_local,6,8,8,same_entangling_gate_count,0,3,RY,1,10,layer_000_wire_003_RY,3,-0.01021308216642061,0.000345312245981637,0.014604288976560853,0.0
random_bp,expectation_value,bcw_6q_random_bp,hea,RX_RY_RZ_CNOT,none,linear,cnot,hamiltonian_local,6,8,8,same_entangling_gate_count,0,3,RZ,2,11,layer_000_wire_003_RZ,3,-0.009574638606440812,0.00026326009202173536,0.014901700459247505,0.0
random_bp,expectation_value,bcw_6q_random_bp,hea,RX_RY_RZ_CNOT,none,linear,cnot,hamiltonian_local,6,8,8,same_entangling_gate_count,0,4,RX,0,12,layer_000_wire_004_RX,3,0.01900876473146861,0.0015405665056375851,0.03381983314941785,0.0
random_bp,expectation_value,bcw_6q_random_bp,hea,RX_RY_RZ_CNOT,none,linear,cnot,hamiltonian_local,6,8,8,same_entangling_gate_count,0,4,RY,1,13,layer_000_wire_004_RY,3,0.008601013442714212,0.0004610560236424972,0.019075366859499062,0.0
random_bp,expectation_value,bcw_6q_random_bp,hea,RX_RY_RZ_CNOT,none,linear,cnot,hamiltonian_local,6,8,8,same_entangling_gate_count,0,4,RZ,2,14,layer_000_wire_004_RZ,3,-0.02381467139525285,0.001475101575321305,0.03419238137409585,0.0
random_bp,expectation_value,bcw_6q_random_bp,hea,RX_RY_RZ_CNOT,none,linear,cnot,hamiltonian_local,6,8,8,same_entangling_gate_count,0,5,RX,0,15,layer_000_wire_005_RX,3,0.01680364857321469,2.5200708801741797e-05,0.01680364857321469,0.0
random_bp,expectation_value,bcw_6q_random_bp,hea,RX_RY_RZ_CNOT,none,linear,cnot,hamiltonian_local,6,8,8,same_entangling_gate_count,0,5,RY,1,16,layer_000_wire_005_RY,3,-0.018043220551778576,3.3962237826579066e-05,0.018043220551778576,0.0
random_bp,expectation_value,bcw_6q_random_bp,hea,RX_RY_RZ_CNOT,none,linear,cnot,hamiltonian_local,6,8,8,same_entangling_gate_count,0,5,RZ,2,17,layer_000_wire_005_RZ,3,0.013356217791069151,5.626590112707718e-05,0.013356217791069151,0.0
random_bp,expectation_value,bcw_6q_random_bp,hea,RX_RY_RZ_CNOT,none,linear,cnot,hamiltonian_local,6,8,8,same_entangling_gate_count,1,0,RX,0,18,layer_001_wire_000_RX,3,8.859569618869297e-05,0.000653526218702152,0.01950711207941874,0.0
random_bp,expectation_value,bcw_6q_random_bp,hea,RX_RY_RZ_CNOT,none,linear,cnot,hamiltonian_local,6,8,8,same_entangling_gate_count,1,0,RY,1,19,layer_001_wire_000_RY,3,0.01577861299444837,0.0008008036799288364,0.027040926385431447,0.0
random_bp,expectation_value,bcw_6q_random_bp,hea,RX_RY_RZ_CNOT,none,linear,cnot,hamiltonian_local,6,8,8,same_entangling_gate_count,1,0,RZ,2,20,layer_001_wire_000_RZ,3,0.012921030939688249,0.0004458763723235966,0.020399801833339008,0.0
random_bp,expectation_value,bcw_6q_random_bp,hea,RX_RY_RZ_CNOT,none,linear,cnot,hamiltonian_local,6,8,8,same_entangling_gate_count,1,1,RX,0,21,layer_001_wire_001_RX,3,-0.006430160175731893,0.0004698983236216359,0.01735318539697716,0.0
random_bp,expectation_value,bcw_6q_random_bp,hea,RX_RY_RZ_CNOT,none,linear,cnot,hamiltonian_local,6,8,8,same_entangling_gate_count,1,1,RY,1,22,layer_001_wire_001_RY,3,-0.016003477706399802,0.002800660105596009,0.0460025825707726,0.0
random_bp,expectation_value,bcw_6q_random_bp,hea,RX_RY_RZ_CNOT,none,linear,cnot,hamiltonian_local,6,8,8,same_entangling_gate_count,1,1,RZ,2,23,layer_001_wire_001_RZ,3,0.009676308764164773,0.00021410161683266333,0.013986531037946679,0.0
random_bp,expectation_value,bcw_6q_random_bp,hea,RX_RY_RZ_CNOT,none,linear,cnot,hamiltonian_local,6,8,8,same_entangling_gate_count,1,2,RX,0,24,layer_001_wire_002_RX,3,0.010636042200562017,0.0002587452534781431,0.01576949028556838,0.0
random_bp,expectation_value,bcw_6q_random_bp,hea,RX_RY_RZ_CNOT,none,linear,cnot,hamiltonian_local,6,8,8,same_entangling_gate_count,1,2,RY,1,25,layer_001_wire_002_RY,3,-0.018637547690702066,0.0003124138495156277,0.018637547690702066,0.0
random_bp,expectation_value,bcw_6q_random_bp,hea,RX_RY_RZ_CNOT,none,linear,cnot,hamiltonian_local,6,8,8,same_entangling_gate_count,1,2,RZ,2,26,layer_001_wire_002_RZ,3,0.013177070098950385,0.001771139620997612,0.03463522790229567,0.0
random_bp,expectation_value,bcw_6q_random_bp,hea,RX_RY_RZ_CNOT,none,linear,cnot,hamiltonian_local,6,8,8,same_entangling_gate_count,1,3,RX,0,27,layer_001_wire_003_RX,3,0.0003578307025118668,0.00010021911509163544,0.0075378989232837805,0.0
random_bp,expectation_value,bcw_6q_random_bp,hea,RX_RY_RZ_CNOT,none,linear,cnot,hamiltonian_local,6,8,8,same_entangling_gate_count,1,3,RY,1,28,layer_001_wire_003_RY,3,0.005789777759944579,0.002453563673548818,0.03882527633472982,0.0
random_bp,expectation_value,bcw_6q_random_bp,hea,RX_RY_RZ_CNOT,none,linear,cnot,hamiltonian_local,6,8,8,same_entangling_gate_count,1,3,RZ,2,29,layer_001_wire_003_RZ,3,-0.0010058868444529365,0.00011497613799179389,0.007129189134524472,0.0
random_bp,expectation_value,bcw_6q_random_bp,hea,RX_RY_RZ_CNOT,none,linear,cnot,hamiltonian_local,6,8,8,same_entangling_gate_count,1,4,RX,0,30,layer_001_wire_004_RX,3,0.008038748295035461,0.0007634956217418199,0.01858761310304242,0.0
random_bp,expectation_value,bcw_6q_random_bp,hea,RX_RY_RZ_CNOT,none,linear,cnot,hamiltonian_local,6,8,8,same_entangling_gate_count,1,4,RY,1,31,layer_001_wire_004_RY,3,-0.002317997389057502,0.0003723798613768911,0.01340517349448084,0.0
random_bp,expectation_value,bcw_6q_random_bp,hea,RX_RY_RZ_CNOT,none,linear,cnot,hamiltonian_local,6,8,8,same_entangling_gate_count,1,4,RZ,2,32,layer_001_wire_004_RZ,3,-0.012430364585891397,0.0015556433413518272,0.032782393143425494,0.0
random_bp,expectation_value,bcw_6q_random_bp,hea,RX_RY_RZ_CNOT,none,linear,cnot,hamiltonian_local,6,8,8,same_entangling_gate_count,1,5,RX,0,33,layer_001_wire_005_RX,3,-0.011470350442581672,0.0004020915586656242,0.019206411887929056,0.0
random_bp,expectation_value,bcw_6q_random_bp,hea,RX_RY_RZ_CNOT,none,linear,cnot,hamiltonian_local,6,8,8,same_entangling_gate_count,1,5,RY,1,34,layer_001_wire_005_RY,3,-0.027010841500622974,0.00012883499461566832,0.02701084150062297,0.0
random_bp,expectation_value,bcw_6q_random_bp,hea,RX_RY_RZ_CNOT,none,linear,cnot,hamiltonian_local,6,8,8,same_entangling_gate_count,1,5,RZ,2,35,layer_001_wire_005_RZ,3,-0.015544836208231383,0.0005887718971304336,0.02381809160807541,0.0
random_bp,expectation_value,bcw_6q_random_bp,hea,RX_RY_RZ_CNOT,none,linear,cnot,hamiltonian_local,6,8,8,same_entangling_gate_count,2,0,RX,0,36,layer_002_wire_000_RX,3,0.017547707244863296,4.457020759448058e-05,0.017547707244863296,0.0
random_bp,expectation_value,bcw_6q_random_bp,hea,RX_RY_RZ_CNOT,none,linear,cnot,hamiltonian_local,6,8,8,same_entangling_gate_count,2,0,RY,1,37,layer_002_wire_000_RY,3,0.013712844149853742,0.0005932770999315754,0.017483970980959523,0.0
random_bp,expectation_value,bcw_6q_random_bp,hea,RX_RY_RZ_CNOT,none,linear,cnot,hamiltonian_local,6,8,8,same_entangling_gate_count,2,0,RZ,2,38,layer_002_wire_000_RZ,3,-0.026305666952706922,2.437015801756863e-05,0.02630566695270692,0.0
random_bp,expectation_value,bcw_6q_random_bp,hea,RX_RY_RZ_CNOT,none,linear,cnot,hamiltonian_local,6,8,8,same_entangling_gate_count,2,1,RX,0,39,layer_002_wire_001_RX,3,0.04790829066599156,6.297571516958397e-05,0.04790829066599156,0.0
random_bp,expectation_value,bcw_6q_random_bp,hea,RX_RY_RZ_CNOT,none,linear,cnot,hamiltonian_local,6,8,8,same_entangling_gate_count,2,1,RY,1,40,layer_002_wire_001_RY,3,0.010327145257169,0.00038717939999668923,0.01404877434554022,0.0
random_bp,expectation_value,bcw_6q_random_bp,hea,RX_RY_RZ_CNOT,none,linear,cnot,hamiltonian_local,6,8,8,same_entangling_gate_count,2,1,RZ,2,41,layer_002_wire_001_RZ,3,-0.022639470182320844,1.6198745458957768e-06,0.022639470182320844,0.0
random_bp,expectation_value,bcw_6q_random_bp,hea,RX_RY_RZ_CNOT,none,linear,cnot,hamiltonian_local,6,8,8,same_entangling_gate_count,2,2,RX,0,42,layer_002_wire_002_RX,3,0.028552027478783763,2.5341714865275296e-05,0.028552027478783767,0.0
random_bp,expectation_value,bcw_6q_random_bp,hea,RX_RY_RZ_CNOT,none,linear,cnot,hamiltonian_local,6,8,8,same_entangling_gate_count,2,2,RY,1,43,layer_002_wire_002_RY,3,-0.031728922334456705,0.0011557670858599973,0.031728922334456705,0.0
random_bp,expectation_value,bcw_6q_random_bp,hea,RX_RY_RZ_CNOT,none,linear,cnot,hamiltonian_local,6,8,8,same_entangling_gate_count,2,2,RZ,2,44,layer_002_wire_002_RZ,3,0.00928679574537616,0.001284162140288077,0.03051145280815776,0.0
random_bp,expectation_value,bcw_6q_random_bp,hea,RX_RY_RZ_CNOT,none,linear,cnot,hamiltonian_local,6,8,8,same_entangling_gate_count,2,3,RX,0,45,layer_002_wire_003_RX,3,-0.0035737391399811216,0.001676019121064944,0.03267133038392834,0.0
random_bp,expectation_value,bcw_6q_random_bp,hea,RX_RY_RZ_CNOT,none,linear,cnot,hamiltonian_local,6,8,8,same_entangling_gate_count,2,3,RY,1,46,layer_002_wire_003_RY,3,-0.019460576488114764,0.002722690754300431,0.04657765113923512,0.0
random_bp,expectation_value,bcw_6q_random_bp,hea,RX_RY_RZ_CNOT,none,linear,cnot,hamiltonian_local,6,8,8,same_entangling_gate_count,2,3,RZ,2,47,layer_002_wire_003_RZ,3,0.004600435647800081,0.0016697186598117661,0.027845714556326007,0.0
random_bp,expectation_value,bcw_6q_random_bp,hea,RX_RY_RZ_CNOT,none,linear,cnot,hamiltonian_local,6,8,8,same_entangling_gate_count,2,4,RX,0,48,layer_002_wire_004_RX,3,0.032373520838478095,0.0001568011843269764,0.03237352083847809,0.0
random_bp,expectation_value,bcw_6q_random_bp,hea,RX_RY_RZ_CNOT,none,linear,cnot,hamiltonian_local,6,8,8,same_entangling_gate_count,2,4,RY,1,49,layer_002_wire_004_RY,3,0.008001700300868475,0.00016019752192610303,0.011978258824621507,0.0
random_bp,expectation_value,bcw_6q_random_bp,hea,RX_RY_RZ_CNOT,none,linear,cnot,hamiltonian_local,6,8,8,same_entangling_gate_count,2,4,RZ,2,50,layer_002_wire_004_RZ,3,-0.004741710411467197,0.0012852677745004623,0.028933630212565637,0.0
random_bp,expectation_value,bcw_6q_random_bp,hea,RX_RY_RZ_CNOT,none,linear,cnot,hamiltonian_local,6,8,8,same_entangling_gate_count,2,5,RX,0,51,layer_002_wire_005_RX,3,-0.012805940105134524,0.0016403233663688766,0.03457692694145067,0.0
random_bp,expectation_value,bcw_6q_random_bp,hea,RX_RY_RZ_CNOT,none,linear,cnot,hamiltonian_local,6,8,8,same_entangling_gate_count,2,5,RY,1,52,layer_002_wire_005_RY,3,0.01133010710712625,0.0001680775098876444,0.01199720958553054,0.0
random_bp,expectation_value,bcw_6q_random_bp,hea,RX_RY_RZ_CNOT,none,linear,cnot,hamiltonian_local,6,8,8,same_entangling_gate_count,2,5,RZ,2,53,layer_002_wire_005_RZ,3,0.045963638339307965,0.00015002505934486314,0.045963638339307965,0.0
random_bp,expectation_value,bcw_6q_random_bp,hea,RX_RY_RZ_CNOT,none,linear,cnot,hamiltonian_local,6,8,8,same_entangling_gate_count,3,0,RX,0,54,layer_003_wire_000_RX,3,0.021670216409971764,0.00070609800351045,0.027495475566108346,0.0
random_bp,expectation_value,bcw_6q_random_bp,hea,RX_RY_RZ_CNOT,none,linear,cnot,hamiltonian_local,6,8,8,same_entangling_gate_count,3,0,RY,1,55,layer_003_wire_000_RY,3,-0.03404281196072154,6.819047025406104e-05,0.03404281196072154,0.0
random_bp,expectation_value,bcw_6q_random_bp,hea,RX_RY_RZ_CNOT,none,linear,cnot,hamiltonian_local,6,8,8,same_entangling_gate_count,3,0,RZ,2,56,layer_003_wire_000_RZ,3,0.009148803709634109,0.00042221081383679387,0.015943311904619742,0.0
random_bp,expectation_value,bcw_6q_random_bp,hea,RX_RY_RZ_CNOT,none,linear,cnot,hamiltonian_local,6,8,8,same_entangling_gate_count,3,1,RX,0,57,layer_003_wire_001_RX,3,-0.031174834223482422,0.003988963820609835,0.05896994059631428,0.0
random_bp,expectation_value,bcw_6q_random_bp,hea,RX_RY_RZ_CNOT,none,linear,cnot,hamiltonian_local,6,8,8,same_entangling_gate_count,3,1,RY,1,58,layer_003_wire_001_RY,3,0.0006429125166370806,0.00013385272274298,0.009108700861110005,0.0
random_bp,expectation_value,bcw_6q_random_bp,hea,RX_RY_RZ_CNOT,none,linear,cnot,hamiltonian_local,6,8,8,same_entangling_gate_count,3,1,RZ,2,59,layer_003_wire_001_RZ,3,-0.04403964858968081,0.0005748157706675608,0.04403964858968081,0.0
random_bp,expectation_value,bcw_6q_random_bp,hea,RX_RY_RZ_CNOT,none,linear,cnot,hamiltonian_local,6,8,8,same_entangling_gate_count,3,2,RX,0,60,layer_003_wire_002_RX,3,0.007694963476523882,0.0014649352265845373,0.028273889635248007,0.0
random_bp,expectation_value,bcw_6q_random_bp,hea,RX_RY_RZ_CNOT,none,linear,cnot,hamiltonian_local,6,8,8,same_entangling_gate_count,3,2,RY,1,61,layer_003_wire_002_RY,3,-0.015707320582397107,0.0024869710235572704,0.04362180198862253,0.0
random_bp,expectation_value,bcw_6q_random_bp,hea,RX_RY_RZ_CNOT,none,linear,cnot,hamiltonian_local,6,8,8,same_entangling_gate_count,3,2,RZ,2,62,layer_003_wire_002_RZ,3,0.024213750311675372,0.000832873518786292,0.02421375031167537,0.0
random_bp,expectation_value,bcw_6q_random_bp,hea,RX_RY_RZ_CNOT,none,linear,cnot,hamiltonian_local,6,8,8,same_entangling_gate_count,3,3,RX,0,63,layer_003_wire_003_RX,3,0.005933800077039918,0.00015972745185586725,0.01121450982880146,0.0
random_bp,expectation_value,bcw_6q_random_bp,hea,RX_RY_RZ_CNOT,none,linear,cnot,hamiltonian_local,6,8,8,same_entangling_gate_count,3,3,RY,1,64,layer_003_wire_003_RY,3,-0.0016902918893894954,5.622202984379169e-05,0.006308870731410563,0.0
random_bp,expectation_value,bcw_6q_random_bp,hea,RX_RY_RZ_CNOT,none,linear,cnot,hamiltonian_local,6,8,8,same_entangling_gate_count,3,3,RZ,2,65,layer_003_wire_003_RZ,3,0.019111296223224168,0.00023273334915586275,0.01911129622322417,0.0
random_bp,expectation_value,bcw_6q_random_bp,hea,RX_RY_RZ_CNOT,none,linear,cnot,hamiltonian_local,6,8,8,same_entangling_gate_count,3,4,RX,0,66,layer_003_wire_004_RX,3,0.012403879464618506,8.056857270120205e-05,0.012403879464618508,0.0
random_bp,expectation_value,bcw_6q_random_bp,hea,RX_RY_RZ_CNOT,none,linear,cnot,hamiltonian_local,6,8,8,same_entangling_gate_count,3,4,RY,1,67,layer_003_wire_004_RY,3,-0.04819707713449574,0.007989463580292544,0.071361391778951,0.0
random_bp,expectation_value,bcw_6q_random_bp,hea,RX_RY_RZ_CNOT,none,linear,cnot,hamiltonian_local,6,8,8,same_entangling_gate_count,3,4,RZ,2,68,layer_003_wire_004_RZ,3,0.0293838783386154,0.00012043546864696544,0.0293838783386154,0.0
random_bp,expectation_value,bcw_6q_random_bp,hea,RX_RY_RZ_CNOT,none,linear,cnot,hamiltonian_local,6,8,8,same_entangling_gate_count,3,5,RX,0,69,layer_003_wire_005_RX,3,-0.016590507612605894,2.999884804615143e-05,0.01659050761260589,0.0
random_bp,expectation_value,bcw_6q_random_bp,hea,RX_RY_RZ_CNOT,none,linear,cnot,hamiltonian_local,6,8,8,same_entangling_gate_count,3,5,RY,1,70,layer_003_wire_005_RY,3,0.054490134409418516,0.0005548829559057968,0.05449013440941852,0.0
random_bp,expectation_value,bcw_6q_random_bp,hea,RX_RY_RZ_CNOT,none,linear,cnot,hamiltonian_local,6,8,8,same_entangling_gate_count,3,5,RZ,2,71,layer_003_wire_005_RZ,3,0.006642049547237542,0.0010791030878350937,0.02304072428807727,0.0
random_bp,expectation_value,bcw_6q_random_bp,hea,RX_RY_RZ_CNOT,none,linear,cnot,hamiltonian_local,6,8,8,same_entangling_gate_count,4,0,RX,0,72,layer_004_wire_000_RX,3,-0.009567445859044994,0.0001097425576690541,0.009567445859044994,0.0
random_bp,expectation_value,bcw_6q_random_bp,hea,RX_RY_RZ_CNOT,none,linear,cnot,hamiltonian_local,6,8,8,same_entangling_gate_count,4,0,RY,1,73,layer_004_wire_000_RY,3,0.016185814629686195,0.0010660900470995636,0.024877578773995133,0.0
random_bp,expectation_value,bcw_6q_random_bp,hea,RX_RY_RZ_CNOT,none,linear,cnot,hamiltonian_local,6,8,8,same_entangling_gate_count,4,0,RZ,2,74,layer_004_wire_000_RZ,3,-0.003379682853515811,0.00013060175128926842,0.009884444083432397,0.0
random_bp,expectation_value,bcw_6q_random_bp,hea,RX_RY_RZ_CNOT,none,linear,cnot,hamiltonian_local,6,8,8,same_entangling_gate_count,4,1,RX,0,75,layer_004_wire_001_RX,3,0.02005678206805055,0.00025579575499145256,0.02005678206805055,0.0
random_bp,expectation_value,bcw_6q_random_bp,hea,RX_RY_RZ_CNOT,none,linear,cnot,hamiltonian_local,6,8,8,same_entangling_gate_count,4,1,RY,1,76,layer_004_wire_001_RY,3,-0.012878935918527276,0.00023833874289111543,0.012878935918527278,0.0
random_bp,expectation_value,bcw_6q_random_bp,hea,RX_RY_RZ_CNOT,none,linear,cnot,hamiltonian_local,6,8,8,same_entangling_gate_count,4,1,RZ,2,77,layer_004_wire_001_RZ,3,-0.01122522598335017,0.0005121470406540469,0.01988023252212451,0.0
random_bp,expectation_value,bcw_6q_random_bp,hea,RX_RY_RZ_CNOT,none,linear,cnot,hamiltonian_local,6,8,8,same_entangling_gate_count,4,2,RX,0,78,layer_004_wire_002_RX,3,0.030231115890626537,0.00013827813467846847,0.030231115890626537,0.0
random_bp,expectation_value,bcw_6q_random_bp,hea,RX_RY_RZ_CNOT,none,linear,cnot,hamiltonian_local,6,8,8,same_entangling_gate_count,4,2,RY,1,79,layer_004_wire_002_RY,3,0.015245547846969722,0.001352963352306372,0.03267191312049559,0.0
random_bp,expectation_value,bcw_6q_random_bp,hea,RX_RY_RZ_CNOT,none,linear,cnot,hamiltonian_local,6,8,8,same_entangling_gate_count,4,2,RZ,2,80,layer_004_wire_002_RZ,3,0.011444636959005019,0.00024229856744772878,0.012772227935544167,0.0
random_bp,expectation_value,bcw_6q_random_bp,hea,RX_RY_RZ_CNOT,none,linear,cnot,hamiltonian_local,6,8,8,same_entangling_gate_count,4,3,RX,0,81,layer_004_wire_003_RX,3,0.020220730518829423,0.0010466424556895776,0.031638321438763134,0.0
random_bp,expectation_value,bcw_6q_random_bp,hea,RX_RY_RZ_CNOT,none,linear,cnot,hamiltonian_local,6,8,8,same_entangling_gate_count,4,3,RY,1,82,layer_004_wire_003_RY,3,-0.005765409510109112,0.0005526718381297349,0.017820137176829717,0.0
random_bp,expectation_value,bcw_6q_random_bp,hea,RX_RY_RZ_CNOT,none,linear,cnot,hamiltonian_local,6,8,8,same_entangling_gate_count,4,3,RZ,2,83,layer_004_wire_003_RZ,3,0.003490307874821911,0.0013165228930439566,0.025216297279403447,0.0
random_bp,expectation_value,bcw_6q_random_bp,hea,RX_RY_RZ_CNOT,none,linear,cnot,hamiltonian_local,6,8,8,same_entangling_gate_count,4,4,RX,0,84,layer_004_wire_004_RX,3,-0.010389015151853306,0.0012816099585426304,0.028733405351653567,0.0
random_bp,expectation_value,bcw_6q_random_bp,hea,RX_RY_RZ_CNOT,none,linear,cnot,hamiltonian_local,6,8,8,same_entangling_gate_count,4,4,RY,1,85,layer_004_wire_004_RY,3,-0.004165521419946322,0.00013121265724717006,0.010123718567691538,0.0
random_bp,expectation_value,bcw_6q_random_bp,hea,RX_RY_RZ_CNOT,none,linear,cnot,hamiltonian_local,6,8,8,same_entangling_gate_count,4,4,RZ,2,86,layer_004_wire_004_RZ,3,0.017973414170175693,0.00014788439422551045,0.017973414170175697,0.0
random_bp,expectation_value,bcw_6q_random_bp,hea,RX_RY_RZ_CNOT,none,linear,cnot,hamiltonian_local,6,8,8,same_entangling_gate_count,4,5,RX,0,87,layer_004_wire_005_RX,3,0.00403621930836946,5.9574911430104846e-05,0.007169731670855046,0.0
random_bp,expectation_value,bcw_6q_random_bp,hea,RX_RY_RZ_CNOT,none,linear,cnot,hamiltonian_local,6,8,8,same_entangling_gate_count,4,5,RY,1,88,layer_004_wire_005_RY,3,0.0149190820642666,0.00040011873687870436,0.017350007841308267,0.0
random_bp,expectation_value,bcw_6q_random_bp,hea,RX_RY_RZ_CNOT,none,linear,cnot,hamiltonian_local,6,8,8,same_entangling_gate_count,4,5,RZ,2,89,layer_004_wire_005_RZ,3,0.000693411238953646,2.8443801639386347e-05,0.0036396861772760667,0.0
random_bp,expectation_value,bcw_6q_random_bp,hea,RX_RY_RZ_CNOT,none,linear,cnot,hamiltonian_local,6,8,8,same_entangling_gate_count,5,0,RX,0,90,layer_005_wire_000_RX,3,0.012952361159187055,0.0018866521692941969,0.037680745947608035,0.0
random_bp,expectation_value,bcw_6q_random_bp,hea,RX_RY_RZ_CNOT,none,linear,cnot,hamiltonian_local,6,8,8,same_entangling_gate_count,5,0,RY,1,91,layer_005_wire_000_RY,3,-0.012812453416466854,0.0016522278951032882,0.027002891548694712,0.0
random_bp,expectation_value,bcw_6q_random_bp,hea,RX_RY_RZ_CNOT,none,linear,cnot,hamiltonian_local,6,8,8,same_entangling_gate_count,5,0,RZ,2,92,layer_005_wire_000_RZ,3,0.0005359313520505026,0.0010660850790137457,0.022744093131322085,0.0
random_bp,expectation_value,bcw_6q_random_bp,hea,RX_RY_RZ_CNOT,none,linear,cnot,hamiltonian_local,6,8,8,same_entangling_gate_count,5,1,RX,0,93,layer_005_wire_001_RX,3,0.02105766887268479,0.0013873397380173614,0.021662043060648516,0.0
random_bp,expectation_value,bcw_6q_random_bp,hea,RX_RY_RZ_CNOT,none,linear,cnot,hamiltonian_local,6,8,8,same_entangling_gate_count,5,1,RY,1,94,layer_005_wire_001_RY,3,-0.03743378341022629,0.0001333229255387245,0.03743378341022629,0.0
random_bp,expectation_value,bcw_6q_random_bp,hea,RX_RY_RZ_CNOT,none,linear,cnot,hamiltonian_local,6,8,8,same_entangling_gate_count,5,1,RZ,2,95,layer_005_wire_001_RZ,3,0.0017098662975567375,4.7892787097946114e-05,0.004733400671006499,0.0
random_bp,expectation_value,bcw_6q_random_bp,hea,RX_RY_RZ_CNOT,none,linear,cnot,hamiltonian_local,6,8,8,same_entangling_gate_count,5,2,RX,0,96,layer_005_wire_002_RX,3,-0.0009028225023801819,0.0001869438775195749,0.010144947776212429,0.0
random_bp,expectation_value,bcw_6q_random_bp,hea,RX_RY_RZ_CNOT,none,linear,cnot,hamiltonian_local,6,8,8,same_entangling_gate_count,5,2,RY,1,97,layer_005_wire_002_RY,3,-0.00944982555108129,0.00017835746557975132,0.01325609000841567,0.0
random_bp,expectation_value,bcw_6q_random_bp,hea,RX_RY_RZ_CNOT,none,linear,cnot,hamiltonian_local,6,8,8,same_entangling_gate_count,5,2,RZ,2,98,layer_005_wire_002_RZ,3,0.018437776624278472,0.00015046661175735108,0.01843777662427847,0.0
random_bp,expectation_value,bcw_6q_random_bp,hea,RX_RY_RZ_CNOT,none,linear,cnot,hamiltonian_local,6,8,8,same_entangling_gate_count,5,3,RX,0,99,layer_005_wire_003_RX,3,0.007316055296069735,0.0005578443924712903,0.018524411730137767,0.0
random_bp,expectation_value,bcw_6q_random_bp,hea,RX_RY_RZ_CNOT,none,linear,cnot,hamiltonian_local,6,8,8,same_entangling_gate_count,5,3,RY,1,100,layer_005_wire_003_RY,3,-0.039725629454411805,0.0010162071719751397,0.039725629454411805,0.0
random_bp,expectation_value,bcw_6q_random_bp,hea,RX_RY_RZ_CNOT,none,linear,cnot,hamiltonian_local,6,8,8,same_entangling_gate_count,5,3,RZ,2,101,layer_005_wire_003_RZ,3,0.013131374823084338,0.0007634901386859478,0.01689232607869408,0.0
random_bp,expectation_value,bcw_6q_random_bp,hea,RX_RY_RZ_CNOT,none,linear,cnot,hamiltonian_local,6,8,8,same_entangling_gate_count,5,4,RX,0,102,layer_005_wire_004_RX,3,0.0015072479886456477,4.51820186809092e-05,0.005676121530711131,0.0
random_bp,expectation_value,bcw_6q_random_bp,hea,RX_RY_RZ_CNOT,none,linear,cnot,hamiltonian_local,6,8,8,same_entangling_gate_count,5,4,RY,1,103,layer_005_wire_004_RY,3,0.010387892564987478,0.0008454281604272741,0.02322815497971138,0.0
random_bp,expectation_value,bcw_6q_random_bp,hea,RX_RY_RZ_CNOT,none,linear,cnot,hamiltonian_local,6,8,8,same_entangling_gate_count,5,4,RZ,2,104,layer_005_wire_004_RZ,3,0.007791541784780162,0.0002415236431892936,0.014191603563081667,0.0
random_bp,expectation_value,bcw_6q_random_bp,hea,RX_RY_RZ_CNOT,none,linear,cnot,hamiltonian_local,6,8,8,same_entangling_gate_count,5,5,RX,0,105,layer_005_wire_005_RX,3,0.00431363920470958,0.0008960374152808406,0.021594796426186027,0.0
random_bp,expectation_value,bcw_6q_random_bp,hea,RX_RY_RZ_CNOT,none,linear,cnot,hamiltonian_local,6,8,8,same_entangling_gate_count,5,5,RY,1,106,layer_005_wire_005_RY,3,0.00493703252468018,0.00029452512455000477,0.014513869306346744,0.0
random_bp,expectation_value,bcw_6q_random_bp,hea,RX_RY_RZ_CNOT,none,linear,cnot,hamiltonian_local,6,8,8,same_entangling_gate_count,5,5,RZ,2,107,layer_005_wire_005_RZ,3,0.015780078078260526,0.002409463972931241,0.03904097648611088,0.0
random_bp,expectation_value,bcw_6q_random_bp,hea,RX_RY_RZ_CNOT,none,linear,cnot,hamiltonian_local,6,8,8,same_entangling_gate_count,6,0,RX,0,108,layer_006_wire_000_RX,3,0.0017871524392982338,7.37630633307374e-06,0.0026739928146444682,0.0
random_bp,expectation_value,bcw_6q_random_bp,hea,RX_RY_RZ_CNOT,none,linear,cnot,hamiltonian_local,6,8,8,same_entangling_gate_count,6,0,RY,1,109,layer_006_wire_000_RY,3,-0.043707011146505055,0.0007216534460499173,0.043707011146505055,0.0
random_bp,expectation_value,bcw_6q_random_bp,hea,RX_RY_RZ_CNOT,none,linear,cnot,hamiltonian_local,6,8,8,same_entangling_gate_count,6,0,RZ,2,110,layer_006_wire_000_RZ,3,3.4775257764573535e-18,4.4284244837841235e-34,1.4626425061901973e-17,1.0
random_bp,expectation_value,bcw_6q_random_bp,hea,RX_RY_RZ_CNOT,none,linear,cnot,hamiltonian_local,6,8,8,same_entangling_gate_count,6,1,RX,0,111,layer_006_wire_001_RX,3,-0.02879634845888462,0.0009605972474735428,0.02879634845888462,0.0
random_bp,expectation_value,bcw_6q_random_bp,hea,RX_RY_RZ_CNOT,none,linear,cnot,hamiltonian_local,6,8,8,same_entangling_gate_count,6,1,RY,1,112,layer_006_wire_001_RY,3,-0.0013770386051522809,0.0008232566673903416,0.02072175452055663,0.0
random_bp,expectation_value,bcw_6q_random_bp,hea,RX_RY_RZ_CNOT,none,linear,cnot,hamiltonian_local,6,8,8,same_entangling_gate_count,6,1,RZ,2,113,layer_006_wire_001_RZ,3,-0.020027966545843844,0.001342397850062438,0.025044209454631264,0.0
random_bp,expectation_value,bcw_6q_random_bp,hea,RX_RY_RZ_CNOT,none,linear,cnot,hamiltonian_local,6,8,8,same_entangling_gate_count,6,2,RX,0,114,layer_006_wire_002_RX,3,-0.020446024641122922,4.238279192962978e-05,0.020446024641122922,0.0
random_bp,expectation_value,bcw_6q_random_bp,hea,RX_RY_RZ_CNOT,none,linear,cnot,hamiltonian_local,6,8,8,same_entangling_gate_count,6,2,RY,1,115,layer_006_wire_002_RY,3,-0.011128045384500237,0.0019533916379979644,0.03374182105399089,0.0
random_bp,expectation_value,bcw_6q_random_bp,hea,RX_RY_RZ_CNOT,none,linear,cnot,hamiltonian_local,6,8,8,same_entangling_gate_count,6,2,RZ,2,116,layer_006_wire_002_RZ,3,-0.004412638826199617,0.0007955005695728395,0.020166907745103508,0.0
random_bp,expectation_value,bcw_6q_random_bp,hea,RX_RY_RZ_CNOT,none,linear,cnot,hamiltonian_local,6,8,8,same_entangling_gate_count,6,3,RX,0,117,layer_006_wire_003_RX,3,-0.00681679549522657,0.0006129009065176619,0.020872085482606485,0.0
random_bp,expectation_value,bcw_6q_random_bp,hea,RX_RY_RZ_CNOT,none,linear,cnot,hamiltonian_local,6,8,8,same_entangling_gate_count,6,3,RY,1,118,layer_006_wire_003_RY,3,0.011133815859851844,0.00031047902754590735,0.015479358648433436,0.0
random_bp,expectation_value,bcw_6q_random_bp,hea,RX_RY_RZ_CNOT,none,linear,cnot,hamiltonian_local,6,8,8,same_entangling_gate_count,6,3,RZ,2,119,layer_006_wire_003_RZ,3,0.0242332384143548,0.00035655357114077596,0.0242332384143548,0.0
random_bp,expectation_value,bcw_6q_random_bp,hea,RX_RY_RZ_CNOT,none,linear,cnot,hamiltonian_local,6,8,8,same_entangling_gate_count,6,4,RX,0,120,layer_006_wire_004_RX,3,-0.003302633505387269,4.550294816686987e-05,0.004988794908418795,0.0
random_bp,expectation_value,bcw_6q_random_bp,hea,RX_RY_RZ_CNOT,none,linear,cnot,hamiltonian_local,6,8,8,same_entangling_gate_count,6,4,RY,1,121,layer_006_wire_004_RY,3,0.02655336309026709,0.00025116151039561717,0.026553363090267085,0.0
random_bp,expectation_value,bcw_6q_random_bp,hea,RX_RY_RZ_CNOT,none,linear,cnot,hamiltonian_local,6,8,8,same_entangling_gate_count,6,4,RZ,2,122,layer_006_wire_004_RZ,3,0.0068417936590292015,0.0011072497445944176,0.023291440111959816,0.0
random_bp,expectation_value,bcw_6q_random_bp,hea,RX_RY_RZ_CNOT,none,linear,cnot,hamiltonian_local,6,8,8,same_entangling_gate_count,6,5,RX,0,123,layer_006_wire_005_RX,3,-0.003565801103274998,0.000335854719406715,0.012213938374356262,0.0
random_bp,expectation_value,bcw_6q_random_bp,hea,RX_RY_RZ_CNOT,none,linear,cnot,hamiltonian_local,6,8,8,same_entangling_gate_count,6,5,RY,1,124,layer_006_wire_005_RY,3,0.013669043275468503,0.0001499209564370179,0.013669043275468503,0.0
random_bp,expectation_value,bcw_6q_random_bp,hea,RX_RY_RZ_CNOT,none,linear,cnot,hamiltonian_local,6,8,8,same_entangling_gate_count,6,5,RZ,2,125,layer_006_wire_005_RZ,3,0.0026630571383424433,0.0006307757051873001,0.019184070082501673,0.0
random_bp,expectation_value,bcw_6q_random_bp,hea,RX_RY_RZ_CNOT,none,linear,cnot,hamiltonian_local,6,8,8,same_entangling_gate_count,7,0,RX,0,126,layer_007_wire_000_RX,3,-1.2721305490496585e-17,1.7253122418468986e-34,1.2721305490496585e-17,1.0
random_bp,expectation_value,bcw_6q_random_bp,hea,RX_RY_RZ_CNOT,none,linear,cnot,hamiltonian_local,6,8,8,same_entangling_gate_count,7,0,RY,1,127,layer_007_wire_000_RY,3,-4.047688110612549e-18,7.322546142722303e-35,5.204170427930421e-18,1.0
random_bp,expectation_value,bcw_6q_random_bp,hea,RX_RY_RZ_CNOT,none,linear,cnot,hamiltonian_local,6,8,8,same_entangling_gate_count,7,0,RZ,2,128,layer_007_wire_000_RZ,3,-9.23966852335325e-18,2.0143043920994622e-34,1.166229088793221e-17,1.0
random_bp,expectation_value,bcw_6q_random_bp,hea,RX_RY_RZ_CNOT,none,linear,cnot,hamiltonian_local,6,8,8,same_entangling_gate_count,7,1,RX,0,129,layer_007_wire_001_RX,3,-0.01016927711258773,1.1809045645992953e-05,0.01016927711258773,0.0
random_bp,expectation_value,bcw_6q_random_bp,hea,RX_RY_RZ_CNOT,none,linear,cnot,hamiltonian_local,6,8,8,same_entangling_gate_count,7,1,RY,1,130,layer_007_wire_001_RY,3,0.010539599609321826,0.0006588216260449507,0.02086193395143247,0.0
random_bp,expectation_value,bcw_6q_random_bp,hea,RX_RY_RZ_CNOT,none,linear,cnot,hamiltonian_local,6,8,8,same_entangling_gate_count,7,1,RZ,2,131,layer_007_wire_001_RZ,3,-2.025451465459204e-17,5.499188491655442e-35,2.0254514654592036e-17,1.0
random_bp,expectation_value,bcw_6q_random_bp,hea,RX_RY_RZ_CNOT,none,linear,cnot,hamiltonian_local,6,8,8,same_entangling_gate_count,7,2,RX,0,132,layer_007_wire_002_RX,3,0.016410359398167467,0.00020783986160339654,0.016410359398167467,0.0
random_bp,expectation_value,bcw_6q_random_bp,hea,RX_RY_RZ_CNOT,none,linear,cnot,hamiltonian_local,6,8,8,same_entangling_gate_count,7,2,RY,1,133,layer_007_wire_002_RY,3,0.008598308927663004,9.067247496308823e-05,0.009470824450777892,0.0
random_bp,expectation_value,bcw_6q_random_bp,hea,RX_RY_RZ_CNOT,none,linear,cnot,hamiltonian_local,6,8,8,same_entangling_gate_count,7,2,RZ,2,134,layer_007_wire_002_RZ,3,-8.414210424790281e-19,2.178054526961084e-34,1.015438411198733e-17,1.0
random_bp,expectation_value,bcw_6q_random_bp,hea,RX_RY_RZ_CNOT,none,linear,cnot,hamiltonian_local,6,8,8,same_entangling_gate_count,7,3,RX,0,135,layer_007_wire_003_RX,3,-0.006521471549684753,4.050383367144061e-06,0.006521471549684753,0.0
random_bp,expectation_value,bcw_6q_random_bp,hea,RX_RY_RZ_CNOT,none,linear,cnot,hamiltonian_local,6,8,8,same_entangling_gate_count,7,3,RY,1,136,layer_007_wire_003_RY,3,0.006014732514497639,0.0003396644238825269,0.014464159499228565,0.0
random_bp,expectation_value,bcw_6q_random_bp,hea,RX_RY_RZ_CNOT,none,linear,cnot,hamiltonian_local,6,8,8,same_entangling_gate_count,7,3,RZ,2,137,layer_007_wire_003_RZ,3,-1.0256060347750453e-17,1.6282780217779987e-35,1.0256060347750453e-17,1.0
random_bp,expectation_value,bcw_6q_random_bp,hea,RX_RY_RZ_CNOT,none,linear,cnot,hamiltonian_local,6,8,8,same_entangling_gate_count,7,4,RX,0,138,layer_007_wire_004_RX,3,-0.015077286807933106,0.0003018811774965905,0.0179423958342449,0.0
random_bp,expectation_value,bcw_6q_random_bp,hea,RX_RY_RZ_CNOT,none,linear,cnot,hamiltonian_local,6,8,8,same_entangling_gate_count,7,4,RY,1,139,layer_007_wire_004_RY,3,-0.017018533645320327,0.0008033068854530969,0.02690409794663222,0.0
random_bp,expectation_value,bcw_6q_random_bp,hea,RX_RY_RZ_CNOT,none,linear,cnot,hamiltonian_local,6,8,8,same_entangling_gate_count,7,4,RZ,2,140,layer_007_wire_004_RZ,3,-7.107801698248053e-18,6.915810491799583e-35,7.107801698248053e-18,1.0
random_bp,expectation_value,bcw_6q_random_bp,hea,RX_RY_RZ_CNOT,none,linear,cnot,hamiltonian_local,6,8,8,same_entangling_gate_count,7,5,RX,0,141,layer_007_wire_005_RX,3,-0.006938851386540906,5.72789027227628e-05,0.006938851386540906,0.0
random_bp,expectation_value,bcw_6q_random_bp,hea,RX_RY_RZ_CNOT,none,linear,cnot,hamiltonian_local,6,8,8,same_entangling_gate_count,7,5,RY,1,142,layer_007_wire_005_RY,3,-0.005760274927996383,0.00022605367378192542,0.010599681974049688,0.0
random_bp,expectation_value,bcw_6q_random_bp,hea,RX_RY_RZ_CNOT,none,linear,cnot,hamiltonian_local,6,8,8,same_entangling_gate_count,7,5,RZ,2,143,layer_007_wire_005_RZ,3,-9.628897676783753e-19,5.881391589955512e-36,1.5291588984354383e-18,1.0
random_bp,expectation_value,bcw_6q_random_bp,hea,RX_RY_RZ_CNOT,none,circular,cnot,hamiltonian_local,6,8,7,same_entangling_gate_count,0,0,RX,0,0,layer_000_wire_000_RX,3,0.004344625117553631,0.0019517989859128685,0.03045241017892282,0.0
random_bp,expectation_value,bcw_6q_random_bp,hea,RX_RY_RZ_CNOT,none,circular,cnot,hamiltonian_local,6,8,7,same_entangling_gate_count,0,0,RY,1,1,layer_000_wire_000_RY,3,0.0021392525405642578,0.0007102092325692454,0.019856244355529712,0.0
random_bp,expectation_value,bcw_6q_random_bp,hea,RX_RY_RZ_CNOT,none,circular,cnot,hamiltonian_local,6,8,7,same_entangling_gate_count,0,0,RZ,2,2,layer_000_wire_000_RZ,3,-0.0058626367306741055,0.0009172830510780299,0.0201361623958163,0.0
random_bp,expectation_value,bcw_6q_random_bp,hea,RX_RY_RZ_CNOT,none,circular,cnot,hamiltonian_local,6,8,7,same_entangling_gate_count,0,1,RX,0,3,layer_000_wire_001_RX,3,0.020488838184175434,0.0011944276389087667,0.030006303073788498,0.0
random_bp,expectation_value,bcw_6q_random_bp,hea,RX_RY_RZ_CNOT,none,circular,cnot,hamiltonian_local,6,8,7,same_entangling_gate_count,0,1,RY,1,4,layer_000_wire_001_RY,3,-0.0016282533730817787,0.0016974150997892095,0.031998231956723085,0.0
random_bp,expectation_value,bcw_6q_random_bp,hea,RX_RY_RZ_CNOT,none,circular,cnot,hamiltonian_local,6,8,7,same_entangling_gate_count,0,1,RZ,2,5,layer_000_wire_001_RZ,3,-0.010438029422774102,0.00148105199977418,0.025907853081408944,0.0
random_bp,expectation_value,bcw_6q_random_bp,hea,RX_RY_RZ_CNOT,none,circular,cnot,hamiltonian_local,6,8,7,same_entangling_gate_count,0,2,RX,0,6,layer_000_wire_002_RX,3,0.007569831843491682,0.0030973913754109217,0.04427489422166258,0.0
random_bp,expectation_value,bcw_6q_random_bp,hea,RX_RY_RZ_CNOT,none,circular,cnot,hamiltonian_local,6,8,7,same_entangling_gate_count,0,2,RY,1,7,layer_000_wire_002_RY,3,-7.839318142695306e-05,0.0020649155489871882,0.03137777411891203,0.0
random_bp,expectation_value,bcw_6q_random_bp,hea,RX_RY_RZ_CNOT,none,circular,cnot,hamiltonian_local,6,8,7,same_entangling_gate_count,0,2,RZ,2,8,layer_000_wire_002_RZ,3,-0.040035293307462444,0.0029877461213347984,0.04639301365768969,0.0
random_bp,expectation_value,bcw_6q_random_bp,hea,RX_RY_RZ_CNOT,none,circular,cnot,hamiltonian_local,6,8,7,same_entangling_gate_count,0,3,RX,0,9,layer_000_wire_003_RX,3,-0.02363578982266839,0.001337410022238468,0.023635789822668393,0.0
random_bp,expectation_value,bcw_6q_random_bp,hea,RX_RY_RZ_CNOT,none,circular,cnot,hamiltonian_local,6,8,7,same_entangling_gate_count,0,3,RY,1,10,layer_000_wire_003_RY,3,-0.000824178622680985,0.0015883633219827655,0.02961675847837855,0.0
random_bp,expectation_value,bcw_6q_random_bp,hea,RX_RY_RZ_CNOT,none,circular,cnot,hamiltonian_local,6,8,7,same_entangling_gate_count,0,3,RZ,2,11,layer_000_wire_003_RZ,3,0.024357248013853524,0.0006622725094285291,0.024357248013853527,0.0
random_bp,expectation_value,bcw_6q_random_bp,hea,RX_RY_RZ_CNOT,none,circular,cnot,hamiltonian_local,6,8,7,same_entangling_gate_count,0,4,RX,0,12,layer_000_wire_004_RX,3,-0.030387787800582017,0.0007709307957785739,0.030387787800582017,0.0
random_bp,expectation_value,bcw_6q_random_bp,hea,RX_RY_RZ_CNOT,none,circular,cnot,hamiltonian_local,6,8,7,same_entangling_gate_count,0,4,RY,1,13,layer_000_wire_004_RY,3,0.009611293444480582,0.0005724726918191979,0.021090723571248485,0.0
random_bp,expectation_value,bcw_6q_random_bp,hea,RX_RY_RZ_CNOT,none,circular,cnot,hamiltonian_local,6,8,7,same_entangling_gate_count,0,4,RZ,2,14,layer_000_wire_004_RZ,3,-0.0021437613241743836,0.0008106701798005669,0.020601388475447274,0.0
random_bp,expectation_value,bcw_6q_random_bp,hea,RX_RY_RZ_CNOT,none,circular,cnot,hamiltonian_local,6,8,7,same_entangling_gate_count,0,5,RX,0,15,layer_000_wire_005_RX,3,0.018555208326840995,0.00020783207072510784,0.018555208326840992,0.0
random_bp,expectation_value,bcw_6q_random_bp,hea,RX_RY_RZ_CNOT,none,circular,cnot,hamiltonian_local,6,8,7,same_entangling_gate_count,0,5,RY,1,16,layer_000_wire_005_RY,3,0.002399617422039241,0.0009673851397476952,0.024582609262149207,0.0
random_bp,expectation_value,bcw_6q_random_bp,hea,RX_RY_RZ_CNOT,none,circular,cnot,hamiltonian_local,6,8,7,same_entangling_gate_count,0,5,RZ,2,17,layer_000_wire_005_RZ,3,-0.013057062525200561,0.0006708020232119008,0.023897053003265247,0.0
random_bp,expectation_value,bcw_6q_random_bp,hea,RX_RY_RZ_CNOT,none,circular,cnot,hamiltonian_local,6,8,7,same_entangling_gate_count,1,0,RX,0,18,layer_001_wire_000_RX,3,0.0014290564905710713,0.00028819407148712685,0.01227851296479908,0.0
random_bp,expectation_value,bcw_6q_random_bp,hea,RX_RY_RZ_CNOT,none,circular,cnot,hamiltonian_local,6,8,7,same_entangling_gate_count,1,0,RY,1,19,layer_001_wire_000_RY,3,0.02795573839635147,0.008496296097881237,0.06017007485347519,0.0
random_bp,expectation_value,bcw_6q_random_bp,hea,RX_RY_RZ_CNOT,none,circular,cnot,hamiltonian_local,6,8,7,same_entangling_gate_count,1,0,RZ,2,20,layer_001_wire_000_RZ,3,0.022257423654147276,0.0009152133040555879,0.026185008394122463,0.0
random_bp,expectation_value,bcw_6q_random_bp,hea,RX_RY_RZ_CNOT,none,circular,cnot,hamiltonian_local,6,8,7,same_entangling_gate_count,1,1,RX,0,21,layer_001_wire_001_RX,3,-0.019344690978052154,0.0015791260795075994,0.033013383584054756,0.0
random_bp,expectation_value,bcw_6q_random_bp,hea,RX_RY_RZ_CNOT,none,circular,cnot,hamiltonian_local,6,8,7,same_entangling_gate_count,1,1,RY,1,22,layer_001_wire_001_RY,3,-0.029872661740564854,0.0008127206726282833,0.029872661740564854,0.0
random_bp,expectation_value,bcw_6q_random_bp,hea,RX_RY_RZ_CNOT,none,circular,cnot,hamiltonian_local,6,8,7,same_entangling_gate_count,1,1,RZ,2,23,layer_001_wire_001_RZ,3,-0.02490642311115922,0.00036828816354823933,0.02490642311115922,0.0
random_bp,expectation_value,bcw_6q_random_bp,hea,RX_RY_RZ_CNOT,none,circular,cnot,hamiltonian_local,6,8,7,same_entangling_gate_count,1,2,RX,0,24,layer_001_wire_002_RX,3,-0.015394589141152708,0.0017467298315556948,0.026962781758101063,0.0
random_bp,expectation_value,bcw_6q_random_bp,hea,RX_RY_RZ_CNOT,none,circular,cnot,hamiltonian_local,6,8,7,same_entangling_gate_count,1,2,RY,1,25,layer_001_wire_002_RY,3,0.03141120771366014,0.0009420313416017766,0.031411207713660134,0.0
random_bp,expectation_value,bcw_6q_random_bp,hea,RX_RY_RZ_CNOT,none,circular,cnot,hamiltonian_local,6,8,7,same_entangling_gate_count,1,2,RZ,2,26,layer_001_wire_002_RZ,3,-0.03476403563363997,0.0008427967440886772,0.03476403563363997,0.0
random_bp,expectation_value,bcw_6q_random_bp,hea,RX_RY_RZ_CNOT,none,circular,cnot,hamiltonian_local,6,8,7,same_entangling_gate_count,1,3,RX,0,27,layer_001_wire_003_RX,3,-0.013410865770546905,0.00031747871834654463,0.015033121821467259,0.0
random_bp,expectation_value,bcw_6q_random_bp,hea,RX_RY_RZ_CNOT,none,circular,cnot,hamiltonian_local,6,8,7,same_entangling_gate_count,1,3,RY,1,28,layer_001_wire_003_RY,3,0.004616657901185985,0.0007018547285107661,0.018239717311130072,0.0
random_bp,expectation_value,bcw_6q_random_bp,hea,RX_RY_RZ_CNOT,none,circular,cnot,hamiltonian_local,6,8,7,same_entangling_gate_count,1,3,RZ,2,29,layer_001_wire_003_RZ,3,0.00784119470152355,0.0011135478658762226,0.028288007874093312,0.0
random_bp,expectation_value,bcw_6q_random_bp,hea,RX_RY_RZ_CNOT,none,circular,cnot,hamiltonian_local,6,8,7,same_entangling_gate_count,1,4,RX,0,30,layer_001_wire_004_RX,3,-0.01772167905283705,0.00204911634148697,0.04074901472786591,0.0
random_bp,expectation_value,bcw_6q_random_bp,hea,RX_RY_RZ_CNOT,none,circular,cnot,hamiltonian_local,6,8,7,same_entangling_gate_count,1,4,RY,1,31,layer_001_wire_004_RY,3,0.025388836610879154,0.0002617367412969963,0.02538883661087915,0.0
random_bp,expectation_value,bcw_6q_random_bp,hea,RX_RY_RZ_CNOT,none,circular,cnot,hamiltonian_local,6,8,7,same_entangling_gate_count,1,4,RZ,2,32,layer_001_wire_004_RZ,3,0.015086896886050846,0.0006321554226194697,0.02404090381424287,0.0
random_bp,expectation_value,bcw_6q_random_bp,hea,RX_RY_RZ_CNOT,none,circular,cnot,hamiltonian_local,6,8,7,same_entangling_gate_count,1,5,RX,0,33,layer_001_wire_005_RX,3,0.01108971299055676,0.00013459892614780752,0.011769530020774762,0.0
random_bp,expectation_value,bcw_6q_random_bp,hea,RX_RY_RZ_CNOT,none,circular,cnot,hamiltonian_local,6,8,7,same_entangling_gate_count,1,5,RY,1,34,layer_001_wire_005_RY,3,-0.01489091296478816,0.0010736465716460995,0.024173944165080393,0.0
random_bp,expectation_value,bcw_6q_random_bp,hea,RX_RY_RZ_CNOT,none,circular,cnot,hamiltonian_local,6,8,7,same_entangling_gate_count,1,5,RZ,2,35,layer_001_wire_005_RZ,3,-0.01943434999407747,0.00418924058039279,0.043089427670243714,0.0
random_bp,expectation_value,bcw_6q_random_bp,hea,RX_RY_RZ_CNOT,none,circular,cnot,hamiltonian_local,6,8,7,same_entangling_gate_count,2,0,RX,0,36,layer_002_wire_000_RX,3,0.014472657219592615,0.009987059429041096,0.07422953183649546,0.0
random_bp,expectation_value,bcw_6q_random_bp,hea,RX_RY_RZ_CNOT,none,circular,cnot,hamiltonian_local,6,8,7,same_entangling_gate_count,2,0,RY,1,37,layer_002_wire_000_RY,3,0.04350542486334406,0.00020440080220244567,0.04350542486334406,0.0
random_bp,expectation_value,bcw_6q_random_bp,hea,RX_RY_RZ_CNOT,none,circular,cnot,hamiltonian_local,6,8,7,same_entangling_gate_count,2,0,RZ,2,38,layer_002_wire_000_RZ,3,-0.019530453399624025,0.0072460188549965075,0.0574019104941663,0.0
random_bp,expectation_value,bcw_6q_random_bp,hea,RX_RY_RZ_CNOT,none,circular,cnot,hamiltonian_local,6,8,7,same_entangling_gate_count,2,1,RX,0,39,layer_002_wire_001_RX,3,0.011967674462633667,0.002069282594295202,0.038983914320980036,0.0
random_bp,expectation_value,bcw_6q_random_bp,hea,RX_RY_RZ_CNOT,none,circular,cnot,hamiltonian_local,6,8,7,same_entangling_gate_count,2,1,RY,1,40,layer_002_wire_001_RY,3,0.009057132121702172,0.003981998776072446,0.0426107953984205,0.0
random_bp,expectation_value,bcw_6q_random_bp,hea,RX_RY_RZ_CNOT,none,circular,cnot,hamiltonian_local,6,8,7,same_entangling_gate_count,2,1,RZ,2,41,layer_002_wire_001_RZ,3,0.021751433153534408,0.0007689336710197876,0.024819579685072247,0.0
random_bp,expectation_value,bcw_6q_random_bp,hea,RX_RY_RZ_CNOT,none,circular,cnot,hamiltonian_local,6,8,7,same_entangling_gate_count,2,2,RX,0,42,layer_002_wire_002_RX,3,-0.00948452029593658,0.0032412146394344542,0.041266890808271305,0.0
random_bp,expectation_value,bcw_6q_random_bp,hea,RX_RY_RZ_CNOT,none,circular,cnot,hamiltonian_local,6,8,7,same_entangling_gate_count,2,2,RY,1,43,layer_002_wire_002_RY,3,0.04057904060054742,0.0009740131720471306,0.04057904060054742,0.0
random_bp,expectation_value,bcw_6q_random_bp,hea,RX_RY_RZ_CNOT,none,circular,cnot,hamiltonian_local,6,8,7,same_entangling_gate_count,2,2,RZ,2,44,layer_002_wire_002_RZ,3,0.007095313591017947,0.00025618478325518094,0.014133733544035748,0.0
random_bp,expectation_value,bcw_6q_random_bp,hea,RX_RY_RZ_CNOT,none,circular,cnot,hamiltonian_local,6,8,7,same_entangling_gate_count,2,3,RX,0,45,layer_002_wire_003_RX,3,-0.02324930779235959,0.003469245120974576,0.048487256484654136,0.0
random_bp,expectation_value,bcw_6q_random_bp,hea,RX_RY_RZ_CNOT,none,circular,cnot,hamiltonian_local,6,8,7,same_entangling_gate_count,2,3,RY,1,46,layer_002_wire_003_RY,3,0.017443306074675882,0.0009747901382955658,0.021462946877490664,0.0
random_bp,expectation_value,bcw_6q_random_bp,hea,RX_RY_RZ_CNOT,none,circular,cnot,hamiltonian_local,6,8,7,same_entangling_gate_count,2,3,RZ,2,47,layer_002_wire_003_RZ,3,-0.03215644846857413,0.0015549525804274553,0.03921523139552019,0.0
random_bp,expectation_value,bcw_6q_random_bp,hea,RX_RY_RZ_CNOT,none,circular,cnot,hamiltonian_local,6,8,7,same_entangling_gate_count,2,4,RX,0,48,layer_002_wire_004_RX,3,-0.017121639056469937,0.0010225650868969408,0.020564089495637185,0.0
random_bp,expectation_value,bcw_6q_random_bp,hea,RX_RY_RZ_CNOT,none,circular,cnot,hamiltonian_local,6,8,7,same_entangling_gate_count,2,4,RY,1,49,layer_002_wire_004_RY,3,-0.0007329515426038151,0.0002535063344944392,0.011049662541616634,0.0
random_bp,expectation_value,bcw_6q_random_bp,hea,RX_RY_RZ_CNOT,none,circular,cnot,hamiltonian_local,6,8,7,same_entangling_gate_count,2,4,RZ,2,50,layer_002_wire_004_RZ,3,-0.006489169860092372,0.0016859847368240598,0.027759854011981038,0.0
random_bp,expectation_value,bcw_6q_random_bp,hea,RX_RY_RZ_CNOT,none,circular,cnot,hamiltonian_local,6,8,7,same_entangling_gate_count,2,5,RX,0,51,layer_002_wire_005_RX,3,-0.0017982852913589614,0.0012306357632029872,0.026245309818804716,0.0
random_bp,expectation_value,bcw_6q_random_bp,hea,RX_RY_RZ_CNOT,none,circular,cnot,hamiltonian_local,6,8,7,same_entangling_gate_count,2,5,RY,1,52,layer_002_wire_005_RY,3,-0.02001438191155684,0.0021454111918803058,0.03442817229033772,0.0
random_bp,expectation_value,bcw_6q_random_bp,hea,RX_RY_RZ_CNOT,none,circular,cnot,hamiltonian_local,6,8,7,same_entangling_gate_count,2,5,RZ,2,53,layer_002_wire_005_RZ,3,0.0037425902215499907,0.0025072685921099895,0.03912026382169131,0.0
random_bp,expectation_value,bcw_6q_random_bp,hea,RX_RY_RZ_CNOT,none,circular,cnot,hamiltonian_local,6,8,7,same_entangling_gate_count,3,0,RX,0,54,layer_003_wire_000_RX,3,-0.03804652065414599,0.00079523775376833,0.03804652065414599,0.0
random_bp,expectation_value,bcw_6q_random_bp,hea,RX_RY_RZ_CNOT,none,circular,cnot,hamiltonian_local,6,8,7,same_entangling_gate_count,3,0,RY,1,55,layer_003_wire_000_RY,3,0.00287906617218793,0.001188601327675643,0.024516178659282187,0.0
random_bp,expectation_value,bcw_6q_random_bp,hea,RX_RY_RZ_CNOT,none,circular,cnot,hamiltonian_local,6,8,7,same_entangling_gate_count,3,0,RZ,2,56,layer_003_wire_000_RZ,3,-0.03688450397928933,0.00039986967016979554,0.03688450397928933,0.0
random_bp,expectation_value,bcw_6q_random_bp,hea,RX_RY_RZ_CNOT,none,circular,cnot,hamiltonian_local,6,8,7,same_entangling_gate_count,3,1,RX,0,57,layer_003_wire_001_RX,3,0.008571295846113207,0.001558657198310657,0.0270924415171933,0.0
random_bp,expectation_value,bcw_6q_random_bp,hea,RX_RY_RZ_CNOT,none,circular,cnot,hamiltonian_local,6,8,7,same_entangling_gate_count,3,1,RY,1,58,layer_003_wire_001_RY,3,0.029867275516529186,0.0013461867720191763,0.029867275516529183,0.0
random_bp,expectation_value,bcw_6q_random_bp,hea,RX_RY_RZ_CNOT,none,circular,cnot,hamiltonian_local,6,8,7,same_entangling_gate_count,3,1,RZ,2,59,layer_003_wire_001_RZ,3,0.02776253543333702,0.0010471890745162166,0.030635782596617405,0.0
random_bp,expectation_value,bcw_6q_random_bp,hea,RX_RY_RZ_CNOT,none,circular,cnot,hamiltonian_local,6,8,7,same_entangling_gate_count,3,2,RX,0,60,layer_003_wire_002_RX,3,-0.008244025897688736,0.002936845642159328,0.03791498024362581,0.0
random_bp,expectation_value,bcw_6q_random_bp,hea,RX_RY_RZ_CNOT,none,circular,cnot,hamiltonian_local,6,8,7,same_entangling_gate_count,3,2,RY,1,61,layer_003_wire_002_RY,3,0.005676614818680285,6.847348927326659e-05,0.005934156340145041,0.0
random_bp,expectation_value,bcw_6q_random_bp,hea,RX_RY_RZ_CNOT,none,circular,cnot,hamiltonian_local,6,8,7,same_entangling_gate_count,3,2,RZ,2,62,layer_003_wire_002_RZ,3,-0.009671428628151513,0.0023021290417509113,0.03356677883162482,0.0
random_bp,expectation_value,bcw_6q_random_bp,hea,RX_RY_RZ_CNOT,none,circular,cnot,hamiltonian_local,6,8,7,same_entangling_gate_count,3,3,RX,0,63,layer_003_wire_003_RX,3,-0.007635997612117091,0.00048787116629956447,0.014424797563789013,0.0
random_bp,expectation_value,bcw_6q_random_bp,hea,RX_RY_RZ_CNOT,none,circular,cnot,hamiltonian_local,6,8,7,same_entangling_gate_count,3,3,RY,1,64,layer_003_wire_003_RY,3,0.019303487872966024,0.0016406319772789358,0.029284911540847818,0.0
random_bp,expectation_value,bcw_6q_random_bp,hea,RX_RY_RZ_CNOT,none,circular,cnot,hamiltonian_local,6,8,7,same_entangling_gate_count,3,3,RZ,2,65,layer_003_wire_003_RZ,3,0.015198883202811219,0.000797530338861124,0.022186691739747896,0.0
random_bp,expectation_value,bcw_6q_random_bp,hea,RX_RY_RZ_CNOT,none,circular,cnot,hamiltonian_local,6,8,7,same_entangling_gate_count,3,4,RX,0,66,layer_003_wire_004_RX,3,0.0008615922062633237,0.000817940563842757,0.020772681350021784,0.0
random_bp,expectation_value,bcw_6q_random_bp,hea,RX_RY_RZ_CNOT,none,circular,cnot,hamiltonian_local,6,8,7,same_entangling_gate_count,3,4,RY,1,67,layer_003_wire_004_RY,3,0.0024938112544816114,0.0010834159017062157,0.023135798493281772,0.0
random_bp,expectation_value,bcw_6q_random_bp,hea,RX_RY_RZ_CNOT,none,circular,cnot,hamiltonian_local,6,8,7,same_entangling_gate_count,3,4,RZ,2,68,layer_003_wire_004_RZ,3,-0.005417074084519993,0.0016373016661120374,0.02822814503616258,0.0
random_bp,expectation_value,bcw_6q_random_bp,hea,RX_RY_RZ_CNOT,none,circular,cnot,hamiltonian_local,6,8,7,same_entangling_gate_count,3,5,RX,0,69,layer_003_wire_005_RX,3,0.012953085867670772,2.6661870894348873e-05,0.012953085867670772,0.0
random_bp,expectation_value,bcw_6q_random_bp,hea,RX_RY_RZ_CNOT,none,circular,cnot,hamiltonian_local,6,8,7,same_entangling_gate_count,3,5,RY,1,70,layer_003_wire_005_RY,3,-0.015274089354355015,0.0047679790106895815,0.05480270575191524,0.0
random_bp,expectation_value,bcw_6q_random_bp,hea,RX_RY_RZ_CNOT,none,circular,cnot,hamiltonian_local,6,8,7,same_entangling_gate_count,3,5,RZ,2,71,layer_003_wire_005_RZ,3,0.00626498804068666,0.0009166304664909479,0.021609782151122765,0.0
random_bp,expectation_value,bcw_6q_random_bp,hea,RX_RY_RZ_CNOT,none,circular,cnot,hamiltonian_local,6,8,7,same_entangling_gate_count,4,0,RX,0,72,layer_004_wire_000_RX,3,0.012443266780982263,0.0026000602743391,0.034719588656964805,0.0
random_bp,expectation_value,bcw_6q_random_bp,hea,RX_RY_RZ_CNOT,none,circular,cnot,hamiltonian_local,6,8,7,same_entangling_gate_count,4,0,RY,1,73,layer_004_wire_000_RY,3,-0.024968816394664632,0.00018403026720132537,0.024968816394664636,0.0
random_bp,expectation_value,bcw_6q_random_bp,hea,RX_RY_RZ_CNOT,none,circular,cnot,hamiltonian_local,6,8,7,same_entangling_gate_count,4,0,RZ,2,74,layer_004_wire_000_RZ,3,0.0018040605664995032,0.0008546406038399546,0.02186012542505982,0.0
random_bp,expectation_value,bcw_6q_random_bp,hea,RX_RY_RZ_CNOT,none,circular,cnot,hamiltonian_local,6,8,7,same_entangling_gate_count,4,1,RX,0,75,layer_004_wire_001_RX,3,0.014077929355937052,0.0009895663219138232,0.02448487149989506,0.0
random_bp,expectation_value,bcw_6q_random_bp,hea,RX_RY_RZ_CNOT,none,circular,cnot,hamiltonian_local,6,8,7,same_entangling_gate_count,4,1,RY,1,76,layer_004_wire_001_RY,3,-0.0004076837357747543,0.0004092833485793899,0.01470306911961187,0.0
random_bp,expectation_value,bcw_6q_random_bp,hea,RX_RY_RZ_CNOT,none,circular,cnot,hamiltonian_local,6,8,7,same_entangling_gate_count,4,1,RZ,2,77,layer_004_wire_001_RZ,3,-0.009494306720197347,0.0016230765687195656,0.03393772723550329,0.0
random_bp,expectation_value,bcw_6q_random_bp,hea,RX_RY_RZ_CNOT,none,circular,cnot,hamiltonian_local,6,8,7,same_entangling_gate_count,4,2,RX,0,78,layer_004_wire_002_RX,3,0.009373455968941225,0.0009292110855894592,0.021178918690217607,0.0
random_bp,expectation_value,bcw_6q_random_bp,hea,RX_RY_RZ_CNOT,none,circular,cnot,hamiltonian_local,6,8,7,same_entangling_gate_count,4,2,RY,1,79,layer_004_wire_002_RY,3,-0.01750934012764542,0.001371625158648702,0.033286490918091015,0.0
random_bp,expectation_value,bcw_6q_random_bp,hea,RX_RY_RZ_CNOT,none,circular,cnot,hamiltonian_local,6,8,7,same_entangling_gate_count,4,2,RZ,2,80,layer_004_wire_002_RZ,3,-0.02165024656398688,0.00023601644394239443,0.02165024656398688,0.0
random_bp,expectation_value,bcw_6q_random_bp,hea,RX_RY_RZ_CNOT,none,circular,cnot,hamiltonian_local,6,8,7,same_entangling_gate_count,4,3,RX,0,81,layer_004_wire_003_RX,3,-0.029731047266156115,0.0030599419357433956,0.04717213032687617,0.0
random_bp,expectation_value,bcw_6q_random_bp,hea,RX_RY_RZ_CNOT,none,circular,cnot,hamiltonian_local,6,8,7,same_entangling_gate_count,4,3,RY,1,82,layer_004_wire_003_RY,3,-0.01577630375701464,0.0008124273860593675,0.027052348895730313,0.0
random_bp,expectation_value,bcw_6q_random_bp,hea,RX_RY_RZ_CNOT,none,circular,cnot,hamiltonian_local,6,8,7,same_entangling_gate_count,4,3,RZ,2,83,layer_004_wire_003_RZ,3,-0.022983348615997507,0.0013136382670802097,0.03296282725312467,0.0
random_bp,expectation_value,bcw_6q_random_bp,hea,RX_RY_RZ_CNOT,none,circular,cnot,hamiltonian_local,6,8,7,same_entangling_gate_count,4,4,RX,0,84,layer_004_wire_004_RX,3,-0.00364401209147224,0.0005500887202185219,0.01817151814964908,0.0
random_bp,expectation_value,bcw_6q_random_bp,hea,RX_RY_RZ_CNOT,none,circular,cnot,hamiltonian_local,6,8,7,same_entangling_gate_count,4,4,RY,1,85,layer_004_wire_004_RY,3,0.05889621816799649,0.004887145408106627,0.058896218167996485,0.0
random_bp,expectation_value,bcw_6q_random_bp,hea,RX_RY_RZ_CNOT,none,circular,cnot,hamiltonian_local,6,8,7,same_entangling_gate_count,4,4,RZ,2,86,layer_004_wire_004_RZ,3,-0.01881846115738423,0.00019005381702501576,0.01881846115738423,0.0
random_bp,expectation_value,bcw_6q_random_bp,hea,RX_RY_RZ_CNOT,none,circular,cnot,hamiltonian_local,6,8,7,same_entangling_gate_count,4,5,RX,0,87,layer_004_wire_005_RX,3,-0.01902909503243632,0.0016899811316987464,0.03798651943461898,0.0
random_bp,expectation_value,bcw_6q_random_bp,hea,RX_RY_RZ_CNOT,none,circular,cnot,hamiltonian_local,6,8,7,same_entangling_gate_count,4,5,RY,1,88,layer_004_wire_005_RY,3,-0.008737276889896114,0.00011587331967211783,0.011194877855784565,0.0
random_bp,expectation_value,bcw_6q_random_bp,hea,RX_RY_RZ_CNOT,none,circular,cnot,hamiltonian_local,6,8,7,same_entangling_gate_count,4,5,RZ,2,89,layer_004_wire_005_RZ,3,-0.0007591878102502351,9.731280449022114e-05,0.007845849112989673,0.0
random_bp,expectation_value,bcw_6q_random_bp,hea,RX_RY_RZ_CNOT,none,circular,cnot,hamiltonian_local,6,8,7,same_entangling_gate_count,5,0,RX,0,90,layer_005_wire_000_RX,3,-0.018048191618446004,0.0009535797544395465,0.029648931570954797,0.0
random_bp,expectation_value,bcw_6q_random_bp,hea,RX_RY_RZ_CNOT,none,circular,cnot,hamiltonian_local,6,8,7,same_entangling_gate_count,5,0,RY,1,91,layer_005_wire_000_RY,3,0.029952944268676465,3.250064623765168e-05,0.029952944268676465,0.0
random_bp,expectation_value,bcw_6q_random_bp,hea,RX_RY_RZ_CNOT,none,circular,cnot,hamiltonian_local,6,8,7,same_entangling_gate_count,5,0,RZ,2,92,layer_005_wire_000_RZ,3,-0.015985786686064648,0.0007544867015045127,0.01806541052762906,0.0
random_bp,expectation_value,bcw_6q_random_bp,hea,RX_RY_RZ_CNOT,none,circular,cnot,hamiltonian_local,6,8,7,same_entangling_gate_count,5,1,RX,0,93,layer_005_wire_001_RX,3,0.009434987373718218,0.0020251451453432317,0.031918845664001445,0.0
random_bp,expectation_value,bcw_6q_random_bp,hea,RX_RY_RZ_CNOT,none,circular,cnot,hamiltonian_local,6,8,7,same_entangling_gate_count,5,1,RY,1,94,layer_005_wire_001_RY,3,0.05408399693919019,0.0004914456989403254,0.05408399693919019,0.0
random_bp,expectation_value,bcw_6q_random_bp,hea,RX_RY_RZ_CNOT,none,circular,cnot,hamiltonian_local,6,8,7,same_entangling_gate_count,5,1,RZ,2,95,layer_005_wire_001_RZ,3,-0.006202857380383118,8.804824484203052e-05,0.008863020709730446,0.0
random_bp,expectation_value,bcw_6q_random_bp,hea,RX_RY_RZ_CNOT,none,circular,cnot,hamiltonian_local,6,8,7,same_entangling_gate_count,5,2,RX,0,96,layer_005_wire_002_RX,3,-0.0037050937628568077,0.0030055536654047723,0.038555785886506454,0.0
random_bp,expectation_value,bcw_6q_random_bp,hea,RX_RY_RZ_CNOT,none,circular,cnot,hamiltonian_local,6,8,7,same_entangling_gate_count,5,2,RY,1,97,layer_005_wire_002_RY,3,0.011374780679249434,0.00041616858104881395,0.01806435075241173,0.0
random_bp,expectation_value,bcw_6q_random_bp,hea,RX_RY_RZ_CNOT,none,circular,cnot,hamiltonian_local,6,8,7,same_entangling_gate_count,5,2,RZ,2,98,layer_005_wire_002_RZ,3,-0.011317945782348474,0.0010094357838833791,0.028194554276954692,0.0
random_bp,expectation_value,bcw_6q_random_bp,hea,RX_RY_RZ_CNOT,none,circular,cnot,hamiltonian_local,6,8,7,same_entangling_gate_count,5,3,RX,0,99,layer_005_wire_003_RX,3,-0.006446090827722406,0.000766548725741649,0.018712506504040338,0.0
random_bp,expectation_value,bcw_6q_random_bp,hea,RX_RY_RZ_CNOT,none,circular,cnot,hamiltonian_local,6,8,7,same_entangling_gate_count,5,3,RY,1,100,layer_005_wire_003_RY,3,0.03414833096913259,0.0002448911221767477,0.03414833096913259,0.0
random_bp,expectation_value,bcw_6q_random_bp,hea,RX_RY_RZ_CNOT,none,circular,cnot,hamiltonian_local,6,8,7,same_entangling_gate_count,5,3,RZ,2,101,layer_005_wire_003_RZ,3,-0.02558824033688541,0.00014653559088888504,0.02558824033688541,0.0
random_bp,expectation_value,bcw_6q_random_bp,hea,RX_RY_RZ_CNOT,none,circular,cnot,hamiltonian_local,6,8,7,same_entangling_gate_count,5,4,RX,0,102,layer_005_wire_004_RX,3,0.023867529945287472,1.219415539005134e-05,0.023867529945287472,0.0
random_bp,expectation_value,bcw_6q_random_bp,hea,RX_RY_RZ_CNOT,none,circular,cnot,hamiltonian_local,6,8,7,same_entangling_gate_count,5,4,RY,1,103,layer_005_wire_004_RY,3,0.004527533241237404,0.0003657016557554992,0.012953669994286482,0.0
random_bp,expectation_value,bcw_6q_random_bp,hea,RX_RY_RZ_CNOT,none,circular,cnot,hamiltonian_local,6,8,7,same_entangling_gate_count,5,4,RZ,2,104,layer_005_wire_004_RZ,3,0.006821014141063242,0.0004266600823253962,0.018162996075975095,0.0
random_bp,expectation_value,bcw_6q_random_bp,hea,RX_RY_RZ_CNOT,none,circular,cnot,hamiltonian_local,6,8,7,same_entangling_gate_count,5,5,RX,0,105,layer_005_wire_005_RX,3,0.007207090721827219,0.001374947050370603,0.030670000356346604,0.0
random_bp,expectation_value,bcw_6q_random_bp,hea,RX_RY_RZ_CNOT,none,circular,cnot,hamiltonian_local,6,8,7,same_entangling_gate_count,5,5,RY,1,106,layer_005_wire_005_RY,3,-0.0071001170142791364,0.0008261276483137154,0.022714521928706686,0.0
random_bp,expectation_value,bcw_6q_random_bp,hea,RX_RY_RZ_CNOT,none,circular,cnot,hamiltonian_local,6,8,7,same_entangling_gate_count,5,5,RZ,2,107,layer_005_wire_005_RZ,3,0.012588753782788589,0.0015187557550681737,0.02732811416914284,0.0
random_bp,expectation_value,bcw_6q_random_bp,hea,RX_RY_RZ_CNOT,none,circular,cnot,hamiltonian_local,6,8,7,same_entangling_gate_count,6,0,RX,0,108,layer_006_wire_000_RX,3,0.0018088968632660185,5.3697492211283595e-06,0.0018837894132573668,0.0
random_bp,expectation_value,bcw_6q_random_bp,hea,RX_RY_RZ_CNOT,none,circular,cnot,hamiltonian_local,6,8,7,same_entangling_gate_count,6,0,RY,1,109,layer_006_wire_000_RY,3,-0.002597822626834961,0.00048377637151451425,0.014884485634203944,0.0
random_bp,expectation_value,bcw_6q_random_bp,hea,RX_RY_RZ_CNOT,none,circular,cnot,hamiltonian_local,6,8,7,same_entangling_gate_count,6,0,RZ,2,110,layer_006_wire_000_RZ,3,-2.8487495496960417e-18,3.470886274164339e-35,4.2744184176606196e-18,1.0
random_bp,expectation_value,bcw_6q_random_bp,hea,RX_RY_RZ_CNOT,none,circular,cnot,hamiltonian_local,6,8,7,same_entangling_gate_count,6,1,RX,0,111,layer_006_wire_001_RX,3,-1.3299546649155522e-17,1.3040150665121909e-35,1.3299546649155522e-17,1.0
random_bp,expectation_value,bcw_6q_random_bp,hea,RX_RY_RZ_CNOT,none,circular,cnot,hamiltonian_local,6,8,7,same_entangling_gate_count,6,1,RY,1,112,layer_006_wire_001_RY,3,1.156482317317872e-18,2.447535970992112e-34,1.0408340855860843e-17,1.0
random_bp,expectation_value,bcw_6q_random_bp,hea,RX_RY_RZ_CNOT,none,circular,cnot,hamiltonian_local,6,8,7,same_entangling_gate_count,6,1,RZ,2,113,layer_006_wire_001_RZ,3,-1.3233857251270916e-17,2.4133491421586675e-34,1.5869213125813494e-17,1.0
random_bp,expectation_value,bcw_6q_random_bp,hea,RX_RY_RZ_CNOT,none,circular,cnot,hamiltonian_local,6,8,7,same_entangling_gate_count,6,2,RX,0,114,layer_006_wire_002_RX,3,-0.013234236256752945,0.0004962564241825523,0.020460856316177018,0.0
random_bp,expectation_value,bcw_6q_random_bp,hea,RX_RY_RZ_CNOT,none,circular,cnot,hamiltonian_local,6,8,7,same_entangling_gate_count,6,2,RY,1,115,layer_006_wire_002_RY,3,-0.004700090850387362,0.0024123087350350703,0.03583033002164462,0.0
random_bp,expectation_value,bcw_6q_random_bp,hea,RX_RY_RZ_CNOT,none,circular,cnot,hamiltonian_local,6,8,7,same_entangling_gate_count,6,2,RZ,2,116,layer_006_wire_002_RZ,3,2.3191725632718445e-18,4.7596380512257665e-35,4.9034377198990825e-18,1.0
random_bp,expectation_value,bcw_6q_random_bp,hea,RX_RY_RZ_CNOT,none,circular,cnot,hamiltonian_local,6,8,7,same_entangling_gate_count,6,3,RX,0,117,layer_006_wire_003_RX,3,-0.020177945418870406,5.260786981908973e-05,0.02017794541887041,0.0
random_bp,expectation_value,bcw_6q_random_bp,hea,RX_RY_RZ_CNOT,none,circular,cnot,hamiltonian_local,6,8,7,same_entangling_gate_count,6,3,RY,1,118,layer_006_wire_003_RY,3,0.028444762054719918,0.0010961421063228846,0.028444762054719918,0.0
random_bp,expectation_value,bcw_6q_random_bp,hea,RX_RY_RZ_CNOT,none,circular,cnot,hamiltonian_local,6,8,7,same_entangling_gate_count,6,3,RZ,2,119,layer_006_wire_003_RZ,3,3.394057244099033e-18,1.8092425600881854e-35,3.394057244099033e-18,1.0
random_bp,expectation_value,bcw_6q_random_bp,hea,RX_RY_RZ_CNOT,none,circular,cnot,hamiltonian_local,6,8,7,same_entangling_gate_count,6,4,RX,0,120,layer_006_wire_004_RX,3,-0.006910743525589425,4.094722297846952e-05,0.006910743525589424,0.0
random_bp,expectation_value,bcw_6q_random_bp,hea,RX_RY_RZ_CNOT,none,circular,cnot,hamiltonian_local,6,8,7,same_entangling_gate_count,6,4,RY,1,121,layer_006_wire_004_RY,3,0.030183837995309788,0.0021339175983746805,0.044628260462003265,0.0
random_bp,expectation_value,bcw_6q_random_bp,hea,RX_RY_RZ_CNOT,none,circular,cnot,hamiltonian_local,6,8,7,same_entangling_gate_count,6,4,RZ,2,122,layer_006_wire_004_RZ,3,-1.1769301900526438e-18,1.418441321692745e-34,8.058294426584843e-18,1.0
random_bp,expectation_value,bcw_6q_random_bp,hea,RX_RY_RZ_CNOT,none,circular,cnot,hamiltonian_local,6,8,7,same_entangling_gate_count,6,5,RX,0,123,layer_006_wire_005_RX,3,0.01632914010468909,0.00031282709274316287,0.016329140104689086,0.0
random_bp,expectation_value,bcw_6q_random_bp,hea,RX_RY_RZ_CNOT,none,circular,cnot,hamiltonian_local,6,8,7,same_entangling_gate_count,6,5,RY,1,124,layer_006_wire_005_RY,3,0.013733868424901565,0.001649764758502091,0.030664624246306102,0.0
random_bp,expectation_value,bcw_6q_random_bp,hea,RX_RY_RZ_CNOT,none,circular,cnot,hamiltonian_local,6,8,7,same_entangling_gate_count,6,5,RZ,2,125,layer_006_wire_005_RZ,3,-3.985555099059237e-18,3.562634811759638e-34,1.5810934793344142e-17,1.0
