benchmark_mode,objective_type,budget_normalization,experiment_group,ansatz_type,gate_set,encoding_type,entanglement_topology,entangler_type,cost_type,n_qubits,reference_depth,depth,target_entangling_budget,actual_entangling_budget,gates_per_layer,run_id,seed,layer_id,qubit_id,gate_type,axis_id,param_index,param_id,grad_value,abs_grad,is_near_zero
random_bp,expectation_value,same_entangling_gate_count,bcw_6q_random_bp,hea,RX_RY_RZ_CNOT,none,linear,cnot,local,6,1,1,5,5,5,0,0,0,0,RX,0,0,layer_000_wire_000_RX,-0.022713101956709326,0.022713101956709326,False
random_bp,expectation_value,same_entangling_gate_count,bcw_6q_random_bp,hea,RX_RY_RZ_CNOT,none,linear,cnot,local,6,1,1,5,5,5,0,0,0,0,RY,1,1,layer_000_wire_000_RY,0.15629643252321618,0.15629643252321618,False
random_bp,expectation_value,same_entangling_gate_count,bcw_6q_random_bp,hea,RX_RY_RZ_CNOT,none,linear,cnot,local,6,1,1,5,5,5,0,0,0,0,RZ,2,2,layer_000_wire_000_RZ,4.124790050931998e-17,4.124790050931998e-17,True
random_bp,expectation_value,same_entangling_gate_count,bcw_6q_random_bp,hea,RX_RY_RZ_CNOT,none,linear,cnot,local,6,1,1,5,5,5,0,0,0,1,RX,0,3,layer_000_wire_001_RX,-0.0006312336823302134,0.0006312336823302134,False
random_bp,expectation_value,same_entangling_gate_count,bcw_6q_random_bp,hea,RX_RY_RZ_CNOT,none,linear,cnot,local,6,1,1,5,5,5,0,0,0,1,RY,1,4,layer_000_wire_001_RY,0.014424271664832818,0.014424271664832818,False
random_bp,expectation_value,same_entangling_gate_count,bcw_6q_random_bp,hea,RX_RY_RZ_CNOT,none,linear,cnot,local,6,1,1,5,5,5,0,0,0,1,RZ,2,5,layer_000_wire_001_RZ,-2.6452784268697204e-20,2.6452784268697204e-20,True
random_bp,expectation_value,same_entangling_gate_count,bcw_6q_random_bp,hea,RX_RY_RZ_CNOT,none,linear,cnot,local,6,1,1,5,5,5,0,0,0,2,RX,0,6,layer_000_wire_002_RX,-0.0006875228191072016,0.0006875228191072016,False
random_bp,expectation_value,same_entangling_gate_count,bcw_6q_random_bp,hea,RX_RY_RZ_CNOT,none,linear,cnot,local,6,1,1,5,5,5,0,0,0,2,RY,1,7,layer_000_wire_002_RY,-0.006698739251857419,0.006698739251857419,False
random_bp,expectation_value,same_entangling_gate_count,bcw_6q_random_bp,hea,RX_RY_RZ_CNOT,none,linear,cnot,local,6,1,1,5,5,5,0,0,0,2,RZ,2,8,layer_000_wire_002_RZ,1.1446802883903687e-18,1.1446802883903687e-18,True
random_bp,expectation_value,same_entangling_gate_count,bcw_6q_random_bp,hea,RX_RY_RZ_CNOT,none,linear,cnot,local,6,1,1,5,5,5,0,0,0,3,RX,0,9,layer_000_wire_003_RX,0.00014922796131764272,0.00014922796131764272,False
random_bp,expectation_value,same_entangling_gate_count,bcw_6q_random_bp,hea,RX_RY_RZ_CNOT,none,linear,cnot,local,6,1,1,5,5,5,0,0,0,3,RY,1,10,layer_000_wire_003_RY,0.0007862902833360164,0.0007862902833360164,False
random_bp,expectation_value,same_entangling_gate_count,bcw_6q_random_bp,hea,RX_RY_RZ_CNOT,none,linear,cnot,local,6,1,1,5,5,5,0,0,0,3,RZ,2,11,layer_000_wire_003_RZ,-3.751536125353818e-18,3.751536125353818e-18,True
random_bp,expectation_value,same_entangling_gate_count,bcw_6q_random_bp,hea,RX_RY_RZ_CNOT,none,linear,cnot,local,6,1,1,5,5,5,0,0,0,4,RX,0,12,layer_000_wire_004_RX,0.00019050501466255643,0.00019050501466255643,False
random_bp,expectation_value,same_entangling_gate_count,bcw_6q_random_bp,hea,RX_RY_RZ_CNOT,none,linear,cnot,local,6,1,1,5,5,5,0,0,0,4,RY,1,13,layer_000_wire_004_RY,-3.2653708707886756e-05,3.2653708707886756e-05,False
random_bp,expectation_value,same_entangling_gate_count,bcw_6q_random_bp,hea,RX_RY_RZ_CNOT,none,linear,cnot,local,6,1,1,5,5,5,0,0,0,4,RZ,2,14,layer_000_wire_004_RZ,4.0073943214276596e-18,4.0073943214276596e-18,True
random_bp,expectation_value,same_entangling_gate_count,bcw_6q_random_bp,hea,RX_RY_RZ_CNOT,none,linear,cnot,local,6,1,1,5,5,5,0,0,0,5,RX,0,15,layer_000_wire_005_RX,-6.865492532277286e-05,6.865492532277286e-05,False
random_bp,expectation_value,same_entangling_gate_count,bcw_6q_random_bp,hea,RX_RY_RZ_CNOT,none,linear,cnot,local,6,1,1,5,5,5,0,0,0,5,RY,1,16,layer_000_wire_005_RY,4.019330333193249e-05,4.019330333193249e-05,False
random_bp,expectation_value,same_entangling_gate_count,bcw_6q_random_bp,hea,RX_RY_RZ_CNOT,none,linear,cnot,local,6,1,1,5,5,5,0,0,0,5,RZ,2,17,layer_000_wire_005_RZ,-1.0932097270216221e-17,1.0932097270216221e-17,True
random_bp,expectation_value,same_entangling_gate_count,bcw_6q_random_bp,hea,RX_RY_RZ_CNOT,none,linear,cnot,local,6,1,1,5,5,5,1,1,0,0,RX,0,0,layer_000_wire_000_RX,0.00924869823750003,0.00924869823750003,False
random_bp,expectation_value,same_entangling_gate_count,bcw_6q_random_bp,hea,RX_RY_RZ_CNOT,none,linear,cnot,local,6,1,1,5,5,5,1,1,0,0,RY,1,1,layer_000_wire_000_RY,-0.03998316373211429,0.03998316373211429,False
random_bp,expectation_value,same_entangling_gate_count,bcw_6q_random_bp,hea,RX_RY_RZ_CNOT,none,linear,cnot,local,6,1,1,5,5,5,1,1,0,0,RZ,2,2,layer_000_wire_000_RZ,3.671726950249141e-18,3.671726950249141e-18,True
random_bp,expectation_value,same_entangling_gate_count,bcw_6q_random_bp,hea,RX_RY_RZ_CNOT,none,linear,cnot,local,6,1,1,5,5,5,1,1,0,1,RX,0,3,layer_000_wire_001_RX,0.011345356436800642,0.011345356436800642,False
random_bp,expectation_value,same_entangling_gate_count,bcw_6q_random_bp,hea,RX_RY_RZ_CNOT,none,linear,cnot,local,6,1,1,5,5,5,1,1,0,1,RY,1,4,layer_000_wire_001_RY,0.08290934618790657,0.08290934618790657,False
random_bp,expectation_value,same_entangling_gate_count,bcw_6q_random_bp,hea,RX_RY_RZ_CNOT,none,linear,cnot,local,6,1,1,5,5,5,1,1,0,1,RZ,2,5,layer_000_wire_001_RZ,2.6498382354048605e-17,2.6498382354048605e-17,True
random_bp,expectation_value,same_entangling_gate_count,bcw_6q_random_bp,hea,RX_RY_RZ_CNOT,none,linear,cnot,local,6,1,1,5,5,5,1,1,0,2,RX,0,6,layer_000_wire_002_RX,-0.04313029991161397,0.04313029991161397,False
random_bp,expectation_value,same_entangling_gate_count,bcw_6q_random_bp,hea,RX_RY_RZ_CNOT,none,linear,cnot,local,6,1,1,5,5,5,1,1,0,2,RY,1,7,layer_000_wire_002_RY,-0.014699215306560726,0.014699215306560726,False
random_bp,expectation_value,same_entangling_gate_count,bcw_6q_random_bp,hea,RX_RY_RZ_CNOT,none,linear,cnot,local,6,1,1,5,5,5,1,1,0,2,RZ,2,8,layer_000_wire_002_RZ,1.645604013661975e-18,1.645604013661975e-18,True
random_bp,expectation_value,same_entangling_gate_count,bcw_6q_random_bp,hea,RX_RY_RZ_CNOT,none,linear,cnot,local,6,1,1,5,5,5,1,1,0,3,RX,0,9,layer_000_wire_003_RX,8.178102430900051e-05,8.178102430900051e-05,False
random_bp,expectation_value,same_entangling_gate_count,bcw_6q_random_bp,hea,RX_RY_RZ_CNOT,none,linear,cnot,local,6,1,1,5,5,5,1,1,0,3,RY,1,10,layer_000_wire_003_RY,-0.021178450403886544,0.021178450403886544,False
random_bp,expectation_value,same_entangling_gate_count,bcw_6q_random_bp,hea,RX_RY_RZ_CNOT,none,linear,cnot,local,6,1,1,5,5,5,1,1,0,3,RZ,2,11,layer_000_wire_003_RZ,-1.0361477652978283e-17,1.0361477652978283e-17,True
random_bp,expectation_value,same_entangling_gate_count,bcw_6q_random_bp,hea,RX_RY_RZ_CNOT,none,linear,cnot,local,6,1,1,5,5,5,1,1,0,4,RX,0,12,layer_000_wire_004_RX,3.708122640300876e-05,3.708122640300876e-05,False
random_bp,expectation_value,same_entangling_gate_count,bcw_6q_random_bp,hea,RX_RY_RZ_CNOT,none,linear,cnot,local,6,1,1,5,5,5,1,1,0,4,RY,1,13,layer_000_wire_004_RY,8.245079775382608e-05,8.245079775382608e-05,False
random_bp,expectation_value,same_entangling_gate_count,bcw_6q_random_bp,hea,RX_RY_RZ_CNOT,none,linear,cnot,local,6,1,1,5,5,5,1,1,0,4,RZ,2,14,layer_000_wire_004_RZ,-1.4508599510104768e-17,1.4508599510104768e-17,True
random_bp,expectation_value,same_entangling_gate_count,bcw_6q_random_bp,hea,RX_RY_RZ_CNOT,none,linear,cnot,local,6,1,1,5,5,5,1,1,0,5,RX,0,15,layer_000_wire_005_RX,-1.0744992385385704e-05,1.0744992385385704e-05,False
random_bp,expectation_value,same_entangling_gate_count,bcw_6q_random_bp,hea,RX_RY_RZ_CNOT,none,linear,cnot,local,6,1,1,5,5,5,1,1,0,5,RY,1,16,layer_000_wire_005_RY,4.003081145367848e-05,4.003081145367848e-05,False
random_bp,expectation_value,same_entangling_gate_count,bcw_6q_random_bp,hea,RX_RY_RZ_CNOT,none,linear,cnot,local,6,1,1,5,5,5,1,1,0,5,RZ,2,17,layer_000_wire_005_RZ,-3.215285864766317e-18,3.215285864766317e-18,True
random_bp,expectation_value,same_entangling_gate_count,bcw_6q_random_bp,hea,RX_RY_RZ_CNOT,none,linear,cnot,local,6,1,1,5,5,5,2,2,0,0,RX,0,0,layer_000_wire_000_RX,-0.0030776296639126515,0.0030776296639126515,False
random_bp,expectation_value,same_entangling_gate_count,bcw_6q_random_bp,hea,RX_RY_RZ_CNOT,none,linear,cnot,local,6,1,1,5,5,5,2,2,0,0,RY,1,1,layer_000_wire_000_RY,-0.0007153198415812722,0.0007153198415812722,False
random_bp,expectation_value,same_entangling_gate_count,bcw_6q_random_bp,hea,RX_RY_RZ_CNOT,none,linear,cnot,local,6,1,1,5,5,5,2,2,0,0,RZ,2,2,layer_000_wire_000_RZ,-5.1441036990588675e-18,5.1441036990588675e-18,True
random_bp,expectation_value,same_entangling_gate_count,bcw_6q_random_bp,hea,RX_RY_RZ_CNOT,none,linear,cnot,local,6,1,1,5,5,5,2,2,0,1,RX,0,3,layer_000_wire_001_RX,0.002521579982759068,0.002521579982759068,False
random_bp,expectation_value,same_entangling_gate_count,bcw_6q_random_bp,hea,RX_RY_RZ_CNOT,none,linear,cnot,local,6,1,1,5,5,5,2,2,0,1,RY,1,4,layer_000_wire_001_RY,0.002815172621791631,0.002815172621791631,False
random_bp,expectation_value,same_entangling_gate_count,bcw_6q_random_bp,hea,RX_RY_RZ_CNOT,none,linear,cnot,local,6,1,1,5,5,5,2,2,0,1,RZ,2,5,layer_000_wire_001_RZ,4.887687498442368e-18,4.887687498442368e-18,True
random_bp,expectation_value,same_entangling_gate_count,bcw_6q_random_bp,hea,RX_RY_RZ_CNOT,none,linear,cnot,local,6,1,1,5,5,5,2,2,0,2,RX,0,6,layer_000_wire_002_RX,0.003405020571422151,0.003405020571422151,False
random_bp,expectation_value,same_entangling_gate_count,bcw_6q_random_bp,hea,RX_RY_RZ_CNOT,none,linear,cnot,local,6,1,1,5,5,5,2,2,0,2,RY,1,7,layer_000_wire_002_RY,0.0005056196274720588,0.0005056196274720588,False
random_bp,expectation_value,same_entangling_gate_count,bcw_6q_random_bp,hea,RX_RY_RZ_CNOT,none,linear,cnot,local,6,1,1,5,5,5,2,2,0,2,RZ,2,8,layer_000_wire_002_RZ,-1.4815959220776183e-17,1.4815959220776183e-17,True
random_bp,expectation_value,same_entangling_gate_count,bcw_6q_random_bp,hea,RX_RY_RZ_CNOT,none,linear,cnot,local,6,1,1,5,5,5,2,2,0,3,RX,0,9,layer_000_wire_003_RX,0.000786324662428945,0.000786324662428945,False
random_bp,expectation_value,same_entangling_gate_count,bcw_6q_random_bp,hea,RX_RY_RZ_CNOT,none,linear,cnot,local,6,1,1,5,5,5,2,2,0,3,RY,1,10,layer_000_wire_003_RY,0.00021325409081857842,0.00021325409081857842,False
random_bp,expectation_value,same_entangling_gate_count,bcw_6q_random_bp,hea,RX_RY_RZ_CNOT,none,linear,cnot,local,6,1,1,5,5,5,2,2,0,3,RZ,2,11,layer_000_wire_003_RZ,-4.930065627943088e-18,4.930065627943088e-18,True
random_bp,expectation_value,same_entangling_gate_count,bcw_6q_random_bp,hea,RX_RY_RZ_CNOT,none,linear,cnot,local,6,1,1,5,5,5,2,2,0,4,RX,0,12,layer_000_wire_004_RX,-3.079799576744358e-05,3.079799576744358e-05,False
random_bp,expectation_value,same_entangling_gate_count,bcw_6q_random_bp,hea,RX_RY_RZ_CNOT,none,linear,cnot,local,6,1,1,5,5,5,2,2,0,4,RY,1,13,layer_000_wire_004_RY,0.00012305576260607544,0.00012305576260607544,False
random_bp,expectation_value,same_entangling_gate_count,bcw_6q_random_bp,hea,RX_RY_RZ_CNOT,none,linear,cnot,local,6,1,1,5,5,5,2,2,0,4,RZ,2,14,layer_000_wire_004_RZ,4.284901454240974e-18,4.284901454240974e-18,True
random_bp,expectation_value,same_entangling_gate_count,bcw_6q_random_bp,hea,RX_RY_RZ_CNOT,none,linear,cnot,local,6,1,1,5,5,5,2,2,0,5,RX,0,15,layer_000_wire_005_RX,-0.00014441422450288985,0.00014441422450288985,False
random_bp,expectation_value,same_entangling_gate_count,bcw_6q_random_bp,hea,RX_RY_RZ_CNOT,none,linear,cnot,local,6,1,1,5,5,5,2,2,0,5,RY,1,16,layer_000_wire_005_RY,2.7033553947560545e-05,2.7033553947560545e-05,False
random_bp,expectation_value,same_entangling_gate_count,bcw_6q_random_bp,hea,RX_RY_RZ_CNOT,none,linear,cnot,local,6,1,1,5,5,5,2,2,0,5,RZ,2,17,layer_000_wire_005_RZ,8.989311461540361e-18,8.989311461540361e-18,True
random_bp,expectation_value,same_entangling_gate_count,bcw_6q_random_bp,hea,RX_RY_RZ_CNOT,none,circular,cnot,local,6,1,1,5,6,6,3,0,0,0,RX,0,0,layer_000_wire_000_RX,-0.007043081019363772,0.007043081019363772,False
random_bp,expectation_value,same_entangling_gate_count,bcw_6q_random_bp,hea,RX_RY_RZ_CNOT,none,circular,cnot,local,6,1,1,5,6,6,3,0,0,0,RY,1,1,layer_000_wire_000_RY,0.048465790335316464,0.048465790335316464,False
random_bp,expectation_value,same_entangling_gate_count,bcw_6q_random_bp,hea,RX_RY_RZ_CNOT,none,circular,cnot,local,6,1,1,5,6,6,3,0,0,0,RZ,2,2,layer_000_wire_000_RZ,4.0167925420790214e-17,4.0167925420790214e-17,True
random_bp,expectation_value,same_entangling_gate_count,bcw_6q_random_bp,hea,RX_RY_RZ_CNOT,none,circular,cnot,local,6,1,1,5,6,6,3,0,0,1,RX,0,3,layer_000_wire_001_RX,-0.0006758675564342093,0.0006758675564342093,False
random_bp,expectation_value,same_entangling_gate_count,bcw_6q_random_bp,hea,RX_RY_RZ_CNOT,none,circular,cnot,local,6,1,1,5,6,6,3,0,0,1,RY,1,4,layer_000_wire_001_RY,0.015444196842389245,0.015444196842389245,False
random_bp,expectation_value,same_entangling_gate_count,bcw_6q_random_bp,hea,RX_RY_RZ_CNOT,none,circular,cnot,local,6,1,1,5,6,6,3,0,0,1,RZ,2,5,layer_000_wire_001_RZ,-1.263931179010195e-17,1.263931179010195e-17,True
random_bp,expectation_value,same_entangling_gate_count,bcw_6q_random_bp,hea,RX_RY_RZ_CNOT,none,circular,cnot,local,6,1,1,5,6,6,3,0,0,2,RX,0,6,layer_000_wire_002_RX,-0.0010268232772213412,0.0010268232772213412,False
random_bp,expectation_value,same_entangling_gate_count,bcw_6q_random_bp,hea,RX_RY_RZ_CNOT,none,circular,cnot,local,6,1,1,5,6,6,3,0,0,2,RY,1,7,layer_000_wire_002_RY,-0.010004644501509945,0.010004644501509945,False
random_bp,expectation_value,same_entangling_gate_count,bcw_6q_random_bp,hea,RX_RY_RZ_CNOT,none,circular,cnot,local,6,1,1,5,6,6,3,0,0,2,RZ,2,8,layer_000_wire_002_RZ,-2.9035660261946396e-18,2.9035660261946396e-18,True
random_bp,expectation_value,same_entangling_gate_count,bcw_6q_random_bp,hea,RX_RY_RZ_CNOT,none,circular,cnot,local,6,1,1,5,6,6,3,0,0,3,RX,0,9,layer_000_wire_003_RX,0.0003343218744921977,0.0003343218744921977,False
random_bp,expectation_value,same_entangling_gate_count,bcw_6q_random_bp,hea,RX_RY_RZ_CNOT,none,circular,cnot,local,6,1,1,5,6,6,3,0,0,3,RY,1,10,layer_000_wire_003_RY,0.0017615602270433875,0.0017615602270433875,False
random_bp,expectation_value,same_entangling_gate_count,bcw_6q_random_bp,hea,RX_RY_RZ_CNOT,none,circular,cnot,local,6,1,1,5,6,6,3,0,0,3,RZ,2,11,layer_000_wire_003_RZ,-9.52952336011934e-18,9.52952336011934e-18,True
random_bp,expectation_value,same_entangling_gate_count,bcw_6q_random_bp,hea,RX_RY_RZ_CNOT,none,circular,cnot,local,6,1,1,5,6,6,3,0,0,4,RX,0,12,layer_000_wire_004_RX,0.0007257219629169796,0.0007257219629169796,False
random_bp,expectation_value,same_entangling_gate_count,bcw_6q_random_bp,hea,RX_RY_RZ_CNOT,none,circular,cnot,local,6,1,1,5,6,6,3,0,0,4,RY,1,13,layer_000_wire_004_RY,-0.00012439312225966906,0.00012439312225966906,False
random_bp,expectation_value,same_entangling_gate_count,bcw_6q_random_bp,hea,RX_RY_RZ_CNOT,none,circular,cnot,local,6,1,1,5,6,6,3,0,0,4,RZ,2,14,layer_000_wire_004_RZ,7.438321535019171e-18,7.438321535019171e-18,True
random_bp,expectation_value,same_entangling_gate_count,bcw_6q_random_bp,hea,RX_RY_RZ_CNOT,none,circular,cnot,local,6,1,1,5,6,6,3,0,0,5,RX,0,15,layer_000_wire_005_RX,-0.000917794488414028,0.000917794488414028,False
random_bp,expectation_value,same_entangling_gate_count,bcw_6q_random_bp,hea,RX_RY_RZ_CNOT,none,circular,cnot,local,6,1,1,5,6,6,3,0,0,5,RY,1,16,layer_000_wire_005_RY,0.0005373131220486171,0.0005373131220486171,False
random_bp,expectation_value,same_entangling_gate_count,bcw_6q_random_bp,hea,RX_RY_RZ_CNOT,none,circular,cnot,local,6,1,1,5,6,6,3,0,0,5,RZ,2,17,layer_000_wire_005_RZ,-7.190029653489563e-18,7.190029653489563e-18,True
random_bp,expectation_value,same_entangling_gate_count,bcw_6q_random_bp,hea,RX_RY_RZ_CNOT,none,circular,cnot,local,6,1,1,5,6,6,4,1,0,0,RX,0,0,layer_000_wire_000_RX,-0.0025252407847576696,0.0025252407847576696,False
random_bp,expectation_value,same_entangling_gate_count,bcw_6q_random_bp,hea,RX_RY_RZ_CNOT,none,circular,cnot,local,6,1,1,5,6,6,4,1,0,0,RY,1,1,layer_000_wire_000_RY,0.01091690021311262,0.01091690021311262,False
random_bp,expectation_value,same_entangling_gate_count,bcw_6q_random_bp,hea,RX_RY_RZ_CNOT,none,circular,cnot,local,6,1,1,5,6,6,4,1,0,0,RZ,2,2,layer_000_wire_000_RZ,4.733181272908647e-18,4.733181272908647e-18,True
random_bp,expectation_value,same_entangling_gate_count,bcw_6q_random_bp,hea,RX_RY_RZ_CNOT,none,circular,cnot,local,6,1,1,5,6,6,4,1,0,1,RX,0,3,layer_000_wire_001_RX,0.011357936956731287,0.011357936956731287,False
random_bp,expectation_value,same_entangling_gate_count,bcw_6q_random_bp,hea,RX_RY_RZ_CNOT,none,circular,cnot,local,6,1,1,5,6,6,4,1,0,1,RY,1,4,layer_000_wire_001_RY,0.08300128183470303,0.08300128183470303,False
random_bp,expectation_value,same_entangling_gate_count,bcw_6q_random_bp,hea,RX_RY_RZ_CNOT,none,circular,cnot,local,6,1,1,5,6,6,4,1,0,1,RZ,2,5,layer_000_wire_001_RZ,2.0434051835223535e-17,2.0434051835223535e-17,True
random_bp,expectation_value,same_entangling_gate_count,bcw_6q_random_bp,hea,RX_RY_RZ_CNOT,none,circular,cnot,local,6,1,1,5,6,6,4,1,0,2,RX,0,6,layer_000_wire_002_RX,-0.04305944871134404,0.04305944871134404,False
random_bp,expectation_value,same_entangling_gate_count,bcw_6q_random_bp,hea,RX_RY_RZ_CNOT,none,circular,cnot,local,6,1,1,5,6,6,4,1,0,2,RY,1,7,layer_000_wire_002_RY,-0.014675068545475584,0.014675068545475584,False
random_bp,expectation_value,same_entangling_gate_count,bcw_6q_random_bp,hea,RX_RY_RZ_CNOT,none,circular,cnot,local,6,1,1,5,6,6,4,1,0,2,RZ,2,8,layer_000_wire_002_RZ,4.292475570129308e-18,4.292475570129308e-18,True
random_bp,expectation_value,same_entangling_gate_count,bcw_6q_random_bp,hea,RX_RY_RZ_CNOT,none,circular,cnot,local,6,1,1,5,6,6,4,1,0,3,RX,0,9,layer_000_wire_003_RX,7.51992519715688e-05,7.51992519715688e-05,False
random_bp,expectation_value,same_entangling_gate_count,bcw_6q_random_bp,hea,RX_RY_RZ_CNOT,none,circular,cnot,local,6,1,1,5,6,6,4,1,0,3,RY,1,10,layer_000_wire_003_RY,-0.01947399952184715,0.01947399952184715,False
random_bp,expectation_value,same_entangling_gate_count,bcw_6q_random_bp,hea,RX_RY_RZ_CNOT,none,circular,cnot,local,6,1,1,5,6,6,4,1,0,3,RZ,2,11,layer_000_wire_003_RZ,6.398160593272641e-18,6.398160593272641e-18,True
random_bp,expectation_value,same_entangling_gate_count,bcw_6q_random_bp,hea,RX_RY_RZ_CNOT,none,circular,cnot,local,6,1,1,5,6,6,4,1,0,4,RX,0,12,layer_000_wire_004_RX,0.00010580287125634691,0.00010580287125634691,False
random_bp,expectation_value,same_entangling_gate_count,bcw_6q_random_bp,hea,RX_RY_RZ_CNOT,none,circular,cnot,local,6,1,1,5,6,6,4,1,0,4,RY,1,13,layer_000_wire_004_RY,0.00023525465541305787,0.00023525465541305787,False
random_bp,expectation_value,same_entangling_gate_count,bcw_6q_random_bp,hea,RX_RY_RZ_CNOT,none,circular,cnot,local,6,1,1,5,6,6,4,1,0,4,RZ,2,14,layer_000_wire_004_RZ,-6.799117619322111e-18,6.799117619322111e-18,True
random_bp,expectation_value,same_entangling_gate_count,bcw_6q_random_bp,hea,RX_RY_RZ_CNOT,none,circular,cnot,local,6,1,1,5,6,6,4,1,0,5,RX,0,15,layer_000_wire_005_RX,5.735325831679114e-07,5.735325831679114e-07,True
random_bp,expectation_value,same_entangling_gate_count,bcw_6q_random_bp,hea,RX_RY_RZ_CNOT,none,circular,cnot,local,6,1,1,5,6,6,4,1,0,5,RY,1,16,layer_000_wire_005_RY,-2.1367139106456823e-06,2.1367139106456823e-06,False
random_bp,expectation_value,same_entangling_gate_count,bcw_6q_random_bp,hea,RX_RY_RZ_CNOT,none,circular,cnot,local,6,1,1,5,6,6,4,1,0,5,RZ,2,17,layer_000_wire_005_RZ,-5.301568753744322e-18,5.301568753744322e-18,True
random_bp,expectation_value,same_entangling_gate_count,bcw_6q_random_bp,hea,RX_RY_RZ_CNOT,none,circular,cnot,local,6,1,1,5,6,6,5,2,0,0,RX,0,0,layer_000_wire_000_RX,-0.05294241482752056,0.05294241482752056,False
random_bp,expectation_value,same_entangling_gate_count,bcw_6q_random_bp,hea,RX_RY_RZ_CNOT,none,circular,cnot,local,6,1,1,5,6,6,5,2,0,0,RY,1,1,layer_000_wire_000_RY,-0.012305171161889138,0.012305171161889138,False
random_bp,expectation_value,same_entangling_gate_count,bcw_6q_random_bp,hea,RX_RY_RZ_CNOT,none,circular,cnot,local,6,1,1,5,6,6,5,2,0,0,RZ,2,2,layer_000_wire_000_RZ,-7.003080315700971e-17,7.003080315700971e-17,True
random_bp,expectation_value,same_entangling_gate_count,bcw_6q_random_bp,hea,RX_RY_RZ_CNOT,none,circular,cnot,local,6,1,1,5,6,6,5,2,0,1,RX,0,3,layer_000_wire_001_RX,-0.0013604724819450285,0.0013604724819450285,False
random_bp,expectation_value,same_entangling_gate_count,bcw_6q_random_bp,hea,RX_RY_RZ_CNOT,none,circular,cnot,local,6,1,1,5,6,6,5,2,0,1,RY,1,4,layer_000_wire_001_RY,-0.0015188750347239917,0.0015188750347239917,False
random_bp,expectation_value,same_entangling_gate_count,bcw_6q_random_bp,hea,RX_RY_RZ_CNOT,none,circular,cnot,local,6,1,1,5,6,6,5,2,0,1,RZ,2,5,layer_000_wire_001_RZ,3.210299667801979e-17,3.210299667801979e-17,True
random_bp,expectation_value,same_entangling_gate_count,bcw_6q_random_bp,hea,RX_RY_RZ_CNOT,none,circular,cnot,local,6,1,1,5,6,6,5,2,0,2,RX,0,6,layer_000_wire_002_RX,-0.011080528005763958,0.011080528005763958,False
random_bp,expectation_value,same_entangling_gate_count,bcw_6q_random_bp,hea,RX_RY_RZ_CNOT,none,circular,cnot,local,6,1,1,5,6,6,5,2,0,2,RY,1,7,layer_000_wire_002_RY,-0.0016453740366473818,0.0016453740366473818,False
random_bp,expectation_value,same_entangling_gate_count,bcw_6q_random_bp,hea,RX_RY_RZ_CNOT,none,circular,cnot,local,6,1,1,5,6,6,5,2,0,2,RZ,2,8,layer_000_wire_002_RZ,-1.778641705497162e-17,1.778641705497162e-17,True
random_bp,expectation_value,same_entangling_gate_count,bcw_6q_random_bp,hea,RX_RY_RZ_CNOT,none,circular,cnot,local,6,1,1,5,6,6,5,2,0,3,RX,0,9,layer_000_wire_003_RX,-0.008274619263132992,0.008274619263132992,False
random_bp,expectation_value,same_entangling_gate_count,bcw_6q_random_bp,hea,RX_RY_RZ_CNOT,none,circular,cnot,local,6,1,1,5,6,6,5,2,0,3,RY,1,10,layer_000_wire_003_RY,-0.002244106654849748,0.002244106654849748,False
random_bp,expectation_value,same_entangling_gate_count,bcw_6q_random_bp,hea,RX_RY_RZ_CNOT,none,circular,cnot,local,6,1,1,5,6,6,5,2,0,3,RZ,2,11,layer_000_wire_003_RZ,4.14932098934323e-18,4.14932098934323e-18,True
random_bp,expectation_value,same_entangling_gate_count,bcw_6q_random_bp,hea,RX_RY_RZ_CNOT,none,circular,cnot,local,6,1,1,5,6,6,5,2,0,4,RX,0,12,layer_000_wire_004_RX,0.0026531743804694627,0.0026531743804694627,False
random_bp,expectation_value,same_entangling_gate_count,bcw_6q_random_bp,hea,RX_RY_RZ_CNOT,none,circular,cnot,local,6,1,1,5,6,6,5,2,0,4,RY,1,13,layer_000_wire_004_RY,-0.01060096245161133,0.01060096245161133,False
random_bp,expectation_value,same_entangling_gate_count,bcw_6q_random_bp,hea,RX_RY_RZ_CNOT,none,circular,cnot,local,6,1,1,5,6,6,5,2,0,4,RZ,2,14,layer_000_wire_004_RZ,-3.131732080714471e-18,3.131732080714471e-18,True
random_bp,expectation_value,same_entangling_gate_count,bcw_6q_random_bp,hea,RX_RY_RZ_CNOT,none,circular,cnot,local,6,1,1,5,6,6,5,2,0,5,RX,0,15,layer_000_wire_005_RX,-0.006748326003486465,0.006748326003486465,False
random_bp,expectation_value,same_entangling_gate_count,bcw_6q_random_bp,hea,RX_RY_RZ_CNOT,none,circular,cnot,local,6,1,1,5,6,6,5,2,0,5,RY,1,16,layer_000_wire_005_RY,0.0012632497643427988,0.0012632497643427988,False
random_bp,expectation_value,same_entangling_gate_count,bcw_6q_random_bp,hea,RX_RY_RZ_CNOT,none,circular,cnot,local,6,1,1,5,6,6,5,2,0,5,RZ,2,17,layer_000_wire_005_RZ,2.4294182041975482e-18,2.4294182041975482e-18,True
random_bp,expectation_value,same_entangling_gate_count,bcw_6q_random_bp,hea,RX_RY_RZ_CNOT,none,linear,cnot,global,6,1,1,5,5,5,6,0,0,0,RX,0,0,layer_000_wire_000_RX,2.0816681711721685e-17,2.0816681711721685e-17,True
random_bp,expectation_value,same_entangling_gate_count,bcw_6q_random_bp,hea,RX_RY_RZ_CNOT,none,linear,cnot,global,6,1,1,5,5,5,6,0,0,0,RY,1,1,layer_000_wire_000_RY,-6.938893903907228e-18,6.938893903907228e-18,True
random_bp,expectation_value,same_entangling_gate_count,bcw_6q_random_bp,hea,RX_RY_RZ_CNOT,none,linear,cnot,global,6,1,1,5,5,5,6,0,0,0,RZ,2,2,layer_000_wire_000_RZ,1.7196692010038145e-17,1.7196692010038145e-17,True
random_bp,expectation_value,same_entangling_gate_count,bcw_6q_random_bp,hea,RX_RY_RZ_CNOT,none,linear,cnot,global,6,1,1,5,5,5,6,0,0,1,RX,0,3,layer_000_wire_001_RX,-0.00435329709922116,0.00435329709922116,False
random_bp,expectation_value,same_entangling_gate_count,bcw_6q_random_bp,hea,RX_RY_RZ_CNOT,none,linear,cnot,global,6,1,1,5,5,5,6,0,0,1,RY,1,4,layer_000_wire_001_RY,0.09947685263734965,0.09947685263734965,False
random_bp,expectation_value,same_entangling_gate_count,bcw_6q_random_bp,hea,RX_RY_RZ_CNOT,none,linear,cnot,global,6,1,1,5,5,5,6,0,0,1,RZ,2,5,layer_000_wire_001_RZ,-2.0653407087452978e-18,2.0653407087452978e-18,True
random_bp,expectation_value,same_entangling_gate_count,bcw_6q_random_bp,hea,RX_RY_RZ_CNOT,none,linear,cnot,global,6,1,1,5,5,5,6,0,0,2,RX,0,6,layer_000_wire_002_RX,-8.673617379884035e-18,8.673617379884035e-18,True
random_bp,expectation_value,same_entangling_gate_count,bcw_6q_random_bp,hea,RX_RY_RZ_CNOT,none,linear,cnot,global,6,1,1,5,5,5,6,0,0,2,RY,1,7,layer_000_wire_002_RY,1.734723475976807e-17,1.734723475976807e-17,True
random_bp,expectation_value,same_entangling_gate_count,bcw_6q_random_bp,hea,RX_RY_RZ_CNOT,none,linear,cnot,global,6,1,1,5,5,5,6,0,0,2,RZ,2,8,layer_000_wire_002_RZ,7.699135455557276e-18,7.699135455557276e-18,True
random_bp,expectation_value,same_entangling_gate_count,bcw_6q_random_bp,hea,RX_RY_RZ_CNOT,none,linear,cnot,global,6,1,1,5,5,5,6,0,0,3,RX,0,9,layer_000_wire_003_RX,0.018052853611330622,0.018052853611330622,False
random_bp,expectation_value,same_entangling_gate_count,bcw_6q_random_bp,hea,RX_RY_RZ_CNOT,none,linear,cnot,global,6,1,1,5,5,5,6,0,0,3,RY,1,10,layer_000_wire_003_RY,0.09512147224784433,0.09512147224784433,False
random_bp,expectation_value,same_entangling_gate_count,bcw_6q_random_bp,hea,RX_RY_RZ_CNOT,none,linear,cnot,global,6,1,1,5,5,5,6,0,0,3,RZ,2,11,layer_000_wire_003_RZ,1.5016035345000207e-17,1.5016035345000207e-17,True
random_bp,expectation_value,same_entangling_gate_count,bcw_6q_random_bp,hea,RX_RY_RZ_CNOT,none,linear,cnot,global,6,1,1,5,5,5,6,0,0,4,RX,0,12,layer_000_wire_004_RX,-1.734723475976807e-17,1.734723475976807e-17,True
random_bp,expectation_value,same_entangling_gate_count,bcw_6q_random_bp,hea,RX_RY_RZ_CNOT,none,linear,cnot,global,6,1,1,5,5,5,6,0,0,4,RY,1,13,layer_000_wire_004_RY,-1.474514954580286e-17,1.474514954580286e-17,True
random_bp,expectation_value,same_entangling_gate_count,bcw_6q_random_bp,hea,RX_RY_RZ_CNOT,none,linear,cnot,global,6,1,1,5,5,5,6,0,0,4,RZ,2,14,layer_000_wire_004_RZ,-4.268521037704511e-18,4.268521037704511e-18,True
random_bp,expectation_value,same_entangling_gate_count,bcw_6q_random_bp,hea,RX_RY_RZ_CNOT,none,linear,cnot,global,6,1,1,5,5,5,6,0,0,5,RX,0,15,layer_000_wire_005_RX,-0.08281953720227765,0.08281953720227765,False
random_bp,expectation_value,same_entangling_gate_count,bcw_6q_random_bp,hea,RX_RY_RZ_CNOT,none,linear,cnot,global,6,1,1,5,5,5,6,0,0,5,RY,1,16,layer_000_wire_005_RY,0.048485826252534794,0.048485826252534794,False
random_bp,expectation_value,same_entangling_gate_count,bcw_6q_random_bp,hea,RX_RY_RZ_CNOT,none,linear,cnot,global,6,1,1,5,5,5,6,0,0,5,RZ,2,17,layer_000_wire_005_RZ,2.8640507107908175e-18,2.8640507107908175e-18,True
random_bp,expectation_value,same_entangling_gate_count,bcw_6q_random_bp,hea,RX_RY_RZ_CNOT,none,linear,cnot,global,6,1,1,5,5,5,7,1,0,0,RX,0,0,layer_000_wire_000_RX,-9.974659986866641e-18,9.974659986866641e-18,True
random_bp,expectation_value,same_entangling_gate_count,bcw_6q_random_bp,hea,RX_RY_RZ_CNOT,none,linear,cnot,global,6,1,1,5,5,5,7,1,0,0,RY,1,1,layer_000_wire_000_RY,5.312590645178972e-18,5.312590645178972e-18,True
random_bp,expectation_value,same_entangling_gate_count,bcw_6q_random_bp,hea,RX_RY_RZ_CNOT,none,linear,cnot,global,6,1,1,5,5,5,7,1,0,0,RZ,2,2,layer_000_wire_000_RZ,-5.088209856082132e-19,5.088209856082132e-19,True
random_bp,expectation_value,same_entangling_gate_count,bcw_6q_random_bp,hea,RX_RY_RZ_CNOT,none,linear,cnot,global,6,1,1,5,5,5,7,1,0,1,RX,0,3,layer_000_wire_001_RX,0.001664991000745175,0.001664991000745175,False
random_bp,expectation_value,same_entangling_gate_count,bcw_6q_random_bp,hea,RX_RY_RZ_CNOT,none,linear,cnot,global,6,1,1,5,5,5,7,1,0,1,RY,1,4,layer_000_wire_001_RY,0.01216738460792316,0.01216738460792316,False
random_bp,expectation_value,same_entangling_gate_count,bcw_6q_random_bp,hea,RX_RY_RZ_CNOT,none,linear,cnot,global,6,1,1,5,5,5,7,1,0,1,RZ,2,5,layer_000_wire_001_RZ,7.440639555230477e-18,7.440639555230477e-18,True
random_bp,expectation_value,same_entangling_gate_count,bcw_6q_random_bp,hea,RX_RY_RZ_CNOT,none,linear,cnot,global,6,1,1,5,5,5,7,1,0,2,RX,0,6,layer_000_wire_002_RX,-4.336808689942018e-19,4.336808689942018e-19,True
random_bp,expectation_value,same_entangling_gate_count,bcw_6q_random_bp,hea,RX_RY_RZ_CNOT,none,linear,cnot,global,6,1,1,5,5,5,7,1,0,2,RY,1,7,layer_000_wire_002_RY,-7.589415207398531e-18,7.589415207398531e-18,True
random_bp,expectation_value,same_entangling_gate_count,bcw_6q_random_bp,hea,RX_RY_RZ_CNOT,none,linear,cnot,global,6,1,1,5,5,5,7,1,0,2,RZ,2,8,layer_000_wire_002_RZ,7.56146708652644e-18,7.56146708652644e-18,True
random_bp,expectation_value,same_entangling_gate_count,bcw_6q_random_bp,hea,RX_RY_RZ_CNOT,none,linear,cnot,global,6,1,1,5,5,5,7,1,0,3,RX,0,9,layer_000_wire_003_RX,-0.0008710762171323631,0.0008710762171323631,False
random_bp,expectation_value,same_entangling_gate_count,bcw_6q_random_bp,hea,RX_RY_RZ_CNOT,none,linear,cnot,global,6,1,1,5,5,5,7,1,0,3,RY,1,10,layer_000_wire_003_RY,0.22557854488154183,0.22557854488154183,False
random_bp,expectation_value,same_entangling_gate_count,bcw_6q_random_bp,hea,RX_RY_RZ_CNOT,none,linear,cnot,global,6,1,1,5,5,5,7,1,0,3,RZ,2,11,layer_000_wire_003_RZ,-8.74459850643624e-18,8.74459850643624e-18,True
random_bp,expectation_value,same_entangling_gate_count,bcw_6q_random_bp,hea,RX_RY_RZ_CNOT,none,linear,cnot,global,6,1,1,5,5,5,7,1,0,4,RX,0,12,layer_000_wire_004_RX,-1.1275702593849246e-17,1.1275702593849246e-17,True
random_bp,expectation_value,same_entangling_gate_count,bcw_6q_random_bp,hea,RX_RY_RZ_CNOT,none,linear,cnot,global,6,1,1,5,5,5,7,1,0,4,RY,1,13,layer_000_wire_004_RY,1.3010426069826053e-18,1.3010426069826053e-18,True
random_bp,expectation_value,same_entangling_gate_count,bcw_6q_random_bp,hea,RX_RY_RZ_CNOT,none,linear,cnot,global,6,1,1,5,5,5,7,1,0,4,RZ,2,14,layer_000_wire_004_RZ,1.687433025626799e-17,1.687433025626799e-17,True
random_bp,expectation_value,same_entangling_gate_count,bcw_6q_random_bp,hea,RX_RY_RZ_CNOT,none,linear,cnot,global,6,1,1,5,5,5,7,1,0,5,RX,0,15,layer_000_wire_005_RX,0.0014979700615111392,0.0014979700615111392,False
random_bp,expectation_value,same_entangling_gate_count,bcw_6q_random_bp,hea,RX_RY_RZ_CNOT,none,linear,cnot,global,6,1,1,5,5,5,7,1,0,5,RY,1,16,layer_000_wire_005_RY,-0.005580735187605438,0.005580735187605438,False
random_bp,expectation_value,same_entangling_gate_count,bcw_6q_random_bp,hea,RX_RY_RZ_CNOT,none,linear,cnot,global,6,1,1,5,5,5,7,1,0,5,RZ,2,17,layer_000_wire_005_RZ,-2.4884454740580083e-17,2.4884454740580083e-17,True
random_bp,expectation_value,same_entangling_gate_count,bcw_6q_random_bp,hea,RX_RY_RZ_CNOT,none,linear,cnot,global,6,1,1,5,5,5,8,2,0,0,RX,0,0,layer_000_wire_000_RX,9.71445146547012e-17,9.71445146547012e-17,True
random_bp,expectation_value,same_entangling_gate_count,bcw_6q_random_bp,hea,RX_RY_RZ_CNOT,none,linear,cnot,global,6,1,1,5,5,5,8,2,0,0,RY,1,1,layer_000_wire_000_RY,8.326672684688674e-17,8.326672684688674e-17,True
random_bp,expectation_value,same_entangling_gate_count,bcw_6q_random_bp,hea,RX_RY_RZ_CNOT,none,linear,cnot,global,6,1,1,5,5,5,8,2,0,0,RZ,2,2,layer_000_wire_000_RZ,6.973972313983915e-17,6.973972313983915e-17,True
random_bp,expectation_value,same_entangling_gate_count,bcw_6q_random_bp,hea,RX_RY_RZ_CNOT,none,linear,cnot,global,6,1,1,5,5,5,8,2,0,1,RX,0,3,layer_000_wire_001_RX,-0.14705098360837682,0.14705098360837682,False
random_bp,expectation_value,same_entangling_gate_count,bcw_6q_random_bp,hea,RX_RY_RZ_CNOT,none,linear,cnot,global,6,1,1,5,5,5,8,2,0,1,RY,1,4,layer_000_wire_001_RY,-0.16417242597590173,0.16417242597590173,False
random_bp,expectation_value,same_entangling_gate_count,bcw_6q_random_bp,hea,RX_RY_RZ_CNOT,none,linear,cnot,global,6,1,1,5,5,5,8,2,0,1,RZ,2,5,layer_000_wire_001_RZ,-1.0097316425226164e-16,1.0097316425226164e-16,True
random_bp,expectation_value,same_entangling_gate_count,bcw_6q_random_bp,hea,RX_RY_RZ_CNOT,none,linear,cnot,global,6,1,1,5,5,5,8,2,0,2,RX,0,6,layer_000_wire_002_RX,0.0,0.0,True
random_bp,expectation_value,same_entangling_gate_count,bcw_6q_random_bp,hea,RX_RY_RZ_CNOT,none,linear,cnot,global,6,1,1,5,5,5,8,2,0,2,RY,1,7,layer_000_wire_002_RY,2.0816681711721685e-17,2.0816681711721685e-17,True
random_bp,expectation_value,same_entangling_gate_count,bcw_6q_random_bp,hea,RX_RY_RZ_CNOT,none,linear,cnot,global,6,1,1,5,5,5,8,2,0,2,RZ,2,8,layer_000_wire_002_RZ,1.2345894202160443e-16,1.2345894202160443e-16,True
random_bp,expectation_value,same_entangling_gate_count,bcw_6q_random_bp,hea,RX_RY_RZ_CNOT,none,linear,cnot,global,6,1,1,5,5,5,8,2,0,3,RX,0,9,layer_000_wire_003_RX,-0.3432258396270238,0.3432258396270238,False
random_bp,expectation_value,same_entangling_gate_count,bcw_6q_random_bp,hea,RX_RY_RZ_CNOT,none,linear,cnot,global,6,1,1,5,5,5,8,2,0,3,RY,1,10,layer_000_wire_003_RY,-0.0930840883827892,0.0930840883827892,False
random_bp,expectation_value,same_entangling_gate_count,bcw_6q_random_bp,hea,RX_RY_RZ_CNOT,none,linear,cnot,global,6,1,1,5,5,5,8,2,0,3,RZ,2,11,layer_000_wire_003_RZ,5.729635663072178e-18,5.729635663072178e-18,True
random_bp,expectation_value,same_entangling_gate_count,bcw_6q_random_bp,hea,RX_RY_RZ_CNOT,none,linear,cnot,global,6,1,1,5,5,5,8,2,0,4,RX,0,12,layer_000_wire_004_RX,0.0,0.0,True
random_bp,expectation_value,same_entangling_gate_count,bcw_6q_random_bp,hea,RX_RY_RZ_CNOT,none,linear,cnot,global,6,1,1,5,5,5,8,2,0,4,RY,1,13,layer_000_wire_004_RY,4.163336342344337e-17,4.163336342344337e-17,True
random_bp,expectation_value,same_entangling_gate_count,bcw_6q_random_bp,hea,RX_RY_RZ_CNOT,none,linear,cnot,global,6,1,1,5,5,5,8,2,0,4,RZ,2,14,layer_000_wire_004_RZ,-9.865146157215344e-18,9.865146157215344e-18,True
random_bp,expectation_value,same_entangling_gate_count,bcw_6q_random_bp,hea,RX_RY_RZ_CNOT,none,linear,cnot,global,6,1,1,5,5,5,8,2,0,5,RX,0,15,layer_000_wire_005_RX,-0.2501541984792561,0.2501541984792561,False
random_bp,expectation_value,same_entangling_gate_count,bcw_6q_random_bp,hea,RX_RY_RZ_CNOT,none,linear,cnot,global,6,1,1,5,5,5,8,2,0,5,RY,1,16,layer_000_wire_005_RY,0.046827499459128334,0.046827499459128334,False
random_bp,expectation_value,same_entangling_gate_count,bcw_6q_random_bp,hea,RX_RY_RZ_CNOT,none,linear,cnot,global,6,1,1,5,5,5,8,2,0,5,RZ,2,17,layer_000_wire_005_RZ,-2.22923393422048e-17,2.22923393422048e-17,True
random_bp,expectation_value,same_entangling_gate_count,bcw_6q_random_bp,hea,RX_RY_RZ_CNOT,none,circular,cnot,global,6,1,1,5,6,6,9,0,0,0,RX,0,0,layer_000_wire_000_RX,-0.005783867750858365,0.005783867750858365,False
random_bp,expectation_value,same_entangling_gate_count,bcw_6q_random_bp,hea,RX_RY_RZ_CNOT,none,circular,cnot,global,6,1,1,5,6,6,9,0,0,0,RY,1,1,layer_000_wire_000_RY,0.03980072371304663,0.03980072371304663,False
random_bp,expectation_value,same_entangling_gate_count,bcw_6q_random_bp,hea,RX_RY_RZ_CNOT,none,circular,cnot,global,6,1,1,5,6,6,9,0,0,0,RZ,2,2,layer_000_wire_000_RZ,3.747884238966629e-17,3.747884238966629e-17,True
random_bp,expectation_value,same_entangling_gate_count,bcw_6q_random_bp,hea,RX_RY_RZ_CNOT,none,circular,cnot,global,6,1,1,5,6,6,9,0,0,1,RX,0,3,layer_000_wire_001_RX,-1.3715157481941631e-17,1.3715157481941631e-17,True
random_bp,expectation_value,same_entangling_gate_count,bcw_6q_random_bp,hea,RX_RY_RZ_CNOT,none,circular,cnot,global,6,1,1,5,6,6,9,0,0,1,RY,1,4,layer_000_wire_001_RY,-9.71445146547012e-17,9.71445146547012e-17,True
random_bp,expectation_value,same_entangling_gate_count,bcw_6q_random_bp,hea,RX_RY_RZ_CNOT,none,circular,cnot,global,6,1,1,5,6,6,9,0,0,1,RZ,2,5,layer_000_wire_001_RZ,-1.398682775066484e-18,1.398682775066484e-18,True
random_bp,expectation_value,same_entangling_gate_count,bcw_6q_random_bp,hea,RX_RY_RZ_CNOT,none,circular,cnot,global,6,1,1,5,6,6,9,0,0,2,RX,0,6,layer_000_wire_002_RX,-0.003940630336417282,0.003940630336417282,False
random_bp,expectation_value,same_entangling_gate_count,bcw_6q_random_bp,hea,RX_RY_RZ_CNOT,none,circular,cnot,global,6,1,1,5,6,6,9,0,0,2,RY,1,7,layer_000_wire_002_RY,-0.03839473305903825,0.03839473305903825,False
random_bp,expectation_value,same_entangling_gate_count,bcw_6q_random_bp,hea,RX_RY_RZ_CNOT,none,circular,cnot,global,6,1,1,5,6,6,9,0,0,2,RZ,2,8,layer_000_wire_002_RZ,3.878780667236903e-17,3.878780667236903e-17,True
random_bp,expectation_value,same_entangling_gate_count,bcw_6q_random_bp,hea,RX_RY_RZ_CNOT,none,circular,cnot,global,6,1,1,5,6,6,9,0,0,3,RX,0,9,layer_000_wire_003_RX,1.713039432527097e-17,1.713039432527097e-17,True
random_bp,expectation_value,same_entangling_gate_count,bcw_6q_random_bp,hea,RX_RY_RZ_CNOT,none,circular,cnot,global,6,1,1,5,6,6,9,0,0,3,RY,1,10,layer_000_wire_003_RY,2.992397996059992e-17,2.992397996059992e-17,True
random_bp,expectation_value,same_entangling_gate_count,bcw_6q_random_bp,hea,RX_RY_RZ_CNOT,none,circular,cnot,global,6,1,1,5,6,6,9,0,0,3,RZ,2,11,layer_000_wire_003_RZ,-1.9305328909299486e-17,1.9305328909299486e-17,True
random_bp,expectation_value,same_entangling_gate_count,bcw_6q_random_bp,hea,RX_RY_RZ_CNOT,none,circular,cnot,global,6,1,1,5,6,6,9,0,0,4,RX,0,12,layer_000_wire_004_RX,0.006216001459527894,0.006216001459527894,False
random_bp,expectation_value,same_entangling_gate_count,bcw_6q_random_bp,hea,RX_RY_RZ_CNOT,none,circular,cnot,global,6,1,1,5,6,6,9,0,0,4,RY,1,13,layer_000_wire_004_RY,-0.0010654601473178804,0.0010654601473178804,False
random_bp,expectation_value,same_entangling_gate_count,bcw_6q_random_bp,hea,RX_RY_RZ_CNOT,none,circular,cnot,global,6,1,1,5,6,6,9,0,0,4,RZ,2,14,layer_000_wire_004_RZ,-4.7016853645050155e-18,4.7016853645050155e-18,True
random_bp,expectation_value,same_entangling_gate_count,bcw_6q_random_bp,hea,RX_RY_RZ_CNOT,none,circular,cnot,global,6,1,1,5,6,6,9,0,0,5,RX,0,15,layer_000_wire_005_RX,8.673617379884035e-18,8.673617379884035e-18,True
random_bp,expectation_value,same_entangling_gate_count,bcw_6q_random_bp,hea,RX_RY_RZ_CNOT,none,circular,cnot,global,6,1,1,5,6,6,9,0,0,5,RY,1,16,layer_000_wire_005_RY,-1.5829351718288365e-17,1.5829351718288365e-17,True
random_bp,expectation_value,same_entangling_gate_count,bcw_6q_random_bp,hea,RX_RY_RZ_CNOT,none,circular,cnot,global,6,1,1,5,6,6,9,0,0,5,RZ,2,17,layer_000_wire_005_RZ,-4.080106744332367e-18,4.080106744332367e-18,True
random_bp,expectation_value,same_entangling_gate_count,bcw_6q_random_bp,hea,RX_RY_RZ_CNOT,none,circular,cnot,global,6,1,1,5,6,6,10,1,0,0,RX,0,0,layer_000_wire_000_RX,0.0032026610839064737,0.0032026610839064737,False
random_bp,expectation_value,same_entangling_gate_count,bcw_6q_random_bp,hea,RX_RY_RZ_CNOT,none,circular,cnot,global,6,1,1,5,6,6,10,1,0,0,RY,1,1,layer_000_wire_000_RY,-0.013845464432723885,0.013845464432723885,False
random_bp,expectation_value,same_entangling_gate_count,bcw_6q_random_bp,hea,RX_RY_RZ_CNOT,none,circular,cnot,global,6,1,1,5,6,6,10,1,0,0,RZ,2,2,layer_000_wire_000_RZ,-3.540251297950223e-17,3.540251297950223e-17,True
random_bp,expectation_value,same_entangling_gate_count,bcw_6q_random_bp,hea,RX_RY_RZ_CNOT,none,circular,cnot,global,6,1,1,5,6,6,10,1,0,1,RX,0,3,layer_000_wire_001_RX,5.204170427930421e-18,5.204170427930421e-18,True
random_bp,expectation_value,same_entangling_gate_count,bcw_6q_random_bp,hea,RX_RY_RZ_CNOT,none,circular,cnot,global,6,1,1,5,6,6,10,1,0,1,RY,1,4,layer_000_wire_001_RY,-1.0408340855860843e-16,1.0408340855860843e-16,True
random_bp,expectation_value,same_entangling_gate_count,bcw_6q_random_bp,hea,RX_RY_RZ_CNOT,none,circular,cnot,global,6,1,1,5,6,6,10,1,0,1,RZ,2,5,layer_000_wire_001_RZ,4.282912728693234e-18,4.282912728693234e-18,True
random_bp,expectation_value,same_entangling_gate_count,bcw_6q_random_bp,hea,RX_RY_RZ_CNOT,none,circular,cnot,global,6,1,1,5,6,6,10,1,0,2,RX,0,6,layer_000_wire_002_RX,-0.08103543246025906,0.08103543246025906,False
random_bp,expectation_value,same_entangling_gate_count,bcw_6q_random_bp,hea,RX_RY_RZ_CNOT,none,circular,cnot,global,6,1,1,5,6,6,10,1,0,2,RY,1,7,layer_000_wire_002_RY,-0.02761764401440804,0.02761764401440804,False
random_bp,expectation_value,same_entangling_gate_count,bcw_6q_random_bp,hea,RX_RY_RZ_CNOT,none,circular,cnot,global,6,1,1,5,6,6,10,1,0,2,RZ,2,8,layer_000_wire_002_RZ,-4.172970331936478e-17,4.172970331936478e-17,True
random_bp,expectation_value,same_entangling_gate_count,bcw_6q_random_bp,hea,RX_RY_RZ_CNOT,none,circular,cnot,global,6,1,1,5,6,6,10,1,0,3,RX,0,9,layer_000_wire_003_RX,-3.252606517456513e-17,3.252606517456513e-17,True
random_bp,expectation_value,same_entangling_gate_count,bcw_6q_random_bp,hea,RX_RY_RZ_CNOT,none,circular,cnot,global,6,1,1,5,6,6,10,1,0,3,RY,1,10,layer_000_wire_003_RY,1.0061396160665481e-16,1.0061396160665481e-16,True
random_bp,expectation_value,same_entangling_gate_count,bcw_6q_random_bp,hea,RX_RY_RZ_CNOT,none,circular,cnot,global,6,1,1,5,6,6,10,1,0,3,RZ,2,11,layer_000_wire_003_RZ,3.107687470151193e-17,3.107687470151193e-17,True
random_bp,expectation_value,same_entangling_gate_count,bcw_6q_random_bp,hea,RX_RY_RZ_CNOT,none,circular,cnot,global,6,1,1,5,6,6,10,1,0,4,RX,0,12,layer_000_wire_004_RX,-0.07859977232362718,0.07859977232362718,False
random_bp,expectation_value,same_entangling_gate_count,bcw_6q_random_bp,hea,RX_RY_RZ_CNOT,none,circular,cnot,global,6,1,1,5,6,6,10,1,0,4,RY,1,13,layer_000_wire_004_RY,-0.17476805812518265,0.17476805812518265,False
random_bp,expectation_value,same_entangling_gate_count,bcw_6q_random_bp,hea,RX_RY_RZ_CNOT,none,circular,cnot,global,6,1,1,5,6,6,10,1,0,4,RZ,2,14,layer_000_wire_004_RZ,9.74124782012308e-18,9.74124782012308e-18,True
random_bp,expectation_value,same_entangling_gate_count,bcw_6q_random_bp,hea,RX_RY_RZ_CNOT,none,circular,cnot,global,6,1,1,5,6,6,10,1,0,5,RX,0,15,layer_000_wire_005_RX,-1.9949319973733282e-17,1.9949319973733282e-17,True
random_bp,expectation_value,same_entangling_gate_count,bcw_6q_random_bp,hea,RX_RY_RZ_CNOT,none,circular,cnot,global,6,1,1,5,6,6,10,1,0,5,RY,1,16,layer_000_wire_005_RY,6.938893903907228e-18,6.938893903907228e-18,True
random_bp,expectation_value,same_entangling_gate_count,bcw_6q_random_bp,hea,RX_RY_RZ_CNOT,none,circular,cnot,global,6,1,1,5,6,6,10,1,0,5,RZ,2,17,layer_000_wire_005_RZ,-3.2927257337413637e-18,3.2927257337413637e-18,True
random_bp,expectation_value,same_entangling_gate_count,bcw_6q_random_bp,hea,RX_RY_RZ_CNOT,none,circular,cnot,global,6,1,1,5,6,6,11,2,0,0,RX,0,0,layer_000_wire_000_RX,0.04739035038233298,0.04739035038233298,False
random_bp,expectation_value,same_entangling_gate_count,bcw_6q_random_bp,hea,RX_RY_RZ_CNOT,none,circular,cnot,global,6,1,1,5,6,6,11,2,0,0,RY,1,1,layer_000_wire_000_RY,0.011014729395633343,0.011014729395633343,False
random_bp,expectation_value,same_entangling_gate_count,bcw_6q_random_bp,hea,RX_RY_RZ_CNOT,none,circular,cnot,global,6,1,1,5,6,6,11,2,0,0,RZ,2,2,layer_000_wire_000_RZ,-1.844181459323949e-17,1.844181459323949e-17,True
random_bp,expectation_value,same_entangling_gate_count,bcw_6q_random_bp,hea,RX_RY_RZ_CNOT,none,circular,cnot,global,6,1,1,5,6,6,11,2,0,1,RX,0,3,layer_000_wire_001_RX,-3.2526065174565133e-18,3.2526065174565133e-18,True
random_bp,expectation_value,same_entangling_gate_count,bcw_6q_random_bp,hea,RX_RY_RZ_CNOT,none,circular,cnot,global,6,1,1,5,6,6,11,2,0,1,RY,1,4,layer_000_wire_001_RY,-6.071532165918825e-18,6.071532165918825e-18,True
random_bp,expectation_value,same_entangling_gate_count,bcw_6q_random_bp,hea,RX_RY_RZ_CNOT,none,circular,cnot,global,6,1,1,5,6,6,11,2,0,1,RZ,2,5,layer_000_wire_001_RZ,-1.3851097311099023e-17,1.3851097311099023e-17,True
random_bp,expectation_value,same_entangling_gate_count,bcw_6q_random_bp,hea,RX_RY_RZ_CNOT,none,circular,cnot,global,6,1,1,5,6,6,11,2,0,2,RX,0,6,layer_000_wire_002_RX,-0.008422334149779186,0.008422334149779186,False
random_bp,expectation_value,same_entangling_gate_count,bcw_6q_random_bp,hea,RX_RY_RZ_CNOT,none,circular,cnot,global,6,1,1,5,6,6,11,2,0,2,RY,1,7,layer_000_wire_002_RY,-0.0012506524897375273,0.0012506524897375273,False
random_bp,expectation_value,same_entangling_gate_count,bcw_6q_random_bp,hea,RX_RY_RZ_CNOT,none,circular,cnot,global,6,1,1,5,6,6,11,2,0,2,RZ,2,8,layer_000_wire_002_RZ,1.0409925293567158e-17,1.0409925293567158e-17,True
random_bp,expectation_value,same_entangling_gate_count,bcw_6q_random_bp,hea,RX_RY_RZ_CNOT,none,circular,cnot,global,6,1,1,5,6,6,11,2,0,3,RX,0,9,layer_000_wire_003_RX,-4.119968255444917e-18,4.119968255444917e-18,True
random_bp,expectation_value,same_entangling_gate_count,bcw_6q_random_bp,hea,RX_RY_RZ_CNOT,none,circular,cnot,global,6,1,1,5,6,6,11,2,0,3,RY,1,10,layer_000_wire_003_RY,-6.071532165918825e-18,6.071532165918825e-18,True
random_bp,expectation_value,same_entangling_gate_count,bcw_6q_random_bp,hea,RX_RY_RZ_CNOT,none,circular,cnot,global,6,1,1,5,6,6,11,2,0,3,RZ,2,11,layer_000_wire_003_RZ,-1.551156934318719e-17,1.551156934318719e-17,True
random_bp,expectation_value,same_entangling_gate_count,bcw_6q_random_bp,hea,RX_RY_RZ_CNOT,none,circular,cnot,global,6,1,1,5,6,6,11,2,0,4,RX,0,12,layer_000_wire_004_RX,0.001560542362685956,0.001560542362685956,False
random_bp,expectation_value,same_entangling_gate_count,bcw_6q_random_bp,hea,RX_RY_RZ_CNOT,none,circular,cnot,global,6,1,1,5,6,6,11,2,0,4,RY,1,13,layer_000_wire_004_RY,-0.006235267124830239,0.006235267124830239,False
random_bp,expectation_value,same_entangling_gate_count,bcw_6q_random_bp,hea,RX_RY_RZ_CNOT,none,circular,cnot,global,6,1,1,5,6,6,11,2,0,4,RZ,2,14,layer_000_wire_004_RZ,2.734550753187109e-17,2.734550753187109e-17,True
random_bp,expectation_value,same_entangling_gate_count,bcw_6q_random_bp,hea,RX_RY_RZ_CNOT,none,circular,cnot,global,6,1,1,5,6,6,11,2,0,5,RX,0,15,layer_000_wire_005_RX,3.122502256758253e-17,3.122502256758253e-17,True
random_bp,expectation_value,same_entangling_gate_count,bcw_6q_random_bp,hea,RX_RY_RZ_CNOT,none,circular,cnot,global,6,1,1,5,6,6,11,2,0,5,RY,1,16,layer_000_wire_005_RY,1.22514845490862e-17,1.22514845490862e-17,True
random_bp,expectation_value,same_entangling_gate_count,bcw_6q_random_bp,hea,RX_RY_RZ_CNOT,none,circular,cnot,global,6,1,1,5,6,6,11,2,0,5,RZ,2,17,layer_000_wire_005_RZ,-5.285087103777032e-18,5.285087103777032e-18,True
random_bp,expectation_value,same_entangling_gate_count,bcw_6q_random_bp,hea,RX_RY_RZ_CNOT,none,linear,cnot,hamiltonian_local,6,1,1,5,5,5,12,0,0,0,RX,0,0,layer_000_wire_000_RX,0.0,0.0,True
random_bp,expectation_value,same_entangling_gate_count,bcw_6q_random_bp,hea,RX_RY_RZ_CNOT,none,linear,cnot,hamiltonian_local,6,1,1,5,5,5,12,0,0,0,RY,1,1,layer_000_wire_000_RY,-5.551115123125783e-17,5.551115123125783e-17,True
random_bp,expectation_value,same_entangling_gate_count,bcw_6q_random_bp,hea,RX_RY_RZ_CNOT,none,linear,cnot,hamiltonian_local,6,1,1,5,5,5,12,0,0,0,RZ,2,2,layer_000_wire_000_RZ,2.634726323086769e-17,2.634726323086769e-17,True
random_bp,expectation_value,same_entangling_gate_count,bcw_6q_random_bp,hea,RX_RY_RZ_CNOT,none,linear,cnot,hamiltonian_local,6,1,1,5,5,5,12,0,0,1,RX,0,3,layer_000_wire_001_RX,-0.008026368810771761,0.008026368810771761,False
random_bp,expectation_value,same_entangling_gate_count,bcw_6q_random_bp,hea,RX_RY_RZ_CNOT,none,linear,cnot,hamiltonian_local,6,1,1,5,5,5,12,0,0,1,RY,1,4,layer_000_wire_001_RY,0.18340992797045821,0.18340992797045821,False
random_bp,expectation_value,same_entangling_gate_count,bcw_6q_random_bp,hea,RX_RY_RZ_CNOT,none,linear,cnot,hamiltonian_local,6,1,1,5,5,5,12,0,0,1,RZ,2,5,layer_000_wire_001_RZ,-8.605572576179697e-18,8.605572576179697e-18,True
random_bp,expectation_value,same_entangling_gate_count,bcw_6q_random_bp,hea,RX_RY_RZ_CNOT,none,linear,cnot,hamiltonian_local,6,1,1,5,5,5,12,0,0,2,RX,0,6,layer_000_wire_002_RX,-0.015955969166820377,0.015955969166820377,False
random_bp,expectation_value,same_entangling_gate_count,bcw_6q_random_bp,hea,RX_RY_RZ_CNOT,none,linear,cnot,hamiltonian_local,6,1,1,5,5,5,12,0,0,2,RY,1,7,layer_000_wire_002_RY,-0.1554637518766351,0.1554637518766351,False
random_bp,expectation_value,same_entangling_gate_count,bcw_6q_random_bp,hea,RX_RY_RZ_CNOT,none,linear,cnot,hamiltonian_local,6,1,1,5,5,5,12,0,0,2,RZ,2,8,layer_000_wire_002_RZ,1.4639151921765275e-17,1.4639151921765275e-17,True
random_bp,expectation_value,same_entangling_gate_count,bcw_6q_random_bp,hea,RX_RY_RZ_CNOT,none,linear,cnot,hamiltonian_local,6,1,1,5,5,5,12,0,0,3,RX,0,9,layer_000_wire_003_RX,0.03190219677293079,0.03190219677293079,False
random_bp,expectation_value,same_entangling_gate_count,bcw_6q_random_bp,hea,RX_RY_RZ_CNOT,none,linear,cnot,hamiltonian_local,6,1,1,5,5,5,12,0,0,3,RY,1,10,layer_000_wire_003_RY,0.1680944182185685,0.1680944182185685,False
random_bp,expectation_value,same_entangling_gate_count,bcw_6q_random_bp,hea,RX_RY_RZ_CNOT,none,linear,cnot,hamiltonian_local,6,1,1,5,5,5,12,0,0,3,RZ,2,11,layer_000_wire_003_RZ,2.6989478243605845e-17,2.6989478243605845e-17,True
random_bp,expectation_value,same_entangling_gate_count,bcw_6q_random_bp,hea,RX_RY_RZ_CNOT,none,linear,cnot,hamiltonian_local,6,1,1,5,5,5,12,0,0,4,RX,0,12,layer_000_wire_004_RX,0.15269711572504271,0.15269711572504271,False
random_bp,expectation_value,same_entangling_gate_count,bcw_6q_random_bp,hea,RX_RY_RZ_CNOT,none,linear,cnot,hamiltonian_local,6,1,1,5,5,5,12,0,0,4,RY,1,13,layer_000_wire_004_RY,-0.026173206759152856,0.026173206759152856,False
random_bp,expectation_value,same_entangling_gate_count,bcw_6q_random_bp,hea,RX_RY_RZ_CNOT,none,linear,cnot,hamiltonian_local,6,1,1,5,5,5,12,0,0,4,RZ,2,14,layer_000_wire_004_RZ,7.796083232459663e-18,7.796083232459663e-18,True
random_bp,expectation_value,same_entangling_gate_count,bcw_6q_random_bp,hea,RX_RY_RZ_CNOT,none,linear,cnot,hamiltonian_local,6,1,1,5,5,5,12,0,0,5,RX,0,15,layer_000_wire_005_RX,-0.11655261098831096,0.11655261098831096,False
random_bp,expectation_value,same_entangling_gate_count,bcw_6q_random_bp,hea,RX_RY_RZ_CNOT,none,linear,cnot,hamiltonian_local,6,1,1,5,5,5,12,0,0,5,RY,1,16,layer_000_wire_005_RY,0.06823449920827505,0.06823449920827505,False
random_bp,expectation_value,same_entangling_gate_count,bcw_6q_random_bp,hea,RX_RY_RZ_CNOT,none,linear,cnot,hamiltonian_local,6,1,1,5,5,5,12,0,0,5,RZ,2,17,layer_000_wire_005_RZ,-1.3508608863423463e-17,1.3508608863423463e-17,True
random_bp,expectation_value,same_entangling_gate_count,bcw_6q_random_bp,hea,RX_RY_RZ_CNOT,none,linear,cnot,hamiltonian_local,6,1,1,5,5,5,13,1,0,0,RX,0,0,layer_000_wire_000_RX,0.0,0.0,True
random_bp,expectation_value,same_entangling_gate_count,bcw_6q_random_bp,hea,RX_RY_RZ_CNOT,none,linear,cnot,hamiltonian_local,6,1,1,5,5,5,13,1,0,0,RY,1,1,layer_000_wire_000_RY,0.0,0.0,True
random_bp,expectation_value,same_entangling_gate_count,bcw_6q_random_bp,hea,RX_RY_RZ_CNOT,none,linear,cnot,hamiltonian_local,6,1,1,5,5,5,13,1,0,0,RZ,2,2,layer_000_wire_000_RZ,1.26943624637549e-20,1.26943624637549e-20,True
random_bp,expectation_value,same_entangling_gate_count,bcw_6q_random_bp,hea,RX_RY_RZ_CNOT,none,linear,cnot,hamiltonian_local,6,1,1,5,5,5,13,1,0,1,RX,0,3,layer_000_wire_001_RX,-0.02402164444211274,0.02402164444211274,False
random_bp,expectation_value,same_entangling_gate_count,bcw_6q_random_bp,hea,RX_RY_RZ_CNOT,none,linear,cnot,hamiltonian_local,6,1,1,5,5,5,13,1,0,1,RY,1,4,layer_000_wire_001_RY,-0.17554484481366936,0.17554484481366936,False
random_bp,expectation_value,same_entangling_gate_count,bcw_6q_random_bp,hea,RX_RY_RZ_CNOT,none,linear,cnot,hamiltonian_local,6,1,1,5,5,5,13,1,0,1,RZ,2,5,layer_000_wire_001_RZ,1.1166292131480248e-17,1.1166292131480248e-17,True
random_bp,expectation_value,same_entangling_gate_count,bcw_6q_random_bp,hea,RX_RY_RZ_CNOT,none,linear,cnot,hamiltonian_local,6,1,1,5,5,5,13,1,0,2,RX,0,6,layer_000_wire_002_RX,-0.1486587574429395,0.1486587574429395,False
random_bp,expectation_value,same_entangling_gate_count,bcw_6q_random_bp,hea,RX_RY_RZ_CNOT,none,linear,cnot,hamiltonian_local,6,1,1,5,5,5,13,1,0,2,RY,1,7,layer_000_wire_002_RY,-0.05066431458481796,0.05066431458481796,False
random_bp,expectation_value,same_entangling_gate_count,bcw_6q_random_bp,hea,RX_RY_RZ_CNOT,none,linear,cnot,hamiltonian_local,6,1,1,5,5,5,13,1,0,2,RZ,2,8,layer_000_wire_002_RZ,-1.7771855434912647e-18,1.7771855434912647e-18,True
random_bp,expectation_value,same_entangling_gate_count,bcw_6q_random_bp,hea,RX_RY_RZ_CNOT,none,linear,cnot,hamiltonian_local,6,1,1,5,5,5,13,1,0,3,RX,0,9,layer_000_wire_003_RX,-0.0007605693103318531,0.0007605693103318531,False
random_bp,expectation_value,same_entangling_gate_count,bcw_6q_random_bp,hea,RX_RY_RZ_CNOT,none,linear,cnot,hamiltonian_local,6,1,1,5,5,5,13,1,0,3,RY,1,10,layer_000_wire_003_RY,0.19696108667853363,0.19696108667853363,False
random_bp,expectation_value,same_entangling_gate_count,bcw_6q_random_bp,hea,RX_RY_RZ_CNOT,none,linear,cnot,hamiltonian_local,6,1,1,5,5,5,13,1,0,3,RZ,2,11,layer_000_wire_003_RZ,-1.7032798290091754e-17,1.7032798290091754e-17,True
random_bp,expectation_value,same_entangling_gate_count,bcw_6q_random_bp,hea,RX_RY_RZ_CNOT,none,linear,cnot,hamiltonian_local,6,1,1,5,5,5,13,1,0,4,RX,0,12,layer_000_wire_004_RX,-0.0419464515255719,0.0419464515255719,False
random_bp,expectation_value,same_entangling_gate_count,bcw_6q_random_bp,hea,RX_RY_RZ_CNOT,none,linear,cnot,hamiltonian_local,6,1,1,5,5,5,13,1,0,4,RY,1,13,layer_000_wire_004_RY,-0.09326871645609887,0.09326871645609887,False
random_bp,expectation_value,same_entangling_gate_count,bcw_6q_random_bp,hea,RX_RY_RZ_CNOT,none,linear,cnot,hamiltonian_local,6,1,1,5,5,5,13,1,0,4,RZ,2,14,layer_000_wire_004_RZ,-7.977702520729728e-18,7.977702520729728e-18,True
random_bp,expectation_value,same_entangling_gate_count,bcw_6q_random_bp,hea,RX_RY_RZ_CNOT,none,linear,cnot,hamiltonian_local,6,1,1,5,5,5,13,1,0,5,RX,0,15,layer_000_wire_005_RX,-0.038356596324393435,0.038356596324393435,False
random_bp,expectation_value,same_entangling_gate_count,bcw_6q_random_bp,hea,RX_RY_RZ_CNOT,none,linear,cnot,hamiltonian_local,6,1,1,5,5,5,13,1,0,5,RY,1,16,layer_000_wire_005_RY,0.14289872159953262,0.14289872159953262,False
random_bp,expectation_value,same_entangling_gate_count,bcw_6q_random_bp,hea,RX_RY_RZ_CNOT,none,linear,cnot,hamiltonian_local,6,1,1,5,5,5,13,1,0,5,RZ,2,17,layer_000_wire_005_RZ,-1.995319844851309e-18,1.995319844851309e-18,True
random_bp,expectation_value,same_entangling_gate_count,bcw_6q_random_bp,hea,RX_RY_RZ_CNOT,none,linear,cnot,hamiltonian_local,6,1,1,5,5,5,14,2,0,0,RX,0,0,layer_000_wire_000_RX,2.949029909160572e-17,2.949029909160572e-17,True
random_bp,expectation_value,same_entangling_gate_count,bcw_6q_random_bp,hea,RX_RY_RZ_CNOT,none,linear,cnot,hamiltonian_local,6,1,1,5,5,5,14,2,0,0,RY,1,1,layer_000_wire_000_RY,-1.734723475976807e-17,1.734723475976807e-17,True
random_bp,expectation_value,same_entangling_gate_count,bcw_6q_random_bp,hea,RX_RY_RZ_CNOT,none,linear,cnot,hamiltonian_local,6,1,1,5,5,5,14,2,0,0,RZ,2,2,layer_000_wire_000_RZ,2.724054720165686e-17,2.724054720165686e-17,True
random_bp,expectation_value,same_entangling_gate_count,bcw_6q_random_bp,hea,RX_RY_RZ_CNOT,none,linear,cnot,hamiltonian_local,6,1,1,5,5,5,14,2,0,1,RX,0,3,layer_000_wire_001_RX,0.08829632224550717,0.08829632224550717,False
random_bp,expectation_value,same_entangling_gate_count,bcw_6q_random_bp,hea,RX_RY_RZ_CNOT,none,linear,cnot,hamiltonian_local,6,1,1,5,5,5,14,2,0,1,RY,1,4,layer_000_wire_001_RY,0.09857684098461973,0.09857684098461973,False
random_bp,expectation_value,same_entangling_gate_count,bcw_6q_random_bp,hea,RX_RY_RZ_CNOT,none,linear,cnot,hamiltonian_local,6,1,1,5,5,5,14,2,0,1,RZ,2,5,layer_000_wire_001_RZ,5.95547180340023e-18,5.95547180340023e-18,True
random_bp,expectation_value,same_entangling_gate_count,bcw_6q_random_bp,hea,RX_RY_RZ_CNOT,none,linear,cnot,hamiltonian_local,6,1,1,5,5,5,14,2,0,2,RX,0,6,layer_000_wire_002_RX,-0.17397521832468316,0.17397521832468316,False
random_bp,expectation_value,same_entangling_gate_count,bcw_6q_random_bp,hea,RX_RY_RZ_CNOT,none,linear,cnot,hamiltonian_local,6,1,1,5,5,5,14,2,0,2,RY,1,7,layer_000_wire_002_RY,-0.02583399519432515,0.02583399519432515,False
random_bp,expectation_value,same_entangling_gate_count,bcw_6q_random_bp,hea,RX_RY_RZ_CNOT,none,linear,cnot,hamiltonian_local,6,1,1,5,5,5,14,2,0,2,RZ,2,8,layer_000_wire_002_RZ,-5.209260075296596e-18,5.209260075296596e-18,True
random_bp,expectation_value,same_entangling_gate_count,bcw_6q_random_bp,hea,RX_RY_RZ_CNOT,none,linear,cnot,hamiltonian_local,6,1,1,5,5,5,14,2,0,3,RX,0,9,layer_000_wire_003_RX,-0.15448834738150366,0.15448834738150366,False
random_bp,expectation_value,same_entangling_gate_count,bcw_6q_random_bp,hea,RX_RY_RZ_CNOT,none,linear,cnot,hamiltonian_local,6,1,1,5,5,5,14,2,0,3,RY,1,10,layer_000_wire_003_RY,-0.04189779824676894,0.04189779824676894,False
random_bp,expectation_value,same_entangling_gate_count,bcw_6q_random_bp,hea,RX_RY_RZ_CNOT,none,linear,cnot,hamiltonian_local,6,1,1,5,5,5,14,2,0,3,RZ,2,11,layer_000_wire_003_RZ,1.5760970858992772e-17,1.5760970858992772e-17,True
random_bp,expectation_value,same_entangling_gate_count,bcw_6q_random_bp,hea,RX_RY_RZ_CNOT,none,linear,cnot,hamiltonian_local,6,1,1,5,5,5,14,2,0,4,RX,0,12,layer_000_wire_004_RX,0.03989500238791722,0.03989500238791722,False
random_bp,expectation_value,same_entangling_gate_count,bcw_6q_random_bp,hea,RX_RY_RZ_CNOT,none,linear,cnot,hamiltonian_local,6,1,1,5,5,5,14,2,0,4,RY,1,13,layer_000_wire_004_RY,-0.1594035527534462,0.1594035527534462,False
random_bp,expectation_value,same_entangling_gate_count,bcw_6q_random_bp,hea,RX_RY_RZ_CNOT,none,linear,cnot,hamiltonian_local,6,1,1,5,5,5,14,2,0,4,RZ,2,14,layer_000_wire_004_RZ,4.0410716042758515e-19,4.0410716042758515e-19,True
random_bp,expectation_value,same_entangling_gate_count,bcw_6q_random_bp,hea,RX_RY_RZ_CNOT,none,linear,cnot,hamiltonian_local,6,1,1,5,5,5,14,2,0,5,RX,0,15,layer_000_wire_005_RX,0.14540604876781135,0.14540604876781135,False
random_bp,expectation_value,same_entangling_gate_count,bcw_6q_random_bp,hea,RX_RY_RZ_CNOT,none,linear,cnot,hamiltonian_local,6,1,1,5,5,5,14,2,0,5,RY,1,16,layer_000_wire_005_RY,-0.027219218032006387,0.027219218032006387,False
random_bp,expectation_value,same_entangling_gate_count,bcw_6q_random_bp,hea,RX_RY_RZ_CNOT,none,linear,cnot,hamiltonian_local,6,1,1,5,5,5,14,2,0,5,RZ,2,17,layer_000_wire_005_RZ,-1.2616836619630359e-17,1.2616836619630359e-17,True
random_bp,expectation_value,same_entangling_gate_count,bcw_6q_random_bp,hea,RX_RY_RZ_CNOT,none,circular,cnot,hamiltonian_local,6,1,1,5,6,6,15,0,0,0,RX,0,0,layer_000_wire_000_RX,-0.0001254808758266862,0.0001254808758266862,False
random_bp,expectation_value,same_entangling_gate_count,bcw_6q_random_bp,hea,RX_RY_RZ_CNOT,none,circular,cnot,hamiltonian_local,6,1,1,5,6,6,15,0,0,0,RY,1,1,layer_000_wire_000_RY,0.000863475771780503,0.000863475771780503,False
random_bp,expectation_value,same_entangling_gate_count,bcw_6q_random_bp,hea,RX_RY_RZ_CNOT,none,circular,cnot,hamiltonian_local,6,1,1,5,6,6,15,0,0,0,RZ,2,2,layer_000_wire_000_RZ,-9.313476204023313e-19,9.313476204023313e-19,True
random_bp,expectation_value,same_entangling_gate_count,bcw_6q_random_bp,hea,RX_RY_RZ_CNOT,none,circular,cnot,hamiltonian_local,6,1,1,5,6,6,15,0,0,1,RX,0,3,layer_000_wire_001_RX,-2.949029909160572e-17,2.949029909160572e-17,True
random_bp,expectation_value,same_entangling_gate_count,bcw_6q_random_bp,hea,RX_RY_RZ_CNOT,none,circular,cnot,hamiltonian_local,6,1,1,5,6,6,15,0,0,1,RY,1,4,layer_000_wire_001_RY,0.0,0.0,True
random_bp,expectation_value,same_entangling_gate_count,bcw_6q_random_bp,hea,RX_RY_RZ_CNOT,none,circular,cnot,hamiltonian_local,6,1,1,5,6,6,15,0,0,1,RZ,2,5,layer_000_wire_001_RZ,1.1112383399841108e-17,1.1112383399841108e-17,True
random_bp,expectation_value,same_entangling_gate_count,bcw_6q_random_bp,hea,RX_RY_RZ_CNOT,none,circular,cnot,hamiltonian_local,6,1,1,5,6,6,15,0,0,2,RX,0,6,layer_000_wire_002_RX,-0.016041461049972325,0.016041461049972325,False
random_bp,expectation_value,same_entangling_gate_count,bcw_6q_random_bp,hea,RX_RY_RZ_CNOT,none,circular,cnot,hamiltonian_local,6,1,1,5,6,6,15,0,0,2,RY,1,7,layer_000_wire_002_RY,-0.15629672471400075,0.15629672471400075,False
random_bp,expectation_value,same_entangling_gate_count,bcw_6q_random_bp,hea,RX_RY_RZ_CNOT,none,circular,cnot,hamiltonian_local,6,1,1,5,6,6,15,0,0,2,RZ,2,8,layer_000_wire_002_RZ,-2.65780907721611e-18,2.65780907721611e-18,True
random_bp,expectation_value,same_entangling_gate_count,bcw_6q_random_bp,hea,RX_RY_RZ_CNOT,none,circular,cnot,hamiltonian_local,6,1,1,5,6,6,15,0,0,3,RX,0,9,layer_000_wire_003_RX,0.03194883398434281,0.03194883398434281,False
random_bp,expectation_value,same_entangling_gate_count,bcw_6q_random_bp,hea,RX_RY_RZ_CNOT,none,circular,cnot,hamiltonian_local,6,1,1,5,6,6,15,0,0,3,RY,1,10,layer_000_wire_003_RY,0.1683401522341737,0.1683401522341737,False
random_bp,expectation_value,same_entangling_gate_count,bcw_6q_random_bp,hea,RX_RY_RZ_CNOT,none,circular,cnot,hamiltonian_local,6,1,1,5,6,6,15,0,0,3,RZ,2,11,layer_000_wire_003_RZ,-5.806244680986951e-20,5.806244680986951e-20,True
random_bp,expectation_value,same_entangling_gate_count,bcw_6q_random_bp,hea,RX_RY_RZ_CNOT,none,circular,cnot,hamiltonian_local,6,1,1,5,6,6,15,0,0,4,RX,0,12,layer_000_wire_004_RX,0.15283197173159052,0.15283197173159052,False
random_bp,expectation_value,same_entangling_gate_count,bcw_6q_random_bp,hea,RX_RY_RZ_CNOT,none,circular,cnot,hamiltonian_local,6,1,1,5,6,6,15,0,0,4,RY,1,13,layer_000_wire_004_RY,-0.026196321892175037,0.026196321892175037,False
random_bp,expectation_value,same_entangling_gate_count,bcw_6q_random_bp,hea,RX_RY_RZ_CNOT,none,circular,cnot,hamiltonian_local,6,1,1,5,6,6,15,0,0,4,RZ,2,14,layer_000_wire_004_RZ,-1.2926047663100164e-17,1.2926047663100164e-17,True
random_bp,expectation_value,same_entangling_gate_count,bcw_6q_random_bp,hea,RX_RY_RZ_CNOT,none,circular,cnot,hamiltonian_local,6,1,1,5,6,6,15,0,0,5,RX,0,15,layer_000_wire_005_RX,-0.1167665645464965,0.1167665645464965,False
random_bp,expectation_value,same_entangling_gate_count,bcw_6q_random_bp,hea,RX_RY_RZ_CNOT,none,circular,cnot,hamiltonian_local,6,1,1,5,6,6,15,0,0,5,RY,1,16,layer_000_wire_005_RY,0.06835975606672572,0.06835975606672572,False
random_bp,expectation_value,same_entangling_gate_count,bcw_6q_random_bp,hea,RX_RY_RZ_CNOT,none,circular,cnot,hamiltonian_local,6,1,1,5,6,6,15,0,0,5,RZ,2,17,layer_000_wire_005_RZ,-2.6420701801888584e-17,2.6420701801888584e-17,True
random_bp,expectation_value,same_entangling_gate_count,bcw_6q_random_bp,hea,RX_RY_RZ_CNOT,none,circular,cnot,hamiltonian_local,6,1,1,5,6,6,16,1,0,0,RX,0,0,layer_000_wire_000_RX,-8.87932863380056e-06,8.87932863380056e-06,False
random_bp,expectation_value,same_entangling_gate_count,bcw_6q_random_bp,hea,RX_RY_RZ_CNOT,none,circular,cnot,hamiltonian_local,6,1,1,5,6,6,16,1,0,0,RY,1,1,layer_000_wire_000_RY,3.838633735035041e-05,3.838633735035041e-05,False
random_bp,expectation_value,same_entangling_gate_count,bcw_6q_random_bp,hea,RX_RY_RZ_CNOT,none,circular,cnot,hamiltonian_local,6,1,1,5,6,6,16,1,0,0,RZ,2,2,layer_000_wire_000_RZ,1.4961953167405514e-17,1.4961953167405514e-17,True
random_bp,expectation_value,same_entangling_gate_count,bcw_6q_random_bp,hea,RX_RY_RZ_CNOT,none,circular,cnot,hamiltonian_local,6,1,1,5,6,6,16,1,0,1,RX,0,3,layer_000_wire_001_RX,6.938893903907228e-18,6.938893903907228e-18,True
random_bp,expectation_value,same_entangling_gate_count,bcw_6q_random_bp,hea,RX_RY_RZ_CNOT,none,circular,cnot,hamiltonian_local,6,1,1,5,6,6,16,1,0,1,RY,1,4,layer_000_wire_001_RY,0.0,0.0,True
random_bp,expectation_value,same_entangling_gate_count,bcw_6q_random_bp,hea,RX_RY_RZ_CNOT,none,circular,cnot,hamiltonian_local,6,1,1,5,6,6,16,1,0,1,RZ,2,5,layer_000_wire_001_RZ,2.1434688320278133e-17,2.1434688320278133e-17,True
random_bp,expectation_value,same_entangling_gate_count,bcw_6q_random_bp,hea,RX_RY_RZ_CNOT,none,circular,cnot,hamiltonian_local,6,1,1,5,6,6,16,1,0,2,RX,0,6,layer_000_wire_002_RX,-0.14843408795186783,0.14843408795186783,False
random_bp,expectation_value,same_entangling_gate_count,bcw_6q_random_bp,hea,RX_RY_RZ_CNOT,none,circular,cnot,hamiltonian_local,6,1,1,5,6,6,16,1,0,2,RY,1,7,layer_000_wire_002_RY,-0.05058774509124045,0.05058774509124045,False
random_bp,expectation_value,same_entangling_gate_count,bcw_6q_random_bp,hea,RX_RY_RZ_CNOT,none,circular,cnot,hamiltonian_local,6,1,1,5,6,6,16,1,0,2,RZ,2,8,layer_000_wire_002_RZ,2.2813886739179615e-17,2.2813886739179615e-17,True
random_bp,expectation_value,same_entangling_gate_count,bcw_6q_random_bp,hea,RX_RY_RZ_CNOT,none,circular,cnot,hamiltonian_local,6,1,1,5,6,6,16,1,0,3,RX,0,9,layer_000_wire_003_RX,-0.000781440141535323,0.000781440141535323,False
random_bp,expectation_value,same_entangling_gate_count,bcw_6q_random_bp,hea,RX_RY_RZ_CNOT,none,circular,cnot,hamiltonian_local,6,1,1,5,6,6,16,1,0,3,RY,1,10,layer_000_wire_003_RY,0.20236590848487623,0.20236590848487623,False
random_bp,expectation_value,same_entangling_gate_count,bcw_6q_random_bp,hea,RX_RY_RZ_CNOT,none,circular,cnot,hamiltonian_local,6,1,1,5,6,6,16,1,0,3,RZ,2,11,layer_000_wire_003_RZ,1.230928156900025e-17,1.230928156900025e-17,True
random_bp,expectation_value,same_entangling_gate_count,bcw_6q_random_bp,hea,RX_RY_RZ_CNOT,none,circular,cnot,hamiltonian_local,6,1,1,5,6,6,16,1,0,4,RX,0,12,layer_000_wire_004_RX,-0.04172853486479568,0.04172853486479568,False
random_bp,expectation_value,same_entangling_gate_count,bcw_6q_random_bp,hea,RX_RY_RZ_CNOT,none,circular,cnot,hamiltonian_local,6,1,1,5,6,6,16,1,0,4,RY,1,13,layer_000_wire_004_RY,-0.09278417470093739,0.09278417470093739,False
random_bp,expectation_value,same_entangling_gate_count,bcw_6q_random_bp,hea,RX_RY_RZ_CNOT,none,circular,cnot,hamiltonian_local,6,1,1,5,6,6,16,1,0,4,RZ,2,14,layer_000_wire_004_RZ,-1.4682434680966714e-17,1.4682434680966714e-17,True
random_bp,expectation_value,same_entangling_gate_count,bcw_6q_random_bp,hea,RX_RY_RZ_CNOT,none,circular,cnot,hamiltonian_local,6,1,1,5,6,6,16,1,0,5,RX,0,15,layer_000_wire_005_RX,-0.03832070522819917,0.03832070522819917,False
random_bp,expectation_value,same_entangling_gate_count,bcw_6q_random_bp,hea,RX_RY_RZ_CNOT,none,circular,cnot,hamiltonian_local,6,1,1,5,6,6,16,1,0,5,RY,1,16,layer_000_wire_005_RY,0.14276500817721563,0.14276500817721563,False
random_bp,expectation_value,same_entangling_gate_count,bcw_6q_random_bp,hea,RX_RY_RZ_CNOT,none,circular,cnot,hamiltonian_local,6,1,1,5,6,6,16,1,0,5,RZ,2,17,layer_000_wire_005_RZ,6.8211035922346914e-18,6.8211035922346914e-18,True
random_bp,expectation_value,same_entangling_gate_count,bcw_6q_random_bp,hea,RX_RY_RZ_CNOT,none,circular,cnot,hamiltonian_local,6,1,1,5,6,6,17,2,0,0,RX,0,0,layer_000_wire_000_RX,-0.003157004713238612,0.003157004713238612,False
random_bp,expectation_value,same_entangling_gate_count,bcw_6q_random_bp,hea,RX_RY_RZ_CNOT,none,circular,cnot,hamiltonian_local,6,1,1,5,6,6,17,2,0,0,RY,1,1,layer_000_wire_000_RY,-0.0007337686329921475,0.0007337686329921475,False
random_bp,expectation_value,same_entangling_gate_count,bcw_6q_random_bp,hea,RX_RY_RZ_CNOT,none,circular,cnot,hamiltonian_local,6,1,1,5,6,6,17,2,0,0,RZ,2,2,layer_000_wire_000_RZ,5.865410447251556e-17,5.865410447251556e-17,True
random_bp,expectation_value,same_entangling_gate_count,bcw_6q_random_bp,hea,RX_RY_RZ_CNOT,none,circular,cnot,hamiltonian_local,6,1,1,5,6,6,17,2,0,1,RX,0,3,layer_000_wire_001_RX,-1.3877787807814457e-17,1.3877787807814457e-17,True
random_bp,expectation_value,same_entangling_gate_count,bcw_6q_random_bp,hea,RX_RY_RZ_CNOT,none,circular,cnot,hamiltonian_local,6,1,1,5,6,6,17,2,0,1,RY,1,4,layer_000_wire_001_RY,-2.7755575615628914e-17,2.7755575615628914e-17,True
random_bp,expectation_value,same_entangling_gate_count,bcw_6q_random_bp,hea,RX_RY_RZ_CNOT,none,circular,cnot,hamiltonian_local,6,1,1,5,6,6,17,2,0,1,RZ,2,5,layer_000_wire_001_RZ,2.4684666094176312e-18,2.4684666094176312e-18,True
random_bp,expectation_value,same_entangling_gate_count,bcw_6q_random_bp,hea,RX_RY_RZ_CNOT,none,circular,cnot,hamiltonian_local,6,1,1,5,6,6,17,2,0,2,RX,0,6,layer_000_wire_002_RX,-0.17341414738106686,0.17341414738106686,False
random_bp,expectation_value,same_entangling_gate_count,bcw_6q_random_bp,hea,RX_RY_RZ_CNOT,none,circular,cnot,hamiltonian_local,6,1,1,5,6,6,17,2,0,2,RY,1,7,layer_000_wire_002_RY,-0.02575068043144894,0.02575068043144894,False
random_bp,expectation_value,same_entangling_gate_count,bcw_6q_random_bp,hea,RX_RY_RZ_CNOT,none,circular,cnot,hamiltonian_local,6,1,1,5,6,6,17,2,0,2,RZ,2,8,layer_000_wire_002_RZ,-1.0620266348678193e-17,1.0620266348678193e-17,True
random_bp,expectation_value,same_entangling_gate_count,bcw_6q_random_bp,hea,RX_RY_RZ_CNOT,none,circular,cnot,hamiltonian_local,6,1,1,5,6,6,17,2,0,3,RX,0,9,layer_000_wire_003_RX,-0.1541373884701942,0.1541373884701942,False
random_bp,expectation_value,same_entangling_gate_count,bcw_6q_random_bp,hea,RX_RY_RZ_CNOT,none,circular,cnot,hamiltonian_local,6,1,1,5,6,6,17,2,0,3,RY,1,10,layer_000_wire_003_RY,-0.04180261692139277,0.04180261692139277,False
random_bp,expectation_value,same_entangling_gate_count,bcw_6q_random_bp,hea,RX_RY_RZ_CNOT,none,circular,cnot,hamiltonian_local,6,1,1,5,6,6,17,2,0,3,RZ,2,11,layer_000_wire_003_RZ,8.728836525241864e-18,8.728836525241864e-18,True
random_bp,expectation_value,same_entangling_gate_count,bcw_6q_random_bp,hea,RX_RY_RZ_CNOT,none,circular,cnot,hamiltonian_local,6,1,1,5,6,6,17,2,0,4,RX,0,12,layer_000_wire_004_RX,0.03979104367998487,0.03979104367998487,False
random_bp,expectation_value,same_entangling_gate_count,bcw_6q_random_bp,hea,RX_RY_RZ_CNOT,none,circular,cnot,hamiltonian_local,6,1,1,5,6,6,17,2,0,4,RY,1,13,layer_000_wire_004_RY,-0.15898817773421592,0.15898817773421592,False
random_bp,expectation_value,same_entangling_gate_count,bcw_6q_random_bp,hea,RX_RY_RZ_CNOT,none,circular,cnot,hamiltonian_local,6,1,1,5,6,6,17,2,0,4,RZ,2,14,layer_000_wire_004_RZ,-8.305929218220456e-18,8.305929218220456e-18,True
random_bp,expectation_value,same_entangling_gate_count,bcw_6q_random_bp,hea,RX_RY_RZ_CNOT,none,circular,cnot,hamiltonian_local,6,1,1,5,6,6,17,2,0,5,RX,0,15,layer_000_wire_005_RX,0.14566183908142277,0.14566183908142277,False
random_bp,expectation_value,same_entangling_gate_count,bcw_6q_random_bp,hea,RX_RY_RZ_CNOT,none,circular,cnot,hamiltonian_local,6,1,1,5,6,6,17,2,0,5,RY,1,16,layer_000_wire_005_RY,-0.02726710058143035,0.02726710058143035,False
random_bp,expectation_value,same_entangling_gate_count,bcw_6q_random_bp,hea,RX_RY_RZ_CNOT,none,circular,cnot,hamiltonian_local,6,1,1,5,6,6,17,2,0,5,RZ,2,17,layer_000_wire_005_RZ,-2.898364937910977e-18,2.898364937910977e-18,True
random_bp,expectation_value,same_entangling_gate_count,bcw_6q_random_bp,hea,RX_RY_RZ_CNOT,none,linear,cnot,local,6,2,2,10,10,5,18,0,0,0,RX,0,0,layer_000_wire_000_RX,0.05441710796970456,0.05441710796970456,False
random_bp,expectation_value,same_entangling_gate_count,bcw_6q_random_bp,hea,RX_RY_RZ_CNOT,none,linear,cnot,local,6,2,2,10,10,5,18,0,0,0,RY,1,1,layer_000_wire_000_RY,0.01700306637958718,0.01700306637958718,False
random_bp,expectation_value,same_entangling_gate_count,bcw_6q_random_bp,hea,RX_RY_RZ_CNOT,none,linear,cnot,local,6,2,2,10,10,5,18,0,0,0,RZ,2,2,layer_000_wire_000_RZ,0.05644893031495678,0.05644893031495678,False
random_bp,expectation_value,same_entangling_gate_count,bcw_6q_random_bp,hea,RX_RY_RZ_CNOT,none,linear,cnot,local,6,2,2,10,10,5,18,0,0,1,RX,0,3,layer_000_wire_001_RX,0.040490676314135526,0.040490676314135526,False
random_bp,expectation_value,same_entangling_gate_count,bcw_6q_random_bp,hea,RX_RY_RZ_CNOT,none,linear,cnot,local,6,2,2,10,10,5,18,0,0,1,RY,1,4,layer_000_wire_001_RY,-0.03968997264973691,0.03968997264973691,False
random_bp,expectation_value,same_entangling_gate_count,bcw_6q_random_bp,hea,RX_RY_RZ_CNOT,none,linear,cnot,local,6,2,2,10,10,5,18,0,0,1,RZ,2,5,layer_000_wire_001_RZ,-0.03573162073898503,0.03573162073898503,False
random_bp,expectation_value,same_entangling_gate_count,bcw_6q_random_bp,hea,RX_RY_RZ_CNOT,none,linear,cnot,local,6,2,2,10,10,5,18,0,0,2,RX,0,6,layer_000_wire_002_RX,-0.04759998970941134,0.04759998970941134,False
random_bp,expectation_value,same_entangling_gate_count,bcw_6q_random_bp,hea,RX_RY_RZ_CNOT,none,linear,cnot,local,6,2,2,10,10,5,18,0,0,2,RY,1,7,layer_000_wire_002_RY,0.015302121652686691,0.015302121652686691,False
random_bp,expectation_value,same_entangling_gate_count,bcw_6q_random_bp,hea,RX_RY_RZ_CNOT,none,linear,cnot,local,6,2,2,10,10,5,18,0,0,2,RZ,2,8,layer_000_wire_002_RZ,0.04876305564872463,0.04876305564872463,False
random_bp,expectation_value,same_entangling_gate_count,bcw_6q_random_bp,hea,RX_RY_RZ_CNOT,none,linear,cnot,local,6,2,2,10,10,5,18,0,0,3,RX,0,9,layer_000_wire_003_RX,0.010617474138245936,0.010617474138245936,False
random_bp,expectation_value,same_entangling_gate_count,bcw_6q_random_bp,hea,RX_RY_RZ_CNOT,none,linear,cnot,local,6,2,2,10,10,5,18,0,0,3,RY,1,10,layer_000_wire_003_RY,-0.019936061755656303,0.019936061755656303,False
random_bp,expectation_value,same_entangling_gate_count,bcw_6q_random_bp,hea,RX_RY_RZ_CNOT,none,linear,cnot,local,6,2,2,10,10,5,18,0,0,3,RZ,2,11,layer_000_wire_003_RZ,-0.013185800924693227,0.013185800924693227,False
random_bp,expectation_value,same_entangling_gate_count,bcw_6q_random_bp,hea,RX_RY_RZ_CNOT,none,linear,cnot,local,6,2,2,10,10,5,18,0,0,4,RX,0,12,layer_000_wire_004_RX,0.005001754466416507,0.005001754466416507,False
random_bp,expectation_value,same_entangling_gate_count,bcw_6q_random_bp,hea,RX_RY_RZ_CNOT,none,linear,cnot,local,6,2,2,10,10,5,18,0,0,4,RY,1,13,layer_000_wire_004_RY,-0.00027441498685212796,0.00027441498685212796,False
random_bp,expectation_value,same_entangling_gate_count,bcw_6q_random_bp,hea,RX_RY_RZ_CNOT,none,linear,cnot,local,6,2,2,10,10,5,18,0,0,4,RZ,2,14,layer_000_wire_004_RZ,0.0007123351578829921,0.0007123351578829921,False
random_bp,expectation_value,same_entangling_gate_count,bcw_6q_random_bp,hea,RX_RY_RZ_CNOT,none,linear,cnot,local,6,2,2,10,10,5,18,0,0,5,RX,0,15,layer_000_wire_005_RX,-0.017268720521839233,0.017268720521839233,False
random_bp,expectation_value,same_entangling_gate_count,bcw_6q_random_bp,hea,RX_RY_RZ_CNOT,none,linear,cnot,local,6,2,2,10,10,5,18,0,0,5,RY,1,16,layer_000_wire_005_RY,0.0007133338769122945,0.0007133338769122945,False
random_bp,expectation_value,same_entangling_gate_count,bcw_6q_random_bp,hea,RX_RY_RZ_CNOT,none,linear,cnot,local,6,2,2,10,10,5,18,0,0,5,RZ,2,17,layer_000_wire_005_RZ,0.012160138014138216,0.012160138014138216,False
random_bp,expectation_value,same_entangling_gate_count,bcw_6q_random_bp,hea,RX_RY_RZ_CNOT,none,linear,cnot,local,6,2,2,10,10,5,18,0,1,0,RX,0,18,layer_001_wire_000_RX,0.02674840915323775,0.02674840915323775,False
random_bp,expectation_value,same_entangling_gate_count,bcw_6q_random_bp,hea,RX_RY_RZ_CNOT,none,linear,cnot,local,6,2,2,10,10,5,18,0,1,0,RY,1,19,layer_001_wire_000_RY,0.0638794881970186,0.0638794881970186,False
random_bp,expectation_value,same_entangling_gate_count,bcw_6q_random_bp,hea,RX_RY_RZ_CNOT,none,linear,cnot,local,6,2,2,10,10,5,18,0,1,0,RZ,2,20,layer_001_wire_000_RZ,-2.5036349965127643e-18,2.5036349965127643e-18,True
random_bp,expectation_value,same_entangling_gate_count,bcw_6q_random_bp,hea,RX_RY_RZ_CNOT,none,linear,cnot,local,6,2,2,10,10,5,18,0,1,1,RX,0,21,layer_001_wire_001_RX,0.023272130112963946,0.023272130112963946,False
random_bp,expectation_value,same_entangling_gate_count,bcw_6q_random_bp,hea,RX_RY_RZ_CNOT,none,linear,cnot,local,6,2,2,10,10,5,18,0,1,1,RY,1,22,layer_001_wire_001_RY,0.13961553089293602,0.13961553089293602,False
random_bp,expectation_value,same_entangling_gate_count,bcw_6q_random_bp,hea,RX_RY_RZ_CNOT,none,linear,cnot,local,6,2,2,10,10,5,18,0,1,1,RZ,2,23,layer_001_wire_001_RZ,-1.5840291168012656e-17,1.5840291168012656e-17,True
random_bp,expectation_value,same_entangling_gate_count,bcw_6q_random_bp,hea,RX_RY_RZ_CNOT,none,linear,cnot,local,6,2,2,10,10,5,18,0,1,2,RX,0,24,layer_001_wire_002_RX,-0.002672439448832744,0.002672439448832744,False
random_bp,expectation_value,same_entangling_gate_count,bcw_6q_random_bp,hea,RX_RY_RZ_CNOT,none,linear,cnot,local,6,2,2,10,10,5,18,0,1,2,RY,1,25,layer_001_wire_002_RY,-0.02296692230800281,0.02296692230800281,False
random_bp,expectation_value,same_entangling_gate_count,bcw_6q_random_bp,hea,RX_RY_RZ_CNOT,none,linear,cnot,local,6,2,2,10,10,5,18,0,1,2,RZ,2,26,layer_001_wire_002_RZ,-1.6308115310503067e-18,1.6308115310503067e-18,True
random_bp,expectation_value,same_entangling_gate_count,bcw_6q_random_bp,hea,RX_RY_RZ_CNOT,none,linear,cnot,local,6,2,2,10,10,5,18,0,1,3,RX,0,27,layer_001_wire_003_RX,-0.001578812409764167,0.001578812409764167,False
random_bp,expectation_value,same_entangling_gate_count,bcw_6q_random_bp,hea,RX_RY_RZ_CNOT,none,linear,cnot,local,6,2,2,10,10,5,18,0,1,3,RY,1,28,layer_001_wire_003_RY,0.01229716233146395,0.01229716233146395,False
random_bp,expectation_value,same_entangling_gate_count,bcw_6q_random_bp,hea,RX_RY_RZ_CNOT,none,linear,cnot,local,6,2,2,10,10,5,18,0,1,3,RZ,2,29,layer_001_wire_003_RZ,-8.324036806164453e-18,8.324036806164453e-18,True
random_bp,expectation_value,same_entangling_gate_count,bcw_6q_random_bp,hea,RX_RY_RZ_CNOT,none,linear,cnot,local,6,2,2,10,10,5,18,0,1,4,RX,0,30,layer_001_wire_004_RX,0.011715396878283707,0.011715396878283707,False
random_bp,expectation_value,same_entangling_gate_count,bcw_6q_random_bp,hea,RX_RY_RZ_CNOT,none,linear,cnot,local,6,2,2,10,10,5,18,0,1,4,RY,1,31,layer_001_wire_004_RY,-0.012907022829616104,0.012907022829616104,False
random_bp,expectation_value,same_entangling_gate_count,bcw_6q_random_bp,hea,RX_RY_RZ_CNOT,none,linear,cnot,local,6,2,2,10,10,5,18,0,1,4,RZ,2,32,layer_001_wire_004_RZ,2.4567320978942618e-18,2.4567320978942618e-18,True
random_bp,expectation_value,same_entangling_gate_count,bcw_6q_random_bp,hea,RX_RY_RZ_CNOT,none,linear,cnot,local,6,2,2,10,10,5,18,0,1,5,RX,0,33,layer_001_wire_005_RX,0.011742431436233457,0.011742431436233457,False
random_bp,expectation_value,same_entangling_gate_count,bcw_6q_random_bp,hea,RX_RY_RZ_CNOT,none,linear,cnot,local,6,2,2,10,10,5,18,0,1,5,RY,1,34,layer_001_wire_005_RY,0.010451787277298156,0.010451787277298156,False
random_bp,expectation_value,same_entangling_gate_count,bcw_6q_random_bp,hea,RX_RY_RZ_CNOT,none,linear,cnot,local,6,2,2,10,10,5,18,0,1,5,RZ,2,35,layer_001_wire_005_RZ,-1.5031486973558024e-17,1.5031486973558024e-17,True
random_bp,expectation_value,same_entangling_gate_count,bcw_6q_random_bp,hea,RX_RY_RZ_CNOT,none,linear,cnot,local,6,2,2,10,10,5,19,1,0,0,RX,0,0,layer_000_wire_000_RX,-0.02052425465557177,0.02052425465557177,False
random_bp,expectation_value,same_entangling_gate_count,bcw_6q_random_bp,hea,RX_RY_RZ_CNOT,none,linear,cnot,local,6,2,2,10,10,5,19,1,0,0,RY,1,1,layer_000_wire_000_RY,0.15995316111447969,0.15995316111447969,False
random_bp,expectation_value,same_entangling_gate_count,bcw_6q_random_bp,hea,RX_RY_RZ_CNOT,none,linear,cnot,local,6,2,2,10,10,5,19,1,0,0,RZ,2,2,layer_000_wire_000_RZ,-0.005045469230201046,0.005045469230201046,False
random_bp,expectation_value,same_entangling_gate_count,bcw_6q_random_bp,hea,RX_RY_RZ_CNOT,none,linear,cnot,local,6,2,2,10,10,5,19,1,0,1,RX,0,3,layer_000_wire_001_RX,-0.022534354136283526,0.022534354136283526,False
random_bp,expectation_value,same_entangling_gate_count,bcw_6q_random_bp,hea,RX_RY_RZ_CNOT,none,linear,cnot,local,6,2,2,10,10,5,19,1,0,1,RY,1,4,layer_000_wire_001_RY,-0.031709665628377355,0.031709665628377355,False
random_bp,expectation_value,same_entangling_gate_count,bcw_6q_random_bp,hea,RX_RY_RZ_CNOT,none,linear,cnot,local,6,2,2,10,10,5,19,1,0,1,RZ,2,5,layer_000_wire_001_RZ,-0.016839261876255104,0.016839261876255104,False
random_bp,expectation_value,same_entangling_gate_count,bcw_6q_random_bp,hea,RX_RY_RZ_CNOT,none,linear,cnot,local,6,2,2,10,10,5,19,1,0,2,RX,0,6,layer_000_wire_002_RX,-0.011728196132019572,0.011728196132019572,False
random_bp,expectation_value,same_entangling_gate_count,bcw_6q_random_bp,hea,RX_RY_RZ_CNOT,none,linear,cnot,local,6,2,2,10,10,5,19,1,0,2,RY,1,7,layer_000_wire_002_RY,0.008759866907247598,0.008759866907247598,False
random_bp,expectation_value,same_entangling_gate_count,bcw_6q_random_bp,hea,RX_RY_RZ_CNOT,none,linear,cnot,local,6,2,2,10,10,5,19,1,0,2,RZ,2,8,layer_000_wire_002_RZ,-0.02021547932596394,0.02021547932596394,False
random_bp,expectation_value,same_entangling_gate_count,bcw_6q_random_bp,hea,RX_RY_RZ_CNOT,none,linear,cnot,local,6,2,2,10,10,5,19,1,0,3,RX,0,9,layer_000_wire_003_RX,-0.0015674459720021695,0.0015674459720021695,False
random_bp,expectation_value,same_entangling_gate_count,bcw_6q_random_bp,hea,RX_RY_RZ_CNOT,none,linear,cnot,local,6,2,2,10,10,5,19,1,0,3,RY,1,10,layer_000_wire_003_RY,0.003440101344950215,0.003440101344950215,False
random_bp,expectation_value,same_entangling_gate_count,bcw_6q_random_bp,hea,RX_RY_RZ_CNOT,none,linear,cnot,local,6,2,2,10,10,5,19,1,0,3,RZ,2,11,layer_000_wire_003_RZ,0.0015537833399646033,0.0015537833399646033,False
random_bp,expectation_value,same_entangling_gate_count,bcw_6q_random_bp,hea,RX_RY_RZ_CNOT,none,linear,cnot,local,6,2,2,10,10,5,19,1,0,4,RX,0,12,layer_000_wire_004_RX,0.0073391849065695125,0.0073391849065695125,False
random_bp,expectation_value,same_entangling_gate_count,bcw_6q_random_bp,hea,RX_RY_RZ_CNOT,none,linear,cnot,local,6,2,2,10,10,5,19,1,0,4,RY,1,13,layer_000_wire_004_RY,-0.0014292231839438917,0.0014292231839438917,False
random_bp,expectation_value,same_entangling_gate_count,bcw_6q_random_bp,hea,RX_RY_RZ_CNOT,none,linear,cnot,local,6,2,2,10,10,5,19,1,0,4,RZ,2,14,layer_000_wire_004_RZ,-0.0077504130207171305,0.0077504130207171305,False
random_bp,expectation_value,same_entangling_gate_count,bcw_6q_random_bp,hea,RX_RY_RZ_CNOT,none,linear,cnot,local,6,2,2,10,10,5,19,1,0,5,RX,0,15,layer_000_wire_005_RX,-0.001743289621794113,0.001743289621794113,False
random_bp,expectation_value,same_entangling_gate_count,bcw_6q_random_bp,hea,RX_RY_RZ_CNOT,none,linear,cnot,local,6,2,2,10,10,5,19,1,0,5,RY,1,16,layer_000_wire_005_RY,-0.005505354638919605,0.005505354638919605,False
random_bp,expectation_value,same_entangling_gate_count,bcw_6q_random_bp,hea,RX_RY_RZ_CNOT,none,linear,cnot,local,6,2,2,10,10,5,19,1,0,5,RZ,2,17,layer_000_wire_005_RZ,-0.0024032579133324364,0.0024032579133324364,False
random_bp,expectation_value,same_entangling_gate_count,bcw_6q_random_bp,hea,RX_RY_RZ_CNOT,none,linear,cnot,local,6,2,2,10,10,5,19,1,1,0,RX,0,18,layer_001_wire_000_RX,-0.0006218645941855443,0.0006218645941855443,False
random_bp,expectation_value,same_entangling_gate_count,bcw_6q_random_bp,hea,RX_RY_RZ_CNOT,none,linear,cnot,local,6,2,2,10,10,5,19,1,1,0,RY,1,19,layer_001_wire_000_RY,-0.0028539719689816626,0.0028539719689816626,False
random_bp,expectation_value,same_entangling_gate_count,bcw_6q_random_bp,hea,RX_RY_RZ_CNOT,none,linear,cnot,local,6,2,2,10,10,5,19,1,1,0,RZ,2,20,layer_001_wire_000_RZ,2.1616012804572515e-18,2.1616012804572515e-18,True
random_bp,expectation_value,same_entangling_gate_count,bcw_6q_random_bp,hea,RX_RY_RZ_CNOT,none,linear,cnot,local,6,2,2,10,10,5,19,1,1,1,RX,0,21,layer_001_wire_001_RX,-0.03267865362889506,0.03267865362889506,False
random_bp,expectation_value,same_entangling_gate_count,bcw_6q_random_bp,hea,RX_RY_RZ_CNOT,none,linear,cnot,local,6,2,2,10,10,5,19,1,1,1,RY,1,22,layer_001_wire_001_RY,0.05589064981730794,0.05589064981730794,False
random_bp,expectation_value,same_entangling_gate_count,bcw_6q_random_bp,hea,RX_RY_RZ_CNOT,none,linear,cnot,local,6,2,2,10,10,5,19,1,1,1,RZ,2,23,layer_001_wire_001_RZ,1.9222341155912022e-17,1.9222341155912022e-17,True
random_bp,expectation_value,same_entangling_gate_count,bcw_6q_random_bp,hea,RX_RY_RZ_CNOT,none,linear,cnot,local,6,2,2,10,10,5,19,1,1,2,RX,0,24,layer_001_wire_002_RX,0.0036976020606121884,0.0036976020606121884,False
random_bp,expectation_value,same_entangling_gate_count,bcw_6q_random_bp,hea,RX_RY_RZ_CNOT,none,linear,cnot,local,6,2,2,10,10,5,19,1,1,2,RY,1,25,layer_001_wire_002_RY,-0.024576587914211218,0.024576587914211218,False
random_bp,expectation_value,same_entangling_gate_count,bcw_6q_random_bp,hea,RX_RY_RZ_CNOT,none,linear,cnot,local,6,2,2,10,10,5,19,1,1,2,RZ,2,26,layer_001_wire_002_RZ,-2.4449656541642128e-17,2.4449656541642128e-17,True
random_bp,expectation_value,same_entangling_gate_count,bcw_6q_random_bp,hea,RX_RY_RZ_CNOT,none,linear,cnot,local,6,2,2,10,10,5,19,1,1,3,RX,0,27,layer_001_wire_003_RX,0.0009503978011593944,0.0009503978011593944,False
random_bp,expectation_value,same_entangling_gate_count,bcw_6q_random_bp,hea,RX_RY_RZ_CNOT,none,linear,cnot,local,6,2,2,10,10,5,19,1,1,3,RY,1,28,layer_001_wire_003_RY,-0.0036944032769537574,0.0036944032769537574,False
random_bp,expectation_value,same_entangling_gate_count,bcw_6q_random_bp,hea,RX_RY_RZ_CNOT,none,linear,cnot,local,6,2,2,10,10,5,19,1,1,3,RZ,2,29,layer_001_wire_003_RZ,2.2701743069633793e-17,2.2701743069633793e-17,True
random_bp,expectation_value,same_entangling_gate_count,bcw_6q_random_bp,hea,RX_RY_RZ_CNOT,none,linear,cnot,local,6,2,2,10,10,5,19,1,1,4,RX,0,30,layer_001_wire_004_RX,-0.0030945417590599314,0.0030945417590599314,False
random_bp,expectation_value,same_entangling_gate_count,bcw_6q_random_bp,hea,RX_RY_RZ_CNOT,none,linear,cnot,local,6,2,2,10,10,5,19,1,1,4,RY,1,31,layer_001_wire_004_RY,-0.007537271320528047,0.007537271320528047,False
random_bp,expectation_value,same_entangling_gate_count,bcw_6q_random_bp,hea,RX_RY_RZ_CNOT,none,linear,cnot,local,6,2,2,10,10,5,19,1,1,4,RZ,2,32,layer_001_wire_004_RZ,4.324749724060439e-17,4.324749724060439e-17,True
random_bp,expectation_value,same_entangling_gate_count,bcw_6q_random_bp,hea,RX_RY_RZ_CNOT,none,linear,cnot,local,6,2,2,10,10,5,19,1,1,5,RX,0,33,layer_001_wire_005_RX,-0.003209618380664414,0.003209618380664414,False
random_bp,expectation_value,same_entangling_gate_count,bcw_6q_random_bp,hea,RX_RY_RZ_CNOT,none,linear,cnot,local,6,2,2,10,10,5,19,1,1,5,RY,1,34,layer_001_wire_005_RY,-0.0011893504478345043,0.0011893504478345043,False
random_bp,expectation_value,same_entangling_gate_count,bcw_6q_random_bp,hea,RX_RY_RZ_CNOT,none,linear,cnot,local,6,2,2,10,10,5,19,1,1,5,RZ,2,35,layer_001_wire_005_RZ,-1.4421533027206867e-17,1.4421533027206867e-17,True
random_bp,expectation_value,same_entangling_gate_count,bcw_6q_random_bp,hea,RX_RY_RZ_CNOT,none,linear,cnot,local,6,2,2,10,10,5,20,2,0,0,RX,0,0,layer_000_wire_000_RX,-0.01774216586737358,0.01774216586737358,False
random_bp,expectation_value,same_entangling_gate_count,bcw_6q_random_bp,hea,RX_RY_RZ_CNOT,none,linear,cnot,local,6,2,2,10,10,5,20,2,0,0,RY,1,1,layer_000_wire_000_RY,-0.0058185177303919505,0.0058185177303919505,False
random_bp,expectation_value,same_entangling_gate_count,bcw_6q_random_bp,hea,RX_RY_RZ_CNOT,none,linear,cnot,local,6,2,2,10,10,5,20,2,0,0,RZ,2,2,layer_000_wire_000_RZ,0.006955897766094692,0.006955897766094692,False
random_bp,expectation_value,same_entangling_gate_count,bcw_6q_random_bp,hea,RX_RY_RZ_CNOT,none,linear,cnot,local,6,2,2,10,10,5,20,2,0,1,RX,0,3,layer_000_wire_001_RX,0.13704666115259234,0.13704666115259234,False
random_bp,expectation_value,same_entangling_gate_count,bcw_6q_random_bp,hea,RX_RY_RZ_CNOT,none,linear,cnot,local,6,2,2,10,10,5,20,2,0,1,RY,1,4,layer_000_wire_001_RY,0.0633491958052699,0.0633491958052699,False
random_bp,expectation_value,same_entangling_gate_count,bcw_6q_random_bp,hea,RX_RY_RZ_CNOT,none,linear,cnot,local,6,2,2,10,10,5,20,2,0,1,RZ,2,5,layer_000_wire_001_RZ,-0.047242599650731514,0.047242599650731514,False
random_bp,expectation_value,same_entangling_gate_count,bcw_6q_random_bp,hea,RX_RY_RZ_CNOT,none,linear,cnot,local,6,2,2,10,10,5,20,2,0,2,RX,0,6,layer_000_wire_002_RX,0.02734192709633601,0.02734192709633601,False
random_bp,expectation_value,same_entangling_gate_count,bcw_6q_random_bp,hea,RX_RY_RZ_CNOT,none,linear,cnot,local,6,2,2,10,10,5,20,2,0,2,RY,1,7,layer_000_wire_002_RY,0.01217178081851028,0.01217178081851028,False
random_bp,expectation_value,same_entangling_gate_count,bcw_6q_random_bp,hea,RX_RY_RZ_CNOT,none,linear,cnot,local,6,2,2,10,10,5,20,2,0,2,RZ,2,8,layer_000_wire_002_RZ,-0.01855162446210264,0.01855162446210264,False
random_bp,expectation_value,same_entangling_gate_count,bcw_6q_random_bp,hea,RX_RY_RZ_CNOT,none,linear,cnot,local,6,2,2,10,10,5,20,2,0,3,RX,0,9,layer_000_wire_003_RX,-0.03476934759948562,0.03476934759948562,False
random_bp,expectation_value,same_entangling_gate_count,bcw_6q_random_bp,hea,RX_RY_RZ_CNOT,none,linear,cnot,local,6,2,2,10,10,5,20,2,0,3,RY,1,10,layer_000_wire_003_RY,-0.0014156866444869631,0.0014156866444869631,False
random_bp,expectation_value,same_entangling_gate_count,bcw_6q_random_bp,hea,RX_RY_RZ_CNOT,none,linear,cnot,local,6,2,2,10,10,5,20,2,0,3,RZ,2,11,layer_000_wire_003_RZ,0.011267832069013477,0.011267832069013477,False
random_bp,expectation_value,same_entangling_gate_count,bcw_6q_random_bp,hea,RX_RY_RZ_CNOT,none,linear,cnot,local,6,2,2,10,10,5,20,2,0,4,RX,0,12,layer_000_wire_004_RX,-0.005529466475927718,0.005529466475927718,False
random_bp,expectation_value,same_entangling_gate_count,bcw_6q_random_bp,hea,RX_RY_RZ_CNOT,none,linear,cnot,local,6,2,2,10,10,5,20,2,0,4,RY,1,13,layer_000_wire_004_RY,0.009030573637744774,0.009030573637744774,False
random_bp,expectation_value,same_entangling_gate_count,bcw_6q_random_bp,hea,RX_RY_RZ_CNOT,none,linear,cnot,local,6,2,2,10,10,5,20,2,0,4,RZ,2,14,layer_000_wire_004_RZ,0.0028579484841248825,0.0028579484841248825,False
random_bp,expectation_value,same_entangling_gate_count,bcw_6q_random_bp,hea,RX_RY_RZ_CNOT,none,linear,cnot,local,6,2,2,10,10,5,20,2,0,5,RX,0,15,layer_000_wire_005_RX,-0.0018068372589580828,0.0018068372589580828,False
random_bp,expectation_value,same_entangling_gate_count,bcw_6q_random_bp,hea,RX_RY_RZ_CNOT,none,linear,cnot,local,6,2,2,10,10,5,20,2,0,5,RY,1,16,layer_000_wire_005_RY,-0.002749984451088927,0.002749984451088927,False
random_bp,expectation_value,same_entangling_gate_count,bcw_6q_random_bp,hea,RX_RY_RZ_CNOT,none,linear,cnot,local,6,2,2,10,10,5,20,2,0,5,RZ,2,17,layer_000_wire_005_RZ,0.003351954456237023,0.003351954456237023,False
random_bp,expectation_value,same_entangling_gate_count,bcw_6q_random_bp,hea,RX_RY_RZ_CNOT,none,linear,cnot,local,6,2,2,10,10,5,20,2,1,0,RX,0,18,layer_001_wire_000_RX,-0.049268800999835306,0.049268800999835306,False
random_bp,expectation_value,same_entangling_gate_count,bcw_6q_random_bp,hea,RX_RY_RZ_CNOT,none,linear,cnot,local,6,2,2,10,10,5,20,2,1,0,RY,1,19,layer_001_wire_000_RY,0.15721274769995328,0.15721274769995328,False
random_bp,expectation_value,same_entangling_gate_count,bcw_6q_random_bp,hea,RX_RY_RZ_CNOT,none,linear,cnot,local,6,2,2,10,10,5,20,2,1,0,RZ,2,20,layer_001_wire_000_RZ,2.869940237713909e-17,2.869940237713909e-17,True
random_bp,expectation_value,same_entangling_gate_count,bcw_6q_random_bp,hea,RX_RY_RZ_CNOT,none,linear,cnot,local,6,2,2,10,10,5,20,2,1,1,RX,0,21,layer_001_wire_001_RX,-0.051916798192183755,0.051916798192183755,False
random_bp,expectation_value,same_entangling_gate_count,bcw_6q_random_bp,hea,RX_RY_RZ_CNOT,none,linear,cnot,local,6,2,2,10,10,5,20,2,1,1,RY,1,22,layer_001_wire_001_RY,-0.17366463494523496,0.17366463494523496,False
random_bp,expectation_value,same_entangling_gate_count,bcw_6q_random_bp,hea,RX_RY_RZ_CNOT,none,linear,cnot,local,6,2,2,10,10,5,20,2,1,1,RZ,2,23,layer_001_wire_001_RZ,2.1965757464929052e-17,2.1965757464929052e-17,True
random_bp,expectation_value,same_entangling_gate_count,bcw_6q_random_bp,hea,RX_RY_RZ_CNOT,none,linear,cnot,local,6,2,2,10,10,5,20,2,1,2,RX,0,24,layer_001_wire_002_RX,0.02425990545001054,0.02425990545001054,False
random_bp,expectation_value,same_entangling_gate_count,bcw_6q_random_bp,hea,RX_RY_RZ_CNOT,none,linear,cnot,local,6,2,2,10,10,5,20,2,1,2,RY,1,25,layer_001_wire_002_RY,0.02633263432423307,0.02633263432423307,False
random_bp,expectation_value,same_entangling_gate_count,bcw_6q_random_bp,hea,RX_RY_RZ_CNOT,none,linear,cnot,local,6,2,2,10,10,5,20,2,1,2,RZ,2,26,layer_001_wire_002_RZ,-8.394129061099408e-19,8.394129061099408e-19,True
random_bp,expectation_value,same_entangling_gate_count,bcw_6q_random_bp,hea,RX_RY_RZ_CNOT,none,linear,cnot,local,6,2,2,10,10,5,20,2,1,3,RX,0,27,layer_001_wire_003_RX,0.01794716769866915,0.01794716769866915,False
random_bp,expectation_value,same_entangling_gate_count,bcw_6q_random_bp,hea,RX_RY_RZ_CNOT,none,linear,cnot,local,6,2,2,10,10,5,20,2,1,3,RY,1,28,layer_001_wire_003_RY,-0.08052855869180171,0.08052855869180171,False
random_bp,expectation_value,same_entangling_gate_count,bcw_6q_random_bp,hea,RX_RY_RZ_CNOT,none,linear,cnot,local,6,2,2,10,10,5,20,2,1,3,RZ,2,29,layer_001_wire_003_RZ,2.170758115184439e-17,2.170758115184439e-17,True
random_bp,expectation_value,same_entangling_gate_count,bcw_6q_random_bp,hea,RX_RY_RZ_CNOT,none,linear,cnot,local,6,2,2,10,10,5,20,2,1,4,RX,0,30,layer_001_wire_004_RX,0.00233087246481313,0.00233087246481313,False
random_bp,expectation_value,same_entangling_gate_count,bcw_6q_random_bp,hea,RX_RY_RZ_CNOT,none,linear,cnot,local,6,2,2,10,10,5,20,2,1,4,RY,1,31,layer_001_wire_004_RY,0.007103607313757539,0.007103607313757539,False
random_bp,expectation_value,same_entangling_gate_count,bcw_6q_random_bp,hea,RX_RY_RZ_CNOT,none,linear,cnot,local,6,2,2,10,10,5,20,2,1,4,RZ,2,32,layer_001_wire_004_RZ,-1.0980435119541817e-17,1.0980435119541817e-17,True
random_bp,expectation_value,same_entangling_gate_count,bcw_6q_random_bp,hea,RX_RY_RZ_CNOT,none,linear,cnot,local,6,2,2,10,10,5,20,2,1,5,RX,0,33,layer_001_wire_005_RX,0.002979768325611837,0.002979768325611837,False
random_bp,expectation_value,same_entangling_gate_count,bcw_6q_random_bp,hea,RX_RY_RZ_CNOT,none,linear,cnot,local,6,2,2,10,10,5,20,2,1,5,RY,1,34,layer_001_wire_005_RY,0.022815910753211183,0.022815910753211183,False
random_bp,expectation_value,same_entangling_gate_count,bcw_6q_random_bp,hea,RX_RY_RZ_CNOT,none,linear,cnot,local,6,2,2,10,10,5,20,2,1,5,RZ,2,35,layer_001_wire_005_RZ,-3.733907717821334e-17,3.733907717821334e-17,True
random_bp,expectation_value,same_entangling_gate_count,bcw_6q_random_bp,hea,RX_RY_RZ_CNOT,none,circular,cnot,local,6,2,2,10,12,6,21,0,0,0,RX,0,0,layer_000_wire_000_RX,0.025406090991326687,0.025406090991326687,False
random_bp,expectation_value,same_entangling_gate_count,bcw_6q_random_bp,hea,RX_RY_RZ_CNOT,none,circular,cnot,local,6,2,2,10,12,6,21,0,0,0,RY,1,1,layer_000_wire_000_RY,0.03189041379360337,0.03189041379360337,False
random_bp,expectation_value,same_entangling_gate_count,bcw_6q_random_bp,hea,RX_RY_RZ_CNOT,none,circular,cnot,local,6,2,2,10,12,6,21,0,0,0,RZ,2,2,layer_000_wire_000_RZ,0.02980856834261658,0.02980856834261658,False
random_bp,expectation_value,same_entangling_gate_count,bcw_6q_random_bp,hea,RX_RY_RZ_CNOT,none,circular,cnot,local,6,2,2,10,12,6,21,0,0,1,RX,0,3,layer_000_wire_001_RX,-0.06615237009371126,0.06615237009371126,False
random_bp,expectation_value,same_entangling_gate_count,bcw_6q_random_bp,hea,RX_RY_RZ_CNOT,none,circular,cnot,local,6,2,2,10,12,6,21,0,0,1,RY,1,4,layer_000_wire_001_RY,0.005026808816433859,0.005026808816433859,False
random_bp,expectation_value,same_entangling_gate_count,bcw_6q_random_bp,hea,RX_RY_RZ_CNOT,none,circular,cnot,local,6,2,2,10,12,6,21,0,0,1,RZ,2,5,layer_000_wire_001_RZ,0.06079076237881757,0.06079076237881757,False
random_bp,expectation_value,same_entangling_gate_count,bcw_6q_random_bp,hea,RX_RY_RZ_CNOT,none,circular,cnot,local,6,2,2,10,12,6,21,0,0,2,RX,0,6,layer_000_wire_002_RX,-0.006702393111172825,0.006702393111172825,False
random_bp,expectation_value,same_entangling_gate_count,bcw_6q_random_bp,hea,RX_RY_RZ_CNOT,none,circular,cnot,local,6,2,2,10,12,6,21,0,0,2,RY,1,7,layer_000_wire_002_RY,0.023722650775296176,0.023722650775296176,False
random_bp,expectation_value,same_entangling_gate_count,bcw_6q_random_bp,hea,RX_RY_RZ_CNOT,none,circular,cnot,local,6,2,2,10,12,6,21,0,0,2,RZ,2,8,layer_000_wire_002_RZ,0.009061442244131399,0.009061442244131399,False
random_bp,expectation_value,same_entangling_gate_count,bcw_6q_random_bp,hea,RX_RY_RZ_CNOT,none,circular,cnot,local,6,2,2,10,12,6,21,0,0,3,RX,0,9,layer_000_wire_003_RX,-0.044070425377123586,0.044070425377123586,False
random_bp,expectation_value,same_entangling_gate_count,bcw_6q_random_bp,hea,RX_RY_RZ_CNOT,none,circular,cnot,local,6,2,2,10,12,6,21,0,0,3,RY,1,10,layer_000_wire_003_RY,0.0065604659683757074,0.0065604659683757074,False
random_bp,expectation_value,same_entangling_gate_count,bcw_6q_random_bp,hea,RX_RY_RZ_CNOT,none,circular,cnot,local,6,2,2,10,12,6,21,0,0,3,RZ,2,11,layer_000_wire_003_RZ,0.04149141108009734,0.04149141108009734,False
random_bp,expectation_value,same_entangling_gate_count,bcw_6q_random_bp,hea,RX_RY_RZ_CNOT,none,circular,cnot,local,6,2,2,10,12,6,21,0,0,4,RX,0,12,layer_000_wire_004_RX,-0.016546648542890747,0.016546648542890747,False
random_bp,expectation_value,same_entangling_gate_count,bcw_6q_random_bp,hea,RX_RY_RZ_CNOT,none,circular,cnot,local,6,2,2,10,12,6,21,0,0,4,RY,1,13,layer_000_wire_004_RY,0.0016352751467740333,0.0016352751467740333,False
random_bp,expectation_value,same_entangling_gate_count,bcw_6q_random_bp,hea,RX_RY_RZ_CNOT,none,circular,cnot,local,6,2,2,10,12,6,21,0,0,4,RZ,2,14,layer_000_wire_004_RZ,-0.0014675490910772272,0.0014675490910772272,False
random_bp,expectation_value,same_entangling_gate_count,bcw_6q_random_bp,hea,RX_RY_RZ_CNOT,none,circular,cnot,local,6,2,2,10,12,6,21,0,0,5,RX,0,15,layer_000_wire_005_RX,0.0526416060918066,0.0526416060918066,False
random_bp,expectation_value,same_entangling_gate_count,bcw_6q_random_bp,hea,RX_RY_RZ_CNOT,none,circular,cnot,local,6,2,2,10,12,6,21,0,0,5,RY,1,16,layer_000_wire_005_RY,-0.019537150643929302,0.019537150643929302,False
random_bp,expectation_value,same_entangling_gate_count,bcw_6q_random_bp,hea,RX_RY_RZ_CNOT,none,circular,cnot,local,6,2,2,10,12,6,21,0,0,5,RZ,2,17,layer_000_wire_005_RZ,-0.014599380826960965,0.014599380826960965,False
random_bp,expectation_value,same_entangling_gate_count,bcw_6q_random_bp,hea,RX_RY_RZ_CNOT,none,circular,cnot,local,6,2,2,10,12,6,21,0,1,0,RX,0,18,layer_001_wire_000_RX,0.03455246619926097,0.03455246619926097,False
random_bp,expectation_value,same_entangling_gate_count,bcw_6q_random_bp,hea,RX_RY_RZ_CNOT,none,circular,cnot,local,6,2,2,10,12,6,21,0,1,0,RY,1,19,layer_001_wire_000_RY,0.09296652213436904,0.09296652213436904,False
random_bp,expectation_value,same_entangling_gate_count,bcw_6q_random_bp,hea,RX_RY_RZ_CNOT,none,circular,cnot,local,6,2,2,10,12,6,21,0,1,0,RZ,2,20,layer_001_wire_000_RZ,-1.6153695244047678e-17,1.6153695244047678e-17,True
random_bp,expectation_value,same_entangling_gate_count,bcw_6q_random_bp,hea,RX_RY_RZ_CNOT,none,circular,cnot,local,6,2,2,10,12,6,21,0,1,1,RX,0,21,layer_001_wire_001_RX,-0.017838044593817624,0.017838044593817624,False
random_bp,expectation_value,same_entangling_gate_count,bcw_6q_random_bp,hea,RX_RY_RZ_CNOT,none,circular,cnot,local,6,2,2,10,12,6,21,0,1,1,RY,1,22,layer_001_wire_001_RY,0.008890228600401291,0.008890228600401291,False
random_bp,expectation_value,same_entangling_gate_count,bcw_6q_random_bp,hea,RX_RY_RZ_CNOT,none,circular,cnot,local,6,2,2,10,12,6,21,0,1,1,RZ,2,23,layer_001_wire_001_RZ,-6.5381747073503345e-18,6.5381747073503345e-18,True
random_bp,expectation_value,same_entangling_gate_count,bcw_6q_random_bp,hea,RX_RY_RZ_CNOT,none,circular,cnot,local,6,2,2,10,12,6,21,0,1,2,RX,0,24,layer_001_wire_002_RX,-0.0026808503103984346,0.0026808503103984346,False
random_bp,expectation_value,same_entangling_gate_count,bcw_6q_random_bp,hea,RX_RY_RZ_CNOT,none,circular,cnot,local,6,2,2,10,12,6,21,0,1,2,RY,1,25,layer_001_wire_002_RY,0.04737981499534201,0.04737981499534201,False
random_bp,expectation_value,same_entangling_gate_count,bcw_6q_random_bp,hea,RX_RY_RZ_CNOT,none,circular,cnot,local,6,2,2,10,12,6,21,0,1,2,RZ,2,26,layer_001_wire_002_RZ,-1.455791780080537e-17,1.455791780080537e-17,True
random_bp,expectation_value,same_entangling_gate_count,bcw_6q_random_bp,hea,RX_RY_RZ_CNOT,none,circular,cnot,local,6,2,2,10,12,6,21,0,1,3,RX,0,27,layer_001_wire_003_RX,-0.0019100541825014979,0.0019100541825014979,False
random_bp,expectation_value,same_entangling_gate_count,bcw_6q_random_bp,hea,RX_RY_RZ_CNOT,none,circular,cnot,local,6,2,2,10,12,6,21,0,1,3,RY,1,28,layer_001_wire_003_RY,-0.016276468564259537,0.016276468564259537,False
random_bp,expectation_value,same_entangling_gate_count,bcw_6q_random_bp,hea,RX_RY_RZ_CNOT,none,circular,cnot,local,6,2,2,10,12,6,21,0,1,3,RZ,2,29,layer_001_wire_003_RZ,3.9269428815213744e-17,3.9269428815213744e-17,True
random_bp,expectation_value,same_entangling_gate_count,bcw_6q_random_bp,hea,RX_RY_RZ_CNOT,none,circular,cnot,local,6,2,2,10,12,6,21,0,1,4,RX,0,30,layer_001_wire_004_RX,-0.07121304143568208,0.07121304143568208,False
random_bp,expectation_value,same_entangling_gate_count,bcw_6q_random_bp,hea,RX_RY_RZ_CNOT,none,circular,cnot,local,6,2,2,10,12,6,21,0,1,4,RY,1,31,layer_001_wire_004_RY,0.0034859334061022144,0.0034859334061022144,False
random_bp,expectation_value,same_entangling_gate_count,bcw_6q_random_bp,hea,RX_RY_RZ_CNOT,none,circular,cnot,local,6,2,2,10,12,6,21,0,1,4,RZ,2,32,layer_001_wire_004_RZ,-3.3609207320451913e-18,3.3609207320451913e-18,True
random_bp,expectation_value,same_entangling_gate_count,bcw_6q_random_bp,hea,RX_RY_RZ_CNOT,none,circular,cnot,local,6,2,2,10,12,6,21,0,1,5,RX,0,33,layer_001_wire_005_RX,-0.07869428767913805,0.07869428767913805,False
random_bp,expectation_value,same_entangling_gate_count,bcw_6q_random_bp,hea,RX_RY_RZ_CNOT,none,circular,cnot,local,6,2,2,10,12,6,21,0,1,5,RY,1,34,layer_001_wire_005_RY,-0.07370026097672329,0.07370026097672329,False
random_bp,expectation_value,same_entangling_gate_count,bcw_6q_random_bp,hea,RX_RY_RZ_CNOT,none,circular,cnot,local,6,2,2,10,12,6,21,0,1,5,RZ,2,35,layer_001_wire_005_RZ,8.014405563890651e-18,8.014405563890651e-18,True
random_bp,expectation_value,same_entangling_gate_count,bcw_6q_random_bp,hea,RX_RY_RZ_CNOT,none,circular,cnot,local,6,2,2,10,12,6,22,1,0,0,RX,0,0,layer_000_wire_000_RX,0.08026237599367814,0.08026237599367814,False
random_bp,expectation_value,same_entangling_gate_count,bcw_6q_random_bp,hea,RX_RY_RZ_CNOT,none,circular,cnot,local,6,2,2,10,12,6,22,1,0,0,RY,1,1,layer_000_wire_000_RY,0.0733848718414809,0.0733848718414809,False
random_bp,expectation_value,same_entangling_gate_count,bcw_6q_random_bp,hea,RX_RY_RZ_CNOT,none,circular,cnot,local,6,2,2,10,12,6,22,1,0,0,RZ,2,2,layer_000_wire_000_RZ,-0.02977844263082661,0.02977844263082661,False
random_bp,expectation_value,same_entangling_gate_count,bcw_6q_random_bp,hea,RX_RY_RZ_CNOT,none,circular,cnot,local,6,2,2,10,12,6,22,1,0,1,RX,0,3,layer_000_wire_001_RX,0.07936913878179301,0.07936913878179301,False
random_bp,expectation_value,same_entangling_gate_count,bcw_6q_random_bp,hea,RX_RY_RZ_CNOT,none,circular,cnot,local,6,2,2,10,12,6,22,1,0,1,RY,1,4,layer_000_wire_001_RY,-0.012266033710401386,0.012266033710401386,False
random_bp,expectation_value,same_entangling_gate_count,bcw_6q_random_bp,hea,RX_RY_RZ_CNOT,none,circular,cnot,local,6,2,2,10,12,6,22,1,0,1,RZ,2,5,layer_000_wire_001_RZ,0.07500786897213471,0.07500786897213471,False
random_bp,expectation_value,same_entangling_gate_count,bcw_6q_random_bp,hea,RX_RY_RZ_CNOT,none,circular,cnot,local,6,2,2,10,12,6,22,1,0,2,RX,0,6,layer_000_wire_002_RX,0.00255248270127989,0.00255248270127989,False
random_bp,expectation_value,same_entangling_gate_count,bcw_6q_random_bp,hea,RX_RY_RZ_CNOT,none,circular,cnot,local,6,2,2,10,12,6,22,1,0,2,RY,1,7,layer_000_wire_002_RY,0.004498304158257086,0.004498304158257086,False
random_bp,expectation_value,same_entangling_gate_count,bcw_6q_random_bp,hea,RX_RY_RZ_CNOT,none,circular,cnot,local,6,2,2,10,12,6,22,1,0,2,RZ,2,8,layer_000_wire_002_RZ,-0.005749786250810823,0.005749786250810823,False
random_bp,expectation_value,same_entangling_gate_count,bcw_6q_random_bp,hea,RX_RY_RZ_CNOT,none,circular,cnot,local,6,2,2,10,12,6,22,1,0,3,RX,0,9,layer_000_wire_003_RX,-0.010090909334037291,0.010090909334037291,False
random_bp,expectation_value,same_entangling_gate_count,bcw_6q_random_bp,hea,RX_RY_RZ_CNOT,none,circular,cnot,local,6,2,2,10,12,6,22,1,0,3,RY,1,10,layer_000_wire_003_RY,-0.027813306068651282,0.027813306068651282,False
random_bp,expectation_value,same_entangling_gate_count,bcw_6q_random_bp,hea,RX_RY_RZ_CNOT,none,circular,cnot,local,6,2,2,10,12,6,22,1,0,3,RZ,2,11,layer_000_wire_003_RZ,0.010195826579256209,0.010195826579256209,False
random_bp,expectation_value,same_entangling_gate_count,bcw_6q_random_bp,hea,RX_RY_RZ_CNOT,none,circular,cnot,local,6,2,2,10,12,6,22,1,0,4,RX,0,12,layer_000_wire_004_RX,0.023203571505471997,0.023203571505471997,False
random_bp,expectation_value,same_entangling_gate_count,bcw_6q_random_bp,hea,RX_RY_RZ_CNOT,none,circular,cnot,local,6,2,2,10,12,6,22,1,0,4,RY,1,13,layer_000_wire_004_RY,-0.005254234184838967,0.005254234184838967,False
random_bp,expectation_value,same_entangling_gate_count,bcw_6q_random_bp,hea,RX_RY_RZ_CNOT,none,circular,cnot,local,6,2,2,10,12,6,22,1,0,4,RZ,2,14,layer_000_wire_004_RZ,-0.024824941223109173,0.024824941223109173,False
random_bp,expectation_value,same_entangling_gate_count,bcw_6q_random_bp,hea,RX_RY_RZ_CNOT,none,circular,cnot,local,6,2,2,10,12,6,22,1,0,5,RX,0,15,layer_000_wire_005_RX,0.027544200526573075,0.027544200526573075,False
random_bp,expectation_value,same_entangling_gate_count,bcw_6q_random_bp,hea,RX_RY_RZ_CNOT,none,circular,cnot,local,6,2,2,10,12,6,22,1,0,5,RY,1,16,layer_000_wire_005_RY,-0.008683422254770153,0.008683422254770153,False
random_bp,expectation_value,same_entangling_gate_count,bcw_6q_random_bp,hea,RX_RY_RZ_CNOT,none,circular,cnot,local,6,2,2,10,12,6,22,1,0,5,RZ,2,17,layer_000_wire_005_RZ,0.018812121189323405,0.018812121189323405,False
random_bp,expectation_value,same_entangling_gate_count,bcw_6q_random_bp,hea,RX_RY_RZ_CNOT,none,circular,cnot,local,6,2,2,10,12,6,22,1,1,0,RX,0,18,layer_001_wire_000_RX,-0.003403351201388967,0.003403351201388967,False
random_bp,expectation_value,same_entangling_gate_count,bcw_6q_random_bp,hea,RX_RY_RZ_CNOT,none,circular,cnot,local,6,2,2,10,12,6,22,1,1,0,RY,1,19,layer_001_wire_000_RY,0.016442329086985667,0.016442329086985667,False
random_bp,expectation_value,same_entangling_gate_count,bcw_6q_random_bp,hea,RX_RY_RZ_CNOT,none,circular,cnot,local,6,2,2,10,12,6,22,1,1,0,RZ,2,20,layer_001_wire_000_RZ,2.191754574532015e-19,2.191754574532015e-19,True
random_bp,expectation_value,same_entangling_gate_count,bcw_6q_random_bp,hea,RX_RY_RZ_CNOT,none,circular,cnot,local,6,2,2,10,12,6,22,1,1,1,RX,0,21,layer_001_wire_001_RX,0.013423323132875233,0.013423323132875233,False
random_bp,expectation_value,same_entangling_gate_count,bcw_6q_random_bp,hea,RX_RY_RZ_CNOT,none,circular,cnot,local,6,2,2,10,12,6,22,1,1,1,RY,1,22,layer_001_wire_001_RY,-0.009618653478905084,0.009618653478905084,False
random_bp,expectation_value,same_entangling_gate_count,bcw_6q_random_bp,hea,RX_RY_RZ_CNOT,none,circular,cnot,local,6,2,2,10,12,6,22,1,1,1,RZ,2,23,layer_001_wire_001_RZ,1.2152621782321806e-17,1.2152621782321806e-17,True
random_bp,expectation_value,same_entangling_gate_count,bcw_6q_random_bp,hea,RX_RY_RZ_CNOT,none,circular,cnot,local,6,2,2,10,12,6,22,1,1,2,RX,0,24,layer_001_wire_002_RX,-0.0051637956040530356,0.0051637956040530356,False
random_bp,expectation_value,same_entangling_gate_count,bcw_6q_random_bp,hea,RX_RY_RZ_CNOT,none,circular,cnot,local,6,2,2,10,12,6,22,1,1,2,RY,1,25,layer_001_wire_002_RY,0.0005543040363386667,0.0005543040363386667,False
random_bp,expectation_value,same_entangling_gate_count,bcw_6q_random_bp,hea,RX_RY_RZ_CNOT,none,circular,cnot,local,6,2,2,10,12,6,22,1,1,2,RZ,2,26,layer_001_wire_002_RZ,-9.821383030003859e-18,9.821383030003859e-18,True
random_bp,expectation_value,same_entangling_gate_count,bcw_6q_random_bp,hea,RX_RY_RZ_CNOT,none,circular,cnot,local,6,2,2,10,12,6,22,1,1,3,RX,0,27,layer_001_wire_003_RX,0.005925491156495717,0.005925491156495717,False
random_bp,expectation_value,same_entangling_gate_count,bcw_6q_random_bp,hea,RX_RY_RZ_CNOT,none,circular,cnot,local,6,2,2,10,12,6,22,1,1,3,RY,1,28,layer_001_wire_003_RY,-0.050148657645009115,0.050148657645009115,False
random_bp,expectation_value,same_entangling_gate_count,bcw_6q_random_bp,hea,RX_RY_RZ_CNOT,none,circular,cnot,local,6,2,2,10,12,6,22,1,1,3,RZ,2,29,layer_001_wire_003_RZ,3.639467288124346e-18,3.639467288124346e-18,True
random_bp,expectation_value,same_entangling_gate_count,bcw_6q_random_bp,hea,RX_RY_RZ_CNOT,none,circular,cnot,local,6,2,2,10,12,6,22,1,1,4,RX,0,30,layer_001_wire_004_RX,-0.021157494516143717,0.021157494516143717,False
random_bp,expectation_value,same_entangling_gate_count,bcw_6q_random_bp,hea,RX_RY_RZ_CNOT,none,circular,cnot,local,6,2,2,10,12,6,22,1,1,4,RY,1,31,layer_001_wire_004_RY,-0.02338550224625876,0.02338550224625876,False
random_bp,expectation_value,same_entangling_gate_count,bcw_6q_random_bp,hea,RX_RY_RZ_CNOT,none,circular,cnot,local,6,2,2,10,12,6,22,1,1,4,RZ,2,32,layer_001_wire_004_RZ,-4.876138919159561e-18,4.876138919159561e-18,True
random_bp,expectation_value,same_entangling_gate_count,bcw_6q_random_bp,hea,RX_RY_RZ_CNOT,none,circular,cnot,local,6,2,2,10,12,6,22,1,1,5,RX,0,33,layer_001_wire_005_RX,-0.02046388168512798,0.02046388168512798,False
random_bp,expectation_value,same_entangling_gate_count,bcw_6q_random_bp,hea,RX_RY_RZ_CNOT,none,circular,cnot,local,6,2,2,10,12,6,22,1,1,5,RY,1,34,layer_001_wire_005_RY,-0.0031329755295047904,0.0031329755295047904,False
random_bp,expectation_value,same_entangling_gate_count,bcw_6q_random_bp,hea,RX_RY_RZ_CNOT,none,circular,cnot,local,6,2,2,10,12,6,22,1,1,5,RZ,2,35,layer_001_wire_005_RZ,1.426365568297948e-17,1.426365568297948e-17,True
random_bp,expectation_value,same_entangling_gate_count,bcw_6q_random_bp,hea,RX_RY_RZ_CNOT,none,circular,cnot,local,6,2,2,10,12,6,23,2,0,0,RX,0,0,layer_000_wire_000_RX,0.007821785728010969,0.007821785728010969,False
random_bp,expectation_value,same_entangling_gate_count,bcw_6q_random_bp,hea,RX_RY_RZ_CNOT,none,circular,cnot,local,6,2,2,10,12,6,23,2,0,0,RY,1,1,layer_000_wire_000_RY,0.0010540173971312072,0.0010540173971312072,False
random_bp,expectation_value,same_entangling_gate_count,bcw_6q_random_bp,hea,RX_RY_RZ_CNOT,none,circular,cnot,local,6,2,2,10,12,6,23,2,0,0,RZ,2,2,layer_000_wire_000_RZ,0.00313554109782861,0.00313554109782861,False
random_bp,expectation_value,same_entangling_gate_count,bcw_6q_random_bp,hea,RX_RY_RZ_CNOT,none,circular,cnot,local,6,2,2,10,12,6,23,2,0,1,RX,0,3,layer_000_wire_001_RX,-0.010399810358789164,0.010399810358789164,False
random_bp,expectation_value,same_entangling_gate_count,bcw_6q_random_bp,hea,RX_RY_RZ_CNOT,none,circular,cnot,local,6,2,2,10,12,6,23,2,0,1,RY,1,4,layer_000_wire_001_RY,0.051370701475991445,0.051370701475991445,False
random_bp,expectation_value,same_entangling_gate_count,bcw_6q_random_bp,hea,RX_RY_RZ_CNOT,none,circular,cnot,local,6,2,2,10,12,6,23,2,0,1,RZ,2,5,layer_000_wire_001_RZ,0.033187604028652666,0.033187604028652666,False
random_bp,expectation_value,same_entangling_gate_count,bcw_6q_random_bp,hea,RX_RY_RZ_CNOT,none,circular,cnot,local,6,2,2,10,12,6,23,2,0,2,RX,0,6,layer_000_wire_002_RX,0.02857723267087657,0.02857723267087657,False
random_bp,expectation_value,same_entangling_gate_count,bcw_6q_random_bp,hea,RX_RY_RZ_CNOT,none,circular,cnot,local,6,2,2,10,12,6,23,2,0,2,RY,1,7,layer_000_wire_002_RY,0.03276318447044414,0.03276318447044414,False
random_bp,expectation_value,same_entangling_gate_count,bcw_6q_random_bp,hea,RX_RY_RZ_CNOT,none,circular,cnot,local,6,2,2,10,12,6,23,2,0,2,RZ,2,8,layer_000_wire_002_RZ,-0.06522499744135943,0.06522499744135943,False
random_bp,expectation_value,same_entangling_gate_count,bcw_6q_random_bp,hea,RX_RY_RZ_CNOT,none,circular,cnot,local,6,2,2,10,12,6,23,2,0,3,RX,0,9,layer_000_wire_003_RX,-0.07493475798333717,0.07493475798333717,False
random_bp,expectation_value,same_entangling_gate_count,bcw_6q_random_bp,hea,RX_RY_RZ_CNOT,none,circular,cnot,local,6,2,2,10,12,6,23,2,0,3,RY,1,10,layer_000_wire_003_RY,-0.01894348904989568,0.01894348904989568,False
random_bp,expectation_value,same_entangling_gate_count,bcw_6q_random_bp,hea,RX_RY_RZ_CNOT,none,circular,cnot,local,6,2,2,10,12,6,23,2,0,3,RZ,2,11,layer_000_wire_003_RZ,0.0019390510268076295,0.0019390510268076295,False
random_bp,expectation_value,same_entangling_gate_count,bcw_6q_random_bp,hea,RX_RY_RZ_CNOT,none,circular,cnot,local,6,2,2,10,12,6,23,2,0,4,RX,0,12,layer_000_wire_004_RX,-0.009549048979511573,0.009549048979511573,False
random_bp,expectation_value,same_entangling_gate_count,bcw_6q_random_bp,hea,RX_RY_RZ_CNOT,none,circular,cnot,local,6,2,2,10,12,6,23,2,0,4,RY,1,13,layer_000_wire_004_RY,-0.0070468745449357995,0.0070468745449357995,False
random_bp,expectation_value,same_entangling_gate_count,bcw_6q_random_bp,hea,RX_RY_RZ_CNOT,none,circular,cnot,local,6,2,2,10,12,6,23,2,0,4,RZ,2,14,layer_000_wire_004_RZ,0.009889251027153196,0.009889251027153196,False
random_bp,expectation_value,same_entangling_gate_count,bcw_6q_random_bp,hea,RX_RY_RZ_CNOT,none,circular,cnot,local,6,2,2,10,12,6,23,2,0,5,RX,0,15,layer_000_wire_005_RX,-0.0006367420766774309,0.0006367420766774309,False
random_bp,expectation_value,same_entangling_gate_count,bcw_6q_random_bp,hea,RX_RY_RZ_CNOT,none,circular,cnot,local,6,2,2,10,12,6,23,2,0,5,RY,1,16,layer_000_wire_005_RY,-0.008024080368660832,0.008024080368660832,False
random_bp,expectation_value,same_entangling_gate_count,bcw_6q_random_bp,hea,RX_RY_RZ_CNOT,none,circular,cnot,local,6,2,2,10,12,6,23,2,0,5,RZ,2,17,layer_000_wire_005_RZ,0.008838727623332604,0.008838727623332604,False
random_bp,expectation_value,same_entangling_gate_count,bcw_6q_random_bp,hea,RX_RY_RZ_CNOT,none,circular,cnot,local,6,2,2,10,12,6,23,2,1,0,RX,0,18,layer_001_wire_000_RX,-0.0060750328012091,0.0060750328012091,False
random_bp,expectation_value,same_entangling_gate_count,bcw_6q_random_bp,hea,RX_RY_RZ_CNOT,none,circular,cnot,local,6,2,2,10,12,6,23,2,1,0,RY,1,19,layer_001_wire_000_RY,0.052517323914479,0.052517323914479,False
random_bp,expectation_value,same_entangling_gate_count,bcw_6q_random_bp,hea,RX_RY_RZ_CNOT,none,circular,cnot,local,6,2,2,10,12,6,23,2,1,0,RZ,2,20,layer_001_wire_000_RZ,1.8877866981080573e-17,1.8877866981080573e-17,True
random_bp,expectation_value,same_entangling_gate_count,bcw_6q_random_bp,hea,RX_RY_RZ_CNOT,none,circular,cnot,local,6,2,2,10,12,6,23,2,1,1,RX,0,21,layer_001_wire_001_RX,-0.06157791124543218,0.06157791124543218,False
random_bp,expectation_value,same_entangling_gate_count,bcw_6q_random_bp,hea,RX_RY_RZ_CNOT,none,circular,cnot,local,6,2,2,10,12,6,23,2,1,1,RY,1,22,layer_001_wire_001_RY,-0.13481814432651174,0.13481814432651174,False
random_bp,expectation_value,same_entangling_gate_count,bcw_6q_random_bp,hea,RX_RY_RZ_CNOT,none,circular,cnot,local,6,2,2,10,12,6,23,2,1,1,RZ,2,23,layer_001_wire_001_RZ,1.850140502895317e-19,1.850140502895317e-19,True
random_bp,expectation_value,same_entangling_gate_count,bcw_6q_random_bp,hea,RX_RY_RZ_CNOT,none,circular,cnot,local,6,2,2,10,12,6,23,2,1,2,RX,0,24,layer_001_wire_002_RX,0.028247010933611212,0.028247010933611212,False
random_bp,expectation_value,same_entangling_gate_count,bcw_6q_random_bp,hea,RX_RY_RZ_CNOT,none,circular,cnot,local,6,2,2,10,12,6,23,2,1,2,RY,1,25,layer_001_wire_002_RY,0.0672337575399597,0.0672337575399597,False
random_bp,expectation_value,same_entangling_gate_count,bcw_6q_random_bp,hea,RX_RY_RZ_CNOT,none,circular,cnot,local,6,2,2,10,12,6,23,2,1,2,RZ,2,26,layer_001_wire_002_RZ,7.223297642664847e-18,7.223297642664847e-18,True
random_bp,expectation_value,same_entangling_gate_count,bcw_6q_random_bp,hea,RX_RY_RZ_CNOT,none,circular,cnot,local,6,2,2,10,12,6,23,2,1,3,RX,0,27,layer_001_wire_003_RX,0.035983368185745115,0.035983368185745115,False
random_bp,expectation_value,same_entangling_gate_count,bcw_6q_random_bp,hea,RX_RY_RZ_CNOT,none,circular,cnot,local,6,2,2,10,12,6,23,2,1,3,RY,1,28,layer_001_wire_003_RY,-0.14674318153334545,0.14674318153334545,False
random_bp,expectation_value,same_entangling_gate_count,bcw_6q_random_bp,hea,RX_RY_RZ_CNOT,none,circular,cnot,local,6,2,2,10,12,6,23,2,1,3,RZ,2,29,layer_001_wire_003_RZ,1.8038600404610954e-17,1.8038600404610954e-17,True
random_bp,expectation_value,same_entangling_gate_count,bcw_6q_random_bp,hea,RX_RY_RZ_CNOT,none,circular,cnot,local,6,2,2,10,12,6,23,2,1,4,RX,0,30,layer_001_wire_004_RX,0.002650032879713979,0.002650032879713979,False
random_bp,expectation_value,same_entangling_gate_count,bcw_6q_random_bp,hea,RX_RY_RZ_CNOT,none,circular,cnot,local,6,2,2,10,12,6,23,2,1,4,RY,1,31,layer_001_wire_004_RY,0.028005633112380975,0.028005633112380975,False
random_bp,expectation_value,same_entangling_gate_count,bcw_6q_random_bp,hea,RX_RY_RZ_CNOT,none,circular,cnot,local,6,2,2,10,12,6,23,2,1,4,RZ,2,32,layer_001_wire_004_RZ,-3.526876737124473e-17,3.526876737124473e-17,True
random_bp,expectation_value,same_entangling_gate_count,bcw_6q_random_bp,hea,RX_RY_RZ_CNOT,none,circular,cnot,local,6,2,2,10,12,6,23,2,1,5,RX,0,33,layer_001_wire_005_RX,0.0004598677441236404,0.0004598677441236404,False
random_bp,expectation_value,same_entangling_gate_count,bcw_6q_random_bp,hea,RX_RY_RZ_CNOT,none,circular,cnot,local,6,2,2,10,12,6,23,2,1,5,RY,1,34,layer_001_wire_005_RY,0.04457283469465622,0.04457283469465622,False
random_bp,expectation_value,same_entangling_gate_count,bcw_6q_random_bp,hea,RX_RY_RZ_CNOT,none,circular,cnot,local,6,2,2,10,12,6,23,2,1,5,RZ,2,35,layer_001_wire_005_RZ,-8.230397669800394e-18,8.230397669800394e-18,True
random_bp,expectation_value,same_entangling_gate_count,bcw_6q_random_bp,hea,RX_RY_RZ_CNOT,none,linear,cnot,global,6,2,2,10,10,5,24,0,0,0,RX,0,0,layer_000_wire_000_RX,0.0010530781392570285,0.0010530781392570285,False
random_bp,expectation_value,same_entangling_gate_count,bcw_6q_random_bp,hea,RX_RY_RZ_CNOT,none,linear,cnot,global,6,2,2,10,10,5,24,0,0,0,RY,1,1,layer_000_wire_000_RY,-0.007246582023351919,0.007246582023351919,False
random_bp,expectation_value,same_entangling_gate_count,bcw_6q_random_bp,hea,RX_RY_RZ_CNOT,none,linear,cnot,global,6,2,2,10,10,5,24,0,0,0,RZ,2,2,layer_000_wire_000_RZ,7.293604104513946e-17,7.293604104513946e-17,True
random_bp,expectation_value,same_entangling_gate_count,bcw_6q_random_bp,hea,RX_RY_RZ_CNOT,none,linear,cnot,global,6,2,2,10,10,5,24,0,0,1,RX,0,3,layer_000_wire_001_RX,-0.1233576347460167,0.1233576347460167,False
random_bp,expectation_value,same_entangling_gate_count,bcw_6q_random_bp,hea,RX_RY_RZ_CNOT,none,linear,cnot,global,6,2,2,10,10,5,24,0,0,1,RY,1,4,layer_000_wire_001_RY,-0.05731474078846335,0.05731474078846335,False
random_bp,expectation_value,same_entangling_gate_count,bcw_6q_random_bp,hea,RX_RY_RZ_CNOT,none,linear,cnot,global,6,2,2,10,10,5,24,0,0,1,RZ,2,5,layer_000_wire_001_RZ,0.11605040428974514,0.11605040428974514,False
random_bp,expectation_value,same_entangling_gate_count,bcw_6q_random_bp,hea,RX_RY_RZ_CNOT,none,linear,cnot,global,6,2,2,10,10,5,24,0,0,2,RX,0,6,layer_000_wire_002_RX,-0.05892243138277838,0.05892243138277838,False
random_bp,expectation_value,same_entangling_gate_count,bcw_6q_random_bp,hea,RX_RY_RZ_CNOT,none,linear,cnot,global,6,2,2,10,10,5,24,0,0,2,RY,1,7,layer_000_wire_002_RY,0.014260695734924084,0.014260695734924084,False
random_bp,expectation_value,same_entangling_gate_count,bcw_6q_random_bp,hea,RX_RY_RZ_CNOT,none,linear,cnot,global,6,2,2,10,10,5,24,0,0,2,RZ,2,8,layer_000_wire_002_RZ,0.05988567081061663,0.05988567081061663,False
random_bp,expectation_value,same_entangling_gate_count,bcw_6q_random_bp,hea,RX_RY_RZ_CNOT,none,linear,cnot,global,6,2,2,10,10,5,24,0,0,3,RX,0,9,layer_000_wire_003_RX,0.011791243120662851,0.011791243120662851,False
random_bp,expectation_value,same_entangling_gate_count,bcw_6q_random_bp,hea,RX_RY_RZ_CNOT,none,linear,cnot,global,6,2,2,10,10,5,24,0,0,3,RY,1,10,layer_000_wire_003_RY,-0.015878650276953822,0.015878650276953822,False
random_bp,expectation_value,same_entangling_gate_count,bcw_6q_random_bp,hea,RX_RY_RZ_CNOT,none,linear,cnot,global,6,2,2,10,10,5,24,0,0,3,RZ,2,11,layer_000_wire_003_RZ,-0.013555454854922329,0.013555454854922329,False
random_bp,expectation_value,same_entangling_gate_count,bcw_6q_random_bp,hea,RX_RY_RZ_CNOT,none,linear,cnot,global,6,2,2,10,10,5,24,0,0,4,RX,0,12,layer_000_wire_004_RX,0.11736917371236266,0.11736917371236266,False
random_bp,expectation_value,same_entangling_gate_count,bcw_6q_random_bp,hea,RX_RY_RZ_CNOT,none,linear,cnot,global,6,2,2,10,10,5,24,0,0,4,RY,1,13,layer_000_wire_004_RY,-0.01804039702672883,0.01804039702672883,False
random_bp,expectation_value,same_entangling_gate_count,bcw_6q_random_bp,hea,RX_RY_RZ_CNOT,none,linear,cnot,global,6,2,2,10,10,5,24,0,0,4,RZ,2,14,layer_000_wire_004_RZ,0.0025386098591250227,0.0025386098591250227,False
random_bp,expectation_value,same_entangling_gate_count,bcw_6q_random_bp,hea,RX_RY_RZ_CNOT,none,linear,cnot,global,6,2,2,10,10,5,24,0,0,5,RX,0,15,layer_000_wire_005_RX,0.03897737032565788,0.03897737032565788,False
random_bp,expectation_value,same_entangling_gate_count,bcw_6q_random_bp,hea,RX_RY_RZ_CNOT,none,linear,cnot,global,6,2,2,10,10,5,24,0,0,5,RY,1,16,layer_000_wire_005_RY,0.0031578497144872306,0.0031578497144872306,False
random_bp,expectation_value,same_entangling_gate_count,bcw_6q_random_bp,hea,RX_RY_RZ_CNOT,none,linear,cnot,global,6,2,2,10,10,5,24,0,0,5,RZ,2,17,layer_000_wire_005_RZ,-0.03361700711604837,0.03361700711604837,False
random_bp,expectation_value,same_entangling_gate_count,bcw_6q_random_bp,hea,RX_RY_RZ_CNOT,none,linear,cnot,global,6,2,2,10,10,5,24,0,1,0,RX,0,18,layer_001_wire_000_RX,-1.3877787807814457e-17,1.3877787807814457e-17,True
random_bp,expectation_value,same_entangling_gate_count,bcw_6q_random_bp,hea,RX_RY_RZ_CNOT,none,linear,cnot,global,6,2,2,10,10,5,24,0,1,0,RY,1,19,layer_001_wire_000_RY,7.632783294297951e-17,7.632783294297951e-17,True
random_bp,expectation_value,same_entangling_gate_count,bcw_6q_random_bp,hea,RX_RY_RZ_CNOT,none,linear,cnot,global,6,2,2,10,10,5,24,0,1,0,RZ,2,20,layer_001_wire_000_RZ,-7.604517582883814e-17,7.604517582883814e-17,True
random_bp,expectation_value,same_entangling_gate_count,bcw_6q_random_bp,hea,RX_RY_RZ_CNOT,none,linear,cnot,global,6,2,2,10,10,5,24,0,1,1,RX,0,21,layer_001_wire_001_RX,-0.006355676897475057,0.006355676897475057,False
random_bp,expectation_value,same_entangling_gate_count,bcw_6q_random_bp,hea,RX_RY_RZ_CNOT,none,linear,cnot,global,6,2,2,10,10,5,24,0,1,1,RY,1,22,layer_001_wire_001_RY,0.08011281128005024,0.08011281128005024,False
random_bp,expectation_value,same_entangling_gate_count,bcw_6q_random_bp,hea,RX_RY_RZ_CNOT,none,linear,cnot,global,6,2,2,10,10,5,24,0,1,1,RZ,2,23,layer_001_wire_001_RZ,3.097144460310411e-17,3.097144460310411e-17,True
random_bp,expectation_value,same_entangling_gate_count,bcw_6q_random_bp,hea,RX_RY_RZ_CNOT,none,linear,cnot,global,6,2,2,10,10,5,24,0,1,2,RX,0,24,layer_001_wire_002_RX,2.0816681711721685e-17,2.0816681711721685e-17,True
random_bp,expectation_value,same_entangling_gate_count,bcw_6q_random_bp,hea,RX_RY_RZ_CNOT,none,linear,cnot,global,6,2,2,10,10,5,24,0,1,2,RY,1,25,layer_001_wire_002_RY,5.551115123125783e-17,5.551115123125783e-17,True
random_bp,expectation_value,same_entangling_gate_count,bcw_6q_random_bp,hea,RX_RY_RZ_CNOT,none,linear,cnot,global,6,2,2,10,10,5,24,0,1,2,RZ,2,26,layer_001_wire_002_RZ,4.202951491492442e-17,4.202951491492442e-17,True
random_bp,expectation_value,same_entangling_gate_count,bcw_6q_random_bp,hea,RX_RY_RZ_CNOT,none,linear,cnot,global,6,2,2,10,10,5,24,0,1,3,RX,0,27,layer_001_wire_003_RX,0.017203805358151962,0.017203805358151962,False
random_bp,expectation_value,same_entangling_gate_count,bcw_6q_random_bp,hea,RX_RY_RZ_CNOT,none,linear,cnot,global,6,2,2,10,10,5,24,0,1,3,RY,1,28,layer_001_wire_003_RY,-0.24429376072492365,0.24429376072492365,False
random_bp,expectation_value,same_entangling_gate_count,bcw_6q_random_bp,hea,RX_RY_RZ_CNOT,none,linear,cnot,global,6,2,2,10,10,5,24,0,1,3,RZ,2,29,layer_001_wire_003_RZ,1.5622133178224537e-17,1.5622133178224537e-17,True
random_bp,expectation_value,same_entangling_gate_count,bcw_6q_random_bp,hea,RX_RY_RZ_CNOT,none,linear,cnot,global,6,2,2,10,10,5,24,0,1,4,RX,0,30,layer_001_wire_004_RX,1.1102230246251565e-16,1.1102230246251565e-16,True
random_bp,expectation_value,same_entangling_gate_count,bcw_6q_random_bp,hea,RX_RY_RZ_CNOT,none,linear,cnot,global,6,2,2,10,10,5,24,0,1,4,RY,1,31,layer_001_wire_004_RY,-9.020562075079397e-17,9.020562075079397e-17,True
random_bp,expectation_value,same_entangling_gate_count,bcw_6q_random_bp,hea,RX_RY_RZ_CNOT,none,linear,cnot,global,6,2,2,10,10,5,24,0,1,4,RZ,2,32,layer_001_wire_004_RZ,4.035863008279284e-17,4.035863008279284e-17,True
random_bp,expectation_value,same_entangling_gate_count,bcw_6q_random_bp,hea,RX_RY_RZ_CNOT,none,linear,cnot,global,6,2,2,10,10,5,24,0,1,5,RX,0,33,layer_001_wire_005_RX,-0.020811333076884098,0.020811333076884098,False
random_bp,expectation_value,same_entangling_gate_count,bcw_6q_random_bp,hea,RX_RY_RZ_CNOT,none,linear,cnot,global,6,2,2,10,10,5,24,0,1,5,RY,1,34,layer_001_wire_005_RY,0.1717161237405495,0.1717161237405495,False
random_bp,expectation_value,same_entangling_gate_count,bcw_6q_random_bp,hea,RX_RY_RZ_CNOT,none,linear,cnot,global,6,2,2,10,10,5,24,0,1,5,RZ,2,35,layer_001_wire_005_RZ,-3.1226464435993344e-18,3.1226464435993344e-18,True
random_bp,expectation_value,same_entangling_gate_count,bcw_6q_random_bp,hea,RX_RY_RZ_CNOT,none,linear,cnot,global,6,2,2,10,10,5,25,1,0,0,RX,0,0,layer_000_wire_000_RX,-0.003400255318787232,0.003400255318787232,False
random_bp,expectation_value,same_entangling_gate_count,bcw_6q_random_bp,hea,RX_RY_RZ_CNOT,none,linear,cnot,global,6,2,2,10,10,5,25,1,0,0,RY,1,1,layer_000_wire_000_RY,0.014699686555976638,0.014699686555976638,False
random_bp,expectation_value,same_entangling_gate_count,bcw_6q_random_bp,hea,RX_RY_RZ_CNOT,none,linear,cnot,global,6,2,2,10,10,5,25,1,0,0,RZ,2,2,layer_000_wire_000_RZ,-6.731955553579495e-17,6.731955553579495e-17,True
random_bp,expectation_value,same_entangling_gate_count,bcw_6q_random_bp,hea,RX_RY_RZ_CNOT,none,linear,cnot,global,6,2,2,10,10,5,25,1,0,1,RX,0,3,layer_000_wire_001_RX,-0.0758977975464532,0.0758977975464532,False
random_bp,expectation_value,same_entangling_gate_count,bcw_6q_random_bp,hea,RX_RY_RZ_CNOT,none,linear,cnot,global,6,2,2,10,10,5,25,1,0,1,RY,1,4,layer_000_wire_001_RY,-0.035505830157228344,0.035505830157228344,False
random_bp,expectation_value,same_entangling_gate_count,bcw_6q_random_bp,hea,RX_RY_RZ_CNOT,none,linear,cnot,global,6,2,2,10,10,5,25,1,0,1,RZ,2,5,layer_000_wire_001_RZ,-0.06574524413090244,0.06574524413090244,False
random_bp,expectation_value,same_entangling_gate_count,bcw_6q_random_bp,hea,RX_RY_RZ_CNOT,none,linear,cnot,global,6,2,2,10,10,5,25,1,0,2,RX,0,6,layer_000_wire_002_RX,0.03980192978687148,0.03980192978687148,False
random_bp,expectation_value,same_entangling_gate_count,bcw_6q_random_bp,hea,RX_RY_RZ_CNOT,none,linear,cnot,global,6,2,2,10,10,5,25,1,0,2,RY,1,7,layer_000_wire_002_RY,-0.039023120574656386,0.039023120574656386,False
random_bp,expectation_value,same_entangling_gate_count,bcw_6q_random_bp,hea,RX_RY_RZ_CNOT,none,linear,cnot,global,6,2,2,10,10,5,25,1,0,2,RZ,2,8,layer_000_wire_002_RZ,0.08333432039993686,0.08333432039993686,False
random_bp,expectation_value,same_entangling_gate_count,bcw_6q_random_bp,hea,RX_RY_RZ_CNOT,none,linear,cnot,global,6,2,2,10,10,5,25,1,0,3,RX,0,9,layer_000_wire_003_RX,0.0974260937771852,0.0974260937771852,False
random_bp,expectation_value,same_entangling_gate_count,bcw_6q_random_bp,hea,RX_RY_RZ_CNOT,none,linear,cnot,global,6,2,2,10,10,5,25,1,0,3,RY,1,10,layer_000_wire_003_RY,-0.011118298414653335,0.011118298414653335,False
random_bp,expectation_value,same_entangling_gate_count,bcw_6q_random_bp,hea,RX_RY_RZ_CNOT,none,linear,cnot,global,6,2,2,10,10,5,25,1,0,3,RZ,2,11,layer_000_wire_003_RZ,-0.09735943671722959,0.09735943671722959,False
random_bp,expectation_value,same_entangling_gate_count,bcw_6q_random_bp,hea,RX_RY_RZ_CNOT,none,linear,cnot,global,6,2,2,10,10,5,25,1,0,4,RX,0,12,layer_000_wire_004_RX,-0.09038564532957084,0.09038564532957084,False
random_bp,expectation_value,same_entangling_gate_count,bcw_6q_random_bp,hea,RX_RY_RZ_CNOT,none,linear,cnot,global,6,2,2,10,10,5,25,1,0,4,RY,1,13,layer_000_wire_004_RY,0.0016142271271368004,0.0016142271271368004,False
random_bp,expectation_value,same_entangling_gate_count,bcw_6q_random_bp,hea,RX_RY_RZ_CNOT,none,linear,cnot,global,6,2,2,10,10,5,25,1,0,4,RZ,2,14,layer_000_wire_004_RZ,0.08846858236793129,0.08846858236793129,False
random_bp,expectation_value,same_entangling_gate_count,bcw_6q_random_bp,hea,RX_RY_RZ_CNOT,none,linear,cnot,global,6,2,2,10,10,5,25,1,0,5,RX,0,15,layer_000_wire_005_RX,0.0949376333848964,0.0949376333848964,False
random_bp,expectation_value,same_entangling_gate_count,bcw_6q_random_bp,hea,RX_RY_RZ_CNOT,none,linear,cnot,global,6,2,2,10,10,5,25,1,0,5,RY,1,16,layer_000_wire_005_RY,0.05565540861521047,0.05565540861521047,False
random_bp,expectation_value,same_entangling_gate_count,bcw_6q_random_bp,hea,RX_RY_RZ_CNOT,none,linear,cnot,global,6,2,2,10,10,5,25,1,0,5,RZ,2,17,layer_000_wire_005_RZ,0.08198060881575044,0.08198060881575044,False
random_bp,expectation_value,same_entangling_gate_count,bcw_6q_random_bp,hea,RX_RY_RZ_CNOT,none,linear,cnot,global,6,2,2,10,10,5,25,1,1,0,RX,0,18,layer_001_wire_000_RX,4.85722573273506e-17,4.85722573273506e-17,True
random_bp,expectation_value,same_entangling_gate_count,bcw_6q_random_bp,hea,RX_RY_RZ_CNOT,none,linear,cnot,global,6,2,2,10,10,5,25,1,1,0,RY,1,19,layer_001_wire_000_RY,-6.591949208711867e-17,6.591949208711867e-17,True
random_bp,expectation_value,same_entangling_gate_count,bcw_6q_random_bp,hea,RX_RY_RZ_CNOT,none,linear,cnot,global,6,2,2,10,10,5,25,1,1,0,RZ,2,20,layer_001_wire_000_RZ,3.0098594853543584e-17,3.0098594853543584e-17,True
random_bp,expectation_value,same_entangling_gate_count,bcw_6q_random_bp,hea,RX_RY_RZ_CNOT,none,linear,cnot,global,6,2,2,10,10,5,25,1,1,1,RX,0,21,layer_001_wire_001_RX,-0.06310751613832925,0.06310751613832925,False
random_bp,expectation_value,same_entangling_gate_count,bcw_6q_random_bp,hea,RX_RY_RZ_CNOT,none,linear,cnot,global,6,2,2,10,10,5,25,1,1,1,RY,1,22,layer_001_wire_001_RY,0.06798341875428535,0.06798341875428535,False
random_bp,expectation_value,same_entangling_gate_count,bcw_6q_random_bp,hea,RX_RY_RZ_CNOT,none,linear,cnot,global,6,2,2,10,10,5,25,1,1,1,RZ,2,23,layer_001_wire_001_RZ,-1.056502518353885e-16,1.056502518353885e-16,True
random_bp,expectation_value,same_entangling_gate_count,bcw_6q_random_bp,hea,RX_RY_RZ_CNOT,none,linear,cnot,global,6,2,2,10,10,5,25,1,1,2,RX,0,24,layer_001_wire_002_RX,-4.7704895589362195e-17,4.7704895589362195e-17,True
random_bp,expectation_value,same_entangling_gate_count,bcw_6q_random_bp,hea,RX_RY_RZ_CNOT,none,linear,cnot,global,6,2,2,10,10,5,25,1,1,2,RY,1,25,layer_001_wire_002_RY,3.8163916471489756e-17,3.8163916471489756e-17,True
random_bp,expectation_value,same_entangling_gate_count,bcw_6q_random_bp,hea,RX_RY_RZ_CNOT,none,linear,cnot,global,6,2,2,10,10,5,25,1,1,2,RZ,2,26,layer_001_wire_002_RZ,5.016172359325707e-17,5.016172359325707e-17,True
random_bp,expectation_value,same_entangling_gate_count,bcw_6q_random_bp,hea,RX_RY_RZ_CNOT,none,linear,cnot,global,6,2,2,10,10,5,25,1,1,3,RX,0,27,layer_001_wire_003_RX,-0.006770033846214765,0.006770033846214765,False
random_bp,expectation_value,same_entangling_gate_count,bcw_6q_random_bp,hea,RX_RY_RZ_CNOT,none,linear,cnot,global,6,2,2,10,10,5,25,1,1,3,RY,1,28,layer_001_wire_003_RY,0.0576445421867095,0.0576445421867095,False
random_bp,expectation_value,same_entangling_gate_count,bcw_6q_random_bp,hea,RX_RY_RZ_CNOT,none,linear,cnot,global,6,2,2,10,10,5,25,1,1,3,RZ,2,29,layer_001_wire_003_RZ,-4.4182153568108666e-17,4.4182153568108666e-17,True
random_bp,expectation_value,same_entangling_gate_count,bcw_6q_random_bp,hea,RX_RY_RZ_CNOT,none,linear,cnot,global,6,2,2,10,10,5,25,1,1,4,RX,0,30,layer_001_wire_004_RX,5.637851296924623e-18,5.637851296924623e-18,True
random_bp,expectation_value,same_entangling_gate_count,bcw_6q_random_bp,hea,RX_RY_RZ_CNOT,none,linear,cnot,global,6,2,2,10,10,5,25,1,1,4,RY,1,31,layer_001_wire_004_RY,2.2551405187698492e-17,2.2551405187698492e-17,True
random_bp,expectation_value,same_entangling_gate_count,bcw_6q_random_bp,hea,RX_RY_RZ_CNOT,none,linear,cnot,global,6,2,2,10,10,5,25,1,1,4,RZ,2,32,layer_001_wire_004_RZ,3.8151726354029675e-17,3.8151726354029675e-17,True
random_bp,expectation_value,same_entangling_gate_count,bcw_6q_random_bp,hea,RX_RY_RZ_CNOT,none,linear,cnot,global,6,2,2,10,10,5,25,1,1,5,RX,0,33,layer_001_wire_005_RX,-0.009782541770330866,0.009782541770330866,False
random_bp,expectation_value,same_entangling_gate_count,bcw_6q_random_bp,hea,RX_RY_RZ_CNOT,none,linear,cnot,global,6,2,2,10,10,5,25,1,1,5,RY,1,34,layer_001_wire_005_RY,0.06837384517626847,0.06837384517626847,False
random_bp,expectation_value,same_entangling_gate_count,bcw_6q_random_bp,hea,RX_RY_RZ_CNOT,none,linear,cnot,global,6,2,2,10,10,5,25,1,1,5,RZ,2,35,layer_001_wire_005_RZ,2.034354999096985e-17,2.034354999096985e-17,True
random_bp,expectation_value,same_entangling_gate_count,bcw_6q_random_bp,hea,RX_RY_RZ_CNOT,none,linear,cnot,global,6,2,2,10,10,5,26,2,0,0,RX,0,0,layer_000_wire_000_RX,0.03887349388826038,0.03887349388826038,False
random_bp,expectation_value,same_entangling_gate_count,bcw_6q_random_bp,hea,RX_RY_RZ_CNOT,none,linear,cnot,global,6,2,2,10,10,5,26,2,0,0,RY,1,1,layer_000_wire_000_RY,0.009035194135252018,0.009035194135252018,False
random_bp,expectation_value,same_entangling_gate_count,bcw_6q_random_bp,hea,RX_RY_RZ_CNOT,none,linear,cnot,global,6,2,2,10,10,5,26,2,0,0,RZ,2,2,layer_000_wire_000_RZ,1.7664498175883658e-17,1.7664498175883658e-17,True
random_bp,expectation_value,same_entangling_gate_count,bcw_6q_random_bp,hea,RX_RY_RZ_CNOT,none,linear,cnot,global,6,2,2,10,10,5,26,2,0,1,RX,0,3,layer_000_wire_001_RX,0.10968810999351948,0.10968810999351948,False
random_bp,expectation_value,same_entangling_gate_count,bcw_6q_random_bp,hea,RX_RY_RZ_CNOT,none,linear,cnot,global,6,2,2,10,10,5,26,2,0,1,RY,1,4,layer_000_wire_001_RY,0.011042181421932432,0.011042181421932432,False
random_bp,expectation_value,same_entangling_gate_count,bcw_6q_random_bp,hea,RX_RY_RZ_CNOT,none,linear,cnot,global,6,2,2,10,10,5,26,2,0,1,RZ,2,5,layer_000_wire_001_RZ,-0.05871048937295558,0.05871048937295558,False
random_bp,expectation_value,same_entangling_gate_count,bcw_6q_random_bp,hea,RX_RY_RZ_CNOT,none,linear,cnot,global,6,2,2,10,10,5,26,2,0,2,RX,0,6,layer_000_wire_002_RX,0.1678401541475446,0.1678401541475446,False
random_bp,expectation_value,same_entangling_gate_count,bcw_6q_random_bp,hea,RX_RY_RZ_CNOT,none,linear,cnot,global,6,2,2,10,10,5,26,2,0,2,RY,1,7,layer_000_wire_002_RY,0.023383565390309672,0.023383565390309672,False
random_bp,expectation_value,same_entangling_gate_count,bcw_6q_random_bp,hea,RX_RY_RZ_CNOT,none,linear,cnot,global,6,2,2,10,10,5,26,2,0,2,RZ,2,8,layer_000_wire_002_RZ,0.00352067840858156,0.00352067840858156,False
random_bp,expectation_value,same_entangling_gate_count,bcw_6q_random_bp,hea,RX_RY_RZ_CNOT,none,linear,cnot,global,6,2,2,10,10,5,26,2,0,3,RX,0,9,layer_000_wire_003_RX,0.0029876202212344126,0.0029876202212344126,False
random_bp,expectation_value,same_entangling_gate_count,bcw_6q_random_bp,hea,RX_RY_RZ_CNOT,none,linear,cnot,global,6,2,2,10,10,5,26,2,0,3,RY,1,10,layer_000_wire_003_RY,0.08784570912555724,0.08784570912555724,False
random_bp,expectation_value,same_entangling_gate_count,bcw_6q_random_bp,hea,RX_RY_RZ_CNOT,none,linear,cnot,global,6,2,2,10,10,5,26,2,0,3,RZ,2,11,layer_000_wire_003_RZ,0.12237519800365762,0.12237519800365762,False
random_bp,expectation_value,same_entangling_gate_count,bcw_6q_random_bp,hea,RX_RY_RZ_CNOT,none,linear,cnot,global,6,2,2,10,10,5,26,2,0,4,RX,0,12,layer_000_wire_004_RX,-0.049140320525238326,0.049140320525238326,False
random_bp,expectation_value,same_entangling_gate_count,bcw_6q_random_bp,hea,RX_RY_RZ_CNOT,none,linear,cnot,global,6,2,2,10,10,5,26,2,0,4,RY,1,13,layer_000_wire_004_RY,0.030461687838462627,0.030461687838462627,False
random_bp,expectation_value,same_entangling_gate_count,bcw_6q_random_bp,hea,RX_RY_RZ_CNOT,none,linear,cnot,global,6,2,2,10,10,5,26,2,0,4,RZ,2,14,layer_000_wire_004_RZ,0.03629249709471907,0.03629249709471907,False
random_bp,expectation_value,same_entangling_gate_count,bcw_6q_random_bp,hea,RX_RY_RZ_CNOT,none,linear,cnot,global,6,2,2,10,10,5,26,2,0,5,RX,0,15,layer_000_wire_005_RX,0.051670187265782125,0.051670187265782125,False
random_bp,expectation_value,same_entangling_gate_count,bcw_6q_random_bp,hea,RX_RY_RZ_CNOT,none,linear,cnot,global,6,2,2,10,10,5,26,2,0,5,RY,1,16,layer_000_wire_005_RY,-0.002915528412017321,0.002915528412017321,False
random_bp,expectation_value,same_entangling_gate_count,bcw_6q_random_bp,hea,RX_RY_RZ_CNOT,none,linear,cnot,global,6,2,2,10,10,5,26,2,0,5,RZ,2,17,layer_000_wire_005_RZ,-0.007333897290343129,0.007333897290343129,False
random_bp,expectation_value,same_entangling_gate_count,bcw_6q_random_bp,hea,RX_RY_RZ_CNOT,none,linear,cnot,global,6,2,2,10,10,5,26,2,1,0,RX,0,18,layer_001_wire_000_RX,-6.418476861114186e-17,6.418476861114186e-17,True
random_bp,expectation_value,same_entangling_gate_count,bcw_6q_random_bp,hea,RX_RY_RZ_CNOT,none,linear,cnot,global,6,2,2,10,10,5,26,2,1,0,RY,1,19,layer_001_wire_000_RY,2.0816681711721685e-17,2.0816681711721685e-17,True
random_bp,expectation_value,same_entangling_gate_count,bcw_6q_random_bp,hea,RX_RY_RZ_CNOT,none,linear,cnot,global,6,2,2,10,10,5,26,2,1,0,RZ,2,20,layer_001_wire_000_RZ,-4.653548272452612e-17,4.653548272452612e-17,True
random_bp,expectation_value,same_entangling_gate_count,bcw_6q_random_bp,hea,RX_RY_RZ_CNOT,none,linear,cnot,global,6,2,2,10,10,5,26,2,1,1,RX,0,21,layer_001_wire_001_RX,0.006872139900518395,0.006872139900518395,False
random_bp,expectation_value,same_entangling_gate_count,bcw_6q_random_bp,hea,RX_RY_RZ_CNOT,none,linear,cnot,global,6,2,2,10,10,5,26,2,1,1,RY,1,22,layer_001_wire_001_RY,-0.14855352519325665,0.14855352519325665,False
random_bp,expectation_value,same_entangling_gate_count,bcw_6q_random_bp,hea,RX_RY_RZ_CNOT,none,linear,cnot,global,6,2,2,10,10,5,26,2,1,1,RZ,2,23,layer_001_wire_001_RZ,-4.523594930720624e-17,4.523594930720624e-17,True
random_bp,expectation_value,same_entangling_gate_count,bcw_6q_random_bp,hea,RX_RY_RZ_CNOT,none,linear,cnot,global,6,2,2,10,10,5,26,2,1,2,RX,0,24,layer_001_wire_002_RX,0.0,0.0,True
random_bp,expectation_value,same_entangling_gate_count,bcw_6q_random_bp,hea,RX_RY_RZ_CNOT,none,linear,cnot,global,6,2,2,10,10,5,26,2,1,2,RY,1,25,layer_001_wire_002_RY,-2.168404344971009e-17,2.168404344971009e-17,True
random_bp,expectation_value,same_entangling_gate_count,bcw_6q_random_bp,hea,RX_RY_RZ_CNOT,none,linear,cnot,global,6,2,2,10,10,5,26,2,1,2,RZ,2,26,layer_001_wire_002_RZ,-2.2540917020109907e-17,2.2540917020109907e-17,True
random_bp,expectation_value,same_entangling_gate_count,bcw_6q_random_bp,hea,RX_RY_RZ_CNOT,none,linear,cnot,global,6,2,2,10,10,5,26,2,1,3,RX,0,27,layer_001_wire_003_RX,0.06449238373271819,0.06449238373271819,False
random_bp,expectation_value,same_entangling_gate_count,bcw_6q_random_bp,hea,RX_RY_RZ_CNOT,none,linear,cnot,global,6,2,2,10,10,5,26,2,1,3,RY,1,28,layer_001_wire_003_RY,0.1694666857870257,0.1694666857870257,False
random_bp,expectation_value,same_entangling_gate_count,bcw_6q_random_bp,hea,RX_RY_RZ_CNOT,none,linear,cnot,global,6,2,2,10,10,5,26,2,1,3,RZ,2,29,layer_001_wire_003_RZ,-2.5286983004299454e-17,2.5286983004299454e-17,True
random_bp,expectation_value,same_entangling_gate_count,bcw_6q_random_bp,hea,RX_RY_RZ_CNOT,none,linear,cnot,global,6,2,2,10,10,5,26,2,1,4,RX,0,30,layer_001_wire_004_RX,2.0816681711721685e-17,2.0816681711721685e-17,True
random_bp,expectation_value,same_entangling_gate_count,bcw_6q_random_bp,hea,RX_RY_RZ_CNOT,none,linear,cnot,global,6,2,2,10,10,5,26,2,1,4,RY,1,31,layer_001_wire_004_RY,8.673617379884035e-18,8.673617379884035e-18,True
random_bp,expectation_value,same_entangling_gate_count,bcw_6q_random_bp,hea,RX_RY_RZ_CNOT,none,linear,cnot,global,6,2,2,10,10,5,26,2,1,4,RZ,2,32,layer_001_wire_004_RZ,-5.329622672385024e-18,5.329622672385024e-18,True
random_bp,expectation_value,same_entangling_gate_count,bcw_6q_random_bp,hea,RX_RY_RZ_CNOT,none,linear,cnot,global,6,2,2,10,10,5,26,2,1,5,RX,0,33,layer_001_wire_005_RX,-0.01826237087532328,0.01826237087532328,False
random_bp,expectation_value,same_entangling_gate_count,bcw_6q_random_bp,hea,RX_RY_RZ_CNOT,none,linear,cnot,global,6,2,2,10,10,5,26,2,1,5,RY,1,34,layer_001_wire_005_RY,0.039910563563619585,0.039910563563619585,False
random_bp,expectation_value,same_entangling_gate_count,bcw_6q_random_bp,hea,RX_RY_RZ_CNOT,none,linear,cnot,global,6,2,2,10,10,5,26,2,1,5,RZ,2,35,layer_001_wire_005_RZ,-2.2346749107994526e-18,2.2346749107994526e-18,True
random_bp,expectation_value,same_entangling_gate_count,bcw_6q_random_bp,hea,RX_RY_RZ_CNOT,none,circular,cnot,global,6,2,2,10,12,6,27,0,0,0,RX,0,0,layer_000_wire_000_RX,-0.02287929113188577,0.02287929113188577,False
random_bp,expectation_value,same_entangling_gate_count,bcw_6q_random_bp,hea,RX_RY_RZ_CNOT,none,circular,cnot,global,6,2,2,10,12,6,27,0,0,0,RY,1,1,layer_000_wire_000_RY,0.052792531728221556,0.052792531728221556,False
random_bp,expectation_value,same_entangling_gate_count,bcw_6q_random_bp,hea,RX_RY_RZ_CNOT,none,circular,cnot,global,6,2,2,10,12,6,27,0,0,0,RZ,2,2,layer_000_wire_000_RZ,-0.01509007062821158,0.01509007062821158,False
random_bp,expectation_value,same_entangling_gate_count,bcw_6q_random_bp,hea,RX_RY_RZ_CNOT,none,circular,cnot,global,6,2,2,10,12,6,27,0,0,1,RX,0,3,layer_000_wire_001_RX,0.12748093261222623,0.12748093261222623,False
random_bp,expectation_value,same_entangling_gate_count,bcw_6q_random_bp,hea,RX_RY_RZ_CNOT,none,circular,cnot,global,6,2,2,10,12,6,27,0,0,1,RY,1,4,layer_000_wire_001_RY,0.05603018613084929,0.05603018613084929,False
random_bp,expectation_value,same_entangling_gate_count,bcw_6q_random_bp,hea,RX_RY_RZ_CNOT,none,circular,cnot,global,6,2,2,10,12,6,27,0,0,1,RZ,2,5,layer_000_wire_001_RZ,-0.11980032302442184,0.11980032302442184,False
random_bp,expectation_value,same_entangling_gate_count,bcw_6q_random_bp,hea,RX_RY_RZ_CNOT,none,circular,cnot,global,6,2,2,10,12,6,27,0,0,2,RX,0,6,layer_000_wire_002_RX,0.03345274103408663,0.03345274103408663,False
random_bp,expectation_value,same_entangling_gate_count,bcw_6q_random_bp,hea,RX_RY_RZ_CNOT,none,circular,cnot,global,6,2,2,10,12,6,27,0,0,2,RY,1,7,layer_000_wire_002_RY,-0.056396511114605745,0.056396511114605745,False
random_bp,expectation_value,same_entangling_gate_count,bcw_6q_random_bp,hea,RX_RY_RZ_CNOT,none,circular,cnot,global,6,2,2,10,12,6,27,0,0,2,RZ,2,8,layer_000_wire_002_RZ,-0.03891579889899792,0.03891579889899792,False
random_bp,expectation_value,same_entangling_gate_count,bcw_6q_random_bp,hea,RX_RY_RZ_CNOT,none,circular,cnot,global,6,2,2,10,12,6,27,0,0,3,RX,0,9,layer_000_wire_003_RX,-0.09876303377714084,0.09876303377714084,False
random_bp,expectation_value,same_entangling_gate_count,bcw_6q_random_bp,hea,RX_RY_RZ_CNOT,none,circular,cnot,global,6,2,2,10,12,6,27,0,0,3,RY,1,10,layer_000_wire_003_RY,0.09305865139814753,0.09305865139814753,False
random_bp,expectation_value,same_entangling_gate_count,bcw_6q_random_bp,hea,RX_RY_RZ_CNOT,none,circular,cnot,global,6,2,2,10,12,6,27,0,0,3,RZ,2,11,layer_000_wire_003_RZ,0.10659951252116576,0.10659951252116576,False
random_bp,expectation_value,same_entangling_gate_count,bcw_6q_random_bp,hea,RX_RY_RZ_CNOT,none,circular,cnot,global,6,2,2,10,12,6,27,0,0,4,RX,0,12,layer_000_wire_004_RX,0.1414872957083595,0.1414872957083595,False
random_bp,expectation_value,same_entangling_gate_count,bcw_6q_random_bp,hea,RX_RY_RZ_CNOT,none,circular,cnot,global,6,2,2,10,12,6,27,0,0,4,RY,1,13,layer_000_wire_004_RY,0.01509567323790671,0.01509567323790671,False
random_bp,expectation_value,same_entangling_gate_count,bcw_6q_random_bp,hea,RX_RY_RZ_CNOT,none,circular,cnot,global,6,2,2,10,12,6,27,0,0,4,RZ,2,14,layer_000_wire_004_RZ,0.04808338802235024,0.04808338802235024,False
random_bp,expectation_value,same_entangling_gate_count,bcw_6q_random_bp,hea,RX_RY_RZ_CNOT,none,circular,cnot,global,6,2,2,10,12,6,27,0,0,5,RX,0,15,layer_000_wire_005_RX,-0.03556068654180697,0.03556068654180697,False
random_bp,expectation_value,same_entangling_gate_count,bcw_6q_random_bp,hea,RX_RY_RZ_CNOT,none,circular,cnot,global,6,2,2,10,12,6,27,0,0,5,RY,1,16,layer_000_wire_005_RY,-0.03450655583478962,0.03450655583478962,False
random_bp,expectation_value,same_entangling_gate_count,bcw_6q_random_bp,hea,RX_RY_RZ_CNOT,none,circular,cnot,global,6,2,2,10,12,6,27,0,0,5,RZ,2,17,layer_000_wire_005_RZ,0.07159740175163795,0.07159740175163795,False
random_bp,expectation_value,same_entangling_gate_count,bcw_6q_random_bp,hea,RX_RY_RZ_CNOT,none,circular,cnot,global,6,2,2,10,12,6,27,0,1,0,RX,0,18,layer_001_wire_000_RX,0.04947825998373347,0.04947825998373347,False
random_bp,expectation_value,same_entangling_gate_count,bcw_6q_random_bp,hea,RX_RY_RZ_CNOT,none,circular,cnot,global,6,2,2,10,12,6,27,0,1,0,RY,1,19,layer_001_wire_000_RY,-0.08003383677376746,0.08003383677376746,False
random_bp,expectation_value,same_entangling_gate_count,bcw_6q_random_bp,hea,RX_RY_RZ_CNOT,none,circular,cnot,global,6,2,2,10,12,6,27,0,1,0,RZ,2,20,layer_001_wire_000_RZ,-4.927302031523587e-17,4.927302031523587e-17,True
random_bp,expectation_value,same_entangling_gate_count,bcw_6q_random_bp,hea,RX_RY_RZ_CNOT,none,circular,cnot,global,6,2,2,10,12,6,27,0,1,1,RX,0,21,layer_001_wire_001_RX,0.0,0.0,True
random_bp,expectation_value,same_entangling_gate_count,bcw_6q_random_bp,hea,RX_RY_RZ_CNOT,none,circular,cnot,global,6,2,2,10,12,6,27,0,1,1,RY,1,22,layer_001_wire_001_RY,2.7755575615628914e-17,2.7755575615628914e-17,True
random_bp,expectation_value,same_entangling_gate_count,bcw_6q_random_bp,hea,RX_RY_RZ_CNOT,none,circular,cnot,global,6,2,2,10,12,6,27,0,1,1,RZ,2,23,layer_001_wire_001_RZ,4.136890609226829e-17,4.136890609226829e-17,True
random_bp,expectation_value,same_entangling_gate_count,bcw_6q_random_bp,hea,RX_RY_RZ_CNOT,none,circular,cnot,global,6,2,2,10,12,6,27,0,1,2,RX,0,24,layer_001_wire_002_RX,-0.02070914800443561,0.02070914800443561,False
random_bp,expectation_value,same_entangling_gate_count,bcw_6q_random_bp,hea,RX_RY_RZ_CNOT,none,circular,cnot,global,6,2,2,10,12,6,27,0,1,2,RY,1,25,layer_001_wire_002_RY,0.17864799144886495,0.17864799144886495,False
random_bp,expectation_value,same_entangling_gate_count,bcw_6q_random_bp,hea,RX_RY_RZ_CNOT,none,circular,cnot,global,6,2,2,10,12,6,27,0,1,2,RZ,2,26,layer_001_wire_002_RZ,-1.875166045238052e-17,1.875166045238052e-17,True
random_bp,expectation_value,same_entangling_gate_count,bcw_6q_random_bp,hea,RX_RY_RZ_CNOT,none,circular,cnot,global,6,2,2,10,12,6,27,0,1,3,RX,0,27,layer_001_wire_003_RX,-1.214306433183765e-17,1.214306433183765e-17,True
random_bp,expectation_value,same_entangling_gate_count,bcw_6q_random_bp,hea,RX_RY_RZ_CNOT,none,circular,cnot,global,6,2,2,10,12,6,27,0,1,3,RY,1,28,layer_001_wire_003_RY,-2.7755575615628914e-17,2.7755575615628914e-17,True
random_bp,expectation_value,same_entangling_gate_count,bcw_6q_random_bp,hea,RX_RY_RZ_CNOT,none,circular,cnot,global,6,2,2,10,12,6,27,0,1,3,RZ,2,29,layer_001_wire_003_RZ,4.6588488309629083e-17,4.6588488309629083e-17,True
random_bp,expectation_value,same_entangling_gate_count,bcw_6q_random_bp,hea,RX_RY_RZ_CNOT,none,circular,cnot,global,6,2,2,10,12,6,27,0,1,4,RX,0,30,layer_001_wire_004_RX,-0.026867902280765188,0.026867902280765188,False
random_bp,expectation_value,same_entangling_gate_count,bcw_6q_random_bp,hea,RX_RY_RZ_CNOT,none,circular,cnot,global,6,2,2,10,12,6,27,0,1,4,RY,1,31,layer_001_wire_004_RY,-0.10609982695955314,0.10609982695955314,False
random_bp,expectation_value,same_entangling_gate_count,bcw_6q_random_bp,hea,RX_RY_RZ_CNOT,none,circular,cnot,global,6,2,2,10,12,6,27,0,1,4,RZ,2,32,layer_001_wire_004_RZ,1.25991254242396e-17,1.25991254242396e-17,True
random_bp,expectation_value,same_entangling_gate_count,bcw_6q_random_bp,hea,RX_RY_RZ_CNOT,none,circular,cnot,global,6,2,2,10,12,6,27,0,1,5,RX,0,33,layer_001_wire_005_RX,2.7755575615628914e-17,2.7755575615628914e-17,True
random_bp,expectation_value,same_entangling_gate_count,bcw_6q_random_bp,hea,RX_RY_RZ_CNOT,none,circular,cnot,global,6,2,2,10,12,6,27,0,1,5,RY,1,34,layer_001_wire_005_RY,-2.6020852139652106e-17,2.6020852139652106e-17,True
random_bp,expectation_value,same_entangling_gate_count,bcw_6q_random_bp,hea,RX_RY_RZ_CNOT,none,circular,cnot,global,6,2,2,10,12,6,27,0,1,5,RZ,2,35,layer_001_wire_005_RZ,-4.946188064283707e-18,4.946188064283707e-18,True
random_bp,expectation_value,same_entangling_gate_count,bcw_6q_random_bp,hea,RX_RY_RZ_CNOT,none,circular,cnot,global,6,2,2,10,12,6,28,1,0,0,RX,0,0,layer_000_wire_000_RX,0.050265627134488344,0.050265627134488344,False
random_bp,expectation_value,same_entangling_gate_count,bcw_6q_random_bp,hea,RX_RY_RZ_CNOT,none,circular,cnot,global,6,2,2,10,12,6,28,1,0,0,RY,1,1,layer_000_wire_000_RY,-0.06657118465631033,0.06657118465631033,False
random_bp,expectation_value,same_entangling_gate_count,bcw_6q_random_bp,hea,RX_RY_RZ_CNOT,none,circular,cnot,global,6,2,2,10,12,6,28,1,0,0,RZ,2,2,layer_000_wire_000_RZ,-0.01067775319392926,0.01067775319392926,False
random_bp,expectation_value,same_entangling_gate_count,bcw_6q_random_bp,hea,RX_RY_RZ_CNOT,none,circular,cnot,global,6,2,2,10,12,6,28,1,0,1,RX,0,3,layer_000_wire_001_RX,0.023955245523753572,0.023955245523753572,False
random_bp,expectation_value,same_entangling_gate_count,bcw_6q_random_bp,hea,RX_RY_RZ_CNOT,none,circular,cnot,global,6,2,2,10,12,6,28,1,0,1,RY,1,4,layer_000_wire_001_RY,-0.011616527624017981,0.011616527624017981,False
random_bp,expectation_value,same_entangling_gate_count,bcw_6q_random_bp,hea,RX_RY_RZ_CNOT,none,circular,cnot,global,6,2,2,10,12,6,28,1,0,1,RZ,2,5,layer_000_wire_001_RZ,0.023641225652461045,0.023641225652461045,False
random_bp,expectation_value,same_entangling_gate_count,bcw_6q_random_bp,hea,RX_RY_RZ_CNOT,none,circular,cnot,global,6,2,2,10,12,6,28,1,0,2,RX,0,6,layer_000_wire_002_RX,0.020615835510795117,0.020615835510795117,False
random_bp,expectation_value,same_entangling_gate_count,bcw_6q_random_bp,hea,RX_RY_RZ_CNOT,none,circular,cnot,global,6,2,2,10,12,6,28,1,0,2,RY,1,7,layer_000_wire_002_RY,-0.01917608868647436,0.01917608868647436,False
random_bp,expectation_value,same_entangling_gate_count,bcw_6q_random_bp,hea,RX_RY_RZ_CNOT,none,circular,cnot,global,6,2,2,10,12,6,28,1,0,2,RZ,2,8,layer_000_wire_002_RZ,0.041521629519670186,0.041521629519670186,False
random_bp,expectation_value,same_entangling_gate_count,bcw_6q_random_bp,hea,RX_RY_RZ_CNOT,none,circular,cnot,global,6,2,2,10,12,6,28,1,0,3,RX,0,9,layer_000_wire_003_RX,0.01001808166561604,0.01001808166561604,False
random_bp,expectation_value,same_entangling_gate_count,bcw_6q_random_bp,hea,RX_RY_RZ_CNOT,none,circular,cnot,global,6,2,2,10,12,6,28,1,0,3,RY,1,10,layer_000_wire_003_RY,0.001012333678258634,0.001012333678258634,False
random_bp,expectation_value,same_entangling_gate_count,bcw_6q_random_bp,hea,RX_RY_RZ_CNOT,none,circular,cnot,global,6,2,2,10,12,6,28,1,0,3,RZ,2,11,layer_000_wire_003_RZ,-0.010019549354948452,0.010019549354948452,False
random_bp,expectation_value,same_entangling_gate_count,bcw_6q_random_bp,hea,RX_RY_RZ_CNOT,none,circular,cnot,global,6,2,2,10,12,6,28,1,0,4,RX,0,12,layer_000_wire_004_RX,-0.00518017974530244,0.00518017974530244,False
random_bp,expectation_value,same_entangling_gate_count,bcw_6q_random_bp,hea,RX_RY_RZ_CNOT,none,circular,cnot,global,6,2,2,10,12,6,28,1,0,4,RY,1,13,layer_000_wire_004_RY,-0.0029918493628372407,0.0029918493628372407,False
random_bp,expectation_value,same_entangling_gate_count,bcw_6q_random_bp,hea,RX_RY_RZ_CNOT,none,circular,cnot,global,6,2,2,10,12,6,28,1,0,4,RZ,2,14,layer_000_wire_004_RZ,0.003723394298718618,0.003723394298718618,False
random_bp,expectation_value,same_entangling_gate_count,bcw_6q_random_bp,hea,RX_RY_RZ_CNOT,none,circular,cnot,global,6,2,2,10,12,6,28,1,0,5,RX,0,15,layer_000_wire_005_RX,0.04555275594874507,0.04555275594874507,False
random_bp,expectation_value,same_entangling_gate_count,bcw_6q_random_bp,hea,RX_RY_RZ_CNOT,none,circular,cnot,global,6,2,2,10,12,6,28,1,0,5,RY,1,16,layer_000_wire_005_RY,0.02255510232277861,0.02255510232277861,False
random_bp,expectation_value,same_entangling_gate_count,bcw_6q_random_bp,hea,RX_RY_RZ_CNOT,none,circular,cnot,global,6,2,2,10,12,6,28,1,0,5,RZ,2,17,layer_000_wire_005_RZ,0.03850475284659973,0.03850475284659973,False
random_bp,expectation_value,same_entangling_gate_count,bcw_6q_random_bp,hea,RX_RY_RZ_CNOT,none,circular,cnot,global,6,2,2,10,12,6,28,1,1,0,RX,0,18,layer_001_wire_000_RX,-0.015733796554944092,0.015733796554944092,False
random_bp,expectation_value,same_entangling_gate_count,bcw_6q_random_bp,hea,RX_RY_RZ_CNOT,none,circular,cnot,global,6,2,2,10,12,6,28,1,1,0,RY,1,19,layer_001_wire_000_RY,0.0793388183058937,0.0793388183058937,False
random_bp,expectation_value,same_entangling_gate_count,bcw_6q_random_bp,hea,RX_RY_RZ_CNOT,none,circular,cnot,global,6,2,2,10,12,6,28,1,1,0,RZ,2,20,layer_001_wire_000_RZ,4.5227278107556006e-17,4.5227278107556006e-17,True
random_bp,expectation_value,same_entangling_gate_count,bcw_6q_random_bp,hea,RX_RY_RZ_CNOT,none,circular,cnot,global,6,2,2,10,12,6,28,1,1,1,RX,0,21,layer_001_wire_001_RX,-6.938893903907228e-18,6.938893903907228e-18,True
random_bp,expectation_value,same_entangling_gate_count,bcw_6q_random_bp,hea,RX_RY_RZ_CNOT,none,circular,cnot,global,6,2,2,10,12,6,28,1,1,1,RY,1,22,layer_001_wire_001_RY,2.4936649967166602e-17,2.4936649967166602e-17,True
random_bp,expectation_value,same_entangling_gate_count,bcw_6q_random_bp,hea,RX_RY_RZ_CNOT,none,circular,cnot,global,6,2,2,10,12,6,28,1,1,1,RZ,2,23,layer_001_wire_001_RZ,1.7539479965161257e-17,1.7539479965161257e-17,True
random_bp,expectation_value,same_entangling_gate_count,bcw_6q_random_bp,hea,RX_RY_RZ_CNOT,none,circular,cnot,global,6,2,2,10,12,6,28,1,1,2,RX,0,24,layer_001_wire_002_RX,-0.0035830707123524837,0.0035830707123524837,False
random_bp,expectation_value,same_entangling_gate_count,bcw_6q_random_bp,hea,RX_RY_RZ_CNOT,none,circular,cnot,global,6,2,2,10,12,6,28,1,1,2,RY,1,25,layer_001_wire_002_RY,-0.015308044274262163,0.015308044274262163,False
random_bp,expectation_value,same_entangling_gate_count,bcw_6q_random_bp,hea,RX_RY_RZ_CNOT,none,circular,cnot,global,6,2,2,10,12,6,28,1,1,2,RZ,2,26,layer_001_wire_002_RZ,2.624085203880376e-17,2.624085203880376e-17,True
random_bp,expectation_value,same_entangling_gate_count,bcw_6q_random_bp,hea,RX_RY_RZ_CNOT,none,circular,cnot,global,6,2,2,10,12,6,28,1,1,3,RX,0,27,layer_001_wire_003_RX,-1.3877787807814457e-17,1.3877787807814457e-17,True
random_bp,expectation_value,same_entangling_gate_count,bcw_6q_random_bp,hea,RX_RY_RZ_CNOT,none,circular,cnot,global,6,2,2,10,12,6,28,1,1,3,RY,1,28,layer_001_wire_003_RY,1.734723475976807e-17,1.734723475976807e-17,True
random_bp,expectation_value,same_entangling_gate_count,bcw_6q_random_bp,hea,RX_RY_RZ_CNOT,none,circular,cnot,global,6,2,2,10,12,6,28,1,1,3,RZ,2,29,layer_001_wire_003_RZ,-1.4913300869768047e-17,1.4913300869768047e-17,True
random_bp,expectation_value,same_entangling_gate_count,bcw_6q_random_bp,hea,RX_RY_RZ_CNOT,none,circular,cnot,global,6,2,2,10,12,6,28,1,1,4,RX,0,30,layer_001_wire_004_RX,-0.007352496277473855,0.007352496277473855,False
random_bp,expectation_value,same_entangling_gate_count,bcw_6q_random_bp,hea,RX_RY_RZ_CNOT,none,circular,cnot,global,6,2,2,10,12,6,28,1,1,4,RY,1,31,layer_001_wire_004_RY,0.022613801933403538,0.022613801933403538,False
random_bp,expectation_value,same_entangling_gate_count,bcw_6q_random_bp,hea,RX_RY_RZ_CNOT,none,circular,cnot,global,6,2,2,10,12,6,28,1,1,4,RZ,2,32,layer_001_wire_004_RZ,4.474764348901758e-17,4.474764348901758e-17,True
random_bp,expectation_value,same_entangling_gate_count,bcw_6q_random_bp,hea,RX_RY_RZ_CNOT,none,circular,cnot,global,6,2,2,10,12,6,28,1,1,5,RX,0,33,layer_001_wire_005_RX,-1.214306433183765e-17,1.214306433183765e-17,True
random_bp,expectation_value,same_entangling_gate_count,bcw_6q_random_bp,hea,RX_RY_RZ_CNOT,none,circular,cnot,global,6,2,2,10,12,6,28,1,1,5,RY,1,34,layer_001_wire_005_RY,-1.9081958235744878e-17,1.9081958235744878e-17,True
random_bp,expectation_value,same_entangling_gate_count,bcw_6q_random_bp,hea,RX_RY_RZ_CNOT,none,circular,cnot,global,6,2,2,10,12,6,28,1,1,5,RZ,2,35,layer_001_wire_005_RZ,3.8981976532584646e-17,3.8981976532584646e-17,True
random_bp,expectation_value,same_entangling_gate_count,bcw_6q_random_bp,hea,RX_RY_RZ_CNOT,none,circular,cnot,global,6,2,2,10,12,6,29,2,0,0,RX,0,0,layer_000_wire_000_RX,0.010523574019645286,0.010523574019645286,False
random_bp,expectation_value,same_entangling_gate_count,bcw_6q_random_bp,hea,RX_RY_RZ_CNOT,none,circular,cnot,global,6,2,2,10,12,6,29,2,0,0,RY,1,1,layer_000_wire_000_RY,0.0019320889725785856,0.0019320889725785856,False
random_bp,expectation_value,same_entangling_gate_count,bcw_6q_random_bp,hea,RX_RY_RZ_CNOT,none,circular,cnot,global,6,2,2,10,12,6,29,2,0,0,RZ,2,2,layer_000_wire_000_RZ,0.002109028437471171,0.002109028437471171,False
random_bp,expectation_value,same_entangling_gate_count,bcw_6q_random_bp,hea,RX_RY_RZ_CNOT,none,circular,cnot,global,6,2,2,10,12,6,29,2,0,1,RX,0,3,layer_000_wire_001_RX,-0.09793822032356019,0.09793822032356019,False
random_bp,expectation_value,same_entangling_gate_count,bcw_6q_random_bp,hea,RX_RY_RZ_CNOT,none,circular,cnot,global,6,2,2,10,12,6,29,2,0,1,RY,1,4,layer_000_wire_001_RY,-0.02945488372406536,0.02945488372406536,False
random_bp,expectation_value,same_entangling_gate_count,bcw_6q_random_bp,hea,RX_RY_RZ_CNOT,none,circular,cnot,global,6,2,2,10,12,6,29,2,0,1,RZ,2,5,layer_000_wire_001_RZ,0.042095628632175336,0.042095628632175336,False
random_bp,expectation_value,same_entangling_gate_count,bcw_6q_random_bp,hea,RX_RY_RZ_CNOT,none,circular,cnot,global,6,2,2,10,12,6,29,2,0,2,RX,0,6,layer_000_wire_002_RX,-0.024806063221125944,0.024806063221125944,False
random_bp,expectation_value,same_entangling_gate_count,bcw_6q_random_bp,hea,RX_RY_RZ_CNOT,none,circular,cnot,global,6,2,2,10,12,6,29,2,0,2,RY,1,7,layer_000_wire_002_RY,-0.003179526056200572,0.003179526056200572,False
random_bp,expectation_value,same_entangling_gate_count,bcw_6q_random_bp,hea,RX_RY_RZ_CNOT,none,circular,cnot,global,6,2,2,10,12,6,29,2,0,2,RZ,2,8,layer_000_wire_002_RZ,-0.0011526232425840203,0.0011526232425840203,False
random_bp,expectation_value,same_entangling_gate_count,bcw_6q_random_bp,hea,RX_RY_RZ_CNOT,none,circular,cnot,global,6,2,2,10,12,6,29,2,0,3,RX,0,9,layer_000_wire_003_RX,0.008231500401694871,0.008231500401694871,False
random_bp,expectation_value,same_entangling_gate_count,bcw_6q_random_bp,hea,RX_RY_RZ_CNOT,none,circular,cnot,global,6,2,2,10,12,6,29,2,0,3,RY,1,10,layer_000_wire_003_RY,-0.040725773213372056,0.040725773213372056,False
random_bp,expectation_value,same_entangling_gate_count,bcw_6q_random_bp,hea,RX_RY_RZ_CNOT,none,circular,cnot,global,6,2,2,10,12,6,29,2,0,3,RZ,2,11,layer_000_wire_003_RZ,-0.060400861453296914,0.060400861453296914,False
random_bp,expectation_value,same_entangling_gate_count,bcw_6q_random_bp,hea,RX_RY_RZ_CNOT,none,circular,cnot,global,6,2,2,10,12,6,29,2,0,4,RX,0,12,layer_000_wire_004_RX,-0.002188009773268239,0.002188009773268239,False
random_bp,expectation_value,same_entangling_gate_count,bcw_6q_random_bp,hea,RX_RY_RZ_CNOT,none,circular,cnot,global,6,2,2,10,12,6,29,2,0,4,RY,1,13,layer_000_wire_004_RY,-0.04388467842242016,0.04388467842242016,False
random_bp,expectation_value,same_entangling_gate_count,bcw_6q_random_bp,hea,RX_RY_RZ_CNOT,none,circular,cnot,global,6,2,2,10,12,6,29,2,0,4,RZ,2,14,layer_000_wire_004_RZ,0.011513991086753866,0.011513991086753866,False
random_bp,expectation_value,same_entangling_gate_count,bcw_6q_random_bp,hea,RX_RY_RZ_CNOT,none,circular,cnot,global,6,2,2,10,12,6,29,2,0,5,RX,0,15,layer_000_wire_005_RX,-0.0619723680064605,0.0619723680064605,False
random_bp,expectation_value,same_entangling_gate_count,bcw_6q_random_bp,hea,RX_RY_RZ_CNOT,none,circular,cnot,global,6,2,2,10,12,6,29,2,0,5,RY,1,16,layer_000_wire_005_RY,0.03993018744399633,0.03993018744399633,False
random_bp,expectation_value,same_entangling_gate_count,bcw_6q_random_bp,hea,RX_RY_RZ_CNOT,none,circular,cnot,global,6,2,2,10,12,6,29,2,0,5,RZ,2,17,layer_000_wire_005_RZ,-0.03074867969115444,0.03074867969115444,False
random_bp,expectation_value,same_entangling_gate_count,bcw_6q_random_bp,hea,RX_RY_RZ_CNOT,none,circular,cnot,global,6,2,2,10,12,6,29,2,1,0,RX,0,18,layer_001_wire_000_RX,0.009817849281815585,0.009817849281815585,False
random_bp,expectation_value,same_entangling_gate_count,bcw_6q_random_bp,hea,RX_RY_RZ_CNOT,none,circular,cnot,global,6,2,2,10,12,6,29,2,1,0,RY,1,19,layer_001_wire_000_RY,-0.04763984957434007,0.04763984957434007,False
random_bp,expectation_value,same_entangling_gate_count,bcw_6q_random_bp,hea,RX_RY_RZ_CNOT,none,circular,cnot,global,6,2,2,10,12,6,29,2,1,0,RZ,2,20,layer_001_wire_000_RZ,1.2216661031930875e-17,1.2216661031930875e-17,True
random_bp,expectation_value,same_entangling_gate_count,bcw_6q_random_bp,hea,RX_RY_RZ_CNOT,none,circular,cnot,global,6,2,2,10,12,6,29,2,1,1,RX,0,21,layer_001_wire_001_RX,1.1275702593849246e-17,1.1275702593849246e-17,True
random_bp,expectation_value,same_entangling_gate_count,bcw_6q_random_bp,hea,RX_RY_RZ_CNOT,none,circular,cnot,global,6,2,2,10,12,6,29,2,1,1,RY,1,22,layer_001_wire_001_RY,2.0816681711721685e-17,2.0816681711721685e-17,True
random_bp,expectation_value,same_entangling_gate_count,bcw_6q_random_bp,hea,RX_RY_RZ_CNOT,none,circular,cnot,global,6,2,2,10,12,6,29,2,1,1,RZ,2,23,layer_001_wire_001_RZ,1.9445963580125568e-17,1.9445963580125568e-17,True
random_bp,expectation_value,same_entangling_gate_count,bcw_6q_random_bp,hea,RX_RY_RZ_CNOT,none,circular,cnot,global,6,2,2,10,12,6,29,2,1,2,RX,0,24,layer_001_wire_002_RX,-0.024607329441893838,0.024607329441893838,False
random_bp,expectation_value,same_entangling_gate_count,bcw_6q_random_bp,hea,RX_RY_RZ_CNOT,none,circular,cnot,global,6,2,2,10,12,6,29,2,1,2,RY,1,25,layer_001_wire_002_RY,0.15627343932793564,0.15627343932793564,False
random_bp,expectation_value,same_entangling_gate_count,bcw_6q_random_bp,hea,RX_RY_RZ_CNOT,none,circular,cnot,global,6,2,2,10,12,6,29,2,1,2,RZ,2,26,layer_001_wire_002_RZ,3.770713538563279e-17,3.770713538563279e-17,True
random_bp,expectation_value,same_entangling_gate_count,bcw_6q_random_bp,hea,RX_RY_RZ_CNOT,none,circular,cnot,global,6,2,2,10,12,6,29,2,1,3,RX,0,27,layer_001_wire_003_RX,-1.0408340855860843e-16,1.0408340855860843e-16,True
random_bp,expectation_value,same_entangling_gate_count,bcw_6q_random_bp,hea,RX_RY_RZ_CNOT,none,circular,cnot,global,6,2,2,10,12,6,29,2,1,3,RY,1,28,layer_001_wire_003_RY,0.0,0.0,True
random_bp,expectation_value,same_entangling_gate_count,bcw_6q_random_bp,hea,RX_RY_RZ_CNOT,none,circular,cnot,global,6,2,2,10,12,6,29,2,1,3,RZ,2,29,layer_001_wire_003_RZ,-7.228571887977738e-17,7.228571887977738e-17,True
random_bp,expectation_value,same_entangling_gate_count,bcw_6q_random_bp,hea,RX_RY_RZ_CNOT,none,circular,cnot,global,6,2,2,10,12,6,29,2,1,4,RX,0,30,layer_001_wire_004_RX,-0.017693816593994084,0.017693816593994084,False
random_bp,expectation_value,same_entangling_gate_count,bcw_6q_random_bp,hea,RX_RY_RZ_CNOT,none,circular,cnot,global,6,2,2,10,12,6,29,2,1,4,RY,1,31,layer_001_wire_004_RY,0.1033105880117502,0.1033105880117502,False
random_bp,expectation_value,same_entangling_gate_count,bcw_6q_random_bp,hea,RX_RY_RZ_CNOT,none,circular,cnot,global,6,2,2,10,12,6,29,2,1,4,RZ,2,32,layer_001_wire_004_RZ,4.9296283766740175e-17,4.9296283766740175e-17,True
random_bp,expectation_value,same_entangling_gate_count,bcw_6q_random_bp,hea,RX_RY_RZ_CNOT,none,circular,cnot,global,6,2,2,10,12,6,29,2,1,5,RX,0,33,layer_001_wire_005_RX,3.469446951953614e-17,3.469446951953614e-17,True
random_bp,expectation_value,same_entangling_gate_count,bcw_6q_random_bp,hea,RX_RY_RZ_CNOT,none,circular,cnot,global,6,2,2,10,12,6,29,2,1,5,RY,1,34,layer_001_wire_005_RY,3.122502256758253e-17,3.122502256758253e-17,True
random_bp,expectation_value,same_entangling_gate_count,bcw_6q_random_bp,hea,RX_RY_RZ_CNOT,none,circular,cnot,global,6,2,2,10,12,6,29,2,1,5,RZ,2,35,layer_001_wire_005_RZ,-2.187639046352836e-18,2.187639046352836e-18,True
random_bp,expectation_value,same_entangling_gate_count,bcw_6q_random_bp,hea,RX_RY_RZ_CNOT,none,linear,cnot,hamiltonian_local,6,2,2,10,10,5,30,0,0,0,RX,0,0,layer_000_wire_000_RX,-0.0001604366730410256,0.0001604366730410256,False
random_bp,expectation_value,same_entangling_gate_count,bcw_6q_random_bp,hea,RX_RY_RZ_CNOT,none,linear,cnot,hamiltonian_local,6,2,2,10,10,5,30,0,0,0,RY,1,1,layer_000_wire_000_RY,0.0011040182750023803,0.0011040182750023803,False
random_bp,expectation_value,same_entangling_gate_count,bcw_6q_random_bp,hea,RX_RY_RZ_CNOT,none,linear,cnot,hamiltonian_local,6,2,2,10,10,5,30,0,0,0,RZ,2,2,layer_000_wire_000_RZ,-4.989107958619149e-17,4.989107958619149e-17,True
random_bp,expectation_value,same_entangling_gate_count,bcw_6q_random_bp,hea,RX_RY_RZ_CNOT,none,linear,cnot,hamiltonian_local,6,2,2,10,10,5,30,0,0,1,RX,0,3,layer_000_wire_001_RX,0.1008218785161512,0.1008218785161512,False
random_bp,expectation_value,same_entangling_gate_count,bcw_6q_random_bp,hea,RX_RY_RZ_CNOT,none,linear,cnot,hamiltonian_local,6,2,2,10,10,5,30,0,0,1,RY,1,4,layer_000_wire_001_RY,0.04549410109219164,0.04549410109219164,False
random_bp,expectation_value,same_entangling_gate_count,bcw_6q_random_bp,hea,RX_RY_RZ_CNOT,none,linear,cnot,hamiltonian_local,6,2,2,10,10,5,30,0,0,1,RZ,2,5,layer_000_wire_001_RZ,-0.09479510713652434,0.09479510713652434,False
random_bp,expectation_value,same_entangling_gate_count,bcw_6q_random_bp,hea,RX_RY_RZ_CNOT,none,linear,cnot,hamiltonian_local,6,2,2,10,10,5,30,0,0,2,RX,0,6,layer_000_wire_002_RX,0.0024905019257191394,0.0024905019257191394,False
random_bp,expectation_value,same_entangling_gate_count,bcw_6q_random_bp,hea,RX_RY_RZ_CNOT,none,linear,cnot,hamiltonian_local,6,2,2,10,10,5,30,0,0,2,RY,1,7,layer_000_wire_002_RY,-0.00449546541190185,0.00449546541190185,False
random_bp,expectation_value,same_entangling_gate_count,bcw_6q_random_bp,hea,RX_RY_RZ_CNOT,none,linear,cnot,hamiltonian_local,6,2,2,10,10,5,30,0,0,2,RZ,2,8,layer_000_wire_002_RZ,-0.0029274309918268897,0.0029274309918268897,False
random_bp,expectation_value,same_entangling_gate_count,bcw_6q_random_bp,hea,RX_RY_RZ_CNOT,none,linear,cnot,hamiltonian_local,6,2,2,10,10,5,30,0,0,3,RX,0,9,layer_000_wire_003_RX,-0.009193849199225997,0.009193849199225997,False
random_bp,expectation_value,same_entangling_gate_count,bcw_6q_random_bp,hea,RX_RY_RZ_CNOT,none,linear,cnot,hamiltonian_local,6,2,2,10,10,5,30,0,0,3,RY,1,10,layer_000_wire_003_RY,0.009096210789943424,0.009096210789943424,False
random_bp,expectation_value,same_entangling_gate_count,bcw_6q_random_bp,hea,RX_RY_RZ_CNOT,none,linear,cnot,hamiltonian_local,6,2,2,10,10,5,30,0,0,3,RZ,2,11,layer_000_wire_003_RZ,0.009998656395330425,0.009998656395330425,False
random_bp,expectation_value,same_entangling_gate_count,bcw_6q_random_bp,hea,RX_RY_RZ_CNOT,none,linear,cnot,hamiltonian_local,6,2,2,10,10,5,30,0,0,4,RX,0,12,layer_000_wire_004_RX,0.13498733071045504,0.13498733071045504,False
random_bp,expectation_value,same_entangling_gate_count,bcw_6q_random_bp,hea,RX_RY_RZ_CNOT,none,linear,cnot,hamiltonian_local,6,2,2,10,10,5,30,0,0,4,RY,1,13,layer_000_wire_004_RY,-0.017622201900806423,0.017622201900806423,False
random_bp,expectation_value,same_entangling_gate_count,bcw_6q_random_bp,hea,RX_RY_RZ_CNOT,none,linear,cnot,hamiltonian_local,6,2,2,10,10,5,30,0,0,4,RZ,2,14,layer_000_wire_004_RZ,0.006739981598206624,0.006739981598206624,False
random_bp,expectation_value,same_entangling_gate_count,bcw_6q_random_bp,hea,RX_RY_RZ_CNOT,none,linear,cnot,hamiltonian_local,6,2,2,10,10,5,30,0,0,5,RX,0,15,layer_000_wire_005_RX,0.03768203462101835,0.03768203462101835,False
random_bp,expectation_value,same_entangling_gate_count,bcw_6q_random_bp,hea,RX_RY_RZ_CNOT,none,linear,cnot,hamiltonian_local,6,2,2,10,10,5,30,0,0,5,RY,1,16,layer_000_wire_005_RY,0.01988678147177636,0.01988678147177636,False
random_bp,expectation_value,same_entangling_gate_count,bcw_6q_random_bp,hea,RX_RY_RZ_CNOT,none,linear,cnot,hamiltonian_local,6,2,2,10,10,5,30,0,0,5,RZ,2,17,layer_000_wire_005_RZ,-0.05428486061567342,0.05428486061567342,False
random_bp,expectation_value,same_entangling_gate_count,bcw_6q_random_bp,hea,RX_RY_RZ_CNOT,none,linear,cnot,hamiltonian_local,6,2,2,10,10,5,30,0,1,0,RX,0,18,layer_001_wire_000_RX,0.0,0.0,True
random_bp,expectation_value,same_entangling_gate_count,bcw_6q_random_bp,hea,RX_RY_RZ_CNOT,none,linear,cnot,hamiltonian_local,6,2,2,10,10,5,30,0,1,0,RY,1,19,layer_001_wire_000_RY,-2.0816681711721685e-17,2.0816681711721685e-17,True
random_bp,expectation_value,same_entangling_gate_count,bcw_6q_random_bp,hea,RX_RY_RZ_CNOT,none,linear,cnot,hamiltonian_local,6,2,2,10,10,5,30,0,1,0,RZ,2,20,layer_001_wire_000_RZ,-1.7129022198358107e-17,1.7129022198358107e-17,True
random_bp,expectation_value,same_entangling_gate_count,bcw_6q_random_bp,hea,RX_RY_RZ_CNOT,none,linear,cnot,hamiltonian_local,6,2,2,10,10,5,30,0,1,1,RX,0,21,layer_001_wire_001_RX,0.004947810966235075,0.004947810966235075,False
random_bp,expectation_value,same_entangling_gate_count,bcw_6q_random_bp,hea,RX_RY_RZ_CNOT,none,linear,cnot,hamiltonian_local,6,2,2,10,10,5,30,0,1,1,RY,1,22,layer_001_wire_001_RY,-0.06518192643041898,0.06518192643041898,False
random_bp,expectation_value,same_entangling_gate_count,bcw_6q_random_bp,hea,RX_RY_RZ_CNOT,none,linear,cnot,hamiltonian_local,6,2,2,10,10,5,30,0,1,1,RZ,2,23,layer_001_wire_001_RZ,-3.282333054418558e-17,3.282333054418558e-17,True
random_bp,expectation_value,same_entangling_gate_count,bcw_6q_random_bp,hea,RX_RY_RZ_CNOT,none,linear,cnot,hamiltonian_local,6,2,2,10,10,5,30,0,1,2,RX,0,24,layer_001_wire_002_RX,-0.001430193256902558,0.001430193256902558,False
random_bp,expectation_value,same_entangling_gate_count,bcw_6q_random_bp,hea,RX_RY_RZ_CNOT,none,linear,cnot,hamiltonian_local,6,2,2,10,10,5,30,0,1,2,RY,1,25,layer_001_wire_002_RY,-0.11432543017668846,0.11432543017668846,False
random_bp,expectation_value,same_entangling_gate_count,bcw_6q_random_bp,hea,RX_RY_RZ_CNOT,none,linear,cnot,hamiltonian_local,6,2,2,10,10,5,30,0,1,2,RZ,2,26,layer_001_wire_002_RZ,3.896374608313222e-18,3.896374608313222e-18,True
random_bp,expectation_value,same_entangling_gate_count,bcw_6q_random_bp,hea,RX_RY_RZ_CNOT,none,linear,cnot,hamiltonian_local,6,2,2,10,10,5,30,0,1,3,RX,0,27,layer_001_wire_003_RX,-9.07265648404515e-05,9.07265648404515e-05,False
random_bp,expectation_value,same_entangling_gate_count,bcw_6q_random_bp,hea,RX_RY_RZ_CNOT,none,linear,cnot,hamiltonian_local,6,2,2,10,10,5,30,0,1,3,RY,1,28,layer_001_wire_003_RY,-0.0517759083548919,0.0517759083548919,False
random_bp,expectation_value,same_entangling_gate_count,bcw_6q_random_bp,hea,RX_RY_RZ_CNOT,none,linear,cnot,hamiltonian_local,6,2,2,10,10,5,30,0,1,3,RZ,2,29,layer_001_wire_003_RZ,-2.505083966325655e-18,2.505083966325655e-18,True
random_bp,expectation_value,same_entangling_gate_count,bcw_6q_random_bp,hea,RX_RY_RZ_CNOT,none,linear,cnot,hamiltonian_local,6,2,2,10,10,5,30,0,1,4,RX,0,30,layer_001_wire_004_RX,-0.00010144750016220783,0.00010144750016220783,False
random_bp,expectation_value,same_entangling_gate_count,bcw_6q_random_bp,hea,RX_RY_RZ_CNOT,none,linear,cnot,hamiltonian_local,6,2,2,10,10,5,30,0,1,4,RY,1,31,layer_001_wire_004_RY,0.0678754121625122,0.0678754121625122,False
random_bp,expectation_value,same_entangling_gate_count,bcw_6q_random_bp,hea,RX_RY_RZ_CNOT,none,linear,cnot,hamiltonian_local,6,2,2,10,10,5,30,0,1,4,RZ,2,32,layer_001_wire_004_RZ,1.4593095841929252e-17,1.4593095841929252e-17,True
random_bp,expectation_value,same_entangling_gate_count,bcw_6q_random_bp,hea,RX_RY_RZ_CNOT,none,linear,cnot,hamiltonian_local,6,2,2,10,10,5,30,0,1,5,RX,0,33,layer_001_wire_005_RX,-2.1096285608368515e-05,2.1096285608368515e-05,False
random_bp,expectation_value,same_entangling_gate_count,bcw_6q_random_bp,hea,RX_RY_RZ_CNOT,none,linear,cnot,hamiltonian_local,6,2,2,10,10,5,30,0,1,5,RY,1,34,layer_001_wire_005_RY,0.11049227110943827,0.11049227110943827,False
random_bp,expectation_value,same_entangling_gate_count,bcw_6q_random_bp,hea,RX_RY_RZ_CNOT,none,linear,cnot,hamiltonian_local,6,2,2,10,10,5,30,0,1,5,RZ,2,35,layer_001_wire_005_RZ,2.7191233068271044e-17,2.7191233068271044e-17,True
random_bp,expectation_value,same_entangling_gate_count,bcw_6q_random_bp,hea,RX_RY_RZ_CNOT,none,linear,cnot,hamiltonian_local,6,2,2,10,10,5,31,1,0,0,RX,0,0,layer_000_wire_000_RX,0.0033780272021040124,0.0033780272021040124,False
random_bp,expectation_value,same_entangling_gate_count,bcw_6q_random_bp,hea,RX_RY_RZ_CNOT,none,linear,cnot,hamiltonian_local,6,2,2,10,10,5,31,1,0,0,RY,1,1,layer_000_wire_000_RY,-0.014603591905034343,0.014603591905034343,False
random_bp,expectation_value,same_entangling_gate_count,bcw_6q_random_bp,hea,RX_RY_RZ_CNOT,none,linear,cnot,hamiltonian_local,6,2,2,10,10,5,31,1,0,0,RZ,2,2,layer_000_wire_000_RZ,-3.392189125034132e-17,3.392189125034132e-17,True
random_bp,expectation_value,same_entangling_gate_count,bcw_6q_random_bp,hea,RX_RY_RZ_CNOT,none,linear,cnot,hamiltonian_local,6,2,2,10,10,5,31,1,0,1,RX,0,3,layer_000_wire_001_RX,0.08025331543185368,0.08025331543185368,False
random_bp,expectation_value,same_entangling_gate_count,bcw_6q_random_bp,hea,RX_RY_RZ_CNOT,none,linear,cnot,hamiltonian_local,6,2,2,10,10,5,31,1,0,1,RY,1,4,layer_000_wire_001_RY,0.06150326253921504,0.06150326253921504,False
random_bp,expectation_value,same_entangling_gate_count,bcw_6q_random_bp,hea,RX_RY_RZ_CNOT,none,linear,cnot,hamiltonian_local,6,2,2,10,10,5,31,1,0,1,RZ,2,5,layer_000_wire_001_RZ,0.06648379129284646,0.06648379129284646,False
random_bp,expectation_value,same_entangling_gate_count,bcw_6q_random_bp,hea,RX_RY_RZ_CNOT,none,linear,cnot,hamiltonian_local,6,2,2,10,10,5,31,1,0,2,RX,0,6,layer_000_wire_002_RX,0.03322183643441515,0.03322183643441515,False
random_bp,expectation_value,same_entangling_gate_count,bcw_6q_random_bp,hea,RX_RY_RZ_CNOT,none,linear,cnot,hamiltonian_local,6,2,2,10,10,5,31,1,0,2,RY,1,7,layer_000_wire_002_RY,-0.026899690726905377,0.026899690726905377,False
random_bp,expectation_value,same_entangling_gate_count,bcw_6q_random_bp,hea,RX_RY_RZ_CNOT,none,linear,cnot,hamiltonian_local,6,2,2,10,10,5,31,1,0,2,RZ,2,8,layer_000_wire_002_RZ,0.06056905171947499,0.06056905171947499,False
random_bp,expectation_value,same_entangling_gate_count,bcw_6q_random_bp,hea,RX_RY_RZ_CNOT,none,linear,cnot,hamiltonian_local,6,2,2,10,10,5,31,1,0,3,RX,0,9,layer_000_wire_003_RX,-0.018044505050728854,0.018044505050728854,False
random_bp,expectation_value,same_entangling_gate_count,bcw_6q_random_bp,hea,RX_RY_RZ_CNOT,none,linear,cnot,hamiltonian_local,6,2,2,10,10,5,31,1,0,3,RY,1,10,layer_000_wire_003_RY,0.0032164253036046087,0.0032164253036046087,False
random_bp,expectation_value,same_entangling_gate_count,bcw_6q_random_bp,hea,RX_RY_RZ_CNOT,none,linear,cnot,hamiltonian_local,6,2,2,10,10,5,31,1,0,3,RZ,2,11,layer_000_wire_003_RZ,0.018027691960056692,0.018027691960056692,False
random_bp,expectation_value,same_entangling_gate_count,bcw_6q_random_bp,hea,RX_RY_RZ_CNOT,none,linear,cnot,hamiltonian_local,6,2,2,10,10,5,31,1,0,4,RX,0,12,layer_000_wire_004_RX,0.03904727753944378,0.03904727753944378,False
random_bp,expectation_value,same_entangling_gate_count,bcw_6q_random_bp,hea,RX_RY_RZ_CNOT,none,linear,cnot,hamiltonian_local,6,2,2,10,10,5,31,1,0,4,RY,1,13,layer_000_wire_004_RY,0.008388897770901446,0.008388897770901446,False
random_bp,expectation_value,same_entangling_gate_count,bcw_6q_random_bp,hea,RX_RY_RZ_CNOT,none,linear,cnot,hamiltonian_local,6,2,2,10,10,5,31,1,0,4,RZ,2,14,layer_000_wire_004_RZ,-0.03425120328687968,0.03425120328687968,False
random_bp,expectation_value,same_entangling_gate_count,bcw_6q_random_bp,hea,RX_RY_RZ_CNOT,none,linear,cnot,hamiltonian_local,6,2,2,10,10,5,31,1,0,5,RX,0,15,layer_000_wire_005_RX,-0.00020975003764344552,0.00020975003764344552,False
random_bp,expectation_value,same_entangling_gate_count,bcw_6q_random_bp,hea,RX_RY_RZ_CNOT,none,linear,cnot,hamiltonian_local,6,2,2,10,10,5,31,1,0,5,RY,1,16,layer_000_wire_005_RY,-0.0001164104154521145,0.0001164104154521145,False
random_bp,expectation_value,same_entangling_gate_count,bcw_6q_random_bp,hea,RX_RY_RZ_CNOT,none,linear,cnot,hamiltonian_local,6,2,2,10,10,5,31,1,0,5,RZ,2,17,layer_000_wire_005_RZ,-0.0001798113955245335,0.0001798113955245335,False
random_bp,expectation_value,same_entangling_gate_count,bcw_6q_random_bp,hea,RX_RY_RZ_CNOT,none,linear,cnot,hamiltonian_local,6,2,2,10,10,5,31,1,1,0,RX,0,18,layer_001_wire_000_RX,-3.469446951953614e-17,3.469446951953614e-17,True
random_bp,expectation_value,same_entangling_gate_count,bcw_6q_random_bp,hea,RX_RY_RZ_CNOT,none,linear,cnot,hamiltonian_local,6,2,2,10,10,5,31,1,1,0,RY,1,19,layer_001_wire_000_RY,-6.938893903907228e-18,6.938893903907228e-18,True
random_bp,expectation_value,same_entangling_gate_count,bcw_6q_random_bp,hea,RX_RY_RZ_CNOT,none,linear,cnot,hamiltonian_local,6,2,2,10,10,5,31,1,1,0,RZ,2,20,layer_001_wire_000_RZ,-2.3806928555071518e-17,2.3806928555071518e-17,True
random_bp,expectation_value,same_entangling_gate_count,bcw_6q_random_bp,hea,RX_RY_RZ_CNOT,none,linear,cnot,hamiltonian_local,6,2,2,10,10,5,31,1,1,1,RX,0,21,layer_001_wire_001_RX,0.07931615104159112,0.07931615104159112,False
random_bp,expectation_value,same_entangling_gate_count,bcw_6q_random_bp,hea,RX_RY_RZ_CNOT,none,linear,cnot,hamiltonian_local,6,2,2,10,10,5,31,1,1,1,RY,1,22,layer_001_wire_001_RY,-0.06920562934424562,0.06920562934424562,False
random_bp,expectation_value,same_entangling_gate_count,bcw_6q_random_bp,hea,RX_RY_RZ_CNOT,none,linear,cnot,hamiltonian_local,6,2,2,10,10,5,31,1,1,1,RZ,2,23,layer_001_wire_001_RZ,1.4603608462312902e-17,1.4603608462312902e-17,True
random_bp,expectation_value,same_entangling_gate_count,bcw_6q_random_bp,hea,RX_RY_RZ_CNOT,none,linear,cnot,hamiltonian_local,6,2,2,10,10,5,31,1,1,2,RX,0,24,layer_001_wire_002_RX,-0.00693908349998086,0.00693908349998086,False
random_bp,expectation_value,same_entangling_gate_count,bcw_6q_random_bp,hea,RX_RY_RZ_CNOT,none,linear,cnot,hamiltonian_local,6,2,2,10,10,5,31,1,1,2,RY,1,25,layer_001_wire_002_RY,-0.021943849333697814,0.021943849333697814,False
random_bp,expectation_value,same_entangling_gate_count,bcw_6q_random_bp,hea,RX_RY_RZ_CNOT,none,linear,cnot,hamiltonian_local,6,2,2,10,10,5,31,1,1,2,RZ,2,26,layer_001_wire_002_RZ,6.599272360032057e-18,6.599272360032057e-18,True
random_bp,expectation_value,same_entangling_gate_count,bcw_6q_random_bp,hea,RX_RY_RZ_CNOT,none,linear,cnot,hamiltonian_local,6,2,2,10,10,5,31,1,1,3,RX,0,27,layer_001_wire_003_RX,0.00015012514296115775,0.00015012514296115775,False
random_bp,expectation_value,same_entangling_gate_count,bcw_6q_random_bp,hea,RX_RY_RZ_CNOT,none,linear,cnot,hamiltonian_local,6,2,2,10,10,5,31,1,1,3,RY,1,28,layer_001_wire_003_RY,-0.10580179908848397,0.10580179908848397,False
random_bp,expectation_value,same_entangling_gate_count,bcw_6q_random_bp,hea,RX_RY_RZ_CNOT,none,linear,cnot,hamiltonian_local,6,2,2,10,10,5,31,1,1,3,RZ,2,29,layer_001_wire_003_RZ,-5.255342699006366e-18,5.255342699006366e-18,True
random_bp,expectation_value,same_entangling_gate_count,bcw_6q_random_bp,hea,RX_RY_RZ_CNOT,none,linear,cnot,hamiltonian_local,6,2,2,10,10,5,31,1,1,4,RX,0,30,layer_001_wire_004_RX,3.3057802622883485e-05,3.3057802622883485e-05,False
random_bp,expectation_value,same_entangling_gate_count,bcw_6q_random_bp,hea,RX_RY_RZ_CNOT,none,linear,cnot,hamiltonian_local,6,2,2,10,10,5,31,1,1,4,RY,1,31,layer_001_wire_004_RY,-0.06171676407436688,0.06171676407436688,False
random_bp,expectation_value,same_entangling_gate_count,bcw_6q_random_bp,hea,RX_RY_RZ_CNOT,none,linear,cnot,hamiltonian_local,6,2,2,10,10,5,31,1,1,4,RZ,2,32,layer_001_wire_004_RZ,3.969307390295956e-18,3.969307390295956e-18,True
random_bp,expectation_value,same_entangling_gate_count,bcw_6q_random_bp,hea,RX_RY_RZ_CNOT,none,linear,cnot,hamiltonian_local,6,2,2,10,10,5,31,1,1,5,RX,0,33,layer_001_wire_005_RX,2.656576026136004e-05,2.656576026136004e-05,False
random_bp,expectation_value,same_entangling_gate_count,bcw_6q_random_bp,hea,RX_RY_RZ_CNOT,none,linear,cnot,hamiltonian_local,6,2,2,10,10,5,31,1,1,5,RY,1,34,layer_001_wire_005_RY,0.06388472293012001,0.06388472293012001,False
random_bp,expectation_value,same_entangling_gate_count,bcw_6q_random_bp,hea,RX_RY_RZ_CNOT,none,linear,cnot,hamiltonian_local,6,2,2,10,10,5,31,1,1,5,RZ,2,35,layer_001_wire_005_RZ,5.603361661230111e-20,5.603361661230111e-20,True
random_bp,expectation_value,same_entangling_gate_count,bcw_6q_random_bp,hea,RX_RY_RZ_CNOT,none,linear,cnot,hamiltonian_local,6,2,2,10,10,5,32,2,0,0,RX,0,0,layer_000_wire_000_RX,0.0422858300916058,0.0422858300916058,False
random_bp,expectation_value,same_entangling_gate_count,bcw_6q_random_bp,hea,RX_RY_RZ_CNOT,none,linear,cnot,hamiltonian_local,6,2,2,10,10,5,32,2,0,0,RY,1,1,layer_000_wire_000_RY,0.009828308336424604,0.009828308336424604,False
random_bp,expectation_value,same_entangling_gate_count,bcw_6q_random_bp,hea,RX_RY_RZ_CNOT,none,linear,cnot,hamiltonian_local,6,2,2,10,10,5,32,2,0,0,RZ,2,2,layer_000_wire_000_RZ,2.0255131637869783e-17,2.0255131637869783e-17,True
random_bp,expectation_value,same_entangling_gate_count,bcw_6q_random_bp,hea,RX_RY_RZ_CNOT,none,linear,cnot,hamiltonian_local,6,2,2,10,10,5,32,2,0,1,RX,0,3,layer_000_wire_001_RX,0.09077340291236999,0.09077340291236999,False
random_bp,expectation_value,same_entangling_gate_count,bcw_6q_random_bp,hea,RX_RY_RZ_CNOT,none,linear,cnot,hamiltonian_local,6,2,2,10,10,5,32,2,0,1,RY,1,4,layer_000_wire_001_RY,0.008695975275450782,0.008695975275450782,False
random_bp,expectation_value,same_entangling_gate_count,bcw_6q_random_bp,hea,RX_RY_RZ_CNOT,none,linear,cnot,hamiltonian_local,6,2,2,10,10,5,32,2,0,1,RZ,2,5,layer_000_wire_001_RZ,-0.04881935751855533,0.04881935751855533,False
random_bp,expectation_value,same_entangling_gate_count,bcw_6q_random_bp,hea,RX_RY_RZ_CNOT,none,linear,cnot,hamiltonian_local,6,2,2,10,10,5,32,2,0,2,RX,0,6,layer_000_wire_002_RX,0.04807849771286858,0.04807849771286858,False
random_bp,expectation_value,same_entangling_gate_count,bcw_6q_random_bp,hea,RX_RY_RZ_CNOT,none,linear,cnot,hamiltonian_local,6,2,2,10,10,5,32,2,0,2,RY,1,7,layer_000_wire_002_RY,0.0074676381083980704,0.0074676381083980704,False
random_bp,expectation_value,same_entangling_gate_count,bcw_6q_random_bp,hea,RX_RY_RZ_CNOT,none,linear,cnot,hamiltonian_local,6,2,2,10,10,5,32,2,0,2,RZ,2,8,layer_000_wire_002_RZ,-0.0007509358051773162,0.0007509358051773162,False
random_bp,expectation_value,same_entangling_gate_count,bcw_6q_random_bp,hea,RX_RY_RZ_CNOT,none,linear,cnot,hamiltonian_local,6,2,2,10,10,5,32,2,0,3,RX,0,9,layer_000_wire_003_RX,-0.006437735176219851,0.006437735176219851,False
random_bp,expectation_value,same_entangling_gate_count,bcw_6q_random_bp,hea,RX_RY_RZ_CNOT,none,linear,cnot,hamiltonian_local,6,2,2,10,10,5,32,2,0,3,RY,1,10,layer_000_wire_003_RY,-0.00813648895868747,0.00813648895868747,False
random_bp,expectation_value,same_entangling_gate_count,bcw_6q_random_bp,hea,RX_RY_RZ_CNOT,none,linear,cnot,hamiltonian_local,6,2,2,10,10,5,32,2,0,3,RZ,2,11,layer_000_wire_003_RZ,-0.008985361754205648,0.008985361754205648,False
random_bp,expectation_value,same_entangling_gate_count,bcw_6q_random_bp,hea,RX_RY_RZ_CNOT,none,linear,cnot,hamiltonian_local,6,2,2,10,10,5,32,2,0,4,RX,0,12,layer_000_wire_004_RX,0.02140500624684138,0.02140500624684138,False
random_bp,expectation_value,same_entangling_gate_count,bcw_6q_random_bp,hea,RX_RY_RZ_CNOT,none,linear,cnot,hamiltonian_local,6,2,2,10,10,5,32,2,0,4,RY,1,13,layer_000_wire_004_RY,-0.0768805052118273,0.0768805052118273,False
random_bp,expectation_value,same_entangling_gate_count,bcw_6q_random_bp,hea,RX_RY_RZ_CNOT,none,linear,cnot,hamiltonian_local,6,2,2,10,10,5,32,2,0,4,RZ,2,14,layer_000_wire_004_RZ,-0.001891359765889622,0.001891359765889622,False
random_bp,expectation_value,same_entangling_gate_count,bcw_6q_random_bp,hea,RX_RY_RZ_CNOT,none,linear,cnot,hamiltonian_local,6,2,2,10,10,5,32,2,0,5,RX,0,15,layer_000_wire_005_RX,-0.1520042453461526,0.1520042453461526,False
random_bp,expectation_value,same_entangling_gate_count,bcw_6q_random_bp,hea,RX_RY_RZ_CNOT,none,linear,cnot,hamiltonian_local,6,2,2,10,10,5,32,2,0,5,RY,1,16,layer_000_wire_005_RY,0.07413665725971531,0.07413665725971531,False
random_bp,expectation_value,same_entangling_gate_count,bcw_6q_random_bp,hea,RX_RY_RZ_CNOT,none,linear,cnot,hamiltonian_local,6,2,2,10,10,5,32,2,0,5,RZ,2,17,layer_000_wire_005_RZ,-0.04958365566040009,0.04958365566040009,False
random_bp,expectation_value,same_entangling_gate_count,bcw_6q_random_bp,hea,RX_RY_RZ_CNOT,none,linear,cnot,hamiltonian_local,6,2,2,10,10,5,32,2,1,0,RX,0,18,layer_001_wire_000_RX,-1.3877787807814457e-17,1.3877787807814457e-17,True
random_bp,expectation_value,same_entangling_gate_count,bcw_6q_random_bp,hea,RX_RY_RZ_CNOT,none,linear,cnot,hamiltonian_local,6,2,2,10,10,5,32,2,1,0,RY,1,19,layer_001_wire_000_RY,2.7755575615628914e-17,2.7755575615628914e-17,True
random_bp,expectation_value,same_entangling_gate_count,bcw_6q_random_bp,hea,RX_RY_RZ_CNOT,none,linear,cnot,hamiltonian_local,6,2,2,10,10,5,32,2,1,0,RZ,2,20,layer_001_wire_000_RZ,-1.1683317151994572e-17,1.1683317151994572e-17,True
random_bp,expectation_value,same_entangling_gate_count,bcw_6q_random_bp,hea,RX_RY_RZ_CNOT,none,linear,cnot,hamiltonian_local,6,2,2,10,10,5,32,2,1,1,RX,0,21,layer_001_wire_001_RX,0.001151437514893056,0.001151437514893056,False
random_bp,expectation_value,same_entangling_gate_count,bcw_6q_random_bp,hea,RX_RY_RZ_CNOT,none,linear,cnot,hamiltonian_local,6,2,2,10,10,5,32,2,1,1,RY,1,22,layer_001_wire_001_RY,-0.08596964648084343,0.08596964648084343,False
random_bp,expectation_value,same_entangling_gate_count,bcw_6q_random_bp,hea,RX_RY_RZ_CNOT,none,linear,cnot,hamiltonian_local,6,2,2,10,10,5,32,2,1,1,RZ,2,23,layer_001_wire_001_RZ,1.3659642882660999e-17,1.3659642882660999e-17,True
random_bp,expectation_value,same_entangling_gate_count,bcw_6q_random_bp,hea,RX_RY_RZ_CNOT,none,linear,cnot,hamiltonian_local,6,2,2,10,10,5,32,2,1,2,RX,0,24,layer_001_wire_002_RX,0.0008422905718885598,0.0008422905718885598,False
random_bp,expectation_value,same_entangling_gate_count,bcw_6q_random_bp,hea,RX_RY_RZ_CNOT,none,linear,cnot,hamiltonian_local,6,2,2,10,10,5,32,2,1,2,RY,1,25,layer_001_wire_002_RY,-0.13242689747380842,0.13242689747380842,False
random_bp,expectation_value,same_entangling_gate_count,bcw_6q_random_bp,hea,RX_RY_RZ_CNOT,none,linear,cnot,hamiltonian_local,6,2,2,10,10,5,32,2,1,2,RZ,2,26,layer_001_wire_002_RZ,1.987183074226752e-17,1.987183074226752e-17,True
random_bp,expectation_value,same_entangling_gate_count,bcw_6q_random_bp,hea,RX_RY_RZ_CNOT,none,linear,cnot,hamiltonian_local,6,2,2,10,10,5,32,2,1,3,RX,0,27,layer_001_wire_003_RX,-0.00031216210206705397,0.00031216210206705397,False
random_bp,expectation_value,same_entangling_gate_count,bcw_6q_random_bp,hea,RX_RY_RZ_CNOT,none,linear,cnot,hamiltonian_local,6,2,2,10,10,5,32,2,1,3,RY,1,28,layer_001_wire_003_RY,-0.11231315468134012,0.11231315468134012,False
random_bp,expectation_value,same_entangling_gate_count,bcw_6q_random_bp,hea,RX_RY_RZ_CNOT,none,linear,cnot,hamiltonian_local,6,2,2,10,10,5,32,2,1,3,RZ,2,29,layer_001_wire_003_RZ,-6.242367198424301e-18,6.242367198424301e-18,True
random_bp,expectation_value,same_entangling_gate_count,bcw_6q_random_bp,hea,RX_RY_RZ_CNOT,none,linear,cnot,hamiltonian_local,6,2,2,10,10,5,32,2,1,4,RX,0,30,layer_001_wire_004_RX,0.00017090767089873726,0.00017090767089873726,False
random_bp,expectation_value,same_entangling_gate_count,bcw_6q_random_bp,hea,RX_RY_RZ_CNOT,none,linear,cnot,hamiltonian_local,6,2,2,10,10,5,32,2,1,4,RY,1,31,layer_001_wire_004_RY,0.09830066696150325,0.09830066696150325,False
random_bp,expectation_value,same_entangling_gate_count,bcw_6q_random_bp,hea,RX_RY_RZ_CNOT,none,linear,cnot,hamiltonian_local,6,2,2,10,10,5,32,2,1,4,RZ,2,32,layer_001_wire_004_RZ,1.595643331981407e-17,1.595643331981407e-17,True
random_bp,expectation_value,same_entangling_gate_count,bcw_6q_random_bp,hea,RX_RY_RZ_CNOT,none,linear,cnot,hamiltonian_local,6,2,2,10,10,5,32,2,1,5,RX,0,33,layer_001_wire_005_RX,-9.347319518043795e-05,9.347319518043795e-05,False
random_bp,expectation_value,same_entangling_gate_count,bcw_6q_random_bp,hea,RX_RY_RZ_CNOT,none,linear,cnot,hamiltonian_local,6,2,2,10,10,5,32,2,1,5,RY,1,34,layer_001_wire_005_RY,-0.0902638952613325,0.0902638952613325,False
random_bp,expectation_value,same_entangling_gate_count,bcw_6q_random_bp,hea,RX_RY_RZ_CNOT,none,linear,cnot,hamiltonian_local,6,2,2,10,10,5,32,2,1,5,RZ,2,35,layer_001_wire_005_RZ,1.4958117226707916e-19,1.4958117226707916e-19,True
random_bp,expectation_value,same_entangling_gate_count,bcw_6q_random_bp,hea,RX_RY_RZ_CNOT,none,circular,cnot,hamiltonian_local,6,2,2,10,12,6,33,0,0,0,RX,0,0,layer_000_wire_000_RX,-0.0052029154439750674,0.0052029154439750674,False
random_bp,expectation_value,same_entangling_gate_count,bcw_6q_random_bp,hea,RX_RY_RZ_CNOT,none,circular,cnot,hamiltonian_local,6,2,2,10,12,6,33,0,0,0,RY,1,1,layer_000_wire_000_RY,-0.0528336797442573,0.0528336797442573,False
random_bp,expectation_value,same_entangling_gate_count,bcw_6q_random_bp,hea,RX_RY_RZ_CNOT,none,circular,cnot,hamiltonian_local,6,2,2,10,12,6,33,0,0,0,RZ,2,2,layer_000_wire_000_RZ,-0.012781324567524163,0.012781324567524163,False
random_bp,expectation_value,same_entangling_gate_count,bcw_6q_random_bp,hea,RX_RY_RZ_CNOT,none,circular,cnot,hamiltonian_local,6,2,2,10,12,6,33,0,0,1,RX,0,3,layer_000_wire_001_RX,0.013749653779199136,0.013749653779199136,False
random_bp,expectation_value,same_entangling_gate_count,bcw_6q_random_bp,hea,RX_RY_RZ_CNOT,none,circular,cnot,hamiltonian_local,6,2,2,10,12,6,33,0,0,1,RY,1,4,layer_000_wire_001_RY,0.020410475574637238,0.020410475574637238,False
random_bp,expectation_value,same_entangling_gate_count,bcw_6q_random_bp,hea,RX_RY_RZ_CNOT,none,circular,cnot,hamiltonian_local,6,2,2,10,12,6,33,0,0,1,RZ,2,5,layer_000_wire_001_RZ,-0.013500957052173586,0.013500957052173586,False
random_bp,expectation_value,same_entangling_gate_count,bcw_6q_random_bp,hea,RX_RY_RZ_CNOT,none,circular,cnot,hamiltonian_local,6,2,2,10,12,6,33,0,0,2,RX,0,6,layer_000_wire_002_RX,-0.025195750046131594,0.025195750046131594,False
random_bp,expectation_value,same_entangling_gate_count,bcw_6q_random_bp,hea,RX_RY_RZ_CNOT,none,circular,cnot,hamiltonian_local,6,2,2,10,12,6,33,0,0,2,RY,1,7,layer_000_wire_002_RY,0.003963415041671331,0.003963415041671331,False
random_bp,expectation_value,same_entangling_gate_count,bcw_6q_random_bp,hea,RX_RY_RZ_CNOT,none,circular,cnot,hamiltonian_local,6,2,2,10,12,6,33,0,0,2,RZ,2,8,layer_000_wire_002_RZ,0.02539037287998759,0.02539037287998759,False
random_bp,expectation_value,same_entangling_gate_count,bcw_6q_random_bp,hea,RX_RY_RZ_CNOT,none,circular,cnot,hamiltonian_local,6,2,2,10,12,6,33,0,0,3,RX,0,9,layer_000_wire_003_RX,0.012881128636787562,0.012881128636787562,False
random_bp,expectation_value,same_entangling_gate_count,bcw_6q_random_bp,hea,RX_RY_RZ_CNOT,none,circular,cnot,hamiltonian_local,6,2,2,10,12,6,33,0,0,3,RY,1,10,layer_000_wire_003_RY,0.020406667668373103,0.020406667668373103,False
random_bp,expectation_value,same_entangling_gate_count,bcw_6q_random_bp,hea,RX_RY_RZ_CNOT,none,circular,cnot,hamiltonian_local,6,2,2,10,12,6,33,0,0,3,RZ,2,11,layer_000_wire_003_RZ,-0.00824801254105097,0.00824801254105097,False
random_bp,expectation_value,same_entangling_gate_count,bcw_6q_random_bp,hea,RX_RY_RZ_CNOT,none,circular,cnot,hamiltonian_local,6,2,2,10,12,6,33,0,0,4,RX,0,12,layer_000_wire_004_RX,0.14439649934625334,0.14439649934625334,False
random_bp,expectation_value,same_entangling_gate_count,bcw_6q_random_bp,hea,RX_RY_RZ_CNOT,none,circular,cnot,hamiltonian_local,6,2,2,10,12,6,33,0,0,4,RY,1,13,layer_000_wire_004_RY,-0.02445392002407186,0.02445392002407186,False
random_bp,expectation_value,same_entangling_gate_count,bcw_6q_random_bp,hea,RX_RY_RZ_CNOT,none,circular,cnot,hamiltonian_local,6,2,2,10,12,6,33,0,0,4,RZ,2,14,layer_000_wire_004_RZ,0.0003623425276610914,0.0003623425276610914,False
random_bp,expectation_value,same_entangling_gate_count,bcw_6q_random_bp,hea,RX_RY_RZ_CNOT,none,circular,cnot,hamiltonian_local,6,2,2,10,12,6,33,0,0,5,RX,0,15,layer_000_wire_005_RX,0.019192631323362127,0.019192631323362127,False
random_bp,expectation_value,same_entangling_gate_count,bcw_6q_random_bp,hea,RX_RY_RZ_CNOT,none,circular,cnot,hamiltonian_local,6,2,2,10,12,6,33,0,0,5,RY,1,16,layer_000_wire_005_RY,0.04200557950935373,0.04200557950935373,False
random_bp,expectation_value,same_entangling_gate_count,bcw_6q_random_bp,hea,RX_RY_RZ_CNOT,none,circular,cnot,hamiltonian_local,6,2,2,10,12,6,33,0,0,5,RZ,2,17,layer_000_wire_005_RZ,-0.0689011271105017,0.0689011271105017,False
random_bp,expectation_value,same_entangling_gate_count,bcw_6q_random_bp,hea,RX_RY_RZ_CNOT,none,circular,cnot,hamiltonian_local,6,2,2,10,12,6,33,0,1,0,RX,0,18,layer_001_wire_000_RX,-0.05176340837097489,0.05176340837097489,False
random_bp,expectation_value,same_entangling_gate_count,bcw_6q_random_bp,hea,RX_RY_RZ_CNOT,none,circular,cnot,hamiltonian_local,6,2,2,10,12,6,33,0,1,0,RY,1,19,layer_001_wire_000_RY,-0.02050439335710385,0.02050439335710385,False
random_bp,expectation_value,same_entangling_gate_count,bcw_6q_random_bp,hea,RX_RY_RZ_CNOT,none,circular,cnot,hamiltonian_local,6,2,2,10,12,6,33,0,1,0,RZ,2,20,layer_001_wire_000_RZ,-2.543647279424873e-17,2.543647279424873e-17,True
random_bp,expectation_value,same_entangling_gate_count,bcw_6q_random_bp,hea,RX_RY_RZ_CNOT,none,circular,cnot,hamiltonian_local,6,2,2,10,12,6,33,0,1,1,RX,0,21,layer_001_wire_001_RX,-4.5102810375396984e-17,4.5102810375396984e-17,True
random_bp,expectation_value,same_entangling_gate_count,bcw_6q_random_bp,hea,RX_RY_RZ_CNOT,none,circular,cnot,hamiltonian_local,6,2,2,10,12,6,33,0,1,1,RY,1,22,layer_001_wire_001_RY,-2.7755575615628914e-17,2.7755575615628914e-17,True
random_bp,expectation_value,same_entangling_gate_count,bcw_6q_random_bp,hea,RX_RY_RZ_CNOT,none,circular,cnot,hamiltonian_local,6,2,2,10,12,6,33,0,1,1,RZ,2,23,layer_001_wire_001_RZ,1.9475704826875206e-17,1.9475704826875206e-17,True
random_bp,expectation_value,same_entangling_gate_count,bcw_6q_random_bp,hea,RX_RY_RZ_CNOT,none,circular,cnot,hamiltonian_local,6,2,2,10,12,6,33,0,1,2,RX,0,24,layer_001_wire_002_RX,0.01589331151941681,0.01589331151941681,False
random_bp,expectation_value,same_entangling_gate_count,bcw_6q_random_bp,hea,RX_RY_RZ_CNOT,none,circular,cnot,hamiltonian_local,6,2,2,10,12,6,33,0,1,2,RY,1,25,layer_001_wire_002_RY,-0.0989754915007888,0.0989754915007888,False
random_bp,expectation_value,same_entangling_gate_count,bcw_6q_random_bp,hea,RX_RY_RZ_CNOT,none,circular,cnot,hamiltonian_local,6,2,2,10,12,6,33,0,1,2,RZ,2,26,layer_001_wire_002_RZ,-4.00017761056028e-17,4.00017761056028e-17,True
random_bp,expectation_value,same_entangling_gate_count,bcw_6q_random_bp,hea,RX_RY_RZ_CNOT,none,circular,cnot,hamiltonian_local,6,2,2,10,12,6,33,0,1,3,RX,0,27,layer_001_wire_003_RX,0.0057801573664012,0.0057801573664012,False
random_bp,expectation_value,same_entangling_gate_count,bcw_6q_random_bp,hea,RX_RY_RZ_CNOT,none,circular,cnot,hamiltonian_local,6,2,2,10,12,6,33,0,1,3,RY,1,28,layer_001_wire_003_RY,-0.043514104151654937,0.043514104151654937,False
random_bp,expectation_value,same_entangling_gate_count,bcw_6q_random_bp,hea,RX_RY_RZ_CNOT,none,circular,cnot,hamiltonian_local,6,2,2,10,12,6,33,0,1,3,RZ,2,29,layer_001_wire_003_RZ,2.7599078870231847e-17,2.7599078870231847e-17,True
random_bp,expectation_value,same_entangling_gate_count,bcw_6q_random_bp,hea,RX_RY_RZ_CNOT,none,circular,cnot,hamiltonian_local,6,2,2,10,12,6,33,0,1,4,RX,0,30,layer_001_wire_004_RX,0.03447036276526587,0.03447036276526587,False
random_bp,expectation_value,same_entangling_gate_count,bcw_6q_random_bp,hea,RX_RY_RZ_CNOT,none,circular,cnot,hamiltonian_local,6,2,2,10,12,6,33,0,1,4,RY,1,31,layer_001_wire_004_RY,0.0887752701635621,0.0887752701635621,False
random_bp,expectation_value,same_entangling_gate_count,bcw_6q_random_bp,hea,RX_RY_RZ_CNOT,none,circular,cnot,hamiltonian_local,6,2,2,10,12,6,33,0,1,4,RZ,2,32,layer_001_wire_004_RZ,-1.2120381264169138e-17,1.2120381264169138e-17,True
random_bp,expectation_value,same_entangling_gate_count,bcw_6q_random_bp,hea,RX_RY_RZ_CNOT,none,circular,cnot,hamiltonian_local,6,2,2,10,12,6,33,0,1,5,RX,0,33,layer_001_wire_005_RX,0.034271479179406705,0.034271479179406705,False
random_bp,expectation_value,same_entangling_gate_count,bcw_6q_random_bp,hea,RX_RY_RZ_CNOT,none,circular,cnot,hamiltonian_local,6,2,2,10,12,6,33,0,1,5,RY,1,34,layer_001_wire_005_RY,0.08060020947462766,0.08060020947462766,False
random_bp,expectation_value,same_entangling_gate_count,bcw_6q_random_bp,hea,RX_RY_RZ_CNOT,none,circular,cnot,hamiltonian_local,6,2,2,10,12,6,33,0,1,5,RZ,2,35,layer_001_wire_005_RZ,1.592800841237229e-17,1.592800841237229e-17,True
random_bp,expectation_value,same_entangling_gate_count,bcw_6q_random_bp,hea,RX_RY_RZ_CNOT,none,circular,cnot,hamiltonian_local,6,2,2,10,12,6,34,1,0,0,RX,0,0,layer_000_wire_000_RX,-0.029088265509543867,0.029088265509543867,False
random_bp,expectation_value,same_entangling_gate_count,bcw_6q_random_bp,hea,RX_RY_RZ_CNOT,none,circular,cnot,hamiltonian_local,6,2,2,10,12,6,34,1,0,0,RY,1,1,layer_000_wire_000_RY,0.026129608301814922,0.026129608301814922,False
random_bp,expectation_value,same_entangling_gate_count,bcw_6q_random_bp,hea,RX_RY_RZ_CNOT,none,circular,cnot,hamiltonian_local,6,2,2,10,12,6,34,1,0,0,RZ,2,2,layer_000_wire_000_RZ,0.007057135614834648,0.007057135614834648,False
random_bp,expectation_value,same_entangling_gate_count,bcw_6q_random_bp,hea,RX_RY_RZ_CNOT,none,circular,cnot,hamiltonian_local,6,2,2,10,12,6,34,1,0,1,RX,0,3,layer_000_wire_001_RX,-0.006486002446101565,0.006486002446101565,False
random_bp,expectation_value,same_entangling_gate_count,bcw_6q_random_bp,hea,RX_RY_RZ_CNOT,none,circular,cnot,hamiltonian_local,6,2,2,10,12,6,34,1,0,1,RY,1,4,layer_000_wire_001_RY,0.03153460466853438,0.03153460466853438,False
random_bp,expectation_value,same_entangling_gate_count,bcw_6q_random_bp,hea,RX_RY_RZ_CNOT,none,circular,cnot,hamiltonian_local,6,2,2,10,12,6,34,1,0,1,RZ,2,5,layer_000_wire_001_RZ,-0.009996295016051926,0.009996295016051926,False
random_bp,expectation_value,same_entangling_gate_count,bcw_6q_random_bp,hea,RX_RY_RZ_CNOT,none,circular,cnot,hamiltonian_local,6,2,2,10,12,6,34,1,0,2,RX,0,6,layer_000_wire_002_RX,0.11557561639318081,0.11557561639318081,False
random_bp,expectation_value,same_entangling_gate_count,bcw_6q_random_bp,hea,RX_RY_RZ_CNOT,none,circular,cnot,hamiltonian_local,6,2,2,10,12,6,34,1,0,2,RY,1,7,layer_000_wire_002_RY,-0.11947618834644372,0.11947618834644372,False
random_bp,expectation_value,same_entangling_gate_count,bcw_6q_random_bp,hea,RX_RY_RZ_CNOT,none,circular,cnot,hamiltonian_local,6,2,2,10,12,6,34,1,0,2,RZ,2,8,layer_000_wire_002_RZ,0.2517484171984413,0.2517484171984413,False
random_bp,expectation_value,same_entangling_gate_count,bcw_6q_random_bp,hea,RX_RY_RZ_CNOT,none,circular,cnot,hamiltonian_local,6,2,2,10,12,6,34,1,0,3,RX,0,9,layer_000_wire_003_RX,-0.007973697352499583,0.007973697352499583,False
random_bp,expectation_value,same_entangling_gate_count,bcw_6q_random_bp,hea,RX_RY_RZ_CNOT,none,circular,cnot,hamiltonian_local,6,2,2,10,12,6,34,1,0,3,RY,1,10,layer_000_wire_003_RY,-0.02117396848777873,0.02117396848777873,False
random_bp,expectation_value,same_entangling_gate_count,bcw_6q_random_bp,hea,RX_RY_RZ_CNOT,none,circular,cnot,hamiltonian_local,6,2,2,10,12,6,34,1,0,3,RZ,2,11,layer_000_wire_003_RZ,0.008053498678182697,0.008053498678182697,False
random_bp,expectation_value,same_entangling_gate_count,bcw_6q_random_bp,hea,RX_RY_RZ_CNOT,none,circular,cnot,hamiltonian_local,6,2,2,10,12,6,34,1,0,4,RX,0,12,layer_000_wire_004_RX,0.02196233774845124,0.02196233774845124,False
random_bp,expectation_value,same_entangling_gate_count,bcw_6q_random_bp,hea,RX_RY_RZ_CNOT,none,circular,cnot,hamiltonian_local,6,2,2,10,12,6,34,1,0,4,RY,1,13,layer_000_wire_004_RY,0.014753539415250982,0.014753539415250982,False
random_bp,expectation_value,same_entangling_gate_count,bcw_6q_random_bp,hea,RX_RY_RZ_CNOT,none,circular,cnot,hamiltonian_local,6,2,2,10,12,6,34,1,0,4,RZ,2,14,layer_000_wire_004_RZ,-0.014882494187624294,0.014882494187624294,False
random_bp,expectation_value,same_entangling_gate_count,bcw_6q_random_bp,hea,RX_RY_RZ_CNOT,none,circular,cnot,hamiltonian_local,6,2,2,10,12,6,34,1,0,5,RX,0,15,layer_000_wire_005_RX,-0.14247246496744914,0.14247246496744914,False
random_bp,expectation_value,same_entangling_gate_count,bcw_6q_random_bp,hea,RX_RY_RZ_CNOT,none,circular,cnot,hamiltonian_local,6,2,2,10,12,6,34,1,0,5,RY,1,16,layer_000_wire_005_RY,-0.06923031144416746,0.06923031144416746,False
random_bp,expectation_value,same_entangling_gate_count,bcw_6q_random_bp,hea,RX_RY_RZ_CNOT,none,circular,cnot,hamiltonian_local,6,2,2,10,12,6,34,1,0,5,RZ,2,17,layer_000_wire_005_RZ,-0.12016574661850932,0.12016574661850932,False
random_bp,expectation_value,same_entangling_gate_count,bcw_6q_random_bp,hea,RX_RY_RZ_CNOT,none,circular,cnot,hamiltonian_local,6,2,2,10,12,6,34,1,1,0,RX,0,18,layer_001_wire_000_RX,0.00043679309701393984,0.00043679309701393984,False
random_bp,expectation_value,same_entangling_gate_count,bcw_6q_random_bp,hea,RX_RY_RZ_CNOT,none,circular,cnot,hamiltonian_local,6,2,2,10,12,6,34,1,1,0,RY,1,19,layer_001_wire_000_RY,0.0026114465171119573,0.0026114465171119573,False
random_bp,expectation_value,same_entangling_gate_count,bcw_6q_random_bp,hea,RX_RY_RZ_CNOT,none,circular,cnot,hamiltonian_local,6,2,2,10,12,6,34,1,1,0,RZ,2,20,layer_001_wire_000_RZ,9.033277939807233e-18,9.033277939807233e-18,True
random_bp,expectation_value,same_entangling_gate_count,bcw_6q_random_bp,hea,RX_RY_RZ_CNOT,none,circular,cnot,hamiltonian_local,6,2,2,10,12,6,34,1,1,1,RX,0,21,layer_001_wire_001_RX,6.938893903907228e-18,6.938893903907228e-18,True
random_bp,expectation_value,same_entangling_gate_count,bcw_6q_random_bp,hea,RX_RY_RZ_CNOT,none,circular,cnot,hamiltonian_local,6,2,2,10,12,6,34,1,1,1,RY,1,22,layer_001_wire_001_RY,1.214306433183765e-17,1.214306433183765e-17,True
random_bp,expectation_value,same_entangling_gate_count,bcw_6q_random_bp,hea,RX_RY_RZ_CNOT,none,circular,cnot,hamiltonian_local,6,2,2,10,12,6,34,1,1,1,RZ,2,23,layer_001_wire_001_RZ,-6.848046252093904e-18,6.848046252093904e-18,True
random_bp,expectation_value,same_entangling_gate_count,bcw_6q_random_bp,hea,RX_RY_RZ_CNOT,none,circular,cnot,hamiltonian_local,6,2,2,10,12,6,34,1,1,2,RX,0,24,layer_001_wire_002_RX,-0.011970972453127306,0.011970972453127306,False
random_bp,expectation_value,same_entangling_gate_count,bcw_6q_random_bp,hea,RX_RY_RZ_CNOT,none,circular,cnot,hamiltonian_local,6,2,2,10,12,6,34,1,1,2,RY,1,25,layer_001_wire_002_RY,-0.0310168477395818,0.0310168477395818,False
random_bp,expectation_value,same_entangling_gate_count,bcw_6q_random_bp,hea,RX_RY_RZ_CNOT,none,circular,cnot,hamiltonian_local,6,2,2,10,12,6,34,1,1,2,RZ,2,26,layer_001_wire_002_RZ,1.742564725600406e-18,1.742564725600406e-18,True
random_bp,expectation_value,same_entangling_gate_count,bcw_6q_random_bp,hea,RX_RY_RZ_CNOT,none,circular,cnot,hamiltonian_local,6,2,2,10,12,6,34,1,1,3,RX,0,27,layer_001_wire_003_RX,-0.0021072641039180974,0.0021072641039180974,False
random_bp,expectation_value,same_entangling_gate_count,bcw_6q_random_bp,hea,RX_RY_RZ_CNOT,none,circular,cnot,hamiltonian_local,6,2,2,10,12,6,34,1,1,3,RY,1,28,layer_001_wire_003_RY,-0.05590373964330164,0.05590373964330164,False
random_bp,expectation_value,same_entangling_gate_count,bcw_6q_random_bp,hea,RX_RY_RZ_CNOT,none,circular,cnot,hamiltonian_local,6,2,2,10,12,6,34,1,1,3,RZ,2,29,layer_001_wire_003_RZ,-1.9429068822085518e-17,1.9429068822085518e-17,True
random_bp,expectation_value,same_entangling_gate_count,bcw_6q_random_bp,hea,RX_RY_RZ_CNOT,none,circular,cnot,hamiltonian_local,6,2,2,10,12,6,34,1,1,4,RX,0,30,layer_001_wire_004_RX,0.02516094298214568,0.02516094298214568,False
random_bp,expectation_value,same_entangling_gate_count,bcw_6q_random_bp,hea,RX_RY_RZ_CNOT,none,circular,cnot,hamiltonian_local,6,2,2,10,12,6,34,1,1,4,RY,1,31,layer_001_wire_004_RY,-0.03923373345472214,0.03923373345472214,False
random_bp,expectation_value,same_entangling_gate_count,bcw_6q_random_bp,hea,RX_RY_RZ_CNOT,none,circular,cnot,hamiltonian_local,6,2,2,10,12,6,34,1,1,4,RZ,2,32,layer_001_wire_004_RZ,1.2077416311659963e-17,1.2077416311659963e-17,True
random_bp,expectation_value,same_entangling_gate_count,bcw_6q_random_bp,hea,RX_RY_RZ_CNOT,none,circular,cnot,hamiltonian_local,6,2,2,10,12,6,34,1,1,5,RX,0,33,layer_001_wire_005_RX,-0.011322243808298302,0.011322243808298302,False
random_bp,expectation_value,same_entangling_gate_count,bcw_6q_random_bp,hea,RX_RY_RZ_CNOT,none,circular,cnot,hamiltonian_local,6,2,2,10,12,6,34,1,1,5,RY,1,34,layer_001_wire_005_RY,-0.003099953773838097,0.003099953773838097,False
random_bp,expectation_value,same_entangling_gate_count,bcw_6q_random_bp,hea,RX_RY_RZ_CNOT,none,circular,cnot,hamiltonian_local,6,2,2,10,12,6,34,1,1,5,RZ,2,35,layer_001_wire_005_RZ,7.736381794455279e-18,7.736381794455279e-18,True
random_bp,expectation_value,same_entangling_gate_count,bcw_6q_random_bp,hea,RX_RY_RZ_CNOT,none,circular,cnot,hamiltonian_local,6,2,2,10,12,6,35,2,0,0,RX,0,0,layer_000_wire_000_RX,0.04852762102922665,0.04852762102922665,False
random_bp,expectation_value,same_entangling_gate_count,bcw_6q_random_bp,hea,RX_RY_RZ_CNOT,none,circular,cnot,hamiltonian_local,6,2,2,10,12,6,35,2,0,0,RY,1,1,layer_000_wire_000_RY,0.00139168336579569,0.00139168336579569,False
random_bp,expectation_value,same_entangling_gate_count,bcw_6q_random_bp,hea,RX_RY_RZ_CNOT,none,circular,cnot,hamiltonian_local,6,2,2,10,12,6,35,2,0,0,RZ,2,2,layer_000_wire_000_RZ,0.040580720737754164,0.040580720737754164,False
random_bp,expectation_value,same_entangling_gate_count,bcw_6q_random_bp,hea,RX_RY_RZ_CNOT,none,circular,cnot,hamiltonian_local,6,2,2,10,12,6,35,2,0,1,RX,0,3,layer_000_wire_001_RX,-0.07652645632248826,0.07652645632248826,False
random_bp,expectation_value,same_entangling_gate_count,bcw_6q_random_bp,hea,RX_RY_RZ_CNOT,none,circular,cnot,hamiltonian_local,6,2,2,10,12,6,35,2,0,1,RY,1,4,layer_000_wire_001_RY,-0.010938332100486413,0.010938332100486413,False
random_bp,expectation_value,same_entangling_gate_count,bcw_6q_random_bp,hea,RX_RY_RZ_CNOT,none,circular,cnot,hamiltonian_local,6,2,2,10,12,6,35,2,0,1,RZ,2,5,layer_000_wire_001_RZ,0.03925633956972304,0.03925633956972304,False
random_bp,expectation_value,same_entangling_gate_count,bcw_6q_random_bp,hea,RX_RY_RZ_CNOT,none,circular,cnot,hamiltonian_local,6,2,2,10,12,6,35,2,0,2,RX,0,6,layer_000_wire_002_RX,0.02726819443669027,0.02726819443669027,False
random_bp,expectation_value,same_entangling_gate_count,bcw_6q_random_bp,hea,RX_RY_RZ_CNOT,none,circular,cnot,hamiltonian_local,6,2,2,10,12,6,35,2,0,2,RY,1,7,layer_000_wire_002_RY,0.0030260342883999605,0.0030260342883999605,False
random_bp,expectation_value,same_entangling_gate_count,bcw_6q_random_bp,hea,RX_RY_RZ_CNOT,none,circular,cnot,hamiltonian_local,6,2,2,10,12,6,35,2,0,2,RZ,2,8,layer_000_wire_002_RZ,0.0023398125916654668,0.0023398125916654668,False
random_bp,expectation_value,same_entangling_gate_count,bcw_6q_random_bp,hea,RX_RY_RZ_CNOT,none,circular,cnot,hamiltonian_local,6,2,2,10,12,6,35,2,0,3,RX,0,9,layer_000_wire_003_RX,-0.08002054479916262,0.08002054479916262,False
random_bp,expectation_value,same_entangling_gate_count,bcw_6q_random_bp,hea,RX_RY_RZ_CNOT,none,circular,cnot,hamiltonian_local,6,2,2,10,12,6,35,2,0,3,RY,1,10,layer_000_wire_003_RY,-0.03936400842477711,0.03936400842477711,False
random_bp,expectation_value,same_entangling_gate_count,bcw_6q_random_bp,hea,RX_RY_RZ_CNOT,none,circular,cnot,hamiltonian_local,6,2,2,10,12,6,35,2,0,3,RZ,2,11,layer_000_wire_003_RZ,-0.024833658534574546,0.024833658534574546,False
random_bp,expectation_value,same_entangling_gate_count,bcw_6q_random_bp,hea,RX_RY_RZ_CNOT,none,circular,cnot,hamiltonian_local,6,2,2,10,12,6,35,2,0,4,RX,0,12,layer_000_wire_004_RX,0.04055524446499801,0.04055524446499801,False
random_bp,expectation_value,same_entangling_gate_count,bcw_6q_random_bp,hea,RX_RY_RZ_CNOT,none,circular,cnot,hamiltonian_local,6,2,2,10,12,6,35,2,0,4,RY,1,13,layer_000_wire_004_RY,-0.11475169012537657,0.11475169012537657,False
random_bp,expectation_value,same_entangling_gate_count,bcw_6q_random_bp,hea,RX_RY_RZ_CNOT,none,circular,cnot,hamiltonian_local,6,2,2,10,12,6,35,2,0,4,RZ,2,14,layer_000_wire_004_RZ,-0.010346308876898507,0.010346308876898507,False
random_bp,expectation_value,same_entangling_gate_count,bcw_6q_random_bp,hea,RX_RY_RZ_CNOT,none,circular,cnot,hamiltonian_local,6,2,2,10,12,6,35,2,0,5,RX,0,15,layer_000_wire_005_RX,-0.10640388161713846,0.10640388161713846,False
random_bp,expectation_value,same_entangling_gate_count,bcw_6q_random_bp,hea,RX_RY_RZ_CNOT,none,circular,cnot,hamiltonian_local,6,2,2,10,12,6,35,2,0,5,RY,1,16,layer_000_wire_005_RY,0.04949715050542948,0.04949715050542948,False
random_bp,expectation_value,same_entangling_gate_count,bcw_6q_random_bp,hea,RX_RY_RZ_CNOT,none,circular,cnot,hamiltonian_local,6,2,2,10,12,6,35,2,0,5,RZ,2,17,layer_000_wire_005_RZ,-0.03210502681178666,0.03210502681178666,False
random_bp,expectation_value,same_entangling_gate_count,bcw_6q_random_bp,hea,RX_RY_RZ_CNOT,none,circular,cnot,hamiltonian_local,6,2,2,10,12,6,35,2,1,0,RX,0,18,layer_001_wire_000_RX,-0.0004698198291361172,0.0004698198291361172,False
random_bp,expectation_value,same_entangling_gate_count,bcw_6q_random_bp,hea,RX_RY_RZ_CNOT,none,circular,cnot,hamiltonian_local,6,2,2,10,12,6,35,2,1,0,RY,1,19,layer_001_wire_000_RY,0.0006535068478639647,0.0006535068478639647,False
random_bp,expectation_value,same_entangling_gate_count,bcw_6q_random_bp,hea,RX_RY_RZ_CNOT,none,circular,cnot,hamiltonian_local,6,2,2,10,12,6,35,2,1,0,RZ,2,20,layer_001_wire_000_RZ,1.5685759749700892e-17,1.5685759749700892e-17,True
random_bp,expectation_value,same_entangling_gate_count,bcw_6q_random_bp,hea,RX_RY_RZ_CNOT,none,circular,cnot,hamiltonian_local,6,2,2,10,12,6,35,2,1,1,RX,0,21,layer_001_wire_001_RX,1.734723475976807e-18,1.734723475976807e-18,True
random_bp,expectation_value,same_entangling_gate_count,bcw_6q_random_bp,hea,RX_RY_RZ_CNOT,none,circular,cnot,hamiltonian_local,6,2,2,10,12,6,35,2,1,1,RY,1,22,layer_001_wire_001_RY,0.0,0.0,True
random_bp,expectation_value,same_entangling_gate_count,bcw_6q_random_bp,hea,RX_RY_RZ_CNOT,none,circular,cnot,hamiltonian_local,6,2,2,10,12,6,35,2,1,1,RZ,2,23,layer_001_wire_001_RZ,2.5185027995098507e-17,2.5185027995098507e-17,True
random_bp,expectation_value,same_entangling_gate_count,bcw_6q_random_bp,hea,RX_RY_RZ_CNOT,none,circular,cnot,hamiltonian_local,6,2,2,10,12,6,35,2,1,2,RX,0,24,layer_001_wire_002_RX,0.030812028357446127,0.030812028357446127,False
random_bp,expectation_value,same_entangling_gate_count,bcw_6q_random_bp,hea,RX_RY_RZ_CNOT,none,circular,cnot,hamiltonian_local,6,2,2,10,12,6,35,2,1,2,RY,1,25,layer_001_wire_002_RY,-0.04557454210209662,0.04557454210209662,False
random_bp,expectation_value,same_entangling_gate_count,bcw_6q_random_bp,hea,RX_RY_RZ_CNOT,none,circular,cnot,hamiltonian_local,6,2,2,10,12,6,35,2,1,2,RZ,2,26,layer_001_wire_002_RZ,2.9215522848445144e-18,2.9215522848445144e-18,True
random_bp,expectation_value,same_entangling_gate_count,bcw_6q_random_bp,hea,RX_RY_RZ_CNOT,none,circular,cnot,hamiltonian_local,6,2,2,10,12,6,35,2,1,3,RX,0,27,layer_001_wire_003_RX,0.02630412742009234,0.02630412742009234,False
random_bp,expectation_value,same_entangling_gate_count,bcw_6q_random_bp,hea,RX_RY_RZ_CNOT,none,circular,cnot,hamiltonian_local,6,2,2,10,12,6,35,2,1,3,RY,1,28,layer_001_wire_003_RY,-0.19905483066994906,0.19905483066994906,False
random_bp,expectation_value,same_entangling_gate_count,bcw_6q_random_bp,hea,RX_RY_RZ_CNOT,none,circular,cnot,hamiltonian_local,6,2,2,10,12,6,35,2,1,3,RZ,2,29,layer_001_wire_003_RZ,-1.5352286036327327e-18,1.5352286036327327e-18,True
random_bp,expectation_value,same_entangling_gate_count,bcw_6q_random_bp,hea,RX_RY_RZ_CNOT,none,circular,cnot,hamiltonian_local,6,2,2,10,12,6,35,2,1,4,RX,0,30,layer_001_wire_004_RX,0.007252471546332143,0.007252471546332143,False
random_bp,expectation_value,same_entangling_gate_count,bcw_6q_random_bp,hea,RX_RY_RZ_CNOT,none,circular,cnot,hamiltonian_local,6,2,2,10,12,6,35,2,1,4,RY,1,31,layer_001_wire_004_RY,0.13123976241618515,0.13123976241618515,False
random_bp,expectation_value,same_entangling_gate_count,bcw_6q_random_bp,hea,RX_RY_RZ_CNOT,none,circular,cnot,hamiltonian_local,6,2,2,10,12,6,35,2,1,4,RZ,2,32,layer_001_wire_004_RZ,1.1821717579887966e-17,1.1821717579887966e-17,True
random_bp,expectation_value,same_entangling_gate_count,bcw_6q_random_bp,hea,RX_RY_RZ_CNOT,none,circular,cnot,hamiltonian_local,6,2,2,10,12,6,35,2,1,5,RX,0,33,layer_001_wire_005_RX,0.004312345484402347,0.004312345484402347,False
random_bp,expectation_value,same_entangling_gate_count,bcw_6q_random_bp,hea,RX_RY_RZ_CNOT,none,circular,cnot,hamiltonian_local,6,2,2,10,12,6,35,2,1,5,RY,1,34,layer_001_wire_005_RY,-0.011524905692414149,0.011524905692414149,False
random_bp,expectation_value,same_entangling_gate_count,bcw_6q_random_bp,hea,RX_RY_RZ_CNOT,none,circular,cnot,hamiltonian_local,6,2,2,10,12,6,35,2,1,5,RZ,2,35,layer_001_wire_005_RZ,-4.251229991213754e-18,4.251229991213754e-18,True
random_bp,expectation_value,same_entangling_gate_count,bcw_6q_random_bp,hea,RX_RY_RZ_CNOT,none,linear,cnot,local,6,4,4,20,20,5,36,0,0,0,RX,0,0,layer_000_wire_000_RX,-0.024874532507856782,0.024874532507856782,False
random_bp,expectation_value,same_entangling_gate_count,bcw_6q_random_bp,hea,RX_RY_RZ_CNOT,none,linear,cnot,local,6,4,4,20,20,5,36,0,0,0,RY,1,1,layer_000_wire_000_RY,0.0032627078432497236,0.0032627078432497236,False
random_bp,expectation_value,same_entangling_gate_count,bcw_6q_random_bp,hea,RX_RY_RZ_CNOT,none,linear,cnot,local,6,4,4,20,20,5,36,0,0,0,RZ,2,2,layer_000_wire_000_RZ,-0.024212065813502912,0.024212065813502912,False
random_bp,expectation_value,same_entangling_gate_count,bcw_6q_random_bp,hea,RX_RY_RZ_CNOT,none,linear,cnot,local,6,4,4,20,20,5,36,0,0,1,RX,0,3,layer_000_wire_001_RX,-0.021151971900807046,0.021151971900807046,False
random_bp,expectation_value,same_entangling_gate_count,bcw_6q_random_bp,hea,RX_RY_RZ_CNOT,none,linear,cnot,local,6,4,4,20,20,5,36,0,0,1,RY,1,4,layer_000_wire_001_RY,-0.07297066895923576,0.07297066895923576,False
random_bp,expectation_value,same_entangling_gate_count,bcw_6q_random_bp,hea,RX_RY_RZ_CNOT,none,linear,cnot,local,6,4,4,20,20,5,36,0,0,1,RZ,2,5,layer_000_wire_001_RZ,0.02244678039652337,0.02244678039652337,False
random_bp,expectation_value,same_entangling_gate_count,bcw_6q_random_bp,hea,RX_RY_RZ_CNOT,none,linear,cnot,local,6,4,4,20,20,5,36,0,0,2,RX,0,6,layer_000_wire_002_RX,-0.0769748425789458,0.0769748425789458,False
random_bp,expectation_value,same_entangling_gate_count,bcw_6q_random_bp,hea,RX_RY_RZ_CNOT,none,linear,cnot,local,6,4,4,20,20,5,36,0,0,2,RY,1,7,layer_000_wire_002_RY,0.07790979814917275,0.07790979814917275,False
random_bp,expectation_value,same_entangling_gate_count,bcw_6q_random_bp,hea,RX_RY_RZ_CNOT,none,linear,cnot,local,6,4,4,20,20,5,36,0,0,2,RZ,2,8,layer_000_wire_002_RZ,0.08426695690159514,0.08426695690159514,False
random_bp,expectation_value,same_entangling_gate_count,bcw_6q_random_bp,hea,RX_RY_RZ_CNOT,none,linear,cnot,local,6,4,4,20,20,5,36,0,0,3,RX,0,9,layer_000_wire_003_RX,-0.03745220593784983,0.03745220593784983,False
random_bp,expectation_value,same_entangling_gate_count,bcw_6q_random_bp,hea,RX_RY_RZ_CNOT,none,linear,cnot,local,6,4,4,20,20,5,36,0,0,3,RY,1,10,layer_000_wire_003_RY,0.0375998143691164,0.0375998143691164,False
random_bp,expectation_value,same_entangling_gate_count,bcw_6q_random_bp,hea,RX_RY_RZ_CNOT,none,linear,cnot,local,6,4,4,20,20,5,36,0,0,3,RZ,2,11,layer_000_wire_003_RZ,0.04082544719310187,0.04082544719310187,False
random_bp,expectation_value,same_entangling_gate_count,bcw_6q_random_bp,hea,RX_RY_RZ_CNOT,none,linear,cnot,local,6,4,4,20,20,5,36,0,0,4,RX,0,12,layer_000_wire_004_RX,0.03739200118395046,0.03739200118395046,False
random_bp,expectation_value,same_entangling_gate_count,bcw_6q_random_bp,hea,RX_RY_RZ_CNOT,none,linear,cnot,local,6,4,4,20,20,5,36,0,0,4,RY,1,13,layer_000_wire_004_RY,0.0027376744170451743,0.0027376744170451743,False
random_bp,expectation_value,same_entangling_gate_count,bcw_6q_random_bp,hea,RX_RY_RZ_CNOT,none,linear,cnot,local,6,4,4,20,20,5,36,0,0,4,RZ,2,14,layer_000_wire_004_RZ,0.011177685486226177,0.011177685486226177,False
random_bp,expectation_value,same_entangling_gate_count,bcw_6q_random_bp,hea,RX_RY_RZ_CNOT,none,linear,cnot,local,6,4,4,20,20,5,36,0,0,5,RX,0,15,layer_000_wire_005_RX,-0.06758984241852803,0.06758984241852803,False
random_bp,expectation_value,same_entangling_gate_count,bcw_6q_random_bp,hea,RX_RY_RZ_CNOT,none,linear,cnot,local,6,4,4,20,20,5,36,0,0,5,RY,1,16,layer_000_wire_005_RY,0.01741887751728061,0.01741887751728061,False
random_bp,expectation_value,same_entangling_gate_count,bcw_6q_random_bp,hea,RX_RY_RZ_CNOT,none,linear,cnot,local,6,4,4,20,20,5,36,0,0,5,RZ,2,17,layer_000_wire_005_RZ,0.028665891410428607,0.028665891410428607,False
random_bp,expectation_value,same_entangling_gate_count,bcw_6q_random_bp,hea,RX_RY_RZ_CNOT,none,linear,cnot,local,6,4,4,20,20,5,36,0,1,0,RX,0,18,layer_001_wire_000_RX,-0.0023135078892688454,0.0023135078892688454,False
random_bp,expectation_value,same_entangling_gate_count,bcw_6q_random_bp,hea,RX_RY_RZ_CNOT,none,linear,cnot,local,6,4,4,20,20,5,36,0,1,0,RY,1,19,layer_001_wire_000_RY,-0.00941088845085153,0.00941088845085153,False
random_bp,expectation_value,same_entangling_gate_count,bcw_6q_random_bp,hea,RX_RY_RZ_CNOT,none,linear,cnot,local,6,4,4,20,20,5,36,0,1,0,RZ,2,20,layer_001_wire_000_RZ,-0.04498451782148305,0.04498451782148305,False
random_bp,expectation_value,same_entangling_gate_count,bcw_6q_random_bp,hea,RX_RY_RZ_CNOT,none,linear,cnot,local,6,4,4,20,20,5,36,0,1,1,RX,0,21,layer_001_wire_001_RX,0.058361064005279364,0.058361064005279364,False
random_bp,expectation_value,same_entangling_gate_count,bcw_6q_random_bp,hea,RX_RY_RZ_CNOT,none,linear,cnot,local,6,4,4,20,20,5,36,0,1,1,RY,1,22,layer_001_wire_001_RY,-0.04204528095784715,0.04204528095784715,False
random_bp,expectation_value,same_entangling_gate_count,bcw_6q_random_bp,hea,RX_RY_RZ_CNOT,none,linear,cnot,local,6,4,4,20,20,5,36,0,1,1,RZ,2,23,layer_001_wire_001_RZ,-0.04759289458784226,0.04759289458784226,False
random_bp,expectation_value,same_entangling_gate_count,bcw_6q_random_bp,hea,RX_RY_RZ_CNOT,none,linear,cnot,local,6,4,4,20,20,5,36,0,1,2,RX,0,24,layer_001_wire_002_RX,0.036105214496374216,0.036105214496374216,False
random_bp,expectation_value,same_entangling_gate_count,bcw_6q_random_bp,hea,RX_RY_RZ_CNOT,none,linear,cnot,local,6,4,4,20,20,5,36,0,1,2,RY,1,25,layer_001_wire_002_RY,-0.025257831153038028,0.025257831153038028,False
random_bp,expectation_value,same_entangling_gate_count,bcw_6q_random_bp,hea,RX_RY_RZ_CNOT,none,linear,cnot,local,6,4,4,20,20,5,36,0,1,2,RZ,2,26,layer_001_wire_002_RZ,-0.017858914454043105,0.017858914454043105,False
random_bp,expectation_value,same_entangling_gate_count,bcw_6q_random_bp,hea,RX_RY_RZ_CNOT,none,linear,cnot,local,6,4,4,20,20,5,36,0,1,3,RX,0,27,layer_001_wire_003_RX,-0.0029083216863794985,0.0029083216863794985,False
random_bp,expectation_value,same_entangling_gate_count,bcw_6q_random_bp,hea,RX_RY_RZ_CNOT,none,linear,cnot,local,6,4,4,20,20,5,36,0,1,3,RY,1,28,layer_001_wire_003_RY,-0.017045614400191818,0.017045614400191818,False
random_bp,expectation_value,same_entangling_gate_count,bcw_6q_random_bp,hea,RX_RY_RZ_CNOT,none,linear,cnot,local,6,4,4,20,20,5,36,0,1,3,RZ,2,29,layer_001_wire_003_RZ,0.005959997864638992,0.005959997864638992,False
random_bp,expectation_value,same_entangling_gate_count,bcw_6q_random_bp,hea,RX_RY_RZ_CNOT,none,linear,cnot,local,6,4,4,20,20,5,36,0,1,4,RX,0,30,layer_001_wire_004_RX,0.05226738776492276,0.05226738776492276,False
random_bp,expectation_value,same_entangling_gate_count,bcw_6q_random_bp,hea,RX_RY_RZ_CNOT,none,linear,cnot,local,6,4,4,20,20,5,36,0,1,4,RY,1,31,layer_001_wire_004_RY,-0.004271817678907653,0.004271817678907653,False
random_bp,expectation_value,same_entangling_gate_count,bcw_6q_random_bp,hea,RX_RY_RZ_CNOT,none,linear,cnot,local,6,4,4,20,20,5,36,0,1,4,RZ,2,32,layer_001_wire_004_RZ,0.03719919006567714,0.03719919006567714,False
random_bp,expectation_value,same_entangling_gate_count,bcw_6q_random_bp,hea,RX_RY_RZ_CNOT,none,linear,cnot,local,6,4,4,20,20,5,36,0,1,5,RX,0,33,layer_001_wire_005_RX,0.0634235264976937,0.0634235264976937,False
random_bp,expectation_value,same_entangling_gate_count,bcw_6q_random_bp,hea,RX_RY_RZ_CNOT,none,linear,cnot,local,6,4,4,20,20,5,36,0,1,5,RY,1,34,layer_001_wire_005_RY,-0.011482792321617977,0.011482792321617977,False
random_bp,expectation_value,same_entangling_gate_count,bcw_6q_random_bp,hea,RX_RY_RZ_CNOT,none,linear,cnot,local,6,4,4,20,20,5,36,0,1,5,RZ,2,35,layer_001_wire_005_RZ,0.017490760267083516,0.017490760267083516,False
random_bp,expectation_value,same_entangling_gate_count,bcw_6q_random_bp,hea,RX_RY_RZ_CNOT,none,linear,cnot,local,6,4,4,20,20,5,36,0,2,0,RX,0,36,layer_002_wire_000_RX,-0.06900035716290272,0.06900035716290272,False
random_bp,expectation_value,same_entangling_gate_count,bcw_6q_random_bp,hea,RX_RY_RZ_CNOT,none,linear,cnot,local,6,4,4,20,20,5,36,0,2,0,RY,1,37,layer_002_wire_000_RY,0.006204782630092855,0.006204782630092855,False
random_bp,expectation_value,same_entangling_gate_count,bcw_6q_random_bp,hea,RX_RY_RZ_CNOT,none,linear,cnot,local,6,4,4,20,20,5,36,0,2,0,RZ,2,38,layer_002_wire_000_RZ,0.0792848982317801,0.0792848982317801,False
random_bp,expectation_value,same_entangling_gate_count,bcw_6q_random_bp,hea,RX_RY_RZ_CNOT,none,linear,cnot,local,6,4,4,20,20,5,36,0,2,1,RX,0,39,layer_002_wire_001_RX,-0.14859477226233817,0.14859477226233817,False
random_bp,expectation_value,same_entangling_gate_count,bcw_6q_random_bp,hea,RX_RY_RZ_CNOT,none,linear,cnot,local,6,4,4,20,20,5,36,0,2,1,RY,1,40,layer_002_wire_001_RY,0.06646015946894293,0.06646015946894293,False
random_bp,expectation_value,same_entangling_gate_count,bcw_6q_random_bp,hea,RX_RY_RZ_CNOT,none,linear,cnot,local,6,4,4,20,20,5,36,0,2,1,RZ,2,41,layer_002_wire_001_RZ,0.014839186113707235,0.014839186113707235,False
random_bp,expectation_value,same_entangling_gate_count,bcw_6q_random_bp,hea,RX_RY_RZ_CNOT,none,linear,cnot,local,6,4,4,20,20,5,36,0,2,2,RX,0,42,layer_002_wire_002_RX,-0.029123228028884313,0.029123228028884313,False
random_bp,expectation_value,same_entangling_gate_count,bcw_6q_random_bp,hea,RX_RY_RZ_CNOT,none,linear,cnot,local,6,4,4,20,20,5,36,0,2,2,RY,1,43,layer_002_wire_002_RY,0.04128657356169871,0.04128657356169871,False
random_bp,expectation_value,same_entangling_gate_count,bcw_6q_random_bp,hea,RX_RY_RZ_CNOT,none,linear,cnot,local,6,4,4,20,20,5,36,0,2,2,RZ,2,44,layer_002_wire_002_RZ,-0.030466784161153244,0.030466784161153244,False
random_bp,expectation_value,same_entangling_gate_count,bcw_6q_random_bp,hea,RX_RY_RZ_CNOT,none,linear,cnot,local,6,4,4,20,20,5,36,0,2,3,RX,0,45,layer_002_wire_003_RX,-0.00653523957528563,0.00653523957528563,False
random_bp,expectation_value,same_entangling_gate_count,bcw_6q_random_bp,hea,RX_RY_RZ_CNOT,none,linear,cnot,local,6,4,4,20,20,5,36,0,2,3,RY,1,46,layer_002_wire_003_RY,-0.0015355747573828349,0.0015355747573828349,False
random_bp,expectation_value,same_entangling_gate_count,bcw_6q_random_bp,hea,RX_RY_RZ_CNOT,none,linear,cnot,local,6,4,4,20,20,5,36,0,2,3,RZ,2,47,layer_002_wire_003_RZ,-0.004522121274402175,0.004522121274402175,False
random_bp,expectation_value,same_entangling_gate_count,bcw_6q_random_bp,hea,RX_RY_RZ_CNOT,none,linear,cnot,local,6,4,4,20,20,5,36,0,2,4,RX,0,48,layer_002_wire_004_RX,-0.006590166019088583,0.006590166019088583,False
random_bp,expectation_value,same_entangling_gate_count,bcw_6q_random_bp,hea,RX_RY_RZ_CNOT,none,linear,cnot,local,6,4,4,20,20,5,36,0,2,4,RY,1,49,layer_002_wire_004_RY,0.037253195873182356,0.037253195873182356,False
random_bp,expectation_value,same_entangling_gate_count,bcw_6q_random_bp,hea,RX_RY_RZ_CNOT,none,linear,cnot,local,6,4,4,20,20,5,36,0,2,4,RZ,2,50,layer_002_wire_004_RZ,0.010888749456865358,0.010888749456865358,False
random_bp,expectation_value,same_entangling_gate_count,bcw_6q_random_bp,hea,RX_RY_RZ_CNOT,none,linear,cnot,local,6,4,4,20,20,5,36,0,2,5,RX,0,51,layer_002_wire_005_RX,0.014106405384175576,0.014106405384175576,False
random_bp,expectation_value,same_entangling_gate_count,bcw_6q_random_bp,hea,RX_RY_RZ_CNOT,none,linear,cnot,local,6,4,4,20,20,5,36,0,2,5,RY,1,52,layer_002_wire_005_RY,0.0278506217119396,0.0278506217119396,False
random_bp,expectation_value,same_entangling_gate_count,bcw_6q_random_bp,hea,RX_RY_RZ_CNOT,none,linear,cnot,local,6,4,4,20,20,5,36,0,2,5,RZ,2,53,layer_002_wire_005_RZ,-0.007848639690306792,0.007848639690306792,False
random_bp,expectation_value,same_entangling_gate_count,bcw_6q_random_bp,hea,RX_RY_RZ_CNOT,none,linear,cnot,local,6,4,4,20,20,5,36,0,3,0,RX,0,54,layer_003_wire_000_RX,0.01940450918929503,0.01940450918929503,False
random_bp,expectation_value,same_entangling_gate_count,bcw_6q_random_bp,hea,RX_RY_RZ_CNOT,none,linear,cnot,local,6,4,4,20,20,5,36,0,3,0,RY,1,55,layer_003_wire_000_RY,0.07638992721468355,0.07638992721468355,False
random_bp,expectation_value,same_entangling_gate_count,bcw_6q_random_bp,hea,RX_RY_RZ_CNOT,none,linear,cnot,local,6,4,4,20,20,5,36,0,3,0,RZ,2,56,layer_003_wire_000_RZ,3.801895454747006e-18,3.801895454747006e-18,True
random_bp,expectation_value,same_entangling_gate_count,bcw_6q_random_bp,hea,RX_RY_RZ_CNOT,none,linear,cnot,local,6,4,4,20,20,5,36,0,3,1,RX,0,57,layer_003_wire_001_RX,0.0008045693217726968,0.0008045693217726968,False
random_bp,expectation_value,same_entangling_gate_count,bcw_6q_random_bp,hea,RX_RY_RZ_CNOT,none,linear,cnot,local,6,4,4,20,20,5,36,0,3,1,RY,1,58,layer_003_wire_001_RY,-0.017541586052521208,0.017541586052521208,False
random_bp,expectation_value,same_entangling_gate_count,bcw_6q_random_bp,hea,RX_RY_RZ_CNOT,none,linear,cnot,local,6,4,4,20,20,5,36,0,3,1,RZ,2,59,layer_003_wire_001_RZ,-2.0255647963286786e-18,2.0255647963286786e-18,True
random_bp,expectation_value,same_entangling_gate_count,bcw_6q_random_bp,hea,RX_RY_RZ_CNOT,none,linear,cnot,local,6,4,4,20,20,5,36,0,3,2,RX,0,60,layer_003_wire_002_RX,-0.002780412343053096,0.002780412343053096,False
random_bp,expectation_value,same_entangling_gate_count,bcw_6q_random_bp,hea,RX_RY_RZ_CNOT,none,linear,cnot,local,6,4,4,20,20,5,36,0,3,2,RY,1,61,layer_003_wire_002_RY,-0.04095297614544528,0.04095297614544528,False
random_bp,expectation_value,same_entangling_gate_count,bcw_6q_random_bp,hea,RX_RY_RZ_CNOT,none,linear,cnot,local,6,4,4,20,20,5,36,0,3,2,RZ,2,62,layer_003_wire_002_RZ,-1.2419935263336066e-17,1.2419935263336066e-17,True
random_bp,expectation_value,same_entangling_gate_count,bcw_6q_random_bp,hea,RX_RY_RZ_CNOT,none,linear,cnot,local,6,4,4,20,20,5,36,0,3,3,RX,0,63,layer_003_wire_003_RX,-0.006394016757578502,0.006394016757578502,False
random_bp,expectation_value,same_entangling_gate_count,bcw_6q_random_bp,hea,RX_RY_RZ_CNOT,none,linear,cnot,local,6,4,4,20,20,5,36,0,3,3,RY,1,64,layer_003_wire_003_RY,0.015966976314824202,0.015966976314824202,False
random_bp,expectation_value,same_entangling_gate_count,bcw_6q_random_bp,hea,RX_RY_RZ_CNOT,none,linear,cnot,local,6,4,4,20,20,5,36,0,3,3,RZ,2,65,layer_003_wire_003_RZ,1.54076279292728e-17,1.54076279292728e-17,True
random_bp,expectation_value,same_entangling_gate_count,bcw_6q_random_bp,hea,RX_RY_RZ_CNOT,none,linear,cnot,local,6,4,4,20,20,5,36,0,3,4,RX,0,66,layer_003_wire_004_RX,0.04597093850038282,0.04597093850038282,False
random_bp,expectation_value,same_entangling_gate_count,bcw_6q_random_bp,hea,RX_RY_RZ_CNOT,none,linear,cnot,local,6,4,4,20,20,5,36,0,3,4,RY,1,67,layer_003_wire_004_RY,0.020173715093167857,0.020173715093167857,False
random_bp,expectation_value,same_entangling_gate_count,bcw_6q_random_bp,hea,RX_RY_RZ_CNOT,none,linear,cnot,local,6,4,4,20,20,5,36,0,3,4,RZ,2,68,layer_003_wire_004_RZ,8.327101652241401e-18,8.327101652241401e-18,True
random_bp,expectation_value,same_entangling_gate_count,bcw_6q_random_bp,hea,RX_RY_RZ_CNOT,none,linear,cnot,local,6,4,4,20,20,5,36,0,3,5,RX,0,69,layer_003_wire_005_RX,0.021273935838338923,0.021273935838338923,False
random_bp,expectation_value,same_entangling_gate_count,bcw_6q_random_bp,hea,RX_RY_RZ_CNOT,none,linear,cnot,local,6,4,4,20,20,5,36,0,3,5,RY,1,70,layer_003_wire_005_RY,0.009846153971839487,0.009846153971839487,False
random_bp,expectation_value,same_entangling_gate_count,bcw_6q_random_bp,hea,RX_RY_RZ_CNOT,none,linear,cnot,local,6,4,4,20,20,5,36,0,3,5,RZ,2,71,layer_003_wire_005_RZ,3.2202512331256097e-18,3.2202512331256097e-18,True
random_bp,expectation_value,same_entangling_gate_count,bcw_6q_random_bp,hea,RX_RY_RZ_CNOT,none,linear,cnot,local,6,4,4,20,20,5,37,1,0,0,RX,0,0,layer_000_wire_000_RX,-0.047594608234601064,0.047594608234601064,False
random_bp,expectation_value,same_entangling_gate_count,bcw_6q_random_bp,hea,RX_RY_RZ_CNOT,none,linear,cnot,local,6,4,4,20,20,5,37,1,0,0,RY,1,1,layer_000_wire_000_RY,0.013832318229548689,0.013832318229548689,False
random_bp,expectation_value,same_entangling_gate_count,bcw_6q_random_bp,hea,RX_RY_RZ_CNOT,none,linear,cnot,local,6,4,4,20,20,5,37,1,0,0,RZ,2,2,layer_000_wire_000_RZ,0.01359573393682128,0.01359573393682128,False
random_bp,expectation_value,same_entangling_gate_count,bcw_6q_random_bp,hea,RX_RY_RZ_CNOT,none,linear,cnot,local,6,4,4,20,20,5,37,1,0,1,RX,0,3,layer_000_wire_001_RX,0.10649620193777656,0.10649620193777656,False
random_bp,expectation_value,same_entangling_gate_count,bcw_6q_random_bp,hea,RX_RY_RZ_CNOT,none,linear,cnot,local,6,4,4,20,20,5,37,1,0,1,RY,1,4,layer_000_wire_001_RY,-0.01012931272481473,0.01012931272481473,False
random_bp,expectation_value,same_entangling_gate_count,bcw_6q_random_bp,hea,RX_RY_RZ_CNOT,none,linear,cnot,local,6,4,4,20,20,5,37,1,0,1,RZ,2,5,layer_000_wire_001_RZ,0.09984279228511972,0.09984279228511972,False
random_bp,expectation_value,same_entangling_gate_count,bcw_6q_random_bp,hea,RX_RY_RZ_CNOT,none,linear,cnot,local,6,4,4,20,20,5,37,1,0,2,RX,0,6,layer_000_wire_002_RX,0.07196922266827628,0.07196922266827628,False
random_bp,expectation_value,same_entangling_gate_count,bcw_6q_random_bp,hea,RX_RY_RZ_CNOT,none,linear,cnot,local,6,4,4,20,20,5,37,1,0,2,RY,1,7,layer_000_wire_002_RY,0.006164374110423055,0.006164374110423055,False
random_bp,expectation_value,same_entangling_gate_count,bcw_6q_random_bp,hea,RX_RY_RZ_CNOT,none,linear,cnot,local,6,4,4,20,20,5,37,1,0,2,RZ,2,8,layer_000_wire_002_RZ,0.029099855797039557,0.029099855797039557,False
random_bp,expectation_value,same_entangling_gate_count,bcw_6q_random_bp,hea,RX_RY_RZ_CNOT,none,linear,cnot,local,6,4,4,20,20,5,37,1,0,3,RX,0,9,layer_000_wire_003_RX,0.038524719655860795,0.038524719655860795,False
random_bp,expectation_value,same_entangling_gate_count,bcw_6q_random_bp,hea,RX_RY_RZ_CNOT,none,linear,cnot,local,6,4,4,20,20,5,37,1,0,3,RY,1,10,layer_000_wire_003_RY,0.016938863065548485,0.016938863065548485,False
random_bp,expectation_value,same_entangling_gate_count,bcw_6q_random_bp,hea,RX_RY_RZ_CNOT,none,linear,cnot,local,6,4,4,20,20,5,37,1,0,3,RZ,2,11,layer_000_wire_003_RZ,-0.03858072848097899,0.03858072848097899,False
random_bp,expectation_value,same_entangling_gate_count,bcw_6q_random_bp,hea,RX_RY_RZ_CNOT,none,linear,cnot,local,6,4,4,20,20,5,37,1,0,4,RX,0,12,layer_000_wire_004_RX,-0.06481544343440304,0.06481544343440304,False
random_bp,expectation_value,same_entangling_gate_count,bcw_6q_random_bp,hea,RX_RY_RZ_CNOT,none,linear,cnot,local,6,4,4,20,20,5,37,1,0,4,RY,1,13,layer_000_wire_004_RY,-0.04339899289801855,0.04339899289801855,False
random_bp,expectation_value,same_entangling_gate_count,bcw_6q_random_bp,hea,RX_RY_RZ_CNOT,none,linear,cnot,local,6,4,4,20,20,5,37,1,0,4,RZ,2,14,layer_000_wire_004_RZ,0.04398326200419897,0.04398326200419897,False
random_bp,expectation_value,same_entangling_gate_count,bcw_6q_random_bp,hea,RX_RY_RZ_CNOT,none,linear,cnot,local,6,4,4,20,20,5,37,1,0,5,RX,0,15,layer_000_wire_005_RX,-0.062167295743743446,0.062167295743743446,False
random_bp,expectation_value,same_entangling_gate_count,bcw_6q_random_bp,hea,RX_RY_RZ_CNOT,none,linear,cnot,local,6,4,4,20,20,5,37,1,0,5,RY,1,16,layer_000_wire_005_RY,-0.03887235699349813,0.03887235699349813,False
random_bp,expectation_value,same_entangling_gate_count,bcw_6q_random_bp,hea,RX_RY_RZ_CNOT,none,linear,cnot,local,6,4,4,20,20,5,37,1,0,5,RZ,2,17,layer_000_wire_005_RZ,-0.054168991567666754,0.054168991567666754,False
random_bp,expectation_value,same_entangling_gate_count,bcw_6q_random_bp,hea,RX_RY_RZ_CNOT,none,linear,cnot,local,6,4,4,20,20,5,37,1,1,0,RX,0,18,layer_001_wire_000_RX,0.010934153546169924,0.010934153546169924,False
random_bp,expectation_value,same_entangling_gate_count,bcw_6q_random_bp,hea,RX_RY_RZ_CNOT,none,linear,cnot,local,6,4,4,20,20,5,37,1,1,0,RY,1,19,layer_001_wire_000_RY,0.015883812808568338,0.015883812808568338,False
random_bp,expectation_value,same_entangling_gate_count,bcw_6q_random_bp,hea,RX_RY_RZ_CNOT,none,linear,cnot,local,6,4,4,20,20,5,37,1,1,0,RZ,2,20,layer_001_wire_000_RZ,0.011334051945169732,0.011334051945169732,False
random_bp,expectation_value,same_entangling_gate_count,bcw_6q_random_bp,hea,RX_RY_RZ_CNOT,none,linear,cnot,local,6,4,4,20,20,5,37,1,1,1,RX,0,21,layer_001_wire_001_RX,0.049295750230298405,0.049295750230298405,False
random_bp,expectation_value,same_entangling_gate_count,bcw_6q_random_bp,hea,RX_RY_RZ_CNOT,none,linear,cnot,local,6,4,4,20,20,5,37,1,1,1,RY,1,22,layer_001_wire_001_RY,-0.09068478335995682,0.09068478335995682,False
random_bp,expectation_value,same_entangling_gate_count,bcw_6q_random_bp,hea,RX_RY_RZ_CNOT,none,linear,cnot,local,6,4,4,20,20,5,37,1,1,1,RZ,2,23,layer_001_wire_001_RZ,-0.07418318289453904,0.07418318289453904,False
random_bp,expectation_value,same_entangling_gate_count,bcw_6q_random_bp,hea,RX_RY_RZ_CNOT,none,linear,cnot,local,6,4,4,20,20,5,37,1,1,2,RX,0,24,layer_001_wire_002_RX,-0.06635209625439226,0.06635209625439226,False
random_bp,expectation_value,same_entangling_gate_count,bcw_6q_random_bp,hea,RX_RY_RZ_CNOT,none,linear,cnot,local,6,4,4,20,20,5,37,1,1,2,RY,1,25,layer_001_wire_002_RY,0.06119433574745346,0.06119433574745346,False
random_bp,expectation_value,same_entangling_gate_count,bcw_6q_random_bp,hea,RX_RY_RZ_CNOT,none,linear,cnot,local,6,4,4,20,20,5,37,1,1,2,RZ,2,26,layer_001_wire_002_RZ,0.05748086954398096,0.05748086954398096,False
random_bp,expectation_value,same_entangling_gate_count,bcw_6q_random_bp,hea,RX_RY_RZ_CNOT,none,linear,cnot,local,6,4,4,20,20,5,37,1,1,3,RX,0,27,layer_001_wire_003_RX,0.008720975460592566,0.008720975460592566,False
random_bp,expectation_value,same_entangling_gate_count,bcw_6q_random_bp,hea,RX_RY_RZ_CNOT,none,linear,cnot,local,6,4,4,20,20,5,37,1,1,3,RY,1,28,layer_001_wire_003_RY,0.03645065016498693,0.03645065016498693,False
random_bp,expectation_value,same_entangling_gate_count,bcw_6q_random_bp,hea,RX_RY_RZ_CNOT,none,linear,cnot,local,6,4,4,20,20,5,37,1,1,3,RZ,2,29,layer_001_wire_003_RZ,0.06078143639269391,0.06078143639269391,False
random_bp,expectation_value,same_entangling_gate_count,bcw_6q_random_bp,hea,RX_RY_RZ_CNOT,none,linear,cnot,local,6,4,4,20,20,5,37,1,1,4,RX,0,30,layer_001_wire_004_RX,0.020784014209222716,0.020784014209222716,False
random_bp,expectation_value,same_entangling_gate_count,bcw_6q_random_bp,hea,RX_RY_RZ_CNOT,none,linear,cnot,local,6,4,4,20,20,5,37,1,1,4,RY,1,31,layer_001_wire_004_RY,0.040891391876623356,0.040891391876623356,False
random_bp,expectation_value,same_entangling_gate_count,bcw_6q_random_bp,hea,RX_RY_RZ_CNOT,none,linear,cnot,local,6,4,4,20,20,5,37,1,1,4,RZ,2,32,layer_001_wire_004_RZ,0.0295161936549695,0.0295161936549695,False
random_bp,expectation_value,same_entangling_gate_count,bcw_6q_random_bp,hea,RX_RY_RZ_CNOT,none,linear,cnot,local,6,4,4,20,20,5,37,1,1,5,RX,0,33,layer_001_wire_005_RX,0.004570403801499333,0.004570403801499333,False
random_bp,expectation_value,same_entangling_gate_count,bcw_6q_random_bp,hea,RX_RY_RZ_CNOT,none,linear,cnot,local,6,4,4,20,20,5,37,1,1,5,RY,1,34,layer_001_wire_005_RY,-0.03247471603839387,0.03247471603839387,False
random_bp,expectation_value,same_entangling_gate_count,bcw_6q_random_bp,hea,RX_RY_RZ_CNOT,none,linear,cnot,local,6,4,4,20,20,5,37,1,1,5,RZ,2,35,layer_001_wire_005_RZ,0.012817371180668488,0.012817371180668488,False
random_bp,expectation_value,same_entangling_gate_count,bcw_6q_random_bp,hea,RX_RY_RZ_CNOT,none,linear,cnot,local,6,4,4,20,20,5,37,1,2,0,RX,0,36,layer_002_wire_000_RX,-0.05531909359422498,0.05531909359422498,False
random_bp,expectation_value,same_entangling_gate_count,bcw_6q_random_bp,hea,RX_RY_RZ_CNOT,none,linear,cnot,local,6,4,4,20,20,5,37,1,2,0,RY,1,37,layer_002_wire_000_RY,-0.020518420040040796,0.020518420040040796,False
random_bp,expectation_value,same_entangling_gate_count,bcw_6q_random_bp,hea,RX_RY_RZ_CNOT,none,linear,cnot,local,6,4,4,20,20,5,37,1,2,0,RZ,2,38,layer_002_wire_000_RZ,-0.006750628602891519,0.006750628602891519,False
random_bp,expectation_value,same_entangling_gate_count,bcw_6q_random_bp,hea,RX_RY_RZ_CNOT,none,linear,cnot,local,6,4,4,20,20,5,37,1,2,1,RX,0,39,layer_002_wire_001_RX,-0.03185054497256501,0.03185054497256501,False
random_bp,expectation_value,same_entangling_gate_count,bcw_6q_random_bp,hea,RX_RY_RZ_CNOT,none,linear,cnot,local,6,4,4,20,20,5,37,1,2,1,RY,1,40,layer_002_wire_001_RY,0.02349064986166624,0.02349064986166624,False
random_bp,expectation_value,same_entangling_gate_count,bcw_6q_random_bp,hea,RX_RY_RZ_CNOT,none,linear,cnot,local,6,4,4,20,20,5,37,1,2,1,RZ,2,41,layer_002_wire_001_RZ,0.05916400265592023,0.05916400265592023,False
random_bp,expectation_value,same_entangling_gate_count,bcw_6q_random_bp,hea,RX_RY_RZ_CNOT,none,linear,cnot,local,6,4,4,20,20,5,37,1,2,2,RX,0,42,layer_002_wire_002_RX,0.03446115199838411,0.03446115199838411,False
random_bp,expectation_value,same_entangling_gate_count,bcw_6q_random_bp,hea,RX_RY_RZ_CNOT,none,linear,cnot,local,6,4,4,20,20,5,37,1,2,2,RY,1,43,layer_002_wire_002_RY,0.04499746394250507,0.04499746394250507,False
random_bp,expectation_value,same_entangling_gate_count,bcw_6q_random_bp,hea,RX_RY_RZ_CNOT,none,linear,cnot,local,6,4,4,20,20,5,37,1,2,2,RZ,2,44,layer_002_wire_002_RZ,0.03308875362764606,0.03308875362764606,False
random_bp,expectation_value,same_entangling_gate_count,bcw_6q_random_bp,hea,RX_RY_RZ_CNOT,none,linear,cnot,local,6,4,4,20,20,5,37,1,2,3,RX,0,45,layer_002_wire_003_RX,0.029401157391974755,0.029401157391974755,False
random_bp,expectation_value,same_entangling_gate_count,bcw_6q_random_bp,hea,RX_RY_RZ_CNOT,none,linear,cnot,local,6,4,4,20,20,5,37,1,2,3,RY,1,46,layer_002_wire_003_RY,0.0015093874278189286,0.0015093874278189286,False
random_bp,expectation_value,same_entangling_gate_count,bcw_6q_random_bp,hea,RX_RY_RZ_CNOT,none,linear,cnot,local,6,4,4,20,20,5,37,1,2,3,RZ,2,47,layer_002_wire_003_RZ,-0.007793949362715807,0.007793949362715807,False
random_bp,expectation_value,same_entangling_gate_count,bcw_6q_random_bp,hea,RX_RY_RZ_CNOT,none,linear,cnot,local,6,4,4,20,20,5,37,1,2,4,RX,0,48,layer_002_wire_004_RX,0.010993874116469512,0.010993874116469512,False
random_bp,expectation_value,same_entangling_gate_count,bcw_6q_random_bp,hea,RX_RY_RZ_CNOT,none,linear,cnot,local,6,4,4,20,20,5,37,1,2,4,RY,1,49,layer_002_wire_004_RY,0.025028229027593604,0.025028229027593604,False
random_bp,expectation_value,same_entangling_gate_count,bcw_6q_random_bp,hea,RX_RY_RZ_CNOT,none,linear,cnot,local,6,4,4,20,20,5,37,1,2,4,RZ,2,50,layer_002_wire_004_RZ,-0.016431110344678534,0.016431110344678534,False
random_bp,expectation_value,same_entangling_gate_count,bcw_6q_random_bp,hea,RX_RY_RZ_CNOT,none,linear,cnot,local,6,4,4,20,20,5,37,1,2,5,RX,0,51,layer_002_wire_005_RX,0.001331385194014982,0.001331385194014982,False
random_bp,expectation_value,same_entangling_gate_count,bcw_6q_random_bp,hea,RX_RY_RZ_CNOT,none,linear,cnot,local,6,4,4,20,20,5,37,1,2,5,RY,1,52,layer_002_wire_005_RY,0.00027789282212101196,0.00027789282212101196,False
random_bp,expectation_value,same_entangling_gate_count,bcw_6q_random_bp,hea,RX_RY_RZ_CNOT,none,linear,cnot,local,6,4,4,20,20,5,37,1,2,5,RZ,2,53,layer_002_wire_005_RZ,0.004873236870855433,0.004873236870855433,False
random_bp,expectation_value,same_entangling_gate_count,bcw_6q_random_bp,hea,RX_RY_RZ_CNOT,none,linear,cnot,local,6,4,4,20,20,5,37,1,3,0,RX,0,54,layer_003_wire_000_RX,0.0428549981628514,0.0428549981628514,False
random_bp,expectation_value,same_entangling_gate_count,bcw_6q_random_bp,hea,RX_RY_RZ_CNOT,none,linear,cnot,local,6,4,4,20,20,5,37,1,3,0,RY,1,55,layer_003_wire_000_RY,0.0020765639317295408,0.0020765639317295408,False
random_bp,expectation_value,same_entangling_gate_count,bcw_6q_random_bp,hea,RX_RY_RZ_CNOT,none,linear,cnot,local,6,4,4,20,20,5,37,1,3,0,RZ,2,56,layer_003_wire_000_RZ,7.099609990279423e-18,7.099609990279423e-18,True
random_bp,expectation_value,same_entangling_gate_count,bcw_6q_random_bp,hea,RX_RY_RZ_CNOT,none,linear,cnot,local,6,4,4,20,20,5,37,1,3,1,RX,0,57,layer_003_wire_001_RX,-0.015248968911826057,0.015248968911826057,False
random_bp,expectation_value,same_entangling_gate_count,bcw_6q_random_bp,hea,RX_RY_RZ_CNOT,none,linear,cnot,local,6,4,4,20,20,5,37,1,3,1,RY,1,58,layer_003_wire_001_RY,0.03803115174682535,0.03803115174682535,False
random_bp,expectation_value,same_entangling_gate_count,bcw_6q_random_bp,hea,RX_RY_RZ_CNOT,none,linear,cnot,local,6,4,4,20,20,5,37,1,3,1,RZ,2,59,layer_003_wire_001_RZ,1.0848848737653613e-17,1.0848848737653613e-17,True
random_bp,expectation_value,same_entangling_gate_count,bcw_6q_random_bp,hea,RX_RY_RZ_CNOT,none,linear,cnot,local,6,4,4,20,20,5,37,1,3,2,RX,0,60,layer_003_wire_002_RX,-0.1683008460675764,0.1683008460675764,False
random_bp,expectation_value,same_entangling_gate_count,bcw_6q_random_bp,hea,RX_RY_RZ_CNOT,none,linear,cnot,local,6,4,4,20,20,5,37,1,3,2,RY,1,61,layer_003_wire_002_RY,0.015367332409369213,0.015367332409369213,False
random_bp,expectation_value,same_entangling_gate_count,bcw_6q_random_bp,hea,RX_RY_RZ_CNOT,none,linear,cnot,local,6,4,4,20,20,5,37,1,3,2,RZ,2,62,layer_003_wire_002_RZ,1.0330231210706055e-17,1.0330231210706055e-17,True
random_bp,expectation_value,same_entangling_gate_count,bcw_6q_random_bp,hea,RX_RY_RZ_CNOT,none,linear,cnot,local,6,4,4,20,20,5,37,1,3,3,RX,0,63,layer_003_wire_003_RX,0.005194691305507492,0.005194691305507492,False
random_bp,expectation_value,same_entangling_gate_count,bcw_6q_random_bp,hea,RX_RY_RZ_CNOT,none,linear,cnot,local,6,4,4,20,20,5,37,1,3,3,RY,1,64,layer_003_wire_003_RY,0.015368665106603743,0.015368665106603743,False
random_bp,expectation_value,same_entangling_gate_count,bcw_6q_random_bp,hea,RX_RY_RZ_CNOT,none,linear,cnot,local,6,4,4,20,20,5,37,1,3,3,RZ,2,65,layer_003_wire_003_RZ,-3.7289688457554205e-18,3.7289688457554205e-18,True
random_bp,expectation_value,same_entangling_gate_count,bcw_6q_random_bp,hea,RX_RY_RZ_CNOT,none,linear,cnot,local,6,4,4,20,20,5,37,1,3,4,RX,0,66,layer_003_wire_004_RX,-0.019700653399730796,0.019700653399730796,False
random_bp,expectation_value,same_entangling_gate_count,bcw_6q_random_bp,hea,RX_RY_RZ_CNOT,none,linear,cnot,local,6,4,4,20,20,5,37,1,3,4,RY,1,67,layer_003_wire_004_RY,0.017003508087270438,0.017003508087270438,False
random_bp,expectation_value,same_entangling_gate_count,bcw_6q_random_bp,hea,RX_RY_RZ_CNOT,none,linear,cnot,local,6,4,4,20,20,5,37,1,3,4,RZ,2,68,layer_003_wire_004_RZ,1.380119212983445e-18,1.380119212983445e-18,True
random_bp,expectation_value,same_entangling_gate_count,bcw_6q_random_bp,hea,RX_RY_RZ_CNOT,none,linear,cnot,local,6,4,4,20,20,5,37,1,3,5,RX,0,69,layer_003_wire_005_RX,-0.0031616491030417165,0.0031616491030417165,False
random_bp,expectation_value,same_entangling_gate_count,bcw_6q_random_bp,hea,RX_RY_RZ_CNOT,none,linear,cnot,local,6,4,4,20,20,5,37,1,3,5,RY,1,70,layer_003_wire_005_RY,0.019157375825131894,0.019157375825131894,False
random_bp,expectation_value,same_entangling_gate_count,bcw_6q_random_bp,hea,RX_RY_RZ_CNOT,none,linear,cnot,local,6,4,4,20,20,5,37,1,3,5,RZ,2,71,layer_003_wire_005_RZ,5.604796337296298e-18,5.604796337296298e-18,True
random_bp,expectation_value,same_entangling_gate_count,bcw_6q_random_bp,hea,RX_RY_RZ_CNOT,none,linear,cnot,local,6,4,4,20,20,5,38,2,0,0,RX,0,0,layer_000_wire_000_RX,0.024828024443549333,0.024828024443549333,False
random_bp,expectation_value,same_entangling_gate_count,bcw_6q_random_bp,hea,RX_RY_RZ_CNOT,none,linear,cnot,local,6,4,4,20,20,5,38,2,0,0,RY,1,1,layer_000_wire_000_RY,0.003006802369482243,0.003006802369482243,False
random_bp,expectation_value,same_entangling_gate_count,bcw_6q_random_bp,hea,RX_RY_RZ_CNOT,none,linear,cnot,local,6,4,4,20,20,5,38,2,0,0,RZ,2,2,layer_000_wire_000_RZ,0.011343721875270888,0.011343721875270888,False
random_bp,expectation_value,same_entangling_gate_count,bcw_6q_random_bp,hea,RX_RY_RZ_CNOT,none,linear,cnot,local,6,4,4,20,20,5,38,2,0,1,RX,0,3,layer_000_wire_001_RX,-0.14132651745080127,0.14132651745080127,False
random_bp,expectation_value,same_entangling_gate_count,bcw_6q_random_bp,hea,RX_RY_RZ_CNOT,none,linear,cnot,local,6,4,4,20,20,5,38,2,0,1,RY,1,4,layer_000_wire_001_RY,-0.04576066496416373,0.04576066496416373,False
random_bp,expectation_value,same_entangling_gate_count,bcw_6q_random_bp,hea,RX_RY_RZ_CNOT,none,linear,cnot,local,6,4,4,20,20,5,38,2,0,1,RZ,2,5,layer_000_wire_001_RZ,0.059028577224380555,0.059028577224380555,False
random_bp,expectation_value,same_entangling_gate_count,bcw_6q_random_bp,hea,RX_RY_RZ_CNOT,none,linear,cnot,local,6,4,4,20,20,5,38,2,0,2,RX,0,6,layer_000_wire_002_RX,0.049094801665572264,0.049094801665572264,False
random_bp,expectation_value,same_entangling_gate_count,bcw_6q_random_bp,hea,RX_RY_RZ_CNOT,none,linear,cnot,local,6,4,4,20,20,5,38,2,0,2,RY,1,7,layer_000_wire_002_RY,0.009108333766738681,0.009108333766738681,False
random_bp,expectation_value,same_entangling_gate_count,bcw_6q_random_bp,hea,RX_RY_RZ_CNOT,none,linear,cnot,local,6,4,4,20,20,5,38,2,0,2,RZ,2,8,layer_000_wire_002_RZ,-0.004158093031644876,0.004158093031644876,False
random_bp,expectation_value,same_entangling_gate_count,bcw_6q_random_bp,hea,RX_RY_RZ_CNOT,none,linear,cnot,local,6,4,4,20,20,5,38,2,0,3,RX,0,9,layer_000_wire_003_RX,0.045365534345487915,0.045365534345487915,False
random_bp,expectation_value,same_entangling_gate_count,bcw_6q_random_bp,hea,RX_RY_RZ_CNOT,none,linear,cnot,local,6,4,4,20,20,5,38,2,0,3,RY,1,10,layer_000_wire_003_RY,-0.03318759728485866,0.03318759728485866,False
random_bp,expectation_value,same_entangling_gate_count,bcw_6q_random_bp,hea,RX_RY_RZ_CNOT,none,linear,cnot,local,6,4,4,20,20,5,38,2,0,3,RZ,2,11,layer_000_wire_003_RZ,-0.06396194673772014,0.06396194673772014,False
random_bp,expectation_value,same_entangling_gate_count,bcw_6q_random_bp,hea,RX_RY_RZ_CNOT,none,linear,cnot,local,6,4,4,20,20,5,38,2,0,4,RX,0,12,layer_000_wire_004_RX,-0.019780303831115682,0.019780303831115682,False
random_bp,expectation_value,same_entangling_gate_count,bcw_6q_random_bp,hea,RX_RY_RZ_CNOT,none,linear,cnot,local,6,4,4,20,20,5,38,2,0,4,RY,1,13,layer_000_wire_004_RY,-0.05404768770589052,0.05404768770589052,False
random_bp,expectation_value,same_entangling_gate_count,bcw_6q_random_bp,hea,RX_RY_RZ_CNOT,none,linear,cnot,local,6,4,4,20,20,5,38,2,0,4,RZ,2,14,layer_000_wire_004_RZ,0.029116177154652464,0.029116177154652464,False
random_bp,expectation_value,same_entangling_gate_count,bcw_6q_random_bp,hea,RX_RY_RZ_CNOT,none,linear,cnot,local,6,4,4,20,20,5,38,2,0,5,RX,0,15,layer_000_wire_005_RX,-0.02577425197079375,0.02577425197079375,False
random_bp,expectation_value,same_entangling_gate_count,bcw_6q_random_bp,hea,RX_RY_RZ_CNOT,none,linear,cnot,local,6,4,4,20,20,5,38,2,0,5,RY,1,16,layer_000_wire_005_RY,-0.0016717194064821504,0.0016717194064821504,False
random_bp,expectation_value,same_entangling_gate_count,bcw_6q_random_bp,hea,RX_RY_RZ_CNOT,none,linear,cnot,local,6,4,4,20,20,5,38,2,0,5,RZ,2,17,layer_000_wire_005_RZ,0.007051334774203773,0.007051334774203773,False
random_bp,expectation_value,same_entangling_gate_count,bcw_6q_random_bp,hea,RX_RY_RZ_CNOT,none,linear,cnot,local,6,4,4,20,20,5,38,2,1,0,RX,0,18,layer_001_wire_000_RX,-0.030361734718919463,0.030361734718919463,False
random_bp,expectation_value,same_entangling_gate_count,bcw_6q_random_bp,hea,RX_RY_RZ_CNOT,none,linear,cnot,local,6,4,4,20,20,5,38,2,1,0,RY,1,19,layer_001_wire_000_RY,0.00757271189031835,0.00757271189031835,False
random_bp,expectation_value,same_entangling_gate_count,bcw_6q_random_bp,hea,RX_RY_RZ_CNOT,none,linear,cnot,local,6,4,4,20,20,5,38,2,1,0,RZ,2,20,layer_001_wire_000_RZ,-0.031283747758379395,0.031283747758379395,False
random_bp,expectation_value,same_entangling_gate_count,bcw_6q_random_bp,hea,RX_RY_RZ_CNOT,none,linear,cnot,local,6,4,4,20,20,5,38,2,1,1,RX,0,21,layer_001_wire_001_RX,0.01746161877225889,0.01746161877225889,False
random_bp,expectation_value,same_entangling_gate_count,bcw_6q_random_bp,hea,RX_RY_RZ_CNOT,none,linear,cnot,local,6,4,4,20,20,5,38,2,1,1,RY,1,22,layer_001_wire_001_RY,-0.05845554039551615,0.05845554039551615,False
random_bp,expectation_value,same_entangling_gate_count,bcw_6q_random_bp,hea,RX_RY_RZ_CNOT,none,linear,cnot,local,6,4,4,20,20,5,38,2,1,1,RZ,2,23,layer_001_wire_001_RZ,-0.0012857458446695726,0.0012857458446695726,False
random_bp,expectation_value,same_entangling_gate_count,bcw_6q_random_bp,hea,RX_RY_RZ_CNOT,none,linear,cnot,local,6,4,4,20,20,5,38,2,1,2,RX,0,24,layer_001_wire_002_RX,-0.01958392309628683,0.01958392309628683,False
random_bp,expectation_value,same_entangling_gate_count,bcw_6q_random_bp,hea,RX_RY_RZ_CNOT,none,linear,cnot,local,6,4,4,20,20,5,38,2,1,2,RY,1,25,layer_001_wire_002_RY,0.007476325189766474,0.007476325189766474,False
random_bp,expectation_value,same_entangling_gate_count,bcw_6q_random_bp,hea,RX_RY_RZ_CNOT,none,linear,cnot,local,6,4,4,20,20,5,38,2,1,2,RZ,2,26,layer_001_wire_002_RZ,0.08090249993023577,0.08090249993023577,False
random_bp,expectation_value,same_entangling_gate_count,bcw_6q_random_bp,hea,RX_RY_RZ_CNOT,none,linear,cnot,local,6,4,4,20,20,5,38,2,1,3,RX,0,27,layer_001_wire_003_RX,-0.0021868237224710284,0.0021868237224710284,False
random_bp,expectation_value,same_entangling_gate_count,bcw_6q_random_bp,hea,RX_RY_RZ_CNOT,none,linear,cnot,local,6,4,4,20,20,5,38,2,1,3,RY,1,28,layer_001_wire_003_RY,-0.053206195142134066,0.053206195142134066,False
random_bp,expectation_value,same_entangling_gate_count,bcw_6q_random_bp,hea,RX_RY_RZ_CNOT,none,linear,cnot,local,6,4,4,20,20,5,38,2,1,3,RZ,2,29,layer_001_wire_003_RZ,0.024236115478023967,0.024236115478023967,False
random_bp,expectation_value,same_entangling_gate_count,bcw_6q_random_bp,hea,RX_RY_RZ_CNOT,none,linear,cnot,local,6,4,4,20,20,5,38,2,1,4,RX,0,30,layer_001_wire_004_RX,0.013403933621678415,0.013403933621678415,False
random_bp,expectation_value,same_entangling_gate_count,bcw_6q_random_bp,hea,RX_RY_RZ_CNOT,none,linear,cnot,local,6,4,4,20,20,5,38,2,1,4,RY,1,31,layer_001_wire_004_RY,0.032775029332200355,0.032775029332200355,False
random_bp,expectation_value,same_entangling_gate_count,bcw_6q_random_bp,hea,RX_RY_RZ_CNOT,none,linear,cnot,local,6,4,4,20,20,5,38,2,1,4,RZ,2,32,layer_001_wire_004_RZ,-0.016194618399312452,0.016194618399312452,False
random_bp,expectation_value,same_entangling_gate_count,bcw_6q_random_bp,hea,RX_RY_RZ_CNOT,none,linear,cnot,local,6,4,4,20,20,5,38,2,1,5,RX,0,33,layer_001_wire_005_RX,0.011675859626501823,0.011675859626501823,False
random_bp,expectation_value,same_entangling_gate_count,bcw_6q_random_bp,hea,RX_RY_RZ_CNOT,none,linear,cnot,local,6,4,4,20,20,5,38,2,1,5,RY,1,34,layer_001_wire_005_RY,0.03189869439279419,0.03189869439279419,False
random_bp,expectation_value,same_entangling_gate_count,bcw_6q_random_bp,hea,RX_RY_RZ_CNOT,none,linear,cnot,local,6,4,4,20,20,5,38,2,1,5,RZ,2,35,layer_001_wire_005_RZ,-0.0015434818038988101,0.0015434818038988101,False
random_bp,expectation_value,same_entangling_gate_count,bcw_6q_random_bp,hea,RX_RY_RZ_CNOT,none,linear,cnot,local,6,4,4,20,20,5,38,2,2,0,RX,0,36,layer_002_wire_000_RX,-0.01551975221224182,0.01551975221224182,False
random_bp,expectation_value,same_entangling_gate_count,bcw_6q_random_bp,hea,RX_RY_RZ_CNOT,none,linear,cnot,local,6,4,4,20,20,5,38,2,2,0,RY,1,37,layer_002_wire_000_RY,0.16158745848407224,0.16158745848407224,False
random_bp,expectation_value,same_entangling_gate_count,bcw_6q_random_bp,hea,RX_RY_RZ_CNOT,none,linear,cnot,local,6,4,4,20,20,5,38,2,2,0,RZ,2,38,layer_002_wire_000_RZ,-0.0035255706443101625,0.0035255706443101625,False
random_bp,expectation_value,same_entangling_gate_count,bcw_6q_random_bp,hea,RX_RY_RZ_CNOT,none,linear,cnot,local,6,4,4,20,20,5,38,2,2,1,RX,0,39,layer_002_wire_001_RX,0.0485884140009466,0.0485884140009466,False
random_bp,expectation_value,same_entangling_gate_count,bcw_6q_random_bp,hea,RX_RY_RZ_CNOT,none,linear,cnot,local,6,4,4,20,20,5,38,2,2,1,RY,1,40,layer_002_wire_001_RY,0.00940971757629435,0.00940971757629435,False
random_bp,expectation_value,same_entangling_gate_count,bcw_6q_random_bp,hea,RX_RY_RZ_CNOT,none,linear,cnot,local,6,4,4,20,20,5,38,2,2,1,RZ,2,41,layer_002_wire_001_RZ,-0.08503210889996882,0.08503210889996882,False
random_bp,expectation_value,same_entangling_gate_count,bcw_6q_random_bp,hea,RX_RY_RZ_CNOT,none,linear,cnot,local,6,4,4,20,20,5,38,2,2,2,RX,0,42,layer_002_wire_002_RX,0.012359696600556563,0.012359696600556563,False
random_bp,expectation_value,same_entangling_gate_count,bcw_6q_random_bp,hea,RX_RY_RZ_CNOT,none,linear,cnot,local,6,4,4,20,20,5,38,2,2,2,RY,1,43,layer_002_wire_002_RY,-0.07632244494661197,0.07632244494661197,False
random_bp,expectation_value,same_entangling_gate_count,bcw_6q_random_bp,hea,RX_RY_RZ_CNOT,none,linear,cnot,local,6,4,4,20,20,5,38,2,2,2,RZ,2,44,layer_002_wire_002_RZ,-0.057812996987558284,0.057812996987558284,False
random_bp,expectation_value,same_entangling_gate_count,bcw_6q_random_bp,hea,RX_RY_RZ_CNOT,none,linear,cnot,local,6,4,4,20,20,5,38,2,2,3,RX,0,45,layer_002_wire_003_RX,0.027771939585779455,0.027771939585779455,False
random_bp,expectation_value,same_entangling_gate_count,bcw_6q_random_bp,hea,RX_RY_RZ_CNOT,none,linear,cnot,local,6,4,4,20,20,5,38,2,2,3,RY,1,46,layer_002_wire_003_RY,-0.04455446107990991,0.04455446107990991,False
random_bp,expectation_value,same_entangling_gate_count,bcw_6q_random_bp,hea,RX_RY_RZ_CNOT,none,linear,cnot,local,6,4,4,20,20,5,38,2,2,3,RZ,2,47,layer_002_wire_003_RZ,0.016400741837388533,0.016400741837388533,False
random_bp,expectation_value,same_entangling_gate_count,bcw_6q_random_bp,hea,RX_RY_RZ_CNOT,none,linear,cnot,local,6,4,4,20,20,5,38,2,2,4,RX,0,48,layer_002_wire_004_RX,-0.0075178121947351,0.0075178121947351,False
random_bp,expectation_value,same_entangling_gate_count,bcw_6q_random_bp,hea,RX_RY_RZ_CNOT,none,linear,cnot,local,6,4,4,20,20,5,38,2,2,4,RY,1,49,layer_002_wire_004_RY,-0.0068367241908019565,0.0068367241908019565,False
random_bp,expectation_value,same_entangling_gate_count,bcw_6q_random_bp,hea,RX_RY_RZ_CNOT,none,linear,cnot,local,6,4,4,20,20,5,38,2,2,4,RZ,2,50,layer_002_wire_004_RZ,0.054415616788073426,0.054415616788073426,False
random_bp,expectation_value,same_entangling_gate_count,bcw_6q_random_bp,hea,RX_RY_RZ_CNOT,none,linear,cnot,local,6,4,4,20,20,5,38,2,2,5,RX,0,51,layer_002_wire_005_RX,0.031815641972301405,0.031815641972301405,False
random_bp,expectation_value,same_entangling_gate_count,bcw_6q_random_bp,hea,RX_RY_RZ_CNOT,none,linear,cnot,local,6,4,4,20,20,5,38,2,2,5,RY,1,52,layer_002_wire_005_RY,0.017162394473272773,0.017162394473272773,False
random_bp,expectation_value,same_entangling_gate_count,bcw_6q_random_bp,hea,RX_RY_RZ_CNOT,none,linear,cnot,local,6,4,4,20,20,5,38,2,2,5,RZ,2,53,layer_002_wire_005_RZ,0.026618686372325055,0.026618686372325055,False
random_bp,expectation_value,same_entangling_gate_count,bcw_6q_random_bp,hea,RX_RY_RZ_CNOT,none,linear,cnot,local,6,4,4,20,20,5,38,2,3,0,RX,0,54,layer_003_wire_000_RX,0.024015574973086432,0.024015574973086432,False
random_bp,expectation_value,same_entangling_gate_count,bcw_6q_random_bp,hea,RX_RY_RZ_CNOT,none,linear,cnot,local,6,4,4,20,20,5,38,2,3,0,RY,1,55,layer_003_wire_000_RY,-0.0007827496883433707,0.0007827496883433707,False
random_bp,expectation_value,same_entangling_gate_count,bcw_6q_random_bp,hea,RX_RY_RZ_CNOT,none,linear,cnot,local,6,4,4,20,20,5,38,2,3,0,RZ,2,56,layer_003_wire_000_RZ,-2.635067988219588e-17,2.635067988219588e-17,True
random_bp,expectation_value,same_entangling_gate_count,bcw_6q_random_bp,hea,RX_RY_RZ_CNOT,none,linear,cnot,local,6,4,4,20,20,5,38,2,3,1,RX,0,57,layer_003_wire_001_RX,-0.014576763276537341,0.014576763276537341,False
random_bp,expectation_value,same_entangling_gate_count,bcw_6q_random_bp,hea,RX_RY_RZ_CNOT,none,linear,cnot,local,6,4,4,20,20,5,38,2,3,1,RY,1,58,layer_003_wire_001_RY,-0.013754192291834562,0.013754192291834562,False
random_bp,expectation_value,same_entangling_gate_count,bcw_6q_random_bp,hea,RX_RY_RZ_CNOT,none,linear,cnot,local,6,4,4,20,20,5,38,2,3,1,RZ,2,59,layer_003_wire_001_RZ,3.5462855291617716e-17,3.5462855291617716e-17,True
random_bp,expectation_value,same_entangling_gate_count,bcw_6q_random_bp,hea,RX_RY_RZ_CNOT,none,linear,cnot,local,6,4,4,20,20,5,38,2,3,2,RX,0,60,layer_003_wire_002_RX,0.013618652065630529,0.013618652065630529,False
random_bp,expectation_value,same_entangling_gate_count,bcw_6q_random_bp,hea,RX_RY_RZ_CNOT,none,linear,cnot,local,6,4,4,20,20,5,38,2,3,2,RY,1,61,layer_003_wire_002_RY,-0.010204617417008666,0.010204617417008666,False
random_bp,expectation_value,same_entangling_gate_count,bcw_6q_random_bp,hea,RX_RY_RZ_CNOT,none,linear,cnot,local,6,4,4,20,20,5,38,2,3,2,RZ,2,62,layer_003_wire_002_RZ,-6.325771833975829e-18,6.325771833975829e-18,True
random_bp,expectation_value,same_entangling_gate_count,bcw_6q_random_bp,hea,RX_RY_RZ_CNOT,none,linear,cnot,local,6,4,4,20,20,5,38,2,3,3,RX,0,63,layer_003_wire_003_RX,-0.06112689382900138,0.06112689382900138,False
random_bp,expectation_value,same_entangling_gate_count,bcw_6q_random_bp,hea,RX_RY_RZ_CNOT,none,linear,cnot,local,6,4,4,20,20,5,38,2,3,3,RY,1,64,layer_003_wire_003_RY,-0.04167006215500027,0.04167006215500027,False
random_bp,expectation_value,same_entangling_gate_count,bcw_6q_random_bp,hea,RX_RY_RZ_CNOT,none,linear,cnot,local,6,4,4,20,20,5,38,2,3,3,RZ,2,65,layer_003_wire_003_RZ,-1.4032813804306154e-17,1.4032813804306154e-17,True
random_bp,expectation_value,same_entangling_gate_count,bcw_6q_random_bp,hea,RX_RY_RZ_CNOT,none,linear,cnot,local,6,4,4,20,20,5,38,2,3,4,RX,0,66,layer_003_wire_004_RX,-0.020047772725876233,0.020047772725876233,False
random_bp,expectation_value,same_entangling_gate_count,bcw_6q_random_bp,hea,RX_RY_RZ_CNOT,none,linear,cnot,local,6,4,4,20,20,5,38,2,3,4,RY,1,67,layer_003_wire_004_RY,-0.028123042401906245,0.028123042401906245,False
random_bp,expectation_value,same_entangling_gate_count,bcw_6q_random_bp,hea,RX_RY_RZ_CNOT,none,linear,cnot,local,6,4,4,20,20,5,38,2,3,4,RZ,2,68,layer_003_wire_004_RZ,2.3757795899592083e-17,2.3757795899592083e-17,True
random_bp,expectation_value,same_entangling_gate_count,bcw_6q_random_bp,hea,RX_RY_RZ_CNOT,none,linear,cnot,local,6,4,4,20,20,5,38,2,3,5,RX,0,69,layer_003_wire_005_RX,0.015669277766780943,0.015669277766780943,False
random_bp,expectation_value,same_entangling_gate_count,bcw_6q_random_bp,hea,RX_RY_RZ_CNOT,none,linear,cnot,local,6,4,4,20,20,5,38,2,3,5,RY,1,70,layer_003_wire_005_RY,-0.001217743627223634,0.001217743627223634,False
random_bp,expectation_value,same_entangling_gate_count,bcw_6q_random_bp,hea,RX_RY_RZ_CNOT,none,linear,cnot,local,6,4,4,20,20,5,38,2,3,5,RZ,2,71,layer_003_wire_005_RZ,8.291323791490516e-18,8.291323791490516e-18,True
random_bp,expectation_value,same_entangling_gate_count,bcw_6q_random_bp,hea,RX_RY_RZ_CNOT,none,circular,cnot,local,6,4,3,20,18,6,39,0,0,0,RX,0,0,layer_000_wire_000_RX,-0.11317990430954149,0.11317990430954149,False
random_bp,expectation_value,same_entangling_gate_count,bcw_6q_random_bp,hea,RX_RY_RZ_CNOT,none,circular,cnot,local,6,4,3,20,18,6,39,0,0,0,RY,1,1,layer_000_wire_000_RY,0.07052358967358258,0.07052358967358258,False
random_bp,expectation_value,same_entangling_gate_count,bcw_6q_random_bp,hea,RX_RY_RZ_CNOT,none,circular,cnot,local,6,4,3,20,18,6,39,0,0,0,RZ,2,2,layer_000_wire_000_RZ,-0.10213692134013722,0.10213692134013722,False
random_bp,expectation_value,same_entangling_gate_count,bcw_6q_random_bp,hea,RX_RY_RZ_CNOT,none,circular,cnot,local,6,4,3,20,18,6,39,0,0,1,RX,0,3,layer_000_wire_001_RX,-0.001412276531737785,0.001412276531737785,False
random_bp,expectation_value,same_entangling_gate_count,bcw_6q_random_bp,hea,RX_RY_RZ_CNOT,none,circular,cnot,local,6,4,3,20,18,6,39,0,0,1,RY,1,4,layer_000_wire_001_RY,-0.027485642132751224,0.027485642132751224,False
random_bp,expectation_value,same_entangling_gate_count,bcw_6q_random_bp,hea,RX_RY_RZ_CNOT,none,circular,cnot,local,6,4,3,20,18,6,39,0,0,1,RZ,2,5,layer_000_wire_001_RZ,0.0024111665584998195,0.0024111665584998195,False
random_bp,expectation_value,same_entangling_gate_count,bcw_6q_random_bp,hea,RX_RY_RZ_CNOT,none,circular,cnot,local,6,4,3,20,18,6,39,0,0,2,RX,0,6,layer_000_wire_002_RX,-0.028357335755885452,0.028357335755885452,False
random_bp,expectation_value,same_entangling_gate_count,bcw_6q_random_bp,hea,RX_RY_RZ_CNOT,none,circular,cnot,local,6,4,3,20,18,6,39,0,0,2,RY,1,7,layer_000_wire_002_RY,0.014994338194644366,0.014994338194644366,False
random_bp,expectation_value,same_entangling_gate_count,bcw_6q_random_bp,hea,RX_RY_RZ_CNOT,none,circular,cnot,local,6,4,3,20,18,6,39,0,0,2,RZ,2,8,layer_000_wire_002_RZ,0.02964853261778144,0.02964853261778144,False
random_bp,expectation_value,same_entangling_gate_count,bcw_6q_random_bp,hea,RX_RY_RZ_CNOT,none,circular,cnot,local,6,4,3,20,18,6,39,0,0,3,RX,0,9,layer_000_wire_003_RX,-0.028537476561352408,0.028537476561352408,False
random_bp,expectation_value,same_entangling_gate_count,bcw_6q_random_bp,hea,RX_RY_RZ_CNOT,none,circular,cnot,local,6,4,3,20,18,6,39,0,0,3,RY,1,10,layer_000_wire_003_RY,-0.0426551947367084,0.0426551947367084,False
random_bp,expectation_value,same_entangling_gate_count,bcw_6q_random_bp,hea,RX_RY_RZ_CNOT,none,circular,cnot,local,6,4,3,20,18,6,39,0,0,3,RZ,2,11,layer_000_wire_003_RZ,0.018716985160656775,0.018716985160656775,False
random_bp,expectation_value,same_entangling_gate_count,bcw_6q_random_bp,hea,RX_RY_RZ_CNOT,none,circular,cnot,local,6,4,3,20,18,6,39,0,0,4,RX,0,12,layer_000_wire_004_RX,-0.01334150858575699,0.01334150858575699,False
random_bp,expectation_value,same_entangling_gate_count,bcw_6q_random_bp,hea,RX_RY_RZ_CNOT,none,circular,cnot,local,6,4,3,20,18,6,39,0,0,4,RY,1,13,layer_000_wire_004_RY,0.01032905508032557,0.01032905508032557,False
random_bp,expectation_value,same_entangling_gate_count,bcw_6q_random_bp,hea,RX_RY_RZ_CNOT,none,circular,cnot,local,6,4,3,20,18,6,39,0,0,4,RZ,2,14,layer_000_wire_004_RZ,0.009827781862712479,0.009827781862712479,False
random_bp,expectation_value,same_entangling_gate_count,bcw_6q_random_bp,hea,RX_RY_RZ_CNOT,none,circular,cnot,local,6,4,3,20,18,6,39,0,0,5,RX,0,15,layer_000_wire_005_RX,0.00716533655948897,0.00716533655948897,False
random_bp,expectation_value,same_entangling_gate_count,bcw_6q_random_bp,hea,RX_RY_RZ_CNOT,none,circular,cnot,local,6,4,3,20,18,6,39,0,0,5,RY,1,16,layer_000_wire_005_RY,0.02200086810612464,0.02200086810612464,False
random_bp,expectation_value,same_entangling_gate_count,bcw_6q_random_bp,hea,RX_RY_RZ_CNOT,none,circular,cnot,local,6,4,3,20,18,6,39,0,0,5,RZ,2,17,layer_000_wire_005_RZ,-0.03390041682119922,0.03390041682119922,False
random_bp,expectation_value,same_entangling_gate_count,bcw_6q_random_bp,hea,RX_RY_RZ_CNOT,none,circular,cnot,local,6,4,3,20,18,6,39,0,1,0,RX,0,18,layer_001_wire_000_RX,0.11702709318217569,0.11702709318217569,False
random_bp,expectation_value,same_entangling_gate_count,bcw_6q_random_bp,hea,RX_RY_RZ_CNOT,none,circular,cnot,local,6,4,3,20,18,6,39,0,1,0,RY,1,19,layer_001_wire_000_RY,0.07210351395771136,0.07210351395771136,False
random_bp,expectation_value,same_entangling_gate_count,bcw_6q_random_bp,hea,RX_RY_RZ_CNOT,none,circular,cnot,local,6,4,3,20,18,6,39,0,1,0,RZ,2,20,layer_001_wire_000_RZ,0.03848808629121733,0.03848808629121733,False
random_bp,expectation_value,same_entangling_gate_count,bcw_6q_random_bp,hea,RX_RY_RZ_CNOT,none,circular,cnot,local,6,4,3,20,18,6,39,0,1,1,RX,0,21,layer_001_wire_001_RX,0.01785840676570967,0.01785840676570967,False
random_bp,expectation_value,same_entangling_gate_count,bcw_6q_random_bp,hea,RX_RY_RZ_CNOT,none,circular,cnot,local,6,4,3,20,18,6,39,0,1,1,RY,1,22,layer_001_wire_001_RY,-0.05235678794875517,0.05235678794875517,False
random_bp,expectation_value,same_entangling_gate_count,bcw_6q_random_bp,hea,RX_RY_RZ_CNOT,none,circular,cnot,local,6,4,3,20,18,6,39,0,1,1,RZ,2,23,layer_001_wire_001_RZ,-0.04071026471221616,0.04071026471221616,False
random_bp,expectation_value,same_entangling_gate_count,bcw_6q_random_bp,hea,RX_RY_RZ_CNOT,none,circular,cnot,local,6,4,3,20,18,6,39,0,1,2,RX,0,24,layer_001_wire_002_RX,-0.02169249205415589,0.02169249205415589,False
random_bp,expectation_value,same_entangling_gate_count,bcw_6q_random_bp,hea,RX_RY_RZ_CNOT,none,circular,cnot,local,6,4,3,20,18,6,39,0,1,2,RY,1,25,layer_001_wire_002_RY,0.04120499445069842,0.04120499445069842,False
random_bp,expectation_value,same_entangling_gate_count,bcw_6q_random_bp,hea,RX_RY_RZ_CNOT,none,circular,cnot,local,6,4,3,20,18,6,39,0,1,2,RZ,2,26,layer_001_wire_002_RZ,0.0049187400737288525,0.0049187400737288525,False
random_bp,expectation_value,same_entangling_gate_count,bcw_6q_random_bp,hea,RX_RY_RZ_CNOT,none,circular,cnot,local,6,4,3,20,18,6,39,0,1,3,RX,0,27,layer_001_wire_003_RX,-0.02858163077364477,0.02858163077364477,False
random_bp,expectation_value,same_entangling_gate_count,bcw_6q_random_bp,hea,RX_RY_RZ_CNOT,none,circular,cnot,local,6,4,3,20,18,6,39,0,1,3,RY,1,28,layer_001_wire_003_RY,0.044010543173030145,0.044010543173030145,False
random_bp,expectation_value,same_entangling_gate_count,bcw_6q_random_bp,hea,RX_RY_RZ_CNOT,none,circular,cnot,local,6,4,3,20,18,6,39,0,1,3,RZ,2,29,layer_001_wire_003_RZ,0.011124090508032747,0.011124090508032747,False
random_bp,expectation_value,same_entangling_gate_count,bcw_6q_random_bp,hea,RX_RY_RZ_CNOT,none,circular,cnot,local,6,4,3,20,18,6,39,0,1,4,RX,0,30,layer_001_wire_004_RX,0.021560500948597107,0.021560500948597107,False
random_bp,expectation_value,same_entangling_gate_count,bcw_6q_random_bp,hea,RX_RY_RZ_CNOT,none,circular,cnot,local,6,4,3,20,18,6,39,0,1,4,RY,1,31,layer_001_wire_004_RY,-0.05006606445970193,0.05006606445970193,False
random_bp,expectation_value,same_entangling_gate_count,bcw_6q_random_bp,hea,RX_RY_RZ_CNOT,none,circular,cnot,local,6,4,3,20,18,6,39,0,1,4,RZ,2,32,layer_001_wire_004_RZ,0.0014463488890324658,0.0014463488890324658,False
random_bp,expectation_value,same_entangling_gate_count,bcw_6q_random_bp,hea,RX_RY_RZ_CNOT,none,circular,cnot,local,6,4,3,20,18,6,39,0,1,5,RX,0,33,layer_001_wire_005_RX,-0.058459053428955715,0.058459053428955715,False
random_bp,expectation_value,same_entangling_gate_count,bcw_6q_random_bp,hea,RX_RY_RZ_CNOT,none,circular,cnot,local,6,4,3,20,18,6,39,0,1,5,RY,1,34,layer_001_wire_005_RY,0.03279942831623345,0.03279942831623345,False
random_bp,expectation_value,same_entangling_gate_count,bcw_6q_random_bp,hea,RX_RY_RZ_CNOT,none,circular,cnot,local,6,4,3,20,18,6,39,0,1,5,RZ,2,35,layer_001_wire_005_RZ,-0.00995815863152458,0.00995815863152458,False
random_bp,expectation_value,same_entangling_gate_count,bcw_6q_random_bp,hea,RX_RY_RZ_CNOT,none,circular,cnot,local,6,4,3,20,18,6,39,0,2,0,RX,0,36,layer_002_wire_000_RX,-0.01683906596332045,0.01683906596332045,False
random_bp,expectation_value,same_entangling_gate_count,bcw_6q_random_bp,hea,RX_RY_RZ_CNOT,none,circular,cnot,local,6,4,3,20,18,6,39,0,2,0,RY,1,37,layer_002_wire_000_RY,0.030481542969577925,0.030481542969577925,False
random_bp,expectation_value,same_entangling_gate_count,bcw_6q_random_bp,hea,RX_RY_RZ_CNOT,none,circular,cnot,local,6,4,3,20,18,6,39,0,2,0,RZ,2,38,layer_002_wire_000_RZ,3.833392957244352e-18,3.833392957244352e-18,True
random_bp,expectation_value,same_entangling_gate_count,bcw_6q_random_bp,hea,RX_RY_RZ_CNOT,none,circular,cnot,local,6,4,3,20,18,6,39,0,2,1,RX,0,39,layer_002_wire_001_RX,-0.004447547165545334,0.004447547165545334,False
random_bp,expectation_value,same_entangling_gate_count,bcw_6q_random_bp,hea,RX_RY_RZ_CNOT,none,circular,cnot,local,6,4,3,20,18,6,39,0,2,1,RY,1,40,layer_002_wire_001_RY,-0.0022594387022277958,0.0022594387022277958,False
random_bp,expectation_value,same_entangling_gate_count,bcw_6q_random_bp,hea,RX_RY_RZ_CNOT,none,circular,cnot,local,6,4,3,20,18,6,39,0,2,1,RZ,2,41,layer_002_wire_001_RZ,1.0310281447710472e-17,1.0310281447710472e-17,True
random_bp,expectation_value,same_entangling_gate_count,bcw_6q_random_bp,hea,RX_RY_RZ_CNOT,none,circular,cnot,local,6,4,3,20,18,6,39,0,2,2,RX,0,42,layer_002_wire_002_RX,0.028939559720713905,0.028939559720713905,False
random_bp,expectation_value,same_entangling_gate_count,bcw_6q_random_bp,hea,RX_RY_RZ_CNOT,none,circular,cnot,local,6,4,3,20,18,6,39,0,2,2,RY,1,43,layer_002_wire_002_RY,-0.06806012805614839,0.06806012805614839,False
random_bp,expectation_value,same_entangling_gate_count,bcw_6q_random_bp,hea,RX_RY_RZ_CNOT,none,circular,cnot,local,6,4,3,20,18,6,39,0,2,2,RZ,2,44,layer_002_wire_002_RZ,4.2244851963492486e-18,4.2244851963492486e-18,True
random_bp,expectation_value,same_entangling_gate_count,bcw_6q_random_bp,hea,RX_RY_RZ_CNOT,none,circular,cnot,local,6,4,3,20,18,6,39,0,2,3,RX,0,45,layer_002_wire_003_RX,-0.006714411754256192,0.006714411754256192,False
random_bp,expectation_value,same_entangling_gate_count,bcw_6q_random_bp,hea,RX_RY_RZ_CNOT,none,circular,cnot,local,6,4,3,20,18,6,39,0,2,3,RY,1,46,layer_002_wire_003_RY,-0.024784275239453764,0.024784275239453764,False
random_bp,expectation_value,same_entangling_gate_count,bcw_6q_random_bp,hea,RX_RY_RZ_CNOT,none,circular,cnot,local,6,4,3,20,18,6,39,0,2,3,RZ,2,47,layer_002_wire_003_RZ,-1.3429878239154521e-17,1.3429878239154521e-17,True
random_bp,expectation_value,same_entangling_gate_count,bcw_6q_random_bp,hea,RX_RY_RZ_CNOT,none,circular,cnot,local,6,4,3,20,18,6,39,0,2,4,RX,0,48,layer_002_wire_004_RX,-0.029039047532822312,0.029039047532822312,False
random_bp,expectation_value,same_entangling_gate_count,bcw_6q_random_bp,hea,RX_RY_RZ_CNOT,none,circular,cnot,local,6,4,3,20,18,6,39,0,2,4,RY,1,49,layer_002_wire_004_RY,-0.011359081242892678,0.011359081242892678,False
random_bp,expectation_value,same_entangling_gate_count,bcw_6q_random_bp,hea,RX_RY_RZ_CNOT,none,circular,cnot,local,6,4,3,20,18,6,39,0,2,4,RZ,2,50,layer_002_wire_004_RZ,1.8524090742437424e-18,1.8524090742437424e-18,True
random_bp,expectation_value,same_entangling_gate_count,bcw_6q_random_bp,hea,RX_RY_RZ_CNOT,none,circular,cnot,local,6,4,3,20,18,6,39,0,2,5,RX,0,51,layer_002_wire_005_RX,0.0006808170717590434,0.0006808170717590434,False
random_bp,expectation_value,same_entangling_gate_count,bcw_6q_random_bp,hea,RX_RY_RZ_CNOT,none,circular,cnot,local,6,4,3,20,18,6,39,0,2,5,RY,1,52,layer_002_wire_005_RY,0.005450550205187647,0.005450550205187647,False
random_bp,expectation_value,same_entangling_gate_count,bcw_6q_random_bp,hea,RX_RY_RZ_CNOT,none,circular,cnot,local,6,4,3,20,18,6,39,0,2,5,RZ,2,53,layer_002_wire_005_RZ,3.8211659440866605e-18,3.8211659440866605e-18,True
random_bp,expectation_value,same_entangling_gate_count,bcw_6q_random_bp,hea,RX_RY_RZ_CNOT,none,circular,cnot,local,6,4,3,20,18,6,40,1,0,0,RX,0,0,layer_000_wire_000_RX,0.015821889730690146,0.015821889730690146,False
random_bp,expectation_value,same_entangling_gate_count,bcw_6q_random_bp,hea,RX_RY_RZ_CNOT,none,circular,cnot,local,6,4,3,20,18,6,40,1,0,0,RY,1,1,layer_000_wire_000_RY,-0.00048163642564553327,0.00048163642564553327,False
random_bp,expectation_value,same_entangling_gate_count,bcw_6q_random_bp,hea,RX_RY_RZ_CNOT,none,circular,cnot,local,6,4,3,20,18,6,40,1,0,0,RZ,2,2,layer_000_wire_000_RZ,-0.00481125272530009,0.00481125272530009,False
random_bp,expectation_value,same_entangling_gate_count,bcw_6q_random_bp,hea,RX_RY_RZ_CNOT,none,circular,cnot,local,6,4,3,20,18,6,40,1,0,1,RX,0,3,layer_000_wire_001_RX,-0.03594104274686692,0.03594104274686692,False
random_bp,expectation_value,same_entangling_gate_count,bcw_6q_random_bp,hea,RX_RY_RZ_CNOT,none,circular,cnot,local,6,4,3,20,18,6,40,1,0,1,RY,1,4,layer_000_wire_001_RY,-0.00024389319761054448,0.00024389319761054448,False
random_bp,expectation_value,same_entangling_gate_count,bcw_6q_random_bp,hea,RX_RY_RZ_CNOT,none,circular,cnot,local,6,4,3,20,18,6,40,1,0,1,RZ,2,5,layer_000_wire_001_RZ,-0.033231788658979564,0.033231788658979564,False
random_bp,expectation_value,same_entangling_gate_count,bcw_6q_random_bp,hea,RX_RY_RZ_CNOT,none,circular,cnot,local,6,4,3,20,18,6,40,1,0,2,RX,0,6,layer_000_wire_002_RX,-0.029320129762939993,0.029320129762939993,False
random_bp,expectation_value,same_entangling_gate_count,bcw_6q_random_bp,hea,RX_RY_RZ_CNOT,none,circular,cnot,local,6,4,3,20,18,6,40,1,0,2,RY,1,7,layer_000_wire_002_RY,-0.0011262360785351585,0.0011262360785351585,False
random_bp,expectation_value,same_entangling_gate_count,bcw_6q_random_bp,hea,RX_RY_RZ_CNOT,none,circular,cnot,local,6,4,3,20,18,6,40,1,0,2,RZ,2,8,layer_000_wire_002_RZ,-0.014050176185348814,0.014050176185348814,False
random_bp,expectation_value,same_entangling_gate_count,bcw_6q_random_bp,hea,RX_RY_RZ_CNOT,none,circular,cnot,local,6,4,3,20,18,6,40,1,0,3,RX,0,9,layer_000_wire_003_RX,-0.04613828052680297,0.04613828052680297,False
random_bp,expectation_value,same_entangling_gate_count,bcw_6q_random_bp,hea,RX_RY_RZ_CNOT,none,circular,cnot,local,6,4,3,20,18,6,40,1,0,3,RY,1,10,layer_000_wire_003_RY,0.045279928555834154,0.045279928555834154,False
random_bp,expectation_value,same_entangling_gate_count,bcw_6q_random_bp,hea,RX_RY_RZ_CNOT,none,circular,cnot,local,6,4,3,20,18,6,40,1,0,3,RZ,2,11,layer_000_wire_003_RZ,0.04595223399037296,0.04595223399037296,False
random_bp,expectation_value,same_entangling_gate_count,bcw_6q_random_bp,hea,RX_RY_RZ_CNOT,none,circular,cnot,local,6,4,3,20,18,6,40,1,0,4,RX,0,12,layer_000_wire_004_RX,-0.02620382108775627,0.02620382108775627,False
random_bp,expectation_value,same_entangling_gate_count,bcw_6q_random_bp,hea,RX_RY_RZ_CNOT,none,circular,cnot,local,6,4,3,20,18,6,40,1,0,4,RY,1,13,layer_000_wire_004_RY,0.007695469395686114,0.007695469395686114,False
random_bp,expectation_value,same_entangling_gate_count,bcw_6q_random_bp,hea,RX_RY_RZ_CNOT,none,circular,cnot,local,6,4,3,20,18,6,40,1,0,4,RZ,2,14,layer_000_wire_004_RZ,0.02880422317328967,0.02880422317328967,False
random_bp,expectation_value,same_entangling_gate_count,bcw_6q_random_bp,hea,RX_RY_RZ_CNOT,none,circular,cnot,local,6,4,3,20,18,6,40,1,0,5,RX,0,15,layer_000_wire_005_RX,-0.033984335035195504,0.033984335035195504,False
random_bp,expectation_value,same_entangling_gate_count,bcw_6q_random_bp,hea,RX_RY_RZ_CNOT,none,circular,cnot,local,6,4,3,20,18,6,40,1,0,5,RY,1,16,layer_000_wire_005_RY,0.01047838921465686,0.01047838921465686,False
random_bp,expectation_value,same_entangling_gate_count,bcw_6q_random_bp,hea,RX_RY_RZ_CNOT,none,circular,cnot,local,6,4,3,20,18,6,40,1,0,5,RZ,2,17,layer_000_wire_005_RZ,-0.023257726427963935,0.023257726427963935,False
random_bp,expectation_value,same_entangling_gate_count,bcw_6q_random_bp,hea,RX_RY_RZ_CNOT,none,circular,cnot,local,6,4,3,20,18,6,40,1,1,0,RX,0,18,layer_001_wire_000_RX,0.041951610629066965,0.041951610629066965,False
random_bp,expectation_value,same_entangling_gate_count,bcw_6q_random_bp,hea,RX_RY_RZ_CNOT,none,circular,cnot,local,6,4,3,20,18,6,40,1,1,0,RY,1,19,layer_001_wire_000_RY,-0.015298460954964786,0.015298460954964786,False
random_bp,expectation_value,same_entangling_gate_count,bcw_6q_random_bp,hea,RX_RY_RZ_CNOT,none,circular,cnot,local,6,4,3,20,18,6,40,1,1,0,RZ,2,20,layer_001_wire_000_RZ,0.04288647323476749,0.04288647323476749,False
random_bp,expectation_value,same_entangling_gate_count,bcw_6q_random_bp,hea,RX_RY_RZ_CNOT,none,circular,cnot,local,6,4,3,20,18,6,40,1,1,1,RX,0,21,layer_001_wire_001_RX,-0.03970666892958804,0.03970666892958804,False
random_bp,expectation_value,same_entangling_gate_count,bcw_6q_random_bp,hea,RX_RY_RZ_CNOT,none,circular,cnot,local,6,4,3,20,18,6,40,1,1,1,RY,1,22,layer_001_wire_001_RY,0.018524118314342145,0.018524118314342145,False
random_bp,expectation_value,same_entangling_gate_count,bcw_6q_random_bp,hea,RX_RY_RZ_CNOT,none,circular,cnot,local,6,4,3,20,18,6,40,1,1,1,RZ,2,23,layer_001_wire_001_RZ,0.039698179962952634,0.039698179962952634,False
random_bp,expectation_value,same_entangling_gate_count,bcw_6q_random_bp,hea,RX_RY_RZ_CNOT,none,circular,cnot,local,6,4,3,20,18,6,40,1,1,2,RX,0,24,layer_001_wire_002_RX,0.02048154318483366,0.02048154318483366,False
random_bp,expectation_value,same_entangling_gate_count,bcw_6q_random_bp,hea,RX_RY_RZ_CNOT,none,circular,cnot,local,6,4,3,20,18,6,40,1,1,2,RY,1,25,layer_001_wire_002_RY,-0.005258704003724194,0.005258704003724194,False
random_bp,expectation_value,same_entangling_gate_count,bcw_6q_random_bp,hea,RX_RY_RZ_CNOT,none,circular,cnot,local,6,4,3,20,18,6,40,1,1,2,RZ,2,26,layer_001_wire_002_RZ,-0.022855384633578106,0.022855384633578106,False
random_bp,expectation_value,same_entangling_gate_count,bcw_6q_random_bp,hea,RX_RY_RZ_CNOT,none,circular,cnot,local,6,4,3,20,18,6,40,1,1,3,RX,0,27,layer_001_wire_003_RX,-0.0070676125313435915,0.0070676125313435915,False
random_bp,expectation_value,same_entangling_gate_count,bcw_6q_random_bp,hea,RX_RY_RZ_CNOT,none,circular,cnot,local,6,4,3,20,18,6,40,1,1,3,RY,1,28,layer_001_wire_003_RY,0.05421408541014587,0.05421408541014587,False
random_bp,expectation_value,same_entangling_gate_count,bcw_6q_random_bp,hea,RX_RY_RZ_CNOT,none,circular,cnot,local,6,4,3,20,18,6,40,1,1,3,RZ,2,29,layer_001_wire_003_RZ,-0.035833242257333274,0.035833242257333274,False
random_bp,expectation_value,same_entangling_gate_count,bcw_6q_random_bp,hea,RX_RY_RZ_CNOT,none,circular,cnot,local,6,4,3,20,18,6,40,1,1,4,RX,0,30,layer_001_wire_004_RX,0.029025327669297232,0.029025327669297232,False
random_bp,expectation_value,same_entangling_gate_count,bcw_6q_random_bp,hea,RX_RY_RZ_CNOT,none,circular,cnot,local,6,4,3,20,18,6,40,1,1,4,RY,1,31,layer_001_wire_004_RY,0.02693824809736535,0.02693824809736535,False
random_bp,expectation_value,same_entangling_gate_count,bcw_6q_random_bp,hea,RX_RY_RZ_CNOT,none,circular,cnot,local,6,4,3,20,18,6,40,1,1,4,RZ,2,32,layer_001_wire_004_RZ,0.02964868031447885,0.02964868031447885,False
random_bp,expectation_value,same_entangling_gate_count,bcw_6q_random_bp,hea,RX_RY_RZ_CNOT,none,circular,cnot,local,6,4,3,20,18,6,40,1,1,5,RX,0,33,layer_001_wire_005_RX,-0.009624341648485354,0.009624341648485354,False
random_bp,expectation_value,same_entangling_gate_count,bcw_6q_random_bp,hea,RX_RY_RZ_CNOT,none,circular,cnot,local,6,4,3,20,18,6,40,1,1,5,RY,1,34,layer_001_wire_005_RY,-0.019226555850703958,0.019226555850703958,False
random_bp,expectation_value,same_entangling_gate_count,bcw_6q_random_bp,hea,RX_RY_RZ_CNOT,none,circular,cnot,local,6,4,3,20,18,6,40,1,1,5,RZ,2,35,layer_001_wire_005_RZ,-0.0051281689593982195,0.0051281689593982195,False
random_bp,expectation_value,same_entangling_gate_count,bcw_6q_random_bp,hea,RX_RY_RZ_CNOT,none,circular,cnot,local,6,4,3,20,18,6,40,1,2,0,RX,0,36,layer_002_wire_000_RX,0.0032475723827113624,0.0032475723827113624,False
random_bp,expectation_value,same_entangling_gate_count,bcw_6q_random_bp,hea,RX_RY_RZ_CNOT,none,circular,cnot,local,6,4,3,20,18,6,40,1,2,0,RY,1,37,layer_002_wire_000_RY,-0.002367644174590964,0.002367644174590964,False
random_bp,expectation_value,same_entangling_gate_count,bcw_6q_random_bp,hea,RX_RY_RZ_CNOT,none,circular,cnot,local,6,4,3,20,18,6,40,1,2,0,RZ,2,38,layer_002_wire_000_RZ,1.3385979693506563e-17,1.3385979693506563e-17,True
random_bp,expectation_value,same_entangling_gate_count,bcw_6q_random_bp,hea,RX_RY_RZ_CNOT,none,circular,cnot,local,6,4,3,20,18,6,40,1,2,1,RX,0,39,layer_002_wire_001_RX,0.05715232042220674,0.05715232042220674,False
random_bp,expectation_value,same_entangling_gate_count,bcw_6q_random_bp,hea,RX_RY_RZ_CNOT,none,circular,cnot,local,6,4,3,20,18,6,40,1,2,1,RY,1,40,layer_002_wire_001_RY,-0.05750183620258525,0.05750183620258525,False
random_bp,expectation_value,same_entangling_gate_count,bcw_6q_random_bp,hea,RX_RY_RZ_CNOT,none,circular,cnot,local,6,4,3,20,18,6,40,1,2,1,RZ,2,41,layer_002_wire_001_RZ,1.9641365365846926e-18,1.9641365365846926e-18,True
random_bp,expectation_value,same_entangling_gate_count,bcw_6q_random_bp,hea,RX_RY_RZ_CNOT,none,circular,cnot,local,6,4,3,20,18,6,40,1,2,2,RX,0,42,layer_002_wire_002_RX,0.003827027389911357,0.003827027389911357,False
random_bp,expectation_value,same_entangling_gate_count,bcw_6q_random_bp,hea,RX_RY_RZ_CNOT,none,circular,cnot,local,6,4,3,20,18,6,40,1,2,2,RY,1,43,layer_002_wire_002_RY,0.005552045803738463,0.005552045803738463,False
random_bp,expectation_value,same_entangling_gate_count,bcw_6q_random_bp,hea,RX_RY_RZ_CNOT,none,circular,cnot,local,6,4,3,20,18,6,40,1,2,2,RZ,2,44,layer_002_wire_002_RZ,-6.294160976136201e-19,6.294160976136201e-19,True
random_bp,expectation_value,same_entangling_gate_count,bcw_6q_random_bp,hea,RX_RY_RZ_CNOT,none,circular,cnot,local,6,4,3,20,18,6,40,1,2,3,RX,0,45,layer_002_wire_003_RX,-0.009917712916402683,0.009917712916402683,False
random_bp,expectation_value,same_entangling_gate_count,bcw_6q_random_bp,hea,RX_RY_RZ_CNOT,none,circular,cnot,local,6,4,3,20,18,6,40,1,2,3,RY,1,46,layer_002_wire_003_RY,0.001166156337955432,0.001166156337955432,False
random_bp,expectation_value,same_entangling_gate_count,bcw_6q_random_bp,hea,RX_RY_RZ_CNOT,none,circular,cnot,local,6,4,3,20,18,6,40,1,2,3,RZ,2,47,layer_002_wire_003_RZ,-4.170394277481666e-18,4.170394277481666e-18,True
random_bp,expectation_value,same_entangling_gate_count,bcw_6q_random_bp,hea,RX_RY_RZ_CNOT,none,circular,cnot,local,6,4,3,20,18,6,40,1,2,4,RX,0,48,layer_002_wire_004_RX,0.031593922737228705,0.031593922737228705,False
random_bp,expectation_value,same_entangling_gate_count,bcw_6q_random_bp,hea,RX_RY_RZ_CNOT,none,circular,cnot,local,6,4,3,20,18,6,40,1,2,4,RY,1,49,layer_002_wire_004_RY,-0.007865320985005034,0.007865320985005034,False
random_bp,expectation_value,same_entangling_gate_count,bcw_6q_random_bp,hea,RX_RY_RZ_CNOT,none,circular,cnot,local,6,4,3,20,18,6,40,1,2,4,RZ,2,50,layer_002_wire_004_RZ,4.6281928762768414e-18,4.6281928762768414e-18,True
random_bp,expectation_value,same_entangling_gate_count,bcw_6q_random_bp,hea,RX_RY_RZ_CNOT,none,circular,cnot,local,6,4,3,20,18,6,40,1,2,5,RX,0,51,layer_002_wire_005_RX,0.0006257816724036663,0.0006257816724036663,False
random_bp,expectation_value,same_entangling_gate_count,bcw_6q_random_bp,hea,RX_RY_RZ_CNOT,none,circular,cnot,local,6,4,3,20,18,6,40,1,2,5,RY,1,52,layer_002_wire_005_RY,0.04756246364217089,0.04756246364217089,False
random_bp,expectation_value,same_entangling_gate_count,bcw_6q_random_bp,hea,RX_RY_RZ_CNOT,none,circular,cnot,local,6,4,3,20,18,6,40,1,2,5,RZ,2,53,layer_002_wire_005_RZ,-1.5631432085171267e-18,1.5631432085171267e-18,True
random_bp,expectation_value,same_entangling_gate_count,bcw_6q_random_bp,hea,RX_RY_RZ_CNOT,none,circular,cnot,local,6,4,3,20,18,6,41,2,0,0,RX,0,0,layer_000_wire_000_RX,-0.007988150017690505,0.007988150017690505,False
random_bp,expectation_value,same_entangling_gate_count,bcw_6q_random_bp,hea,RX_RY_RZ_CNOT,none,circular,cnot,local,6,4,3,20,18,6,41,2,0,0,RY,1,1,layer_000_wire_000_RY,0.0006101124688103138,0.0006101124688103138,False
random_bp,expectation_value,same_entangling_gate_count,bcw_6q_random_bp,hea,RX_RY_RZ_CNOT,none,circular,cnot,local,6,4,3,20,18,6,41,2,0,0,RZ,2,2,layer_000_wire_000_RZ,-0.010124324695601896,0.010124324695601896,False
random_bp,expectation_value,same_entangling_gate_count,bcw_6q_random_bp,hea,RX_RY_RZ_CNOT,none,circular,cnot,local,6,4,3,20,18,6,41,2,0,1,RX,0,3,layer_000_wire_001_RX,-0.02646437692597455,0.02646437692597455,False
random_bp,expectation_value,same_entangling_gate_count,bcw_6q_random_bp,hea,RX_RY_RZ_CNOT,none,circular,cnot,local,6,4,3,20,18,6,41,2,0,1,RY,1,4,layer_000_wire_001_RY,0.04225106365301886,0.04225106365301886,False
random_bp,expectation_value,same_entangling_gate_count,bcw_6q_random_bp,hea,RX_RY_RZ_CNOT,none,circular,cnot,local,6,4,3,20,18,6,41,2,0,1,RZ,2,5,layer_000_wire_001_RZ,0.037832796276170824,0.037832796276170824,False
random_bp,expectation_value,same_entangling_gate_count,bcw_6q_random_bp,hea,RX_RY_RZ_CNOT,none,circular,cnot,local,6,4,3,20,18,6,41,2,0,2,RX,0,6,layer_000_wire_002_RX,-0.0408082533349869,0.0408082533349869,False
random_bp,expectation_value,same_entangling_gate_count,bcw_6q_random_bp,hea,RX_RY_RZ_CNOT,none,circular,cnot,local,6,4,3,20,18,6,41,2,0,2,RY,1,7,layer_000_wire_002_RY,0.027908285540682944,0.027908285540682944,False
random_bp,expectation_value,same_entangling_gate_count,bcw_6q_random_bp,hea,RX_RY_RZ_CNOT,none,circular,cnot,local,6,4,3,20,18,6,41,2,0,2,RZ,2,8,layer_000_wire_002_RZ,-0.07768539150829573,0.07768539150829573,False
random_bp,expectation_value,same_entangling_gate_count,bcw_6q_random_bp,hea,RX_RY_RZ_CNOT,none,circular,cnot,local,6,4,3,20,18,6,41,2,0,3,RX,0,9,layer_000_wire_003_RX,0.021320662839818295,0.021320662839818295,False
random_bp,expectation_value,same_entangling_gate_count,bcw_6q_random_bp,hea,RX_RY_RZ_CNOT,none,circular,cnot,local,6,4,3,20,18,6,41,2,0,3,RY,1,10,layer_000_wire_003_RY,0.01075887312931619,0.01075887312931619,False
random_bp,expectation_value,same_entangling_gate_count,bcw_6q_random_bp,hea,RX_RY_RZ_CNOT,none,circular,cnot,local,6,4,3,20,18,6,41,2,0,3,RZ,2,11,layer_000_wire_003_RZ,0.006997336405488915,0.006997336405488915,False
random_bp,expectation_value,same_entangling_gate_count,bcw_6q_random_bp,hea,RX_RY_RZ_CNOT,none,circular,cnot,local,6,4,3,20,18,6,41,2,0,4,RX,0,12,layer_000_wire_004_RX,-0.037566572890318124,0.037566572890318124,False
random_bp,expectation_value,same_entangling_gate_count,bcw_6q_random_bp,hea,RX_RY_RZ_CNOT,none,circular,cnot,local,6,4,3,20,18,6,41,2,0,4,RY,1,13,layer_000_wire_004_RY,-0.0005689496155444835,0.0005689496155444835,False
random_bp,expectation_value,same_entangling_gate_count,bcw_6q_random_bp,hea,RX_RY_RZ_CNOT,none,circular,cnot,local,6,4,3,20,18,6,41,2,0,4,RZ,2,14,layer_000_wire_004_RZ,0.032964090012577885,0.032964090012577885,False
random_bp,expectation_value,same_entangling_gate_count,bcw_6q_random_bp,hea,RX_RY_RZ_CNOT,none,circular,cnot,local,6,4,3,20,18,6,41,2,0,5,RX,0,15,layer_000_wire_005_RX,-0.0009367255867983523,0.0009367255867983523,False
random_bp,expectation_value,same_entangling_gate_count,bcw_6q_random_bp,hea,RX_RY_RZ_CNOT,none,circular,cnot,local,6,4,3,20,18,6,41,2,0,5,RY,1,16,layer_000_wire_005_RY,-0.0009787759407590012,0.0009787759407590012,False
random_bp,expectation_value,same_entangling_gate_count,bcw_6q_random_bp,hea,RX_RY_RZ_CNOT,none,circular,cnot,local,6,4,3,20,18,6,41,2,0,5,RZ,2,17,layer_000_wire_005_RZ,0.0012526906010657357,0.0012526906010657357,False
random_bp,expectation_value,same_entangling_gate_count,bcw_6q_random_bp,hea,RX_RY_RZ_CNOT,none,circular,cnot,local,6,4,3,20,18,6,41,2,1,0,RX,0,18,layer_001_wire_000_RX,0.04910642569010573,0.04910642569010573,False
random_bp,expectation_value,same_entangling_gate_count,bcw_6q_random_bp,hea,RX_RY_RZ_CNOT,none,circular,cnot,local,6,4,3,20,18,6,41,2,1,0,RY,1,19,layer_001_wire_000_RY,0.013081250238684627,0.013081250238684627,False
random_bp,expectation_value,same_entangling_gate_count,bcw_6q_random_bp,hea,RX_RY_RZ_CNOT,none,circular,cnot,local,6,4,3,20,18,6,41,2,1,0,RZ,2,20,layer_001_wire_000_RZ,0.042991171541459,0.042991171541459,False
random_bp,expectation_value,same_entangling_gate_count,bcw_6q_random_bp,hea,RX_RY_RZ_CNOT,none,circular,cnot,local,6,4,3,20,18,6,41,2,1,1,RX,0,21,layer_001_wire_001_RX,-0.05605042651441476,0.05605042651441476,False
random_bp,expectation_value,same_entangling_gate_count,bcw_6q_random_bp,hea,RX_RY_RZ_CNOT,none,circular,cnot,local,6,4,3,20,18,6,41,2,1,1,RY,1,22,layer_001_wire_001_RY,0.01888267195401687,0.01888267195401687,False
random_bp,expectation_value,same_entangling_gate_count,bcw_6q_random_bp,hea,RX_RY_RZ_CNOT,none,circular,cnot,local,6,4,3,20,18,6,41,2,1,1,RZ,2,23,layer_001_wire_001_RZ,0.03405735663942337,0.03405735663942337,False
random_bp,expectation_value,same_entangling_gate_count,bcw_6q_random_bp,hea,RX_RY_RZ_CNOT,none,circular,cnot,local,6,4,3,20,18,6,41,2,1,2,RX,0,24,layer_001_wire_002_RX,-0.03128502076152572,0.03128502076152572,False
random_bp,expectation_value,same_entangling_gate_count,bcw_6q_random_bp,hea,RX_RY_RZ_CNOT,none,circular,cnot,local,6,4,3,20,18,6,41,2,1,2,RY,1,25,layer_001_wire_002_RY,-0.061965620152439276,0.061965620152439276,False
random_bp,expectation_value,same_entangling_gate_count,bcw_6q_random_bp,hea,RX_RY_RZ_CNOT,none,circular,cnot,local,6,4,3,20,18,6,41,2,1,2,RZ,2,26,layer_001_wire_002_RZ,0.03751020168387047,0.03751020168387047,False
random_bp,expectation_value,same_entangling_gate_count,bcw_6q_random_bp,hea,RX_RY_RZ_CNOT,none,circular,cnot,local,6,4,3,20,18,6,41,2,1,3,RX,0,27,layer_001_wire_003_RX,-0.0055774440055844305,0.0055774440055844305,False
random_bp,expectation_value,same_entangling_gate_count,bcw_6q_random_bp,hea,RX_RY_RZ_CNOT,none,circular,cnot,local,6,4,3,20,18,6,41,2,1,3,RY,1,28,layer_001_wire_003_RY,0.03798425188188083,0.03798425188188083,False
random_bp,expectation_value,same_entangling_gate_count,bcw_6q_random_bp,hea,RX_RY_RZ_CNOT,none,circular,cnot,local,6,4,3,20,18,6,41,2,1,3,RZ,2,29,layer_001_wire_003_RZ,0.016295747455950374,0.016295747455950374,False
random_bp,expectation_value,same_entangling_gate_count,bcw_6q_random_bp,hea,RX_RY_RZ_CNOT,none,circular,cnot,local,6,4,3,20,18,6,41,2,1,4,RX,0,30,layer_001_wire_004_RX,-0.004610098636442648,0.004610098636442648,False
random_bp,expectation_value,same_entangling_gate_count,bcw_6q_random_bp,hea,RX_RY_RZ_CNOT,none,circular,cnot,local,6,4,3,20,18,6,41,2,1,4,RY,1,31,layer_001_wire_004_RY,0.011489251694971512,0.011489251694971512,False
random_bp,expectation_value,same_entangling_gate_count,bcw_6q_random_bp,hea,RX_RY_RZ_CNOT,none,circular,cnot,local,6,4,3,20,18,6,41,2,1,4,RZ,2,32,layer_001_wire_004_RZ,-0.026618513628400228,0.026618513628400228,False
random_bp,expectation_value,same_entangling_gate_count,bcw_6q_random_bp,hea,RX_RY_RZ_CNOT,none,circular,cnot,local,6,4,3,20,18,6,41,2,1,5,RX,0,33,layer_001_wire_005_RX,0.03592918147578622,0.03592918147578622,False
random_bp,expectation_value,same_entangling_gate_count,bcw_6q_random_bp,hea,RX_RY_RZ_CNOT,none,circular,cnot,local,6,4,3,20,18,6,41,2,1,5,RY,1,34,layer_001_wire_005_RY,-0.0037361123778060362,0.0037361123778060362,False
random_bp,expectation_value,same_entangling_gate_count,bcw_6q_random_bp,hea,RX_RY_RZ_CNOT,none,circular,cnot,local,6,4,3,20,18,6,41,2,1,5,RZ,2,35,layer_001_wire_005_RZ,0.00046172249750509335,0.00046172249750509335,False
random_bp,expectation_value,same_entangling_gate_count,bcw_6q_random_bp,hea,RX_RY_RZ_CNOT,none,circular,cnot,local,6,4,3,20,18,6,41,2,2,0,RX,0,36,layer_002_wire_000_RX,-0.010024170620203205,0.010024170620203205,False
random_bp,expectation_value,same_entangling_gate_count,bcw_6q_random_bp,hea,RX_RY_RZ_CNOT,none,circular,cnot,local,6,4,3,20,18,6,41,2,2,0,RY,1,37,layer_002_wire_000_RY,-0.04734934297448737,0.04734934297448737,False
random_bp,expectation_value,same_entangling_gate_count,bcw_6q_random_bp,hea,RX_RY_RZ_CNOT,none,circular,cnot,local,6,4,3,20,18,6,41,2,2,0,RZ,2,38,layer_002_wire_000_RZ,-2.259049172547428e-17,2.259049172547428e-17,True
random_bp,expectation_value,same_entangling_gate_count,bcw_6q_random_bp,hea,RX_RY_RZ_CNOT,none,circular,cnot,local,6,4,3,20,18,6,41,2,2,1,RX,0,39,layer_002_wire_001_RX,-0.02145942876668282,0.02145942876668282,False
random_bp,expectation_value,same_entangling_gate_count,bcw_6q_random_bp,hea,RX_RY_RZ_CNOT,none,circular,cnot,local,6,4,3,20,18,6,41,2,2,1,RY,1,40,layer_002_wire_001_RY,0.005205415837521294,0.005205415837521294,False
random_bp,expectation_value,same_entangling_gate_count,bcw_6q_random_bp,hea,RX_RY_RZ_CNOT,none,circular,cnot,local,6,4,3,20,18,6,41,2,2,1,RZ,2,41,layer_002_wire_001_RZ,1.510487717023144e-17,1.510487717023144e-17,True
random_bp,expectation_value,same_entangling_gate_count,bcw_6q_random_bp,hea,RX_RY_RZ_CNOT,none,circular,cnot,local,6,4,3,20,18,6,41,2,2,2,RX,0,42,layer_002_wire_002_RX,0.0030546919410255986,0.0030546919410255986,False
random_bp,expectation_value,same_entangling_gate_count,bcw_6q_random_bp,hea,RX_RY_RZ_CNOT,none,circular,cnot,local,6,4,3,20,18,6,41,2,2,2,RY,1,43,layer_002_wire_002_RY,-0.01974014465982962,0.01974014465982962,False
random_bp,expectation_value,same_entangling_gate_count,bcw_6q_random_bp,hea,RX_RY_RZ_CNOT,none,circular,cnot,local,6,4,3,20,18,6,41,2,2,2,RZ,2,44,layer_002_wire_002_RZ,5.635689717680503e-18,5.635689717680503e-18,True
random_bp,expectation_value,same_entangling_gate_count,bcw_6q_random_bp,hea,RX_RY_RZ_CNOT,none,circular,cnot,local,6,4,3,20,18,6,41,2,2,3,RX,0,45,layer_002_wire_003_RX,0.01896785633362693,0.01896785633362693,False
random_bp,expectation_value,same_entangling_gate_count,bcw_6q_random_bp,hea,RX_RY_RZ_CNOT,none,circular,cnot,local,6,4,3,20,18,6,41,2,2,3,RY,1,46,layer_002_wire_003_RY,0.009164443200194723,0.009164443200194723,False
random_bp,expectation_value,same_entangling_gate_count,bcw_6q_random_bp,hea,RX_RY_RZ_CNOT,none,circular,cnot,local,6,4,3,20,18,6,41,2,2,3,RZ,2,47,layer_002_wire_003_RZ,1.252735143344694e-17,1.252735143344694e-17,True
random_bp,expectation_value,same_entangling_gate_count,bcw_6q_random_bp,hea,RX_RY_RZ_CNOT,none,circular,cnot,local,6,4,3,20,18,6,41,2,2,4,RX,0,48,layer_002_wire_004_RX,-0.023562746186775636,0.023562746186775636,False
random_bp,expectation_value,same_entangling_gate_count,bcw_6q_random_bp,hea,RX_RY_RZ_CNOT,none,circular,cnot,local,6,4,3,20,18,6,41,2,2,4,RY,1,49,layer_002_wire_004_RY,0.015519225615345609,0.015519225615345609,False
random_bp,expectation_value,same_entangling_gate_count,bcw_6q_random_bp,hea,RX_RY_RZ_CNOT,none,circular,cnot,local,6,4,3,20,18,6,41,2,2,4,RZ,2,50,layer_002_wire_004_RZ,1.980191600675836e-18,1.980191600675836e-18,True
random_bp,expectation_value,same_entangling_gate_count,bcw_6q_random_bp,hea,RX_RY_RZ_CNOT,none,circular,cnot,local,6,4,3,20,18,6,41,2,2,5,RX,0,51,layer_002_wire_005_RX,-0.010988813169625968,0.010988813169625968,False
random_bp,expectation_value,same_entangling_gate_count,bcw_6q_random_bp,hea,RX_RY_RZ_CNOT,none,circular,cnot,local,6,4,3,20,18,6,41,2,2,5,RY,1,52,layer_002_wire_005_RY,0.009438956352212601,0.009438956352212601,False
random_bp,expectation_value,same_entangling_gate_count,bcw_6q_random_bp,hea,RX_RY_RZ_CNOT,none,circular,cnot,local,6,4,3,20,18,6,41,2,2,5,RZ,2,53,layer_002_wire_005_RZ,1.9060662642503568e-18,1.9060662642503568e-18,True
random_bp,expectation_value,same_entangling_gate_count,bcw_6q_random_bp,hea,RX_RY_RZ_CNOT,none,linear,cnot,global,6,4,4,20,20,5,42,0,0,0,RX,0,0,layer_000_wire_000_RX,0.017469446459979512,0.017469446459979512,False
random_bp,expectation_value,same_entangling_gate_count,bcw_6q_random_bp,hea,RX_RY_RZ_CNOT,none,linear,cnot,global,6,4,4,20,20,5,42,0,0,0,RY,1,1,layer_000_wire_000_RY,-0.07430543200338406,0.07430543200338406,False
random_bp,expectation_value,same_entangling_gate_count,bcw_6q_random_bp,hea,RX_RY_RZ_CNOT,none,linear,cnot,global,6,4,4,20,20,5,42,0,0,0,RZ,2,2,layer_000_wire_000_RZ,0.006619840596372852,0.006619840596372852,False
random_bp,expectation_value,same_entangling_gate_count,bcw_6q_random_bp,hea,RX_RY_RZ_CNOT,none,linear,cnot,global,6,4,4,20,20,5,42,0,0,1,RX,0,3,layer_000_wire_001_RX,0.09827516132819408,0.09827516132819408,False
random_bp,expectation_value,same_entangling_gate_count,bcw_6q_random_bp,hea,RX_RY_RZ_CNOT,none,linear,cnot,global,6,4,4,20,20,5,42,0,0,1,RY,1,4,layer_000_wire_001_RY,-0.025261504485856463,0.025261504485856463,False
random_bp,expectation_value,same_entangling_gate_count,bcw_6q_random_bp,hea,RX_RY_RZ_CNOT,none,linear,cnot,global,6,4,4,20,20,5,42,0,0,1,RZ,2,5,layer_000_wire_001_RZ,-0.08959205840706091,0.08959205840706091,False
random_bp,expectation_value,same_entangling_gate_count,bcw_6q_random_bp,hea,RX_RY_RZ_CNOT,none,linear,cnot,global,6,4,4,20,20,5,42,0,0,2,RX,0,6,layer_000_wire_002_RX,-0.08544331996288942,0.08544331996288942,False
random_bp,expectation_value,same_entangling_gate_count,bcw_6q_random_bp,hea,RX_RY_RZ_CNOT,none,linear,cnot,global,6,4,4,20,20,5,42,0,0,2,RY,1,7,layer_000_wire_002_RY,0.05995518006252372,0.05995518006252372,False
random_bp,expectation_value,same_entangling_gate_count,bcw_6q_random_bp,hea,RX_RY_RZ_CNOT,none,linear,cnot,global,6,4,4,20,20,5,42,0,0,2,RZ,2,8,layer_000_wire_002_RZ,0.09083776279467229,0.09083776279467229,False
random_bp,expectation_value,same_entangling_gate_count,bcw_6q_random_bp,hea,RX_RY_RZ_CNOT,none,linear,cnot,global,6,4,4,20,20,5,42,0,0,3,RX,0,9,layer_000_wire_003_RX,0.060503264656510174,0.060503264656510174,False
random_bp,expectation_value,same_entangling_gate_count,bcw_6q_random_bp,hea,RX_RY_RZ_CNOT,none,linear,cnot,global,6,4,4,20,20,5,42,0,0,3,RY,1,10,layer_000_wire_003_RY,-0.02225315644586537,0.02225315644586537,False
random_bp,expectation_value,same_entangling_gate_count,bcw_6q_random_bp,hea,RX_RY_RZ_CNOT,none,linear,cnot,global,6,4,4,20,20,5,42,0,0,3,RZ,2,11,layer_000_wire_003_RZ,-0.05926445032743535,0.05926445032743535,False
random_bp,expectation_value,same_entangling_gate_count,bcw_6q_random_bp,hea,RX_RY_RZ_CNOT,none,linear,cnot,global,6,4,4,20,20,5,42,0,0,4,RX,0,12,layer_000_wire_004_RX,0.006369503040007659,0.006369503040007659,False
random_bp,expectation_value,same_entangling_gate_count,bcw_6q_random_bp,hea,RX_RY_RZ_CNOT,none,linear,cnot,global,6,4,4,20,20,5,42,0,0,4,RY,1,13,layer_000_wire_004_RY,-0.04790069042669189,0.04790069042669189,False
random_bp,expectation_value,same_entangling_gate_count,bcw_6q_random_bp,hea,RX_RY_RZ_CNOT,none,linear,cnot,global,6,4,4,20,20,5,42,0,0,4,RZ,2,14,layer_000_wire_004_RZ,-0.05720145697667192,0.05720145697667192,False
random_bp,expectation_value,same_entangling_gate_count,bcw_6q_random_bp,hea,RX_RY_RZ_CNOT,none,linear,cnot,global,6,4,4,20,20,5,42,0,0,5,RX,0,15,layer_000_wire_005_RX,-0.04914358470629221,0.04914358470629221,False
random_bp,expectation_value,same_entangling_gate_count,bcw_6q_random_bp,hea,RX_RY_RZ_CNOT,none,linear,cnot,global,6,4,4,20,20,5,42,0,0,5,RY,1,16,layer_000_wire_005_RY,-0.005401869568015229,0.005401869568015229,False
random_bp,expectation_value,same_entangling_gate_count,bcw_6q_random_bp,hea,RX_RY_RZ_CNOT,none,linear,cnot,global,6,4,4,20,20,5,42,0,0,5,RZ,2,17,layer_000_wire_005_RZ,0.044223252192749876,0.044223252192749876,False
random_bp,expectation_value,same_entangling_gate_count,bcw_6q_random_bp,hea,RX_RY_RZ_CNOT,none,linear,cnot,global,6,4,4,20,20,5,42,0,1,0,RX,0,18,layer_001_wire_000_RX,-0.05274679566844791,0.05274679566844791,False
random_bp,expectation_value,same_entangling_gate_count,bcw_6q_random_bp,hea,RX_RY_RZ_CNOT,none,linear,cnot,global,6,4,4,20,20,5,42,0,1,0,RY,1,19,layer_001_wire_000_RY,0.030778819457446482,0.030778819457446482,False
random_bp,expectation_value,same_entangling_gate_count,bcw_6q_random_bp,hea,RX_RY_RZ_CNOT,none,linear,cnot,global,6,4,4,20,20,5,42,0,1,0,RZ,2,20,layer_001_wire_000_RZ,-0.0898645808847246,0.0898645808847246,False
random_bp,expectation_value,same_entangling_gate_count,bcw_6q_random_bp,hea,RX_RY_RZ_CNOT,none,linear,cnot,global,6,4,4,20,20,5,42,0,1,1,RX,0,21,layer_001_wire_001_RX,0.06447518030824217,0.06447518030824217,False
random_bp,expectation_value,same_entangling_gate_count,bcw_6q_random_bp,hea,RX_RY_RZ_CNOT,none,linear,cnot,global,6,4,4,20,20,5,42,0,1,1,RY,1,22,layer_001_wire_001_RY,0.020902058895438242,0.020902058895438242,False
random_bp,expectation_value,same_entangling_gate_count,bcw_6q_random_bp,hea,RX_RY_RZ_CNOT,none,linear,cnot,global,6,4,4,20,20,5,42,0,1,1,RZ,2,23,layer_001_wire_001_RZ,-0.0534854715007787,0.0534854715007787,False
random_bp,expectation_value,same_entangling_gate_count,bcw_6q_random_bp,hea,RX_RY_RZ_CNOT,none,linear,cnot,global,6,4,4,20,20,5,42,0,1,2,RX,0,24,layer_001_wire_002_RX,0.03777542822400218,0.03777542822400218,False
random_bp,expectation_value,same_entangling_gate_count,bcw_6q_random_bp,hea,RX_RY_RZ_CNOT,none,linear,cnot,global,6,4,4,20,20,5,42,0,1,2,RY,1,25,layer_001_wire_002_RY,-0.047369530766617984,0.047369530766617984,False
random_bp,expectation_value,same_entangling_gate_count,bcw_6q_random_bp,hea,RX_RY_RZ_CNOT,none,linear,cnot,global,6,4,4,20,20,5,42,0,1,2,RZ,2,26,layer_001_wire_002_RZ,0.015491893667898202,0.015491893667898202,False
random_bp,expectation_value,same_entangling_gate_count,bcw_6q_random_bp,hea,RX_RY_RZ_CNOT,none,linear,cnot,global,6,4,4,20,20,5,42,0,1,3,RX,0,27,layer_001_wire_003_RX,0.024209787522120954,0.024209787522120954,False
random_bp,expectation_value,same_entangling_gate_count,bcw_6q_random_bp,hea,RX_RY_RZ_CNOT,none,linear,cnot,global,6,4,4,20,20,5,42,0,1,3,RY,1,28,layer_001_wire_003_RY,0.1445525316271571,0.1445525316271571,False
random_bp,expectation_value,same_entangling_gate_count,bcw_6q_random_bp,hea,RX_RY_RZ_CNOT,none,linear,cnot,global,6,4,4,20,20,5,42,0,1,3,RZ,2,29,layer_001_wire_003_RZ,0.01019134985489754,0.01019134985489754,False
random_bp,expectation_value,same_entangling_gate_count,bcw_6q_random_bp,hea,RX_RY_RZ_CNOT,none,linear,cnot,global,6,4,4,20,20,5,42,0,1,4,RX,0,30,layer_001_wire_004_RX,-0.03260641377708207,0.03260641377708207,False
random_bp,expectation_value,same_entangling_gate_count,bcw_6q_random_bp,hea,RX_RY_RZ_CNOT,none,linear,cnot,global,6,4,4,20,20,5,42,0,1,4,RY,1,31,layer_001_wire_004_RY,0.2600102958402244,0.2600102958402244,False
random_bp,expectation_value,same_entangling_gate_count,bcw_6q_random_bp,hea,RX_RY_RZ_CNOT,none,linear,cnot,global,6,4,4,20,20,5,42,0,1,4,RZ,2,32,layer_001_wire_004_RZ,-0.05698771973334682,0.05698771973334682,False
random_bp,expectation_value,same_entangling_gate_count,bcw_6q_random_bp,hea,RX_RY_RZ_CNOT,none,linear,cnot,global,6,4,4,20,20,5,42,0,1,5,RX,0,33,layer_001_wire_005_RX,0.024543573459026392,0.024543573459026392,False
random_bp,expectation_value,same_entangling_gate_count,bcw_6q_random_bp,hea,RX_RY_RZ_CNOT,none,linear,cnot,global,6,4,4,20,20,5,42,0,1,5,RY,1,34,layer_001_wire_005_RY,-0.056267063899883375,0.056267063899883375,False
random_bp,expectation_value,same_entangling_gate_count,bcw_6q_random_bp,hea,RX_RY_RZ_CNOT,none,linear,cnot,global,6,4,4,20,20,5,42,0,1,5,RZ,2,35,layer_001_wire_005_RZ,-0.24868007148208326,0.24868007148208326,False
random_bp,expectation_value,same_entangling_gate_count,bcw_6q_random_bp,hea,RX_RY_RZ_CNOT,none,linear,cnot,global,6,4,4,20,20,5,42,0,2,0,RX,0,36,layer_002_wire_000_RX,0.10276323034098324,0.10276323034098324,False
random_bp,expectation_value,same_entangling_gate_count,bcw_6q_random_bp,hea,RX_RY_RZ_CNOT,none,linear,cnot,global,6,4,4,20,20,5,42,0,2,0,RY,1,37,layer_002_wire_000_RY,-0.05210991925638127,0.05210991925638127,False
random_bp,expectation_value,same_entangling_gate_count,bcw_6q_random_bp,hea,RX_RY_RZ_CNOT,none,linear,cnot,global,6,4,4,20,20,5,42,0,2,0,RZ,2,38,layer_002_wire_000_RZ,3.0042592633824045e-17,3.0042592633824045e-17,True
random_bp,expectation_value,same_entangling_gate_count,bcw_6q_random_bp,hea,RX_RY_RZ_CNOT,none,linear,cnot,global,6,4,4,20,20,5,42,0,2,1,RX,0,39,layer_002_wire_001_RX,-0.1200477389096549,0.1200477389096549,False
random_bp,expectation_value,same_entangling_gate_count,bcw_6q_random_bp,hea,RX_RY_RZ_CNOT,none,linear,cnot,global,6,4,4,20,20,5,42,0,2,1,RY,1,40,layer_002_wire_001_RY,0.10462898476123164,0.10462898476123164,False
random_bp,expectation_value,same_entangling_gate_count,bcw_6q_random_bp,hea,RX_RY_RZ_CNOT,none,linear,cnot,global,6,4,4,20,20,5,42,0,2,1,RZ,2,41,layer_002_wire_001_RZ,0.14824093228121843,0.14824093228121843,False
random_bp,expectation_value,same_entangling_gate_count,bcw_6q_random_bp,hea,RX_RY_RZ_CNOT,none,linear,cnot,global,6,4,4,20,20,5,42,0,2,2,RX,0,42,layer_002_wire_002_RX,0.14254107127729534,0.14254107127729534,False
random_bp,expectation_value,same_entangling_gate_count,bcw_6q_random_bp,hea,RX_RY_RZ_CNOT,none,linear,cnot,global,6,4,4,20,20,5,42,0,2,2,RY,1,43,layer_002_wire_002_RY,-0.15825479790152858,0.15825479790152858,False
random_bp,expectation_value,same_entangling_gate_count,bcw_6q_random_bp,hea,RX_RY_RZ_CNOT,none,linear,cnot,global,6,4,4,20,20,5,42,0,2,2,RZ,2,44,layer_002_wire_002_RZ,0.2259629626111327,0.2259629626111327,False
random_bp,expectation_value,same_entangling_gate_count,bcw_6q_random_bp,hea,RX_RY_RZ_CNOT,none,linear,cnot,global,6,4,4,20,20,5,42,0,2,3,RX,0,45,layer_002_wire_003_RX,-0.06330058071500366,0.06330058071500366,False
random_bp,expectation_value,same_entangling_gate_count,bcw_6q_random_bp,hea,RX_RY_RZ_CNOT,none,linear,cnot,global,6,4,4,20,20,5,42,0,2,3,RY,1,46,layer_002_wire_003_RY,0.18929952091220095,0.18929952091220095,False
random_bp,expectation_value,same_entangling_gate_count,bcw_6q_random_bp,hea,RX_RY_RZ_CNOT,none,linear,cnot,global,6,4,4,20,20,5,42,0,2,3,RZ,2,47,layer_002_wire_003_RZ,-0.09465100387308634,0.09465100387308634,False
random_bp,expectation_value,same_entangling_gate_count,bcw_6q_random_bp,hea,RX_RY_RZ_CNOT,none,linear,cnot,global,6,4,4,20,20,5,42,0,2,4,RX,0,48,layer_002_wire_004_RX,-0.07008487930413461,0.07008487930413461,False
random_bp,expectation_value,same_entangling_gate_count,bcw_6q_random_bp,hea,RX_RY_RZ_CNOT,none,linear,cnot,global,6,4,4,20,20,5,42,0,2,4,RY,1,49,layer_002_wire_004_RY,-0.1989474692075412,0.1989474692075412,False
random_bp,expectation_value,same_entangling_gate_count,bcw_6q_random_bp,hea,RX_RY_RZ_CNOT,none,linear,cnot,global,6,4,4,20,20,5,42,0,2,4,RZ,2,50,layer_002_wire_004_RZ,0.16251220448926731,0.16251220448926731,False
random_bp,expectation_value,same_entangling_gate_count,bcw_6q_random_bp,hea,RX_RY_RZ_CNOT,none,linear,cnot,global,6,4,4,20,20,5,42,0,2,5,RX,0,51,layer_002_wire_005_RX,-0.05786294684402922,0.05786294684402922,False
random_bp,expectation_value,same_entangling_gate_count,bcw_6q_random_bp,hea,RX_RY_RZ_CNOT,none,linear,cnot,global,6,4,4,20,20,5,42,0,2,5,RY,1,52,layer_002_wire_005_RY,0.23514085112100291,0.23514085112100291,False
random_bp,expectation_value,same_entangling_gate_count,bcw_6q_random_bp,hea,RX_RY_RZ_CNOT,none,linear,cnot,global,6,4,4,20,20,5,42,0,2,5,RZ,2,53,layer_002_wire_005_RZ,0.12438649023268647,0.12438649023268647,False
random_bp,expectation_value,same_entangling_gate_count,bcw_6q_random_bp,hea,RX_RY_RZ_CNOT,none,linear,cnot,global,6,4,4,20,20,5,42,0,3,0,RX,0,54,layer_003_wire_000_RX,-2.0816681711721685e-17,2.0816681711721685e-17,True
random_bp,expectation_value,same_entangling_gate_count,bcw_6q_random_bp,hea,RX_RY_RZ_CNOT,none,linear,cnot,global,6,4,4,20,20,5,42,0,3,0,RY,1,55,layer_003_wire_000_RY,-1.734723475976807e-17,1.734723475976807e-17,True
random_bp,expectation_value,same_entangling_gate_count,bcw_6q_random_bp,hea,RX_RY_RZ_CNOT,none,linear,cnot,global,6,4,4,20,20,5,42,0,3,0,RZ,2,56,layer_003_wire_000_RZ,-3.268061978443822e-17,3.268061978443822e-17,True
random_bp,expectation_value,same_entangling_gate_count,bcw_6q_random_bp,hea,RX_RY_RZ_CNOT,none,linear,cnot,global,6,4,4,20,20,5,42,0,3,1,RX,0,57,layer_003_wire_001_RX,-0.009856782305235443,0.009856782305235443,False
random_bp,expectation_value,same_entangling_gate_count,bcw_6q_random_bp,hea,RX_RY_RZ_CNOT,none,linear,cnot,global,6,4,4,20,20,5,42,0,3,1,RY,1,58,layer_003_wire_001_RY,-0.015876657275717812,0.015876657275717812,False
random_bp,expectation_value,same_entangling_gate_count,bcw_6q_random_bp,hea,RX_RY_RZ_CNOT,none,linear,cnot,global,6,4,4,20,20,5,42,0,3,1,RZ,2,59,layer_003_wire_001_RZ,5.482411812556948e-18,5.482411812556948e-18,True
random_bp,expectation_value,same_entangling_gate_count,bcw_6q_random_bp,hea,RX_RY_RZ_CNOT,none,linear,cnot,global,6,4,4,20,20,5,42,0,3,2,RX,0,60,layer_003_wire_002_RX,3.469446951953614e-18,3.469446951953614e-18,True
random_bp,expectation_value,same_entangling_gate_count,bcw_6q_random_bp,hea,RX_RY_RZ_CNOT,none,linear,cnot,global,6,4,4,20,20,5,42,0,3,2,RY,1,61,layer_003_wire_002_RY,3.469446951953614e-17,3.469446951953614e-17,True
random_bp,expectation_value,same_entangling_gate_count,bcw_6q_random_bp,hea,RX_RY_RZ_CNOT,none,linear,cnot,global,6,4,4,20,20,5,42,0,3,2,RZ,2,62,layer_003_wire_002_RZ,-3.330211906539715e-19,3.330211906539715e-19,True
random_bp,expectation_value,same_entangling_gate_count,bcw_6q_random_bp,hea,RX_RY_RZ_CNOT,none,linear,cnot,global,6,4,4,20,20,5,42,0,3,3,RX,0,63,layer_003_wire_003_RX,-0.07094612248151293,0.07094612248151293,False
random_bp,expectation_value,same_entangling_gate_count,bcw_6q_random_bp,hea,RX_RY_RZ_CNOT,none,linear,cnot,global,6,4,4,20,20,5,42,0,3,3,RY,1,64,layer_003_wire_003_RY,0.12206811494661285,0.12206811494661285,False
random_bp,expectation_value,same_entangling_gate_count,bcw_6q_random_bp,hea,RX_RY_RZ_CNOT,none,linear,cnot,global,6,4,4,20,20,5,42,0,3,3,RZ,2,65,layer_003_wire_003_RZ,2.811262372600243e-17,2.811262372600243e-17,True
random_bp,expectation_value,same_entangling_gate_count,bcw_6q_random_bp,hea,RX_RY_RZ_CNOT,none,linear,cnot,global,6,4,4,20,20,5,42,0,3,4,RX,0,66,layer_003_wire_004_RX,-6.938893903907228e-18,6.938893903907228e-18,True
random_bp,expectation_value,same_entangling_gate_count,bcw_6q_random_bp,hea,RX_RY_RZ_CNOT,none,linear,cnot,global,6,4,4,20,20,5,42,0,3,4,RY,1,67,layer_003_wire_004_RY,-5.204170427930421e-17,5.204170427930421e-17,True
random_bp,expectation_value,same_entangling_gate_count,bcw_6q_random_bp,hea,RX_RY_RZ_CNOT,none,linear,cnot,global,6,4,4,20,20,5,42,0,3,4,RZ,2,68,layer_003_wire_004_RZ,5.401964562269117e-18,5.401964562269117e-18,True
random_bp,expectation_value,same_entangling_gate_count,bcw_6q_random_bp,hea,RX_RY_RZ_CNOT,none,linear,cnot,global,6,4,4,20,20,5,42,0,3,5,RX,0,69,layer_003_wire_005_RX,0.12285489020598887,0.12285489020598887,False
random_bp,expectation_value,same_entangling_gate_count,bcw_6q_random_bp,hea,RX_RY_RZ_CNOT,none,linear,cnot,global,6,4,4,20,20,5,42,0,3,5,RY,1,70,layer_003_wire_005_RY,0.12962612890025987,0.12962612890025987,False
random_bp,expectation_value,same_entangling_gate_count,bcw_6q_random_bp,hea,RX_RY_RZ_CNOT,none,linear,cnot,global,6,4,4,20,20,5,42,0,3,5,RZ,2,71,layer_003_wire_005_RZ,-9.744183065256005e-18,9.744183065256005e-18,True
random_bp,expectation_value,same_entangling_gate_count,bcw_6q_random_bp,hea,RX_RY_RZ_CNOT,none,linear,cnot,global,6,4,4,20,20,5,43,1,0,0,RX,0,0,layer_000_wire_000_RX,0.04154112376052682,0.04154112376052682,False
random_bp,expectation_value,same_entangling_gate_count,bcw_6q_random_bp,hea,RX_RY_RZ_CNOT,none,linear,cnot,global,6,4,4,20,20,5,43,1,0,0,RY,1,1,layer_000_wire_000_RY,-0.14227727945307403,0.14227727945307403,False
random_bp,expectation_value,same_entangling_gate_count,bcw_6q_random_bp,hea,RX_RY_RZ_CNOT,none,linear,cnot,global,6,4,4,20,20,5,43,1,0,0,RZ,2,2,layer_000_wire_000_RZ,-0.002642978550447033,0.002642978550447033,False
random_bp,expectation_value,same_entangling_gate_count,bcw_6q_random_bp,hea,RX_RY_RZ_CNOT,none,linear,cnot,global,6,4,4,20,20,5,43,1,0,1,RX,0,3,layer_000_wire_001_RX,-0.13578247123157688,0.13578247123157688,False
random_bp,expectation_value,same_entangling_gate_count,bcw_6q_random_bp,hea,RX_RY_RZ_CNOT,none,linear,cnot,global,6,4,4,20,20,5,43,1,0,1,RY,1,4,layer_000_wire_001_RY,-0.012009430861024434,0.012009430861024434,False
random_bp,expectation_value,same_entangling_gate_count,bcw_6q_random_bp,hea,RX_RY_RZ_CNOT,none,linear,cnot,global,6,4,4,20,20,5,43,1,0,1,RZ,2,5,layer_000_wire_001_RZ,-0.12414289926280368,0.12414289926280368,False
random_bp,expectation_value,same_entangling_gate_count,bcw_6q_random_bp,hea,RX_RY_RZ_CNOT,none,linear,cnot,global,6,4,4,20,20,5,43,1,0,2,RX,0,6,layer_000_wire_002_RX,0.0016414184123679926,0.0016414184123679926,False
random_bp,expectation_value,same_entangling_gate_count,bcw_6q_random_bp,hea,RX_RY_RZ_CNOT,none,linear,cnot,global,6,4,4,20,20,5,43,1,0,2,RY,1,7,layer_000_wire_002_RY,-0.040826137982358957,0.040826137982358957,False
random_bp,expectation_value,same_entangling_gate_count,bcw_6q_random_bp,hea,RX_RY_RZ_CNOT,none,linear,cnot,global,6,4,4,20,20,5,43,1,0,2,RZ,2,8,layer_000_wire_002_RZ,0.06558220265196747,0.06558220265196747,False
random_bp,expectation_value,same_entangling_gate_count,bcw_6q_random_bp,hea,RX_RY_RZ_CNOT,none,linear,cnot,global,6,4,4,20,20,5,43,1,0,3,RX,0,9,layer_000_wire_003_RX,0.002253083189217131,0.002253083189217131,False
random_bp,expectation_value,same_entangling_gate_count,bcw_6q_random_bp,hea,RX_RY_RZ_CNOT,none,linear,cnot,global,6,4,4,20,20,5,43,1,0,3,RY,1,10,layer_000_wire_003_RY,0.104618567271094,0.104618567271094,False
random_bp,expectation_value,same_entangling_gate_count,bcw_6q_random_bp,hea,RX_RY_RZ_CNOT,none,linear,cnot,global,6,4,4,20,20,5,43,1,0,3,RZ,2,11,layer_000_wire_003_RZ,-0.002656422661704558,0.002656422661704558,False
random_bp,expectation_value,same_entangling_gate_count,bcw_6q_random_bp,hea,RX_RY_RZ_CNOT,none,linear,cnot,global,6,4,4,20,20,5,43,1,0,4,RX,0,12,layer_000_wire_004_RX,-0.04457757622558314,0.04457757622558314,False
random_bp,expectation_value,same_entangling_gate_count,bcw_6q_random_bp,hea,RX_RY_RZ_CNOT,none,linear,cnot,global,6,4,4,20,20,5,43,1,0,4,RY,1,13,layer_000_wire_004_RY,0.011013859190251357,0.011013859190251357,False
random_bp,expectation_value,same_entangling_gate_count,bcw_6q_random_bp,hea,RX_RY_RZ_CNOT,none,linear,cnot,global,6,4,4,20,20,5,43,1,0,4,RZ,2,14,layer_000_wire_004_RZ,0.048094089011500626,0.048094089011500626,False
random_bp,expectation_value,same_entangling_gate_count,bcw_6q_random_bp,hea,RX_RY_RZ_CNOT,none,linear,cnot,global,6,4,4,20,20,5,43,1,0,5,RX,0,15,layer_000_wire_005_RX,0.006900424607021654,0.006900424607021654,False
random_bp,expectation_value,same_entangling_gate_count,bcw_6q_random_bp,hea,RX_RY_RZ_CNOT,none,linear,cnot,global,6,4,4,20,20,5,43,1,0,5,RY,1,16,layer_000_wire_005_RY,0.008177700606075818,0.008177700606075818,False
random_bp,expectation_value,same_entangling_gate_count,bcw_6q_random_bp,hea,RX_RY_RZ_CNOT,none,linear,cnot,global,6,4,4,20,20,5,43,1,0,5,RZ,2,17,layer_000_wire_005_RZ,0.0067862699504976295,0.0067862699504976295,False
random_bp,expectation_value,same_entangling_gate_count,bcw_6q_random_bp,hea,RX_RY_RZ_CNOT,none,linear,cnot,global,6,4,4,20,20,5,43,1,1,0,RX,0,18,layer_001_wire_000_RX,0.09025474526250593,0.09025474526250593,False
random_bp,expectation_value,same_entangling_gate_count,bcw_6q_random_bp,hea,RX_RY_RZ_CNOT,none,linear,cnot,global,6,4,4,20,20,5,43,1,1,0,RY,1,19,layer_001_wire_000_RY,-0.05628886839947505,0.05628886839947505,False
random_bp,expectation_value,same_entangling_gate_count,bcw_6q_random_bp,hea,RX_RY_RZ_CNOT,none,linear,cnot,global,6,4,4,20,20,5,43,1,1,0,RZ,2,20,layer_001_wire_000_RZ,0.07624358486682832,0.07624358486682832,False
random_bp,expectation_value,same_entangling_gate_count,bcw_6q_random_bp,hea,RX_RY_RZ_CNOT,none,linear,cnot,global,6,4,4,20,20,5,43,1,1,1,RX,0,21,layer_001_wire_001_RX,0.07671614576674991,0.07671614576674991,False
random_bp,expectation_value,same_entangling_gate_count,bcw_6q_random_bp,hea,RX_RY_RZ_CNOT,none,linear,cnot,global,6,4,4,20,20,5,43,1,1,1,RY,1,22,layer_001_wire_001_RY,0.07891369983892794,0.07891369983892794,False
random_bp,expectation_value,same_entangling_gate_count,bcw_6q_random_bp,hea,RX_RY_RZ_CNOT,none,linear,cnot,global,6,4,4,20,20,5,43,1,1,1,RZ,2,23,layer_001_wire_001_RZ,0.11083880967078197,0.11083880967078197,False
random_bp,expectation_value,same_entangling_gate_count,bcw_6q_random_bp,hea,RX_RY_RZ_CNOT,none,linear,cnot,global,6,4,4,20,20,5,43,1,1,2,RX,0,24,layer_001_wire_002_RX,0.021299602727084827,0.021299602727084827,False
random_bp,expectation_value,same_entangling_gate_count,bcw_6q_random_bp,hea,RX_RY_RZ_CNOT,none,linear,cnot,global,6,4,4,20,20,5,43,1,1,2,RY,1,25,layer_001_wire_002_RY,-0.23587698000517568,0.23587698000517568,False
random_bp,expectation_value,same_entangling_gate_count,bcw_6q_random_bp,hea,RX_RY_RZ_CNOT,none,linear,cnot,global,6,4,4,20,20,5,43,1,1,2,RZ,2,26,layer_001_wire_002_RZ,-0.025237628044692227,0.025237628044692227,False
random_bp,expectation_value,same_entangling_gate_count,bcw_6q_random_bp,hea,RX_RY_RZ_CNOT,none,linear,cnot,global,6,4,4,20,20,5,43,1,1,3,RX,0,27,layer_001_wire_003_RX,-0.013991546267294971,0.013991546267294971,False
random_bp,expectation_value,same_entangling_gate_count,bcw_6q_random_bp,hea,RX_RY_RZ_CNOT,none,linear,cnot,global,6,4,4,20,20,5,43,1,1,3,RY,1,28,layer_001_wire_003_RY,0.1067372446264383,0.1067372446264383,False
random_bp,expectation_value,same_entangling_gate_count,bcw_6q_random_bp,hea,RX_RY_RZ_CNOT,none,linear,cnot,global,6,4,4,20,20,5,43,1,1,3,RZ,2,29,layer_001_wire_003_RZ,-0.012506985767768423,0.012506985767768423,False
random_bp,expectation_value,same_entangling_gate_count,bcw_6q_random_bp,hea,RX_RY_RZ_CNOT,none,linear,cnot,global,6,4,4,20,20,5,43,1,1,4,RX,0,30,layer_001_wire_004_RX,0.004936975534769797,0.004936975534769797,False
random_bp,expectation_value,same_entangling_gate_count,bcw_6q_random_bp,hea,RX_RY_RZ_CNOT,none,linear,cnot,global,6,4,4,20,20,5,43,1,1,4,RY,1,31,layer_001_wire_004_RY,-0.023997819045071422,0.023997819045071422,False
random_bp,expectation_value,same_entangling_gate_count,bcw_6q_random_bp,hea,RX_RY_RZ_CNOT,none,linear,cnot,global,6,4,4,20,20,5,43,1,1,4,RZ,2,32,layer_001_wire_004_RZ,-0.05810334092260307,0.05810334092260307,False
random_bp,expectation_value,same_entangling_gate_count,bcw_6q_random_bp,hea,RX_RY_RZ_CNOT,none,linear,cnot,global,6,4,4,20,20,5,43,1,1,5,RX,0,33,layer_001_wire_005_RX,0.0024129313835674904,0.0024129313835674904,False
random_bp,expectation_value,same_entangling_gate_count,bcw_6q_random_bp,hea,RX_RY_RZ_CNOT,none,linear,cnot,global,6,4,4,20,20,5,43,1,1,5,RY,1,34,layer_001_wire_005_RY,0.08019226636306818,0.08019226636306818,False
random_bp,expectation_value,same_entangling_gate_count,bcw_6q_random_bp,hea,RX_RY_RZ_CNOT,none,linear,cnot,global,6,4,4,20,20,5,43,1,1,5,RZ,2,35,layer_001_wire_005_RZ,0.043527905659150073,0.043527905659150073,False
random_bp,expectation_value,same_entangling_gate_count,bcw_6q_random_bp,hea,RX_RY_RZ_CNOT,none,linear,cnot,global,6,4,4,20,20,5,43,1,2,0,RX,0,36,layer_002_wire_000_RX,-0.1999227772777145,0.1999227772777145,False
random_bp,expectation_value,same_entangling_gate_count,bcw_6q_random_bp,hea,RX_RY_RZ_CNOT,none,linear,cnot,global,6,4,4,20,20,5,43,1,2,0,RY,1,37,layer_002_wire_000_RY,0.16675660379990936,0.16675660379990936,False
random_bp,expectation_value,same_entangling_gate_count,bcw_6q_random_bp,hea,RX_RY_RZ_CNOT,none,linear,cnot,global,6,4,4,20,20,5,43,1,2,0,RZ,2,38,layer_002_wire_000_RZ,-2.6003581183047704e-17,2.6003581183047704e-17,True
random_bp,expectation_value,same_entangling_gate_count,bcw_6q_random_bp,hea,RX_RY_RZ_CNOT,none,linear,cnot,global,6,4,4,20,20,5,43,1,2,1,RX,0,39,layer_002_wire_001_RX,-0.11289443998007138,0.11289443998007138,False
random_bp,expectation_value,same_entangling_gate_count,bcw_6q_random_bp,hea,RX_RY_RZ_CNOT,none,linear,cnot,global,6,4,4,20,20,5,43,1,2,1,RY,1,40,layer_002_wire_001_RY,0.05338379601956266,0.05338379601956266,False
random_bp,expectation_value,same_entangling_gate_count,bcw_6q_random_bp,hea,RX_RY_RZ_CNOT,none,linear,cnot,global,6,4,4,20,20,5,43,1,2,1,RZ,2,41,layer_002_wire_001_RZ,0.16361588168587907,0.16361588168587907,False
random_bp,expectation_value,same_entangling_gate_count,bcw_6q_random_bp,hea,RX_RY_RZ_CNOT,none,linear,cnot,global,6,4,4,20,20,5,43,1,2,2,RX,0,42,layer_002_wire_002_RX,0.012632650490093433,0.012632650490093433,False
random_bp,expectation_value,same_entangling_gate_count,bcw_6q_random_bp,hea,RX_RY_RZ_CNOT,none,linear,cnot,global,6,4,4,20,20,5,43,1,2,2,RY,1,43,layer_002_wire_002_RY,0.06764330380472519,0.06764330380472519,False
random_bp,expectation_value,same_entangling_gate_count,bcw_6q_random_bp,hea,RX_RY_RZ_CNOT,none,linear,cnot,global,6,4,4,20,20,5,43,1,2,2,RZ,2,44,layer_002_wire_002_RZ,0.005976908919623986,0.005976908919623986,False
random_bp,expectation_value,same_entangling_gate_count,bcw_6q_random_bp,hea,RX_RY_RZ_CNOT,none,linear,cnot,global,6,4,4,20,20,5,43,1,2,3,RX,0,45,layer_002_wire_003_RX,0.0009754128255777495,0.0009754128255777495,False
random_bp,expectation_value,same_entangling_gate_count,bcw_6q_random_bp,hea,RX_RY_RZ_CNOT,none,linear,cnot,global,6,4,4,20,20,5,43,1,2,3,RY,1,46,layer_002_wire_003_RY,-0.0005351499020046571,0.0005351499020046571,False
random_bp,expectation_value,same_entangling_gate_count,bcw_6q_random_bp,hea,RX_RY_RZ_CNOT,none,linear,cnot,global,6,4,4,20,20,5,43,1,2,3,RZ,2,47,layer_002_wire_003_RZ,0.17570375178674957,0.17570375178674957,False
random_bp,expectation_value,same_entangling_gate_count,bcw_6q_random_bp,hea,RX_RY_RZ_CNOT,none,linear,cnot,global,6,4,4,20,20,5,43,1,2,4,RX,0,48,layer_002_wire_004_RX,-0.022429355279125,0.022429355279125,False
random_bp,expectation_value,same_entangling_gate_count,bcw_6q_random_bp,hea,RX_RY_RZ_CNOT,none,linear,cnot,global,6,4,4,20,20,5,43,1,2,4,RY,1,49,layer_002_wire_004_RY,-0.14253664082034714,0.14253664082034714,False
random_bp,expectation_value,same_entangling_gate_count,bcw_6q_random_bp,hea,RX_RY_RZ_CNOT,none,linear,cnot,global,6,4,4,20,20,5,43,1,2,4,RZ,2,50,layer_002_wire_004_RZ,0.12527352885023052,0.12527352885023052,False
random_bp,expectation_value,same_entangling_gate_count,bcw_6q_random_bp,hea,RX_RY_RZ_CNOT,none,linear,cnot,global,6,4,4,20,20,5,43,1,2,5,RX,0,51,layer_002_wire_005_RX,-0.0750585881739208,0.0750585881739208,False
random_bp,expectation_value,same_entangling_gate_count,bcw_6q_random_bp,hea,RX_RY_RZ_CNOT,none,linear,cnot,global,6,4,4,20,20,5,43,1,2,5,RY,1,52,layer_002_wire_005_RY,0.07281579587194037,0.07281579587194037,False
random_bp,expectation_value,same_entangling_gate_count,bcw_6q_random_bp,hea,RX_RY_RZ_CNOT,none,linear,cnot,global,6,4,4,20,20,5,43,1,2,5,RZ,2,53,layer_002_wire_005_RZ,-0.15157535352913215,0.15157535352913215,False
random_bp,expectation_value,same_entangling_gate_count,bcw_6q_random_bp,hea,RX_RY_RZ_CNOT,none,linear,cnot,global,6,4,4,20,20,5,43,1,3,0,RX,0,54,layer_003_wire_000_RX,-2.7755575615628914e-17,2.7755575615628914e-17,True
random_bp,expectation_value,same_entangling_gate_count,bcw_6q_random_bp,hea,RX_RY_RZ_CNOT,none,linear,cnot,global,6,4,4,20,20,5,43,1,3,0,RY,1,55,layer_003_wire_000_RY,4.85722573273506e-17,4.85722573273506e-17,True
random_bp,expectation_value,same_entangling_gate_count,bcw_6q_random_bp,hea,RX_RY_RZ_CNOT,none,linear,cnot,global,6,4,4,20,20,5,43,1,3,0,RZ,2,56,layer_003_wire_000_RZ,-5.581911510756844e-17,5.581911510756844e-17,True
random_bp,expectation_value,same_entangling_gate_count,bcw_6q_random_bp,hea,RX_RY_RZ_CNOT,none,linear,cnot,global,6,4,4,20,20,5,43,1,3,1,RX,0,57,layer_003_wire_001_RX,0.03921220721121539,0.03921220721121539,False
random_bp,expectation_value,same_entangling_gate_count,bcw_6q_random_bp,hea,RX_RY_RZ_CNOT,none,linear,cnot,global,6,4,4,20,20,5,43,1,3,1,RY,1,58,layer_003_wire_001_RY,-0.12084280512474946,0.12084280512474946,False
random_bp,expectation_value,same_entangling_gate_count,bcw_6q_random_bp,hea,RX_RY_RZ_CNOT,none,linear,cnot,global,6,4,4,20,20,5,43,1,3,1,RZ,2,59,layer_003_wire_001_RZ,-2.6637470967542047e-17,2.6637470967542047e-17,True
random_bp,expectation_value,same_entangling_gate_count,bcw_6q_random_bp,hea,RX_RY_RZ_CNOT,none,linear,cnot,global,6,4,4,20,20,5,43,1,3,2,RX,0,60,layer_003_wire_002_RX,5.551115123125783e-17,5.551115123125783e-17,True
random_bp,expectation_value,same_entangling_gate_count,bcw_6q_random_bp,hea,RX_RY_RZ_CNOT,none,linear,cnot,global,6,4,4,20,20,5,43,1,3,2,RY,1,61,layer_003_wire_002_RY,9.540979117872439e-18,9.540979117872439e-18,True
random_bp,expectation_value,same_entangling_gate_count,bcw_6q_random_bp,hea,RX_RY_RZ_CNOT,none,linear,cnot,global,6,4,4,20,20,5,43,1,3,2,RZ,2,62,layer_003_wire_002_RZ,-3.1944245818108873e-17,3.1944245818108873e-17,True
random_bp,expectation_value,same_entangling_gate_count,bcw_6q_random_bp,hea,RX_RY_RZ_CNOT,none,linear,cnot,global,6,4,4,20,20,5,43,1,3,3,RX,0,63,layer_003_wire_003_RX,0.03521819060560692,0.03521819060560692,False
random_bp,expectation_value,same_entangling_gate_count,bcw_6q_random_bp,hea,RX_RY_RZ_CNOT,none,linear,cnot,global,6,4,4,20,20,5,43,1,3,3,RY,1,64,layer_003_wire_003_RY,-0.14188057442122887,0.14188057442122887,False
random_bp,expectation_value,same_entangling_gate_count,bcw_6q_random_bp,hea,RX_RY_RZ_CNOT,none,linear,cnot,global,6,4,4,20,20,5,43,1,3,3,RZ,2,65,layer_003_wire_003_RZ,-5.585312695261498e-17,5.585312695261498e-17,True
random_bp,expectation_value,same_entangling_gate_count,bcw_6q_random_bp,hea,RX_RY_RZ_CNOT,none,linear,cnot,global,6,4,4,20,20,5,43,1,3,4,RX,0,66,layer_003_wire_004_RX,1.3877787807814457e-17,1.3877787807814457e-17,True
random_bp,expectation_value,same_entangling_gate_count,bcw_6q_random_bp,hea,RX_RY_RZ_CNOT,none,linear,cnot,global,6,4,4,20,20,5,43,1,3,4,RY,1,67,layer_003_wire_004_RY,-4.163336342344337e-17,4.163336342344337e-17,True
random_bp,expectation_value,same_entangling_gate_count,bcw_6q_random_bp,hea,RX_RY_RZ_CNOT,none,linear,cnot,global,6,4,4,20,20,5,43,1,3,4,RZ,2,68,layer_003_wire_004_RZ,-5.885792361839267e-17,5.885792361839267e-17,True
random_bp,expectation_value,same_entangling_gate_count,bcw_6q_random_bp,hea,RX_RY_RZ_CNOT,none,linear,cnot,global,6,4,4,20,20,5,43,1,3,5,RX,0,69,layer_003_wire_005_RX,-0.009063385904251377,0.009063385904251377,False
random_bp,expectation_value,same_entangling_gate_count,bcw_6q_random_bp,hea,RX_RY_RZ_CNOT,none,linear,cnot,global,6,4,4,20,20,5,43,1,3,5,RY,1,70,layer_003_wire_005_RY,0.03259132245383588,0.03259132245383588,False
random_bp,expectation_value,same_entangling_gate_count,bcw_6q_random_bp,hea,RX_RY_RZ_CNOT,none,linear,cnot,global,6,4,4,20,20,5,43,1,3,5,RZ,2,71,layer_003_wire_005_RZ,-2.1699407018646675e-18,2.1699407018646675e-18,True
random_bp,expectation_value,same_entangling_gate_count,bcw_6q_random_bp,hea,RX_RY_RZ_CNOT,none,linear,cnot,global,6,4,4,20,20,5,44,2,0,0,RX,0,0,layer_000_wire_000_RX,-0.12607572355738947,0.12607572355738947,False
random_bp,expectation_value,same_entangling_gate_count,bcw_6q_random_bp,hea,RX_RY_RZ_CNOT,none,linear,cnot,global,6,4,4,20,20,5,44,2,0,0,RY,1,1,layer_000_wire_000_RY,0.00431551768120177,0.00431551768120177,False
random_bp,expectation_value,same_entangling_gate_count,bcw_6q_random_bp,hea,RX_RY_RZ_CNOT,none,linear,cnot,global,6,4,4,20,20,5,44,2,0,0,RZ,2,2,layer_000_wire_000_RZ,-0.13798125932423821,0.13798125932423821,False
random_bp,expectation_value,same_entangling_gate_count,bcw_6q_random_bp,hea,RX_RY_RZ_CNOT,none,linear,cnot,global,6,4,4,20,20,5,44,2,0,1,RX,0,3,layer_000_wire_001_RX,-0.11024582936765809,0.11024582936765809,False
random_bp,expectation_value,same_entangling_gate_count,bcw_6q_random_bp,hea,RX_RY_RZ_CNOT,none,linear,cnot,global,6,4,4,20,20,5,44,2,0,1,RY,1,4,layer_000_wire_001_RY,-0.07377536607489368,0.07377536607489368,False
random_bp,expectation_value,same_entangling_gate_count,bcw_6q_random_bp,hea,RX_RY_RZ_CNOT,none,linear,cnot,global,6,4,4,20,20,5,44,2,0,1,RZ,2,5,layer_000_wire_001_RZ,0.025981775744403825,0.025981775744403825,False
random_bp,expectation_value,same_entangling_gate_count,bcw_6q_random_bp,hea,RX_RY_RZ_CNOT,none,linear,cnot,global,6,4,4,20,20,5,44,2,0,2,RX,0,6,layer_000_wire_002_RX,-0.06431247676360793,0.06431247676360793,False
random_bp,expectation_value,same_entangling_gate_count,bcw_6q_random_bp,hea,RX_RY_RZ_CNOT,none,linear,cnot,global,6,4,4,20,20,5,44,2,0,2,RY,1,7,layer_000_wire_002_RY,-0.01740213566373337,0.01740213566373337,False
random_bp,expectation_value,same_entangling_gate_count,bcw_6q_random_bp,hea,RX_RY_RZ_CNOT,none,linear,cnot,global,6,4,4,20,20,5,44,2,0,2,RZ,2,8,layer_000_wire_002_RZ,0.017958165826345372,0.017958165826345372,False
random_bp,expectation_value,same_entangling_gate_count,bcw_6q_random_bp,hea,RX_RY_RZ_CNOT,none,linear,cnot,global,6,4,4,20,20,5,44,2,0,3,RX,0,9,layer_000_wire_003_RX,0.020176960391361146,0.020176960391361146,False
random_bp,expectation_value,same_entangling_gate_count,bcw_6q_random_bp,hea,RX_RY_RZ_CNOT,none,linear,cnot,global,6,4,4,20,20,5,44,2,0,3,RY,1,10,layer_000_wire_003_RY,-0.05428732077999859,0.05428732077999859,False
random_bp,expectation_value,same_entangling_gate_count,bcw_6q_random_bp,hea,RX_RY_RZ_CNOT,none,linear,cnot,global,6,4,4,20,20,5,44,2,0,3,RZ,2,11,layer_000_wire_003_RZ,-0.08402399409420144,0.08402399409420144,False
random_bp,expectation_value,same_entangling_gate_count,bcw_6q_random_bp,hea,RX_RY_RZ_CNOT,none,linear,cnot,global,6,4,4,20,20,5,44,2,0,4,RX,0,12,layer_000_wire_004_RX,0.08083119213992528,0.08083119213992528,False
random_bp,expectation_value,same_entangling_gate_count,bcw_6q_random_bp,hea,RX_RY_RZ_CNOT,none,linear,cnot,global,6,4,4,20,20,5,44,2,0,4,RY,1,13,layer_000_wire_004_RY,-0.010151502670405217,0.010151502670405217,False
random_bp,expectation_value,same_entangling_gate_count,bcw_6q_random_bp,hea,RX_RY_RZ_CNOT,none,linear,cnot,global,6,4,4,20,20,5,44,2,0,4,RZ,2,14,layer_000_wire_004_RZ,-0.06843929911016239,0.06843929911016239,False
random_bp,expectation_value,same_entangling_gate_count,bcw_6q_random_bp,hea,RX_RY_RZ_CNOT,none,linear,cnot,global,6,4,4,20,20,5,44,2,0,5,RX,0,15,layer_000_wire_005_RX,0.02097958822904651,0.02097958822904651,False
random_bp,expectation_value,same_entangling_gate_count,bcw_6q_random_bp,hea,RX_RY_RZ_CNOT,none,linear,cnot,global,6,4,4,20,20,5,44,2,0,5,RY,1,16,layer_000_wire_005_RY,-0.0065843530039013335,0.0065843530039013335,False
random_bp,expectation_value,same_entangling_gate_count,bcw_6q_random_bp,hea,RX_RY_RZ_CNOT,none,linear,cnot,global,6,4,4,20,20,5,44,2,0,5,RZ,2,17,layer_000_wire_005_RZ,0.002884009589366127,0.002884009589366127,False
random_bp,expectation_value,same_entangling_gate_count,bcw_6q_random_bp,hea,RX_RY_RZ_CNOT,none,linear,cnot,global,6,4,4,20,20,5,44,2,1,0,RX,0,18,layer_001_wire_000_RX,-0.0670938260689787,0.0670938260689787,False
random_bp,expectation_value,same_entangling_gate_count,bcw_6q_random_bp,hea,RX_RY_RZ_CNOT,none,linear,cnot,global,6,4,4,20,20,5,44,2,1,0,RY,1,19,layer_001_wire_000_RY,-0.07853268070275195,0.07853268070275195,False
random_bp,expectation_value,same_entangling_gate_count,bcw_6q_random_bp,hea,RX_RY_RZ_CNOT,none,linear,cnot,global,6,4,4,20,20,5,44,2,1,0,RZ,2,20,layer_001_wire_000_RZ,-0.018173227569518717,0.018173227569518717,False
random_bp,expectation_value,same_entangling_gate_count,bcw_6q_random_bp,hea,RX_RY_RZ_CNOT,none,linear,cnot,global,6,4,4,20,20,5,44,2,1,1,RX,0,21,layer_001_wire_001_RX,0.02623735096953785,0.02623735096953785,False
random_bp,expectation_value,same_entangling_gate_count,bcw_6q_random_bp,hea,RX_RY_RZ_CNOT,none,linear,cnot,global,6,4,4,20,20,5,44,2,1,1,RY,1,22,layer_001_wire_001_RY,-0.015480045070341878,0.015480045070341878,False
random_bp,expectation_value,same_entangling_gate_count,bcw_6q_random_bp,hea,RX_RY_RZ_CNOT,none,linear,cnot,global,6,4,4,20,20,5,44,2,1,1,RZ,2,23,layer_001_wire_001_RZ,-0.10004271349745356,0.10004271349745356,False
random_bp,expectation_value,same_entangling_gate_count,bcw_6q_random_bp,hea,RX_RY_RZ_CNOT,none,linear,cnot,global,6,4,4,20,20,5,44,2,1,2,RX,0,24,layer_001_wire_002_RX,0.00708921707134855,0.00708921707134855,False
random_bp,expectation_value,same_entangling_gate_count,bcw_6q_random_bp,hea,RX_RY_RZ_CNOT,none,linear,cnot,global,6,4,4,20,20,5,44,2,1,2,RY,1,25,layer_001_wire_002_RY,-0.03136239592313657,0.03136239592313657,False
random_bp,expectation_value,same_entangling_gate_count,bcw_6q_random_bp,hea,RX_RY_RZ_CNOT,none,linear,cnot,global,6,4,4,20,20,5,44,2,1,2,RZ,2,26,layer_001_wire_002_RZ,-0.011875682543685415,0.011875682543685415,False
random_bp,expectation_value,same_entangling_gate_count,bcw_6q_random_bp,hea,RX_RY_RZ_CNOT,none,linear,cnot,global,6,4,4,20,20,5,44,2,1,3,RX,0,27,layer_001_wire_003_RX,-0.046058073470608786,0.046058073470608786,False
random_bp,expectation_value,same_entangling_gate_count,bcw_6q_random_bp,hea,RX_RY_RZ_CNOT,none,linear,cnot,global,6,4,4,20,20,5,44,2,1,3,RY,1,28,layer_001_wire_003_RY,-0.022924846731339772,0.022924846731339772,False
random_bp,expectation_value,same_entangling_gate_count,bcw_6q_random_bp,hea,RX_RY_RZ_CNOT,none,linear,cnot,global,6,4,4,20,20,5,44,2,1,3,RZ,2,29,layer_001_wire_003_RZ,-0.0426723577355308,0.0426723577355308,False
random_bp,expectation_value,same_entangling_gate_count,bcw_6q_random_bp,hea,RX_RY_RZ_CNOT,none,linear,cnot,global,6,4,4,20,20,5,44,2,1,4,RX,0,30,layer_001_wire_004_RX,0.03912333990038476,0.03912333990038476,False
random_bp,expectation_value,same_entangling_gate_count,bcw_6q_random_bp,hea,RX_RY_RZ_CNOT,none,linear,cnot,global,6,4,4,20,20,5,44,2,1,4,RY,1,31,layer_001_wire_004_RY,0.007956293084295412,0.007956293084295412,False
random_bp,expectation_value,same_entangling_gate_count,bcw_6q_random_bp,hea,RX_RY_RZ_CNOT,none,linear,cnot,global,6,4,4,20,20,5,44,2,1,4,RZ,2,32,layer_001_wire_004_RZ,-0.016129336936836984,0.016129336936836984,False
random_bp,expectation_value,same_entangling_gate_count,bcw_6q_random_bp,hea,RX_RY_RZ_CNOT,none,linear,cnot,global,6,4,4,20,20,5,44,2,1,5,RX,0,33,layer_001_wire_005_RX,-0.0029817212113798994,0.0029817212113798994,False
random_bp,expectation_value,same_entangling_gate_count,bcw_6q_random_bp,hea,RX_RY_RZ_CNOT,none,linear,cnot,global,6,4,4,20,20,5,44,2,1,5,RY,1,34,layer_001_wire_005_RY,0.0008173423902965438,0.0008173423902965438,False
random_bp,expectation_value,same_entangling_gate_count,bcw_6q_random_bp,hea,RX_RY_RZ_CNOT,none,linear,cnot,global,6,4,4,20,20,5,44,2,1,5,RZ,2,35,layer_001_wire_005_RZ,0.01618537980682763,0.01618537980682763,False
random_bp,expectation_value,same_entangling_gate_count,bcw_6q_random_bp,hea,RX_RY_RZ_CNOT,none,linear,cnot,global,6,4,4,20,20,5,44,2,2,0,RX,0,36,layer_002_wire_000_RX,-0.009682790421820187,0.009682790421820187,False
random_bp,expectation_value,same_entangling_gate_count,bcw_6q_random_bp,hea,RX_RY_RZ_CNOT,none,linear,cnot,global,6,4,4,20,20,5,44,2,2,0,RY,1,37,layer_002_wire_000_RY,0.11315396228052912,0.11315396228052912,False
random_bp,expectation_value,same_entangling_gate_count,bcw_6q_random_bp,hea,RX_RY_RZ_CNOT,none,linear,cnot,global,6,4,4,20,20,5,44,2,2,0,RZ,2,38,layer_002_wire_000_RZ,3.105839090875132e-17,3.105839090875132e-17,True
random_bp,expectation_value,same_entangling_gate_count,bcw_6q_random_bp,hea,RX_RY_RZ_CNOT,none,linear,cnot,global,6,4,4,20,20,5,44,2,2,1,RX,0,39,layer_002_wire_001_RX,0.047256729296987036,0.047256729296987036,False
random_bp,expectation_value,same_entangling_gate_count,bcw_6q_random_bp,hea,RX_RY_RZ_CNOT,none,linear,cnot,global,6,4,4,20,20,5,44,2,2,1,RY,1,40,layer_002_wire_001_RY,0.0040130081891830045,0.0040130081891830045,False
random_bp,expectation_value,same_entangling_gate_count,bcw_6q_random_bp,hea,RX_RY_RZ_CNOT,none,linear,cnot,global,6,4,4,20,20,5,44,2,2,1,RZ,2,41,layer_002_wire_001_RZ,-0.06899521937147707,0.06899521937147707,False
random_bp,expectation_value,same_entangling_gate_count,bcw_6q_random_bp,hea,RX_RY_RZ_CNOT,none,linear,cnot,global,6,4,4,20,20,5,44,2,2,2,RX,0,42,layer_002_wire_002_RX,0.017464592015752654,0.017464592015752654,False
random_bp,expectation_value,same_entangling_gate_count,bcw_6q_random_bp,hea,RX_RY_RZ_CNOT,none,linear,cnot,global,6,4,4,20,20,5,44,2,2,2,RY,1,43,layer_002_wire_002_RY,0.013720849696927415,0.013720849696927415,False
random_bp,expectation_value,same_entangling_gate_count,bcw_6q_random_bp,hea,RX_RY_RZ_CNOT,none,linear,cnot,global,6,4,4,20,20,5,44,2,2,2,RZ,2,44,layer_002_wire_002_RZ,0.022573221209803075,0.022573221209803075,False
random_bp,expectation_value,same_entangling_gate_count,bcw_6q_random_bp,hea,RX_RY_RZ_CNOT,none,linear,cnot,global,6,4,4,20,20,5,44,2,2,3,RX,0,45,layer_002_wire_003_RX,-0.007256729989414606,0.007256729989414606,False
random_bp,expectation_value,same_entangling_gate_count,bcw_6q_random_bp,hea,RX_RY_RZ_CNOT,none,linear,cnot,global,6,4,4,20,20,5,44,2,2,3,RY,1,46,layer_002_wire_003_RY,0.017358142441154575,0.017358142441154575,False
random_bp,expectation_value,same_entangling_gate_count,bcw_6q_random_bp,hea,RX_RY_RZ_CNOT,none,linear,cnot,global,6,4,4,20,20,5,44,2,2,3,RZ,2,47,layer_002_wire_003_RZ,-0.09009126829242371,0.09009126829242371,False
random_bp,expectation_value,same_entangling_gate_count,bcw_6q_random_bp,hea,RX_RY_RZ_CNOT,none,linear,cnot,global,6,4,4,20,20,5,44,2,2,4,RX,0,48,layer_002_wire_004_RX,-0.008011983532132703,0.008011983532132703,False
random_bp,expectation_value,same_entangling_gate_count,bcw_6q_random_bp,hea,RX_RY_RZ_CNOT,none,linear,cnot,global,6,4,4,20,20,5,44,2,2,4,RY,1,49,layer_002_wire_004_RY,0.05615496574017887,0.05615496574017887,False
random_bp,expectation_value,same_entangling_gate_count,bcw_6q_random_bp,hea,RX_RY_RZ_CNOT,none,linear,cnot,global,6,4,4,20,20,5,44,2,2,4,RZ,2,50,layer_002_wire_004_RZ,0.027605542026782656,0.027605542026782656,False
random_bp,expectation_value,same_entangling_gate_count,bcw_6q_random_bp,hea,RX_RY_RZ_CNOT,none,linear,cnot,global,6,4,4,20,20,5,44,2,2,5,RX,0,51,layer_002_wire_005_RX,0.013665563190652548,0.013665563190652548,False
random_bp,expectation_value,same_entangling_gate_count,bcw_6q_random_bp,hea,RX_RY_RZ_CNOT,none,linear,cnot,global,6,4,4,20,20,5,44,2,2,5,RY,1,52,layer_002_wire_005_RY,0.016143423722610014,0.016143423722610014,False
random_bp,expectation_value,same_entangling_gate_count,bcw_6q_random_bp,hea,RX_RY_RZ_CNOT,none,linear,cnot,global,6,4,4,20,20,5,44,2,2,5,RZ,2,53,layer_002_wire_005_RZ,0.048802362621138844,0.048802362621138844,False
random_bp,expectation_value,same_entangling_gate_count,bcw_6q_random_bp,hea,RX_RY_RZ_CNOT,none,linear,cnot,global,6,4,4,20,20,5,44,2,3,0,RX,0,54,layer_003_wire_000_RX,1.3877787807814457e-17,1.3877787807814457e-17,True
random_bp,expectation_value,same_entangling_gate_count,bcw_6q_random_bp,hea,RX_RY_RZ_CNOT,none,linear,cnot,global,6,4,4,20,20,5,44,2,3,0,RY,1,55,layer_003_wire_000_RY,-5.637851296924623e-18,5.637851296924623e-18,True
random_bp,expectation_value,same_entangling_gate_count,bcw_6q_random_bp,hea,RX_RY_RZ_CNOT,none,linear,cnot,global,6,4,4,20,20,5,44,2,3,0,RZ,2,56,layer_003_wire_000_RZ,-9.338197726506682e-18,9.338197726506682e-18,True
random_bp,expectation_value,same_entangling_gate_count,bcw_6q_random_bp,hea,RX_RY_RZ_CNOT,none,linear,cnot,global,6,4,4,20,20,5,44,2,3,1,RX,0,57,layer_003_wire_001_RX,0.017561571326579897,0.017561571326579897,False
random_bp,expectation_value,same_entangling_gate_count,bcw_6q_random_bp,hea,RX_RY_RZ_CNOT,none,linear,cnot,global,6,4,4,20,20,5,44,2,3,1,RY,1,58,layer_003_wire_001_RY,-0.15768383948996637,0.15768383948996637,False
random_bp,expectation_value,same_entangling_gate_count,bcw_6q_random_bp,hea,RX_RY_RZ_CNOT,none,linear,cnot,global,6,4,4,20,20,5,44,2,3,1,RZ,2,59,layer_003_wire_001_RZ,-1.390900481858712e-18,1.390900481858712e-18,True
random_bp,expectation_value,same_entangling_gate_count,bcw_6q_random_bp,hea,RX_RY_RZ_CNOT,none,linear,cnot,global,6,4,4,20,20,5,44,2,3,2,RX,0,60,layer_003_wire_002_RX,1.214306433183765e-17,1.214306433183765e-17,True
random_bp,expectation_value,same_entangling_gate_count,bcw_6q_random_bp,hea,RX_RY_RZ_CNOT,none,linear,cnot,global,6,4,4,20,20,5,44,2,3,2,RY,1,61,layer_003_wire_002_RY,-2.2551405187698492e-17,2.2551405187698492e-17,True
random_bp,expectation_value,same_entangling_gate_count,bcw_6q_random_bp,hea,RX_RY_RZ_CNOT,none,linear,cnot,global,6,4,4,20,20,5,44,2,3,2,RZ,2,62,layer_003_wire_002_RZ,5.2118191372118514e-18,5.2118191372118514e-18,True
random_bp,expectation_value,same_entangling_gate_count,bcw_6q_random_bp,hea,RX_RY_RZ_CNOT,none,linear,cnot,global,6,4,4,20,20,5,44,2,3,3,RX,0,63,layer_003_wire_003_RX,-0.035202256896558946,0.035202256896558946,False
random_bp,expectation_value,same_entangling_gate_count,bcw_6q_random_bp,hea,RX_RY_RZ_CNOT,none,linear,cnot,global,6,4,4,20,20,5,44,2,3,3,RY,1,64,layer_003_wire_003_RY,-0.37914741814325825,0.37914741814325825,False
random_bp,expectation_value,same_entangling_gate_count,bcw_6q_random_bp,hea,RX_RY_RZ_CNOT,none,linear,cnot,global,6,4,4,20,20,5,44,2,3,3,RZ,2,65,layer_003_wire_003_RZ,3.84519654963524e-18,3.84519654963524e-18,True
random_bp,expectation_value,same_entangling_gate_count,bcw_6q_random_bp,hea,RX_RY_RZ_CNOT,none,linear,cnot,global,6,4,4,20,20,5,44,2,3,4,RX,0,66,layer_003_wire_004_RX,1.734723475976807e-17,1.734723475976807e-17,True
random_bp,expectation_value,same_entangling_gate_count,bcw_6q_random_bp,hea,RX_RY_RZ_CNOT,none,linear,cnot,global,6,4,4,20,20,5,44,2,3,4,RY,1,67,layer_003_wire_004_RY,9.107298248878237e-18,9.107298248878237e-18,True
random_bp,expectation_value,same_entangling_gate_count,bcw_6q_random_bp,hea,RX_RY_RZ_CNOT,none,linear,cnot,global,6,4,4,20,20,5,44,2,3,4,RZ,2,68,layer_003_wire_004_RZ,3.643791963499033e-19,3.643791963499033e-19,True
random_bp,expectation_value,same_entangling_gate_count,bcw_6q_random_bp,hea,RX_RY_RZ_CNOT,none,linear,cnot,global,6,4,4,20,20,5,44,2,3,5,RX,0,69,layer_003_wire_005_RX,0.013451627548585277,0.013451627548585277,False
random_bp,expectation_value,same_entangling_gate_count,bcw_6q_random_bp,hea,RX_RY_RZ_CNOT,none,linear,cnot,global,6,4,4,20,20,5,44,2,3,5,RY,1,70,layer_003_wire_005_RY,0.426290230568864,0.426290230568864,False
random_bp,expectation_value,same_entangling_gate_count,bcw_6q_random_bp,hea,RX_RY_RZ_CNOT,none,linear,cnot,global,6,4,4,20,20,5,44,2,3,5,RZ,2,71,layer_003_wire_005_RZ,-1.2872588746961138e-17,1.2872588746961138e-17,True
random_bp,expectation_value,same_entangling_gate_count,bcw_6q_random_bp,hea,RX_RY_RZ_CNOT,none,circular,cnot,global,6,4,3,20,18,6,45,0,0,0,RX,0,0,layer_000_wire_000_RX,-0.05057594309800021,0.05057594309800021,False
random_bp,expectation_value,same_entangling_gate_count,bcw_6q_random_bp,hea,RX_RY_RZ_CNOT,none,circular,cnot,global,6,4,3,20,18,6,45,0,0,0,RY,1,1,layer_000_wire_000_RY,0.03458102598492009,0.03458102598492009,False
random_bp,expectation_value,same_entangling_gate_count,bcw_6q_random_bp,hea,RX_RY_RZ_CNOT,none,circular,cnot,global,6,4,3,20,18,6,45,0,0,0,RZ,2,2,layer_000_wire_000_RZ,-0.04519903533046066,0.04519903533046066,False
random_bp,expectation_value,same_entangling_gate_count,bcw_6q_random_bp,hea,RX_RY_RZ_CNOT,none,circular,cnot,global,6,4,3,20,18,6,45,0,0,1,RX,0,3,layer_000_wire_001_RX,-0.09027220135397905,0.09027220135397905,False
random_bp,expectation_value,same_entangling_gate_count,bcw_6q_random_bp,hea,RX_RY_RZ_CNOT,none,circular,cnot,global,6,4,3,20,18,6,45,0,0,1,RY,1,4,layer_000_wire_001_RY,0.09059727098265632,0.09059727098265632,False
random_bp,expectation_value,same_entangling_gate_count,bcw_6q_random_bp,hea,RX_RY_RZ_CNOT,none,circular,cnot,global,6,4,3,20,18,6,45,0,0,1,RZ,2,5,layer_000_wire_001_RZ,0.07957694893153955,0.07957694893153955,False
random_bp,expectation_value,same_entangling_gate_count,bcw_6q_random_bp,hea,RX_RY_RZ_CNOT,none,circular,cnot,global,6,4,3,20,18,6,45,0,0,2,RX,0,6,layer_000_wire_002_RX,-0.01632124005287244,0.01632124005287244,False
random_bp,expectation_value,same_entangling_gate_count,bcw_6q_random_bp,hea,RX_RY_RZ_CNOT,none,circular,cnot,global,6,4,3,20,18,6,45,0,0,2,RY,1,7,layer_000_wire_002_RY,0.0007393181475736019,0.0007393181475736019,False
random_bp,expectation_value,same_entangling_gate_count,bcw_6q_random_bp,hea,RX_RY_RZ_CNOT,none,circular,cnot,global,6,4,3,20,18,6,45,0,0,2,RZ,2,8,layer_000_wire_002_RZ,0.016261241450231587,0.016261241450231587,False
random_bp,expectation_value,same_entangling_gate_count,bcw_6q_random_bp,hea,RX_RY_RZ_CNOT,none,circular,cnot,global,6,4,3,20,18,6,45,0,0,3,RX,0,9,layer_000_wire_003_RX,-0.0484384687235804,0.0484384687235804,False
random_bp,expectation_value,same_entangling_gate_count,bcw_6q_random_bp,hea,RX_RY_RZ_CNOT,none,circular,cnot,global,6,4,3,20,18,6,45,0,0,3,RY,1,10,layer_000_wire_003_RY,0.03957537631528001,0.03957537631528001,False
random_bp,expectation_value,same_entangling_gate_count,bcw_6q_random_bp,hea,RX_RY_RZ_CNOT,none,circular,cnot,global,6,4,3,20,18,6,45,0,0,3,RZ,2,11,layer_000_wire_003_RZ,0.05122789229886784,0.05122789229886784,False
random_bp,expectation_value,same_entangling_gate_count,bcw_6q_random_bp,hea,RX_RY_RZ_CNOT,none,circular,cnot,global,6,4,3,20,18,6,45,0,0,4,RX,0,12,layer_000_wire_004_RX,0.044729163019098565,0.044729163019098565,False
random_bp,expectation_value,same_entangling_gate_count,bcw_6q_random_bp,hea,RX_RY_RZ_CNOT,none,circular,cnot,global,6,4,3,20,18,6,45,0,0,4,RY,1,13,layer_000_wire_004_RY,0.0478586890308401,0.0478586890308401,False
random_bp,expectation_value,same_entangling_gate_count,bcw_6q_random_bp,hea,RX_RY_RZ_CNOT,none,circular,cnot,global,6,4,3,20,18,6,45,0,0,4,RZ,2,14,layer_000_wire_004_RZ,0.06785334277867197,0.06785334277867197,False
random_bp,expectation_value,same_entangling_gate_count,bcw_6q_random_bp,hea,RX_RY_RZ_CNOT,none,circular,cnot,global,6,4,3,20,18,6,45,0,0,5,RX,0,15,layer_000_wire_005_RX,0.03845816295463128,0.03845816295463128,False
random_bp,expectation_value,same_entangling_gate_count,bcw_6q_random_bp,hea,RX_RY_RZ_CNOT,none,circular,cnot,global,6,4,3,20,18,6,45,0,0,5,RY,1,16,layer_000_wire_005_RY,-0.008191619039904369,0.008191619039904369,False
random_bp,expectation_value,same_entangling_gate_count,bcw_6q_random_bp,hea,RX_RY_RZ_CNOT,none,circular,cnot,global,6,4,3,20,18,6,45,0,0,5,RZ,2,17,layer_000_wire_005_RZ,-0.01853607182151187,0.01853607182151187,False
random_bp,expectation_value,same_entangling_gate_count,bcw_6q_random_bp,hea,RX_RY_RZ_CNOT,none,circular,cnot,global,6,4,3,20,18,6,45,0,1,0,RX,0,18,layer_001_wire_000_RX,-0.020801881337714802,0.020801881337714802,False
random_bp,expectation_value,same_entangling_gate_count,bcw_6q_random_bp,hea,RX_RY_RZ_CNOT,none,circular,cnot,global,6,4,3,20,18,6,45,0,1,0,RY,1,19,layer_001_wire_000_RY,-0.06262619513556549,0.06262619513556549,False
random_bp,expectation_value,same_entangling_gate_count,bcw_6q_random_bp,hea,RX_RY_RZ_CNOT,none,circular,cnot,global,6,4,3,20,18,6,45,0,1,0,RZ,2,20,layer_001_wire_000_RZ,-0.07160720736246579,0.07160720736246579,False
random_bp,expectation_value,same_entangling_gate_count,bcw_6q_random_bp,hea,RX_RY_RZ_CNOT,none,circular,cnot,global,6,4,3,20,18,6,45,0,1,1,RX,0,21,layer_001_wire_001_RX,-0.0754830657429528,0.0754830657429528,False
random_bp,expectation_value,same_entangling_gate_count,bcw_6q_random_bp,hea,RX_RY_RZ_CNOT,none,circular,cnot,global,6,4,3,20,18,6,45,0,1,1,RY,1,22,layer_001_wire_001_RY,-0.041832291122849544,0.041832291122849544,False
random_bp,expectation_value,same_entangling_gate_count,bcw_6q_random_bp,hea,RX_RY_RZ_CNOT,none,circular,cnot,global,6,4,3,20,18,6,45,0,1,1,RZ,2,23,layer_001_wire_001_RZ,0.07044828328246952,0.07044828328246952,False
random_bp,expectation_value,same_entangling_gate_count,bcw_6q_random_bp,hea,RX_RY_RZ_CNOT,none,circular,cnot,global,6,4,3,20,18,6,45,0,1,2,RX,0,24,layer_001_wire_002_RX,0.007910413631681573,0.007910413631681573,False
random_bp,expectation_value,same_entangling_gate_count,bcw_6q_random_bp,hea,RX_RY_RZ_CNOT,none,circular,cnot,global,6,4,3,20,18,6,45,0,1,2,RY,1,25,layer_001_wire_002_RY,-0.0509860183098963,0.0509860183098963,False
random_bp,expectation_value,same_entangling_gate_count,bcw_6q_random_bp,hea,RX_RY_RZ_CNOT,none,circular,cnot,global,6,4,3,20,18,6,45,0,1,2,RZ,2,26,layer_001_wire_002_RZ,-0.03968105931573346,0.03968105931573346,False
random_bp,expectation_value,same_entangling_gate_count,bcw_6q_random_bp,hea,RX_RY_RZ_CNOT,none,circular,cnot,global,6,4,3,20,18,6,45,0,1,3,RX,0,27,layer_001_wire_003_RX,-0.024797286531860578,0.024797286531860578,False
random_bp,expectation_value,same_entangling_gate_count,bcw_6q_random_bp,hea,RX_RY_RZ_CNOT,none,circular,cnot,global,6,4,3,20,18,6,45,0,1,3,RY,1,28,layer_001_wire_003_RY,-0.10205130536775568,0.10205130536775568,False
random_bp,expectation_value,same_entangling_gate_count,bcw_6q_random_bp,hea,RX_RY_RZ_CNOT,none,circular,cnot,global,6,4,3,20,18,6,45,0,1,3,RZ,2,29,layer_001_wire_003_RZ,0.04814171085621366,0.04814171085621366,False
random_bp,expectation_value,same_entangling_gate_count,bcw_6q_random_bp,hea,RX_RY_RZ_CNOT,none,circular,cnot,global,6,4,3,20,18,6,45,0,1,4,RX,0,30,layer_001_wire_004_RX,-0.034641130398853304,0.034641130398853304,False
random_bp,expectation_value,same_entangling_gate_count,bcw_6q_random_bp,hea,RX_RY_RZ_CNOT,none,circular,cnot,global,6,4,3,20,18,6,45,0,1,4,RY,1,31,layer_001_wire_004_RY,0.08651973910709396,0.08651973910709396,False
random_bp,expectation_value,same_entangling_gate_count,bcw_6q_random_bp,hea,RX_RY_RZ_CNOT,none,circular,cnot,global,6,4,3,20,18,6,45,0,1,4,RZ,2,32,layer_001_wire_004_RZ,0.1597362658455887,0.1597362658455887,False
random_bp,expectation_value,same_entangling_gate_count,bcw_6q_random_bp,hea,RX_RY_RZ_CNOT,none,circular,cnot,global,6,4,3,20,18,6,45,0,1,5,RX,0,33,layer_001_wire_005_RX,0.10398714007987865,0.10398714007987865,False
random_bp,expectation_value,same_entangling_gate_count,bcw_6q_random_bp,hea,RX_RY_RZ_CNOT,none,circular,cnot,global,6,4,3,20,18,6,45,0,1,5,RY,1,34,layer_001_wire_005_RY,0.013657484375050058,0.013657484375050058,False
random_bp,expectation_value,same_entangling_gate_count,bcw_6q_random_bp,hea,RX_RY_RZ_CNOT,none,circular,cnot,global,6,4,3,20,18,6,45,0,1,5,RZ,2,35,layer_001_wire_005_RZ,0.01026714275174716,0.01026714275174716,False
random_bp,expectation_value,same_entangling_gate_count,bcw_6q_random_bp,hea,RX_RY_RZ_CNOT,none,circular,cnot,global,6,4,3,20,18,6,45,0,2,0,RX,0,36,layer_002_wire_000_RX,0.032281108391276306,0.032281108391276306,False
random_bp,expectation_value,same_entangling_gate_count,bcw_6q_random_bp,hea,RX_RY_RZ_CNOT,none,circular,cnot,global,6,4,3,20,18,6,45,0,2,0,RY,1,37,layer_002_wire_000_RY,0.3522215382473141,0.3522215382473141,False
random_bp,expectation_value,same_entangling_gate_count,bcw_6q_random_bp,hea,RX_RY_RZ_CNOT,none,circular,cnot,global,6,4,3,20,18,6,45,0,2,0,RZ,2,38,layer_002_wire_000_RZ,-5.3351395176713516e-17,5.3351395176713516e-17,True
random_bp,expectation_value,same_entangling_gate_count,bcw_6q_random_bp,hea,RX_RY_RZ_CNOT,none,circular,cnot,global,6,4,3,20,18,6,45,0,2,1,RX,0,39,layer_002_wire_001_RX,-1.3877787807814457e-17,1.3877787807814457e-17,True
random_bp,expectation_value,same_entangling_gate_count,bcw_6q_random_bp,hea,RX_RY_RZ_CNOT,none,circular,cnot,global,6,4,3,20,18,6,45,0,2,1,RY,1,40,layer_002_wire_001_RY,4.85722573273506e-17,4.85722573273506e-17,True
random_bp,expectation_value,same_entangling_gate_count,bcw_6q_random_bp,hea,RX_RY_RZ_CNOT,none,circular,cnot,global,6,4,3,20,18,6,45,0,2,1,RZ,2,41,layer_002_wire_001_RZ,2.4314933597257217e-17,2.4314933597257217e-17,True
random_bp,expectation_value,same_entangling_gate_count,bcw_6q_random_bp,hea,RX_RY_RZ_CNOT,none,circular,cnot,global,6,4,3,20,18,6,45,0,2,2,RX,0,42,layer_002_wire_002_RX,-0.09972302017883047,0.09972302017883047,False
random_bp,expectation_value,same_entangling_gate_count,bcw_6q_random_bp,hea,RX_RY_RZ_CNOT,none,circular,cnot,global,6,4,3,20,18,6,45,0,2,2,RY,1,43,layer_002_wire_002_RY,0.2139732055567882,0.2139732055567882,False
random_bp,expectation_value,same_entangling_gate_count,bcw_6q_random_bp,hea,RX_RY_RZ_CNOT,none,circular,cnot,global,6,4,3,20,18,6,45,0,2,2,RZ,2,44,layer_002_wire_002_RZ,-1.6518628065106286e-17,1.6518628065106286e-17,True
random_bp,expectation_value,same_entangling_gate_count,bcw_6q_random_bp,hea,RX_RY_RZ_CNOT,none,circular,cnot,global,6,4,3,20,18,6,45,0,2,3,RX,0,45,layer_002_wire_003_RX,-3.469446951953614e-18,3.469446951953614e-18,True
random_bp,expectation_value,same_entangling_gate_count,bcw_6q_random_bp,hea,RX_RY_RZ_CNOT,none,circular,cnot,global,6,4,3,20,18,6,45,0,2,3,RY,1,46,layer_002_wire_003_RY,6.938893903907228e-18,6.938893903907228e-18,True
random_bp,expectation_value,same_entangling_gate_count,bcw_6q_random_bp,hea,RX_RY_RZ_CNOT,none,circular,cnot,global,6,4,3,20,18,6,45,0,2,3,RZ,2,47,layer_002_wire_003_RZ,-4.249322621157412e-18,4.249322621157412e-18,True
random_bp,expectation_value,same_entangling_gate_count,bcw_6q_random_bp,hea,RX_RY_RZ_CNOT,none,circular,cnot,global,6,4,3,20,18,6,45,0,2,4,RX,0,48,layer_002_wire_004_RX,0.14943383091536214,0.14943383091536214,False
random_bp,expectation_value,same_entangling_gate_count,bcw_6q_random_bp,hea,RX_RY_RZ_CNOT,none,circular,cnot,global,6,4,3,20,18,6,45,0,2,4,RY,1,49,layer_002_wire_004_RY,-0.06666808934775904,0.06666808934775904,False
random_bp,expectation_value,same_entangling_gate_count,bcw_6q_random_bp,hea,RX_RY_RZ_CNOT,none,circular,cnot,global,6,4,3,20,18,6,45,0,2,4,RZ,2,50,layer_002_wire_004_RZ,4.086563832580975e-18,4.086563832580975e-18,True
random_bp,expectation_value,same_entangling_gate_count,bcw_6q_random_bp,hea,RX_RY_RZ_CNOT,none,circular,cnot,global,6,4,3,20,18,6,45,0,2,5,RX,0,51,layer_002_wire_005_RX,0.0,0.0,True
random_bp,expectation_value,same_entangling_gate_count,bcw_6q_random_bp,hea,RX_RY_RZ_CNOT,none,circular,cnot,global,6,4,3,20,18,6,45,0,2,5,RY,1,52,layer_002_wire_005_RY,2.0816681711721685e-17,2.0816681711721685e-17,True
random_bp,expectation_value,same_entangling_gate_count,bcw_6q_random_bp,hea,RX_RY_RZ_CNOT,none,circular,cnot,global,6,4,3,20,18,6,45,0,2,5,RZ,2,53,layer_002_wire_005_RZ,1.3720571195316313e-17,1.3720571195316313e-17,True
random_bp,expectation_value,same_entangling_gate_count,bcw_6q_random_bp,hea,RX_RY_RZ_CNOT,none,circular,cnot,global,6,4,3,20,18,6,46,1,0,0,RX,0,0,layer_000_wire_000_RX,0.008956082737827234,0.008956082737827234,False
random_bp,expectation_value,same_entangling_gate_count,bcw_6q_random_bp,hea,RX_RY_RZ_CNOT,none,circular,cnot,global,6,4,3,20,18,6,46,1,0,0,RY,1,1,layer_000_wire_000_RY,-0.027516737467600944,0.027516737467600944,False
random_bp,expectation_value,same_entangling_gate_count,bcw_6q_random_bp,hea,RX_RY_RZ_CNOT,none,circular,cnot,global,6,4,3,20,18,6,46,1,0,0,RZ,2,2,layer_000_wire_000_RZ,-0.0007934966803985755,0.0007934966803985755,False
random_bp,expectation_value,same_entangling_gate_count,bcw_6q_random_bp,hea,RX_RY_RZ_CNOT,none,circular,cnot,global,6,4,3,20,18,6,46,1,0,1,RX,0,3,layer_000_wire_001_RX,-0.06919539811585644,0.06919539811585644,False
random_bp,expectation_value,same_entangling_gate_count,bcw_6q_random_bp,hea,RX_RY_RZ_CNOT,none,circular,cnot,global,6,4,3,20,18,6,46,1,0,1,RY,1,4,layer_000_wire_001_RY,-0.007652670230991424,0.007652670230991424,False
random_bp,expectation_value,same_entangling_gate_count,bcw_6q_random_bp,hea,RX_RY_RZ_CNOT,none,circular,cnot,global,6,4,3,20,18,6,46,1,0,1,RZ,2,5,layer_000_wire_001_RZ,-0.06306972255374133,0.06306972255374133,False
random_bp,expectation_value,same_entangling_gate_count,bcw_6q_random_bp,hea,RX_RY_RZ_CNOT,none,circular,cnot,global,6,4,3,20,18,6,46,1,0,2,RX,0,6,layer_000_wire_002_RX,0.002626179859823486,0.002626179859823486,False
random_bp,expectation_value,same_entangling_gate_count,bcw_6q_random_bp,hea,RX_RY_RZ_CNOT,none,circular,cnot,global,6,4,3,20,18,6,46,1,0,2,RY,1,7,layer_000_wire_002_RY,-0.015525282513905645,0.015525282513905645,False
random_bp,expectation_value,same_entangling_gate_count,bcw_6q_random_bp,hea,RX_RY_RZ_CNOT,none,circular,cnot,global,6,4,3,20,18,6,46,1,0,2,RZ,2,8,layer_000_wire_002_RZ,0.02602067856901502,0.02602067856901502,False
random_bp,expectation_value,same_entangling_gate_count,bcw_6q_random_bp,hea,RX_RY_RZ_CNOT,none,circular,cnot,global,6,4,3,20,18,6,46,1,0,3,RX,0,9,layer_000_wire_003_RX,-0.18912002006321935,0.18912002006321935,False
random_bp,expectation_value,same_entangling_gate_count,bcw_6q_random_bp,hea,RX_RY_RZ_CNOT,none,circular,cnot,global,6,4,3,20,18,6,46,1,0,3,RY,1,10,layer_000_wire_003_RY,-0.03254787882459506,0.03254787882459506,False
random_bp,expectation_value,same_entangling_gate_count,bcw_6q_random_bp,hea,RX_RY_RZ_CNOT,none,circular,cnot,global,6,4,3,20,18,6,46,1,0,3,RZ,2,11,layer_000_wire_003_RZ,0.18919960220705623,0.18919960220705623,False
random_bp,expectation_value,same_entangling_gate_count,bcw_6q_random_bp,hea,RX_RY_RZ_CNOT,none,circular,cnot,global,6,4,3,20,18,6,46,1,0,4,RX,0,12,layer_000_wire_004_RX,-0.027374542531309193,0.027374542531309193,False
random_bp,expectation_value,same_entangling_gate_count,bcw_6q_random_bp,hea,RX_RY_RZ_CNOT,none,circular,cnot,global,6,4,3,20,18,6,46,1,0,4,RY,1,13,layer_000_wire_004_RY,0.020291339064683903,0.020291339064683903,False
random_bp,expectation_value,same_entangling_gate_count,bcw_6q_random_bp,hea,RX_RY_RZ_CNOT,none,circular,cnot,global,6,4,3,20,18,6,46,1,0,4,RZ,2,14,layer_000_wire_004_RZ,0.03544148965105559,0.03544148965105559,False
random_bp,expectation_value,same_entangling_gate_count,bcw_6q_random_bp,hea,RX_RY_RZ_CNOT,none,circular,cnot,global,6,4,3,20,18,6,46,1,0,5,RX,0,15,layer_000_wire_005_RX,0.0450788942128969,0.0450788942128969,False
random_bp,expectation_value,same_entangling_gate_count,bcw_6q_random_bp,hea,RX_RY_RZ_CNOT,none,circular,cnot,global,6,4,3,20,18,6,46,1,0,5,RY,1,16,layer_000_wire_005_RY,-0.010140746208194508,0.010140746208194508,False
random_bp,expectation_value,same_entangling_gate_count,bcw_6q_random_bp,hea,RX_RY_RZ_CNOT,none,circular,cnot,global,6,4,3,20,18,6,46,1,0,5,RZ,2,17,layer_000_wire_005_RZ,0.031603170276605475,0.031603170276605475,False
random_bp,expectation_value,same_entangling_gate_count,bcw_6q_random_bp,hea,RX_RY_RZ_CNOT,none,circular,cnot,global,6,4,3,20,18,6,46,1,1,0,RX,0,18,layer_001_wire_000_RX,-0.010371171066125413,0.010371171066125413,False
random_bp,expectation_value,same_entangling_gate_count,bcw_6q_random_bp,hea,RX_RY_RZ_CNOT,none,circular,cnot,global,6,4,3,20,18,6,46,1,1,0,RY,1,19,layer_001_wire_000_RY,0.02066467645505304,0.02066467645505304,False
random_bp,expectation_value,same_entangling_gate_count,bcw_6q_random_bp,hea,RX_RY_RZ_CNOT,none,circular,cnot,global,6,4,3,20,18,6,46,1,1,0,RZ,2,20,layer_001_wire_000_RZ,-0.00924903852471063,0.00924903852471063,False
random_bp,expectation_value,same_entangling_gate_count,bcw_6q_random_bp,hea,RX_RY_RZ_CNOT,none,circular,cnot,global,6,4,3,20,18,6,46,1,1,1,RX,0,21,layer_001_wire_001_RX,-0.03235478912502231,0.03235478912502231,False
random_bp,expectation_value,same_entangling_gate_count,bcw_6q_random_bp,hea,RX_RY_RZ_CNOT,none,circular,cnot,global,6,4,3,20,18,6,46,1,1,1,RY,1,22,layer_001_wire_001_RY,0.06361957124039544,0.06361957124039544,False
random_bp,expectation_value,same_entangling_gate_count,bcw_6q_random_bp,hea,RX_RY_RZ_CNOT,none,circular,cnot,global,6,4,3,20,18,6,46,1,1,1,RZ,2,23,layer_001_wire_001_RZ,-0.0029116661251945694,0.0029116661251945694,False
random_bp,expectation_value,same_entangling_gate_count,bcw_6q_random_bp,hea,RX_RY_RZ_CNOT,none,circular,cnot,global,6,4,3,20,18,6,46,1,1,2,RX,0,24,layer_001_wire_002_RX,0.016766169949325376,0.016766169949325376,False
random_bp,expectation_value,same_entangling_gate_count,bcw_6q_random_bp,hea,RX_RY_RZ_CNOT,none,circular,cnot,global,6,4,3,20,18,6,46,1,1,2,RY,1,25,layer_001_wire_002_RY,-0.041528885479449835,0.041528885479449835,False
random_bp,expectation_value,same_entangling_gate_count,bcw_6q_random_bp,hea,RX_RY_RZ_CNOT,none,circular,cnot,global,6,4,3,20,18,6,46,1,1,2,RZ,2,26,layer_001_wire_002_RZ,-0.007802748877980017,0.007802748877980017,False
random_bp,expectation_value,same_entangling_gate_count,bcw_6q_random_bp,hea,RX_RY_RZ_CNOT,none,circular,cnot,global,6,4,3,20,18,6,46,1,1,3,RX,0,27,layer_001_wire_003_RX,-0.0030361751849263888,0.0030361751849263888,False
random_bp,expectation_value,same_entangling_gate_count,bcw_6q_random_bp,hea,RX_RY_RZ_CNOT,none,circular,cnot,global,6,4,3,20,18,6,46,1,1,3,RY,1,28,layer_001_wire_003_RY,0.06401965052756024,0.06401965052756024,False
random_bp,expectation_value,same_entangling_gate_count,bcw_6q_random_bp,hea,RX_RY_RZ_CNOT,none,circular,cnot,global,6,4,3,20,18,6,46,1,1,3,RZ,2,29,layer_001_wire_003_RZ,0.15771068105046934,0.15771068105046934,False
random_bp,expectation_value,same_entangling_gate_count,bcw_6q_random_bp,hea,RX_RY_RZ_CNOT,none,circular,cnot,global,6,4,3,20,18,6,46,1,1,4,RX,0,30,layer_001_wire_004_RX,-0.022561010579103567,0.022561010579103567,False
random_bp,expectation_value,same_entangling_gate_count,bcw_6q_random_bp,hea,RX_RY_RZ_CNOT,none,circular,cnot,global,6,4,3,20,18,6,46,1,1,4,RY,1,31,layer_001_wire_004_RY,0.016588638656537088,0.016588638656537088,False
random_bp,expectation_value,same_entangling_gate_count,bcw_6q_random_bp,hea,RX_RY_RZ_CNOT,none,circular,cnot,global,6,4,3,20,18,6,46,1,1,4,RZ,2,32,layer_001_wire_004_RZ,-0.027574124036607625,0.027574124036607625,False
random_bp,expectation_value,same_entangling_gate_count,bcw_6q_random_bp,hea,RX_RY_RZ_CNOT,none,circular,cnot,global,6,4,3,20,18,6,46,1,1,5,RX,0,33,layer_001_wire_005_RX,0.006874003707088707,0.006874003707088707,False
random_bp,expectation_value,same_entangling_gate_count,bcw_6q_random_bp,hea,RX_RY_RZ_CNOT,none,circular,cnot,global,6,4,3,20,18,6,46,1,1,5,RY,1,34,layer_001_wire_005_RY,0.010575031268250656,0.010575031268250656,False
random_bp,expectation_value,same_entangling_gate_count,bcw_6q_random_bp,hea,RX_RY_RZ_CNOT,none,circular,cnot,global,6,4,3,20,18,6,46,1,1,5,RZ,2,35,layer_001_wire_005_RZ,3.805098905099009e-05,3.805098905099009e-05,False
random_bp,expectation_value,same_entangling_gate_count,bcw_6q_random_bp,hea,RX_RY_RZ_CNOT,none,circular,cnot,global,6,4,3,20,18,6,46,1,2,0,RX,0,36,layer_002_wire_000_RX,0.0020809300352228944,0.0020809300352228944,False
random_bp,expectation_value,same_entangling_gate_count,bcw_6q_random_bp,hea,RX_RY_RZ_CNOT,none,circular,cnot,global,6,4,3,20,18,6,46,1,2,0,RY,1,37,layer_002_wire_000_RY,0.01651421144981476,0.01651421144981476,False
random_bp,expectation_value,same_entangling_gate_count,bcw_6q_random_bp,hea,RX_RY_RZ_CNOT,none,circular,cnot,global,6,4,3,20,18,6,46,1,2,0,RZ,2,38,layer_002_wire_000_RZ,-6.156368646352018e-17,6.156368646352018e-17,True
random_bp,expectation_value,same_entangling_gate_count,bcw_6q_random_bp,hea,RX_RY_RZ_CNOT,none,circular,cnot,global,6,4,3,20,18,6,46,1,2,1,RX,0,39,layer_002_wire_001_RX,-1.3877787807814457e-17,1.3877787807814457e-17,True
random_bp,expectation_value,same_entangling_gate_count,bcw_6q_random_bp,hea,RX_RY_RZ_CNOT,none,circular,cnot,global,6,4,3,20,18,6,46,1,2,1,RY,1,40,layer_002_wire_001_RY,-2.7755575615628914e-17,2.7755575615628914e-17,True
random_bp,expectation_value,same_entangling_gate_count,bcw_6q_random_bp,hea,RX_RY_RZ_CNOT,none,circular,cnot,global,6,4,3,20,18,6,46,1,2,1,RZ,2,41,layer_002_wire_001_RZ,-5.811733778089512e-17,5.811733778089512e-17,True
random_bp,expectation_value,same_entangling_gate_count,bcw_6q_random_bp,hea,RX_RY_RZ_CNOT,none,circular,cnot,global,6,4,3,20,18,6,46,1,2,2,RX,0,42,layer_002_wire_002_RX,0.0071816433359721795,0.0071816433359721795,False
random_bp,expectation_value,same_entangling_gate_count,bcw_6q_random_bp,hea,RX_RY_RZ_CNOT,none,circular,cnot,global,6,4,3,20,18,6,46,1,2,2,RY,1,43,layer_002_wire_002_RY,-0.15021714654602208,0.15021714654602208,False
random_bp,expectation_value,same_entangling_gate_count,bcw_6q_random_bp,hea,RX_RY_RZ_CNOT,none,circular,cnot,global,6,4,3,20,18,6,46,1,2,2,RZ,2,44,layer_002_wire_002_RZ,-1.0354320093584572e-17,1.0354320093584572e-17,True
random_bp,expectation_value,same_entangling_gate_count,bcw_6q_random_bp,hea,RX_RY_RZ_CNOT,none,circular,cnot,global,6,4,3,20,18,6,46,1,2,3,RX,0,45,layer_002_wire_003_RX,6.7220534694101275e-18,6.7220534694101275e-18,True
random_bp,expectation_value,same_entangling_gate_count,bcw_6q_random_bp,hea,RX_RY_RZ_CNOT,none,circular,cnot,global,6,4,3,20,18,6,46,1,2,3,RY,1,46,layer_002_wire_003_RY,5.854691731421724e-18,5.854691731421724e-18,True
random_bp,expectation_value,same_entangling_gate_count,bcw_6q_random_bp,hea,RX_RY_RZ_CNOT,none,circular,cnot,global,6,4,3,20,18,6,46,1,2,3,RZ,2,47,layer_002_wire_003_RZ,-3.112937339818962e-18,3.112937339818962e-18,True
random_bp,expectation_value,same_entangling_gate_count,bcw_6q_random_bp,hea,RX_RY_RZ_CNOT,none,circular,cnot,global,6,4,3,20,18,6,46,1,2,4,RX,0,48,layer_002_wire_004_RX,-0.027188547324941414,0.027188547324941414,False
random_bp,expectation_value,same_entangling_gate_count,bcw_6q_random_bp,hea,RX_RY_RZ_CNOT,none,circular,cnot,global,6,4,3,20,18,6,46,1,2,4,RY,1,49,layer_002_wire_004_RY,-0.0058971775089135085,0.0058971775089135085,False
random_bp,expectation_value,same_entangling_gate_count,bcw_6q_random_bp,hea,RX_RY_RZ_CNOT,none,circular,cnot,global,6,4,3,20,18,6,46,1,2,4,RZ,2,50,layer_002_wire_004_RZ,3.740773252404407e-18,3.740773252404407e-18,True
random_bp,expectation_value,same_entangling_gate_count,bcw_6q_random_bp,hea,RX_RY_RZ_CNOT,none,circular,cnot,global,6,4,3,20,18,6,46,1,2,5,RX,0,51,layer_002_wire_005_RX,-6.938893903907228e-18,6.938893903907228e-18,True
random_bp,expectation_value,same_entangling_gate_count,bcw_6q_random_bp,hea,RX_RY_RZ_CNOT,none,circular,cnot,global,6,4,3,20,18,6,46,1,2,5,RY,1,52,layer_002_wire_005_RY,-2.42861286636753e-17,2.42861286636753e-17,True
random_bp,expectation_value,same_entangling_gate_count,bcw_6q_random_bp,hea,RX_RY_RZ_CNOT,none,circular,cnot,global,6,4,3,20,18,6,46,1,2,5,RZ,2,53,layer_002_wire_005_RZ,-3.182014775366382e-17,3.182014775366382e-17,True
random_bp,expectation_value,same_entangling_gate_count,bcw_6q_random_bp,hea,RX_RY_RZ_CNOT,none,circular,cnot,global,6,4,3,20,18,6,47,2,0,0,RX,0,0,layer_000_wire_000_RX,0.020999860657513067,0.020999860657513067,False
random_bp,expectation_value,same_entangling_gate_count,bcw_6q_random_bp,hea,RX_RY_RZ_CNOT,none,circular,cnot,global,6,4,3,20,18,6,47,2,0,0,RY,1,1,layer_000_wire_000_RY,0.0008448403792836179,0.0008448403792836179,False
random_bp,expectation_value,same_entangling_gate_count,bcw_6q_random_bp,hea,RX_RY_RZ_CNOT,none,circular,cnot,global,6,4,3,20,18,6,47,2,0,0,RZ,2,2,layer_000_wire_000_RZ,0.016565202374313887,0.016565202374313887,False
random_bp,expectation_value,same_entangling_gate_count,bcw_6q_random_bp,hea,RX_RY_RZ_CNOT,none,circular,cnot,global,6,4,3,20,18,6,47,2,0,1,RX,0,3,layer_000_wire_001_RX,0.0015798587529185018,0.0015798587529185018,False
random_bp,expectation_value,same_entangling_gate_count,bcw_6q_random_bp,hea,RX_RY_RZ_CNOT,none,circular,cnot,global,6,4,3,20,18,6,47,2,0,1,RY,1,4,layer_000_wire_001_RY,0.010508076889146761,0.010508076889146761,False
random_bp,expectation_value,same_entangling_gate_count,bcw_6q_random_bp,hea,RX_RY_RZ_CNOT,none,circular,cnot,global,6,4,3,20,18,6,47,2,0,1,RZ,2,5,layer_000_wire_001_RZ,0.004607733652076212,0.004607733652076212,False
random_bp,expectation_value,same_entangling_gate_count,bcw_6q_random_bp,hea,RX_RY_RZ_CNOT,none,circular,cnot,global,6,4,3,20,18,6,47,2,0,2,RX,0,6,layer_000_wire_002_RX,0.05453539481116523,0.05453539481116523,False
random_bp,expectation_value,same_entangling_gate_count,bcw_6q_random_bp,hea,RX_RY_RZ_CNOT,none,circular,cnot,global,6,4,3,20,18,6,47,2,0,2,RY,1,7,layer_000_wire_002_RY,-0.05706202379991804,0.05706202379991804,False
random_bp,expectation_value,same_entangling_gate_count,bcw_6q_random_bp,hea,RX_RY_RZ_CNOT,none,circular,cnot,global,6,4,3,20,18,6,47,2,0,2,RZ,2,8,layer_000_wire_002_RZ,0.14902228436175693,0.14902228436175693,False
random_bp,expectation_value,same_entangling_gate_count,bcw_6q_random_bp,hea,RX_RY_RZ_CNOT,none,circular,cnot,global,6,4,3,20,18,6,47,2,0,3,RX,0,9,layer_000_wire_003_RX,-0.17119953886610012,0.17119953886610012,False
random_bp,expectation_value,same_entangling_gate_count,bcw_6q_random_bp,hea,RX_RY_RZ_CNOT,none,circular,cnot,global,6,4,3,20,18,6,47,2,0,3,RY,1,10,layer_000_wire_003_RY,0.007246481201928945,0.007246481201928945,False
random_bp,expectation_value,same_entangling_gate_count,bcw_6q_random_bp,hea,RX_RY_RZ_CNOT,none,circular,cnot,global,6,4,3,20,18,6,47,2,0,3,RZ,2,11,layer_000_wire_003_RZ,0.07547110378819939,0.07547110378819939,False
random_bp,expectation_value,same_entangling_gate_count,bcw_6q_random_bp,hea,RX_RY_RZ_CNOT,none,circular,cnot,global,6,4,3,20,18,6,47,2,0,4,RX,0,12,layer_000_wire_004_RX,0.06524029837972647,0.06524029837972647,False
random_bp,expectation_value,same_entangling_gate_count,bcw_6q_random_bp,hea,RX_RY_RZ_CNOT,none,circular,cnot,global,6,4,3,20,18,6,47,2,0,4,RY,1,13,layer_000_wire_004_RY,-0.019919614842383825,0.019919614842383825,False
random_bp,expectation_value,same_entangling_gate_count,bcw_6q_random_bp,hea,RX_RY_RZ_CNOT,none,circular,cnot,global,6,4,3,20,18,6,47,2,0,4,RZ,2,14,layer_000_wire_004_RZ,-0.05267307679813278,0.05267307679813278,False
random_bp,expectation_value,same_entangling_gate_count,bcw_6q_random_bp,hea,RX_RY_RZ_CNOT,none,circular,cnot,global,6,4,3,20,18,6,47,2,0,5,RX,0,15,layer_000_wire_005_RX,0.06093119249415136,0.06093119249415136,False
random_bp,expectation_value,same_entangling_gate_count,bcw_6q_random_bp,hea,RX_RY_RZ_CNOT,none,circular,cnot,global,6,4,3,20,18,6,47,2,0,5,RY,1,16,layer_000_wire_005_RY,0.030305349359190072,0.030305349359190072,False
random_bp,expectation_value,same_entangling_gate_count,bcw_6q_random_bp,hea,RX_RY_RZ_CNOT,none,circular,cnot,global,6,4,3,20,18,6,47,2,0,5,RZ,2,17,layer_000_wire_005_RZ,-0.04527357054504548,0.04527357054504548,False
random_bp,expectation_value,same_entangling_gate_count,bcw_6q_random_bp,hea,RX_RY_RZ_CNOT,none,circular,cnot,global,6,4,3,20,18,6,47,2,1,0,RX,0,18,layer_001_wire_000_RX,-0.006499871777505342,0.006499871777505342,False
random_bp,expectation_value,same_entangling_gate_count,bcw_6q_random_bp,hea,RX_RY_RZ_CNOT,none,circular,cnot,global,6,4,3,20,18,6,47,2,1,0,RY,1,19,layer_001_wire_000_RY,0.005343508066633057,0.005343508066633057,False
random_bp,expectation_value,same_entangling_gate_count,bcw_6q_random_bp,hea,RX_RY_RZ_CNOT,none,circular,cnot,global,6,4,3,20,18,6,47,2,1,0,RZ,2,20,layer_001_wire_000_RZ,-0.025380593662168934,0.025380593662168934,False
random_bp,expectation_value,same_entangling_gate_count,bcw_6q_random_bp,hea,RX_RY_RZ_CNOT,none,circular,cnot,global,6,4,3,20,18,6,47,2,1,1,RX,0,21,layer_001_wire_001_RX,0.04175796954194382,0.04175796954194382,False
random_bp,expectation_value,same_entangling_gate_count,bcw_6q_random_bp,hea,RX_RY_RZ_CNOT,none,circular,cnot,global,6,4,3,20,18,6,47,2,1,1,RY,1,22,layer_001_wire_001_RY,-0.10264851510727552,0.10264851510727552,False
random_bp,expectation_value,same_entangling_gate_count,bcw_6q_random_bp,hea,RX_RY_RZ_CNOT,none,circular,cnot,global,6,4,3,20,18,6,47,2,1,1,RZ,2,23,layer_001_wire_001_RZ,-0.013230372037876314,0.013230372037876314,False
random_bp,expectation_value,same_entangling_gate_count,bcw_6q_random_bp,hea,RX_RY_RZ_CNOT,none,circular,cnot,global,6,4,3,20,18,6,47,2,1,2,RX,0,24,layer_001_wire_002_RX,0.1689650975683869,0.1689650975683869,False
random_bp,expectation_value,same_entangling_gate_count,bcw_6q_random_bp,hea,RX_RY_RZ_CNOT,none,circular,cnot,global,6,4,3,20,18,6,47,2,1,2,RY,1,25,layer_001_wire_002_RY,-0.09094174494237588,0.09094174494237588,False
random_bp,expectation_value,same_entangling_gate_count,bcw_6q_random_bp,hea,RX_RY_RZ_CNOT,none,circular,cnot,global,6,4,3,20,18,6,47,2,1,2,RZ,2,26,layer_001_wire_002_RZ,0.08704432645202714,0.08704432645202714,False
random_bp,expectation_value,same_entangling_gate_count,bcw_6q_random_bp,hea,RX_RY_RZ_CNOT,none,circular,cnot,global,6,4,3,20,18,6,47,2,1,3,RX,0,27,layer_001_wire_003_RX,0.06424944055124991,0.06424944055124991,False
random_bp,expectation_value,same_entangling_gate_count,bcw_6q_random_bp,hea,RX_RY_RZ_CNOT,none,circular,cnot,global,6,4,3,20,18,6,47,2,1,3,RY,1,28,layer_001_wire_003_RY,-0.07515737812073717,0.07515737812073717,False
random_bp,expectation_value,same_entangling_gate_count,bcw_6q_random_bp,hea,RX_RY_RZ_CNOT,none,circular,cnot,global,6,4,3,20,18,6,47,2,1,3,RZ,2,29,layer_001_wire_003_RZ,0.19008698819403996,0.19008698819403996,False
random_bp,expectation_value,same_entangling_gate_count,bcw_6q_random_bp,hea,RX_RY_RZ_CNOT,none,circular,cnot,global,6,4,3,20,18,6,47,2,1,4,RX,0,30,layer_001_wire_004_RX,0.018809691389365182,0.018809691389365182,False
random_bp,expectation_value,same_entangling_gate_count,bcw_6q_random_bp,hea,RX_RY_RZ_CNOT,none,circular,cnot,global,6,4,3,20,18,6,47,2,1,4,RY,1,31,layer_001_wire_004_RY,0.0472440294347652,0.0472440294347652,False
random_bp,expectation_value,same_entangling_gate_count,bcw_6q_random_bp,hea,RX_RY_RZ_CNOT,none,circular,cnot,global,6,4,3,20,18,6,47,2,1,4,RZ,2,32,layer_001_wire_004_RZ,0.004609772203471271,0.004609772203471271,False
random_bp,expectation_value,same_entangling_gate_count,bcw_6q_random_bp,hea,RX_RY_RZ_CNOT,none,circular,cnot,global,6,4,3,20,18,6,47,2,1,5,RX,0,33,layer_001_wire_005_RX,0.017737806231834408,0.017737806231834408,False
random_bp,expectation_value,same_entangling_gate_count,bcw_6q_random_bp,hea,RX_RY_RZ_CNOT,none,circular,cnot,global,6,4,3,20,18,6,47,2,1,5,RY,1,34,layer_001_wire_005_RY,0.09654672726551318,0.09654672726551318,False
random_bp,expectation_value,same_entangling_gate_count,bcw_6q_random_bp,hea,RX_RY_RZ_CNOT,none,circular,cnot,global,6,4,3,20,18,6,47,2,1,5,RZ,2,35,layer_001_wire_005_RZ,0.018171645977455807,0.018171645977455807,False
random_bp,expectation_value,same_entangling_gate_count,bcw_6q_random_bp,hea,RX_RY_RZ_CNOT,none,circular,cnot,global,6,4,3,20,18,6,47,2,2,0,RX,0,36,layer_002_wire_000_RX,-0.09196420392818175,0.09196420392818175,False
random_bp,expectation_value,same_entangling_gate_count,bcw_6q_random_bp,hea,RX_RY_RZ_CNOT,none,circular,cnot,global,6,4,3,20,18,6,47,2,2,0,RY,1,37,layer_002_wire_000_RY,-0.08372056252439214,0.08372056252439214,False
random_bp,expectation_value,same_entangling_gate_count,bcw_6q_random_bp,hea,RX_RY_RZ_CNOT,none,circular,cnot,global,6,4,3,20,18,6,47,2,2,0,RZ,2,38,layer_002_wire_000_RZ,4.0816658178404516e-17,4.0816658178404516e-17,True
random_bp,expectation_value,same_entangling_gate_count,bcw_6q_random_bp,hea,RX_RY_RZ_CNOT,none,circular,cnot,global,6,4,3,20,18,6,47,2,2,1,RX,0,39,layer_002_wire_001_RX,-3.469446951953614e-17,3.469446951953614e-17,True
random_bp,expectation_value,same_entangling_gate_count,bcw_6q_random_bp,hea,RX_RY_RZ_CNOT,none,circular,cnot,global,6,4,3,20,18,6,47,2,2,1,RY,1,40,layer_002_wire_001_RY,-7.632783294297951e-17,7.632783294297951e-17,True
random_bp,expectation_value,same_entangling_gate_count,bcw_6q_random_bp,hea,RX_RY_RZ_CNOT,none,circular,cnot,global,6,4,3,20,18,6,47,2,2,1,RZ,2,41,layer_002_wire_001_RZ,3.6879628055465455e-17,3.6879628055465455e-17,True
random_bp,expectation_value,same_entangling_gate_count,bcw_6q_random_bp,hea,RX_RY_RZ_CNOT,none,circular,cnot,global,6,4,3,20,18,6,47,2,2,2,RX,0,42,layer_002_wire_002_RX,0.0646958140529379,0.0646958140529379,False
random_bp,expectation_value,same_entangling_gate_count,bcw_6q_random_bp,hea,RX_RY_RZ_CNOT,none,circular,cnot,global,6,4,3,20,18,6,47,2,2,2,RY,1,43,layer_002_wire_002_RY,-0.17264741263767094,0.17264741263767094,False
random_bp,expectation_value,same_entangling_gate_count,bcw_6q_random_bp,hea,RX_RY_RZ_CNOT,none,circular,cnot,global,6,4,3,20,18,6,47,2,2,2,RZ,2,44,layer_002_wire_002_RZ,8.69759167096069e-18,8.69759167096069e-18,True
random_bp,expectation_value,same_entangling_gate_count,bcw_6q_random_bp,hea,RX_RY_RZ_CNOT,none,circular,cnot,global,6,4,3,20,18,6,47,2,2,3,RX,0,45,layer_002_wire_003_RX,-1.3877787807814457e-17,1.3877787807814457e-17,True
random_bp,expectation_value,same_entangling_gate_count,bcw_6q_random_bp,hea,RX_RY_RZ_CNOT,none,circular,cnot,global,6,4,3,20,18,6,47,2,2,3,RY,1,46,layer_002_wire_003_RY,7.806255641895632e-17,7.806255641895632e-17,True
random_bp,expectation_value,same_entangling_gate_count,bcw_6q_random_bp,hea,RX_RY_RZ_CNOT,none,circular,cnot,global,6,4,3,20,18,6,47,2,2,3,RZ,2,47,layer_002_wire_003_RZ,3.859536507466782e-17,3.859536507466782e-17,True
random_bp,expectation_value,same_entangling_gate_count,bcw_6q_random_bp,hea,RX_RY_RZ_CNOT,none,circular,cnot,global,6,4,3,20,18,6,47,2,2,4,RX,0,48,layer_002_wire_004_RX,-0.04878474816157765,0.04878474816157765,False
random_bp,expectation_value,same_entangling_gate_count,bcw_6q_random_bp,hea,RX_RY_RZ_CNOT,none,circular,cnot,global,6,4,3,20,18,6,47,2,2,4,RY,1,49,layer_002_wire_004_RY,0.07631241153821121,0.07631241153821121,False
random_bp,expectation_value,same_entangling_gate_count,bcw_6q_random_bp,hea,RX_RY_RZ_CNOT,none,circular,cnot,global,6,4,3,20,18,6,47,2,2,4,RZ,2,50,layer_002_wire_004_RZ,2.2117481484999916e-17,2.2117481484999916e-17,True
random_bp,expectation_value,same_entangling_gate_count,bcw_6q_random_bp,hea,RX_RY_RZ_CNOT,none,circular,cnot,global,6,4,3,20,18,6,47,2,2,5,RX,0,51,layer_002_wire_005_RX,-1.3877787807814457e-17,1.3877787807814457e-17,True
random_bp,expectation_value,same_entangling_gate_count,bcw_6q_random_bp,hea,RX_RY_RZ_CNOT,none,circular,cnot,global,6,4,3,20,18,6,47,2,2,5,RY,1,52,layer_002_wire_005_RY,2.0816681711721685e-17,2.0816681711721685e-17,True
random_bp,expectation_value,same_entangling_gate_count,bcw_6q_random_bp,hea,RX_RY_RZ_CNOT,none,circular,cnot,global,6,4,3,20,18,6,47,2,2,5,RZ,2,53,layer_002_wire_005_RZ,-2.805085985187409e-18,2.805085985187409e-18,True
random_bp,expectation_value,same_entangling_gate_count,bcw_6q_random_bp,hea,RX_RY_RZ_CNOT,none,linear,cnot,hamiltonian_local,6,4,4,20,20,5,48,0,0,0,RX,0,0,layer_000_wire_000_RX,-0.05644276161235037,0.05644276161235037,False
random_bp,expectation_value,same_entangling_gate_count,bcw_6q_random_bp,hea,RX_RY_RZ_CNOT,none,linear,cnot,hamiltonian_local,6,4,4,20,20,5,48,0,0,0,RY,1,1,layer_000_wire_000_RY,-0.02287856798847268,0.02287856798847268,False
random_bp,expectation_value,same_entangling_gate_count,bcw_6q_random_bp,hea,RX_RY_RZ_CNOT,none,linear,cnot,hamiltonian_local,6,4,4,20,20,5,48,0,0,0,RZ,2,2,layer_000_wire_000_RZ,-0.05930619124883431,0.05930619124883431,False
random_bp,expectation_value,same_entangling_gate_count,bcw_6q_random_bp,hea,RX_RY_RZ_CNOT,none,linear,cnot,hamiltonian_local,6,4,4,20,20,5,48,0,0,1,RX,0,3,layer_000_wire_001_RX,-0.004563553749319573,0.004563553749319573,False
random_bp,expectation_value,same_entangling_gate_count,bcw_6q_random_bp,hea,RX_RY_RZ_CNOT,none,linear,cnot,hamiltonian_local,6,4,4,20,20,5,48,0,0,1,RY,1,4,layer_000_wire_001_RY,-0.020223198813714573,0.020223198813714573,False
random_bp,expectation_value,same_entangling_gate_count,bcw_6q_random_bp,hea,RX_RY_RZ_CNOT,none,linear,cnot,hamiltonian_local,6,4,4,20,20,5,48,0,0,1,RZ,2,5,layer_000_wire_001_RZ,0.005023662921498003,0.005023662921498003,False
random_bp,expectation_value,same_entangling_gate_count,bcw_6q_random_bp,hea,RX_RY_RZ_CNOT,none,linear,cnot,hamiltonian_local,6,4,4,20,20,5,48,0,0,2,RX,0,6,layer_000_wire_002_RX,0.02240717750932677,0.02240717750932677,False
random_bp,expectation_value,same_entangling_gate_count,bcw_6q_random_bp,hea,RX_RY_RZ_CNOT,none,linear,cnot,hamiltonian_local,6,4,4,20,20,5,48,0,0,2,RY,1,7,layer_000_wire_002_RY,-0.043832594342685736,0.043832594342685736,False
random_bp,expectation_value,same_entangling_gate_count,bcw_6q_random_bp,hea,RX_RY_RZ_CNOT,none,linear,cnot,hamiltonian_local,6,4,4,20,20,5,48,0,0,2,RZ,2,8,layer_000_wire_002_RZ,-0.02668295916874179,0.02668295916874179,False
random_bp,expectation_value,same_entangling_gate_count,bcw_6q_random_bp,hea,RX_RY_RZ_CNOT,none,linear,cnot,hamiltonian_local,6,4,4,20,20,5,48,0,0,3,RX,0,9,layer_000_wire_003_RX,0.012596600850529764,0.012596600850529764,False
random_bp,expectation_value,same_entangling_gate_count,bcw_6q_random_bp,hea,RX_RY_RZ_CNOT,none,linear,cnot,hamiltonian_local,6,4,4,20,20,5,48,0,0,3,RY,1,10,layer_000_wire_003_RY,0.014373168855587292,0.014373168855587292,False
random_bp,expectation_value,same_entangling_gate_count,bcw_6q_random_bp,hea,RX_RY_RZ_CNOT,none,linear,cnot,hamiltonian_local,6,4,4,20,20,5,48,0,0,3,RZ,2,11,layer_000_wire_003_RZ,-0.009035945748129708,0.009035945748129708,False
random_bp,expectation_value,same_entangling_gate_count,bcw_6q_random_bp,hea,RX_RY_RZ_CNOT,none,linear,cnot,hamiltonian_local,6,4,4,20,20,5,48,0,0,4,RX,0,12,layer_000_wire_004_RX,-0.039883412503765356,0.039883412503765356,False
random_bp,expectation_value,same_entangling_gate_count,bcw_6q_random_bp,hea,RX_RY_RZ_CNOT,none,linear,cnot,hamiltonian_local,6,4,4,20,20,5,48,0,0,4,RY,1,13,layer_000_wire_004_RY,0.01449859278404918,0.01449859278404918,False
random_bp,expectation_value,same_entangling_gate_count,bcw_6q_random_bp,hea,RX_RY_RZ_CNOT,none,linear,cnot,hamiltonian_local,6,4,4,20,20,5,48,0,0,4,RZ,2,14,layer_000_wire_004_RZ,0.00936353049966665,0.00936353049966665,False
random_bp,expectation_value,same_entangling_gate_count,bcw_6q_random_bp,hea,RX_RY_RZ_CNOT,none,linear,cnot,hamiltonian_local,6,4,4,20,20,5,48,0,0,5,RX,0,15,layer_000_wire_005_RX,0.0425523871810187,0.0425523871810187,False
random_bp,expectation_value,same_entangling_gate_count,bcw_6q_random_bp,hea,RX_RY_RZ_CNOT,none,linear,cnot,hamiltonian_local,6,4,4,20,20,5,48,0,0,5,RY,1,16,layer_000_wire_005_RY,-0.06803506405894653,0.06803506405894653,False
random_bp,expectation_value,same_entangling_gate_count,bcw_6q_random_bp,hea,RX_RY_RZ_CNOT,none,linear,cnot,hamiltonian_local,6,4,4,20,20,5,48,0,0,5,RZ,2,17,layer_000_wire_005_RZ,0.055806596246945075,0.055806596246945075,False
random_bp,expectation_value,same_entangling_gate_count,bcw_6q_random_bp,hea,RX_RY_RZ_CNOT,none,linear,cnot,hamiltonian_local,6,4,4,20,20,5,48,0,1,0,RX,0,18,layer_001_wire_000_RX,0.0004173999818085465,0.0004173999818085465,False
random_bp,expectation_value,same_entangling_gate_count,bcw_6q_random_bp,hea,RX_RY_RZ_CNOT,none,linear,cnot,hamiltonian_local,6,4,4,20,20,5,48,0,1,0,RY,1,19,layer_001_wire_000_RY,-0.050601669635570674,0.050601669635570674,False
random_bp,expectation_value,same_entangling_gate_count,bcw_6q_random_bp,hea,RX_RY_RZ_CNOT,none,linear,cnot,hamiltonian_local,6,4,4,20,20,5,48,0,1,0,RZ,2,20,layer_001_wire_000_RZ,-0.031900342011799476,0.031900342011799476,False
random_bp,expectation_value,same_entangling_gate_count,bcw_6q_random_bp,hea,RX_RY_RZ_CNOT,none,linear,cnot,hamiltonian_local,6,4,4,20,20,5,48,0,1,1,RX,0,21,layer_001_wire_001_RX,0.010143025515218786,0.010143025515218786,False
random_bp,expectation_value,same_entangling_gate_count,bcw_6q_random_bp,hea,RX_RY_RZ_CNOT,none,linear,cnot,hamiltonian_local,6,4,4,20,20,5,48,0,1,1,RY,1,22,layer_001_wire_001_RY,0.00032412752421969934,0.00032412752421969934,False
random_bp,expectation_value,same_entangling_gate_count,bcw_6q_random_bp,hea,RX_RY_RZ_CNOT,none,linear,cnot,hamiltonian_local,6,4,4,20,20,5,48,0,1,1,RZ,2,23,layer_001_wire_001_RZ,-0.020290414465843794,0.020290414465843794,False
random_bp,expectation_value,same_entangling_gate_count,bcw_6q_random_bp,hea,RX_RY_RZ_CNOT,none,linear,cnot,hamiltonian_local,6,4,4,20,20,5,48,0,1,2,RX,0,24,layer_001_wire_002_RX,-0.00570288782576716,0.00570288782576716,False
random_bp,expectation_value,same_entangling_gate_count,bcw_6q_random_bp,hea,RX_RY_RZ_CNOT,none,linear,cnot,hamiltonian_local,6,4,4,20,20,5,48,0,1,2,RY,1,25,layer_001_wire_002_RY,0.0747037926858464,0.0747037926858464,False
random_bp,expectation_value,same_entangling_gate_count,bcw_6q_random_bp,hea,RX_RY_RZ_CNOT,none,linear,cnot,hamiltonian_local,6,4,4,20,20,5,48,0,1,2,RZ,2,26,layer_001_wire_002_RZ,-0.020376684815968625,0.020376684815968625,False
random_bp,expectation_value,same_entangling_gate_count,bcw_6q_random_bp,hea,RX_RY_RZ_CNOT,none,linear,cnot,hamiltonian_local,6,4,4,20,20,5,48,0,1,3,RX,0,27,layer_001_wire_003_RX,0.014559624404326711,0.014559624404326711,False
random_bp,expectation_value,same_entangling_gate_count,bcw_6q_random_bp,hea,RX_RY_RZ_CNOT,none,linear,cnot,hamiltonian_local,6,4,4,20,20,5,48,0,1,3,RY,1,28,layer_001_wire_003_RY,0.06598250486267725,0.06598250486267725,False
random_bp,expectation_value,same_entangling_gate_count,bcw_6q_random_bp,hea,RX_RY_RZ_CNOT,none,linear,cnot,hamiltonian_local,6,4,4,20,20,5,48,0,1,3,RZ,2,29,layer_001_wire_003_RZ,-0.002302241346106247,0.002302241346106247,False
random_bp,expectation_value,same_entangling_gate_count,bcw_6q_random_bp,hea,RX_RY_RZ_CNOT,none,linear,cnot,hamiltonian_local,6,4,4,20,20,5,48,0,1,4,RX,0,30,layer_001_wire_004_RX,-0.08665163407377768,0.08665163407377768,False
random_bp,expectation_value,same_entangling_gate_count,bcw_6q_random_bp,hea,RX_RY_RZ_CNOT,none,linear,cnot,hamiltonian_local,6,4,4,20,20,5,48,0,1,4,RY,1,31,layer_001_wire_004_RY,0.007840595602147461,0.007840595602147461,False
random_bp,expectation_value,same_entangling_gate_count,bcw_6q_random_bp,hea,RX_RY_RZ_CNOT,none,linear,cnot,hamiltonian_local,6,4,4,20,20,5,48,0,1,4,RZ,2,32,layer_001_wire_004_RZ,-0.0973953779300799,0.0973953779300799,False
random_bp,expectation_value,same_entangling_gate_count,bcw_6q_random_bp,hea,RX_RY_RZ_CNOT,none,linear,cnot,hamiltonian_local,6,4,4,20,20,5,48,0,1,5,RX,0,33,layer_001_wire_005_RX,-0.10806592672342064,0.10806592672342064,False
random_bp,expectation_value,same_entangling_gate_count,bcw_6q_random_bp,hea,RX_RY_RZ_CNOT,none,linear,cnot,hamiltonian_local,6,4,4,20,20,5,48,0,1,5,RY,1,34,layer_001_wire_005_RY,0.0612883193795685,0.0612883193795685,False
random_bp,expectation_value,same_entangling_gate_count,bcw_6q_random_bp,hea,RX_RY_RZ_CNOT,none,linear,cnot,hamiltonian_local,6,4,4,20,20,5,48,0,1,5,RZ,2,35,layer_001_wire_005_RZ,0.010122363002610747,0.010122363002610747,False
random_bp,expectation_value,same_entangling_gate_count,bcw_6q_random_bp,hea,RX_RY_RZ_CNOT,none,linear,cnot,hamiltonian_local,6,4,4,20,20,5,48,0,2,0,RX,0,36,layer_002_wire_000_RX,0.042340769396714516,0.042340769396714516,False
random_bp,expectation_value,same_entangling_gate_count,bcw_6q_random_bp,hea,RX_RY_RZ_CNOT,none,linear,cnot,hamiltonian_local,6,4,4,20,20,5,48,0,2,0,RY,1,37,layer_002_wire_000_RY,0.03620054715521447,0.03620054715521447,False
random_bp,expectation_value,same_entangling_gate_count,bcw_6q_random_bp,hea,RX_RY_RZ_CNOT,none,linear,cnot,hamiltonian_local,6,4,4,20,20,5,48,0,2,0,RZ,2,38,layer_002_wire_000_RZ,-7.944754070741011e-18,7.944754070741011e-18,True
random_bp,expectation_value,same_entangling_gate_count,bcw_6q_random_bp,hea,RX_RY_RZ_CNOT,none,linear,cnot,hamiltonian_local,6,4,4,20,20,5,48,0,2,1,RX,0,39,layer_002_wire_001_RX,0.05546078919056899,0.05546078919056899,False
random_bp,expectation_value,same_entangling_gate_count,bcw_6q_random_bp,hea,RX_RY_RZ_CNOT,none,linear,cnot,hamiltonian_local,6,4,4,20,20,5,48,0,2,1,RY,1,40,layer_002_wire_001_RY,0.07965012424364154,0.07965012424364154,False
random_bp,expectation_value,same_entangling_gate_count,bcw_6q_random_bp,hea,RX_RY_RZ_CNOT,none,linear,cnot,hamiltonian_local,6,4,4,20,20,5,48,0,2,1,RZ,2,41,layer_002_wire_001_RZ,-0.027313248504902625,0.027313248504902625,False
random_bp,expectation_value,same_entangling_gate_count,bcw_6q_random_bp,hea,RX_RY_RZ_CNOT,none,linear,cnot,hamiltonian_local,6,4,4,20,20,5,48,0,2,2,RX,0,42,layer_002_wire_002_RX,0.037203365829371254,0.037203365829371254,False
random_bp,expectation_value,same_entangling_gate_count,bcw_6q_random_bp,hea,RX_RY_RZ_CNOT,none,linear,cnot,hamiltonian_local,6,4,4,20,20,5,48,0,2,2,RY,1,43,layer_002_wire_002_RY,-0.06854134316320448,0.06854134316320448,False
random_bp,expectation_value,same_entangling_gate_count,bcw_6q_random_bp,hea,RX_RY_RZ_CNOT,none,linear,cnot,hamiltonian_local,6,4,4,20,20,5,48,0,2,2,RZ,2,44,layer_002_wire_002_RZ,0.04063334725730253,0.04063334725730253,False
random_bp,expectation_value,same_entangling_gate_count,bcw_6q_random_bp,hea,RX_RY_RZ_CNOT,none,linear,cnot,hamiltonian_local,6,4,4,20,20,5,48,0,2,3,RX,0,45,layer_002_wire_003_RX,0.02651167625340467,0.02651167625340467,False
random_bp,expectation_value,same_entangling_gate_count,bcw_6q_random_bp,hea,RX_RY_RZ_CNOT,none,linear,cnot,hamiltonian_local,6,4,4,20,20,5,48,0,2,3,RY,1,46,layer_002_wire_003_RY,-0.0018977609671844177,0.0018977609671844177,False
random_bp,expectation_value,same_entangling_gate_count,bcw_6q_random_bp,hea,RX_RY_RZ_CNOT,none,linear,cnot,hamiltonian_local,6,4,4,20,20,5,48,0,2,3,RZ,2,47,layer_002_wire_003_RZ,0.023994558580928173,0.023994558580928173,False
random_bp,expectation_value,same_entangling_gate_count,bcw_6q_random_bp,hea,RX_RY_RZ_CNOT,none,linear,cnot,hamiltonian_local,6,4,4,20,20,5,48,0,2,4,RX,0,48,layer_002_wire_004_RX,0.09684239040341312,0.09684239040341312,False
random_bp,expectation_value,same_entangling_gate_count,bcw_6q_random_bp,hea,RX_RY_RZ_CNOT,none,linear,cnot,hamiltonian_local,6,4,4,20,20,5,48,0,2,4,RY,1,49,layer_002_wire_004_RY,0.028098762511734307,0.028098762511734307,False
random_bp,expectation_value,same_entangling_gate_count,bcw_6q_random_bp,hea,RX_RY_RZ_CNOT,none,linear,cnot,hamiltonian_local,6,4,4,20,20,5,48,0,2,4,RZ,2,50,layer_002_wire_004_RZ,-0.07564553946271338,0.07564553946271338,False
random_bp,expectation_value,same_entangling_gate_count,bcw_6q_random_bp,hea,RX_RY_RZ_CNOT,none,linear,cnot,hamiltonian_local,6,4,4,20,20,5,48,0,2,5,RX,0,51,layer_002_wire_005_RX,0.017104550931957695,0.017104550931957695,False
random_bp,expectation_value,same_entangling_gate_count,bcw_6q_random_bp,hea,RX_RY_RZ_CNOT,none,linear,cnot,hamiltonian_local,6,4,4,20,20,5,48,0,2,5,RY,1,52,layer_002_wire_005_RY,0.05909675469258219,0.05909675469258219,False
random_bp,expectation_value,same_entangling_gate_count,bcw_6q_random_bp,hea,RX_RY_RZ_CNOT,none,linear,cnot,hamiltonian_local,6,4,4,20,20,5,48,0,2,5,RZ,2,53,layer_002_wire_005_RZ,-0.014341389384289846,0.014341389384289846,False
random_bp,expectation_value,same_entangling_gate_count,bcw_6q_random_bp,hea,RX_RY_RZ_CNOT,none,linear,cnot,hamiltonian_local,6,4,4,20,20,5,48,0,3,0,RX,0,54,layer_003_wire_000_RX,6.938893903907228e-18,6.938893903907228e-18,True
random_bp,expectation_value,same_entangling_gate_count,bcw_6q_random_bp,hea,RX_RY_RZ_CNOT,none,linear,cnot,hamiltonian_local,6,4,4,20,20,5,48,0,3,0,RY,1,55,layer_003_wire_000_RY,6.938893903907228e-18,6.938893903907228e-18,True
random_bp,expectation_value,same_entangling_gate_count,bcw_6q_random_bp,hea,RX_RY_RZ_CNOT,none,linear,cnot,hamiltonian_local,6,4,4,20,20,5,48,0,3,0,RZ,2,56,layer_003_wire_000_RZ,8.343557909790845e-18,8.343557909790845e-18,True
random_bp,expectation_value,same_entangling_gate_count,bcw_6q_random_bp,hea,RX_RY_RZ_CNOT,none,linear,cnot,hamiltonian_local,6,4,4,20,20,5,48,0,3,1,RX,0,57,layer_003_wire_001_RX,0.0008199457620348578,0.0008199457620348578,False
random_bp,expectation_value,same_entangling_gate_count,bcw_6q_random_bp,hea,RX_RY_RZ_CNOT,none,linear,cnot,hamiltonian_local,6,4,4,20,20,5,48,0,3,1,RY,1,58,layer_003_wire_001_RY,-0.012466817100388605,0.012466817100388605,False
random_bp,expectation_value,same_entangling_gate_count,bcw_6q_random_bp,hea,RX_RY_RZ_CNOT,none,linear,cnot,hamiltonian_local,6,4,4,20,20,5,48,0,3,1,RZ,2,59,layer_003_wire_001_RZ,-1.6593193945690623e-17,1.6593193945690623e-17,True
random_bp,expectation_value,same_entangling_gate_count,bcw_6q_random_bp,hea,RX_RY_RZ_CNOT,none,linear,cnot,hamiltonian_local,6,4,4,20,20,5,48,0,3,2,RX,0,60,layer_003_wire_002_RX,0.0025194988632728996,0.0025194988632728996,False
random_bp,expectation_value,same_entangling_gate_count,bcw_6q_random_bp,hea,RX_RY_RZ_CNOT,none,linear,cnot,hamiltonian_local,6,4,4,20,20,5,48,0,3,2,RY,1,61,layer_003_wire_002_RY,0.05736618411870183,0.05736618411870183,False
random_bp,expectation_value,same_entangling_gate_count,bcw_6q_random_bp,hea,RX_RY_RZ_CNOT,none,linear,cnot,hamiltonian_local,6,4,4,20,20,5,48,0,3,2,RZ,2,62,layer_003_wire_002_RZ,-1.8057984627131282e-17,1.8057984627131282e-17,True
random_bp,expectation_value,same_entangling_gate_count,bcw_6q_random_bp,hea,RX_RY_RZ_CNOT,none,linear,cnot,hamiltonian_local,6,4,4,20,20,5,48,0,3,3,RX,0,63,layer_003_wire_003_RX,-0.0009600567523783254,0.0009600567523783254,False
random_bp,expectation_value,same_entangling_gate_count,bcw_6q_random_bp,hea,RX_RY_RZ_CNOT,none,linear,cnot,hamiltonian_local,6,4,4,20,20,5,48,0,3,3,RY,1,64,layer_003_wire_003_RY,0.00815900456791075,0.00815900456791075,False
random_bp,expectation_value,same_entangling_gate_count,bcw_6q_random_bp,hea,RX_RY_RZ_CNOT,none,linear,cnot,hamiltonian_local,6,4,4,20,20,5,48,0,3,3,RZ,2,65,layer_003_wire_003_RZ,-1.897148361192341e-17,1.897148361192341e-17,True
random_bp,expectation_value,same_entangling_gate_count,bcw_6q_random_bp,hea,RX_RY_RZ_CNOT,none,linear,cnot,hamiltonian_local,6,4,4,20,20,5,48,0,3,4,RX,0,66,layer_003_wire_004_RX,-0.003977751768794764,0.003977751768794764,False
random_bp,expectation_value,same_entangling_gate_count,bcw_6q_random_bp,hea,RX_RY_RZ_CNOT,none,linear,cnot,hamiltonian_local,6,4,4,20,20,5,48,0,3,4,RY,1,67,layer_003_wire_004_RY,0.058572809638263786,0.058572809638263786,False
random_bp,expectation_value,same_entangling_gate_count,bcw_6q_random_bp,hea,RX_RY_RZ_CNOT,none,linear,cnot,hamiltonian_local,6,4,4,20,20,5,48,0,3,4,RZ,2,68,layer_003_wire_004_RZ,-1.649610569441949e-17,1.649610569441949e-17,True
random_bp,expectation_value,same_entangling_gate_count,bcw_6q_random_bp,hea,RX_RY_RZ_CNOT,none,linear,cnot,hamiltonian_local,6,4,4,20,20,5,48,0,3,5,RX,0,69,layer_003_wire_005_RX,0.030488207288096522,0.030488207288096522,False
random_bp,expectation_value,same_entangling_gate_count,bcw_6q_random_bp,hea,RX_RY_RZ_CNOT,none,linear,cnot,hamiltonian_local,6,4,4,20,20,5,48,0,3,5,RY,1,70,layer_003_wire_005_RY,-0.014370195353542687,0.014370195353542687,False
random_bp,expectation_value,same_entangling_gate_count,bcw_6q_random_bp,hea,RX_RY_RZ_CNOT,none,linear,cnot,hamiltonian_local,6,4,4,20,20,5,48,0,3,5,RZ,2,71,layer_003_wire_005_RZ,-4.262486970942213e-18,4.262486970942213e-18,True
random_bp,expectation_value,same_entangling_gate_count,bcw_6q_random_bp,hea,RX_RY_RZ_CNOT,none,linear,cnot,hamiltonian_local,6,4,4,20,20,5,49,1,0,0,RX,0,0,layer_000_wire_000_RX,0.07729729795261925,0.07729729795261925,False
random_bp,expectation_value,same_entangling_gate_count,bcw_6q_random_bp,hea,RX_RY_RZ_CNOT,none,linear,cnot,hamiltonian_local,6,4,4,20,20,5,49,1,0,0,RY,1,1,layer_000_wire_000_RY,-0.027378953923451674,0.027378953923451674,False
random_bp,expectation_value,same_entangling_gate_count,bcw_6q_random_bp,hea,RX_RY_RZ_CNOT,none,linear,cnot,hamiltonian_local,6,4,4,20,20,5,49,1,0,0,RZ,2,2,layer_000_wire_000_RZ,-0.021732398441461576,0.021732398441461576,False
random_bp,expectation_value,same_entangling_gate_count,bcw_6q_random_bp,hea,RX_RY_RZ_CNOT,none,linear,cnot,hamiltonian_local,6,4,4,20,20,5,49,1,0,1,RX,0,3,layer_000_wire_001_RX,0.04691449930363167,0.04691449930363167,False
random_bp,expectation_value,same_entangling_gate_count,bcw_6q_random_bp,hea,RX_RY_RZ_CNOT,none,linear,cnot,hamiltonian_local,6,4,4,20,20,5,49,1,0,1,RY,1,4,layer_000_wire_001_RY,-0.017048819641921717,0.017048819641921717,False
random_bp,expectation_value,same_entangling_gate_count,bcw_6q_random_bp,hea,RX_RY_RZ_CNOT,none,linear,cnot,hamiltonian_local,6,4,4,20,20,5,49,1,0,1,RZ,2,5,layer_000_wire_001_RZ,0.04557749187143209,0.04557749187143209,False
random_bp,expectation_value,same_entangling_gate_count,bcw_6q_random_bp,hea,RX_RY_RZ_CNOT,none,linear,cnot,hamiltonian_local,6,4,4,20,20,5,49,1,0,2,RX,0,6,layer_000_wire_002_RX,0.012345887733697193,0.012345887733697193,False
random_bp,expectation_value,same_entangling_gate_count,bcw_6q_random_bp,hea,RX_RY_RZ_CNOT,none,linear,cnot,hamiltonian_local,6,4,4,20,20,5,49,1,0,2,RY,1,7,layer_000_wire_002_RY,-0.008483968034836739,0.008483968034836739,False
random_bp,expectation_value,same_entangling_gate_count,bcw_6q_random_bp,hea,RX_RY_RZ_CNOT,none,linear,cnot,hamiltonian_local,6,4,4,20,20,5,49,1,0,2,RZ,2,8,layer_000_wire_002_RZ,0.020111868084831085,0.020111868084831085,False
random_bp,expectation_value,same_entangling_gate_count,bcw_6q_random_bp,hea,RX_RY_RZ_CNOT,none,linear,cnot,hamiltonian_local,6,4,4,20,20,5,49,1,0,3,RX,0,9,layer_000_wire_003_RX,-0.0532687434778401,0.0532687434778401,False
random_bp,expectation_value,same_entangling_gate_count,bcw_6q_random_bp,hea,RX_RY_RZ_CNOT,none,linear,cnot,hamiltonian_local,6,4,4,20,20,5,49,1,0,3,RY,1,10,layer_000_wire_003_RY,-0.02000207611190106,0.02000207611190106,False
random_bp,expectation_value,same_entangling_gate_count,bcw_6q_random_bp,hea,RX_RY_RZ_CNOT,none,linear,cnot,hamiltonian_local,6,4,4,20,20,5,49,1,0,3,RZ,2,11,layer_000_wire_003_RZ,0.053332986288914995,0.053332986288914995,False
random_bp,expectation_value,same_entangling_gate_count,bcw_6q_random_bp,hea,RX_RY_RZ_CNOT,none,linear,cnot,hamiltonian_local,6,4,4,20,20,5,49,1,0,4,RX,0,12,layer_000_wire_004_RX,-0.0892708997389199,0.0892708997389199,False
random_bp,expectation_value,same_entangling_gate_count,bcw_6q_random_bp,hea,RX_RY_RZ_CNOT,none,linear,cnot,hamiltonian_local,6,4,4,20,20,5,49,1,0,4,RY,1,13,layer_000_wire_004_RY,0.035595571471788746,0.035595571471788746,False
random_bp,expectation_value,same_entangling_gate_count,bcw_6q_random_bp,hea,RX_RY_RZ_CNOT,none,linear,cnot,hamiltonian_local,6,4,4,20,20,5,49,1,0,4,RZ,2,14,layer_000_wire_004_RZ,0.10222553058418146,0.10222553058418146,False
random_bp,expectation_value,same_entangling_gate_count,bcw_6q_random_bp,hea,RX_RY_RZ_CNOT,none,linear,cnot,hamiltonian_local,6,4,4,20,20,5,49,1,0,5,RX,0,15,layer_000_wire_005_RX,0.05699198949115183,0.05699198949115183,False
random_bp,expectation_value,same_entangling_gate_count,bcw_6q_random_bp,hea,RX_RY_RZ_CNOT,none,linear,cnot,hamiltonian_local,6,4,4,20,20,5,49,1,0,5,RY,1,16,layer_000_wire_005_RY,0.05932970385063851,0.05932970385063851,False
random_bp,expectation_value,same_entangling_gate_count,bcw_6q_random_bp,hea,RX_RY_RZ_CNOT,none,linear,cnot,hamiltonian_local,6,4,4,20,20,5,49,1,0,5,RZ,2,17,layer_000_wire_005_RZ,0.054404626006807046,0.054404626006807046,False
random_bp,expectation_value,same_entangling_gate_count,bcw_6q_random_bp,hea,RX_RY_RZ_CNOT,none,linear,cnot,hamiltonian_local,6,4,4,20,20,5,49,1,1,0,RX,0,18,layer_001_wire_000_RX,0.0454692858240182,0.0454692858240182,False
random_bp,expectation_value,same_entangling_gate_count,bcw_6q_random_bp,hea,RX_RY_RZ_CNOT,none,linear,cnot,hamiltonian_local,6,4,4,20,20,5,49,1,1,0,RY,1,19,layer_001_wire_000_RY,-0.045831424713515125,0.045831424713515125,False
random_bp,expectation_value,same_entangling_gate_count,bcw_6q_random_bp,hea,RX_RY_RZ_CNOT,none,linear,cnot,hamiltonian_local,6,4,4,20,20,5,49,1,1,0,RZ,2,20,layer_001_wire_000_RZ,0.03939426708516179,0.03939426708516179,False
random_bp,expectation_value,same_entangling_gate_count,bcw_6q_random_bp,hea,RX_RY_RZ_CNOT,none,linear,cnot,hamiltonian_local,6,4,4,20,20,5,49,1,1,1,RX,0,21,layer_001_wire_001_RX,0.01536693802218854,0.01536693802218854,False
random_bp,expectation_value,same_entangling_gate_count,bcw_6q_random_bp,hea,RX_RY_RZ_CNOT,none,linear,cnot,hamiltonian_local,6,4,4,20,20,5,49,1,1,1,RY,1,22,layer_001_wire_001_RY,-0.034293106239461066,0.034293106239461066,False
random_bp,expectation_value,same_entangling_gate_count,bcw_6q_random_bp,hea,RX_RY_RZ_CNOT,none,linear,cnot,hamiltonian_local,6,4,4,20,20,5,49,1,1,1,RZ,2,23,layer_001_wire_001_RZ,-0.017063013059731597,0.017063013059731597,False
random_bp,expectation_value,same_entangling_gate_count,bcw_6q_random_bp,hea,RX_RY_RZ_CNOT,none,linear,cnot,hamiltonian_local,6,4,4,20,20,5,49,1,1,2,RX,0,24,layer_001_wire_002_RX,-0.006204165290169093,0.006204165290169093,False
random_bp,expectation_value,same_entangling_gate_count,bcw_6q_random_bp,hea,RX_RY_RZ_CNOT,none,linear,cnot,hamiltonian_local,6,4,4,20,20,5,49,1,1,2,RY,1,25,layer_001_wire_002_RY,0.011039375157873448,0.011039375157873448,False
random_bp,expectation_value,same_entangling_gate_count,bcw_6q_random_bp,hea,RX_RY_RZ_CNOT,none,linear,cnot,hamiltonian_local,6,4,4,20,20,5,49,1,1,2,RZ,2,26,layer_001_wire_002_RZ,-0.0009863898706438399,0.0009863898706438399,False
random_bp,expectation_value,same_entangling_gate_count,bcw_6q_random_bp,hea,RX_RY_RZ_CNOT,none,linear,cnot,hamiltonian_local,6,4,4,20,20,5,49,1,1,3,RX,0,27,layer_001_wire_003_RX,-0.017536581891608685,0.017536581891608685,False
random_bp,expectation_value,same_entangling_gate_count,bcw_6q_random_bp,hea,RX_RY_RZ_CNOT,none,linear,cnot,hamiltonian_local,6,4,4,20,20,5,49,1,1,3,RY,1,28,layer_001_wire_003_RY,-0.008142057109588048,0.008142057109588048,False
random_bp,expectation_value,same_entangling_gate_count,bcw_6q_random_bp,hea,RX_RY_RZ_CNOT,none,linear,cnot,hamiltonian_local,6,4,4,20,20,5,49,1,1,3,RZ,2,29,layer_001_wire_003_RZ,-0.013531418411668251,0.013531418411668251,False
random_bp,expectation_value,same_entangling_gate_count,bcw_6q_random_bp,hea,RX_RY_RZ_CNOT,none,linear,cnot,hamiltonian_local,6,4,4,20,20,5,49,1,1,4,RX,0,30,layer_001_wire_004_RX,-0.013630198148881395,0.013630198148881395,False
random_bp,expectation_value,same_entangling_gate_count,bcw_6q_random_bp,hea,RX_RY_RZ_CNOT,none,linear,cnot,hamiltonian_local,6,4,4,20,20,5,49,1,1,4,RY,1,31,layer_001_wire_004_RY,-0.07302699097043426,0.07302699097043426,False
random_bp,expectation_value,same_entangling_gate_count,bcw_6q_random_bp,hea,RX_RY_RZ_CNOT,none,linear,cnot,hamiltonian_local,6,4,4,20,20,5,49,1,1,4,RZ,2,32,layer_001_wire_004_RZ,0.013267577226339516,0.013267577226339516,False
random_bp,expectation_value,same_entangling_gate_count,bcw_6q_random_bp,hea,RX_RY_RZ_CNOT,none,linear,cnot,hamiltonian_local,6,4,4,20,20,5,49,1,1,5,RX,0,33,layer_001_wire_005_RX,0.013721285873373214,0.013721285873373214,False
random_bp,expectation_value,same_entangling_gate_count,bcw_6q_random_bp,hea,RX_RY_RZ_CNOT,none,linear,cnot,hamiltonian_local,6,4,4,20,20,5,49,1,1,5,RY,1,34,layer_001_wire_005_RY,0.08173825651072629,0.08173825651072629,False
random_bp,expectation_value,same_entangling_gate_count,bcw_6q_random_bp,hea,RX_RY_RZ_CNOT,none,linear,cnot,hamiltonian_local,6,4,4,20,20,5,49,1,1,5,RZ,2,35,layer_001_wire_005_RZ,-0.008129073970073097,0.008129073970073097,False
random_bp,expectation_value,same_entangling_gate_count,bcw_6q_random_bp,hea,RX_RY_RZ_CNOT,none,linear,cnot,hamiltonian_local,6,4,4,20,20,5,49,1,2,0,RX,0,36,layer_002_wire_000_RX,-0.07520275561781001,0.07520275561781001,False
random_bp,expectation_value,same_entangling_gate_count,bcw_6q_random_bp,hea,RX_RY_RZ_CNOT,none,linear,cnot,hamiltonian_local,6,4,4,20,20,5,49,1,2,0,RY,1,37,layer_002_wire_000_RY,0.10624470351396846,0.10624470351396846,False
random_bp,expectation_value,same_entangling_gate_count,bcw_6q_random_bp,hea,RX_RY_RZ_CNOT,none,linear,cnot,hamiltonian_local,6,4,4,20,20,5,49,1,2,0,RZ,2,38,layer_002_wire_000_RZ,1.513656591696591e-18,1.513656591696591e-18,True
random_bp,expectation_value,same_entangling_gate_count,bcw_6q_random_bp,hea,RX_RY_RZ_CNOT,none,linear,cnot,hamiltonian_local,6,4,4,20,20,5,49,1,2,1,RX,0,39,layer_002_wire_001_RX,0.009340198652437685,0.009340198652437685,False
random_bp,expectation_value,same_entangling_gate_count,bcw_6q_random_bp,hea,RX_RY_RZ_CNOT,none,linear,cnot,hamiltonian_local,6,4,4,20,20,5,49,1,2,1,RY,1,40,layer_002_wire_001_RY,0.0795859674413566,0.0795859674413566,False
random_bp,expectation_value,same_entangling_gate_count,bcw_6q_random_bp,hea,RX_RY_RZ_CNOT,none,linear,cnot,hamiltonian_local,6,4,4,20,20,5,49,1,2,1,RZ,2,41,layer_002_wire_001_RZ,-0.00798954476269879,0.00798954476269879,False
random_bp,expectation_value,same_entangling_gate_count,bcw_6q_random_bp,hea,RX_RY_RZ_CNOT,none,linear,cnot,hamiltonian_local,6,4,4,20,20,5,49,1,2,2,RX,0,42,layer_002_wire_002_RX,0.015044286855860492,0.015044286855860492,False
random_bp,expectation_value,same_entangling_gate_count,bcw_6q_random_bp,hea,RX_RY_RZ_CNOT,none,linear,cnot,hamiltonian_local,6,4,4,20,20,5,49,1,2,2,RY,1,43,layer_002_wire_002_RY,-0.007732600772345374,0.007732600772345374,False
random_bp,expectation_value,same_entangling_gate_count,bcw_6q_random_bp,hea,RX_RY_RZ_CNOT,none,linear,cnot,hamiltonian_local,6,4,4,20,20,5,49,1,2,2,RZ,2,44,layer_002_wire_002_RZ,0.014940114638297176,0.014940114638297176,False
random_bp,expectation_value,same_entangling_gate_count,bcw_6q_random_bp,hea,RX_RY_RZ_CNOT,none,linear,cnot,hamiltonian_local,6,4,4,20,20,5,49,1,2,3,RX,0,45,layer_002_wire_003_RX,-0.1139319696352067,0.1139319696352067,False
random_bp,expectation_value,same_entangling_gate_count,bcw_6q_random_bp,hea,RX_RY_RZ_CNOT,none,linear,cnot,hamiltonian_local,6,4,4,20,20,5,49,1,2,3,RY,1,46,layer_002_wire_003_RY,-0.009707092794362486,0.009707092794362486,False
random_bp,expectation_value,same_entangling_gate_count,bcw_6q_random_bp,hea,RX_RY_RZ_CNOT,none,linear,cnot,hamiltonian_local,6,4,4,20,20,5,49,1,2,3,RZ,2,47,layer_002_wire_003_RZ,0.009656072249512069,0.009656072249512069,False
random_bp,expectation_value,same_entangling_gate_count,bcw_6q_random_bp,hea,RX_RY_RZ_CNOT,none,linear,cnot,hamiltonian_local,6,4,4,20,20,5,49,1,2,4,RX,0,48,layer_002_wire_004_RX,-0.058170408148262215,0.058170408148262215,False
random_bp,expectation_value,same_entangling_gate_count,bcw_6q_random_bp,hea,RX_RY_RZ_CNOT,none,linear,cnot,hamiltonian_local,6,4,4,20,20,5,49,1,2,4,RY,1,49,layer_002_wire_004_RY,0.005220960256822234,0.005220960256822234,False
random_bp,expectation_value,same_entangling_gate_count,bcw_6q_random_bp,hea,RX_RY_RZ_CNOT,none,linear,cnot,hamiltonian_local,6,4,4,20,20,5,49,1,2,4,RZ,2,50,layer_002_wire_004_RZ,0.05831369101724186,0.05831369101724186,False
random_bp,expectation_value,same_entangling_gate_count,bcw_6q_random_bp,hea,RX_RY_RZ_CNOT,none,linear,cnot,hamiltonian_local,6,4,4,20,20,5,49,1,2,5,RX,0,51,layer_002_wire_005_RX,-0.05022831625076212,0.05022831625076212,False
random_bp,expectation_value,same_entangling_gate_count,bcw_6q_random_bp,hea,RX_RY_RZ_CNOT,none,linear,cnot,hamiltonian_local,6,4,4,20,20,5,49,1,2,5,RY,1,52,layer_002_wire_005_RY,-0.02259762140884862,0.02259762140884862,False
random_bp,expectation_value,same_entangling_gate_count,bcw_6q_random_bp,hea,RX_RY_RZ_CNOT,none,linear,cnot,hamiltonian_local,6,4,4,20,20,5,49,1,2,5,RZ,2,53,layer_002_wire_005_RZ,-0.031800168609249474,0.031800168609249474,False
random_bp,expectation_value,same_entangling_gate_count,bcw_6q_random_bp,hea,RX_RY_RZ_CNOT,none,linear,cnot,hamiltonian_local,6,4,4,20,20,5,49,1,3,0,RX,0,54,layer_003_wire_000_RX,-1.3877787807814457e-17,1.3877787807814457e-17,True
random_bp,expectation_value,same_entangling_gate_count,bcw_6q_random_bp,hea,RX_RY_RZ_CNOT,none,linear,cnot,hamiltonian_local,6,4,4,20,20,5,49,1,3,0,RY,1,55,layer_003_wire_000_RY,3.469446951953614e-18,3.469446951953614e-18,True
random_bp,expectation_value,same_entangling_gate_count,bcw_6q_random_bp,hea,RX_RY_RZ_CNOT,none,linear,cnot,hamiltonian_local,6,4,4,20,20,5,49,1,3,0,RZ,2,56,layer_003_wire_000_RZ,-6.5839858208725635e-18,6.5839858208725635e-18,True
random_bp,expectation_value,same_entangling_gate_count,bcw_6q_random_bp,hea,RX_RY_RZ_CNOT,none,linear,cnot,hamiltonian_local,6,4,4,20,20,5,49,1,3,1,RX,0,57,layer_003_wire_001_RX,-0.011777572456931246,0.011777572456931246,False
random_bp,expectation_value,same_entangling_gate_count,bcw_6q_random_bp,hea,RX_RY_RZ_CNOT,none,linear,cnot,hamiltonian_local,6,4,4,20,20,5,49,1,3,1,RY,1,58,layer_003_wire_001_RY,0.03539852983332874,0.03539852983332874,False
random_bp,expectation_value,same_entangling_gate_count,bcw_6q_random_bp,hea,RX_RY_RZ_CNOT,none,linear,cnot,hamiltonian_local,6,4,4,20,20,5,49,1,3,1,RZ,2,59,layer_003_wire_001_RZ,4.3345792011166915e-19,4.3345792011166915e-19,True
random_bp,expectation_value,same_entangling_gate_count,bcw_6q_random_bp,hea,RX_RY_RZ_CNOT,none,linear,cnot,hamiltonian_local,6,4,4,20,20,5,49,1,3,2,RX,0,60,layer_003_wire_002_RX,-0.007297213034775041,0.007297213034775041,False
random_bp,expectation_value,same_entangling_gate_count,bcw_6q_random_bp,hea,RX_RY_RZ_CNOT,none,linear,cnot,hamiltonian_local,6,4,4,20,20,5,49,1,3,2,RY,1,61,layer_003_wire_002_RY,-0.010554870493349449,0.010554870493349449,False
random_bp,expectation_value,same_entangling_gate_count,bcw_6q_random_bp,hea,RX_RY_RZ_CNOT,none,linear,cnot,hamiltonian_local,6,4,4,20,20,5,49,1,3,2,RZ,2,62,layer_003_wire_002_RZ,-1.919740765720841e-17,1.919740765720841e-17,True
random_bp,expectation_value,same_entangling_gate_count,bcw_6q_random_bp,hea,RX_RY_RZ_CNOT,none,linear,cnot,hamiltonian_local,6,4,4,20,20,5,49,1,3,3,RX,0,63,layer_003_wire_003_RX,-0.0022144802579645503,0.0022144802579645503,False
random_bp,expectation_value,same_entangling_gate_count,bcw_6q_random_bp,hea,RX_RY_RZ_CNOT,none,linear,cnot,hamiltonian_local,6,4,4,20,20,5,49,1,3,3,RY,1,64,layer_003_wire_003_RY,-0.009046251425637732,0.009046251425637732,False
random_bp,expectation_value,same_entangling_gate_count,bcw_6q_random_bp,hea,RX_RY_RZ_CNOT,none,linear,cnot,hamiltonian_local,6,4,4,20,20,5,49,1,3,3,RZ,2,65,layer_003_wire_003_RZ,-4.2295930769001046e-17,4.2295930769001046e-17,True
random_bp,expectation_value,same_entangling_gate_count,bcw_6q_random_bp,hea,RX_RY_RZ_CNOT,none,linear,cnot,hamiltonian_local,6,4,4,20,20,5,49,1,3,4,RX,0,66,layer_003_wire_004_RX,0.0009146893643170867,0.0009146893643170867,False
random_bp,expectation_value,same_entangling_gate_count,bcw_6q_random_bp,hea,RX_RY_RZ_CNOT,none,linear,cnot,hamiltonian_local,6,4,4,20,20,5,49,1,3,4,RY,1,67,layer_003_wire_004_RY,0.03510088594092733,0.03510088594092733,False
random_bp,expectation_value,same_entangling_gate_count,bcw_6q_random_bp,hea,RX_RY_RZ_CNOT,none,linear,cnot,hamiltonian_local,6,4,4,20,20,5,49,1,3,4,RZ,2,68,layer_003_wire_004_RZ,-8.161540608193053e-18,8.161540608193053e-18,True
random_bp,expectation_value,same_entangling_gate_count,bcw_6q_random_bp,hea,RX_RY_RZ_CNOT,none,linear,cnot,hamiltonian_local,6,4,4,20,20,5,49,1,3,5,RX,0,69,layer_003_wire_005_RX,0.002878094213158048,0.002878094213158048,False
random_bp,expectation_value,same_entangling_gate_count,bcw_6q_random_bp,hea,RX_RY_RZ_CNOT,none,linear,cnot,hamiltonian_local,6,4,4,20,20,5,49,1,3,5,RY,1,70,layer_003_wire_005_RY,-0.0015011779478766724,0.0015011779478766724,False
random_bp,expectation_value,same_entangling_gate_count,bcw_6q_random_bp,hea,RX_RY_RZ_CNOT,none,linear,cnot,hamiltonian_local,6,4,4,20,20,5,49,1,3,5,RZ,2,71,layer_003_wire_005_RZ,1.7349744542253535e-18,1.7349744542253535e-18,True
random_bp,expectation_value,same_entangling_gate_count,bcw_6q_random_bp,hea,RX_RY_RZ_CNOT,none,linear,cnot,hamiltonian_local,6,4,4,20,20,5,50,2,0,0,RX,0,0,layer_000_wire_000_RX,-0.0636325101126369,0.0636325101126369,False
random_bp,expectation_value,same_entangling_gate_count,bcw_6q_random_bp,hea,RX_RY_RZ_CNOT,none,linear,cnot,hamiltonian_local,6,4,4,20,20,5,50,2,0,0,RY,1,1,layer_000_wire_000_RY,-0.006490430979601523,0.006490430979601523,False
random_bp,expectation_value,same_entangling_gate_count,bcw_6q_random_bp,hea,RX_RY_RZ_CNOT,none,linear,cnot,hamiltonian_local,6,4,4,20,20,5,50,2,0,0,RZ,2,2,layer_000_wire_000_RZ,-0.03406315991693202,0.03406315991693202,False
random_bp,expectation_value,same_entangling_gate_count,bcw_6q_random_bp,hea,RX_RY_RZ_CNOT,none,linear,cnot,hamiltonian_local,6,4,4,20,20,5,50,2,0,1,RX,0,3,layer_000_wire_001_RX,0.06936815294493143,0.06936815294493143,False
random_bp,expectation_value,same_entangling_gate_count,bcw_6q_random_bp,hea,RX_RY_RZ_CNOT,none,linear,cnot,hamiltonian_local,6,4,4,20,20,5,50,2,0,1,RY,1,4,layer_000_wire_001_RY,0.02435055525002231,0.02435055525002231,False
random_bp,expectation_value,same_entangling_gate_count,bcw_6q_random_bp,hea,RX_RY_RZ_CNOT,none,linear,cnot,hamiltonian_local,6,4,4,20,20,5,50,2,0,1,RZ,2,5,layer_000_wire_001_RZ,-0.027977659175726578,0.027977659175726578,False
random_bp,expectation_value,same_entangling_gate_count,bcw_6q_random_bp,hea,RX_RY_RZ_CNOT,none,linear,cnot,hamiltonian_local,6,4,4,20,20,5,50,2,0,2,RX,0,6,layer_000_wire_002_RX,-0.0708444804101096,0.0708444804101096,False
random_bp,expectation_value,same_entangling_gate_count,bcw_6q_random_bp,hea,RX_RY_RZ_CNOT,none,linear,cnot,hamiltonian_local,6,4,4,20,20,5,50,2,0,2,RY,1,7,layer_000_wire_002_RY,0.011073728397801161,0.011073728397801161,False
random_bp,expectation_value,same_entangling_gate_count,bcw_6q_random_bp,hea,RX_RY_RZ_CNOT,none,linear,cnot,hamiltonian_local,6,4,4,20,20,5,50,2,0,2,RZ,2,8,layer_000_wire_002_RZ,-0.04938491538628388,0.04938491538628388,False
random_bp,expectation_value,same_entangling_gate_count,bcw_6q_random_bp,hea,RX_RY_RZ_CNOT,none,linear,cnot,hamiltonian_local,6,4,4,20,20,5,50,2,0,3,RX,0,9,layer_000_wire_003_RX,-0.027815171808964242,0.027815171808964242,False
random_bp,expectation_value,same_entangling_gate_count,bcw_6q_random_bp,hea,RX_RY_RZ_CNOT,none,linear,cnot,hamiltonian_local,6,4,4,20,20,5,50,2,0,3,RY,1,10,layer_000_wire_003_RY,-0.015064155894294766,0.015064155894294766,False
random_bp,expectation_value,same_entangling_gate_count,bcw_6q_random_bp,hea,RX_RY_RZ_CNOT,none,linear,cnot,hamiltonian_local,6,4,4,20,20,5,50,2,0,3,RZ,2,11,layer_000_wire_003_RZ,-0.010574225771945781,0.010574225771945781,False
random_bp,expectation_value,same_entangling_gate_count,bcw_6q_random_bp,hea,RX_RY_RZ_CNOT,none,linear,cnot,hamiltonian_local,6,4,4,20,20,5,50,2,0,4,RX,0,12,layer_000_wire_004_RX,-0.026146719313712558,0.026146719313712558,False
random_bp,expectation_value,same_entangling_gate_count,bcw_6q_random_bp,hea,RX_RY_RZ_CNOT,none,linear,cnot,hamiltonian_local,6,4,4,20,20,5,50,2,0,4,RY,1,13,layer_000_wire_004_RY,0.011415070064797049,0.011415070064797049,False
random_bp,expectation_value,same_entangling_gate_count,bcw_6q_random_bp,hea,RX_RY_RZ_CNOT,none,linear,cnot,hamiltonian_local,6,4,4,20,20,5,50,2,0,4,RZ,2,14,layer_000_wire_004_RZ,0.02035926385015812,0.02035926385015812,False
random_bp,expectation_value,same_entangling_gate_count,bcw_6q_random_bp,hea,RX_RY_RZ_CNOT,none,linear,cnot,hamiltonian_local,6,4,4,20,20,5,50,2,0,5,RX,0,15,layer_000_wire_005_RX,0.004636872445954926,0.004636872445954926,False
random_bp,expectation_value,same_entangling_gate_count,bcw_6q_random_bp,hea,RX_RY_RZ_CNOT,none,linear,cnot,hamiltonian_local,6,4,4,20,20,5,50,2,0,5,RY,1,16,layer_000_wire_005_RY,0.021412993476177047,0.021412993476177047,False
random_bp,expectation_value,same_entangling_gate_count,bcw_6q_random_bp,hea,RX_RY_RZ_CNOT,none,linear,cnot,hamiltonian_local,6,4,4,20,20,5,50,2,0,5,RZ,2,17,layer_000_wire_005_RZ,-0.024183833595848213,0.024183833595848213,False
random_bp,expectation_value,same_entangling_gate_count,bcw_6q_random_bp,hea,RX_RY_RZ_CNOT,none,linear,cnot,hamiltonian_local,6,4,4,20,20,5,50,2,1,0,RX,0,18,layer_001_wire_000_RX,-0.002446309237281282,0.002446309237281282,False
random_bp,expectation_value,same_entangling_gate_count,bcw_6q_random_bp,hea,RX_RY_RZ_CNOT,none,linear,cnot,hamiltonian_local,6,4,4,20,20,5,50,2,1,0,RY,1,19,layer_001_wire_000_RY,0.009020544684436367,0.009020544684436367,False
random_bp,expectation_value,same_entangling_gate_count,bcw_6q_random_bp,hea,RX_RY_RZ_CNOT,none,linear,cnot,hamiltonian_local,6,4,4,20,20,5,50,2,1,0,RZ,2,20,layer_001_wire_000_RZ,0.017388699135127673,0.017388699135127673,False
random_bp,expectation_value,same_entangling_gate_count,bcw_6q_random_bp,hea,RX_RY_RZ_CNOT,none,linear,cnot,hamiltonian_local,6,4,4,20,20,5,50,2,1,1,RX,0,21,layer_001_wire_001_RX,-0.03918463829447796,0.03918463829447796,False
random_bp,expectation_value,same_entangling_gate_count,bcw_6q_random_bp,hea,RX_RY_RZ_CNOT,none,linear,cnot,hamiltonian_local,6,4,4,20,20,5,50,2,1,1,RY,1,22,layer_001_wire_001_RY,0.03854418228233718,0.03854418228233718,False
random_bp,expectation_value,same_entangling_gate_count,bcw_6q_random_bp,hea,RX_RY_RZ_CNOT,none,linear,cnot,hamiltonian_local,6,4,4,20,20,5,50,2,1,1,RZ,2,23,layer_001_wire_001_RZ,0.01670753765241963,0.01670753765241963,False
random_bp,expectation_value,same_entangling_gate_count,bcw_6q_random_bp,hea,RX_RY_RZ_CNOT,none,linear,cnot,hamiltonian_local,6,4,4,20,20,5,50,2,1,2,RX,0,24,layer_001_wire_002_RX,-0.0077337185424765365,0.0077337185424765365,False
random_bp,expectation_value,same_entangling_gate_count,bcw_6q_random_bp,hea,RX_RY_RZ_CNOT,none,linear,cnot,hamiltonian_local,6,4,4,20,20,5,50,2,1,2,RY,1,25,layer_001_wire_002_RY,-0.036158988897172645,0.036158988897172645,False
random_bp,expectation_value,same_entangling_gate_count,bcw_6q_random_bp,hea,RX_RY_RZ_CNOT,none,linear,cnot,hamiltonian_local,6,4,4,20,20,5,50,2,1,2,RZ,2,26,layer_001_wire_002_RZ,0.00025346169493737904,0.00025346169493737904,False
random_bp,expectation_value,same_entangling_gate_count,bcw_6q_random_bp,hea,RX_RY_RZ_CNOT,none,linear,cnot,hamiltonian_local,6,4,4,20,20,5,50,2,1,3,RX,0,27,layer_001_wire_003_RX,0.010017815667174981,0.010017815667174981,False
random_bp,expectation_value,same_entangling_gate_count,bcw_6q_random_bp,hea,RX_RY_RZ_CNOT,none,linear,cnot,hamiltonian_local,6,4,4,20,20,5,50,2,1,3,RY,1,28,layer_001_wire_003_RY,-0.04622939057753679,0.04622939057753679,False
random_bp,expectation_value,same_entangling_gate_count,bcw_6q_random_bp,hea,RX_RY_RZ_CNOT,none,linear,cnot,hamiltonian_local,6,4,4,20,20,5,50,2,1,3,RZ,2,29,layer_001_wire_003_RZ,0.006381575558458839,0.006381575558458839,False
random_bp,expectation_value,same_entangling_gate_count,bcw_6q_random_bp,hea,RX_RY_RZ_CNOT,none,linear,cnot,hamiltonian_local,6,4,4,20,20,5,50,2,1,4,RX,0,30,layer_001_wire_004_RX,-0.023291353279946796,0.023291353279946796,False
random_bp,expectation_value,same_entangling_gate_count,bcw_6q_random_bp,hea,RX_RY_RZ_CNOT,none,linear,cnot,hamiltonian_local,6,4,4,20,20,5,50,2,1,4,RY,1,31,layer_001_wire_004_RY,0.01831520448466514,0.01831520448466514,False
random_bp,expectation_value,same_entangling_gate_count,bcw_6q_random_bp,hea,RX_RY_RZ_CNOT,none,linear,cnot,hamiltonian_local,6,4,4,20,20,5,50,2,1,4,RZ,2,32,layer_001_wire_004_RZ,-0.018535254278384372,0.018535254278384372,False
random_bp,expectation_value,same_entangling_gate_count,bcw_6q_random_bp,hea,RX_RY_RZ_CNOT,none,linear,cnot,hamiltonian_local,6,4,4,20,20,5,50,2,1,5,RX,0,33,layer_001_wire_005_RX,-0.019431589638677183,0.019431589638677183,False
random_bp,expectation_value,same_entangling_gate_count,bcw_6q_random_bp,hea,RX_RY_RZ_CNOT,none,linear,cnot,hamiltonian_local,6,4,4,20,20,5,50,2,1,5,RY,1,34,layer_001_wire_005_RY,0.033221019353949006,0.033221019353949006,False
random_bp,expectation_value,same_entangling_gate_count,bcw_6q_random_bp,hea,RX_RY_RZ_CNOT,none,linear,cnot,hamiltonian_local,6,4,4,20,20,5,50,2,1,5,RZ,2,35,layer_001_wire_005_RZ,0.009293342410606293,0.009293342410606293,False
random_bp,expectation_value,same_entangling_gate_count,bcw_6q_random_bp,hea,RX_RY_RZ_CNOT,none,linear,cnot,hamiltonian_local,6,4,4,20,20,5,50,2,2,0,RX,0,36,layer_002_wire_000_RX,0.006170340824231364,0.006170340824231364,False
random_bp,expectation_value,same_entangling_gate_count,bcw_6q_random_bp,hea,RX_RY_RZ_CNOT,none,linear,cnot,hamiltonian_local,6,4,4,20,20,5,50,2,2,0,RY,1,37,layer_002_wire_000_RY,-0.12796490207825517,0.12796490207825517,False
random_bp,expectation_value,same_entangling_gate_count,bcw_6q_random_bp,hea,RX_RY_RZ_CNOT,none,linear,cnot,hamiltonian_local,6,4,4,20,20,5,50,2,2,0,RZ,2,38,layer_002_wire_000_RZ,3.1480045441106175e-17,3.1480045441106175e-17,True
random_bp,expectation_value,same_entangling_gate_count,bcw_6q_random_bp,hea,RX_RY_RZ_CNOT,none,linear,cnot,hamiltonian_local,6,4,4,20,20,5,50,2,2,1,RX,0,39,layer_002_wire_001_RX,0.018325584941315216,0.018325584941315216,False
random_bp,expectation_value,same_entangling_gate_count,bcw_6q_random_bp,hea,RX_RY_RZ_CNOT,none,linear,cnot,hamiltonian_local,6,4,4,20,20,5,50,2,2,1,RY,1,40,layer_002_wire_001_RY,-0.00526356016063179,0.00526356016063179,False
random_bp,expectation_value,same_entangling_gate_count,bcw_6q_random_bp,hea,RX_RY_RZ_CNOT,none,linear,cnot,hamiltonian_local,6,4,4,20,20,5,50,2,2,1,RZ,2,41,layer_002_wire_001_RZ,-0.0184410837542481,0.0184410837542481,False
random_bp,expectation_value,same_entangling_gate_count,bcw_6q_random_bp,hea,RX_RY_RZ_CNOT,none,linear,cnot,hamiltonian_local,6,4,4,20,20,5,50,2,2,2,RX,0,42,layer_002_wire_002_RX,-0.017495321243448644,0.017495321243448644,False
random_bp,expectation_value,same_entangling_gate_count,bcw_6q_random_bp,hea,RX_RY_RZ_CNOT,none,linear,cnot,hamiltonian_local,6,4,4,20,20,5,50,2,2,2,RY,1,43,layer_002_wire_002_RY,0.004902717357482386,0.004902717357482386,False
random_bp,expectation_value,same_entangling_gate_count,bcw_6q_random_bp,hea,RX_RY_RZ_CNOT,none,linear,cnot,hamiltonian_local,6,4,4,20,20,5,50,2,2,2,RZ,2,44,layer_002_wire_002_RZ,-0.0040911336278380995,0.0040911336278380995,False
random_bp,expectation_value,same_entangling_gate_count,bcw_6q_random_bp,hea,RX_RY_RZ_CNOT,none,linear,cnot,hamiltonian_local,6,4,4,20,20,5,50,2,2,3,RX,0,45,layer_002_wire_003_RX,0.002514101728455863,0.002514101728455863,False
random_bp,expectation_value,same_entangling_gate_count,bcw_6q_random_bp,hea,RX_RY_RZ_CNOT,none,linear,cnot,hamiltonian_local,6,4,4,20,20,5,50,2,2,3,RY,1,46,layer_002_wire_003_RY,0.0037840143634517245,0.0037840143634517245,False
random_bp,expectation_value,same_entangling_gate_count,bcw_6q_random_bp,hea,RX_RY_RZ_CNOT,none,linear,cnot,hamiltonian_local,6,4,4,20,20,5,50,2,2,3,RZ,2,47,layer_002_wire_003_RZ,-0.017510935390873086,0.017510935390873086,False
random_bp,expectation_value,same_entangling_gate_count,bcw_6q_random_bp,hea,RX_RY_RZ_CNOT,none,linear,cnot,hamiltonian_local,6,4,4,20,20,5,50,2,2,4,RX,0,48,layer_002_wire_004_RX,-0.018440385276804784,0.018440385276804784,False
random_bp,expectation_value,same_entangling_gate_count,bcw_6q_random_bp,hea,RX_RY_RZ_CNOT,none,linear,cnot,hamiltonian_local,6,4,4,20,20,5,50,2,2,4,RY,1,49,layer_002_wire_004_RY,0.016197958918033106,0.016197958918033106,False
random_bp,expectation_value,same_entangling_gate_count,bcw_6q_random_bp,hea,RX_RY_RZ_CNOT,none,linear,cnot,hamiltonian_local,6,4,4,20,20,5,50,2,2,4,RZ,2,50,layer_002_wire_004_RZ,-0.00517440130097919,0.00517440130097919,False
random_bp,expectation_value,same_entangling_gate_count,bcw_6q_random_bp,hea,RX_RY_RZ_CNOT,none,linear,cnot,hamiltonian_local,6,4,4,20,20,5,50,2,2,5,RX,0,51,layer_002_wire_005_RX,0.002033786380080095,0.002033786380080095,False
random_bp,expectation_value,same_entangling_gate_count,bcw_6q_random_bp,hea,RX_RY_RZ_CNOT,none,linear,cnot,hamiltonian_local,6,4,4,20,20,5,50,2,2,5,RY,1,52,layer_002_wire_005_RY,0.006126318110675235,0.006126318110675235,False
random_bp,expectation_value,same_entangling_gate_count,bcw_6q_random_bp,hea,RX_RY_RZ_CNOT,none,linear,cnot,hamiltonian_local,6,4,4,20,20,5,50,2,2,5,RZ,2,53,layer_002_wire_005_RZ,0.007629288021093664,0.007629288021093664,False
random_bp,expectation_value,same_entangling_gate_count,bcw_6q_random_bp,hea,RX_RY_RZ_CNOT,none,linear,cnot,hamiltonian_local,6,4,4,20,20,5,50,2,3,0,RX,0,54,layer_003_wire_000_RX,6.938893903907228e-18,6.938893903907228e-18,True
random_bp,expectation_value,same_entangling_gate_count,bcw_6q_random_bp,hea,RX_RY_RZ_CNOT,none,linear,cnot,hamiltonian_local,6,4,4,20,20,5,50,2,3,0,RY,1,55,layer_003_wire_000_RY,-1.734723475976807e-18,1.734723475976807e-18,True
random_bp,expectation_value,same_entangling_gate_count,bcw_6q_random_bp,hea,RX_RY_RZ_CNOT,none,linear,cnot,hamiltonian_local,6,4,4,20,20,5,50,2,3,0,RZ,2,56,layer_003_wire_000_RZ,-5.288672236553432e-18,5.288672236553432e-18,True
random_bp,expectation_value,same_entangling_gate_count,bcw_6q_random_bp,hea,RX_RY_RZ_CNOT,none,linear,cnot,hamiltonian_local,6,4,4,20,20,5,50,2,3,1,RX,0,57,layer_003_wire_001_RX,-0.014723204383448277,0.014723204383448277,False
random_bp,expectation_value,same_entangling_gate_count,bcw_6q_random_bp,hea,RX_RY_RZ_CNOT,none,linear,cnot,hamiltonian_local,6,4,4,20,20,5,50,2,3,1,RY,1,58,layer_003_wire_001_RY,-0.03136999064848776,0.03136999064848776,False
random_bp,expectation_value,same_entangling_gate_count,bcw_6q_random_bp,hea,RX_RY_RZ_CNOT,none,linear,cnot,hamiltonian_local,6,4,4,20,20,5,50,2,3,1,RZ,2,59,layer_003_wire_001_RZ,2.7743253590568125e-17,2.7743253590568125e-17,True
random_bp,expectation_value,same_entangling_gate_count,bcw_6q_random_bp,hea,RX_RY_RZ_CNOT,none,linear,cnot,hamiltonian_local,6,4,4,20,20,5,50,2,3,2,RX,0,60,layer_003_wire_002_RX,0.012929434435127174,0.012929434435127174,False
random_bp,expectation_value,same_entangling_gate_count,bcw_6q_random_bp,hea,RX_RY_RZ_CNOT,none,linear,cnot,hamiltonian_local,6,4,4,20,20,5,50,2,3,2,RY,1,61,layer_003_wire_002_RY,-0.05747613374910726,0.05747613374910726,False
random_bp,expectation_value,same_entangling_gate_count,bcw_6q_random_bp,hea,RX_RY_RZ_CNOT,none,linear,cnot,hamiltonian_local,6,4,4,20,20,5,50,2,3,2,RZ,2,62,layer_003_wire_002_RZ,2.6184354527841473e-17,2.6184354527841473e-17,True
random_bp,expectation_value,same_entangling_gate_count,bcw_6q_random_bp,hea,RX_RY_RZ_CNOT,none,linear,cnot,hamiltonian_local,6,4,4,20,20,5,50,2,3,3,RX,0,63,layer_003_wire_003_RX,-0.007067410111228932,0.007067410111228932,False
random_bp,expectation_value,same_entangling_gate_count,bcw_6q_random_bp,hea,RX_RY_RZ_CNOT,none,linear,cnot,hamiltonian_local,6,4,4,20,20,5,50,2,3,3,RY,1,64,layer_003_wire_003_RY,-0.03751815682127463,0.03751815682127463,False
random_bp,expectation_value,same_entangling_gate_count,bcw_6q_random_bp,hea,RX_RY_RZ_CNOT,none,linear,cnot,hamiltonian_local,6,4,4,20,20,5,50,2,3,3,RZ,2,65,layer_003_wire_003_RZ,8.880542239515252e-18,8.880542239515252e-18,True
random_bp,expectation_value,same_entangling_gate_count,bcw_6q_random_bp,hea,RX_RY_RZ_CNOT,none,linear,cnot,hamiltonian_local,6,4,4,20,20,5,50,2,3,4,RX,0,66,layer_003_wire_004_RX,-0.002869190864269143,0.002869190864269143,False
random_bp,expectation_value,same_entangling_gate_count,bcw_6q_random_bp,hea,RX_RY_RZ_CNOT,none,linear,cnot,hamiltonian_local,6,4,4,20,20,5,50,2,3,4,RY,1,67,layer_003_wire_004_RY,0.0006616971587146588,0.0006616971587146588,False
random_bp,expectation_value,same_entangling_gate_count,bcw_6q_random_bp,hea,RX_RY_RZ_CNOT,none,linear,cnot,hamiltonian_local,6,4,4,20,20,5,50,2,3,4,RZ,2,68,layer_003_wire_004_RZ,-3.291869476530236e-18,3.291869476530236e-18,True
random_bp,expectation_value,same_entangling_gate_count,bcw_6q_random_bp,hea,RX_RY_RZ_CNOT,none,linear,cnot,hamiltonian_local,6,4,4,20,20,5,50,2,3,5,RX,0,69,layer_003_wire_005_RX,-0.001061246103073142,0.001061246103073142,False
random_bp,expectation_value,same_entangling_gate_count,bcw_6q_random_bp,hea,RX_RY_RZ_CNOT,none,linear,cnot,hamiltonian_local,6,4,4,20,20,5,50,2,3,5,RY,1,70,layer_003_wire_005_RY,-0.013832522320024538,0.013832522320024538,False
random_bp,expectation_value,same_entangling_gate_count,bcw_6q_random_bp,hea,RX_RY_RZ_CNOT,none,linear,cnot,hamiltonian_local,6,4,4,20,20,5,50,2,3,5,RZ,2,71,layer_003_wire_005_RZ,-5.6928011659265035e-18,5.6928011659265035e-18,True
random_bp,expectation_value,same_entangling_gate_count,bcw_6q_random_bp,hea,RX_RY_RZ_CNOT,none,circular,cnot,hamiltonian_local,6,4,3,20,18,6,51,0,0,0,RX,0,0,layer_000_wire_000_RX,-0.00937752818276163,0.00937752818276163,False
random_bp,expectation_value,same_entangling_gate_count,bcw_6q_random_bp,hea,RX_RY_RZ_CNOT,none,circular,cnot,hamiltonian_local,6,4,3,20,18,6,51,0,0,0,RY,1,1,layer_000_wire_000_RY,0.027091077515768478,0.027091077515768478,False
random_bp,expectation_value,same_entangling_gate_count,bcw_6q_random_bp,hea,RX_RY_RZ_CNOT,none,circular,cnot,hamiltonian_local,6,4,3,20,18,6,51,0,0,0,RZ,2,2,layer_000_wire_000_RZ,-0.005398642644002642,0.005398642644002642,False
random_bp,expectation_value,same_entangling_gate_count,bcw_6q_random_bp,hea,RX_RY_RZ_CNOT,none,circular,cnot,hamiltonian_local,6,4,3,20,18,6,51,0,0,1,RX,0,3,layer_000_wire_001_RX,-0.0713955348311249,0.0713955348311249,False
random_bp,expectation_value,same_entangling_gate_count,bcw_6q_random_bp,hea,RX_RY_RZ_CNOT,none,circular,cnot,hamiltonian_local,6,4,3,20,18,6,51,0,0,1,RY,1,4,layer_000_wire_001_RY,-0.03617211011872683,0.03617211011872683,False
random_bp,expectation_value,same_entangling_gate_count,bcw_6q_random_bp,hea,RX_RY_RZ_CNOT,none,circular,cnot,hamiltonian_local,6,4,3,20,18,6,51,0,0,1,RZ,2,5,layer_000_wire_001_RZ,0.06728739176528628,0.06728739176528628,False
random_bp,expectation_value,same_entangling_gate_count,bcw_6q_random_bp,hea,RX_RY_RZ_CNOT,none,circular,cnot,hamiltonian_local,6,4,3,20,18,6,51,0,0,2,RX,0,6,layer_000_wire_002_RX,-0.003688188477664325,0.003688188477664325,False
random_bp,expectation_value,same_entangling_gate_count,bcw_6q_random_bp,hea,RX_RY_RZ_CNOT,none,circular,cnot,hamiltonian_local,6,4,3,20,18,6,51,0,0,2,RY,1,7,layer_000_wire_002_RY,-0.03142429952838705,0.03142429952838705,False
random_bp,expectation_value,same_entangling_gate_count,bcw_6q_random_bp,hea,RX_RY_RZ_CNOT,none,circular,cnot,hamiltonian_local,6,4,3,20,18,6,51,0,0,2,RZ,2,8,layer_000_wire_002_RZ,0.0004591297406817933,0.0004591297406817933,False
random_bp,expectation_value,same_entangling_gate_count,bcw_6q_random_bp,hea,RX_RY_RZ_CNOT,none,circular,cnot,hamiltonian_local,6,4,3,20,18,6,51,0,0,3,RX,0,9,layer_000_wire_003_RX,-0.00750502398589491,0.00750502398589491,False
random_bp,expectation_value,same_entangling_gate_count,bcw_6q_random_bp,hea,RX_RY_RZ_CNOT,none,circular,cnot,hamiltonian_local,6,4,3,20,18,6,51,0,0,3,RY,1,10,layer_000_wire_003_RY,-0.1151116228527534,0.1151116228527534,False
random_bp,expectation_value,same_entangling_gate_count,bcw_6q_random_bp,hea,RX_RY_RZ_CNOT,none,circular,cnot,hamiltonian_local,6,4,3,20,18,6,51,0,0,3,RZ,2,11,layer_000_wire_003_RZ,-0.013131432706938258,0.013131432706938258,False
random_bp,expectation_value,same_entangling_gate_count,bcw_6q_random_bp,hea,RX_RY_RZ_CNOT,none,circular,cnot,hamiltonian_local,6,4,3,20,18,6,51,0,0,4,RX,0,12,layer_000_wire_004_RX,0.03725140997385843,0.03725140997385843,False
random_bp,expectation_value,same_entangling_gate_count,bcw_6q_random_bp,hea,RX_RY_RZ_CNOT,none,circular,cnot,hamiltonian_local,6,4,3,20,18,6,51,0,0,4,RY,1,13,layer_000_wire_004_RY,-0.03380241360445605,0.03380241360445605,False
random_bp,expectation_value,same_entangling_gate_count,bcw_6q_random_bp,hea,RX_RY_RZ_CNOT,none,circular,cnot,hamiltonian_local,6,4,3,20,18,6,51,0,0,4,RZ,2,14,layer_000_wire_004_RZ,-0.03350449817675742,0.03350449817675742,False
random_bp,expectation_value,same_entangling_gate_count,bcw_6q_random_bp,hea,RX_RY_RZ_CNOT,none,circular,cnot,hamiltonian_local,6,4,3,20,18,6,51,0,0,5,RX,0,15,layer_000_wire_005_RX,0.034966658589142906,0.034966658589142906,False
random_bp,expectation_value,same_entangling_gate_count,bcw_6q_random_bp,hea,RX_RY_RZ_CNOT,none,circular,cnot,hamiltonian_local,6,4,3,20,18,6,51,0,0,5,RY,1,16,layer_000_wire_005_RY,-0.015042214429693293,0.015042214429693293,False
random_bp,expectation_value,same_entangling_gate_count,bcw_6q_random_bp,hea,RX_RY_RZ_CNOT,none,circular,cnot,hamiltonian_local,6,4,3,20,18,6,51,0,0,5,RZ,2,17,layer_000_wire_005_RZ,-0.00702531897203307,0.00702531897203307,False
random_bp,expectation_value,same_entangling_gate_count,bcw_6q_random_bp,hea,RX_RY_RZ_CNOT,none,circular,cnot,hamiltonian_local,6,4,3,20,18,6,51,0,1,0,RX,0,18,layer_001_wire_000_RX,-0.014302414143382174,0.014302414143382174,False
random_bp,expectation_value,same_entangling_gate_count,bcw_6q_random_bp,hea,RX_RY_RZ_CNOT,none,circular,cnot,hamiltonian_local,6,4,3,20,18,6,51,0,1,0,RY,1,19,layer_001_wire_000_RY,0.1320853328480786,0.1320853328480786,False
random_bp,expectation_value,same_entangling_gate_count,bcw_6q_random_bp,hea,RX_RY_RZ_CNOT,none,circular,cnot,hamiltonian_local,6,4,3,20,18,6,51,0,1,0,RZ,2,20,layer_001_wire_000_RZ,-0.028936781186610958,0.028936781186610958,False
random_bp,expectation_value,same_entangling_gate_count,bcw_6q_random_bp,hea,RX_RY_RZ_CNOT,none,circular,cnot,hamiltonian_local,6,4,3,20,18,6,51,0,1,1,RX,0,21,layer_001_wire_001_RX,-0.019834088872245983,0.019834088872245983,False
random_bp,expectation_value,same_entangling_gate_count,bcw_6q_random_bp,hea,RX_RY_RZ_CNOT,none,circular,cnot,hamiltonian_local,6,4,3,20,18,6,51,0,1,1,RY,1,22,layer_001_wire_001_RY,0.02078639997728122,0.02078639997728122,False
random_bp,expectation_value,same_entangling_gate_count,bcw_6q_random_bp,hea,RX_RY_RZ_CNOT,none,circular,cnot,hamiltonian_local,6,4,3,20,18,6,51,0,1,1,RZ,2,23,layer_001_wire_001_RZ,0.04283347724420909,0.04283347724420909,False
random_bp,expectation_value,same_entangling_gate_count,bcw_6q_random_bp,hea,RX_RY_RZ_CNOT,none,circular,cnot,hamiltonian_local,6,4,3,20,18,6,51,0,1,2,RX,0,24,layer_001_wire_002_RX,-0.06594463629788361,0.06594463629788361,False
random_bp,expectation_value,same_entangling_gate_count,bcw_6q_random_bp,hea,RX_RY_RZ_CNOT,none,circular,cnot,hamiltonian_local,6,4,3,20,18,6,51,0,1,2,RY,1,25,layer_001_wire_002_RY,0.07086608108495189,0.07086608108495189,False
random_bp,expectation_value,same_entangling_gate_count,bcw_6q_random_bp,hea,RX_RY_RZ_CNOT,none,circular,cnot,hamiltonian_local,6,4,3,20,18,6,51,0,1,2,RZ,2,26,layer_001_wire_002_RZ,-0.06874359862084604,0.06874359862084604,False
random_bp,expectation_value,same_entangling_gate_count,bcw_6q_random_bp,hea,RX_RY_RZ_CNOT,none,circular,cnot,hamiltonian_local,6,4,3,20,18,6,51,0,1,3,RX,0,27,layer_001_wire_003_RX,-0.023673164318171375,0.023673164318171375,False
random_bp,expectation_value,same_entangling_gate_count,bcw_6q_random_bp,hea,RX_RY_RZ_CNOT,none,circular,cnot,hamiltonian_local,6,4,3,20,18,6,51,0,1,3,RY,1,28,layer_001_wire_003_RY,0.026433333772733922,0.026433333772733922,False
random_bp,expectation_value,same_entangling_gate_count,bcw_6q_random_bp,hea,RX_RY_RZ_CNOT,none,circular,cnot,hamiltonian_local,6,4,3,20,18,6,51,0,1,3,RZ,2,29,layer_001_wire_003_RZ,0.0368139011964677,0.0368139011964677,False
random_bp,expectation_value,same_entangling_gate_count,bcw_6q_random_bp,hea,RX_RY_RZ_CNOT,none,circular,cnot,hamiltonian_local,6,4,3,20,18,6,51,0,1,4,RX,0,30,layer_001_wire_004_RX,-0.048256339266556744,0.048256339266556744,False
random_bp,expectation_value,same_entangling_gate_count,bcw_6q_random_bp,hea,RX_RY_RZ_CNOT,none,circular,cnot,hamiltonian_local,6,4,3,20,18,6,51,0,1,4,RY,1,31,layer_001_wire_004_RY,-0.054015291027230676,0.054015291027230676,False
random_bp,expectation_value,same_entangling_gate_count,bcw_6q_random_bp,hea,RX_RY_RZ_CNOT,none,circular,cnot,hamiltonian_local,6,4,3,20,18,6,51,0,1,4,RZ,2,32,layer_001_wire_004_RZ,-0.03709936512789193,0.03709936512789193,False
random_bp,expectation_value,same_entangling_gate_count,bcw_6q_random_bp,hea,RX_RY_RZ_CNOT,none,circular,cnot,hamiltonian_local,6,4,3,20,18,6,51,0,1,5,RX,0,33,layer_001_wire_005_RX,-0.007860615873795216,0.007860615873795216,False
random_bp,expectation_value,same_entangling_gate_count,bcw_6q_random_bp,hea,RX_RY_RZ_CNOT,none,circular,cnot,hamiltonian_local,6,4,3,20,18,6,51,0,1,5,RY,1,34,layer_001_wire_005_RY,0.0034288391190916015,0.0034288391190916015,False
random_bp,expectation_value,same_entangling_gate_count,bcw_6q_random_bp,hea,RX_RY_RZ_CNOT,none,circular,cnot,hamiltonian_local,6,4,3,20,18,6,51,0,1,5,RZ,2,35,layer_001_wire_005_RZ,-0.04474474699409177,0.04474474699409177,False
random_bp,expectation_value,same_entangling_gate_count,bcw_6q_random_bp,hea,RX_RY_RZ_CNOT,none,circular,cnot,hamiltonian_local,6,4,3,20,18,6,51,0,2,0,RX,0,36,layer_002_wire_000_RX,-0.0009259683618489808,0.0009259683618489808,False
random_bp,expectation_value,same_entangling_gate_count,bcw_6q_random_bp,hea,RX_RY_RZ_CNOT,none,circular,cnot,hamiltonian_local,6,4,3,20,18,6,51,0,2,0,RY,1,37,layer_002_wire_000_RY,-0.06851333784976882,0.06851333784976882,False
random_bp,expectation_value,same_entangling_gate_count,bcw_6q_random_bp,hea,RX_RY_RZ_CNOT,none,circular,cnot,hamiltonian_local,6,4,3,20,18,6,51,0,2,0,RZ,2,38,layer_002_wire_000_RZ,2.1620433349534024e-17,2.1620433349534024e-17,True
random_bp,expectation_value,same_entangling_gate_count,bcw_6q_random_bp,hea,RX_RY_RZ_CNOT,none,circular,cnot,hamiltonian_local,6,4,3,20,18,6,51,0,2,1,RX,0,39,layer_002_wire_001_RX,-1.5612511283791264e-17,1.5612511283791264e-17,True
random_bp,expectation_value,same_entangling_gate_count,bcw_6q_random_bp,hea,RX_RY_RZ_CNOT,none,circular,cnot,hamiltonian_local,6,4,3,20,18,6,51,0,2,1,RY,1,40,layer_002_wire_001_RY,-9.540979117872439e-18,9.540979117872439e-18,True
random_bp,expectation_value,same_entangling_gate_count,bcw_6q_random_bp,hea,RX_RY_RZ_CNOT,none,circular,cnot,hamiltonian_local,6,4,3,20,18,6,51,0,2,1,RZ,2,41,layer_002_wire_001_RZ,1.738222032188765e-17,1.738222032188765e-17,True
random_bp,expectation_value,same_entangling_gate_count,bcw_6q_random_bp,hea,RX_RY_RZ_CNOT,none,circular,cnot,hamiltonian_local,6,4,3,20,18,6,51,0,2,2,RX,0,42,layer_002_wire_002_RX,0.004158910616802399,0.004158910616802399,False
random_bp,expectation_value,same_entangling_gate_count,bcw_6q_random_bp,hea,RX_RY_RZ_CNOT,none,circular,cnot,hamiltonian_local,6,4,3,20,18,6,51,0,2,2,RY,1,43,layer_002_wire_002_RY,-0.033374031987740346,0.033374031987740346,False
random_bp,expectation_value,same_entangling_gate_count,bcw_6q_random_bp,hea,RX_RY_RZ_CNOT,none,circular,cnot,hamiltonian_local,6,4,3,20,18,6,51,0,2,2,RZ,2,44,layer_002_wire_002_RZ,8.012204695020165e-20,8.012204695020165e-20,True
random_bp,expectation_value,same_entangling_gate_count,bcw_6q_random_bp,hea,RX_RY_RZ_CNOT,none,circular,cnot,hamiltonian_local,6,4,3,20,18,6,51,0,2,3,RX,0,45,layer_002_wire_003_RX,0.001955784646857915,0.001955784646857915,False
random_bp,expectation_value,same_entangling_gate_count,bcw_6q_random_bp,hea,RX_RY_RZ_CNOT,none,circular,cnot,hamiltonian_local,6,4,3,20,18,6,51,0,2,3,RY,1,46,layer_002_wire_003_RY,-0.005136107512344496,0.005136107512344496,False
random_bp,expectation_value,same_entangling_gate_count,bcw_6q_random_bp,hea,RX_RY_RZ_CNOT,none,circular,cnot,hamiltonian_local,6,4,3,20,18,6,51,0,2,3,RZ,2,47,layer_002_wire_003_RZ,1.0468902272232814e-17,1.0468902272232814e-17,True
random_bp,expectation_value,same_entangling_gate_count,bcw_6q_random_bp,hea,RX_RY_RZ_CNOT,none,circular,cnot,hamiltonian_local,6,4,3,20,18,6,51,0,2,4,RX,0,48,layer_002_wire_004_RX,-0.00020309233635216854,0.00020309233635216854,False
random_bp,expectation_value,same_entangling_gate_count,bcw_6q_random_bp,hea,RX_RY_RZ_CNOT,none,circular,cnot,hamiltonian_local,6,4,3,20,18,6,51,0,2,4,RY,1,49,layer_002_wire_004_RY,-0.06609400265440717,0.06609400265440717,False
random_bp,expectation_value,same_entangling_gate_count,bcw_6q_random_bp,hea,RX_RY_RZ_CNOT,none,circular,cnot,hamiltonian_local,6,4,3,20,18,6,51,0,2,4,RZ,2,50,layer_002_wire_004_RZ,-4.80065874043179e-18,4.80065874043179e-18,True
random_bp,expectation_value,same_entangling_gate_count,bcw_6q_random_bp,hea,RX_RY_RZ_CNOT,none,circular,cnot,hamiltonian_local,6,4,3,20,18,6,51,0,2,5,RX,0,51,layer_002_wire_005_RX,0.014484906338141807,0.014484906338141807,False
random_bp,expectation_value,same_entangling_gate_count,bcw_6q_random_bp,hea,RX_RY_RZ_CNOT,none,circular,cnot,hamiltonian_local,6,4,3,20,18,6,51,0,2,5,RY,1,52,layer_002_wire_005_RY,0.009050678271683026,0.009050678271683026,False
random_bp,expectation_value,same_entangling_gate_count,bcw_6q_random_bp,hea,RX_RY_RZ_CNOT,none,circular,cnot,hamiltonian_local,6,4,3,20,18,6,51,0,2,5,RZ,2,53,layer_002_wire_005_RZ,2.445512834920717e-18,2.445512834920717e-18,True
random_bp,expectation_value,same_entangling_gate_count,bcw_6q_random_bp,hea,RX_RY_RZ_CNOT,none,circular,cnot,hamiltonian_local,6,4,3,20,18,6,52,1,0,0,RX,0,0,layer_000_wire_000_RX,0.022031537699032332,0.022031537699032332,False
random_bp,expectation_value,same_entangling_gate_count,bcw_6q_random_bp,hea,RX_RY_RZ_CNOT,none,circular,cnot,hamiltonian_local,6,4,3,20,18,6,52,1,0,0,RY,1,1,layer_000_wire_000_RY,-0.1112329037569366,0.1112329037569366,False
random_bp,expectation_value,same_entangling_gate_count,bcw_6q_random_bp,hea,RX_RY_RZ_CNOT,none,circular,cnot,hamiltonian_local,6,4,3,20,18,6,52,1,0,0,RZ,2,2,layer_000_wire_000_RZ,0.0011325793542089962,0.0011325793542089962,False
random_bp,expectation_value,same_entangling_gate_count,bcw_6q_random_bp,hea,RX_RY_RZ_CNOT,none,circular,cnot,hamiltonian_local,6,4,3,20,18,6,52,1,0,1,RX,0,3,layer_000_wire_001_RX,-0.02002166784145611,0.02002166784145611,False
random_bp,expectation_value,same_entangling_gate_count,bcw_6q_random_bp,hea,RX_RY_RZ_CNOT,none,circular,cnot,hamiltonian_local,6,4,3,20,18,6,52,1,0,1,RY,1,4,layer_000_wire_001_RY,-0.023712328346896815,0.023712328346896815,False
random_bp,expectation_value,same_entangling_gate_count,bcw_6q_random_bp,hea,RX_RY_RZ_CNOT,none,circular,cnot,hamiltonian_local,6,4,3,20,18,6,52,1,0,1,RZ,2,5,layer_000_wire_001_RZ,-0.015526630508129437,0.015526630508129437,False
random_bp,expectation_value,same_entangling_gate_count,bcw_6q_random_bp,hea,RX_RY_RZ_CNOT,none,circular,cnot,hamiltonian_local,6,4,3,20,18,6,52,1,0,2,RX,0,6,layer_000_wire_002_RX,-0.003835462939674559,0.003835462939674559,False
random_bp,expectation_value,same_entangling_gate_count,bcw_6q_random_bp,hea,RX_RY_RZ_CNOT,none,circular,cnot,hamiltonian_local,6,4,3,20,18,6,52,1,0,2,RY,1,7,layer_000_wire_002_RY,0.008235854650155531,0.008235854650155531,False
random_bp,expectation_value,same_entangling_gate_count,bcw_6q_random_bp,hea,RX_RY_RZ_CNOT,none,circular,cnot,hamiltonian_local,6,4,3,20,18,6,52,1,0,2,RZ,2,8,layer_000_wire_002_RZ,-0.01512247819865169,0.01512247819865169,False
random_bp,expectation_value,same_entangling_gate_count,bcw_6q_random_bp,hea,RX_RY_RZ_CNOT,none,circular,cnot,hamiltonian_local,6,4,3,20,18,6,52,1,0,3,RX,0,9,layer_000_wire_003_RX,0.15458455523314912,0.15458455523314912,False
random_bp,expectation_value,same_entangling_gate_count,bcw_6q_random_bp,hea,RX_RY_RZ_CNOT,none,circular,cnot,hamiltonian_local,6,4,3,20,18,6,52,1,0,3,RY,1,10,layer_000_wire_003_RY,0.04192689113600802,0.04192689113600802,False
random_bp,expectation_value,same_entangling_gate_count,bcw_6q_random_bp,hea,RX_RY_RZ_CNOT,none,circular,cnot,hamiltonian_local,6,4,3,20,18,6,52,1,0,3,RZ,2,11,layer_000_wire_003_RZ,-0.15470875899191508,0.15470875899191508,False
random_bp,expectation_value,same_entangling_gate_count,bcw_6q_random_bp,hea,RX_RY_RZ_CNOT,none,circular,cnot,hamiltonian_local,6,4,3,20,18,6,52,1,0,4,RX,0,12,layer_000_wire_004_RX,-0.011984616149698916,0.011984616149698916,False
random_bp,expectation_value,same_entangling_gate_count,bcw_6q_random_bp,hea,RX_RY_RZ_CNOT,none,circular,cnot,hamiltonian_local,6,4,3,20,18,6,52,1,0,4,RY,1,13,layer_000_wire_004_RY,-0.020664185693385177,0.020664185693385177,False
random_bp,expectation_value,same_entangling_gate_count,bcw_6q_random_bp,hea,RX_RY_RZ_CNOT,none,circular,cnot,hamiltonian_local,6,4,3,20,18,6,52,1,0,4,RZ,2,14,layer_000_wire_004_RZ,0.0026130870057682106,0.0026130870057682106,False
random_bp,expectation_value,same_entangling_gate_count,bcw_6q_random_bp,hea,RX_RY_RZ_CNOT,none,circular,cnot,hamiltonian_local,6,4,3,20,18,6,52,1,0,5,RX,0,15,layer_000_wire_005_RX,-0.07485541575401404,0.07485541575401404,False
random_bp,expectation_value,same_entangling_gate_count,bcw_6q_random_bp,hea,RX_RY_RZ_CNOT,none,circular,cnot,hamiltonian_local,6,4,3,20,18,6,52,1,0,5,RY,1,16,layer_000_wire_005_RY,0.04830651953190297,0.04830651953190297,False
random_bp,expectation_value,same_entangling_gate_count,bcw_6q_random_bp,hea,RX_RY_RZ_CNOT,none,circular,cnot,hamiltonian_local,6,4,3,20,18,6,52,1,0,5,RZ,2,17,layer_000_wire_005_RZ,-0.04617640410866697,0.04617640410866697,False
random_bp,expectation_value,same_entangling_gate_count,bcw_6q_random_bp,hea,RX_RY_RZ_CNOT,none,circular,cnot,hamiltonian_local,6,4,3,20,18,6,52,1,1,0,RX,0,18,layer_001_wire_000_RX,-0.014441898155033824,0.014441898155033824,False
random_bp,expectation_value,same_entangling_gate_count,bcw_6q_random_bp,hea,RX_RY_RZ_CNOT,none,circular,cnot,hamiltonian_local,6,4,3,20,18,6,52,1,1,0,RY,1,19,layer_001_wire_000_RY,0.003932585755382136,0.003932585755382136,False
random_bp,expectation_value,same_entangling_gate_count,bcw_6q_random_bp,hea,RX_RY_RZ_CNOT,none,circular,cnot,hamiltonian_local,6,4,3,20,18,6,52,1,1,0,RZ,2,20,layer_001_wire_000_RZ,-0.011114613051779174,0.011114613051779174,False
random_bp,expectation_value,same_entangling_gate_count,bcw_6q_random_bp,hea,RX_RY_RZ_CNOT,none,circular,cnot,hamiltonian_local,6,4,3,20,18,6,52,1,1,1,RX,0,21,layer_001_wire_001_RX,0.030139107533911726,0.030139107533911726,False
random_bp,expectation_value,same_entangling_gate_count,bcw_6q_random_bp,hea,RX_RY_RZ_CNOT,none,circular,cnot,hamiltonian_local,6,4,3,20,18,6,52,1,1,1,RY,1,22,layer_001_wire_001_RY,-0.008993405473104824,0.008993405473104824,False
random_bp,expectation_value,same_entangling_gate_count,bcw_6q_random_bp,hea,RX_RY_RZ_CNOT,none,circular,cnot,hamiltonian_local,6,4,3,20,18,6,52,1,1,1,RZ,2,23,layer_001_wire_001_RZ,0.038015094865513355,0.038015094865513355,False
random_bp,expectation_value,same_entangling_gate_count,bcw_6q_random_bp,hea,RX_RY_RZ_CNOT,none,circular,cnot,hamiltonian_local,6,4,3,20,18,6,52,1,1,2,RX,0,24,layer_001_wire_002_RX,-0.010547337149373021,0.010547337149373021,False
random_bp,expectation_value,same_entangling_gate_count,bcw_6q_random_bp,hea,RX_RY_RZ_CNOT,none,circular,cnot,hamiltonian_local,6,4,3,20,18,6,52,1,1,2,RY,1,25,layer_001_wire_002_RY,-0.04091806408723071,0.04091806408723071,False
random_bp,expectation_value,same_entangling_gate_count,bcw_6q_random_bp,hea,RX_RY_RZ_CNOT,none,circular,cnot,hamiltonian_local,6,4,3,20,18,6,52,1,1,2,RZ,2,26,layer_001_wire_002_RZ,0.0026481882347956587,0.0026481882347956587,False
random_bp,expectation_value,same_entangling_gate_count,bcw_6q_random_bp,hea,RX_RY_RZ_CNOT,none,circular,cnot,hamiltonian_local,6,4,3,20,18,6,52,1,1,3,RX,0,27,layer_001_wire_003_RX,0.0005866057624555124,0.0005866057624555124,False
random_bp,expectation_value,same_entangling_gate_count,bcw_6q_random_bp,hea,RX_RY_RZ_CNOT,none,circular,cnot,hamiltonian_local,6,4,3,20,18,6,52,1,1,3,RY,1,28,layer_001_wire_003_RY,0.048608649803341106,0.048608649803341106,False
random_bp,expectation_value,same_entangling_gate_count,bcw_6q_random_bp,hea,RX_RY_RZ_CNOT,none,circular,cnot,hamiltonian_local,6,4,3,20,18,6,52,1,1,3,RZ,2,29,layer_001_wire_003_RZ,0.004477217650326264,0.004477217650326264,False
random_bp,expectation_value,same_entangling_gate_count,bcw_6q_random_bp,hea,RX_RY_RZ_CNOT,none,circular,cnot,hamiltonian_local,6,4,3,20,18,6,52,1,1,4,RX,0,30,layer_001_wire_004_RX,0.08007118619752752,0.08007118619752752,False
random_bp,expectation_value,same_entangling_gate_count,bcw_6q_random_bp,hea,RX_RY_RZ_CNOT,none,circular,cnot,hamiltonian_local,6,4,3,20,18,6,52,1,1,4,RY,1,31,layer_001_wire_004_RY,-0.031070020051314335,0.031070020051314335,False
random_bp,expectation_value,same_entangling_gate_count,bcw_6q_random_bp,hea,RX_RY_RZ_CNOT,none,circular,cnot,hamiltonian_local,6,4,3,20,18,6,52,1,1,4,RZ,2,32,layer_001_wire_004_RZ,0.07457705361626657,0.07457705361626657,False
random_bp,expectation_value,same_entangling_gate_count,bcw_6q_random_bp,hea,RX_RY_RZ_CNOT,none,circular,cnot,hamiltonian_local,6,4,3,20,18,6,52,1,1,5,RX,0,33,layer_001_wire_005_RX,-0.0009162259634829008,0.0009162259634829008,False
random_bp,expectation_value,same_entangling_gate_count,bcw_6q_random_bp,hea,RX_RY_RZ_CNOT,none,circular,cnot,hamiltonian_local,6,4,3,20,18,6,52,1,1,5,RY,1,34,layer_001_wire_005_RY,-0.011854768984135058,0.011854768984135058,False
random_bp,expectation_value,same_entangling_gate_count,bcw_6q_random_bp,hea,RX_RY_RZ_CNOT,none,circular,cnot,hamiltonian_local,6,4,3,20,18,6,52,1,1,5,RZ,2,35,layer_001_wire_005_RZ,0.01610741601593088,0.01610741601593088,False
random_bp,expectation_value,same_entangling_gate_count,bcw_6q_random_bp,hea,RX_RY_RZ_CNOT,none,circular,cnot,hamiltonian_local,6,4,3,20,18,6,52,1,2,0,RX,0,36,layer_002_wire_000_RX,-0.005780145225607429,0.005780145225607429,False
random_bp,expectation_value,same_entangling_gate_count,bcw_6q_random_bp,hea,RX_RY_RZ_CNOT,none,circular,cnot,hamiltonian_local,6,4,3,20,18,6,52,1,2,0,RY,1,37,layer_002_wire_000_RY,-0.0042046434161617345,0.0042046434161617345,False
random_bp,expectation_value,same_entangling_gate_count,bcw_6q_random_bp,hea,RX_RY_RZ_CNOT,none,circular,cnot,hamiltonian_local,6,4,3,20,18,6,52,1,2,0,RZ,2,38,layer_002_wire_000_RZ,4.213380795723381e-17,4.213380795723381e-17,True
random_bp,expectation_value,same_entangling_gate_count,bcw_6q_random_bp,hea,RX_RY_RZ_CNOT,none,circular,cnot,hamiltonian_local,6,4,3,20,18,6,52,1,2,1,RX,0,39,layer_002_wire_001_RX,1.0408340855860843e-17,1.0408340855860843e-17,True
random_bp,expectation_value,same_entangling_gate_count,bcw_6q_random_bp,hea,RX_RY_RZ_CNOT,none,circular,cnot,hamiltonian_local,6,4,3,20,18,6,52,1,2,1,RY,1,40,layer_002_wire_001_RY,6.938893903907228e-18,6.938893903907228e-18,True
random_bp,expectation_value,same_entangling_gate_count,bcw_6q_random_bp,hea,RX_RY_RZ_CNOT,none,circular,cnot,hamiltonian_local,6,4,3,20,18,6,52,1,2,1,RZ,2,41,layer_002_wire_001_RZ,3.40929334214996e-17,3.40929334214996e-17,True
random_bp,expectation_value,same_entangling_gate_count,bcw_6q_random_bp,hea,RX_RY_RZ_CNOT,none,circular,cnot,hamiltonian_local,6,4,3,20,18,6,52,1,2,2,RX,0,42,layer_002_wire_002_RX,-0.0003149654435259282,0.0003149654435259282,False
random_bp,expectation_value,same_entangling_gate_count,bcw_6q_random_bp,hea,RX_RY_RZ_CNOT,none,circular,cnot,hamiltonian_local,6,4,3,20,18,6,52,1,2,2,RY,1,43,layer_002_wire_002_RY,-0.034833562194551124,0.034833562194551124,False
random_bp,expectation_value,same_entangling_gate_count,bcw_6q_random_bp,hea,RX_RY_RZ_CNOT,none,circular,cnot,hamiltonian_local,6,4,3,20,18,6,52,1,2,2,RZ,2,44,layer_002_wire_002_RZ,-1.3736683683918732e-17,1.3736683683918732e-17,True
random_bp,expectation_value,same_entangling_gate_count,bcw_6q_random_bp,hea,RX_RY_RZ_CNOT,none,circular,cnot,hamiltonian_local,6,4,3,20,18,6,52,1,2,3,RX,0,45,layer_002_wire_003_RX,0.005489901314499711,0.005489901314499711,False
random_bp,expectation_value,same_entangling_gate_count,bcw_6q_random_bp,hea,RX_RY_RZ_CNOT,none,circular,cnot,hamiltonian_local,6,4,3,20,18,6,52,1,2,3,RY,1,46,layer_002_wire_003_RY,-0.012237420428354186,0.012237420428354186,False
random_bp,expectation_value,same_entangling_gate_count,bcw_6q_random_bp,hea,RX_RY_RZ_CNOT,none,circular,cnot,hamiltonian_local,6,4,3,20,18,6,52,1,2,3,RZ,2,47,layer_002_wire_003_RZ,4.838742508454898e-17,4.838742508454898e-17,True
random_bp,expectation_value,same_entangling_gate_count,bcw_6q_random_bp,hea,RX_RY_RZ_CNOT,none,circular,cnot,hamiltonian_local,6,4,3,20,18,6,52,1,2,4,RX,0,48,layer_002_wire_004_RX,0.008937409629792014,0.008937409629792014,False
random_bp,expectation_value,same_entangling_gate_count,bcw_6q_random_bp,hea,RX_RY_RZ_CNOT,none,circular,cnot,hamiltonian_local,6,4,3,20,18,6,52,1,2,4,RY,1,49,layer_002_wire_004_RY,0.011397941624503178,0.011397941624503178,False
random_bp,expectation_value,same_entangling_gate_count,bcw_6q_random_bp,hea,RX_RY_RZ_CNOT,none,circular,cnot,hamiltonian_local,6,4,3,20,18,6,52,1,2,4,RZ,2,50,layer_002_wire_004_RZ,9.380350798032365e-18,9.380350798032365e-18,True
random_bp,expectation_value,same_entangling_gate_count,bcw_6q_random_bp,hea,RX_RY_RZ_CNOT,none,circular,cnot,hamiltonian_local,6,4,3,20,18,6,52,1,2,5,RX,0,51,layer_002_wire_005_RX,-0.03337761820432979,0.03337761820432979,False
random_bp,expectation_value,same_entangling_gate_count,bcw_6q_random_bp,hea,RX_RY_RZ_CNOT,none,circular,cnot,hamiltonian_local,6,4,3,20,18,6,52,1,2,5,RY,1,52,layer_002_wire_005_RY,-0.035243999321436036,0.035243999321436036,False
random_bp,expectation_value,same_entangling_gate_count,bcw_6q_random_bp,hea,RX_RY_RZ_CNOT,none,circular,cnot,hamiltonian_local,6,4,3,20,18,6,52,1,2,5,RZ,2,53,layer_002_wire_005_RZ,2.530836158979565e-17,2.530836158979565e-17,True
random_bp,expectation_value,same_entangling_gate_count,bcw_6q_random_bp,hea,RX_RY_RZ_CNOT,none,circular,cnot,hamiltonian_local,6,4,3,20,18,6,53,2,0,0,RX,0,0,layer_000_wire_000_RX,-0.08067137878038298,0.08067137878038298,False
random_bp,expectation_value,same_entangling_gate_count,bcw_6q_random_bp,hea,RX_RY_RZ_CNOT,none,circular,cnot,hamiltonian_local,6,4,3,20,18,6,53,2,0,0,RY,1,1,layer_000_wire_000_RY,9.697189729203706e-05,9.697189729203706e-05,False
random_bp,expectation_value,same_entangling_gate_count,bcw_6q_random_bp,hea,RX_RY_RZ_CNOT,none,circular,cnot,hamiltonian_local,6,4,3,20,18,6,53,2,0,0,RZ,2,2,layer_000_wire_000_RZ,-0.07735392633306401,0.07735392633306401,False
random_bp,expectation_value,same_entangling_gate_count,bcw_6q_random_bp,hea,RX_RY_RZ_CNOT,none,circular,cnot,hamiltonian_local,6,4,3,20,18,6,53,2,0,1,RX,0,3,layer_000_wire_001_RX,-0.029291320304257663,0.029291320304257663,False
random_bp,expectation_value,same_entangling_gate_count,bcw_6q_random_bp,hea,RX_RY_RZ_CNOT,none,circular,cnot,hamiltonian_local,6,4,3,20,18,6,53,2,0,1,RY,1,4,layer_000_wire_001_RY,-0.057708378679213024,0.057708378679213024,False
random_bp,expectation_value,same_entangling_gate_count,bcw_6q_random_bp,hea,RX_RY_RZ_CNOT,none,circular,cnot,hamiltonian_local,6,4,3,20,18,6,53,2,0,1,RZ,2,5,layer_000_wire_001_RZ,-0.013177060674695635,0.013177060674695635,False
random_bp,expectation_value,same_entangling_gate_count,bcw_6q_random_bp,hea,RX_RY_RZ_CNOT,none,circular,cnot,hamiltonian_local,6,4,3,20,18,6,53,2,0,2,RX,0,6,layer_000_wire_002_RX,-0.02066439585008355,0.02066439585008355,False
random_bp,expectation_value,same_entangling_gate_count,bcw_6q_random_bp,hea,RX_RY_RZ_CNOT,none,circular,cnot,hamiltonian_local,6,4,3,20,18,6,53,2,0,2,RY,1,7,layer_000_wire_002_RY,-0.002252346597914425,0.002252346597914425,False
random_bp,expectation_value,same_entangling_gate_count,bcw_6q_random_bp,hea,RX_RY_RZ_CNOT,none,circular,cnot,hamiltonian_local,6,4,3,20,18,6,53,2,0,2,RZ,2,8,layer_000_wire_002_RZ,-0.0018665690661014917,0.0018665690661014917,False
random_bp,expectation_value,same_entangling_gate_count,bcw_6q_random_bp,hea,RX_RY_RZ_CNOT,none,circular,cnot,hamiltonian_local,6,4,3,20,18,6,53,2,0,3,RX,0,9,layer_000_wire_003_RX,0.1611445252800435,0.1611445252800435,False
random_bp,expectation_value,same_entangling_gate_count,bcw_6q_random_bp,hea,RX_RY_RZ_CNOT,none,circular,cnot,hamiltonian_local,6,4,3,20,18,6,53,2,0,3,RY,1,10,layer_000_wire_003_RY,0.014561321332944748,0.014561321332944748,False
random_bp,expectation_value,same_entangling_gate_count,bcw_6q_random_bp,hea,RX_RY_RZ_CNOT,none,circular,cnot,hamiltonian_local,6,4,3,20,18,6,53,2,0,3,RZ,2,11,layer_000_wire_003_RZ,-0.04097428967318209,0.04097428967318209,False
random_bp,expectation_value,same_entangling_gate_count,bcw_6q_random_bp,hea,RX_RY_RZ_CNOT,none,circular,cnot,hamiltonian_local,6,4,3,20,18,6,53,2,0,4,RX,0,12,layer_000_wire_004_RX,-0.026715748004142302,0.026715748004142302,False
random_bp,expectation_value,same_entangling_gate_count,bcw_6q_random_bp,hea,RX_RY_RZ_CNOT,none,circular,cnot,hamiltonian_local,6,4,3,20,18,6,53,2,0,4,RY,1,13,layer_000_wire_004_RY,0.013969715373531434,0.013969715373531434,False
random_bp,expectation_value,same_entangling_gate_count,bcw_6q_random_bp,hea,RX_RY_RZ_CNOT,none,circular,cnot,hamiltonian_local,6,4,3,20,18,6,53,2,0,4,RZ,2,14,layer_000_wire_004_RZ,0.02029777498410649,0.02029777498410649,False
random_bp,expectation_value,same_entangling_gate_count,bcw_6q_random_bp,hea,RX_RY_RZ_CNOT,none,circular,cnot,hamiltonian_local,6,4,3,20,18,6,53,2,0,5,RX,0,15,layer_000_wire_005_RX,0.03665717853071292,0.03665717853071292,False
random_bp,expectation_value,same_entangling_gate_count,bcw_6q_random_bp,hea,RX_RY_RZ_CNOT,none,circular,cnot,hamiltonian_local,6,4,3,20,18,6,53,2,0,5,RY,1,16,layer_000_wire_005_RY,-0.009797423542534728,0.009797423542534728,False
random_bp,expectation_value,same_entangling_gate_count,bcw_6q_random_bp,hea,RX_RY_RZ_CNOT,none,circular,cnot,hamiltonian_local,6,4,3,20,18,6,53,2,0,5,RZ,2,17,layer_000_wire_005_RZ,0.0031860892256766853,0.0031860892256766853,False
random_bp,expectation_value,same_entangling_gate_count,bcw_6q_random_bp,hea,RX_RY_RZ_CNOT,none,circular,cnot,hamiltonian_local,6,4,3,20,18,6,53,2,1,0,RX,0,18,layer_001_wire_000_RX,-0.0486306147840169,0.0486306147840169,False
random_bp,expectation_value,same_entangling_gate_count,bcw_6q_random_bp,hea,RX_RY_RZ_CNOT,none,circular,cnot,hamiltonian_local,6,4,3,20,18,6,53,2,1,0,RY,1,19,layer_001_wire_000_RY,0.0014855085247066635,0.0014855085247066635,False
random_bp,expectation_value,same_entangling_gate_count,bcw_6q_random_bp,hea,RX_RY_RZ_CNOT,none,circular,cnot,hamiltonian_local,6,4,3,20,18,6,53,2,1,0,RZ,2,20,layer_001_wire_000_RZ,-0.06217759134627582,0.06217759134627582,False
random_bp,expectation_value,same_entangling_gate_count,bcw_6q_random_bp,hea,RX_RY_RZ_CNOT,none,circular,cnot,hamiltonian_local,6,4,3,20,18,6,53,2,1,1,RX,0,21,layer_001_wire_001_RX,0.04127724534092463,0.04127724534092463,False
random_bp,expectation_value,same_entangling_gate_count,bcw_6q_random_bp,hea,RX_RY_RZ_CNOT,none,circular,cnot,hamiltonian_local,6,4,3,20,18,6,53,2,1,1,RY,1,22,layer_001_wire_001_RY,0.07921163412529904,0.07921163412529904,False
random_bp,expectation_value,same_entangling_gate_count,bcw_6q_random_bp,hea,RX_RY_RZ_CNOT,none,circular,cnot,hamiltonian_local,6,4,3,20,18,6,53,2,1,1,RZ,2,23,layer_001_wire_001_RZ,-0.08424777528202543,0.08424777528202543,False
random_bp,expectation_value,same_entangling_gate_count,bcw_6q_random_bp,hea,RX_RY_RZ_CNOT,none,circular,cnot,hamiltonian_local,6,4,3,20,18,6,53,2,1,2,RX,0,24,layer_001_wire_002_RX,-0.08917738689647708,0.08917738689647708,False
random_bp,expectation_value,same_entangling_gate_count,bcw_6q_random_bp,hea,RX_RY_RZ_CNOT,none,circular,cnot,hamiltonian_local,6,4,3,20,18,6,53,2,1,2,RY,1,25,layer_001_wire_002_RY,0.027982827734702162,0.027982827734702162,False
random_bp,expectation_value,same_entangling_gate_count,bcw_6q_random_bp,hea,RX_RY_RZ_CNOT,none,circular,cnot,hamiltonian_local,6,4,3,20,18,6,53,2,1,2,RZ,2,26,layer_001_wire_002_RZ,-0.029733404958475623,0.029733404958475623,False
random_bp,expectation_value,same_entangling_gate_count,bcw_6q_random_bp,hea,RX_RY_RZ_CNOT,none,circular,cnot,hamiltonian_local,6,4,3,20,18,6,53,2,1,3,RX,0,27,layer_001_wire_003_RX,-0.08800962866851014,0.08800962866851014,False
random_bp,expectation_value,same_entangling_gate_count,bcw_6q_random_bp,hea,RX_RY_RZ_CNOT,none,circular,cnot,hamiltonian_local,6,4,3,20,18,6,53,2,1,3,RY,1,28,layer_001_wire_003_RY,0.04882842372844548,0.04882842372844548,False
random_bp,expectation_value,same_entangling_gate_count,bcw_6q_random_bp,hea,RX_RY_RZ_CNOT,none,circular,cnot,hamiltonian_local,6,4,3,20,18,6,53,2,1,3,RZ,2,29,layer_001_wire_003_RZ,-0.12031865509006925,0.12031865509006925,False
random_bp,expectation_value,same_entangling_gate_count,bcw_6q_random_bp,hea,RX_RY_RZ_CNOT,none,circular,cnot,hamiltonian_local,6,4,3,20,18,6,53,2,1,4,RX,0,30,layer_001_wire_004_RX,-0.013372747696676346,0.013372747696676346,False
random_bp,expectation_value,same_entangling_gate_count,bcw_6q_random_bp,hea,RX_RY_RZ_CNOT,none,circular,cnot,hamiltonian_local,6,4,3,20,18,6,53,2,1,4,RY,1,31,layer_001_wire_004_RY,-0.050839546376979565,0.050839546376979565,False
random_bp,expectation_value,same_entangling_gate_count,bcw_6q_random_bp,hea,RX_RY_RZ_CNOT,none,circular,cnot,hamiltonian_local,6,4,3,20,18,6,53,2,1,4,RZ,2,32,layer_001_wire_004_RZ,0.06115946679890687,0.06115946679890687,False
random_bp,expectation_value,same_entangling_gate_count,bcw_6q_random_bp,hea,RX_RY_RZ_CNOT,none,circular,cnot,hamiltonian_local,6,4,3,20,18,6,53,2,1,5,RX,0,33,layer_001_wire_005_RX,-0.04322735815392501,0.04322735815392501,False
random_bp,expectation_value,same_entangling_gate_count,bcw_6q_random_bp,hea,RX_RY_RZ_CNOT,none,circular,cnot,hamiltonian_local,6,4,3,20,18,6,53,2,1,5,RY,1,34,layer_001_wire_005_RY,0.0052394825054008515,0.0052394825054008515,False
random_bp,expectation_value,same_entangling_gate_count,bcw_6q_random_bp,hea,RX_RY_RZ_CNOT,none,circular,cnot,hamiltonian_local,6,4,3,20,18,6,53,2,1,5,RZ,2,35,layer_001_wire_005_RZ,0.023650239223055293,0.023650239223055293,False
random_bp,expectation_value,same_entangling_gate_count,bcw_6q_random_bp,hea,RX_RY_RZ_CNOT,none,circular,cnot,hamiltonian_local,6,4,3,20,18,6,53,2,2,0,RX,0,36,layer_002_wire_000_RX,0.014293738048459109,0.014293738048459109,False
random_bp,expectation_value,same_entangling_gate_count,bcw_6q_random_bp,hea,RX_RY_RZ_CNOT,none,circular,cnot,hamiltonian_local,6,4,3,20,18,6,53,2,2,0,RY,1,37,layer_002_wire_000_RY,-0.023261533074732065,0.023261533074732065,False
random_bp,expectation_value,same_entangling_gate_count,bcw_6q_random_bp,hea,RX_RY_RZ_CNOT,none,circular,cnot,hamiltonian_local,6,4,3,20,18,6,53,2,2,0,RZ,2,38,layer_002_wire_000_RZ,-7.472851938161383e-18,7.472851938161383e-18,True
random_bp,expectation_value,same_entangling_gate_count,bcw_6q_random_bp,hea,RX_RY_RZ_CNOT,none,circular,cnot,hamiltonian_local,6,4,3,20,18,6,53,2,2,1,RX,0,39,layer_002_wire_001_RX,-1.9081958235744878e-17,1.9081958235744878e-17,True
random_bp,expectation_value,same_entangling_gate_count,bcw_6q_random_bp,hea,RX_RY_RZ_CNOT,none,circular,cnot,hamiltonian_local,6,4,3,20,18,6,53,2,2,1,RY,1,40,layer_002_wire_001_RY,-1.5612511283791264e-17,1.5612511283791264e-17,True
random_bp,expectation_value,same_entangling_gate_count,bcw_6q_random_bp,hea,RX_RY_RZ_CNOT,none,circular,cnot,hamiltonian_local,6,4,3,20,18,6,53,2,2,1,RZ,2,41,layer_002_wire_001_RZ,2.0232831270029443e-17,2.0232831270029443e-17,True
random_bp,expectation_value,same_entangling_gate_count,bcw_6q_random_bp,hea,RX_RY_RZ_CNOT,none,circular,cnot,hamiltonian_local,6,4,3,20,18,6,53,2,2,2,RX,0,42,layer_002_wire_002_RX,-0.07534525218453869,0.07534525218453869,False
random_bp,expectation_value,same_entangling_gate_count,bcw_6q_random_bp,hea,RX_RY_RZ_CNOT,none,circular,cnot,hamiltonian_local,6,4,3,20,18,6,53,2,2,2,RY,1,43,layer_002_wire_002_RY,0.07551888373101054,0.07551888373101054,False
random_bp,expectation_value,same_entangling_gate_count,bcw_6q_random_bp,hea,RX_RY_RZ_CNOT,none,circular,cnot,hamiltonian_local,6,4,3,20,18,6,53,2,2,2,RZ,2,44,layer_002_wire_002_RZ,2.4502371773313502e-17,2.4502371773313502e-17,True
random_bp,expectation_value,same_entangling_gate_count,bcw_6q_random_bp,hea,RX_RY_RZ_CNOT,none,circular,cnot,hamiltonian_local,6,4,3,20,18,6,53,2,2,3,RX,0,45,layer_002_wire_003_RX,-0.007888830422858137,0.007888830422858137,False
random_bp,expectation_value,same_entangling_gate_count,bcw_6q_random_bp,hea,RX_RY_RZ_CNOT,none,circular,cnot,hamiltonian_local,6,4,3,20,18,6,53,2,2,3,RY,1,46,layer_002_wire_003_RY,-0.037874056792496294,0.037874056792496294,False
random_bp,expectation_value,same_entangling_gate_count,bcw_6q_random_bp,hea,RX_RY_RZ_CNOT,none,circular,cnot,hamiltonian_local,6,4,3,20,18,6,53,2,2,3,RZ,2,47,layer_002_wire_003_RZ,-1.5798129294340285e-17,1.5798129294340285e-17,True
random_bp,expectation_value,same_entangling_gate_count,bcw_6q_random_bp,hea,RX_RY_RZ_CNOT,none,circular,cnot,hamiltonian_local,6,4,3,20,18,6,53,2,2,4,RX,0,48,layer_002_wire_004_RX,0.041462040205106174,0.041462040205106174,False
random_bp,expectation_value,same_entangling_gate_count,bcw_6q_random_bp,hea,RX_RY_RZ_CNOT,none,circular,cnot,hamiltonian_local,6,4,3,20,18,6,53,2,2,4,RY,1,49,layer_002_wire_004_RY,-0.12928098727568288,0.12928098727568288,False
random_bp,expectation_value,same_entangling_gate_count,bcw_6q_random_bp,hea,RX_RY_RZ_CNOT,none,circular,cnot,hamiltonian_local,6,4,3,20,18,6,53,2,2,4,RZ,2,50,layer_002_wire_004_RZ,-2.0301324356283813e-17,2.0301324356283813e-17,True
random_bp,expectation_value,same_entangling_gate_count,bcw_6q_random_bp,hea,RX_RY_RZ_CNOT,none,circular,cnot,hamiltonian_local,6,4,3,20,18,6,53,2,2,5,RX,0,51,layer_002_wire_005_RX,0.02762470715534992,0.02762470715534992,False
random_bp,expectation_value,same_entangling_gate_count,bcw_6q_random_bp,hea,RX_RY_RZ_CNOT,none,circular,cnot,hamiltonian_local,6,4,3,20,18,6,53,2,2,5,RY,1,52,layer_002_wire_005_RY,-0.048289623225743414,0.048289623225743414,False
random_bp,expectation_value,same_entangling_gate_count,bcw_6q_random_bp,hea,RX_RY_RZ_CNOT,none,circular,cnot,hamiltonian_local,6,4,3,20,18,6,53,2,2,5,RZ,2,53,layer_002_wire_005_RZ,1.385242443403978e-18,1.385242443403978e-18,True
random_bp,expectation_value,same_entangling_gate_count,bcw_6q_random_bp,hea,RX_RY_RZ_CNOT,none,linear,cnot,local,6,8,8,40,40,5,54,0,0,0,RX,0,0,layer_000_wire_000_RX,-0.06492802942586948,0.06492802942586948,False
random_bp,expectation_value,same_entangling_gate_count,bcw_6q_random_bp,hea,RX_RY_RZ_CNOT,none,linear,cnot,local,6,8,8,40,40,5,54,0,0,0,RY,1,1,layer_000_wire_000_RY,0.01993566108726672,0.01993566108726672,False
random_bp,expectation_value,same_entangling_gate_count,bcw_6q_random_bp,hea,RX_RY_RZ_CNOT,none,linear,cnot,local,6,8,8,40,40,5,54,0,0,0,RZ,2,2,layer_000_wire_000_RZ,-0.061552196679065606,0.061552196679065606,False
random_bp,expectation_value,same_entangling_gate_count,bcw_6q_random_bp,hea,RX_RY_RZ_CNOT,none,linear,cnot,local,6,8,8,40,40,5,54,0,0,1,RX,0,3,layer_000_wire_001_RX,-0.04592583026367104,0.04592583026367104,False
random_bp,expectation_value,same_entangling_gate_count,bcw_6q_random_bp,hea,RX_RY_RZ_CNOT,none,linear,cnot,local,6,8,8,40,40,5,54,0,0,1,RY,1,4,layer_000_wire_001_RY,-0.030268817454298838,0.030268817454298838,False
random_bp,expectation_value,same_entangling_gate_count,bcw_6q_random_bp,hea,RX_RY_RZ_CNOT,none,linear,cnot,local,6,8,8,40,40,5,54,0,0,1,RZ,2,5,layer_000_wire_001_RZ,0.04356570553087381,0.04356570553087381,False
random_bp,expectation_value,same_entangling_gate_count,bcw_6q_random_bp,hea,RX_RY_RZ_CNOT,none,linear,cnot,local,6,8,8,40,40,5,54,0,0,2,RX,0,6,layer_000_wire_002_RX,-0.020675998669225926,0.020675998669225926,False
random_bp,expectation_value,same_entangling_gate_count,bcw_6q_random_bp,hea,RX_RY_RZ_CNOT,none,linear,cnot,local,6,8,8,40,40,5,54,0,0,2,RY,1,7,layer_000_wire_002_RY,-0.04051421939909498,0.04051421939909498,False
random_bp,expectation_value,same_entangling_gate_count,bcw_6q_random_bp,hea,RX_RY_RZ_CNOT,none,linear,cnot,local,6,8,8,40,40,5,54,0,0,2,RZ,2,8,layer_000_wire_002_RZ,0.01638095696834578,0.01638095696834578,False
random_bp,expectation_value,same_entangling_gate_count,bcw_6q_random_bp,hea,RX_RY_RZ_CNOT,none,linear,cnot,local,6,8,8,40,40,5,54,0,0,3,RX,0,9,layer_000_wire_003_RX,-0.028860716866477107,0.028860716866477107,False
random_bp,expectation_value,same_entangling_gate_count,bcw_6q_random_bp,hea,RX_RY_RZ_CNOT,none,linear,cnot,local,6,8,8,40,40,5,54,0,0,3,RY,1,10,layer_000_wire_003_RY,-0.05716474517118667,0.05716474517118667,False
random_bp,expectation_value,same_entangling_gate_count,bcw_6q_random_bp,hea,RX_RY_RZ_CNOT,none,linear,cnot,local,6,8,8,40,40,5,54,0,0,3,RZ,2,11,layer_000_wire_003_RZ,0.016491601396404317,0.016491601396404317,False
random_bp,expectation_value,same_entangling_gate_count,bcw_6q_random_bp,hea,RX_RY_RZ_CNOT,none,linear,cnot,local,6,8,8,40,40,5,54,0,0,4,RX,0,12,layer_000_wire_004_RX,0.0005302806730482675,0.0005302806730482675,False
random_bp,expectation_value,same_entangling_gate_count,bcw_6q_random_bp,hea,RX_RY_RZ_CNOT,none,linear,cnot,local,6,8,8,40,40,5,54,0,0,4,RY,1,13,layer_000_wire_004_RY,-0.014469381306893774,0.014469381306893774,False
random_bp,expectation_value,same_entangling_gate_count,bcw_6q_random_bp,hea,RX_RY_RZ_CNOT,none,linear,cnot,local,6,8,8,40,40,5,54,0,0,4,RZ,2,14,layer_000_wire_004_RZ,-0.0175708065284379,0.0175708065284379,False
random_bp,expectation_value,same_entangling_gate_count,bcw_6q_random_bp,hea,RX_RY_RZ_CNOT,none,linear,cnot,local,6,8,8,40,40,5,54,0,0,5,RX,0,15,layer_000_wire_005_RX,0.024531213467317292,0.024531213467317292,False
random_bp,expectation_value,same_entangling_gate_count,bcw_6q_random_bp,hea,RX_RY_RZ_CNOT,none,linear,cnot,local,6,8,8,40,40,5,54,0,0,5,RY,1,16,layer_000_wire_005_RY,0.011715005352697646,0.011715005352697646,False
random_bp,expectation_value,same_entangling_gate_count,bcw_6q_random_bp,hea,RX_RY_RZ_CNOT,none,linear,cnot,local,6,8,8,40,40,5,54,0,0,5,RZ,2,17,layer_000_wire_005_RZ,-0.03374616693796902,0.03374616693796902,False
random_bp,expectation_value,same_entangling_gate_count,bcw_6q_random_bp,hea,RX_RY_RZ_CNOT,none,linear,cnot,local,6,8,8,40,40,5,54,0,1,0,RX,0,18,layer_001_wire_000_RX,-0.0014594006217836936,0.0014594006217836936,False
random_bp,expectation_value,same_entangling_gate_count,bcw_6q_random_bp,hea,RX_RY_RZ_CNOT,none,linear,cnot,local,6,8,8,40,40,5,54,0,1,0,RY,1,19,layer_001_wire_000_RY,-0.05613044672943622,0.05613044672943622,False
random_bp,expectation_value,same_entangling_gate_count,bcw_6q_random_bp,hea,RX_RY_RZ_CNOT,none,linear,cnot,local,6,8,8,40,40,5,54,0,1,0,RZ,2,20,layer_001_wire_000_RZ,-0.024099464169034572,0.024099464169034572,False
random_bp,expectation_value,same_entangling_gate_count,bcw_6q_random_bp,hea,RX_RY_RZ_CNOT,none,linear,cnot,local,6,8,8,40,40,5,54,0,1,1,RX,0,21,layer_001_wire_001_RX,-0.008223788228956478,0.008223788228956478,False
random_bp,expectation_value,same_entangling_gate_count,bcw_6q_random_bp,hea,RX_RY_RZ_CNOT,none,linear,cnot,local,6,8,8,40,40,5,54,0,1,1,RY,1,22,layer_001_wire_001_RY,-0.0611369002718758,0.0611369002718758,False
random_bp,expectation_value,same_entangling_gate_count,bcw_6q_random_bp,hea,RX_RY_RZ_CNOT,none,linear,cnot,local,6,8,8,40,40,5,54,0,1,1,RZ,2,23,layer_001_wire_001_RZ,0.018176796640110817,0.018176796640110817,False
random_bp,expectation_value,same_entangling_gate_count,bcw_6q_random_bp,hea,RX_RY_RZ_CNOT,none,linear,cnot,local,6,8,8,40,40,5,54,0,1,2,RX,0,24,layer_001_wire_002_RX,-0.051102578013475036,0.051102578013475036,False
random_bp,expectation_value,same_entangling_gate_count,bcw_6q_random_bp,hea,RX_RY_RZ_CNOT,none,linear,cnot,local,6,8,8,40,40,5,54,0,1,2,RY,1,25,layer_001_wire_002_RY,0.027713040541736143,0.027713040541736143,False
random_bp,expectation_value,same_entangling_gate_count,bcw_6q_random_bp,hea,RX_RY_RZ_CNOT,none,linear,cnot,local,6,8,8,40,40,5,54,0,1,2,RZ,2,26,layer_001_wire_002_RZ,-0.07565126125084068,0.07565126125084068,False
random_bp,expectation_value,same_entangling_gate_count,bcw_6q_random_bp,hea,RX_RY_RZ_CNOT,none,linear,cnot,local,6,8,8,40,40,5,54,0,1,3,RX,0,27,layer_001_wire_003_RX,-0.021054884489719327,0.021054884489719327,False
random_bp,expectation_value,same_entangling_gate_count,bcw_6q_random_bp,hea,RX_RY_RZ_CNOT,none,linear,cnot,local,6,8,8,40,40,5,54,0,1,3,RY,1,28,layer_001_wire_003_RY,-0.015662561350176966,0.015662561350176966,False
random_bp,expectation_value,same_entangling_gate_count,bcw_6q_random_bp,hea,RX_RY_RZ_CNOT,none,linear,cnot,local,6,8,8,40,40,5,54,0,1,3,RZ,2,29,layer_001_wire_003_RZ,0.02558245983352521,0.02558245983352521,False
random_bp,expectation_value,same_entangling_gate_count,bcw_6q_random_bp,hea,RX_RY_RZ_CNOT,none,linear,cnot,local,6,8,8,40,40,5,54,0,1,4,RX,0,30,layer_001_wire_004_RX,-0.010293588651546878,0.010293588651546878,False
random_bp,expectation_value,same_entangling_gate_count,bcw_6q_random_bp,hea,RX_RY_RZ_CNOT,none,linear,cnot,local,6,8,8,40,40,5,54,0,1,4,RY,1,31,layer_001_wire_004_RY,-0.002842520847136357,0.002842520847136357,False
random_bp,expectation_value,same_entangling_gate_count,bcw_6q_random_bp,hea,RX_RY_RZ_CNOT,none,linear,cnot,local,6,8,8,40,40,5,54,0,1,4,RZ,2,32,layer_001_wire_004_RZ,-0.024456490565830637,0.024456490565830637,False
random_bp,expectation_value,same_entangling_gate_count,bcw_6q_random_bp,hea,RX_RY_RZ_CNOT,none,linear,cnot,local,6,8,8,40,40,5,54,0,1,5,RX,0,33,layer_001_wire_005_RX,-0.0014839492428585892,0.0014839492428585892,False
random_bp,expectation_value,same_entangling_gate_count,bcw_6q_random_bp,hea,RX_RY_RZ_CNOT,none,linear,cnot,local,6,8,8,40,40,5,54,0,1,5,RY,1,34,layer_001_wire_005_RY,0.014031641147238542,0.014031641147238542,False
random_bp,expectation_value,same_entangling_gate_count,bcw_6q_random_bp,hea,RX_RY_RZ_CNOT,none,linear,cnot,local,6,8,8,40,40,5,54,0,1,5,RZ,2,35,layer_001_wire_005_RZ,0.00017054056495765797,0.00017054056495765797,False
random_bp,expectation_value,same_entangling_gate_count,bcw_6q_random_bp,hea,RX_RY_RZ_CNOT,none,linear,cnot,local,6,8,8,40,40,5,54,0,2,0,RX,0,36,layer_002_wire_000_RX,-0.06887559550316547,0.06887559550316547,False
random_bp,expectation_value,same_entangling_gate_count,bcw_6q_random_bp,hea,RX_RY_RZ_CNOT,none,linear,cnot,local,6,8,8,40,40,5,54,0,2,0,RY,1,37,layer_002_wire_000_RY,0.015503310721490755,0.015503310721490755,False
random_bp,expectation_value,same_entangling_gate_count,bcw_6q_random_bp,hea,RX_RY_RZ_CNOT,none,linear,cnot,local,6,8,8,40,40,5,54,0,2,0,RZ,2,38,layer_002_wire_000_RZ,0.0637296339660742,0.0637296339660742,False
random_bp,expectation_value,same_entangling_gate_count,bcw_6q_random_bp,hea,RX_RY_RZ_CNOT,none,linear,cnot,local,6,8,8,40,40,5,54,0,2,1,RX,0,39,layer_002_wire_001_RX,-0.07915249859318117,0.07915249859318117,False
random_bp,expectation_value,same_entangling_gate_count,bcw_6q_random_bp,hea,RX_RY_RZ_CNOT,none,linear,cnot,local,6,8,8,40,40,5,54,0,2,1,RY,1,40,layer_002_wire_001_RY,-0.0288250320038203,0.0288250320038203,False
random_bp,expectation_value,same_entangling_gate_count,bcw_6q_random_bp,hea,RX_RY_RZ_CNOT,none,linear,cnot,local,6,8,8,40,40,5,54,0,2,1,RZ,2,41,layer_002_wire_001_RZ,0.005870401861406164,0.005870401861406164,False
random_bp,expectation_value,same_entangling_gate_count,bcw_6q_random_bp,hea,RX_RY_RZ_CNOT,none,linear,cnot,local,6,8,8,40,40,5,54,0,2,2,RX,0,42,layer_002_wire_002_RX,0.020563270998306578,0.020563270998306578,False
random_bp,expectation_value,same_entangling_gate_count,bcw_6q_random_bp,hea,RX_RY_RZ_CNOT,none,linear,cnot,local,6,8,8,40,40,5,54,0,2,2,RY,1,43,layer_002_wire_002_RY,0.01979266463908955,0.01979266463908955,False
random_bp,expectation_value,same_entangling_gate_count,bcw_6q_random_bp,hea,RX_RY_RZ_CNOT,none,linear,cnot,local,6,8,8,40,40,5,54,0,2,2,RZ,2,44,layer_002_wire_002_RZ,-0.012751690530551474,0.012751690530551474,False
random_bp,expectation_value,same_entangling_gate_count,bcw_6q_random_bp,hea,RX_RY_RZ_CNOT,none,linear,cnot,local,6,8,8,40,40,5,54,0,2,3,RX,0,45,layer_002_wire_003_RX,-0.01068198967742858,0.01068198967742858,False
random_bp,expectation_value,same_entangling_gate_count,bcw_6q_random_bp,hea,RX_RY_RZ_CNOT,none,linear,cnot,local,6,8,8,40,40,5,54,0,2,3,RY,1,46,layer_002_wire_003_RY,-0.050439208836209976,0.050439208836209976,False
random_bp,expectation_value,same_entangling_gate_count,bcw_6q_random_bp,hea,RX_RY_RZ_CNOT,none,linear,cnot,local,6,8,8,40,40,5,54,0,2,3,RZ,2,47,layer_002_wire_003_RZ,-0.0005998036072709381,0.0005998036072709381,False
random_bp,expectation_value,same_entangling_gate_count,bcw_6q_random_bp,hea,RX_RY_RZ_CNOT,none,linear,cnot,local,6,8,8,40,40,5,54,0,2,4,RX,0,48,layer_002_wire_004_RX,-0.0361547284504634,0.0361547284504634,False
random_bp,expectation_value,same_entangling_gate_count,bcw_6q_random_bp,hea,RX_RY_RZ_CNOT,none,linear,cnot,local,6,8,8,40,40,5,54,0,2,4,RY,1,49,layer_002_wire_004_RY,0.022734814251222528,0.022734814251222528,False
random_bp,expectation_value,same_entangling_gate_count,bcw_6q_random_bp,hea,RX_RY_RZ_CNOT,none,linear,cnot,local,6,8,8,40,40,5,54,0,2,4,RZ,2,50,layer_002_wire_004_RZ,0.0049924863228193745,0.0049924863228193745,False
random_bp,expectation_value,same_entangling_gate_count,bcw_6q_random_bp,hea,RX_RY_RZ_CNOT,none,linear,cnot,local,6,8,8,40,40,5,54,0,2,5,RX,0,51,layer_002_wire_005_RX,0.01249314311386044,0.01249314311386044,False
random_bp,expectation_value,same_entangling_gate_count,bcw_6q_random_bp,hea,RX_RY_RZ_CNOT,none,linear,cnot,local,6,8,8,40,40,5,54,0,2,5,RY,1,52,layer_002_wire_005_RY,-0.020655837606948866,0.020655837606948866,False
random_bp,expectation_value,same_entangling_gate_count,bcw_6q_random_bp,hea,RX_RY_RZ_CNOT,none,linear,cnot,local,6,8,8,40,40,5,54,0,2,5,RZ,2,53,layer_002_wire_005_RZ,-0.04092851385698529,0.04092851385698529,False
random_bp,expectation_value,same_entangling_gate_count,bcw_6q_random_bp,hea,RX_RY_RZ_CNOT,none,linear,cnot,local,6,8,8,40,40,5,54,0,3,0,RX,0,54,layer_003_wire_000_RX,-0.0495260118095155,0.0495260118095155,False
random_bp,expectation_value,same_entangling_gate_count,bcw_6q_random_bp,hea,RX_RY_RZ_CNOT,none,linear,cnot,local,6,8,8,40,40,5,54,0,3,0,RY,1,55,layer_003_wire_000_RY,0.0681838561196649,0.0681838561196649,False
random_bp,expectation_value,same_entangling_gate_count,bcw_6q_random_bp,hea,RX_RY_RZ_CNOT,none,linear,cnot,local,6,8,8,40,40,5,54,0,3,0,RZ,2,56,layer_003_wire_000_RZ,-0.0461360752885565,0.0461360752885565,False
random_bp,expectation_value,same_entangling_gate_count,bcw_6q_random_bp,hea,RX_RY_RZ_CNOT,none,linear,cnot,local,6,8,8,40,40,5,54,0,3,1,RX,0,57,layer_003_wire_001_RX,0.07807943887236596,0.07807943887236596,False
random_bp,expectation_value,same_entangling_gate_count,bcw_6q_random_bp,hea,RX_RY_RZ_CNOT,none,linear,cnot,local,6,8,8,40,40,5,54,0,3,1,RY,1,58,layer_003_wire_001_RY,-0.01708166357191448,0.01708166357191448,False
random_bp,expectation_value,same_entangling_gate_count,bcw_6q_random_bp,hea,RX_RY_RZ_CNOT,none,linear,cnot,local,6,8,8,40,40,5,54,0,3,1,RZ,2,59,layer_003_wire_001_RZ,0.07587078523777843,0.07587078523777843,False
random_bp,expectation_value,same_entangling_gate_count,bcw_6q_random_bp,hea,RX_RY_RZ_CNOT,none,linear,cnot,local,6,8,8,40,40,5,54,0,3,2,RX,0,60,layer_003_wire_002_RX,-0.03298225990634125,0.03298225990634125,False
random_bp,expectation_value,same_entangling_gate_count,bcw_6q_random_bp,hea,RX_RY_RZ_CNOT,none,linear,cnot,local,6,8,8,40,40,5,54,0,3,2,RY,1,61,layer_003_wire_002_RY,-0.03674756165653095,0.03674756165653095,False
random_bp,expectation_value,same_entangling_gate_count,bcw_6q_random_bp,hea,RX_RY_RZ_CNOT,none,linear,cnot,local,6,8,8,40,40,5,54,0,3,2,RZ,2,62,layer_003_wire_002_RZ,-0.03936394309356722,0.03936394309356722,False
random_bp,expectation_value,same_entangling_gate_count,bcw_6q_random_bp,hea,RX_RY_RZ_CNOT,none,linear,cnot,local,6,8,8,40,40,5,54,0,3,3,RX,0,63,layer_003_wire_003_RX,0.00975315396934437,0.00975315396934437,False
random_bp,expectation_value,same_entangling_gate_count,bcw_6q_random_bp,hea,RX_RY_RZ_CNOT,none,linear,cnot,local,6,8,8,40,40,5,54,0,3,3,RY,1,64,layer_003_wire_003_RY,0.0249753884637106,0.0249753884637106,False
random_bp,expectation_value,same_entangling_gate_count,bcw_6q_random_bp,hea,RX_RY_RZ_CNOT,none,linear,cnot,local,6,8,8,40,40,5,54,0,3,3,RZ,2,65,layer_003_wire_003_RZ,0.009373334156523527,0.009373334156523527,False
random_bp,expectation_value,same_entangling_gate_count,bcw_6q_random_bp,hea,RX_RY_RZ_CNOT,none,linear,cnot,local,6,8,8,40,40,5,54,0,3,4,RX,0,66,layer_003_wire_004_RX,0.009075159614819812,0.009075159614819812,False
random_bp,expectation_value,same_entangling_gate_count,bcw_6q_random_bp,hea,RX_RY_RZ_CNOT,none,linear,cnot,local,6,8,8,40,40,5,54,0,3,4,RY,1,67,layer_003_wire_004_RY,-0.04131562809432311,0.04131562809432311,False
random_bp,expectation_value,same_entangling_gate_count,bcw_6q_random_bp,hea,RX_RY_RZ_CNOT,none,linear,cnot,local,6,8,8,40,40,5,54,0,3,4,RZ,2,68,layer_003_wire_004_RZ,-0.013769914610722526,0.013769914610722526,False
random_bp,expectation_value,same_entangling_gate_count,bcw_6q_random_bp,hea,RX_RY_RZ_CNOT,none,linear,cnot,local,6,8,8,40,40,5,54,0,3,5,RX,0,69,layer_003_wire_005_RX,-0.0285799924459093,0.0285799924459093,False
random_bp,expectation_value,same_entangling_gate_count,bcw_6q_random_bp,hea,RX_RY_RZ_CNOT,none,linear,cnot,local,6,8,8,40,40,5,54,0,3,5,RY,1,70,layer_003_wire_005_RY,-0.04459181242434588,0.04459181242434588,False
random_bp,expectation_value,same_entangling_gate_count,bcw_6q_random_bp,hea,RX_RY_RZ_CNOT,none,linear,cnot,local,6,8,8,40,40,5,54,0,3,5,RZ,2,71,layer_003_wire_005_RZ,0.020732556278638077,0.020732556278638077,False
random_bp,expectation_value,same_entangling_gate_count,bcw_6q_random_bp,hea,RX_RY_RZ_CNOT,none,linear,cnot,local,6,8,8,40,40,5,54,0,4,0,RX,0,72,layer_004_wire_000_RX,-0.02127023390772234,0.02127023390772234,False
random_bp,expectation_value,same_entangling_gate_count,bcw_6q_random_bp,hea,RX_RY_RZ_CNOT,none,linear,cnot,local,6,8,8,40,40,5,54,0,4,0,RY,1,73,layer_004_wire_000_RY,-0.02327775860409549,0.02327775860409549,False
random_bp,expectation_value,same_entangling_gate_count,bcw_6q_random_bp,hea,RX_RY_RZ_CNOT,none,linear,cnot,local,6,8,8,40,40,5,54,0,4,0,RZ,2,74,layer_004_wire_000_RZ,0.044774269546413156,0.044774269546413156,False
random_bp,expectation_value,same_entangling_gate_count,bcw_6q_random_bp,hea,RX_RY_RZ_CNOT,none,linear,cnot,local,6,8,8,40,40,5,54,0,4,1,RX,0,75,layer_004_wire_001_RX,0.02484693640180055,0.02484693640180055,False
random_bp,expectation_value,same_entangling_gate_count,bcw_6q_random_bp,hea,RX_RY_RZ_CNOT,none,linear,cnot,local,6,8,8,40,40,5,54,0,4,1,RY,1,76,layer_004_wire_001_RY,0.06295115631969633,0.06295115631969633,False
random_bp,expectation_value,same_entangling_gate_count,bcw_6q_random_bp,hea,RX_RY_RZ_CNOT,none,linear,cnot,local,6,8,8,40,40,5,54,0,4,1,RZ,2,77,layer_004_wire_001_RZ,0.012628479725270002,0.012628479725270002,False
random_bp,expectation_value,same_entangling_gate_count,bcw_6q_random_bp,hea,RX_RY_RZ_CNOT,none,linear,cnot,local,6,8,8,40,40,5,54,0,4,2,RX,0,78,layer_004_wire_002_RX,-0.0367050298052667,0.0367050298052667,False
random_bp,expectation_value,same_entangling_gate_count,bcw_6q_random_bp,hea,RX_RY_RZ_CNOT,none,linear,cnot,local,6,8,8,40,40,5,54,0,4,2,RY,1,79,layer_004_wire_002_RY,-0.050954578870986894,0.050954578870986894,False
random_bp,expectation_value,same_entangling_gate_count,bcw_6q_random_bp,hea,RX_RY_RZ_CNOT,none,linear,cnot,local,6,8,8,40,40,5,54,0,4,2,RZ,2,80,layer_004_wire_002_RZ,0.03673663443344447,0.03673663443344447,False
random_bp,expectation_value,same_entangling_gate_count,bcw_6q_random_bp,hea,RX_RY_RZ_CNOT,none,linear,cnot,local,6,8,8,40,40,5,54,0,4,3,RX,0,81,layer_004_wire_003_RX,-0.030378805995687798,0.030378805995687798,False
random_bp,expectation_value,same_entangling_gate_count,bcw_6q_random_bp,hea,RX_RY_RZ_CNOT,none,linear,cnot,local,6,8,8,40,40,5,54,0,4,3,RY,1,82,layer_004_wire_003_RY,-0.02875507002131319,0.02875507002131319,False
random_bp,expectation_value,same_entangling_gate_count,bcw_6q_random_bp,hea,RX_RY_RZ_CNOT,none,linear,cnot,local,6,8,8,40,40,5,54,0,4,3,RZ,2,83,layer_004_wire_003_RZ,0.018599472201318294,0.018599472201318294,False
random_bp,expectation_value,same_entangling_gate_count,bcw_6q_random_bp,hea,RX_RY_RZ_CNOT,none,linear,cnot,local,6,8,8,40,40,5,54,0,4,4,RX,0,84,layer_004_wire_004_RX,-0.021771198687983374,0.021771198687983374,False
random_bp,expectation_value,same_entangling_gate_count,bcw_6q_random_bp,hea,RX_RY_RZ_CNOT,none,linear,cnot,local,6,8,8,40,40,5,54,0,4,4,RY,1,85,layer_004_wire_004_RY,-0.0427523329000595,0.0427523329000595,False
random_bp,expectation_value,same_entangling_gate_count,bcw_6q_random_bp,hea,RX_RY_RZ_CNOT,none,linear,cnot,local,6,8,8,40,40,5,54,0,4,4,RZ,2,86,layer_004_wire_004_RZ,0.014301855590759478,0.014301855590759478,False
random_bp,expectation_value,same_entangling_gate_count,bcw_6q_random_bp,hea,RX_RY_RZ_CNOT,none,linear,cnot,local,6,8,8,40,40,5,54,0,4,5,RX,0,87,layer_004_wire_005_RX,0.03735149218792682,0.03735149218792682,False
random_bp,expectation_value,same_entangling_gate_count,bcw_6q_random_bp,hea,RX_RY_RZ_CNOT,none,linear,cnot,local,6,8,8,40,40,5,54,0,4,5,RY,1,88,layer_004_wire_005_RY,0.0020078817185180606,0.0020078817185180606,False
random_bp,expectation_value,same_entangling_gate_count,bcw_6q_random_bp,hea,RX_RY_RZ_CNOT,none,linear,cnot,local,6,8,8,40,40,5,54,0,4,5,RZ,2,89,layer_004_wire_005_RZ,-0.0126508031368128,0.0126508031368128,False
random_bp,expectation_value,same_entangling_gate_count,bcw_6q_random_bp,hea,RX_RY_RZ_CNOT,none,linear,cnot,local,6,8,8,40,40,5,54,0,5,0,RX,0,90,layer_005_wire_000_RX,-0.017266174788217035,0.017266174788217035,False
random_bp,expectation_value,same_entangling_gate_count,bcw_6q_random_bp,hea,RX_RY_RZ_CNOT,none,linear,cnot,local,6,8,8,40,40,5,54,0,5,0,RY,1,91,layer_005_wire_000_RY,0.033480610606953835,0.033480610606953835,False
random_bp,expectation_value,same_entangling_gate_count,bcw_6q_random_bp,hea,RX_RY_RZ_CNOT,none,linear,cnot,local,6,8,8,40,40,5,54,0,5,0,RZ,2,92,layer_005_wire_000_RZ,0.06840644833433424,0.06840644833433424,False
random_bp,expectation_value,same_entangling_gate_count,bcw_6q_random_bp,hea,RX_RY_RZ_CNOT,none,linear,cnot,local,6,8,8,40,40,5,54,0,5,1,RX,0,93,layer_005_wire_001_RX,0.008083007280789423,0.008083007280789423,False
random_bp,expectation_value,same_entangling_gate_count,bcw_6q_random_bp,hea,RX_RY_RZ_CNOT,none,linear,cnot,local,6,8,8,40,40,5,54,0,5,1,RY,1,94,layer_005_wire_001_RY,0.04677465557284834,0.04677465557284834,False
random_bp,expectation_value,same_entangling_gate_count,bcw_6q_random_bp,hea,RX_RY_RZ_CNOT,none,linear,cnot,local,6,8,8,40,40,5,54,0,5,1,RZ,2,95,layer_005_wire_001_RZ,0.011303099589764262,0.011303099589764262,False
random_bp,expectation_value,same_entangling_gate_count,bcw_6q_random_bp,hea,RX_RY_RZ_CNOT,none,linear,cnot,local,6,8,8,40,40,5,54,0,5,2,RX,0,96,layer_005_wire_002_RX,0.006402163806007749,0.006402163806007749,False
random_bp,expectation_value,same_entangling_gate_count,bcw_6q_random_bp,hea,RX_RY_RZ_CNOT,none,linear,cnot,local,6,8,8,40,40,5,54,0,5,2,RY,1,97,layer_005_wire_002_RY,-0.03296271555982678,0.03296271555982678,False
random_bp,expectation_value,same_entangling_gate_count,bcw_6q_random_bp,hea,RX_RY_RZ_CNOT,none,linear,cnot,local,6,8,8,40,40,5,54,0,5,2,RZ,2,98,layer_005_wire_002_RZ,0.004699867301945271,0.004699867301945271,False
random_bp,expectation_value,same_entangling_gate_count,bcw_6q_random_bp,hea,RX_RY_RZ_CNOT,none,linear,cnot,local,6,8,8,40,40,5,54,0,5,3,RX,0,99,layer_005_wire_003_RX,-0.001543124633036283,0.001543124633036283,False
random_bp,expectation_value,same_entangling_gate_count,bcw_6q_random_bp,hea,RX_RY_RZ_CNOT,none,linear,cnot,local,6,8,8,40,40,5,54,0,5,3,RY,1,100,layer_005_wire_003_RY,0.040733879905531144,0.040733879905531144,False
random_bp,expectation_value,same_entangling_gate_count,bcw_6q_random_bp,hea,RX_RY_RZ_CNOT,none,linear,cnot,local,6,8,8,40,40,5,54,0,5,3,RZ,2,101,layer_005_wire_003_RZ,-0.04653369477630211,0.04653369477630211,False
random_bp,expectation_value,same_entangling_gate_count,bcw_6q_random_bp,hea,RX_RY_RZ_CNOT,none,linear,cnot,local,6,8,8,40,40,5,54,0,5,4,RX,0,102,layer_005_wire_004_RX,-0.016426920436336145,0.016426920436336145,False
random_bp,expectation_value,same_entangling_gate_count,bcw_6q_random_bp,hea,RX_RY_RZ_CNOT,none,linear,cnot,local,6,8,8,40,40,5,54,0,5,4,RY,1,103,layer_005_wire_004_RY,0.028401661327482137,0.028401661327482137,False
random_bp,expectation_value,same_entangling_gate_count,bcw_6q_random_bp,hea,RX_RY_RZ_CNOT,none,linear,cnot,local,6,8,8,40,40,5,54,0,5,4,RZ,2,104,layer_005_wire_004_RZ,0.06544580407372688,0.06544580407372688,False
random_bp,expectation_value,same_entangling_gate_count,bcw_6q_random_bp,hea,RX_RY_RZ_CNOT,none,linear,cnot,local,6,8,8,40,40,5,54,0,5,5,RX,0,105,layer_005_wire_005_RX,-0.009999580698603976,0.009999580698603976,False
random_bp,expectation_value,same_entangling_gate_count,bcw_6q_random_bp,hea,RX_RY_RZ_CNOT,none,linear,cnot,local,6,8,8,40,40,5,54,0,5,5,RY,1,106,layer_005_wire_005_RY,0.007343719065700926,0.007343719065700926,False
random_bp,expectation_value,same_entangling_gate_count,bcw_6q_random_bp,hea,RX_RY_RZ_CNOT,none,linear,cnot,local,6,8,8,40,40,5,54,0,5,5,RZ,2,107,layer_005_wire_005_RZ,-0.023378033400009282,0.023378033400009282,False
random_bp,expectation_value,same_entangling_gate_count,bcw_6q_random_bp,hea,RX_RY_RZ_CNOT,none,linear,cnot,local,6,8,8,40,40,5,54,0,6,0,RX,0,108,layer_006_wire_000_RX,0.03829186875546079,0.03829186875546079,False
random_bp,expectation_value,same_entangling_gate_count,bcw_6q_random_bp,hea,RX_RY_RZ_CNOT,none,linear,cnot,local,6,8,8,40,40,5,54,0,6,0,RY,1,109,layer_006_wire_000_RY,0.05725637157144485,0.05725637157144485,False
random_bp,expectation_value,same_entangling_gate_count,bcw_6q_random_bp,hea,RX_RY_RZ_CNOT,none,linear,cnot,local,6,8,8,40,40,5,54,0,6,0,RZ,2,110,layer_006_wire_000_RZ,-0.044341155526764854,0.044341155526764854,False
random_bp,expectation_value,same_entangling_gate_count,bcw_6q_random_bp,hea,RX_RY_RZ_CNOT,none,linear,cnot,local,6,8,8,40,40,5,54,0,6,1,RX,0,111,layer_006_wire_001_RX,0.005673101393068694,0.005673101393068694,False
random_bp,expectation_value,same_entangling_gate_count,bcw_6q_random_bp,hea,RX_RY_RZ_CNOT,none,linear,cnot,local,6,8,8,40,40,5,54,0,6,1,RY,1,112,layer_006_wire_001_RY,0.025985416641199903,0.025985416641199903,False
random_bp,expectation_value,same_entangling_gate_count,bcw_6q_random_bp,hea,RX_RY_RZ_CNOT,none,linear,cnot,local,6,8,8,40,40,5,54,0,6,1,RZ,2,113,layer_006_wire_001_RZ,-0.010469153727866179,0.010469153727866179,False
random_bp,expectation_value,same_entangling_gate_count,bcw_6q_random_bp,hea,RX_RY_RZ_CNOT,none,linear,cnot,local,6,8,8,40,40,5,54,0,6,2,RX,0,114,layer_006_wire_002_RX,0.08760328392658179,0.08760328392658179,False
random_bp,expectation_value,same_entangling_gate_count,bcw_6q_random_bp,hea,RX_RY_RZ_CNOT,none,linear,cnot,local,6,8,8,40,40,5,54,0,6,2,RY,1,115,layer_006_wire_002_RY,0.05189671253753798,0.05189671253753798,False
random_bp,expectation_value,same_entangling_gate_count,bcw_6q_random_bp,hea,RX_RY_RZ_CNOT,none,linear,cnot,local,6,8,8,40,40,5,54,0,6,2,RZ,2,116,layer_006_wire_002_RZ,0.0374907339178425,0.0374907339178425,False
random_bp,expectation_value,same_entangling_gate_count,bcw_6q_random_bp,hea,RX_RY_RZ_CNOT,none,linear,cnot,local,6,8,8,40,40,5,54,0,6,3,RX,0,117,layer_006_wire_003_RX,0.04110383538849995,0.04110383538849995,False
random_bp,expectation_value,same_entangling_gate_count,bcw_6q_random_bp,hea,RX_RY_RZ_CNOT,none,linear,cnot,local,6,8,8,40,40,5,54,0,6,3,RY,1,118,layer_006_wire_003_RY,0.028901980365553786,0.028901980365553786,False
random_bp,expectation_value,same_entangling_gate_count,bcw_6q_random_bp,hea,RX_RY_RZ_CNOT,none,linear,cnot,local,6,8,8,40,40,5,54,0,6,3,RZ,2,119,layer_006_wire_003_RZ,-0.050121258744840635,0.050121258744840635,False
random_bp,expectation_value,same_entangling_gate_count,bcw_6q_random_bp,hea,RX_RY_RZ_CNOT,none,linear,cnot,local,6,8,8,40,40,5,54,0,6,4,RX,0,120,layer_006_wire_004_RX,-0.002529393062702324,0.002529393062702324,False
random_bp,expectation_value,same_entangling_gate_count,bcw_6q_random_bp,hea,RX_RY_RZ_CNOT,none,linear,cnot,local,6,8,8,40,40,5,54,0,6,4,RY,1,121,layer_006_wire_004_RY,-0.02621471370922509,0.02621471370922509,False
random_bp,expectation_value,same_entangling_gate_count,bcw_6q_random_bp,hea,RX_RY_RZ_CNOT,none,linear,cnot,local,6,8,8,40,40,5,54,0,6,4,RZ,2,122,layer_006_wire_004_RZ,-0.004407339419573782,0.004407339419573782,False
random_bp,expectation_value,same_entangling_gate_count,bcw_6q_random_bp,hea,RX_RY_RZ_CNOT,none,linear,cnot,local,6,8,8,40,40,5,54,0,6,5,RX,0,123,layer_006_wire_005_RX,-0.0013673510065241243,0.0013673510065241243,False
random_bp,expectation_value,same_entangling_gate_count,bcw_6q_random_bp,hea,RX_RY_RZ_CNOT,none,linear,cnot,local,6,8,8,40,40,5,54,0,6,5,RY,1,124,layer_006_wire_005_RY,-0.012767952973439134,0.012767952973439134,False
random_bp,expectation_value,same_entangling_gate_count,bcw_6q_random_bp,hea,RX_RY_RZ_CNOT,none,linear,cnot,local,6,8,8,40,40,5,54,0,6,5,RZ,2,125,layer_006_wire_005_RZ,0.00041367003550900805,0.00041367003550900805,False
random_bp,expectation_value,same_entangling_gate_count,bcw_6q_random_bp,hea,RX_RY_RZ_CNOT,none,linear,cnot,local,6,8,8,40,40,5,54,0,7,0,RX,0,126,layer_007_wire_000_RX,-9.217651177600289e-06,9.217651177600289e-06,False
random_bp,expectation_value,same_entangling_gate_count,bcw_6q_random_bp,hea,RX_RY_RZ_CNOT,none,linear,cnot,local,6,8,8,40,40,5,54,0,7,0,RY,1,127,layer_007_wire_000_RY,0.06865883996608392,0.06865883996608392,False
random_bp,expectation_value,same_entangling_gate_count,bcw_6q_random_bp,hea,RX_RY_RZ_CNOT,none,linear,cnot,local,6,8,8,40,40,5,54,0,7,0,RZ,2,128,layer_007_wire_000_RZ,3.9036453885564304e-17,3.9036453885564304e-17,True
random_bp,expectation_value,same_entangling_gate_count,bcw_6q_random_bp,hea,RX_RY_RZ_CNOT,none,linear,cnot,local,6,8,8,40,40,5,54,0,7,1,RX,0,129,layer_007_wire_001_RX,0.05750580026936068,0.05750580026936068,False
random_bp,expectation_value,same_entangling_gate_count,bcw_6q_random_bp,hea,RX_RY_RZ_CNOT,none,linear,cnot,local,6,8,8,40,40,5,54,0,7,1,RY,1,130,layer_007_wire_001_RY,0.035362185369265456,0.035362185369265456,False
random_bp,expectation_value,same_entangling_gate_count,bcw_6q_random_bp,hea,RX_RY_RZ_CNOT,none,linear,cnot,local,6,8,8,40,40,5,54,0,7,1,RZ,2,131,layer_007_wire_001_RZ,-6.60239466519823e-18,6.60239466519823e-18,True
random_bp,expectation_value,same_entangling_gate_count,bcw_6q_random_bp,hea,RX_RY_RZ_CNOT,none,linear,cnot,local,6,8,8,40,40,5,54,0,7,2,RX,0,132,layer_007_wire_002_RX,-0.069884102044587,0.069884102044587,False
random_bp,expectation_value,same_entangling_gate_count,bcw_6q_random_bp,hea,RX_RY_RZ_CNOT,none,linear,cnot,local,6,8,8,40,40,5,54,0,7,2,RY,1,133,layer_007_wire_002_RY,-0.10353907993016032,0.10353907993016032,False
random_bp,expectation_value,same_entangling_gate_count,bcw_6q_random_bp,hea,RX_RY_RZ_CNOT,none,linear,cnot,local,6,8,8,40,40,5,54,0,7,2,RZ,2,134,layer_007_wire_002_RZ,-2.3828564998700724e-18,2.3828564998700724e-18,True
random_bp,expectation_value,same_entangling_gate_count,bcw_6q_random_bp,hea,RX_RY_RZ_CNOT,none,linear,cnot,local,6,8,8,40,40,5,54,0,7,3,RX,0,135,layer_007_wire_003_RX,0.043975722190947926,0.043975722190947926,False
random_bp,expectation_value,same_entangling_gate_count,bcw_6q_random_bp,hea,RX_RY_RZ_CNOT,none,linear,cnot,local,6,8,8,40,40,5,54,0,7,3,RY,1,136,layer_007_wire_003_RY,0.0938951738373937,0.0938951738373937,False
random_bp,expectation_value,same_entangling_gate_count,bcw_6q_random_bp,hea,RX_RY_RZ_CNOT,none,linear,cnot,local,6,8,8,40,40,5,54,0,7,3,RZ,2,137,layer_007_wire_003_RZ,2.9249386147692124e-18,2.9249386147692124e-18,True
random_bp,expectation_value,same_entangling_gate_count,bcw_6q_random_bp,hea,RX_RY_RZ_CNOT,none,linear,cnot,local,6,8,8,40,40,5,54,0,7,4,RX,0,138,layer_007_wire_004_RX,-0.01704281695003658,0.01704281695003658,False
random_bp,expectation_value,same_entangling_gate_count,bcw_6q_random_bp,hea,RX_RY_RZ_CNOT,none,linear,cnot,local,6,8,8,40,40,5,54,0,7,4,RY,1,139,layer_007_wire_004_RY,-0.007723553184206096,0.007723553184206096,False
random_bp,expectation_value,same_entangling_gate_count,bcw_6q_random_bp,hea,RX_RY_RZ_CNOT,none,linear,cnot,local,6,8,8,40,40,5,54,0,7,4,RZ,2,140,layer_007_wire_004_RZ,4.6488117447341296e-18,4.6488117447341296e-18,True
random_bp,expectation_value,same_entangling_gate_count,bcw_6q_random_bp,hea,RX_RY_RZ_CNOT,none,linear,cnot,local,6,8,8,40,40,5,54,0,7,5,RX,0,141,layer_007_wire_005_RX,-0.01107852736794501,0.01107852736794501,False
random_bp,expectation_value,same_entangling_gate_count,bcw_6q_random_bp,hea,RX_RY_RZ_CNOT,none,linear,cnot,local,6,8,8,40,40,5,54,0,7,5,RY,1,142,layer_007_wire_005_RY,0.0005186357537835563,0.0005186357537835563,False
random_bp,expectation_value,same_entangling_gate_count,bcw_6q_random_bp,hea,RX_RY_RZ_CNOT,none,linear,cnot,local,6,8,8,40,40,5,54,0,7,5,RZ,2,143,layer_007_wire_005_RZ,-1.7135335937872901e-19,1.7135335937872901e-19,True
random_bp,expectation_value,same_entangling_gate_count,bcw_6q_random_bp,hea,RX_RY_RZ_CNOT,none,linear,cnot,local,6,8,8,40,40,5,55,1,0,0,RX,0,0,layer_000_wire_000_RX,0.07452615516713394,0.07452615516713394,False
random_bp,expectation_value,same_entangling_gate_count,bcw_6q_random_bp,hea,RX_RY_RZ_CNOT,none,linear,cnot,local,6,8,8,40,40,5,55,1,0,0,RY,1,1,layer_000_wire_000_RY,0.026091912995643094,0.026091912995643094,False
random_bp,expectation_value,same_entangling_gate_count,bcw_6q_random_bp,hea,RX_RY_RZ_CNOT,none,linear,cnot,local,6,8,8,40,40,5,55,1,0,0,RZ,2,2,layer_000_wire_000_RZ,-0.024671570918261533,0.024671570918261533,False
random_bp,expectation_value,same_entangling_gate_count,bcw_6q_random_bp,hea,RX_RY_RZ_CNOT,none,linear,cnot,local,6,8,8,40,40,5,55,1,0,1,RX,0,3,layer_000_wire_001_RX,-0.05549552819767126,0.05549552819767126,False
random_bp,expectation_value,same_entangling_gate_count,bcw_6q_random_bp,hea,RX_RY_RZ_CNOT,none,linear,cnot,local,6,8,8,40,40,5,55,1,0,1,RY,1,4,layer_000_wire_001_RY,0.02299049227811654,0.02299049227811654,False
random_bp,expectation_value,same_entangling_gate_count,bcw_6q_random_bp,hea,RX_RY_RZ_CNOT,none,linear,cnot,local,6,8,8,40,40,5,55,1,0,1,RZ,2,5,layer_000_wire_001_RZ,-0.0542715240984592,0.0542715240984592,False
random_bp,expectation_value,same_entangling_gate_count,bcw_6q_random_bp,hea,RX_RY_RZ_CNOT,none,linear,cnot,local,6,8,8,40,40,5,55,1,0,2,RX,0,6,layer_000_wire_002_RX,0.007118470816173271,0.007118470816173271,False
random_bp,expectation_value,same_entangling_gate_count,bcw_6q_random_bp,hea,RX_RY_RZ_CNOT,none,linear,cnot,local,6,8,8,40,40,5,55,1,0,2,RY,1,7,layer_000_wire_002_RY,0.004253059385813296,0.004253059385813296,False
random_bp,expectation_value,same_entangling_gate_count,bcw_6q_random_bp,hea,RX_RY_RZ_CNOT,none,linear,cnot,local,6,8,8,40,40,5,55,1,0,2,RZ,2,8,layer_000_wire_002_RZ,-0.002895208665361293,0.002895208665361293,False
random_bp,expectation_value,same_entangling_gate_count,bcw_6q_random_bp,hea,RX_RY_RZ_CNOT,none,linear,cnot,local,6,8,8,40,40,5,55,1,0,3,RX,0,9,layer_000_wire_003_RX,0.014711077771091697,0.014711077771091697,False
random_bp,expectation_value,same_entangling_gate_count,bcw_6q_random_bp,hea,RX_RY_RZ_CNOT,none,linear,cnot,local,6,8,8,40,40,5,55,1,0,3,RY,1,10,layer_000_wire_003_RY,-0.010180218430381034,0.010180218430381034,False
random_bp,expectation_value,same_entangling_gate_count,bcw_6q_random_bp,hea,RX_RY_RZ_CNOT,none,linear,cnot,local,6,8,8,40,40,5,55,1,0,3,RZ,2,11,layer_000_wire_003_RZ,-0.014668192456619916,0.014668192456619916,False
random_bp,expectation_value,same_entangling_gate_count,bcw_6q_random_bp,hea,RX_RY_RZ_CNOT,none,linear,cnot,local,6,8,8,40,40,5,55,1,0,4,RX,0,12,layer_000_wire_004_RX,0.011850559255849855,0.011850559255849855,False
random_bp,expectation_value,same_entangling_gate_count,bcw_6q_random_bp,hea,RX_RY_RZ_CNOT,none,linear,cnot,local,6,8,8,40,40,5,55,1,0,4,RY,1,13,layer_000_wire_004_RY,0.001100870482386199,0.001100870482386199,False
random_bp,expectation_value,same_entangling_gate_count,bcw_6q_random_bp,hea,RX_RY_RZ_CNOT,none,linear,cnot,local,6,8,8,40,40,5,55,1,0,4,RZ,2,14,layer_000_wire_004_RZ,-0.0110260478661807,0.0110260478661807,False
random_bp,expectation_value,same_entangling_gate_count,bcw_6q_random_bp,hea,RX_RY_RZ_CNOT,none,linear,cnot,local,6,8,8,40,40,5,55,1,0,5,RX,0,15,layer_000_wire_005_RX,0.028556194869336908,0.028556194869336908,False
random_bp,expectation_value,same_entangling_gate_count,bcw_6q_random_bp,hea,RX_RY_RZ_CNOT,none,linear,cnot,local,6,8,8,40,40,5,55,1,0,5,RY,1,16,layer_000_wire_005_RY,-0.08627628512760034,0.08627628512760034,False
random_bp,expectation_value,same_entangling_gate_count,bcw_6q_random_bp,hea,RX_RY_RZ_CNOT,none,linear,cnot,local,6,8,8,40,40,5,55,1,0,5,RZ,2,17,layer_000_wire_005_RZ,0.004027593672116282,0.004027593672116282,False
random_bp,expectation_value,same_entangling_gate_count,bcw_6q_random_bp,hea,RX_RY_RZ_CNOT,none,linear,cnot,local,6,8,8,40,40,5,55,1,1,0,RX,0,18,layer_001_wire_000_RX,0.05781958473366243,0.05781958473366243,False
random_bp,expectation_value,same_entangling_gate_count,bcw_6q_random_bp,hea,RX_RY_RZ_CNOT,none,linear,cnot,local,6,8,8,40,40,5,55,1,1,0,RY,1,19,layer_001_wire_000_RY,-0.023214980377891638,0.023214980377891638,False
random_bp,expectation_value,same_entangling_gate_count,bcw_6q_random_bp,hea,RX_RY_RZ_CNOT,none,linear,cnot,local,6,8,8,40,40,5,55,1,1,0,RZ,2,20,layer_001_wire_000_RZ,0.0583013783829013,0.0583013783829013,False
random_bp,expectation_value,same_entangling_gate_count,bcw_6q_random_bp,hea,RX_RY_RZ_CNOT,none,linear,cnot,local,6,8,8,40,40,5,55,1,1,1,RX,0,21,layer_001_wire_001_RX,0.026704716894327293,0.026704716894327293,False
random_bp,expectation_value,same_entangling_gate_count,bcw_6q_random_bp,hea,RX_RY_RZ_CNOT,none,linear,cnot,local,6,8,8,40,40,5,55,1,1,1,RY,1,22,layer_001_wire_001_RY,0.04719947051317335,0.04719947051317335,False
random_bp,expectation_value,same_entangling_gate_count,bcw_6q_random_bp,hea,RX_RY_RZ_CNOT,none,linear,cnot,local,6,8,8,40,40,5,55,1,1,1,RZ,2,23,layer_001_wire_001_RZ,0.018998462306134056,0.018998462306134056,False
random_bp,expectation_value,same_entangling_gate_count,bcw_6q_random_bp,hea,RX_RY_RZ_CNOT,none,linear,cnot,local,6,8,8,40,40,5,55,1,1,2,RX,0,24,layer_001_wire_002_RX,-0.005110018059377903,0.005110018059377903,False
random_bp,expectation_value,same_entangling_gate_count,bcw_6q_random_bp,hea,RX_RY_RZ_CNOT,none,linear,cnot,local,6,8,8,40,40,5,55,1,1,2,RY,1,25,layer_001_wire_002_RY,-0.05072310675719954,0.05072310675719954,False
random_bp,expectation_value,same_entangling_gate_count,bcw_6q_random_bp,hea,RX_RY_RZ_CNOT,none,linear,cnot,local,6,8,8,40,40,5,55,1,1,2,RZ,2,26,layer_001_wire_002_RZ,0.005926437501748734,0.005926437501748734,False
random_bp,expectation_value,same_entangling_gate_count,bcw_6q_random_bp,hea,RX_RY_RZ_CNOT,none,linear,cnot,local,6,8,8,40,40,5,55,1,1,3,RX,0,27,layer_001_wire_003_RX,0.0010444997779165115,0.0010444997779165115,False
random_bp,expectation_value,same_entangling_gate_count,bcw_6q_random_bp,hea,RX_RY_RZ_CNOT,none,linear,cnot,local,6,8,8,40,40,5,55,1,1,3,RY,1,28,layer_001_wire_003_RY,-0.009225331846583272,0.009225331846583272,False
random_bp,expectation_value,same_entangling_gate_count,bcw_6q_random_bp,hea,RX_RY_RZ_CNOT,none,linear,cnot,local,6,8,8,40,40,5,55,1,1,3,RZ,2,29,layer_001_wire_003_RZ,-0.007898659253120558,0.007898659253120558,False
random_bp,expectation_value,same_entangling_gate_count,bcw_6q_random_bp,hea,RX_RY_RZ_CNOT,none,linear,cnot,local,6,8,8,40,40,5,55,1,1,4,RX,0,30,layer_001_wire_004_RX,-0.0795834182548097,0.0795834182548097,False
random_bp,expectation_value,same_entangling_gate_count,bcw_6q_random_bp,hea,RX_RY_RZ_CNOT,none,linear,cnot,local,6,8,8,40,40,5,55,1,1,4,RY,1,31,layer_001_wire_004_RY,-0.008879191437163817,0.008879191437163817,False
random_bp,expectation_value,same_entangling_gate_count,bcw_6q_random_bp,hea,RX_RY_RZ_CNOT,none,linear,cnot,local,6,8,8,40,40,5,55,1,1,4,RZ,2,32,layer_001_wire_004_RZ,-0.05691736041484497,0.05691736041484497,False
random_bp,expectation_value,same_entangling_gate_count,bcw_6q_random_bp,hea,RX_RY_RZ_CNOT,none,linear,cnot,local,6,8,8,40,40,5,55,1,1,5,RX,0,33,layer_001_wire_005_RX,-0.0808188742403855,0.0808188742403855,False
random_bp,expectation_value,same_entangling_gate_count,bcw_6q_random_bp,hea,RX_RY_RZ_CNOT,none,linear,cnot,local,6,8,8,40,40,5,55,1,1,5,RY,1,34,layer_001_wire_005_RY,0.004505438675187061,0.004505438675187061,False
random_bp,expectation_value,same_entangling_gate_count,bcw_6q_random_bp,hea,RX_RY_RZ_CNOT,none,linear,cnot,local,6,8,8,40,40,5,55,1,1,5,RZ,2,35,layer_001_wire_005_RZ,0.06225455305410739,0.06225455305410739,False
random_bp,expectation_value,same_entangling_gate_count,bcw_6q_random_bp,hea,RX_RY_RZ_CNOT,none,linear,cnot,local,6,8,8,40,40,5,55,1,2,0,RX,0,36,layer_002_wire_000_RX,-0.03373183138825814,0.03373183138825814,False
random_bp,expectation_value,same_entangling_gate_count,bcw_6q_random_bp,hea,RX_RY_RZ_CNOT,none,linear,cnot,local,6,8,8,40,40,5,55,1,2,0,RY,1,37,layer_002_wire_000_RY,0.0042245049196883416,0.0042245049196883416,False
random_bp,expectation_value,same_entangling_gate_count,bcw_6q_random_bp,hea,RX_RY_RZ_CNOT,none,linear,cnot,local,6,8,8,40,40,5,55,1,2,0,RZ,2,38,layer_002_wire_000_RZ,-0.05210257392434085,0.05210257392434085,False
random_bp,expectation_value,same_entangling_gate_count,bcw_6q_random_bp,hea,RX_RY_RZ_CNOT,none,linear,cnot,local,6,8,8,40,40,5,55,1,2,1,RX,0,39,layer_002_wire_001_RX,-0.004006603411169343,0.004006603411169343,False
random_bp,expectation_value,same_entangling_gate_count,bcw_6q_random_bp,hea,RX_RY_RZ_CNOT,none,linear,cnot,local,6,8,8,40,40,5,55,1,2,1,RY,1,40,layer_002_wire_001_RY,0.01525257412341128,0.01525257412341128,False
random_bp,expectation_value,same_entangling_gate_count,bcw_6q_random_bp,hea,RX_RY_RZ_CNOT,none,linear,cnot,local,6,8,8,40,40,5,55,1,2,1,RZ,2,41,layer_002_wire_001_RZ,0.0031774296575052615,0.0031774296575052615,False
random_bp,expectation_value,same_entangling_gate_count,bcw_6q_random_bp,hea,RX_RY_RZ_CNOT,none,linear,cnot,local,6,8,8,40,40,5,55,1,2,2,RX,0,42,layer_002_wire_002_RX,-0.002968772391663573,0.002968772391663573,False
random_bp,expectation_value,same_entangling_gate_count,bcw_6q_random_bp,hea,RX_RY_RZ_CNOT,none,linear,cnot,local,6,8,8,40,40,5,55,1,2,2,RY,1,43,layer_002_wire_002_RY,0.015369348349575707,0.015369348349575707,False
random_bp,expectation_value,same_entangling_gate_count,bcw_6q_random_bp,hea,RX_RY_RZ_CNOT,none,linear,cnot,local,6,8,8,40,40,5,55,1,2,2,RZ,2,44,layer_002_wire_002_RZ,-0.0021869873310204338,0.0021869873310204338,False
random_bp,expectation_value,same_entangling_gate_count,bcw_6q_random_bp,hea,RX_RY_RZ_CNOT,none,linear,cnot,local,6,8,8,40,40,5,55,1,2,3,RX,0,45,layer_002_wire_003_RX,-0.008391304422837859,0.008391304422837859,False
random_bp,expectation_value,same_entangling_gate_count,bcw_6q_random_bp,hea,RX_RY_RZ_CNOT,none,linear,cnot,local,6,8,8,40,40,5,55,1,2,3,RY,1,46,layer_002_wire_003_RY,0.041313423451195916,0.041313423451195916,False
random_bp,expectation_value,same_entangling_gate_count,bcw_6q_random_bp,hea,RX_RY_RZ_CNOT,none,linear,cnot,local,6,8,8,40,40,5,55,1,2,3,RZ,2,47,layer_002_wire_003_RZ,-0.01175446188320302,0.01175446188320302,False
random_bp,expectation_value,same_entangling_gate_count,bcw_6q_random_bp,hea,RX_RY_RZ_CNOT,none,linear,cnot,local,6,8,8,40,40,5,55,1,2,4,RX,0,48,layer_002_wire_004_RX,0.030414761927652918,0.030414761927652918,False
random_bp,expectation_value,same_entangling_gate_count,bcw_6q_random_bp,hea,RX_RY_RZ_CNOT,none,linear,cnot,local,6,8,8,40,40,5,55,1,2,4,RY,1,49,layer_002_wire_004_RY,-0.01700663174080337,0.01700663174080337,False
random_bp,expectation_value,same_entangling_gate_count,bcw_6q_random_bp,hea,RX_RY_RZ_CNOT,none,linear,cnot,local,6,8,8,40,40,5,55,1,2,4,RZ,2,50,layer_002_wire_004_RZ,-0.03225714044720595,0.03225714044720595,False
random_bp,expectation_value,same_entangling_gate_count,bcw_6q_random_bp,hea,RX_RY_RZ_CNOT,none,linear,cnot,local,6,8,8,40,40,5,55,1,2,5,RX,0,51,layer_002_wire_005_RX,0.04381926186538677,0.04381926186538677,False
random_bp,expectation_value,same_entangling_gate_count,bcw_6q_random_bp,hea,RX_RY_RZ_CNOT,none,linear,cnot,local,6,8,8,40,40,5,55,1,2,5,RY,1,52,layer_002_wire_005_RY,-0.0028117946881499652,0.0028117946881499652,False
random_bp,expectation_value,same_entangling_gate_count,bcw_6q_random_bp,hea,RX_RY_RZ_CNOT,none,linear,cnot,local,6,8,8,40,40,5,55,1,2,5,RZ,2,53,layer_002_wire_005_RZ,0.044324256010238205,0.044324256010238205,False
random_bp,expectation_value,same_entangling_gate_count,bcw_6q_random_bp,hea,RX_RY_RZ_CNOT,none,linear,cnot,local,6,8,8,40,40,5,55,1,3,0,RX,0,54,layer_003_wire_000_RX,-0.06849758284068244,0.06849758284068244,False
random_bp,expectation_value,same_entangling_gate_count,bcw_6q_random_bp,hea,RX_RY_RZ_CNOT,none,linear,cnot,local,6,8,8,40,40,5,55,1,3,0,RY,1,55,layer_003_wire_000_RY,-0.04807667365150736,0.04807667365150736,False
random_bp,expectation_value,same_entangling_gate_count,bcw_6q_random_bp,hea,RX_RY_RZ_CNOT,none,linear,cnot,local,6,8,8,40,40,5,55,1,3,0,RZ,2,56,layer_003_wire_000_RZ,-0.05113224796164138,0.05113224796164138,False
random_bp,expectation_value,same_entangling_gate_count,bcw_6q_random_bp,hea,RX_RY_RZ_CNOT,none,linear,cnot,local,6,8,8,40,40,5,55,1,3,1,RX,0,57,layer_003_wire_001_RX,0.022915437417786295,0.022915437417786295,False
random_bp,expectation_value,same_entangling_gate_count,bcw_6q_random_bp,hea,RX_RY_RZ_CNOT,none,linear,cnot,local,6,8,8,40,40,5,55,1,3,1,RY,1,58,layer_003_wire_001_RY,-0.013261032986372222,0.013261032986372222,False
random_bp,expectation_value,same_entangling_gate_count,bcw_6q_random_bp,hea,RX_RY_RZ_CNOT,none,linear,cnot,local,6,8,8,40,40,5,55,1,3,1,RZ,2,59,layer_003_wire_001_RZ,-0.014545075936924137,0.014545075936924137,False
random_bp,expectation_value,same_entangling_gate_count,bcw_6q_random_bp,hea,RX_RY_RZ_CNOT,none,linear,cnot,local,6,8,8,40,40,5,55,1,3,2,RX,0,60,layer_003_wire_002_RX,0.01016092112515812,0.01016092112515812,False
random_bp,expectation_value,same_entangling_gate_count,bcw_6q_random_bp,hea,RX_RY_RZ_CNOT,none,linear,cnot,local,6,8,8,40,40,5,55,1,3,2,RY,1,61,layer_003_wire_002_RY,0.019036434154808185,0.019036434154808185,False
random_bp,expectation_value,same_entangling_gate_count,bcw_6q_random_bp,hea,RX_RY_RZ_CNOT,none,linear,cnot,local,6,8,8,40,40,5,55,1,3,2,RZ,2,62,layer_003_wire_002_RZ,-0.0592553266738704,0.0592553266738704,False
random_bp,expectation_value,same_entangling_gate_count,bcw_6q_random_bp,hea,RX_RY_RZ_CNOT,none,linear,cnot,local,6,8,8,40,40,5,55,1,3,3,RX,0,63,layer_003_wire_003_RX,-0.03210637227948874,0.03210637227948874,False
random_bp,expectation_value,same_entangling_gate_count,bcw_6q_random_bp,hea,RX_RY_RZ_CNOT,none,linear,cnot,local,6,8,8,40,40,5,55,1,3,3,RY,1,64,layer_003_wire_003_RY,-0.0023287618840961803,0.0023287618840961803,False
random_bp,expectation_value,same_entangling_gate_count,bcw_6q_random_bp,hea,RX_RY_RZ_CNOT,none,linear,cnot,local,6,8,8,40,40,5,55,1,3,3,RZ,2,65,layer_003_wire_003_RZ,0.023222244035944598,0.023222244035944598,False
random_bp,expectation_value,same_entangling_gate_count,bcw_6q_random_bp,hea,RX_RY_RZ_CNOT,none,linear,cnot,local,6,8,8,40,40,5,55,1,3,4,RX,0,66,layer_003_wire_004_RX,-0.02802932943874216,0.02802932943874216,False
random_bp,expectation_value,same_entangling_gate_count,bcw_6q_random_bp,hea,RX_RY_RZ_CNOT,none,linear,cnot,local,6,8,8,40,40,5,55,1,3,4,RY,1,67,layer_003_wire_004_RY,0.015306608489993625,0.015306608489993625,False
random_bp,expectation_value,same_entangling_gate_count,bcw_6q_random_bp,hea,RX_RY_RZ_CNOT,none,linear,cnot,local,6,8,8,40,40,5,55,1,3,4,RZ,2,68,layer_003_wire_004_RZ,0.03984902145403907,0.03984902145403907,False
random_bp,expectation_value,same_entangling_gate_count,bcw_6q_random_bp,hea,RX_RY_RZ_CNOT,none,linear,cnot,local,6,8,8,40,40,5,55,1,3,5,RX,0,69,layer_003_wire_005_RX,0.004862737383710743,0.004862737383710743,False
random_bp,expectation_value,same_entangling_gate_count,bcw_6q_random_bp,hea,RX_RY_RZ_CNOT,none,linear,cnot,local,6,8,8,40,40,5,55,1,3,5,RY,1,70,layer_003_wire_005_RY,-0.0066139556197575625,0.0066139556197575625,False
random_bp,expectation_value,same_entangling_gate_count,bcw_6q_random_bp,hea,RX_RY_RZ_CNOT,none,linear,cnot,local,6,8,8,40,40,5,55,1,3,5,RZ,2,71,layer_003_wire_005_RZ,0.015621239382307885,0.015621239382307885,False
random_bp,expectation_value,same_entangling_gate_count,bcw_6q_random_bp,hea,RX_RY_RZ_CNOT,none,linear,cnot,local,6,8,8,40,40,5,55,1,4,0,RX,0,72,layer_004_wire_000_RX,0.01644760641460151,0.01644760641460151,False
random_bp,expectation_value,same_entangling_gate_count,bcw_6q_random_bp,hea,RX_RY_RZ_CNOT,none,linear,cnot,local,6,8,8,40,40,5,55,1,4,0,RY,1,73,layer_004_wire_000_RY,0.06935183407055077,0.06935183407055077,False
random_bp,expectation_value,same_entangling_gate_count,bcw_6q_random_bp,hea,RX_RY_RZ_CNOT,none,linear,cnot,local,6,8,8,40,40,5,55,1,4,0,RZ,2,74,layer_004_wire_000_RZ,0.017235243007431907,0.017235243007431907,False
random_bp,expectation_value,same_entangling_gate_count,bcw_6q_random_bp,hea,RX_RY_RZ_CNOT,none,linear,cnot,local,6,8,8,40,40,5,55,1,4,1,RX,0,75,layer_004_wire_001_RX,0.035021546975118244,0.035021546975118244,False
random_bp,expectation_value,same_entangling_gate_count,bcw_6q_random_bp,hea,RX_RY_RZ_CNOT,none,linear,cnot,local,6,8,8,40,40,5,55,1,4,1,RY,1,76,layer_004_wire_001_RY,-0.011042125903384603,0.011042125903384603,False
random_bp,expectation_value,same_entangling_gate_count,bcw_6q_random_bp,hea,RX_RY_RZ_CNOT,none,linear,cnot,local,6,8,8,40,40,5,55,1,4,1,RZ,2,77,layer_004_wire_001_RZ,-0.054354086780718014,0.054354086780718014,False
random_bp,expectation_value,same_entangling_gate_count,bcw_6q_random_bp,hea,RX_RY_RZ_CNOT,none,linear,cnot,local,6,8,8,40,40,5,55,1,4,2,RX,0,78,layer_004_wire_002_RX,-0.05141360362477428,0.05141360362477428,False
random_bp,expectation_value,same_entangling_gate_count,bcw_6q_random_bp,hea,RX_RY_RZ_CNOT,none,linear,cnot,local,6,8,8,40,40,5,55,1,4,2,RY,1,79,layer_004_wire_002_RY,0.04022941796828203,0.04022941796828203,False
random_bp,expectation_value,same_entangling_gate_count,bcw_6q_random_bp,hea,RX_RY_RZ_CNOT,none,linear,cnot,local,6,8,8,40,40,5,55,1,4,2,RZ,2,80,layer_004_wire_002_RZ,0.023386323326321845,0.023386323326321845,False
random_bp,expectation_value,same_entangling_gate_count,bcw_6q_random_bp,hea,RX_RY_RZ_CNOT,none,linear,cnot,local,6,8,8,40,40,5,55,1,4,3,RX,0,81,layer_004_wire_003_RX,-0.03574524261137247,0.03574524261137247,False
random_bp,expectation_value,same_entangling_gate_count,bcw_6q_random_bp,hea,RX_RY_RZ_CNOT,none,linear,cnot,local,6,8,8,40,40,5,55,1,4,3,RY,1,82,layer_004_wire_003_RY,-0.02791854060433152,0.02791854060433152,False
random_bp,expectation_value,same_entangling_gate_count,bcw_6q_random_bp,hea,RX_RY_RZ_CNOT,none,linear,cnot,local,6,8,8,40,40,5,55,1,4,3,RZ,2,83,layer_004_wire_003_RZ,0.042375072389044546,0.042375072389044546,False
random_bp,expectation_value,same_entangling_gate_count,bcw_6q_random_bp,hea,RX_RY_RZ_CNOT,none,linear,cnot,local,6,8,8,40,40,5,55,1,4,4,RX,0,84,layer_004_wire_004_RX,-0.041774450309115425,0.041774450309115425,False
random_bp,expectation_value,same_entangling_gate_count,bcw_6q_random_bp,hea,RX_RY_RZ_CNOT,none,linear,cnot,local,6,8,8,40,40,5,55,1,4,4,RY,1,85,layer_004_wire_004_RY,-0.023553738972042958,0.023553738972042958,False
random_bp,expectation_value,same_entangling_gate_count,bcw_6q_random_bp,hea,RX_RY_RZ_CNOT,none,linear,cnot,local,6,8,8,40,40,5,55,1,4,4,RZ,2,86,layer_004_wire_004_RZ,-0.03532531499130562,0.03532531499130562,False
random_bp,expectation_value,same_entangling_gate_count,bcw_6q_random_bp,hea,RX_RY_RZ_CNOT,none,linear,cnot,local,6,8,8,40,40,5,55,1,4,5,RX,0,87,layer_004_wire_005_RX,0.012518939507374718,0.012518939507374718,False
random_bp,expectation_value,same_entangling_gate_count,bcw_6q_random_bp,hea,RX_RY_RZ_CNOT,none,linear,cnot,local,6,8,8,40,40,5,55,1,4,5,RY,1,88,layer_004_wire_005_RY,-0.0020304591223345124,0.0020304591223345124,False
random_bp,expectation_value,same_entangling_gate_count,bcw_6q_random_bp,hea,RX_RY_RZ_CNOT,none,linear,cnot,local,6,8,8,40,40,5,55,1,4,5,RZ,2,89,layer_004_wire_005_RZ,-0.04768753292571343,0.04768753292571343,False
random_bp,expectation_value,same_entangling_gate_count,bcw_6q_random_bp,hea,RX_RY_RZ_CNOT,none,linear,cnot,local,6,8,8,40,40,5,55,1,5,0,RX,0,90,layer_005_wire_000_RX,-0.005356593087719182,0.005356593087719182,False
random_bp,expectation_value,same_entangling_gate_count,bcw_6q_random_bp,hea,RX_RY_RZ_CNOT,none,linear,cnot,local,6,8,8,40,40,5,55,1,5,0,RY,1,91,layer_005_wire_000_RY,0.0013581662684977805,0.0013581662684977805,False
random_bp,expectation_value,same_entangling_gate_count,bcw_6q_random_bp,hea,RX_RY_RZ_CNOT,none,linear,cnot,local,6,8,8,40,40,5,55,1,5,0,RZ,2,92,layer_005_wire_000_RZ,-0.027106827968496724,0.027106827968496724,False
random_bp,expectation_value,same_entangling_gate_count,bcw_6q_random_bp,hea,RX_RY_RZ_CNOT,none,linear,cnot,local,6,8,8,40,40,5,55,1,5,1,RX,0,93,layer_005_wire_001_RX,-0.022893868740350893,0.022893868740350893,False
random_bp,expectation_value,same_entangling_gate_count,bcw_6q_random_bp,hea,RX_RY_RZ_CNOT,none,linear,cnot,local,6,8,8,40,40,5,55,1,5,1,RY,1,94,layer_005_wire_001_RY,0.004022035930402573,0.004022035930402573,False
random_bp,expectation_value,same_entangling_gate_count,bcw_6q_random_bp,hea,RX_RY_RZ_CNOT,none,linear,cnot,local,6,8,8,40,40,5,55,1,5,1,RZ,2,95,layer_005_wire_001_RZ,-0.028045209648045674,0.028045209648045674,False
random_bp,expectation_value,same_entangling_gate_count,bcw_6q_random_bp,hea,RX_RY_RZ_CNOT,none,linear,cnot,local,6,8,8,40,40,5,55,1,5,2,RX,0,96,layer_005_wire_002_RX,0.03272596033827874,0.03272596033827874,False
random_bp,expectation_value,same_entangling_gate_count,bcw_6q_random_bp,hea,RX_RY_RZ_CNOT,none,linear,cnot,local,6,8,8,40,40,5,55,1,5,2,RY,1,97,layer_005_wire_002_RY,0.04093053179307318,0.04093053179307318,False
random_bp,expectation_value,same_entangling_gate_count,bcw_6q_random_bp,hea,RX_RY_RZ_CNOT,none,linear,cnot,local,6,8,8,40,40,5,55,1,5,2,RZ,2,98,layer_005_wire_002_RZ,-0.02110104064861604,0.02110104064861604,False
random_bp,expectation_value,same_entangling_gate_count,bcw_6q_random_bp,hea,RX_RY_RZ_CNOT,none,linear,cnot,local,6,8,8,40,40,5,55,1,5,3,RX,0,99,layer_005_wire_003_RX,0.03653901358896662,0.03653901358896662,False
random_bp,expectation_value,same_entangling_gate_count,bcw_6q_random_bp,hea,RX_RY_RZ_CNOT,none,linear,cnot,local,6,8,8,40,40,5,55,1,5,3,RY,1,100,layer_005_wire_003_RY,-0.0199856168609646,0.0199856168609646,False
random_bp,expectation_value,same_entangling_gate_count,bcw_6q_random_bp,hea,RX_RY_RZ_CNOT,none,linear,cnot,local,6,8,8,40,40,5,55,1,5,3,RZ,2,101,layer_005_wire_003_RZ,-0.009195646910742889,0.009195646910742889,False
random_bp,expectation_value,same_entangling_gate_count,bcw_6q_random_bp,hea,RX_RY_RZ_CNOT,none,linear,cnot,local,6,8,8,40,40,5,55,1,5,4,RX,0,102,layer_005_wire_004_RX,-0.0007206751258792866,0.0007206751258792866,False
random_bp,expectation_value,same_entangling_gate_count,bcw_6q_random_bp,hea,RX_RY_RZ_CNOT,none,linear,cnot,local,6,8,8,40,40,5,55,1,5,4,RY,1,103,layer_005_wire_004_RY,0.015694497743158647,0.015694497743158647,False
random_bp,expectation_value,same_entangling_gate_count,bcw_6q_random_bp,hea,RX_RY_RZ_CNOT,none,linear,cnot,local,6,8,8,40,40,5,55,1,5,4,RZ,2,104,layer_005_wire_004_RZ,0.01812254277838344,0.01812254277838344,False
random_bp,expectation_value,same_entangling_gate_count,bcw_6q_random_bp,hea,RX_RY_RZ_CNOT,none,linear,cnot,local,6,8,8,40,40,5,55,1,5,5,RX,0,105,layer_005_wire_005_RX,0.024727125918791133,0.024727125918791133,False
random_bp,expectation_value,same_entangling_gate_count,bcw_6q_random_bp,hea,RX_RY_RZ_CNOT,none,linear,cnot,local,6,8,8,40,40,5,55,1,5,5,RY,1,106,layer_005_wire_005_RY,0.00711095345972824,0.00711095345972824,False
random_bp,expectation_value,same_entangling_gate_count,bcw_6q_random_bp,hea,RX_RY_RZ_CNOT,none,linear,cnot,local,6,8,8,40,40,5,55,1,5,5,RZ,2,107,layer_005_wire_005_RZ,-0.023731468512295066,0.023731468512295066,False
random_bp,expectation_value,same_entangling_gate_count,bcw_6q_random_bp,hea,RX_RY_RZ_CNOT,none,linear,cnot,local,6,8,8,40,40,5,55,1,6,0,RX,0,108,layer_006_wire_000_RX,0.06474083590672758,0.06474083590672758,False
random_bp,expectation_value,same_entangling_gate_count,bcw_6q_random_bp,hea,RX_RY_RZ_CNOT,none,linear,cnot,local,6,8,8,40,40,5,55,1,6,0,RY,1,109,layer_006_wire_000_RY,0.014896500509211015,0.014896500509211015,False
random_bp,expectation_value,same_entangling_gate_count,bcw_6q_random_bp,hea,RX_RY_RZ_CNOT,none,linear,cnot,local,6,8,8,40,40,5,55,1,6,0,RZ,2,110,layer_006_wire_000_RZ,0.06354190339235238,0.06354190339235238,False
random_bp,expectation_value,same_entangling_gate_count,bcw_6q_random_bp,hea,RX_RY_RZ_CNOT,none,linear,cnot,local,6,8,8,40,40,5,55,1,6,1,RX,0,111,layer_006_wire_001_RX,0.04203944569180157,0.04203944569180157,False
random_bp,expectation_value,same_entangling_gate_count,bcw_6q_random_bp,hea,RX_RY_RZ_CNOT,none,linear,cnot,local,6,8,8,40,40,5,55,1,6,1,RY,1,112,layer_006_wire_001_RY,0.0008556521229840935,0.0008556521229840935,False
random_bp,expectation_value,same_entangling_gate_count,bcw_6q_random_bp,hea,RX_RY_RZ_CNOT,none,linear,cnot,local,6,8,8,40,40,5,55,1,6,1,RZ,2,113,layer_006_wire_001_RZ,0.038614092170187936,0.038614092170187936,False
random_bp,expectation_value,same_entangling_gate_count,bcw_6q_random_bp,hea,RX_RY_RZ_CNOT,none,linear,cnot,local,6,8,8,40,40,5,55,1,6,2,RX,0,114,layer_006_wire_002_RX,-0.009693866736109998,0.009693866736109998,False
random_bp,expectation_value,same_entangling_gate_count,bcw_6q_random_bp,hea,RX_RY_RZ_CNOT,none,linear,cnot,local,6,8,8,40,40,5,55,1,6,2,RY,1,115,layer_006_wire_002_RY,-0.007490787089123136,0.007490787089123136,False
random_bp,expectation_value,same_entangling_gate_count,bcw_6q_random_bp,hea,RX_RY_RZ_CNOT,none,linear,cnot,local,6,8,8,40,40,5,55,1,6,2,RZ,2,116,layer_006_wire_002_RZ,0.012556938078041131,0.012556938078041131,False
random_bp,expectation_value,same_entangling_gate_count,bcw_6q_random_bp,hea,RX_RY_RZ_CNOT,none,linear,cnot,local,6,8,8,40,40,5,55,1,6,3,RX,0,117,layer_006_wire_003_RX,0.008037307094258737,0.008037307094258737,False
random_bp,expectation_value,same_entangling_gate_count,bcw_6q_random_bp,hea,RX_RY_RZ_CNOT,none,linear,cnot,local,6,8,8,40,40,5,55,1,6,3,RY,1,118,layer_006_wire_003_RY,-0.025470428566540065,0.025470428566540065,False
random_bp,expectation_value,same_entangling_gate_count,bcw_6q_random_bp,hea,RX_RY_RZ_CNOT,none,linear,cnot,local,6,8,8,40,40,5,55,1,6,3,RZ,2,119,layer_006_wire_003_RZ,-0.004195672609117594,0.004195672609117594,False
random_bp,expectation_value,same_entangling_gate_count,bcw_6q_random_bp,hea,RX_RY_RZ_CNOT,none,linear,cnot,local,6,8,8,40,40,5,55,1,6,4,RX,0,120,layer_006_wire_004_RX,-0.05623224579703638,0.05623224579703638,False
random_bp,expectation_value,same_entangling_gate_count,bcw_6q_random_bp,hea,RX_RY_RZ_CNOT,none,linear,cnot,local,6,8,8,40,40,5,55,1,6,4,RY,1,121,layer_006_wire_004_RY,0.04891877403718077,0.04891877403718077,False
random_bp,expectation_value,same_entangling_gate_count,bcw_6q_random_bp,hea,RX_RY_RZ_CNOT,none,linear,cnot,local,6,8,8,40,40,5,55,1,6,4,RZ,2,122,layer_006_wire_004_RZ,0.04077518489058404,0.04077518489058404,False
random_bp,expectation_value,same_entangling_gate_count,bcw_6q_random_bp,hea,RX_RY_RZ_CNOT,none,linear,cnot,local,6,8,8,40,40,5,55,1,6,5,RX,0,123,layer_006_wire_005_RX,0.000417155164169793,0.000417155164169793,False
random_bp,expectation_value,same_entangling_gate_count,bcw_6q_random_bp,hea,RX_RY_RZ_CNOT,none,linear,cnot,local,6,8,8,40,40,5,55,1,6,5,RY,1,124,layer_006_wire_005_RY,-0.007939744848782557,0.007939744848782557,False
random_bp,expectation_value,same_entangling_gate_count,bcw_6q_random_bp,hea,RX_RY_RZ_CNOT,none,linear,cnot,local,6,8,8,40,40,5,55,1,6,5,RZ,2,125,layer_006_wire_005_RZ,-0.003750167796542524,0.003750167796542524,False
random_bp,expectation_value,same_entangling_gate_count,bcw_6q_random_bp,hea,RX_RY_RZ_CNOT,none,linear,cnot,local,6,8,8,40,40,5,55,1,7,0,RX,0,126,layer_007_wire_000_RX,-0.002140723971798167,0.002140723971798167,False
random_bp,expectation_value,same_entangling_gate_count,bcw_6q_random_bp,hea,RX_RY_RZ_CNOT,none,linear,cnot,local,6,8,8,40,40,5,55,1,7,0,RY,1,127,layer_007_wire_000_RY,0.09130478876453499,0.09130478876453499,False
random_bp,expectation_value,same_entangling_gate_count,bcw_6q_random_bp,hea,RX_RY_RZ_CNOT,none,linear,cnot,local,6,8,8,40,40,5,55,1,7,0,RZ,2,128,layer_007_wire_000_RZ,2.6429737805737785e-17,2.6429737805737785e-17,True
random_bp,expectation_value,same_entangling_gate_count,bcw_6q_random_bp,hea,RX_RY_RZ_CNOT,none,linear,cnot,local,6,8,8,40,40,5,55,1,7,1,RX,0,129,layer_007_wire_001_RX,0.0011468702377740708,0.0011468702377740708,False
random_bp,expectation_value,same_entangling_gate_count,bcw_6q_random_bp,hea,RX_RY_RZ_CNOT,none,linear,cnot,local,6,8,8,40,40,5,55,1,7,1,RY,1,130,layer_007_wire_001_RY,0.02421629689036763,0.02421629689036763,False
random_bp,expectation_value,same_entangling_gate_count,bcw_6q_random_bp,hea,RX_RY_RZ_CNOT,none,linear,cnot,local,6,8,8,40,40,5,55,1,7,1,RZ,2,131,layer_007_wire_001_RZ,-1.2020153557052286e-17,1.2020153557052286e-17,True
random_bp,expectation_value,same_entangling_gate_count,bcw_6q_random_bp,hea,RX_RY_RZ_CNOT,none,linear,cnot,local,6,8,8,40,40,5,55,1,7,2,RX,0,132,layer_007_wire_002_RX,0.0032002817660699207,0.0032002817660699207,False
random_bp,expectation_value,same_entangling_gate_count,bcw_6q_random_bp,hea,RX_RY_RZ_CNOT,none,linear,cnot,local,6,8,8,40,40,5,55,1,7,2,RY,1,133,layer_007_wire_002_RY,0.028872253894624136,0.028872253894624136,False
random_bp,expectation_value,same_entangling_gate_count,bcw_6q_random_bp,hea,RX_RY_RZ_CNOT,none,linear,cnot,local,6,8,8,40,40,5,55,1,7,2,RZ,2,134,layer_007_wire_002_RZ,-1.757511697919551e-18,1.757511697919551e-18,True
random_bp,expectation_value,same_entangling_gate_count,bcw_6q_random_bp,hea,RX_RY_RZ_CNOT,none,linear,cnot,local,6,8,8,40,40,5,55,1,7,3,RX,0,135,layer_007_wire_003_RX,-0.008368325184734043,0.008368325184734043,False
random_bp,expectation_value,same_entangling_gate_count,bcw_6q_random_bp,hea,RX_RY_RZ_CNOT,none,linear,cnot,local,6,8,8,40,40,5,55,1,7,3,RY,1,136,layer_007_wire_003_RY,0.038964367738476176,0.038964367738476176,False
random_bp,expectation_value,same_entangling_gate_count,bcw_6q_random_bp,hea,RX_RY_RZ_CNOT,none,linear,cnot,local,6,8,8,40,40,5,55,1,7,3,RZ,2,137,layer_007_wire_003_RZ,1.271097027654865e-18,1.271097027654865e-18,True
random_bp,expectation_value,same_entangling_gate_count,bcw_6q_random_bp,hea,RX_RY_RZ_CNOT,none,linear,cnot,local,6,8,8,40,40,5,55,1,7,4,RX,0,138,layer_007_wire_004_RX,-0.03200923207101893,0.03200923207101893,False
random_bp,expectation_value,same_entangling_gate_count,bcw_6q_random_bp,hea,RX_RY_RZ_CNOT,none,linear,cnot,local,6,8,8,40,40,5,55,1,7,4,RY,1,139,layer_007_wire_004_RY,0.02825493518361003,0.02825493518361003,False
random_bp,expectation_value,same_entangling_gate_count,bcw_6q_random_bp,hea,RX_RY_RZ_CNOT,none,linear,cnot,local,6,8,8,40,40,5,55,1,7,4,RZ,2,140,layer_007_wire_004_RZ,8.52589776948893e-18,8.52589776948893e-18,True
random_bp,expectation_value,same_entangling_gate_count,bcw_6q_random_bp,hea,RX_RY_RZ_CNOT,none,linear,cnot,local,6,8,8,40,40,5,55,1,7,5,RX,0,141,layer_007_wire_005_RX,-0.004719739598899357,0.004719739598899357,False
random_bp,expectation_value,same_entangling_gate_count,bcw_6q_random_bp,hea,RX_RY_RZ_CNOT,none,linear,cnot,local,6,8,8,40,40,5,55,1,7,5,RY,1,142,layer_007_wire_005_RY,0.0005838960499982698,0.0005838960499982698,False
random_bp,expectation_value,same_entangling_gate_count,bcw_6q_random_bp,hea,RX_RY_RZ_CNOT,none,linear,cnot,local,6,8,8,40,40,5,55,1,7,5,RZ,2,143,layer_007_wire_005_RZ,3.071648472811282e-18,3.071648472811282e-18,True
random_bp,expectation_value,same_entangling_gate_count,bcw_6q_random_bp,hea,RX_RY_RZ_CNOT,none,linear,cnot,local,6,8,8,40,40,5,56,2,0,0,RX,0,0,layer_000_wire_000_RX,0.028692632953605718,0.028692632953605718,False
random_bp,expectation_value,same_entangling_gate_count,bcw_6q_random_bp,hea,RX_RY_RZ_CNOT,none,linear,cnot,local,6,8,8,40,40,5,56,2,0,0,RY,1,1,layer_000_wire_000_RY,0.00040249551957089597,0.00040249551957089597,False
random_bp,expectation_value,same_entangling_gate_count,bcw_6q_random_bp,hea,RX_RY_RZ_CNOT,none,linear,cnot,local,6,8,8,40,40,5,56,2,0,0,RZ,2,2,layer_000_wire_000_RZ,0.025719185537223244,0.025719185537223244,False
random_bp,expectation_value,same_entangling_gate_count,bcw_6q_random_bp,hea,RX_RY_RZ_CNOT,none,linear,cnot,local,6,8,8,40,40,5,56,2,0,1,RX,0,3,layer_000_wire_001_RX,-0.007157269164429698,0.007157269164429698,False
random_bp,expectation_value,same_entangling_gate_count,bcw_6q_random_bp,hea,RX_RY_RZ_CNOT,none,linear,cnot,local,6,8,8,40,40,5,56,2,0,1,RY,1,4,layer_000_wire_001_RY,0.015378327904903226,0.015378327904903226,False
random_bp,expectation_value,same_entangling_gate_count,bcw_6q_random_bp,hea,RX_RY_RZ_CNOT,none,linear,cnot,local,6,8,8,40,40,5,56,2,0,1,RZ,2,5,layer_000_wire_001_RZ,0.012314097273277473,0.012314097273277473,False
random_bp,expectation_value,same_entangling_gate_count,bcw_6q_random_bp,hea,RX_RY_RZ_CNOT,none,linear,cnot,local,6,8,8,40,40,5,56,2,0,2,RX,0,6,layer_000_wire_002_RX,-0.025456748282977643,0.025456748282977643,False
random_bp,expectation_value,same_entangling_gate_count,bcw_6q_random_bp,hea,RX_RY_RZ_CNOT,none,linear,cnot,local,6,8,8,40,40,5,56,2,0,2,RY,1,7,layer_000_wire_002_RY,0.007537296224691658,0.007537296224691658,False
random_bp,expectation_value,same_entangling_gate_count,bcw_6q_random_bp,hea,RX_RY_RZ_CNOT,none,linear,cnot,local,6,8,8,40,40,5,56,2,0,2,RZ,2,8,layer_000_wire_002_RZ,-0.025883152699891013,0.025883152699891013,False
random_bp,expectation_value,same_entangling_gate_count,bcw_6q_random_bp,hea,RX_RY_RZ_CNOT,none,linear,cnot,local,6,8,8,40,40,5,56,2,0,3,RX,0,9,layer_000_wire_003_RX,0.04444670869454131,0.04444670869454131,False
random_bp,expectation_value,same_entangling_gate_count,bcw_6q_random_bp,hea,RX_RY_RZ_CNOT,none,linear,cnot,local,6,8,8,40,40,5,56,2,0,3,RY,1,10,layer_000_wire_003_RY,-0.0005769076205524911,0.0005769076205524911,False
random_bp,expectation_value,same_entangling_gate_count,bcw_6q_random_bp,hea,RX_RY_RZ_CNOT,none,linear,cnot,local,6,8,8,40,40,5,56,2,0,3,RZ,2,11,layer_000_wire_003_RZ,-0.01775969382000451,0.01775969382000451,False
random_bp,expectation_value,same_entangling_gate_count,bcw_6q_random_bp,hea,RX_RY_RZ_CNOT,none,linear,cnot,local,6,8,8,40,40,5,56,2,0,4,RX,0,12,layer_000_wire_004_RX,0.03629155500137451,0.03629155500137451,False
random_bp,expectation_value,same_entangling_gate_count,bcw_6q_random_bp,hea,RX_RY_RZ_CNOT,none,linear,cnot,local,6,8,8,40,40,5,56,2,0,4,RY,1,13,layer_000_wire_004_RY,-0.035870092985657624,0.035870092985657624,False
random_bp,expectation_value,same_entangling_gate_count,bcw_6q_random_bp,hea,RX_RY_RZ_CNOT,none,linear,cnot,local,6,8,8,40,40,5,56,2,0,4,RZ,2,14,layer_000_wire_004_RZ,-0.02387720124335993,0.02387720124335993,False
random_bp,expectation_value,same_entangling_gate_count,bcw_6q_random_bp,hea,RX_RY_RZ_CNOT,none,linear,cnot,local,6,8,8,40,40,5,56,2,0,5,RX,0,15,layer_000_wire_005_RX,0.038933268827682666,0.038933268827682666,False
random_bp,expectation_value,same_entangling_gate_count,bcw_6q_random_bp,hea,RX_RY_RZ_CNOT,none,linear,cnot,local,6,8,8,40,40,5,56,2,0,5,RY,1,16,layer_000_wire_005_RY,-0.008838196363200813,0.008838196363200813,False
random_bp,expectation_value,same_entangling_gate_count,bcw_6q_random_bp,hea,RX_RY_RZ_CNOT,none,linear,cnot,local,6,8,8,40,40,5,56,2,0,5,RZ,2,17,layer_000_wire_005_RZ,0.00168248297424871,0.00168248297424871,False
random_bp,expectation_value,same_entangling_gate_count,bcw_6q_random_bp,hea,RX_RY_RZ_CNOT,none,linear,cnot,local,6,8,8,40,40,5,56,2,1,0,RX,0,18,layer_001_wire_000_RX,0.016332873378755546,0.016332873378755546,False
random_bp,expectation_value,same_entangling_gate_count,bcw_6q_random_bp,hea,RX_RY_RZ_CNOT,none,linear,cnot,local,6,8,8,40,40,5,56,2,1,0,RY,1,19,layer_001_wire_000_RY,0.016874457185376064,0.016874457185376064,False
random_bp,expectation_value,same_entangling_gate_count,bcw_6q_random_bp,hea,RX_RY_RZ_CNOT,none,linear,cnot,local,6,8,8,40,40,5,56,2,1,0,RZ,2,20,layer_001_wire_000_RZ,0.0076166483765626285,0.0076166483765626285,False
random_bp,expectation_value,same_entangling_gate_count,bcw_6q_random_bp,hea,RX_RY_RZ_CNOT,none,linear,cnot,local,6,8,8,40,40,5,56,2,1,1,RX,0,21,layer_001_wire_001_RX,-0.021744556220884698,0.021744556220884698,False
random_bp,expectation_value,same_entangling_gate_count,bcw_6q_random_bp,hea,RX_RY_RZ_CNOT,none,linear,cnot,local,6,8,8,40,40,5,56,2,1,1,RY,1,22,layer_001_wire_001_RY,-0.000859621039146127,0.000859621039146127,False
random_bp,expectation_value,same_entangling_gate_count,bcw_6q_random_bp,hea,RX_RY_RZ_CNOT,none,linear,cnot,local,6,8,8,40,40,5,56,2,1,1,RZ,2,23,layer_001_wire_001_RZ,0.027607871555681552,0.027607871555681552,False
random_bp,expectation_value,same_entangling_gate_count,bcw_6q_random_bp,hea,RX_RY_RZ_CNOT,none,linear,cnot,local,6,8,8,40,40,5,56,2,1,2,RX,0,24,layer_001_wire_002_RX,-0.030629633499850536,0.030629633499850536,False
random_bp,expectation_value,same_entangling_gate_count,bcw_6q_random_bp,hea,RX_RY_RZ_CNOT,none,linear,cnot,local,6,8,8,40,40,5,56,2,1,2,RY,1,25,layer_001_wire_002_RY,0.02217552434477635,0.02217552434477635,False
random_bp,expectation_value,same_entangling_gate_count,bcw_6q_random_bp,hea,RX_RY_RZ_CNOT,none,linear,cnot,local,6,8,8,40,40,5,56,2,1,2,RZ,2,26,layer_001_wire_002_RZ,-0.02098629155278748,0.02098629155278748,False
random_bp,expectation_value,same_entangling_gate_count,bcw_6q_random_bp,hea,RX_RY_RZ_CNOT,none,linear,cnot,local,6,8,8,40,40,5,56,2,1,3,RX,0,27,layer_001_wire_003_RX,-0.044398466582027896,0.044398466582027896,False
random_bp,expectation_value,same_entangling_gate_count,bcw_6q_random_bp,hea,RX_RY_RZ_CNOT,none,linear,cnot,local,6,8,8,40,40,5,56,2,1,3,RY,1,28,layer_001_wire_003_RY,0.030885179663716095,0.030885179663716095,False
random_bp,expectation_value,same_entangling_gate_count,bcw_6q_random_bp,hea,RX_RY_RZ_CNOT,none,linear,cnot,local,6,8,8,40,40,5,56,2,1,3,RZ,2,29,layer_001_wire_003_RZ,-0.04623888338429888,0.04623888338429888,False
random_bp,expectation_value,same_entangling_gate_count,bcw_6q_random_bp,hea,RX_RY_RZ_CNOT,none,linear,cnot,local,6,8,8,40,40,5,56,2,1,4,RX,0,30,layer_001_wire_004_RX,-0.006824011778876978,0.006824011778876978,False
random_bp,expectation_value,same_entangling_gate_count,bcw_6q_random_bp,hea,RX_RY_RZ_CNOT,none,linear,cnot,local,6,8,8,40,40,5,56,2,1,4,RY,1,31,layer_001_wire_004_RY,-0.03119285598677611,0.03119285598677611,False
random_bp,expectation_value,same_entangling_gate_count,bcw_6q_random_bp,hea,RX_RY_RZ_CNOT,none,linear,cnot,local,6,8,8,40,40,5,56,2,1,4,RZ,2,32,layer_001_wire_004_RZ,-0.028501953512718767,0.028501953512718767,False
random_bp,expectation_value,same_entangling_gate_count,bcw_6q_random_bp,hea,RX_RY_RZ_CNOT,none,linear,cnot,local,6,8,8,40,40,5,56,2,1,5,RX,0,33,layer_001_wire_005_RX,-0.008308722070176135,0.008308722070176135,False
random_bp,expectation_value,same_entangling_gate_count,bcw_6q_random_bp,hea,RX_RY_RZ_CNOT,none,linear,cnot,local,6,8,8,40,40,5,56,2,1,5,RY,1,34,layer_001_wire_005_RY,-0.035403041983482104,0.035403041983482104,False
random_bp,expectation_value,same_entangling_gate_count,bcw_6q_random_bp,hea,RX_RY_RZ_CNOT,none,linear,cnot,local,6,8,8,40,40,5,56,2,1,5,RZ,2,35,layer_001_wire_005_RZ,0.017417065521521932,0.017417065521521932,False
random_bp,expectation_value,same_entangling_gate_count,bcw_6q_random_bp,hea,RX_RY_RZ_CNOT,none,linear,cnot,local,6,8,8,40,40,5,56,2,2,0,RX,0,36,layer_002_wire_000_RX,0.0011718808906146189,0.0011718808906146189,False
random_bp,expectation_value,same_entangling_gate_count,bcw_6q_random_bp,hea,RX_RY_RZ_CNOT,none,linear,cnot,local,6,8,8,40,40,5,56,2,2,0,RY,1,37,layer_002_wire_000_RY,0.00579453362575596,0.00579453362575596,False
random_bp,expectation_value,same_entangling_gate_count,bcw_6q_random_bp,hea,RX_RY_RZ_CNOT,none,linear,cnot,local,6,8,8,40,40,5,56,2,2,0,RZ,2,38,layer_002_wire_000_RZ,0.006230850759310377,0.006230850759310377,False
random_bp,expectation_value,same_entangling_gate_count,bcw_6q_random_bp,hea,RX_RY_RZ_CNOT,none,linear,cnot,local,6,8,8,40,40,5,56,2,2,1,RX,0,39,layer_002_wire_001_RX,-0.007670086045261068,0.007670086045261068,False
random_bp,expectation_value,same_entangling_gate_count,bcw_6q_random_bp,hea,RX_RY_RZ_CNOT,none,linear,cnot,local,6,8,8,40,40,5,56,2,2,1,RY,1,40,layer_002_wire_001_RY,0.030340730613481057,0.030340730613481057,False
random_bp,expectation_value,same_entangling_gate_count,bcw_6q_random_bp,hea,RX_RY_RZ_CNOT,none,linear,cnot,local,6,8,8,40,40,5,56,2,2,1,RZ,2,41,layer_002_wire_001_RZ,0.00754873938224895,0.00754873938224895,False
random_bp,expectation_value,same_entangling_gate_count,bcw_6q_random_bp,hea,RX_RY_RZ_CNOT,none,linear,cnot,local,6,8,8,40,40,5,56,2,2,2,RX,0,42,layer_002_wire_002_RX,0.010181598775563204,0.010181598775563204,False
random_bp,expectation_value,same_entangling_gate_count,bcw_6q_random_bp,hea,RX_RY_RZ_CNOT,none,linear,cnot,local,6,8,8,40,40,5,56,2,2,2,RY,1,43,layer_002_wire_002_RY,0.024007954528880847,0.024007954528880847,False
random_bp,expectation_value,same_entangling_gate_count,bcw_6q_random_bp,hea,RX_RY_RZ_CNOT,none,linear,cnot,local,6,8,8,40,40,5,56,2,2,2,RZ,2,44,layer_002_wire_002_RZ,0.017413592925601313,0.017413592925601313,False
random_bp,expectation_value,same_entangling_gate_count,bcw_6q_random_bp,hea,RX_RY_RZ_CNOT,none,linear,cnot,local,6,8,8,40,40,5,56,2,2,3,RX,0,45,layer_002_wire_003_RX,-0.04980116521495738,0.04980116521495738,False
random_bp,expectation_value,same_entangling_gate_count,bcw_6q_random_bp,hea,RX_RY_RZ_CNOT,none,linear,cnot,local,6,8,8,40,40,5,56,2,2,3,RY,1,46,layer_002_wire_003_RY,0.005723985357628707,0.005723985357628707,False
random_bp,expectation_value,same_entangling_gate_count,bcw_6q_random_bp,hea,RX_RY_RZ_CNOT,none,linear,cnot,local,6,8,8,40,40,5,56,2,2,3,RZ,2,47,layer_002_wire_003_RZ,0.03402034597631069,0.03402034597631069,False
random_bp,expectation_value,same_entangling_gate_count,bcw_6q_random_bp,hea,RX_RY_RZ_CNOT,none,linear,cnot,local,6,8,8,40,40,5,56,2,2,4,RX,0,48,layer_002_wire_004_RX,0.019419149170957908,0.019419149170957908,False
random_bp,expectation_value,same_entangling_gate_count,bcw_6q_random_bp,hea,RX_RY_RZ_CNOT,none,linear,cnot,local,6,8,8,40,40,5,56,2,2,4,RY,1,49,layer_002_wire_004_RY,0.04687264657747769,0.04687264657747769,False
random_bp,expectation_value,same_entangling_gate_count,bcw_6q_random_bp,hea,RX_RY_RZ_CNOT,none,linear,cnot,local,6,8,8,40,40,5,56,2,2,4,RZ,2,50,layer_002_wire_004_RZ,-0.05341815337556573,0.05341815337556573,False
random_bp,expectation_value,same_entangling_gate_count,bcw_6q_random_bp,hea,RX_RY_RZ_CNOT,none,linear,cnot,local,6,8,8,40,40,5,56,2,2,5,RX,0,51,layer_002_wire_005_RX,-0.012292396257268474,0.012292396257268474,False
random_bp,expectation_value,same_entangling_gate_count,bcw_6q_random_bp,hea,RX_RY_RZ_CNOT,none,linear,cnot,local,6,8,8,40,40,5,56,2,2,5,RY,1,52,layer_002_wire_005_RY,0.036960644518802196,0.036960644518802196,False
random_bp,expectation_value,same_entangling_gate_count,bcw_6q_random_bp,hea,RX_RY_RZ_CNOT,none,linear,cnot,local,6,8,8,40,40,5,56,2,2,5,RZ,2,53,layer_002_wire_005_RZ,0.037411440987435964,0.037411440987435964,False
random_bp,expectation_value,same_entangling_gate_count,bcw_6q_random_bp,hea,RX_RY_RZ_CNOT,none,linear,cnot,local,6,8,8,40,40,5,56,2,3,0,RX,0,54,layer_003_wire_000_RX,0.04191527249445545,0.04191527249445545,False
random_bp,expectation_value,same_entangling_gate_count,bcw_6q_random_bp,hea,RX_RY_RZ_CNOT,none,linear,cnot,local,6,8,8,40,40,5,56,2,3,0,RY,1,55,layer_003_wire_000_RY,0.019313254196571907,0.019313254196571907,False
random_bp,expectation_value,same_entangling_gate_count,bcw_6q_random_bp,hea,RX_RY_RZ_CNOT,none,linear,cnot,local,6,8,8,40,40,5,56,2,3,0,RZ,2,56,layer_003_wire_000_RZ,0.0016850165185590441,0.0016850165185590441,False
random_bp,expectation_value,same_entangling_gate_count,bcw_6q_random_bp,hea,RX_RY_RZ_CNOT,none,linear,cnot,local,6,8,8,40,40,5,56,2,3,1,RX,0,57,layer_003_wire_001_RX,-0.020520601216895112,0.020520601216895112,False
random_bp,expectation_value,same_entangling_gate_count,bcw_6q_random_bp,hea,RX_RY_RZ_CNOT,none,linear,cnot,local,6,8,8,40,40,5,56,2,3,1,RY,1,58,layer_003_wire_001_RY,0.02874838502390501,0.02874838502390501,False
random_bp,expectation_value,same_entangling_gate_count,bcw_6q_random_bp,hea,RX_RY_RZ_CNOT,none,linear,cnot,local,6,8,8,40,40,5,56,2,3,1,RZ,2,59,layer_003_wire_001_RZ,-0.033303181935771364,0.033303181935771364,False
random_bp,expectation_value,same_entangling_gate_count,bcw_6q_random_bp,hea,RX_RY_RZ_CNOT,none,linear,cnot,local,6,8,8,40,40,5,56,2,3,2,RX,0,60,layer_003_wire_002_RX,-0.036158722946750765,0.036158722946750765,False
random_bp,expectation_value,same_entangling_gate_count,bcw_6q_random_bp,hea,RX_RY_RZ_CNOT,none,linear,cnot,local,6,8,8,40,40,5,56,2,3,2,RY,1,61,layer_003_wire_002_RY,0.022757504911357012,0.022757504911357012,False
random_bp,expectation_value,same_entangling_gate_count,bcw_6q_random_bp,hea,RX_RY_RZ_CNOT,none,linear,cnot,local,6,8,8,40,40,5,56,2,3,2,RZ,2,62,layer_003_wire_002_RZ,-0.042908745189167805,0.042908745189167805,False
random_bp,expectation_value,same_entangling_gate_count,bcw_6q_random_bp,hea,RX_RY_RZ_CNOT,none,linear,cnot,local,6,8,8,40,40,5,56,2,3,3,RX,0,63,layer_003_wire_003_RX,-0.029324827246054078,0.029324827246054078,False
random_bp,expectation_value,same_entangling_gate_count,bcw_6q_random_bp,hea,RX_RY_RZ_CNOT,none,linear,cnot,local,6,8,8,40,40,5,56,2,3,3,RY,1,64,layer_003_wire_003_RY,0.002780728472978489,0.002780728472978489,False
random_bp,expectation_value,same_entangling_gate_count,bcw_6q_random_bp,hea,RX_RY_RZ_CNOT,none,linear,cnot,local,6,8,8,40,40,5,56,2,3,3,RZ,2,65,layer_003_wire_003_RZ,-0.06650456170346372,0.06650456170346372,False
random_bp,expectation_value,same_entangling_gate_count,bcw_6q_random_bp,hea,RX_RY_RZ_CNOT,none,linear,cnot,local,6,8,8,40,40,5,56,2,3,4,RX,0,66,layer_003_wire_004_RX,-0.003922806599394911,0.003922806599394911,False
random_bp,expectation_value,same_entangling_gate_count,bcw_6q_random_bp,hea,RX_RY_RZ_CNOT,none,linear,cnot,local,6,8,8,40,40,5,56,2,3,4,RY,1,67,layer_003_wire_004_RY,0.07035795893538056,0.07035795893538056,False
random_bp,expectation_value,same_entangling_gate_count,bcw_6q_random_bp,hea,RX_RY_RZ_CNOT,none,linear,cnot,local,6,8,8,40,40,5,56,2,3,4,RZ,2,68,layer_003_wire_004_RZ,-0.040115636359845,0.040115636359845,False
random_bp,expectation_value,same_entangling_gate_count,bcw_6q_random_bp,hea,RX_RY_RZ_CNOT,none,linear,cnot,local,6,8,8,40,40,5,56,2,3,5,RX,0,69,layer_003_wire_005_RX,-0.025340649820801,0.025340649820801,False
random_bp,expectation_value,same_entangling_gate_count,bcw_6q_random_bp,hea,RX_RY_RZ_CNOT,none,linear,cnot,local,6,8,8,40,40,5,56,2,3,5,RY,1,70,layer_003_wire_005_RY,-0.025599550499282378,0.025599550499282378,False
random_bp,expectation_value,same_entangling_gate_count,bcw_6q_random_bp,hea,RX_RY_RZ_CNOT,none,linear,cnot,local,6,8,8,40,40,5,56,2,3,5,RZ,2,71,layer_003_wire_005_RZ,-0.00872599978758484,0.00872599978758484,False
random_bp,expectation_value,same_entangling_gate_count,bcw_6q_random_bp,hea,RX_RY_RZ_CNOT,none,linear,cnot,local,6,8,8,40,40,5,56,2,4,0,RX,0,72,layer_004_wire_000_RX,-0.018610354067024652,0.018610354067024652,False
random_bp,expectation_value,same_entangling_gate_count,bcw_6q_random_bp,hea,RX_RY_RZ_CNOT,none,linear,cnot,local,6,8,8,40,40,5,56,2,4,0,RY,1,73,layer_004_wire_000_RY,-0.0016331018799482667,0.0016331018799482667,False
random_bp,expectation_value,same_entangling_gate_count,bcw_6q_random_bp,hea,RX_RY_RZ_CNOT,none,linear,cnot,local,6,8,8,40,40,5,56,2,4,0,RZ,2,74,layer_004_wire_000_RZ,-0.010202978870905101,0.010202978870905101,False
random_bp,expectation_value,same_entangling_gate_count,bcw_6q_random_bp,hea,RX_RY_RZ_CNOT,none,linear,cnot,local,6,8,8,40,40,5,56,2,4,1,RX,0,75,layer_004_wire_001_RX,0.00874576913837676,0.00874576913837676,False
random_bp,expectation_value,same_entangling_gate_count,bcw_6q_random_bp,hea,RX_RY_RZ_CNOT,none,linear,cnot,local,6,8,8,40,40,5,56,2,4,1,RY,1,76,layer_004_wire_001_RY,-0.029386332361443626,0.029386332361443626,False
random_bp,expectation_value,same_entangling_gate_count,bcw_6q_random_bp,hea,RX_RY_RZ_CNOT,none,linear,cnot,local,6,8,8,40,40,5,56,2,4,1,RZ,2,77,layer_004_wire_001_RZ,-0.047889772762049504,0.047889772762049504,False
random_bp,expectation_value,same_entangling_gate_count,bcw_6q_random_bp,hea,RX_RY_RZ_CNOT,none,linear,cnot,local,6,8,8,40,40,5,56,2,4,2,RX,0,78,layer_004_wire_002_RX,0.030994740009881422,0.030994740009881422,False
random_bp,expectation_value,same_entangling_gate_count,bcw_6q_random_bp,hea,RX_RY_RZ_CNOT,none,linear,cnot,local,6,8,8,40,40,5,56,2,4,2,RY,1,79,layer_004_wire_002_RY,0.012511772245815084,0.012511772245815084,False
random_bp,expectation_value,same_entangling_gate_count,bcw_6q_random_bp,hea,RX_RY_RZ_CNOT,none,linear,cnot,local,6,8,8,40,40,5,56,2,4,2,RZ,2,80,layer_004_wire_002_RZ,-0.08434518815460026,0.08434518815460026,False
random_bp,expectation_value,same_entangling_gate_count,bcw_6q_random_bp,hea,RX_RY_RZ_CNOT,none,linear,cnot,local,6,8,8,40,40,5,56,2,4,3,RX,0,81,layer_004_wire_003_RX,-0.006680206793589622,0.006680206793589622,False
random_bp,expectation_value,same_entangling_gate_count,bcw_6q_random_bp,hea,RX_RY_RZ_CNOT,none,linear,cnot,local,6,8,8,40,40,5,56,2,4,3,RY,1,82,layer_004_wire_003_RY,-0.0002828162972762713,0.0002828162972762713,False
random_bp,expectation_value,same_entangling_gate_count,bcw_6q_random_bp,hea,RX_RY_RZ_CNOT,none,linear,cnot,local,6,8,8,40,40,5,56,2,4,3,RZ,2,83,layer_004_wire_003_RZ,0.01037796779543556,0.01037796779543556,False
random_bp,expectation_value,same_entangling_gate_count,bcw_6q_random_bp,hea,RX_RY_RZ_CNOT,none,linear,cnot,local,6,8,8,40,40,5,56,2,4,4,RX,0,84,layer_004_wire_004_RX,0.05057628612765848,0.05057628612765848,False
random_bp,expectation_value,same_entangling_gate_count,bcw_6q_random_bp,hea,RX_RY_RZ_CNOT,none,linear,cnot,local,6,8,8,40,40,5,56,2,4,4,RY,1,85,layer_004_wire_004_RY,-0.0032223253355577394,0.0032223253355577394,False
random_bp,expectation_value,same_entangling_gate_count,bcw_6q_random_bp,hea,RX_RY_RZ_CNOT,none,linear,cnot,local,6,8,8,40,40,5,56,2,4,4,RZ,2,86,layer_004_wire_004_RZ,0.057300901963165334,0.057300901963165334,False
random_bp,expectation_value,same_entangling_gate_count,bcw_6q_random_bp,hea,RX_RY_RZ_CNOT,none,linear,cnot,local,6,8,8,40,40,5,56,2,4,5,RX,0,87,layer_004_wire_005_RX,0.03343272202062971,0.03343272202062971,False
random_bp,expectation_value,same_entangling_gate_count,bcw_6q_random_bp,hea,RX_RY_RZ_CNOT,none,linear,cnot,local,6,8,8,40,40,5,56,2,4,5,RY,1,88,layer_004_wire_005_RY,0.009349000296156169,0.009349000296156169,False
random_bp,expectation_value,same_entangling_gate_count,bcw_6q_random_bp,hea,RX_RY_RZ_CNOT,none,linear,cnot,local,6,8,8,40,40,5,56,2,4,5,RZ,2,89,layer_004_wire_005_RZ,0.014188226714323897,0.014188226714323897,False
random_bp,expectation_value,same_entangling_gate_count,bcw_6q_random_bp,hea,RX_RY_RZ_CNOT,none,linear,cnot,local,6,8,8,40,40,5,56,2,5,0,RX,0,90,layer_005_wire_000_RX,0.012725764418882313,0.012725764418882313,False
random_bp,expectation_value,same_entangling_gate_count,bcw_6q_random_bp,hea,RX_RY_RZ_CNOT,none,linear,cnot,local,6,8,8,40,40,5,56,2,5,0,RY,1,91,layer_005_wire_000_RY,-0.008358727424010096,0.008358727424010096,False
random_bp,expectation_value,same_entangling_gate_count,bcw_6q_random_bp,hea,RX_RY_RZ_CNOT,none,linear,cnot,local,6,8,8,40,40,5,56,2,5,0,RZ,2,92,layer_005_wire_000_RZ,0.014827247830975453,0.014827247830975453,False
random_bp,expectation_value,same_entangling_gate_count,bcw_6q_random_bp,hea,RX_RY_RZ_CNOT,none,linear,cnot,local,6,8,8,40,40,5,56,2,5,1,RX,0,93,layer_005_wire_001_RX,0.02882338154967398,0.02882338154967398,False
random_bp,expectation_value,same_entangling_gate_count,bcw_6q_random_bp,hea,RX_RY_RZ_CNOT,none,linear,cnot,local,6,8,8,40,40,5,56,2,5,1,RY,1,94,layer_005_wire_001_RY,-0.007119890464668564,0.007119890464668564,False
random_bp,expectation_value,same_entangling_gate_count,bcw_6q_random_bp,hea,RX_RY_RZ_CNOT,none,linear,cnot,local,6,8,8,40,40,5,56,2,5,1,RZ,2,95,layer_005_wire_001_RZ,0.04238582976533521,0.04238582976533521,False
random_bp,expectation_value,same_entangling_gate_count,bcw_6q_random_bp,hea,RX_RY_RZ_CNOT,none,linear,cnot,local,6,8,8,40,40,5,56,2,5,2,RX,0,96,layer_005_wire_002_RX,-0.028114141101508748,0.028114141101508748,False
random_bp,expectation_value,same_entangling_gate_count,bcw_6q_random_bp,hea,RX_RY_RZ_CNOT,none,linear,cnot,local,6,8,8,40,40,5,56,2,5,2,RY,1,97,layer_005_wire_002_RY,0.017519352184019496,0.017519352184019496,False
random_bp,expectation_value,same_entangling_gate_count,bcw_6q_random_bp,hea,RX_RY_RZ_CNOT,none,linear,cnot,local,6,8,8,40,40,5,56,2,5,2,RZ,2,98,layer_005_wire_002_RZ,-0.04281378561203873,0.04281378561203873,False
random_bp,expectation_value,same_entangling_gate_count,bcw_6q_random_bp,hea,RX_RY_RZ_CNOT,none,linear,cnot,local,6,8,8,40,40,5,56,2,5,3,RX,0,99,layer_005_wire_003_RX,-0.02520649756087185,0.02520649756087185,False
random_bp,expectation_value,same_entangling_gate_count,bcw_6q_random_bp,hea,RX_RY_RZ_CNOT,none,linear,cnot,local,6,8,8,40,40,5,56,2,5,3,RY,1,100,layer_005_wire_003_RY,-0.03777130524489092,0.03777130524489092,False
random_bp,expectation_value,same_entangling_gate_count,bcw_6q_random_bp,hea,RX_RY_RZ_CNOT,none,linear,cnot,local,6,8,8,40,40,5,56,2,5,3,RZ,2,101,layer_005_wire_003_RZ,0.004981482769530091,0.004981482769530091,False
random_bp,expectation_value,same_entangling_gate_count,bcw_6q_random_bp,hea,RX_RY_RZ_CNOT,none,linear,cnot,local,6,8,8,40,40,5,56,2,5,4,RX,0,102,layer_005_wire_004_RX,0.046069555387717544,0.046069555387717544,False
random_bp,expectation_value,same_entangling_gate_count,bcw_6q_random_bp,hea,RX_RY_RZ_CNOT,none,linear,cnot,local,6,8,8,40,40,5,56,2,5,4,RY,1,103,layer_005_wire_004_RY,-0.00715286242955223,0.00715286242955223,False
random_bp,expectation_value,same_entangling_gate_count,bcw_6q_random_bp,hea,RX_RY_RZ_CNOT,none,linear,cnot,local,6,8,8,40,40,5,56,2,5,4,RZ,2,104,layer_005_wire_004_RZ,0.04116746280792405,0.04116746280792405,False
random_bp,expectation_value,same_entangling_gate_count,bcw_6q_random_bp,hea,RX_RY_RZ_CNOT,none,linear,cnot,local,6,8,8,40,40,5,56,2,5,5,RX,0,105,layer_005_wire_005_RX,0.03294071114516104,0.03294071114516104,False
random_bp,expectation_value,same_entangling_gate_count,bcw_6q_random_bp,hea,RX_RY_RZ_CNOT,none,linear,cnot,local,6,8,8,40,40,5,56,2,5,5,RY,1,106,layer_005_wire_005_RY,-0.01356856014806225,0.01356856014806225,False
random_bp,expectation_value,same_entangling_gate_count,bcw_6q_random_bp,hea,RX_RY_RZ_CNOT,none,linear,cnot,local,6,8,8,40,40,5,56,2,5,5,RZ,2,107,layer_005_wire_005_RZ,-0.00217299195795147,0.00217299195795147,False
random_bp,expectation_value,same_entangling_gate_count,bcw_6q_random_bp,hea,RX_RY_RZ_CNOT,none,linear,cnot,local,6,8,8,40,40,5,56,2,6,0,RX,0,108,layer_006_wire_000_RX,0.03226474448359873,0.03226474448359873,False
random_bp,expectation_value,same_entangling_gate_count,bcw_6q_random_bp,hea,RX_RY_RZ_CNOT,none,linear,cnot,local,6,8,8,40,40,5,56,2,6,0,RY,1,109,layer_006_wire_000_RY,0.019215168480848935,0.019215168480848935,False
random_bp,expectation_value,same_entangling_gate_count,bcw_6q_random_bp,hea,RX_RY_RZ_CNOT,none,linear,cnot,local,6,8,8,40,40,5,56,2,6,0,RZ,2,110,layer_006_wire_000_RZ,-0.03511350582671915,0.03511350582671915,False
random_bp,expectation_value,same_entangling_gate_count,bcw_6q_random_bp,hea,RX_RY_RZ_CNOT,none,linear,cnot,local,6,8,8,40,40,5,56,2,6,1,RX,0,111,layer_006_wire_001_RX,0.034249252017862296,0.034249252017862296,False
random_bp,expectation_value,same_entangling_gate_count,bcw_6q_random_bp,hea,RX_RY_RZ_CNOT,none,linear,cnot,local,6,8,8,40,40,5,56,2,6,1,RY,1,112,layer_006_wire_001_RY,-0.016569952393813654,0.016569952393813654,False
random_bp,expectation_value,same_entangling_gate_count,bcw_6q_random_bp,hea,RX_RY_RZ_CNOT,none,linear,cnot,local,6,8,8,40,40,5,56,2,6,1,RZ,2,113,layer_006_wire_001_RZ,0.020656973587221926,0.020656973587221926,False
random_bp,expectation_value,same_entangling_gate_count,bcw_6q_random_bp,hea,RX_RY_RZ_CNOT,none,linear,cnot,local,6,8,8,40,40,5,56,2,6,2,RX,0,114,layer_006_wire_002_RX,0.017383072585909324,0.017383072585909324,False
random_bp,expectation_value,same_entangling_gate_count,bcw_6q_random_bp,hea,RX_RY_RZ_CNOT,none,linear,cnot,local,6,8,8,40,40,5,56,2,6,2,RY,1,115,layer_006_wire_002_RY,0.0006966654365963797,0.0006966654365963797,False
random_bp,expectation_value,same_entangling_gate_count,bcw_6q_random_bp,hea,RX_RY_RZ_CNOT,none,linear,cnot,local,6,8,8,40,40,5,56,2,6,2,RZ,2,116,layer_006_wire_002_RZ,-0.026513571270024967,0.026513571270024967,False
random_bp,expectation_value,same_entangling_gate_count,bcw_6q_random_bp,hea,RX_RY_RZ_CNOT,none,linear,cnot,local,6,8,8,40,40,5,56,2,6,3,RX,0,117,layer_006_wire_003_RX,0.033209314351119054,0.033209314351119054,False
random_bp,expectation_value,same_entangling_gate_count,bcw_6q_random_bp,hea,RX_RY_RZ_CNOT,none,linear,cnot,local,6,8,8,40,40,5,56,2,6,3,RY,1,118,layer_006_wire_003_RY,0.0024636958985515154,0.0024636958985515154,False
random_bp,expectation_value,same_entangling_gate_count,bcw_6q_random_bp,hea,RX_RY_RZ_CNOT,none,linear,cnot,local,6,8,8,40,40,5,56,2,6,3,RZ,2,119,layer_006_wire_003_RZ,-0.04697517102831695,0.04697517102831695,False
random_bp,expectation_value,same_entangling_gate_count,bcw_6q_random_bp,hea,RX_RY_RZ_CNOT,none,linear,cnot,local,6,8,8,40,40,5,56,2,6,4,RX,0,120,layer_006_wire_004_RX,0.0011010593419113635,0.0011010593419113635,False
random_bp,expectation_value,same_entangling_gate_count,bcw_6q_random_bp,hea,RX_RY_RZ_CNOT,none,linear,cnot,local,6,8,8,40,40,5,56,2,6,4,RY,1,121,layer_006_wire_004_RY,0.004828395686394486,0.004828395686394486,False
random_bp,expectation_value,same_entangling_gate_count,bcw_6q_random_bp,hea,RX_RY_RZ_CNOT,none,linear,cnot,local,6,8,8,40,40,5,56,2,6,4,RZ,2,122,layer_006_wire_004_RZ,0.0020043527119844237,0.0020043527119844237,False
random_bp,expectation_value,same_entangling_gate_count,bcw_6q_random_bp,hea,RX_RY_RZ_CNOT,none,linear,cnot,local,6,8,8,40,40,5,56,2,6,5,RX,0,123,layer_006_wire_005_RX,-0.0039047761871100085,0.0039047761871100085,False
random_bp,expectation_value,same_entangling_gate_count,bcw_6q_random_bp,hea,RX_RY_RZ_CNOT,none,linear,cnot,local,6,8,8,40,40,5,56,2,6,5,RY,1,124,layer_006_wire_005_RY,-0.005280693825655365,0.005280693825655365,False
random_bp,expectation_value,same_entangling_gate_count,bcw_6q_random_bp,hea,RX_RY_RZ_CNOT,none,linear,cnot,local,6,8,8,40,40,5,56,2,6,5,RZ,2,125,layer_006_wire_005_RZ,-0.01787677779888014,0.01787677779888014,False
random_bp,expectation_value,same_entangling_gate_count,bcw_6q_random_bp,hea,RX_RY_RZ_CNOT,none,linear,cnot,local,6,8,8,40,40,5,56,2,7,0,RX,0,126,layer_007_wire_000_RX,0.06496028423145984,0.06496028423145984,False
random_bp,expectation_value,same_entangling_gate_count,bcw_6q_random_bp,hea,RX_RY_RZ_CNOT,none,linear,cnot,local,6,8,8,40,40,5,56,2,7,0,RY,1,127,layer_007_wire_000_RY,0.029417556720173682,0.029417556720173682,False
random_bp,expectation_value,same_entangling_gate_count,bcw_6q_random_bp,hea,RX_RY_RZ_CNOT,none,linear,cnot,local,6,8,8,40,40,5,56,2,7,0,RZ,2,128,layer_007_wire_000_RZ,4.969692788495524e-18,4.969692788495524e-18,True
random_bp,expectation_value,same_entangling_gate_count,bcw_6q_random_bp,hea,RX_RY_RZ_CNOT,none,linear,cnot,local,6,8,8,40,40,5,56,2,7,1,RX,0,129,layer_007_wire_001_RX,0.01982864887955151,0.01982864887955151,False
random_bp,expectation_value,same_entangling_gate_count,bcw_6q_random_bp,hea,RX_RY_RZ_CNOT,none,linear,cnot,local,6,8,8,40,40,5,56,2,7,1,RY,1,130,layer_007_wire_001_RY,-0.015602702188922823,0.015602702188922823,False
random_bp,expectation_value,same_entangling_gate_count,bcw_6q_random_bp,hea,RX_RY_RZ_CNOT,none,linear,cnot,local,6,8,8,40,40,5,56,2,7,1,RZ,2,131,layer_007_wire_001_RZ,-1.0917291079941757e-17,1.0917291079941757e-17,True
random_bp,expectation_value,same_entangling_gate_count,bcw_6q_random_bp,hea,RX_RY_RZ_CNOT,none,linear,cnot,local,6,8,8,40,40,5,56,2,7,2,RX,0,132,layer_007_wire_002_RX,0.06524573723201614,0.06524573723201614,False
random_bp,expectation_value,same_entangling_gate_count,bcw_6q_random_bp,hea,RX_RY_RZ_CNOT,none,linear,cnot,local,6,8,8,40,40,5,56,2,7,2,RY,1,133,layer_007_wire_002_RY,-0.02062324577091282,0.02062324577091282,False
random_bp,expectation_value,same_entangling_gate_count,bcw_6q_random_bp,hea,RX_RY_RZ_CNOT,none,linear,cnot,local,6,8,8,40,40,5,56,2,7,2,RZ,2,134,layer_007_wire_002_RZ,9.660671612738596e-18,9.660671612738596e-18,True
random_bp,expectation_value,same_entangling_gate_count,bcw_6q_random_bp,hea,RX_RY_RZ_CNOT,none,linear,cnot,local,6,8,8,40,40,5,56,2,7,3,RX,0,135,layer_007_wire_003_RX,0.014639729071311367,0.014639729071311367,False
random_bp,expectation_value,same_entangling_gate_count,bcw_6q_random_bp,hea,RX_RY_RZ_CNOT,none,linear,cnot,local,6,8,8,40,40,5,56,2,7,3,RY,1,136,layer_007_wire_003_RY,-0.037155384795016934,0.037155384795016934,False
random_bp,expectation_value,same_entangling_gate_count,bcw_6q_random_bp,hea,RX_RY_RZ_CNOT,none,linear,cnot,local,6,8,8,40,40,5,56,2,7,3,RZ,2,137,layer_007_wire_003_RZ,1.1448773192430915e-17,1.1448773192430915e-17,True
random_bp,expectation_value,same_entangling_gate_count,bcw_6q_random_bp,hea,RX_RY_RZ_CNOT,none,linear,cnot,local,6,8,8,40,40,5,56,2,7,4,RX,0,138,layer_007_wire_004_RX,0.001031179855055366,0.001031179855055366,False
random_bp,expectation_value,same_entangling_gate_count,bcw_6q_random_bp,hea,RX_RY_RZ_CNOT,none,linear,cnot,local,6,8,8,40,40,5,56,2,7,4,RY,1,139,layer_007_wire_004_RY,0.040745714631663654,0.040745714631663654,False
random_bp,expectation_value,same_entangling_gate_count,bcw_6q_random_bp,hea,RX_RY_RZ_CNOT,none,linear,cnot,local,6,8,8,40,40,5,56,2,7,4,RZ,2,140,layer_007_wire_004_RZ,-7.313974347591097e-18,7.313974347591097e-18,True
random_bp,expectation_value,same_entangling_gate_count,bcw_6q_random_bp,hea,RX_RY_RZ_CNOT,none,linear,cnot,local,6,8,8,40,40,5,56,2,7,5,RX,0,141,layer_007_wire_005_RX,0.004267635471963776,0.004267635471963776,False
random_bp,expectation_value,same_entangling_gate_count,bcw_6q_random_bp,hea,RX_RY_RZ_CNOT,none,linear,cnot,local,6,8,8,40,40,5,56,2,7,5,RY,1,142,layer_007_wire_005_RY,0.0032675181300044296,0.0032675181300044296,False
random_bp,expectation_value,same_entangling_gate_count,bcw_6q_random_bp,hea,RX_RY_RZ_CNOT,none,linear,cnot,local,6,8,8,40,40,5,56,2,7,5,RZ,2,143,layer_007_wire_005_RZ,2.5405416713572177e-18,2.5405416713572177e-18,True
random_bp,expectation_value,same_entangling_gate_count,bcw_6q_random_bp,hea,RX_RY_RZ_CNOT,none,circular,cnot,local,6,8,7,40,42,6,57,0,0,0,RX,0,0,layer_000_wire_000_RX,0.005706944166361272,0.005706944166361272,False
random_bp,expectation_value,same_entangling_gate_count,bcw_6q_random_bp,hea,RX_RY_RZ_CNOT,none,circular,cnot,local,6,8,7,40,42,6,57,0,0,0,RY,1,1,layer_000_wire_000_RY,-0.002357811430962144,0.002357811430962144,False
random_bp,expectation_value,same_entangling_gate_count,bcw_6q_random_bp,hea,RX_RY_RZ_CNOT,none,circular,cnot,local,6,8,7,40,42,6,57,0,0,0,RZ,2,2,layer_000_wire_000_RZ,0.005322902499884247,0.005322902499884247,False
random_bp,expectation_value,same_entangling_gate_count,bcw_6q_random_bp,hea,RX_RY_RZ_CNOT,none,circular,cnot,local,6,8,7,40,42,6,57,0,0,1,RX,0,3,layer_000_wire_001_RX,0.012774247456627986,0.012774247456627986,False
random_bp,expectation_value,same_entangling_gate_count,bcw_6q_random_bp,hea,RX_RY_RZ_CNOT,none,circular,cnot,local,6,8,7,40,42,6,57,0,0,1,RY,1,4,layer_000_wire_001_RY,-0.009261894993319112,0.009261894993319112,False
random_bp,expectation_value,same_entangling_gate_count,bcw_6q_random_bp,hea,RX_RY_RZ_CNOT,none,circular,cnot,local,6,8,7,40,42,6,57,0,0,1,RZ,2,5,layer_000_wire_001_RZ,-0.011404359353779637,0.011404359353779637,False
random_bp,expectation_value,same_entangling_gate_count,bcw_6q_random_bp,hea,RX_RY_RZ_CNOT,none,circular,cnot,local,6,8,7,40,42,6,57,0,0,2,RX,0,6,layer_000_wire_002_RX,-0.010097565315151404,0.010097565315151404,False
random_bp,expectation_value,same_entangling_gate_count,bcw_6q_random_bp,hea,RX_RY_RZ_CNOT,none,circular,cnot,local,6,8,7,40,42,6,57,0,0,2,RY,1,7,layer_000_wire_002_RY,-0.020247717731813622,0.020247717731813622,False
random_bp,expectation_value,same_entangling_gate_count,bcw_6q_random_bp,hea,RX_RY_RZ_CNOT,none,circular,cnot,local,6,8,7,40,42,6,57,0,0,2,RZ,2,8,layer_000_wire_002_RZ,0.00795299282656166,0.00795299282656166,False
random_bp,expectation_value,same_entangling_gate_count,bcw_6q_random_bp,hea,RX_RY_RZ_CNOT,none,circular,cnot,local,6,8,7,40,42,6,57,0,0,3,RX,0,9,layer_000_wire_003_RX,-0.05257150248923358,0.05257150248923358,False
random_bp,expectation_value,same_entangling_gate_count,bcw_6q_random_bp,hea,RX_RY_RZ_CNOT,none,circular,cnot,local,6,8,7,40,42,6,57,0,0,3,RY,1,10,layer_000_wire_003_RY,-0.004871961949323834,0.004871961949323834,False
random_bp,expectation_value,same_entangling_gate_count,bcw_6q_random_bp,hea,RX_RY_RZ_CNOT,none,circular,cnot,local,6,8,7,40,42,6,57,0,0,3,RZ,2,11,layer_000_wire_003_RZ,0.04728846507796652,0.04728846507796652,False
random_bp,expectation_value,same_entangling_gate_count,bcw_6q_random_bp,hea,RX_RY_RZ_CNOT,none,circular,cnot,local,6,8,7,40,42,6,57,0,0,4,RX,0,12,layer_000_wire_004_RX,-0.02650228650280714,0.02650228650280714,False
random_bp,expectation_value,same_entangling_gate_count,bcw_6q_random_bp,hea,RX_RY_RZ_CNOT,none,circular,cnot,local,6,8,7,40,42,6,57,0,0,4,RY,1,13,layer_000_wire_004_RY,0.0065458135926849455,0.0065458135926849455,False
random_bp,expectation_value,same_entangling_gate_count,bcw_6q_random_bp,hea,RX_RY_RZ_CNOT,none,circular,cnot,local,6,8,7,40,42,6,57,0,0,4,RZ,2,14,layer_000_wire_004_RZ,0.0024479047234372392,0.0024479047234372392,False
random_bp,expectation_value,same_entangling_gate_count,bcw_6q_random_bp,hea,RX_RY_RZ_CNOT,none,circular,cnot,local,6,8,7,40,42,6,57,0,0,5,RX,0,15,layer_000_wire_005_RX,-0.04820429474215683,0.04820429474215683,False
random_bp,expectation_value,same_entangling_gate_count,bcw_6q_random_bp,hea,RX_RY_RZ_CNOT,none,circular,cnot,local,6,8,7,40,42,6,57,0,0,5,RY,1,16,layer_000_wire_005_RY,0.013244896508114756,0.013244896508114756,False
random_bp,expectation_value,same_entangling_gate_count,bcw_6q_random_bp,hea,RX_RY_RZ_CNOT,none,circular,cnot,local,6,8,7,40,42,6,57,0,0,5,RZ,2,17,layer_000_wire_005_RZ,0.01938047547471257,0.01938047547471257,False
random_bp,expectation_value,same_entangling_gate_count,bcw_6q_random_bp,hea,RX_RY_RZ_CNOT,none,circular,cnot,local,6,8,7,40,42,6,57,0,1,0,RX,0,18,layer_001_wire_000_RX,-0.02816478677084866,0.02816478677084866,False
random_bp,expectation_value,same_entangling_gate_count,bcw_6q_random_bp,hea,RX_RY_RZ_CNOT,none,circular,cnot,local,6,8,7,40,42,6,57,0,1,0,RY,1,19,layer_001_wire_000_RY,0.02941214168277974,0.02941214168277974,False
random_bp,expectation_value,same_entangling_gate_count,bcw_6q_random_bp,hea,RX_RY_RZ_CNOT,none,circular,cnot,local,6,8,7,40,42,6,57,0,1,0,RZ,2,20,layer_001_wire_000_RZ,-0.02028460719799697,0.02028460719799697,False
random_bp,expectation_value,same_entangling_gate_count,bcw_6q_random_bp,hea,RX_RY_RZ_CNOT,none,circular,cnot,local,6,8,7,40,42,6,57,0,1,1,RX,0,21,layer_001_wire_001_RX,-0.0083194504639816,0.0083194504639816,False
random_bp,expectation_value,same_entangling_gate_count,bcw_6q_random_bp,hea,RX_RY_RZ_CNOT,none,circular,cnot,local,6,8,7,40,42,6,57,0,1,1,RY,1,22,layer_001_wire_001_RY,-0.025728583963501504,0.025728583963501504,False
random_bp,expectation_value,same_entangling_gate_count,bcw_6q_random_bp,hea,RX_RY_RZ_CNOT,none,circular,cnot,local,6,8,7,40,42,6,57,0,1,1,RZ,2,23,layer_001_wire_001_RZ,0.031105021239142605,0.031105021239142605,False
random_bp,expectation_value,same_entangling_gate_count,bcw_6q_random_bp,hea,RX_RY_RZ_CNOT,none,circular,cnot,local,6,8,7,40,42,6,57,0,1,2,RX,0,24,layer_001_wire_002_RX,-0.032000168676215954,0.032000168676215954,False
random_bp,expectation_value,same_entangling_gate_count,bcw_6q_random_bp,hea,RX_RY_RZ_CNOT,none,circular,cnot,local,6,8,7,40,42,6,57,0,1,2,RY,1,25,layer_001_wire_002_RY,-0.0015621326112346388,0.0015621326112346388,False
random_bp,expectation_value,same_entangling_gate_count,bcw_6q_random_bp,hea,RX_RY_RZ_CNOT,none,circular,cnot,local,6,8,7,40,42,6,57,0,1,2,RZ,2,26,layer_001_wire_002_RZ,-0.0010192240148056923,0.0010192240148056923,False
random_bp,expectation_value,same_entangling_gate_count,bcw_6q_random_bp,hea,RX_RY_RZ_CNOT,none,circular,cnot,local,6,8,7,40,42,6,57,0,1,3,RX,0,27,layer_001_wire_003_RX,-0.021191803193136412,0.021191803193136412,False
random_bp,expectation_value,same_entangling_gate_count,bcw_6q_random_bp,hea,RX_RY_RZ_CNOT,none,circular,cnot,local,6,8,7,40,42,6,57,0,1,3,RY,1,28,layer_001_wire_003_RY,-0.03658364580221722,0.03658364580221722,False
random_bp,expectation_value,same_entangling_gate_count,bcw_6q_random_bp,hea,RX_RY_RZ_CNOT,none,circular,cnot,local,6,8,7,40,42,6,57,0,1,3,RZ,2,29,layer_001_wire_003_RZ,0.020945957330080693,0.020945957330080693,False
random_bp,expectation_value,same_entangling_gate_count,bcw_6q_random_bp,hea,RX_RY_RZ_CNOT,none,circular,cnot,local,6,8,7,40,42,6,57,0,1,4,RX,0,30,layer_001_wire_004_RX,0.06835779321231611,0.06835779321231611,False
random_bp,expectation_value,same_entangling_gate_count,bcw_6q_random_bp,hea,RX_RY_RZ_CNOT,none,circular,cnot,local,6,8,7,40,42,6,57,0,1,4,RY,1,31,layer_001_wire_004_RY,0.004908854911822915,0.004908854911822915,False
random_bp,expectation_value,same_entangling_gate_count,bcw_6q_random_bp,hea,RX_RY_RZ_CNOT,none,circular,cnot,local,6,8,7,40,42,6,57,0,1,4,RZ,2,32,layer_001_wire_004_RZ,0.0627487329650295,0.0627487329650295,False
random_bp,expectation_value,same_entangling_gate_count,bcw_6q_random_bp,hea,RX_RY_RZ_CNOT,none,circular,cnot,local,6,8,7,40,42,6,57,0,1,5,RX,0,33,layer_001_wire_005_RX,0.03966406880239829,0.03966406880239829,False
random_bp,expectation_value,same_entangling_gate_count,bcw_6q_random_bp,hea,RX_RY_RZ_CNOT,none,circular,cnot,local,6,8,7,40,42,6,57,0,1,5,RY,1,34,layer_001_wire_005_RY,0.002726784078026128,0.002726784078026128,False
random_bp,expectation_value,same_entangling_gate_count,bcw_6q_random_bp,hea,RX_RY_RZ_CNOT,none,circular,cnot,local,6,8,7,40,42,6,57,0,1,5,RZ,2,35,layer_001_wire_005_RZ,-0.022744545806270368,0.022744545806270368,False
random_bp,expectation_value,same_entangling_gate_count,bcw_6q_random_bp,hea,RX_RY_RZ_CNOT,none,circular,cnot,local,6,8,7,40,42,6,57,0,2,0,RX,0,36,layer_002_wire_000_RX,0.004597162691939574,0.004597162691939574,False
random_bp,expectation_value,same_entangling_gate_count,bcw_6q_random_bp,hea,RX_RY_RZ_CNOT,none,circular,cnot,local,6,8,7,40,42,6,57,0,2,0,RY,1,37,layer_002_wire_000_RY,-0.014267204765767167,0.014267204765767167,False
random_bp,expectation_value,same_entangling_gate_count,bcw_6q_random_bp,hea,RX_RY_RZ_CNOT,none,circular,cnot,local,6,8,7,40,42,6,57,0,2,0,RZ,2,38,layer_002_wire_000_RZ,-0.034796968872891895,0.034796968872891895,False
random_bp,expectation_value,same_entangling_gate_count,bcw_6q_random_bp,hea,RX_RY_RZ_CNOT,none,circular,cnot,local,6,8,7,40,42,6,57,0,2,1,RX,0,39,layer_002_wire_001_RX,-0.03831818880402889,0.03831818880402889,False
random_bp,expectation_value,same_entangling_gate_count,bcw_6q_random_bp,hea,RX_RY_RZ_CNOT,none,circular,cnot,local,6,8,7,40,42,6,57,0,2,1,RY,1,40,layer_002_wire_001_RY,-0.041801284315598056,0.041801284315598056,False
random_bp,expectation_value,same_entangling_gate_count,bcw_6q_random_bp,hea,RX_RY_RZ_CNOT,none,circular,cnot,local,6,8,7,40,42,6,57,0,2,1,RZ,2,41,layer_002_wire_001_RZ,0.050271474631130166,0.050271474631130166,False
random_bp,expectation_value,same_entangling_gate_count,bcw_6q_random_bp,hea,RX_RY_RZ_CNOT,none,circular,cnot,local,6,8,7,40,42,6,57,0,2,2,RX,0,42,layer_002_wire_002_RX,-0.03142479061350378,0.03142479061350378,False
random_bp,expectation_value,same_entangling_gate_count,bcw_6q_random_bp,hea,RX_RY_RZ_CNOT,none,circular,cnot,local,6,8,7,40,42,6,57,0,2,2,RY,1,43,layer_002_wire_002_RY,-0.04934184934293433,0.04934184934293433,False
random_bp,expectation_value,same_entangling_gate_count,bcw_6q_random_bp,hea,RX_RY_RZ_CNOT,none,circular,cnot,local,6,8,7,40,42,6,57,0,2,2,RZ,2,44,layer_002_wire_002_RZ,-0.008353286728157182,0.008353286728157182,False
random_bp,expectation_value,same_entangling_gate_count,bcw_6q_random_bp,hea,RX_RY_RZ_CNOT,none,circular,cnot,local,6,8,7,40,42,6,57,0,2,3,RX,0,45,layer_002_wire_003_RX,-0.003572416578481156,0.003572416578481156,False
random_bp,expectation_value,same_entangling_gate_count,bcw_6q_random_bp,hea,RX_RY_RZ_CNOT,none,circular,cnot,local,6,8,7,40,42,6,57,0,2,3,RY,1,46,layer_002_wire_003_RY,0.029206375656176432,0.029206375656176432,False
random_bp,expectation_value,same_entangling_gate_count,bcw_6q_random_bp,hea,RX_RY_RZ_CNOT,none,circular,cnot,local,6,8,7,40,42,6,57,0,2,3,RZ,2,47,layer_002_wire_003_RZ,-0.003154523086748744,0.003154523086748744,False
random_bp,expectation_value,same_entangling_gate_count,bcw_6q_random_bp,hea,RX_RY_RZ_CNOT,none,circular,cnot,local,6,8,7,40,42,6,57,0,2,4,RX,0,48,layer_002_wire_004_RX,0.010733914827967747,0.010733914827967747,False
random_bp,expectation_value,same_entangling_gate_count,bcw_6q_random_bp,hea,RX_RY_RZ_CNOT,none,circular,cnot,local,6,8,7,40,42,6,57,0,2,4,RY,1,49,layer_002_wire_004_RY,0.004581017716306283,0.004581017716306283,False
random_bp,expectation_value,same_entangling_gate_count,bcw_6q_random_bp,hea,RX_RY_RZ_CNOT,none,circular,cnot,local,6,8,7,40,42,6,57,0,2,4,RZ,2,50,layer_002_wire_004_RZ,-0.025186932228433167,0.025186932228433167,False
random_bp,expectation_value,same_entangling_gate_count,bcw_6q_random_bp,hea,RX_RY_RZ_CNOT,none,circular,cnot,local,6,8,7,40,42,6,57,0,2,5,RX,0,51,layer_002_wire_005_RX,0.009589875060160324,0.009589875060160324,False
random_bp,expectation_value,same_entangling_gate_count,bcw_6q_random_bp,hea,RX_RY_RZ_CNOT,none,circular,cnot,local,6,8,7,40,42,6,57,0,2,5,RY,1,52,layer_002_wire_005_RY,-0.046164997117851984,0.046164997117851984,False
random_bp,expectation_value,same_entangling_gate_count,bcw_6q_random_bp,hea,RX_RY_RZ_CNOT,none,circular,cnot,local,6,8,7,40,42,6,57,0,2,5,RZ,2,53,layer_002_wire_005_RZ,-0.015106891878754492,0.015106891878754492,False
random_bp,expectation_value,same_entangling_gate_count,bcw_6q_random_bp,hea,RX_RY_RZ_CNOT,none,circular,cnot,local,6,8,7,40,42,6,57,0,3,0,RX,0,54,layer_003_wire_000_RX,-0.04789169111226988,0.04789169111226988,False
random_bp,expectation_value,same_entangling_gate_count,bcw_6q_random_bp,hea,RX_RY_RZ_CNOT,none,circular,cnot,local,6,8,7,40,42,6,57,0,3,0,RY,1,55,layer_003_wire_000_RY,-0.011290107322548903,0.011290107322548903,False
random_bp,expectation_value,same_entangling_gate_count,bcw_6q_random_bp,hea,RX_RY_RZ_CNOT,none,circular,cnot,local,6,8,7,40,42,6,57,0,3,0,RZ,2,56,layer_003_wire_000_RZ,-0.04220042536394676,0.04220042536394676,False
random_bp,expectation_value,same_entangling_gate_count,bcw_6q_random_bp,hea,RX_RY_RZ_CNOT,none,circular,cnot,local,6,8,7,40,42,6,57,0,3,1,RX,0,57,layer_003_wire_001_RX,-0.020570996495231454,0.020570996495231454,False
random_bp,expectation_value,same_entangling_gate_count,bcw_6q_random_bp,hea,RX_RY_RZ_CNOT,none,circular,cnot,local,6,8,7,40,42,6,57,0,3,1,RY,1,58,layer_003_wire_001_RY,0.0023771872741034875,0.0023771872741034875,False
random_bp,expectation_value,same_entangling_gate_count,bcw_6q_random_bp,hea,RX_RY_RZ_CNOT,none,circular,cnot,local,6,8,7,40,42,6,57,0,3,1,RZ,2,59,layer_003_wire_001_RZ,-0.01609259667873896,0.01609259667873896,False
random_bp,expectation_value,same_entangling_gate_count,bcw_6q_random_bp,hea,RX_RY_RZ_CNOT,none,circular,cnot,local,6,8,7,40,42,6,57,0,3,2,RX,0,60,layer_003_wire_002_RX,-0.009500329769286633,0.009500329769286633,False
random_bp,expectation_value,same_entangling_gate_count,bcw_6q_random_bp,hea,RX_RY_RZ_CNOT,none,circular,cnot,local,6,8,7,40,42,6,57,0,3,2,RY,1,61,layer_003_wire_002_RY,0.004339115524458658,0.004339115524458658,False
random_bp,expectation_value,same_entangling_gate_count,bcw_6q_random_bp,hea,RX_RY_RZ_CNOT,none,circular,cnot,local,6,8,7,40,42,6,57,0,3,2,RZ,2,62,layer_003_wire_002_RZ,-0.011427520367119932,0.011427520367119932,False
random_bp,expectation_value,same_entangling_gate_count,bcw_6q_random_bp,hea,RX_RY_RZ_CNOT,none,circular,cnot,local,6,8,7,40,42,6,57,0,3,3,RX,0,63,layer_003_wire_003_RX,-0.03531575388549926,0.03531575388549926,False
random_bp,expectation_value,same_entangling_gate_count,bcw_6q_random_bp,hea,RX_RY_RZ_CNOT,none,circular,cnot,local,6,8,7,40,42,6,57,0,3,3,RY,1,64,layer_003_wire_003_RY,-0.0299782758597758,0.0299782758597758,False
random_bp,expectation_value,same_entangling_gate_count,bcw_6q_random_bp,hea,RX_RY_RZ_CNOT,none,circular,cnot,local,6,8,7,40,42,6,57,0,3,3,RZ,2,65,layer_003_wire_003_RZ,-0.04555180372603585,0.04555180372603585,False
random_bp,expectation_value,same_entangling_gate_count,bcw_6q_random_bp,hea,RX_RY_RZ_CNOT,none,circular,cnot,local,6,8,7,40,42,6,57,0,3,4,RX,0,66,layer_003_wire_004_RX,-0.037362730955069784,0.037362730955069784,False
random_bp,expectation_value,same_entangling_gate_count,bcw_6q_random_bp,hea,RX_RY_RZ_CNOT,none,circular,cnot,local,6,8,7,40,42,6,57,0,3,4,RY,1,67,layer_003_wire_004_RY,-0.025062213605456286,0.025062213605456286,False
random_bp,expectation_value,same_entangling_gate_count,bcw_6q_random_bp,hea,RX_RY_RZ_CNOT,none,circular,cnot,local,6,8,7,40,42,6,57,0,3,4,RZ,2,68,layer_003_wire_004_RZ,0.0414270735533261,0.0414270735533261,False
random_bp,expectation_value,same_entangling_gate_count,bcw_6q_random_bp,hea,RX_RY_RZ_CNOT,none,circular,cnot,local,6,8,7,40,42,6,57,0,3,5,RX,0,69,layer_003_wire_005_RX,0.01892800642602273,0.01892800642602273,False
random_bp,expectation_value,same_entangling_gate_count,bcw_6q_random_bp,hea,RX_RY_RZ_CNOT,none,circular,cnot,local,6,8,7,40,42,6,57,0,3,5,RY,1,70,layer_003_wire_005_RY,-0.004672642737604412,0.004672642737604412,False
random_bp,expectation_value,same_entangling_gate_count,bcw_6q_random_bp,hea,RX_RY_RZ_CNOT,none,circular,cnot,local,6,8,7,40,42,6,57,0,3,5,RZ,2,71,layer_003_wire_005_RZ,0.001549198853433546,0.001549198853433546,False
random_bp,expectation_value,same_entangling_gate_count,bcw_6q_random_bp,hea,RX_RY_RZ_CNOT,none,circular,cnot,local,6,8,7,40,42,6,57,0,4,0,RX,0,72,layer_004_wire_000_RX,0.002317522164723977,0.002317522164723977,False
random_bp,expectation_value,same_entangling_gate_count,bcw_6q_random_bp,hea,RX_RY_RZ_CNOT,none,circular,cnot,local,6,8,7,40,42,6,57,0,4,0,RY,1,73,layer_004_wire_000_RY,-0.01319767954030584,0.01319767954030584,False
random_bp,expectation_value,same_entangling_gate_count,bcw_6q_random_bp,hea,RX_RY_RZ_CNOT,none,circular,cnot,local,6,8,7,40,42,6,57,0,4,0,RZ,2,74,layer_004_wire_000_RZ,0.03394743530823606,0.03394743530823606,False
random_bp,expectation_value,same_entangling_gate_count,bcw_6q_random_bp,hea,RX_RY_RZ_CNOT,none,circular,cnot,local,6,8,7,40,42,6,57,0,4,1,RX,0,75,layer_004_wire_001_RX,-0.011486110050272625,0.011486110050272625,False
random_bp,expectation_value,same_entangling_gate_count,bcw_6q_random_bp,hea,RX_RY_RZ_CNOT,none,circular,cnot,local,6,8,7,40,42,6,57,0,4,1,RY,1,76,layer_004_wire_001_RY,-0.03781969495363484,0.03781969495363484,False
random_bp,expectation_value,same_entangling_gate_count,bcw_6q_random_bp,hea,RX_RY_RZ_CNOT,none,circular,cnot,local,6,8,7,40,42,6,57,0,4,1,RZ,2,77,layer_004_wire_001_RZ,0.04087332217379705,0.04087332217379705,False
random_bp,expectation_value,same_entangling_gate_count,bcw_6q_random_bp,hea,RX_RY_RZ_CNOT,none,circular,cnot,local,6,8,7,40,42,6,57,0,4,2,RX,0,78,layer_004_wire_002_RX,0.015193226130273772,0.015193226130273772,False
random_bp,expectation_value,same_entangling_gate_count,bcw_6q_random_bp,hea,RX_RY_RZ_CNOT,none,circular,cnot,local,6,8,7,40,42,6,57,0,4,2,RY,1,79,layer_004_wire_002_RY,-0.01331461126931684,0.01331461126931684,False
random_bp,expectation_value,same_entangling_gate_count,bcw_6q_random_bp,hea,RX_RY_RZ_CNOT,none,circular,cnot,local,6,8,7,40,42,6,57,0,4,2,RZ,2,80,layer_004_wire_002_RZ,-0.040749732875198064,0.040749732875198064,False
random_bp,expectation_value,same_entangling_gate_count,bcw_6q_random_bp,hea,RX_RY_RZ_CNOT,none,circular,cnot,local,6,8,7,40,42,6,57,0,4,3,RX,0,81,layer_004_wire_003_RX,-0.0160961200529866,0.0160961200529866,False
random_bp,expectation_value,same_entangling_gate_count,bcw_6q_random_bp,hea,RX_RY_RZ_CNOT,none,circular,cnot,local,6,8,7,40,42,6,57,0,4,3,RY,1,82,layer_004_wire_003_RY,0.007049692749080418,0.007049692749080418,False
random_bp,expectation_value,same_entangling_gate_count,bcw_6q_random_bp,hea,RX_RY_RZ_CNOT,none,circular,cnot,local,6,8,7,40,42,6,57,0,4,3,RZ,2,83,layer_004_wire_003_RZ,-0.0036553604704817597,0.0036553604704817597,False
random_bp,expectation_value,same_entangling_gate_count,bcw_6q_random_bp,hea,RX_RY_RZ_CNOT,none,circular,cnot,local,6,8,7,40,42,6,57,0,4,4,RX,0,84,layer_004_wire_004_RX,-0.027142951255175653,0.027142951255175653,False
random_bp,expectation_value,same_entangling_gate_count,bcw_6q_random_bp,hea,RX_RY_RZ_CNOT,none,circular,cnot,local,6,8,7,40,42,6,57,0,4,4,RY,1,85,layer_004_wire_004_RY,0.02954114274555792,0.02954114274555792,False
random_bp,expectation_value,same_entangling_gate_count,bcw_6q_random_bp,hea,RX_RY_RZ_CNOT,none,circular,cnot,local,6,8,7,40,42,6,57,0,4,4,RZ,2,86,layer_004_wire_004_RZ,0.022413662307513356,0.022413662307513356,False
random_bp,expectation_value,same_entangling_gate_count,bcw_6q_random_bp,hea,RX_RY_RZ_CNOT,none,circular,cnot,local,6,8,7,40,42,6,57,0,4,5,RX,0,87,layer_004_wire_005_RX,0.011606449285619748,0.011606449285619748,False
random_bp,expectation_value,same_entangling_gate_count,bcw_6q_random_bp,hea,RX_RY_RZ_CNOT,none,circular,cnot,local,6,8,7,40,42,6,57,0,4,5,RY,1,88,layer_004_wire_005_RY,0.008946737044158623,0.008946737044158623,False
random_bp,expectation_value,same_entangling_gate_count,bcw_6q_random_bp,hea,RX_RY_RZ_CNOT,none,circular,cnot,local,6,8,7,40,42,6,57,0,4,5,RZ,2,89,layer_004_wire_005_RZ,0.012815734055201703,0.012815734055201703,False
random_bp,expectation_value,same_entangling_gate_count,bcw_6q_random_bp,hea,RX_RY_RZ_CNOT,none,circular,cnot,local,6,8,7,40,42,6,57,0,5,0,RX,0,90,layer_005_wire_000_RX,-0.019933951430277017,0.019933951430277017,False
random_bp,expectation_value,same_entangling_gate_count,bcw_6q_random_bp,hea,RX_RY_RZ_CNOT,none,circular,cnot,local,6,8,7,40,42,6,57,0,5,0,RY,1,91,layer_005_wire_000_RY,-0.0012112018538161114,0.0012112018538161114,False
random_bp,expectation_value,same_entangling_gate_count,bcw_6q_random_bp,hea,RX_RY_RZ_CNOT,none,circular,cnot,local,6,8,7,40,42,6,57,0,5,0,RZ,2,92,layer_005_wire_000_RZ,-0.02460144151724307,0.02460144151724307,False
random_bp,expectation_value,same_entangling_gate_count,bcw_6q_random_bp,hea,RX_RY_RZ_CNOT,none,circular,cnot,local,6,8,7,40,42,6,57,0,5,1,RX,0,93,layer_005_wire_001_RX,-0.008671489266774567,0.008671489266774567,False
random_bp,expectation_value,same_entangling_gate_count,bcw_6q_random_bp,hea,RX_RY_RZ_CNOT,none,circular,cnot,local,6,8,7,40,42,6,57,0,5,1,RY,1,94,layer_005_wire_001_RY,0.006313642004222923,0.006313642004222923,False
random_bp,expectation_value,same_entangling_gate_count,bcw_6q_random_bp,hea,RX_RY_RZ_CNOT,none,circular,cnot,local,6,8,7,40,42,6,57,0,5,1,RZ,2,95,layer_005_wire_001_RZ,-0.03232715906862938,0.03232715906862938,False
random_bp,expectation_value,same_entangling_gate_count,bcw_6q_random_bp,hea,RX_RY_RZ_CNOT,none,circular,cnot,local,6,8,7,40,42,6,57,0,5,2,RX,0,96,layer_005_wire_002_RX,-0.04839228831861965,0.04839228831861965,False
random_bp,expectation_value,same_entangling_gate_count,bcw_6q_random_bp,hea,RX_RY_RZ_CNOT,none,circular,cnot,local,6,8,7,40,42,6,57,0,5,2,RY,1,97,layer_005_wire_002_RY,-0.0024076058471715752,0.0024076058471715752,False
random_bp,expectation_value,same_entangling_gate_count,bcw_6q_random_bp,hea,RX_RY_RZ_CNOT,none,circular,cnot,local,6,8,7,40,42,6,57,0,5,2,RZ,2,98,layer_005_wire_002_RZ,0.018139979706044765,0.018139979706044765,False
random_bp,expectation_value,same_entangling_gate_count,bcw_6q_random_bp,hea,RX_RY_RZ_CNOT,none,circular,cnot,local,6,8,7,40,42,6,57,0,5,3,RX,0,99,layer_005_wire_003_RX,0.053471094975835326,0.053471094975835326,False
random_bp,expectation_value,same_entangling_gate_count,bcw_6q_random_bp,hea,RX_RY_RZ_CNOT,none,circular,cnot,local,6,8,7,40,42,6,57,0,5,3,RY,1,100,layer_005_wire_003_RY,-0.025000217691030963,0.025000217691030963,False
random_bp,expectation_value,same_entangling_gate_count,bcw_6q_random_bp,hea,RX_RY_RZ_CNOT,none,circular,cnot,local,6,8,7,40,42,6,57,0,5,3,RZ,2,101,layer_005_wire_003_RZ,0.014431702703659864,0.014431702703659864,False
random_bp,expectation_value,same_entangling_gate_count,bcw_6q_random_bp,hea,RX_RY_RZ_CNOT,none,circular,cnot,local,6,8,7,40,42,6,57,0,5,4,RX,0,102,layer_005_wire_004_RX,-0.010514847618177888,0.010514847618177888,False
random_bp,expectation_value,same_entangling_gate_count,bcw_6q_random_bp,hea,RX_RY_RZ_CNOT,none,circular,cnot,local,6,8,7,40,42,6,57,0,5,4,RY,1,103,layer_005_wire_004_RY,-0.004076020140940495,0.004076020140940495,False
random_bp,expectation_value,same_entangling_gate_count,bcw_6q_random_bp,hea,RX_RY_RZ_CNOT,none,circular,cnot,local,6,8,7,40,42,6,57,0,5,4,RZ,2,104,layer_005_wire_004_RZ,-0.005557408149342227,0.005557408149342227,False
random_bp,expectation_value,same_entangling_gate_count,bcw_6q_random_bp,hea,RX_RY_RZ_CNOT,none,circular,cnot,local,6,8,7,40,42,6,57,0,5,5,RX,0,105,layer_005_wire_005_RX,0.01407959973632243,0.01407959973632243,False
random_bp,expectation_value,same_entangling_gate_count,bcw_6q_random_bp,hea,RX_RY_RZ_CNOT,none,circular,cnot,local,6,8,7,40,42,6,57,0,5,5,RY,1,106,layer_005_wire_005_RY,0.01708321715524443,0.01708321715524443,False
random_bp,expectation_value,same_entangling_gate_count,bcw_6q_random_bp,hea,RX_RY_RZ_CNOT,none,circular,cnot,local,6,8,7,40,42,6,57,0,5,5,RZ,2,107,layer_005_wire_005_RZ,0.0326331657321731,0.0326331657321731,False
random_bp,expectation_value,same_entangling_gate_count,bcw_6q_random_bp,hea,RX_RY_RZ_CNOT,none,circular,cnot,local,6,8,7,40,42,6,57,0,6,0,RX,0,108,layer_006_wire_000_RX,-0.0009375951919917991,0.0009375951919917991,False
random_bp,expectation_value,same_entangling_gate_count,bcw_6q_random_bp,hea,RX_RY_RZ_CNOT,none,circular,cnot,local,6,8,7,40,42,6,57,0,6,0,RY,1,109,layer_006_wire_000_RY,0.025438573295740168,0.025438573295740168,False
random_bp,expectation_value,same_entangling_gate_count,bcw_6q_random_bp,hea,RX_RY_RZ_CNOT,none,circular,cnot,local,6,8,7,40,42,6,57,0,6,0,RZ,2,110,layer_006_wire_000_RZ,-1.7538295533903596e-18,1.7538295533903596e-18,True
random_bp,expectation_value,same_entangling_gate_count,bcw_6q_random_bp,hea,RX_RY_RZ_CNOT,none,circular,cnot,local,6,8,7,40,42,6,57,0,6,1,RX,0,111,layer_006_wire_001_RX,0.01474237720924143,0.01474237720924143,False
random_bp,expectation_value,same_entangling_gate_count,bcw_6q_random_bp,hea,RX_RY_RZ_CNOT,none,circular,cnot,local,6,8,7,40,42,6,57,0,6,1,RY,1,112,layer_006_wire_001_RY,-0.023784724367678922,0.023784724367678922,False
random_bp,expectation_value,same_entangling_gate_count,bcw_6q_random_bp,hea,RX_RY_RZ_CNOT,none,circular,cnot,local,6,8,7,40,42,6,57,0,6,1,RZ,2,113,layer_006_wire_001_RZ,1.1500897169150062e-17,1.1500897169150062e-17,True
random_bp,expectation_value,same_entangling_gate_count,bcw_6q_random_bp,hea,RX_RY_RZ_CNOT,none,circular,cnot,local,6,8,7,40,42,6,57,0,6,2,RX,0,114,layer_006_wire_002_RX,-0.060681019624018416,0.060681019624018416,False
random_bp,expectation_value,same_entangling_gate_count,bcw_6q_random_bp,hea,RX_RY_RZ_CNOT,none,circular,cnot,local,6,8,7,40,42,6,57,0,6,2,RY,1,115,layer_006_wire_002_RY,0.03630307458922643,0.03630307458922643,False
random_bp,expectation_value,same_entangling_gate_count,bcw_6q_random_bp,hea,RX_RY_RZ_CNOT,none,circular,cnot,local,6,8,7,40,42,6,57,0,6,2,RZ,2,116,layer_006_wire_002_RZ,6.500638216303691e-18,6.500638216303691e-18,True
random_bp,expectation_value,same_entangling_gate_count,bcw_6q_random_bp,hea,RX_RY_RZ_CNOT,none,circular,cnot,local,6,8,7,40,42,6,57,0,6,3,RX,0,117,layer_006_wire_003_RX,-0.0024059059803528344,0.0024059059803528344,False
random_bp,expectation_value,same_entangling_gate_count,bcw_6q_random_bp,hea,RX_RY_RZ_CNOT,none,circular,cnot,local,6,8,7,40,42,6,57,0,6,3,RY,1,118,layer_006_wire_003_RY,0.033749461056956004,0.033749461056956004,False
random_bp,expectation_value,same_entangling_gate_count,bcw_6q_random_bp,hea,RX_RY_RZ_CNOT,none,circular,cnot,local,6,8,7,40,42,6,57,0,6,3,RZ,2,119,layer_006_wire_003_RZ,1.164833710027162e-17,1.164833710027162e-17,True
random_bp,expectation_value,same_entangling_gate_count,bcw_6q_random_bp,hea,RX_RY_RZ_CNOT,none,circular,cnot,local,6,8,7,40,42,6,57,0,6,4,RX,0,120,layer_006_wire_004_RX,0.008594037007695898,0.008594037007695898,False
random_bp,expectation_value,same_entangling_gate_count,bcw_6q_random_bp,hea,RX_RY_RZ_CNOT,none,circular,cnot,local,6,8,7,40,42,6,57,0,6,4,RY,1,121,layer_006_wire_004_RY,-0.0011480447842322492,0.0011480447842322492,False
random_bp,expectation_value,same_entangling_gate_count,bcw_6q_random_bp,hea,RX_RY_RZ_CNOT,none,circular,cnot,local,6,8,7,40,42,6,57,0,6,4,RZ,2,122,layer_006_wire_004_RZ,6.304828858202182e-18,6.304828858202182e-18,True
random_bp,expectation_value,same_entangling_gate_count,bcw_6q_random_bp,hea,RX_RY_RZ_CNOT,none,circular,cnot,local,6,8,7,40,42,6,57,0,6,5,RX,0,123,layer_006_wire_005_RX,0.0016741138073985886,0.0016741138073985886,False
random_bp,expectation_value,same_entangling_gate_count,bcw_6q_random_bp,hea,RX_RY_RZ_CNOT,none,circular,cnot,local,6,8,7,40,42,6,57,0,6,5,RY,1,124,layer_006_wire_005_RY,-0.006791205537840003,0.006791205537840003,False
random_bp,expectation_value,same_entangling_gate_count,bcw_6q_random_bp,hea,RX_RY_RZ_CNOT,none,circular,cnot,local,6,8,7,40,42,6,57,0,6,5,RZ,2,125,layer_006_wire_005_RZ,-7.852666360298778e-18,7.852666360298778e-18,True
random_bp,expectation_value,same_entangling_gate_count,bcw_6q_random_bp,hea,RX_RY_RZ_CNOT,none,circular,cnot,local,6,8,7,40,42,6,58,1,0,0,RX,0,0,layer_000_wire_000_RX,-0.002464584473312332,0.002464584473312332,False
random_bp,expectation_value,same_entangling_gate_count,bcw_6q_random_bp,hea,RX_RY_RZ_CNOT,none,circular,cnot,local,6,8,7,40,42,6,58,1,0,0,RY,1,1,layer_000_wire_000_RY,0.01343621776271162,0.01343621776271162,False
random_bp,expectation_value,same_entangling_gate_count,bcw_6q_random_bp,hea,RX_RY_RZ_CNOT,none,circular,cnot,local,6,8,7,40,42,6,58,1,0,0,RZ,2,2,layer_000_wire_000_RZ,-0.00019704151105459454,0.00019704151105459454,False
random_bp,expectation_value,same_entangling_gate_count,bcw_6q_random_bp,hea,RX_RY_RZ_CNOT,none,circular,cnot,local,6,8,7,40,42,6,58,1,0,1,RX,0,3,layer_000_wire_001_RX,-0.00799342537398966,0.00799342537398966,False
random_bp,expectation_value,same_entangling_gate_count,bcw_6q_random_bp,hea,RX_RY_RZ_CNOT,none,circular,cnot,local,6,8,7,40,42,6,58,1,0,1,RY,1,4,layer_000_wire_001_RY,-0.021816262636343967,0.021816262636343967,False
random_bp,expectation_value,same_entangling_gate_count,bcw_6q_random_bp,hea,RX_RY_RZ_CNOT,none,circular,cnot,local,6,8,7,40,42,6,58,1,0,1,RZ,2,5,layer_000_wire_001_RZ,-0.0046348695660745915,0.0046348695660745915,False
random_bp,expectation_value,same_entangling_gate_count,bcw_6q_random_bp,hea,RX_RY_RZ_CNOT,none,circular,cnot,local,6,8,7,40,42,6,58,1,0,2,RX,0,6,layer_000_wire_002_RX,-0.012976335992475677,0.012976335992475677,False
random_bp,expectation_value,same_entangling_gate_count,bcw_6q_random_bp,hea,RX_RY_RZ_CNOT,none,circular,cnot,local,6,8,7,40,42,6,58,1,0,2,RY,1,7,layer_000_wire_002_RY,-0.02421290940571561,0.02421290940571561,False
random_bp,expectation_value,same_entangling_gate_count,bcw_6q_random_bp,hea,RX_RY_RZ_CNOT,none,circular,cnot,local,6,8,7,40,42,6,58,1,0,2,RZ,2,8,layer_000_wire_002_RZ,0.031361221542941534,0.031361221542941534,False
random_bp,expectation_value,same_entangling_gate_count,bcw_6q_random_bp,hea,RX_RY_RZ_CNOT,none,circular,cnot,local,6,8,7,40,42,6,58,1,0,3,RX,0,9,layer_000_wire_003_RX,-0.04908825432817284,0.04908825432817284,False
random_bp,expectation_value,same_entangling_gate_count,bcw_6q_random_bp,hea,RX_RY_RZ_CNOT,none,circular,cnot,local,6,8,7,40,42,6,58,1,0,3,RY,1,10,layer_000_wire_003_RY,0.004864459067389485,0.004864459067389485,False
random_bp,expectation_value,same_entangling_gate_count,bcw_6q_random_bp,hea,RX_RY_RZ_CNOT,none,circular,cnot,local,6,8,7,40,42,6,58,1,0,3,RZ,2,11,layer_000_wire_003_RZ,0.04905751630072226,0.04905751630072226,False
random_bp,expectation_value,same_entangling_gate_count,bcw_6q_random_bp,hea,RX_RY_RZ_CNOT,none,circular,cnot,local,6,8,7,40,42,6,58,1,0,4,RX,0,12,layer_000_wire_004_RX,0.03974106995540688,0.03974106995540688,False
random_bp,expectation_value,same_entangling_gate_count,bcw_6q_random_bp,hea,RX_RY_RZ_CNOT,none,circular,cnot,local,6,8,7,40,42,6,58,1,0,4,RY,1,13,layer_000_wire_004_RY,0.005567846284873895,0.005567846284873895,False
random_bp,expectation_value,same_entangling_gate_count,bcw_6q_random_bp,hea,RX_RY_RZ_CNOT,none,circular,cnot,local,6,8,7,40,42,6,58,1,0,4,RZ,2,14,layer_000_wire_004_RZ,-0.036156798146120245,0.036156798146120245,False
random_bp,expectation_value,same_entangling_gate_count,bcw_6q_random_bp,hea,RX_RY_RZ_CNOT,none,circular,cnot,local,6,8,7,40,42,6,58,1,0,5,RX,0,15,layer_000_wire_005_RX,0.01111543187269014,0.01111543187269014,False
random_bp,expectation_value,same_entangling_gate_count,bcw_6q_random_bp,hea,RX_RY_RZ_CNOT,none,circular,cnot,local,6,8,7,40,42,6,58,1,0,5,RY,1,16,layer_000_wire_005_RY,0.0008767058908836832,0.0008767058908836832,False
random_bp,expectation_value,same_entangling_gate_count,bcw_6q_random_bp,hea,RX_RY_RZ_CNOT,none,circular,cnot,local,6,8,7,40,42,6,58,1,0,5,RZ,2,17,layer_000_wire_005_RZ,0.008468975899892314,0.008468975899892314,False
random_bp,expectation_value,same_entangling_gate_count,bcw_6q_random_bp,hea,RX_RY_RZ_CNOT,none,circular,cnot,local,6,8,7,40,42,6,58,1,1,0,RX,0,18,layer_001_wire_000_RX,-0.03466336158770558,0.03466336158770558,False
random_bp,expectation_value,same_entangling_gate_count,bcw_6q_random_bp,hea,RX_RY_RZ_CNOT,none,circular,cnot,local,6,8,7,40,42,6,58,1,1,0,RY,1,19,layer_001_wire_000_RY,0.0036467193120558465,0.0036467193120558465,False
random_bp,expectation_value,same_entangling_gate_count,bcw_6q_random_bp,hea,RX_RY_RZ_CNOT,none,circular,cnot,local,6,8,7,40,42,6,58,1,1,0,RZ,2,20,layer_001_wire_000_RZ,-0.03241431509669891,0.03241431509669891,False
random_bp,expectation_value,same_entangling_gate_count,bcw_6q_random_bp,hea,RX_RY_RZ_CNOT,none,circular,cnot,local,6,8,7,40,42,6,58,1,1,1,RX,0,21,layer_001_wire_001_RX,-0.047017980781139765,0.047017980781139765,False
random_bp,expectation_value,same_entangling_gate_count,bcw_6q_random_bp,hea,RX_RY_RZ_CNOT,none,circular,cnot,local,6,8,7,40,42,6,58,1,1,1,RY,1,22,layer_001_wire_001_RY,0.01951408049569241,0.01951408049569241,False
random_bp,expectation_value,same_entangling_gate_count,bcw_6q_random_bp,hea,RX_RY_RZ_CNOT,none,circular,cnot,local,6,8,7,40,42,6,58,1,1,1,RZ,2,23,layer_001_wire_001_RZ,-0.023716443119344188,0.023716443119344188,False
random_bp,expectation_value,same_entangling_gate_count,bcw_6q_random_bp,hea,RX_RY_RZ_CNOT,none,circular,cnot,local,6,8,7,40,42,6,58,1,1,2,RX,0,24,layer_001_wire_002_RX,0.023717951574302287,0.023717951574302287,False
random_bp,expectation_value,same_entangling_gate_count,bcw_6q_random_bp,hea,RX_RY_RZ_CNOT,none,circular,cnot,local,6,8,7,40,42,6,58,1,1,2,RY,1,25,layer_001_wire_002_RY,-0.014758361487632017,0.014758361487632017,False
random_bp,expectation_value,same_entangling_gate_count,bcw_6q_random_bp,hea,RX_RY_RZ_CNOT,none,circular,cnot,local,6,8,7,40,42,6,58,1,1,2,RZ,2,26,layer_001_wire_002_RZ,-0.01682658297455472,0.01682658297455472,False
random_bp,expectation_value,same_entangling_gate_count,bcw_6q_random_bp,hea,RX_RY_RZ_CNOT,none,circular,cnot,local,6,8,7,40,42,6,58,1,1,3,RX,0,27,layer_001_wire_003_RX,0.001501096415419673,0.001501096415419673,False
random_bp,expectation_value,same_entangling_gate_count,bcw_6q_random_bp,hea,RX_RY_RZ_CNOT,none,circular,cnot,local,6,8,7,40,42,6,58,1,1,3,RY,1,28,layer_001_wire_003_RY,0.03287771005683533,0.03287771005683533,False
random_bp,expectation_value,same_entangling_gate_count,bcw_6q_random_bp,hea,RX_RY_RZ_CNOT,none,circular,cnot,local,6,8,7,40,42,6,58,1,1,3,RZ,2,29,layer_001_wire_003_RZ,0.0006704766071740567,0.0006704766071740567,False
random_bp,expectation_value,same_entangling_gate_count,bcw_6q_random_bp,hea,RX_RY_RZ_CNOT,none,circular,cnot,local,6,8,7,40,42,6,58,1,1,4,RX,0,30,layer_001_wire_004_RX,-0.0011058473492625504,0.0011058473492625504,False
random_bp,expectation_value,same_entangling_gate_count,bcw_6q_random_bp,hea,RX_RY_RZ_CNOT,none,circular,cnot,local,6,8,7,40,42,6,58,1,1,4,RY,1,31,layer_001_wire_004_RY,0.007392727259917844,0.007392727259917844,False
random_bp,expectation_value,same_entangling_gate_count,bcw_6q_random_bp,hea,RX_RY_RZ_CNOT,none,circular,cnot,local,6,8,7,40,42,6,58,1,1,4,RZ,2,32,layer_001_wire_004_RZ,0.01230088583770816,0.01230088583770816,False
random_bp,expectation_value,same_entangling_gate_count,bcw_6q_random_bp,hea,RX_RY_RZ_CNOT,none,circular,cnot,local,6,8,7,40,42,6,58,1,1,5,RX,0,33,layer_001_wire_005_RX,-0.00029817385205509065,0.00029817385205509065,False
random_bp,expectation_value,same_entangling_gate_count,bcw_6q_random_bp,hea,RX_RY_RZ_CNOT,none,circular,cnot,local,6,8,7,40,42,6,58,1,1,5,RY,1,34,layer_001_wire_005_RY,-0.005206281840720136,0.005206281840720136,False
random_bp,expectation_value,same_entangling_gate_count,bcw_6q_random_bp,hea,RX_RY_RZ_CNOT,none,circular,cnot,local,6,8,7,40,42,6,58,1,1,5,RZ,2,35,layer_001_wire_005_RZ,-0.03365914143649516,0.03365914143649516,False
random_bp,expectation_value,same_entangling_gate_count,bcw_6q_random_bp,hea,RX_RY_RZ_CNOT,none,circular,cnot,local,6,8,7,40,42,6,58,1,2,0,RX,0,36,layer_002_wire_000_RX,0.037934596623955395,0.037934596623955395,False
random_bp,expectation_value,same_entangling_gate_count,bcw_6q_random_bp,hea,RX_RY_RZ_CNOT,none,circular,cnot,local,6,8,7,40,42,6,58,1,2,0,RY,1,37,layer_002_wire_000_RY,-0.007929189002789199,0.007929189002789199,False
random_bp,expectation_value,same_entangling_gate_count,bcw_6q_random_bp,hea,RX_RY_RZ_CNOT,none,circular,cnot,local,6,8,7,40,42,6,58,1,2,0,RZ,2,38,layer_002_wire_000_RZ,-0.022958139537996858,0.022958139537996858,False
random_bp,expectation_value,same_entangling_gate_count,bcw_6q_random_bp,hea,RX_RY_RZ_CNOT,none,circular,cnot,local,6,8,7,40,42,6,58,1,2,1,RX,0,39,layer_002_wire_001_RX,0.009352603854949048,0.009352603854949048,False
random_bp,expectation_value,same_entangling_gate_count,bcw_6q_random_bp,hea,RX_RY_RZ_CNOT,none,circular,cnot,local,6,8,7,40,42,6,58,1,2,1,RY,1,40,layer_002_wire_001_RY,-0.057153890332990905,0.057153890332990905,False
random_bp,expectation_value,same_entangling_gate_count,bcw_6q_random_bp,hea,RX_RY_RZ_CNOT,none,circular,cnot,local,6,8,7,40,42,6,58,1,2,1,RZ,2,41,layer_002_wire_001_RZ,-0.014004863838415805,0.014004863838415805,False
random_bp,expectation_value,same_entangling_gate_count,bcw_6q_random_bp,hea,RX_RY_RZ_CNOT,none,circular,cnot,local,6,8,7,40,42,6,58,1,2,2,RX,0,42,layer_002_wire_002_RX,0.004412241283883612,0.004412241283883612,False
random_bp,expectation_value,same_entangling_gate_count,bcw_6q_random_bp,hea,RX_RY_RZ_CNOT,none,circular,cnot,local,6,8,7,40,42,6,58,1,2,2,RY,1,43,layer_002_wire_002_RY,-0.04410049334942744,0.04410049334942744,False
random_bp,expectation_value,same_entangling_gate_count,bcw_6q_random_bp,hea,RX_RY_RZ_CNOT,none,circular,cnot,local,6,8,7,40,42,6,58,1,2,2,RZ,2,44,layer_002_wire_002_RZ,0.006135030170865255,0.006135030170865255,False
random_bp,expectation_value,same_entangling_gate_count,bcw_6q_random_bp,hea,RX_RY_RZ_CNOT,none,circular,cnot,local,6,8,7,40,42,6,58,1,2,3,RX,0,45,layer_002_wire_003_RX,0.02414636620422703,0.02414636620422703,False
random_bp,expectation_value,same_entangling_gate_count,bcw_6q_random_bp,hea,RX_RY_RZ_CNOT,none,circular,cnot,local,6,8,7,40,42,6,58,1,2,3,RY,1,46,layer_002_wire_003_RY,0.015388518011222246,0.015388518011222246,False
random_bp,expectation_value,same_entangling_gate_count,bcw_6q_random_bp,hea,RX_RY_RZ_CNOT,none,circular,cnot,local,6,8,7,40,42,6,58,1,2,3,RZ,2,47,layer_002_wire_003_RZ,-0.024439275234226104,0.024439275234226104,False
random_bp,expectation_value,same_entangling_gate_count,bcw_6q_random_bp,hea,RX_RY_RZ_CNOT,none,circular,cnot,local,6,8,7,40,42,6,58,1,2,4,RX,0,48,layer_002_wire_004_RX,-0.012215678377427056,0.012215678377427056,False
random_bp,expectation_value,same_entangling_gate_count,bcw_6q_random_bp,hea,RX_RY_RZ_CNOT,none,circular,cnot,local,6,8,7,40,42,6,58,1,2,4,RY,1,49,layer_002_wire_004_RY,0.04522546331077857,0.04522546331077857,False
random_bp,expectation_value,same_entangling_gate_count,bcw_6q_random_bp,hea,RX_RY_RZ_CNOT,none,circular,cnot,local,6,8,7,40,42,6,58,1,2,4,RZ,2,50,layer_002_wire_004_RZ,0.01209999610937424,0.01209999610937424,False
random_bp,expectation_value,same_entangling_gate_count,bcw_6q_random_bp,hea,RX_RY_RZ_CNOT,none,circular,cnot,local,6,8,7,40,42,6,58,1,2,5,RX,0,51,layer_002_wire_005_RX,0.032736023100932196,0.032736023100932196,False
random_bp,expectation_value,same_entangling_gate_count,bcw_6q_random_bp,hea,RX_RY_RZ_CNOT,none,circular,cnot,local,6,8,7,40,42,6,58,1,2,5,RY,1,52,layer_002_wire_005_RY,0.023634280369042943,0.023634280369042943,False
random_bp,expectation_value,same_entangling_gate_count,bcw_6q_random_bp,hea,RX_RY_RZ_CNOT,none,circular,cnot,local,6,8,7,40,42,6,58,1,2,5,RZ,2,53,layer_002_wire_005_RZ,0.015966359814304353,0.015966359814304353,False
random_bp,expectation_value,same_entangling_gate_count,bcw_6q_random_bp,hea,RX_RY_RZ_CNOT,none,circular,cnot,local,6,8,7,40,42,6,58,1,3,0,RX,0,54,layer_003_wire_000_RX,-0.027352310114043637,0.027352310114043637,False
random_bp,expectation_value,same_entangling_gate_count,bcw_6q_random_bp,hea,RX_RY_RZ_CNOT,none,circular,cnot,local,6,8,7,40,42,6,58,1,3,0,RY,1,55,layer_003_wire_000_RY,0.01858271347324645,0.01858271347324645,False
random_bp,expectation_value,same_entangling_gate_count,bcw_6q_random_bp,hea,RX_RY_RZ_CNOT,none,circular,cnot,local,6,8,7,40,42,6,58,1,3,0,RZ,2,56,layer_003_wire_000_RZ,-0.018883416912559264,0.018883416912559264,False
random_bp,expectation_value,same_entangling_gate_count,bcw_6q_random_bp,hea,RX_RY_RZ_CNOT,none,circular,cnot,local,6,8,7,40,42,6,58,1,3,1,RX,0,57,layer_003_wire_001_RX,0.003137285574801253,0.003137285574801253,False
random_bp,expectation_value,same_entangling_gate_count,bcw_6q_random_bp,hea,RX_RY_RZ_CNOT,none,circular,cnot,local,6,8,7,40,42,6,58,1,3,1,RY,1,58,layer_003_wire_001_RY,0.04254181954194798,0.04254181954194798,False
random_bp,expectation_value,same_entangling_gate_count,bcw_6q_random_bp,hea,RX_RY_RZ_CNOT,none,circular,cnot,local,6,8,7,40,42,6,58,1,3,1,RZ,2,59,layer_003_wire_001_RZ,-0.011893918835206834,0.011893918835206834,False
random_bp,expectation_value,same_entangling_gate_count,bcw_6q_random_bp,hea,RX_RY_RZ_CNOT,none,circular,cnot,local,6,8,7,40,42,6,58,1,3,2,RX,0,60,layer_003_wire_002_RX,0.02460809775540518,0.02460809775540518,False
random_bp,expectation_value,same_entangling_gate_count,bcw_6q_random_bp,hea,RX_RY_RZ_CNOT,none,circular,cnot,local,6,8,7,40,42,6,58,1,3,2,RY,1,61,layer_003_wire_002_RY,0.03788022678664307,0.03788022678664307,False
random_bp,expectation_value,same_entangling_gate_count,bcw_6q_random_bp,hea,RX_RY_RZ_CNOT,none,circular,cnot,local,6,8,7,40,42,6,58,1,3,2,RZ,2,62,layer_003_wire_002_RZ,-0.041485581078523834,0.041485581078523834,False
random_bp,expectation_value,same_entangling_gate_count,bcw_6q_random_bp,hea,RX_RY_RZ_CNOT,none,circular,cnot,local,6,8,7,40,42,6,58,1,3,3,RX,0,63,layer_003_wire_003_RX,-0.03650768316697108,0.03650768316697108,False
random_bp,expectation_value,same_entangling_gate_count,bcw_6q_random_bp,hea,RX_RY_RZ_CNOT,none,circular,cnot,local,6,8,7,40,42,6,58,1,3,3,RY,1,64,layer_003_wire_003_RY,-0.031857538719041845,0.031857538719041845,False
random_bp,expectation_value,same_entangling_gate_count,bcw_6q_random_bp,hea,RX_RY_RZ_CNOT,none,circular,cnot,local,6,8,7,40,42,6,58,1,3,3,RZ,2,65,layer_003_wire_003_RZ,0.0256490493367588,0.0256490493367588,False
random_bp,expectation_value,same_entangling_gate_count,bcw_6q_random_bp,hea,RX_RY_RZ_CNOT,none,circular,cnot,local,6,8,7,40,42,6,58,1,3,4,RX,0,66,layer_003_wire_004_RX,0.0038200755742970015,0.0038200755742970015,False
random_bp,expectation_value,same_entangling_gate_count,bcw_6q_random_bp,hea,RX_RY_RZ_CNOT,none,circular,cnot,local,6,8,7,40,42,6,58,1,3,4,RY,1,67,layer_003_wire_004_RY,0.01168305208588908,0.01168305208588908,False
random_bp,expectation_value,same_entangling_gate_count,bcw_6q_random_bp,hea,RX_RY_RZ_CNOT,none,circular,cnot,local,6,8,7,40,42,6,58,1,3,4,RZ,2,68,layer_003_wire_004_RZ,-0.01367484287253108,0.01367484287253108,False
random_bp,expectation_value,same_entangling_gate_count,bcw_6q_random_bp,hea,RX_RY_RZ_CNOT,none,circular,cnot,local,6,8,7,40,42,6,58,1,3,5,RX,0,69,layer_003_wire_005_RX,0.006215145039148195,0.006215145039148195,False
random_bp,expectation_value,same_entangling_gate_count,bcw_6q_random_bp,hea,RX_RY_RZ_CNOT,none,circular,cnot,local,6,8,7,40,42,6,58,1,3,5,RY,1,70,layer_003_wire_005_RY,-0.03929533039530812,0.03929533039530812,False
random_bp,expectation_value,same_entangling_gate_count,bcw_6q_random_bp,hea,RX_RY_RZ_CNOT,none,circular,cnot,local,6,8,7,40,42,6,58,1,3,5,RZ,2,71,layer_003_wire_005_RZ,0.005795746599580884,0.005795746599580884,False
random_bp,expectation_value,same_entangling_gate_count,bcw_6q_random_bp,hea,RX_RY_RZ_CNOT,none,circular,cnot,local,6,8,7,40,42,6,58,1,4,0,RX,0,72,layer_004_wire_000_RX,0.015351009586052275,0.015351009586052275,False
random_bp,expectation_value,same_entangling_gate_count,bcw_6q_random_bp,hea,RX_RY_RZ_CNOT,none,circular,cnot,local,6,8,7,40,42,6,58,1,4,0,RY,1,73,layer_004_wire_000_RY,0.012652342801879437,0.012652342801879437,False
random_bp,expectation_value,same_entangling_gate_count,bcw_6q_random_bp,hea,RX_RY_RZ_CNOT,none,circular,cnot,local,6,8,7,40,42,6,58,1,4,0,RZ,2,74,layer_004_wire_000_RZ,-0.014638085341724057,0.014638085341724057,False
random_bp,expectation_value,same_entangling_gate_count,bcw_6q_random_bp,hea,RX_RY_RZ_CNOT,none,circular,cnot,local,6,8,7,40,42,6,58,1,4,1,RX,0,75,layer_004_wire_001_RX,-0.0004952222309068759,0.0004952222309068759,False
random_bp,expectation_value,same_entangling_gate_count,bcw_6q_random_bp,hea,RX_RY_RZ_CNOT,none,circular,cnot,local,6,8,7,40,42,6,58,1,4,1,RY,1,76,layer_004_wire_001_RY,0.04322549696184813,0.04322549696184813,False
random_bp,expectation_value,same_entangling_gate_count,bcw_6q_random_bp,hea,RX_RY_RZ_CNOT,none,circular,cnot,local,6,8,7,40,42,6,58,1,4,1,RZ,2,77,layer_004_wire_001_RZ,-0.01375660748486858,0.01375660748486858,False
random_bp,expectation_value,same_entangling_gate_count,bcw_6q_random_bp,hea,RX_RY_RZ_CNOT,none,circular,cnot,local,6,8,7,40,42,6,58,1,4,2,RX,0,78,layer_004_wire_002_RX,-0.05383048163391388,0.05383048163391388,False
random_bp,expectation_value,same_entangling_gate_count,bcw_6q_random_bp,hea,RX_RY_RZ_CNOT,none,circular,cnot,local,6,8,7,40,42,6,58,1,4,2,RY,1,79,layer_004_wire_002_RY,0.02074559021087747,0.02074559021087747,False
random_bp,expectation_value,same_entangling_gate_count,bcw_6q_random_bp,hea,RX_RY_RZ_CNOT,none,circular,cnot,local,6,8,7,40,42,6,58,1,4,2,RZ,2,80,layer_004_wire_002_RZ,0.02787951454782528,0.02787951454782528,False
random_bp,expectation_value,same_entangling_gate_count,bcw_6q_random_bp,hea,RX_RY_RZ_CNOT,none,circular,cnot,local,6,8,7,40,42,6,58,1,4,3,RX,0,81,layer_004_wire_003_RX,0.027981293343688304,0.027981293343688304,False
random_bp,expectation_value,same_entangling_gate_count,bcw_6q_random_bp,hea,RX_RY_RZ_CNOT,none,circular,cnot,local,6,8,7,40,42,6,58,1,4,3,RY,1,82,layer_004_wire_003_RY,-0.075275451193895,0.075275451193895,False
random_bp,expectation_value,same_entangling_gate_count,bcw_6q_random_bp,hea,RX_RY_RZ_CNOT,none,circular,cnot,local,6,8,7,40,42,6,58,1,4,3,RZ,2,83,layer_004_wire_003_RZ,-0.02686277739046356,0.02686277739046356,False
random_bp,expectation_value,same_entangling_gate_count,bcw_6q_random_bp,hea,RX_RY_RZ_CNOT,none,circular,cnot,local,6,8,7,40,42,6,58,1,4,4,RX,0,84,layer_004_wire_004_RX,0.022779106844569758,0.022779106844569758,False
random_bp,expectation_value,same_entangling_gate_count,bcw_6q_random_bp,hea,RX_RY_RZ_CNOT,none,circular,cnot,local,6,8,7,40,42,6,58,1,4,4,RY,1,85,layer_004_wire_004_RY,0.019749483914192994,0.019749483914192994,False
random_bp,expectation_value,same_entangling_gate_count,bcw_6q_random_bp,hea,RX_RY_RZ_CNOT,none,circular,cnot,local,6,8,7,40,42,6,58,1,4,4,RZ,2,86,layer_004_wire_004_RZ,0.049070157721001005,0.049070157721001005,False
random_bp,expectation_value,same_entangling_gate_count,bcw_6q_random_bp,hea,RX_RY_RZ_CNOT,none,circular,cnot,local,6,8,7,40,42,6,58,1,4,5,RX,0,87,layer_004_wire_005_RX,-0.015178411556764733,0.015178411556764733,False
random_bp,expectation_value,same_entangling_gate_count,bcw_6q_random_bp,hea,RX_RY_RZ_CNOT,none,circular,cnot,local,6,8,7,40,42,6,58,1,4,5,RY,1,88,layer_004_wire_005_RY,-0.04195389904505552,0.04195389904505552,False
random_bp,expectation_value,same_entangling_gate_count,bcw_6q_random_bp,hea,RX_RY_RZ_CNOT,none,circular,cnot,local,6,8,7,40,42,6,58,1,4,5,RZ,2,89,layer_004_wire_005_RZ,-0.017313510963281674,0.017313510963281674,False
random_bp,expectation_value,same_entangling_gate_count,bcw_6q_random_bp,hea,RX_RY_RZ_CNOT,none,circular,cnot,local,6,8,7,40,42,6,58,1,5,0,RX,0,90,layer_005_wire_000_RX,0.034502767705642576,0.034502767705642576,False
random_bp,expectation_value,same_entangling_gate_count,bcw_6q_random_bp,hea,RX_RY_RZ_CNOT,none,circular,cnot,local,6,8,7,40,42,6,58,1,5,0,RY,1,91,layer_005_wire_000_RY,-0.06477418035094193,0.06477418035094193,False
random_bp,expectation_value,same_entangling_gate_count,bcw_6q_random_bp,hea,RX_RY_RZ_CNOT,none,circular,cnot,local,6,8,7,40,42,6,58,1,5,0,RZ,2,92,layer_005_wire_000_RZ,0.07487595288004273,0.07487595288004273,False
random_bp,expectation_value,same_entangling_gate_count,bcw_6q_random_bp,hea,RX_RY_RZ_CNOT,none,circular,cnot,local,6,8,7,40,42,6,58,1,5,1,RX,0,93,layer_005_wire_001_RX,-0.03533780460836667,0.03533780460836667,False
random_bp,expectation_value,same_entangling_gate_count,bcw_6q_random_bp,hea,RX_RY_RZ_CNOT,none,circular,cnot,local,6,8,7,40,42,6,58,1,5,1,RY,1,94,layer_005_wire_001_RY,-0.033834837939285836,0.033834837939285836,False
random_bp,expectation_value,same_entangling_gate_count,bcw_6q_random_bp,hea,RX_RY_RZ_CNOT,none,circular,cnot,local,6,8,7,40,42,6,58,1,5,1,RZ,2,95,layer_005_wire_001_RZ,-0.04022281457932852,0.04022281457932852,False
random_bp,expectation_value,same_entangling_gate_count,bcw_6q_random_bp,hea,RX_RY_RZ_CNOT,none,circular,cnot,local,6,8,7,40,42,6,58,1,5,2,RX,0,96,layer_005_wire_002_RX,0.03756407244845948,0.03756407244845948,False
random_bp,expectation_value,same_entangling_gate_count,bcw_6q_random_bp,hea,RX_RY_RZ_CNOT,none,circular,cnot,local,6,8,7,40,42,6,58,1,5,2,RY,1,97,layer_005_wire_002_RY,-0.03765257660028616,0.03765257660028616,False
random_bp,expectation_value,same_entangling_gate_count,bcw_6q_random_bp,hea,RX_RY_RZ_CNOT,none,circular,cnot,local,6,8,7,40,42,6,58,1,5,2,RZ,2,98,layer_005_wire_002_RZ,0.0008181459830408581,0.0008181459830408581,False
random_bp,expectation_value,same_entangling_gate_count,bcw_6q_random_bp,hea,RX_RY_RZ_CNOT,none,circular,cnot,local,6,8,7,40,42,6,58,1,5,3,RX,0,99,layer_005_wire_003_RX,-0.03734953234184696,0.03734953234184696,False
random_bp,expectation_value,same_entangling_gate_count,bcw_6q_random_bp,hea,RX_RY_RZ_CNOT,none,circular,cnot,local,6,8,7,40,42,6,58,1,5,3,RY,1,100,layer_005_wire_003_RY,-0.06322178222051769,0.06322178222051769,False
random_bp,expectation_value,same_entangling_gate_count,bcw_6q_random_bp,hea,RX_RY_RZ_CNOT,none,circular,cnot,local,6,8,7,40,42,6,58,1,5,3,RZ,2,101,layer_005_wire_003_RZ,0.047562270014857924,0.047562270014857924,False
random_bp,expectation_value,same_entangling_gate_count,bcw_6q_random_bp,hea,RX_RY_RZ_CNOT,none,circular,cnot,local,6,8,7,40,42,6,58,1,5,4,RX,0,102,layer_005_wire_004_RX,0.018144973473529436,0.018144973473529436,False
random_bp,expectation_value,same_entangling_gate_count,bcw_6q_random_bp,hea,RX_RY_RZ_CNOT,none,circular,cnot,local,6,8,7,40,42,6,58,1,5,4,RY,1,103,layer_005_wire_004_RY,-0.005224182575714439,0.005224182575714439,False
random_bp,expectation_value,same_entangling_gate_count,bcw_6q_random_bp,hea,RX_RY_RZ_CNOT,none,circular,cnot,local,6,8,7,40,42,6,58,1,5,4,RZ,2,104,layer_005_wire_004_RZ,-0.01572380285579423,0.01572380285579423,False
random_bp,expectation_value,same_entangling_gate_count,bcw_6q_random_bp,hea,RX_RY_RZ_CNOT,none,circular,cnot,local,6,8,7,40,42,6,58,1,5,5,RX,0,105,layer_005_wire_005_RX,0.0008110188767689623,0.0008110188767689623,False
random_bp,expectation_value,same_entangling_gate_count,bcw_6q_random_bp,hea,RX_RY_RZ_CNOT,none,circular,cnot,local,6,8,7,40,42,6,58,1,5,5,RY,1,106,layer_005_wire_005_RY,0.016039738119947574,0.016039738119947574,False
random_bp,expectation_value,same_entangling_gate_count,bcw_6q_random_bp,hea,RX_RY_RZ_CNOT,none,circular,cnot,local,6,8,7,40,42,6,58,1,5,5,RZ,2,107,layer_005_wire_005_RZ,-0.010659237339866219,0.010659237339866219,False
random_bp,expectation_value,same_entangling_gate_count,bcw_6q_random_bp,hea,RX_RY_RZ_CNOT,none,circular,cnot,local,6,8,7,40,42,6,58,1,6,0,RX,0,108,layer_006_wire_000_RX,-0.002253823050036717,0.002253823050036717,False
random_bp,expectation_value,same_entangling_gate_count,bcw_6q_random_bp,hea,RX_RY_RZ_CNOT,none,circular,cnot,local,6,8,7,40,42,6,58,1,6,0,RY,1,109,layer_006_wire_000_RY,-0.050656086642879836,0.050656086642879836,False
random_bp,expectation_value,same_entangling_gate_count,bcw_6q_random_bp,hea,RX_RY_RZ_CNOT,none,circular,cnot,local,6,8,7,40,42,6,58,1,6,0,RZ,2,110,layer_006_wire_000_RZ,1.9445899426857842e-17,1.9445899426857842e-17,True
random_bp,expectation_value,same_entangling_gate_count,bcw_6q_random_bp,hea,RX_RY_RZ_CNOT,none,circular,cnot,local,6,8,7,40,42,6,58,1,6,1,RX,0,111,layer_006_wire_001_RX,0.0006487690468058127,0.0006487690468058127,False
random_bp,expectation_value,same_entangling_gate_count,bcw_6q_random_bp,hea,RX_RY_RZ_CNOT,none,circular,cnot,local,6,8,7,40,42,6,58,1,6,1,RY,1,112,layer_006_wire_001_RY,-0.009262338069147964,0.009262338069147964,False
random_bp,expectation_value,same_entangling_gate_count,bcw_6q_random_bp,hea,RX_RY_RZ_CNOT,none,circular,cnot,local,6,8,7,40,42,6,58,1,6,1,RZ,2,113,layer_006_wire_001_RZ,5.03643019396951e-18,5.03643019396951e-18,True
random_bp,expectation_value,same_entangling_gate_count,bcw_6q_random_bp,hea,RX_RY_RZ_CNOT,none,circular,cnot,local,6,8,7,40,42,6,58,1,6,2,RX,0,114,layer_006_wire_002_RX,-0.020100317118336094,0.020100317118336094,False
random_bp,expectation_value,same_entangling_gate_count,bcw_6q_random_bp,hea,RX_RY_RZ_CNOT,none,circular,cnot,local,6,8,7,40,42,6,58,1,6,2,RY,1,115,layer_006_wire_002_RY,-0.008271137736933462,0.008271137736933462,False
random_bp,expectation_value,same_entangling_gate_count,bcw_6q_random_bp,hea,RX_RY_RZ_CNOT,none,circular,cnot,local,6,8,7,40,42,6,58,1,6,2,RZ,2,116,layer_006_wire_002_RZ,-1.4247893526485193e-17,1.4247893526485193e-17,True
random_bp,expectation_value,same_entangling_gate_count,bcw_6q_random_bp,hea,RX_RY_RZ_CNOT,none,circular,cnot,local,6,8,7,40,42,6,58,1,6,3,RX,0,117,layer_006_wire_003_RX,-0.003688110131532426,0.003688110131532426,False
random_bp,expectation_value,same_entangling_gate_count,bcw_6q_random_bp,hea,RX_RY_RZ_CNOT,none,circular,cnot,local,6,8,7,40,42,6,58,1,6,3,RY,1,118,layer_006_wire_003_RY,0.0316403389292558,0.0316403389292558,False
random_bp,expectation_value,same_entangling_gate_count,bcw_6q_random_bp,hea,RX_RY_RZ_CNOT,none,circular,cnot,local,6,8,7,40,42,6,58,1,6,3,RZ,2,119,layer_006_wire_003_RZ,-2.7705566127111405e-18,2.7705566127111405e-18,True
random_bp,expectation_value,same_entangling_gate_count,bcw_6q_random_bp,hea,RX_RY_RZ_CNOT,none,circular,cnot,local,6,8,7,40,42,6,58,1,6,4,RX,0,120,layer_006_wire_004_RX,0.006726552058756834,0.006726552058756834,False
random_bp,expectation_value,same_entangling_gate_count,bcw_6q_random_bp,hea,RX_RY_RZ_CNOT,none,circular,cnot,local,6,8,7,40,42,6,58,1,6,4,RY,1,121,layer_006_wire_004_RY,-0.020856220741656682,0.020856220741656682,False
random_bp,expectation_value,same_entangling_gate_count,bcw_6q_random_bp,hea,RX_RY_RZ_CNOT,none,circular,cnot,local,6,8,7,40,42,6,58,1,6,4,RZ,2,122,layer_006_wire_004_RZ,2.932772414310015e-18,2.932772414310015e-18,True
random_bp,expectation_value,same_entangling_gate_count,bcw_6q_random_bp,hea,RX_RY_RZ_CNOT,none,circular,cnot,local,6,8,7,40,42,6,58,1,6,5,RX,0,123,layer_006_wire_005_RX,0.014109960158757298,0.014109960158757298,False
random_bp,expectation_value,same_entangling_gate_count,bcw_6q_random_bp,hea,RX_RY_RZ_CNOT,none,circular,cnot,local,6,8,7,40,42,6,58,1,6,5,RY,1,124,layer_006_wire_005_RY,0.03183185060158864,0.03183185060158864,False
random_bp,expectation_value,same_entangling_gate_count,bcw_6q_random_bp,hea,RX_RY_RZ_CNOT,none,circular,cnot,local,6,8,7,40,42,6,58,1,6,5,RZ,2,125,layer_006_wire_005_RZ,-1.0881954421725174e-17,1.0881954421725174e-17,True
random_bp,expectation_value,same_entangling_gate_count,bcw_6q_random_bp,hea,RX_RY_RZ_CNOT,none,circular,cnot,local,6,8,7,40,42,6,59,2,0,0,RX,0,0,layer_000_wire_000_RX,0.07251571843397461,0.07251571843397461,False
random_bp,expectation_value,same_entangling_gate_count,bcw_6q_random_bp,hea,RX_RY_RZ_CNOT,none,circular,cnot,local,6,8,7,40,42,6,59,2,0,0,RY,1,1,layer_000_wire_000_RY,0.0017523353788727325,0.0017523353788727325,False
random_bp,expectation_value,same_entangling_gate_count,bcw_6q_random_bp,hea,RX_RY_RZ_CNOT,none,circular,cnot,local,6,8,7,40,42,6,59,2,0,0,RZ,2,2,layer_000_wire_000_RZ,0.06198378402887034,0.06198378402887034,False
random_bp,expectation_value,same_entangling_gate_count,bcw_6q_random_bp,hea,RX_RY_RZ_CNOT,none,circular,cnot,local,6,8,7,40,42,6,59,2,0,1,RX,0,3,layer_000_wire_001_RX,-0.03993269582814751,0.03993269582814751,False
random_bp,expectation_value,same_entangling_gate_count,bcw_6q_random_bp,hea,RX_RY_RZ_CNOT,none,circular,cnot,local,6,8,7,40,42,6,59,2,0,1,RY,1,4,layer_000_wire_001_RY,0.04982513067885584,0.04982513067885584,False
random_bp,expectation_value,same_entangling_gate_count,bcw_6q_random_bp,hea,RX_RY_RZ_CNOT,none,circular,cnot,local,6,8,7,40,42,6,59,2,0,1,RZ,2,5,layer_000_wire_001_RZ,0.04974725838553459,0.04974725838553459,False
random_bp,expectation_value,same_entangling_gate_count,bcw_6q_random_bp,hea,RX_RY_RZ_CNOT,none,circular,cnot,local,6,8,7,40,42,6,59,2,0,2,RX,0,6,layer_000_wire_002_RX,0.031133421490466218,0.031133421490466218,False
random_bp,expectation_value,same_entangling_gate_count,bcw_6q_random_bp,hea,RX_RY_RZ_CNOT,none,circular,cnot,local,6,8,7,40,42,6,59,2,0,2,RY,1,7,layer_000_wire_002_RY,-0.0112351583110302,0.0112351583110302,False
random_bp,expectation_value,same_entangling_gate_count,bcw_6q_random_bp,hea,RX_RY_RZ_CNOT,none,circular,cnot,local,6,8,7,40,42,6,59,2,0,2,RZ,2,8,layer_000_wire_002_RZ,0.03626805015504835,0.03626805015504835,False
random_bp,expectation_value,same_entangling_gate_count,bcw_6q_random_bp,hea,RX_RY_RZ_CNOT,none,circular,cnot,local,6,8,7,40,42,6,59,2,0,3,RX,0,9,layer_000_wire_003_RX,-0.018381488123833008,0.018381488123833008,False
random_bp,expectation_value,same_entangling_gate_count,bcw_6q_random_bp,hea,RX_RY_RZ_CNOT,none,circular,cnot,local,6,8,7,40,42,6,59,2,0,3,RY,1,10,layer_000_wire_003_RY,-0.0029940990479654984,0.0029940990479654984,False
random_bp,expectation_value,same_entangling_gate_count,bcw_6q_random_bp,hea,RX_RY_RZ_CNOT,none,circular,cnot,local,6,8,7,40,42,6,59,2,0,3,RZ,2,11,layer_000_wire_003_RZ,0.0027994604998965236,0.0027994604998965236,False
random_bp,expectation_value,same_entangling_gate_count,bcw_6q_random_bp,hea,RX_RY_RZ_CNOT,none,circular,cnot,local,6,8,7,40,42,6,59,2,0,4,RX,0,12,layer_000_wire_004_RX,-0.013869788112912501,0.013869788112912501,False
random_bp,expectation_value,same_entangling_gate_count,bcw_6q_random_bp,hea,RX_RY_RZ_CNOT,none,circular,cnot,local,6,8,7,40,42,6,59,2,0,4,RY,1,13,layer_000_wire_004_RY,0.08188118068304304,0.08188118068304304,False
random_bp,expectation_value,same_entangling_gate_count,bcw_6q_random_bp,hea,RX_RY_RZ_CNOT,none,circular,cnot,local,6,8,7,40,42,6,59,2,0,4,RZ,2,14,layer_000_wire_004_RZ,-0.005789781476589878,0.005789781476589878,False
random_bp,expectation_value,same_entangling_gate_count,bcw_6q_random_bp,hea,RX_RY_RZ_CNOT,none,circular,cnot,local,6,8,7,40,42,6,59,2,0,5,RX,0,15,layer_000_wire_005_RX,-0.043394798567553974,0.043394798567553974,False
random_bp,expectation_value,same_entangling_gate_count,bcw_6q_random_bp,hea,RX_RY_RZ_CNOT,none,circular,cnot,local,6,8,7,40,42,6,59,2,0,5,RY,1,16,layer_000_wire_005_RY,0.029782834611115677,0.029782834611115677,False
random_bp,expectation_value,same_entangling_gate_count,bcw_6q_random_bp,hea,RX_RY_RZ_CNOT,none,circular,cnot,local,6,8,7,40,42,6,59,2,0,5,RZ,2,17,layer_000_wire_005_RZ,-0.02350933728296737,0.02350933728296737,False
random_bp,expectation_value,same_entangling_gate_count,bcw_6q_random_bp,hea,RX_RY_RZ_CNOT,none,circular,cnot,local,6,8,7,40,42,6,59,2,1,0,RX,0,18,layer_001_wire_000_RX,0.05220778157675711,0.05220778157675711,False
random_bp,expectation_value,same_entangling_gate_count,bcw_6q_random_bp,hea,RX_RY_RZ_CNOT,none,circular,cnot,local,6,8,7,40,42,6,59,2,1,0,RY,1,19,layer_001_wire_000_RY,0.02242008614308999,0.02242008614308999,False
random_bp,expectation_value,same_entangling_gate_count,bcw_6q_random_bp,hea,RX_RY_RZ_CNOT,none,circular,cnot,local,6,8,7,40,42,6,59,2,1,0,RZ,2,20,layer_001_wire_000_RZ,0.031600793024081496,0.031600793024081496,False
random_bp,expectation_value,same_entangling_gate_count,bcw_6q_random_bp,hea,RX_RY_RZ_CNOT,none,circular,cnot,local,6,8,7,40,42,6,59,2,1,1,RX,0,21,layer_001_wire_001_RX,-0.04575610253839834,0.04575610253839834,False
random_bp,expectation_value,same_entangling_gate_count,bcw_6q_random_bp,hea,RX_RY_RZ_CNOT,none,circular,cnot,local,6,8,7,40,42,6,59,2,1,1,RY,1,22,layer_001_wire_001_RY,-0.0148956570846474,0.0148956570846474,False
random_bp,expectation_value,same_entangling_gate_count,bcw_6q_random_bp,hea,RX_RY_RZ_CNOT,none,circular,cnot,local,6,8,7,40,42,6,59,2,1,1,RZ,2,23,layer_001_wire_001_RZ,0.042408682928046254,0.042408682928046254,False
random_bp,expectation_value,same_entangling_gate_count,bcw_6q_random_bp,hea,RX_RY_RZ_CNOT,none,circular,cnot,local,6,8,7,40,42,6,59,2,1,2,RX,0,24,layer_001_wire_002_RX,0.018378695413133132,0.018378695413133132,False
random_bp,expectation_value,same_entangling_gate_count,bcw_6q_random_bp,hea,RX_RY_RZ_CNOT,none,circular,cnot,local,6,8,7,40,42,6,59,2,1,2,RY,1,25,layer_001_wire_002_RY,0.012634952731359578,0.012634952731359578,False
random_bp,expectation_value,same_entangling_gate_count,bcw_6q_random_bp,hea,RX_RY_RZ_CNOT,none,circular,cnot,local,6,8,7,40,42,6,59,2,1,2,RZ,2,26,layer_001_wire_002_RZ,-0.011038460847844413,0.011038460847844413,False
random_bp,expectation_value,same_entangling_gate_count,bcw_6q_random_bp,hea,RX_RY_RZ_CNOT,none,circular,cnot,local,6,8,7,40,42,6,59,2,1,3,RX,0,27,layer_001_wire_003_RX,0.00356003129417495,0.00356003129417495,False
random_bp,expectation_value,same_entangling_gate_count,bcw_6q_random_bp,hea,RX_RY_RZ_CNOT,none,circular,cnot,local,6,8,7,40,42,6,59,2,1,3,RY,1,28,layer_001_wire_003_RY,-0.014059660910361019,0.014059660910361019,False
random_bp,expectation_value,same_entangling_gate_count,bcw_6q_random_bp,hea,RX_RY_RZ_CNOT,none,circular,cnot,local,6,8,7,40,42,6,59,2,1,3,RZ,2,29,layer_001_wire_003_RZ,-0.0058276729179658465,0.0058276729179658465,False
random_bp,expectation_value,same_entangling_gate_count,bcw_6q_random_bp,hea,RX_RY_RZ_CNOT,none,circular,cnot,local,6,8,7,40,42,6,59,2,1,4,RX,0,30,layer_001_wire_004_RX,0.009586500008002713,0.009586500008002713,False
random_bp,expectation_value,same_entangling_gate_count,bcw_6q_random_bp,hea,RX_RY_RZ_CNOT,none,circular,cnot,local,6,8,7,40,42,6,59,2,1,4,RY,1,31,layer_001_wire_004_RY,0.01697752740673958,0.01697752740673958,False
random_bp,expectation_value,same_entangling_gate_count,bcw_6q_random_bp,hea,RX_RY_RZ_CNOT,none,circular,cnot,local,6,8,7,40,42,6,59,2,1,4,RZ,2,32,layer_001_wire_004_RZ,0.017410118657657323,0.017410118657657323,False
random_bp,expectation_value,same_entangling_gate_count,bcw_6q_random_bp,hea,RX_RY_RZ_CNOT,none,circular,cnot,local,6,8,7,40,42,6,59,2,1,5,RX,0,33,layer_001_wire_005_RX,0.06585329534942626,0.06585329534942626,False
random_bp,expectation_value,same_entangling_gate_count,bcw_6q_random_bp,hea,RX_RY_RZ_CNOT,none,circular,cnot,local,6,8,7,40,42,6,59,2,1,5,RY,1,34,layer_001_wire_005_RY,0.0047726751729495484,0.0047726751729495484,False
random_bp,expectation_value,same_entangling_gate_count,bcw_6q_random_bp,hea,RX_RY_RZ_CNOT,none,circular,cnot,local,6,8,7,40,42,6,59,2,1,5,RZ,2,35,layer_001_wire_005_RZ,-0.012804196746044974,0.012804196746044974,False
random_bp,expectation_value,same_entangling_gate_count,bcw_6q_random_bp,hea,RX_RY_RZ_CNOT,none,circular,cnot,local,6,8,7,40,42,6,59,2,2,0,RX,0,36,layer_002_wire_000_RX,-0.01907373789767524,0.01907373789767524,False
random_bp,expectation_value,same_entangling_gate_count,bcw_6q_random_bp,hea,RX_RY_RZ_CNOT,none,circular,cnot,local,6,8,7,40,42,6,59,2,2,0,RY,1,37,layer_002_wire_000_RY,-0.040428423361028476,0.040428423361028476,False
random_bp,expectation_value,same_entangling_gate_count,bcw_6q_random_bp,hea,RX_RY_RZ_CNOT,none,circular,cnot,local,6,8,7,40,42,6,59,2,2,0,RZ,2,38,layer_002_wire_000_RZ,-0.024793095755990383,0.024793095755990383,False
random_bp,expectation_value,same_entangling_gate_count,bcw_6q_random_bp,hea,RX_RY_RZ_CNOT,none,circular,cnot,local,6,8,7,40,42,6,59,2,2,1,RX,0,39,layer_002_wire_001_RX,0.0028715813489946273,0.0028715813489946273,False
random_bp,expectation_value,same_entangling_gate_count,bcw_6q_random_bp,hea,RX_RY_RZ_CNOT,none,circular,cnot,local,6,8,7,40,42,6,59,2,2,1,RY,1,40,layer_002_wire_001_RY,0.011490997064467923,0.011490997064467923,False
random_bp,expectation_value,same_entangling_gate_count,bcw_6q_random_bp,hea,RX_RY_RZ_CNOT,none,circular,cnot,local,6,8,7,40,42,6,59,2,2,1,RZ,2,41,layer_002_wire_001_RZ,0.019485273815428077,0.019485273815428077,False
random_bp,expectation_value,same_entangling_gate_count,bcw_6q_random_bp,hea,RX_RY_RZ_CNOT,none,circular,cnot,local,6,8,7,40,42,6,59,2,2,2,RX,0,42,layer_002_wire_002_RX,0.011827360123009075,0.011827360123009075,False
random_bp,expectation_value,same_entangling_gate_count,bcw_6q_random_bp,hea,RX_RY_RZ_CNOT,none,circular,cnot,local,6,8,7,40,42,6,59,2,2,2,RY,1,43,layer_002_wire_002_RY,0.008896932081646457,0.008896932081646457,False
random_bp,expectation_value,same_entangling_gate_count,bcw_6q_random_bp,hea,RX_RY_RZ_CNOT,none,circular,cnot,local,6,8,7,40,42,6,59,2,2,2,RZ,2,44,layer_002_wire_002_RZ,0.012614740605262773,0.012614740605262773,False
random_bp,expectation_value,same_entangling_gate_count,bcw_6q_random_bp,hea,RX_RY_RZ_CNOT,none,circular,cnot,local,6,8,7,40,42,6,59,2,2,3,RX,0,45,layer_002_wire_003_RX,0.050730157582100775,0.050730157582100775,False
random_bp,expectation_value,same_entangling_gate_count,bcw_6q_random_bp,hea,RX_RY_RZ_CNOT,none,circular,cnot,local,6,8,7,40,42,6,59,2,2,3,RY,1,46,layer_002_wire_003_RY,-0.019834394162323167,0.019834394162323167,False
random_bp,expectation_value,same_entangling_gate_count,bcw_6q_random_bp,hea,RX_RY_RZ_CNOT,none,circular,cnot,local,6,8,7,40,42,6,59,2,2,3,RZ,2,47,layer_002_wire_003_RZ,-0.01862233424906347,0.01862233424906347,False
random_bp,expectation_value,same_entangling_gate_count,bcw_6q_random_bp,hea,RX_RY_RZ_CNOT,none,circular,cnot,local,6,8,7,40,42,6,59,2,2,4,RX,0,48,layer_002_wire_004_RX,-0.04189351546453864,0.04189351546453864,False
random_bp,expectation_value,same_entangling_gate_count,bcw_6q_random_bp,hea,RX_RY_RZ_CNOT,none,circular,cnot,local,6,8,7,40,42,6,59,2,2,4,RY,1,49,layer_002_wire_004_RY,0.0075729223494252484,0.0075729223494252484,False
random_bp,expectation_value,same_entangling_gate_count,bcw_6q_random_bp,hea,RX_RY_RZ_CNOT,none,circular,cnot,local,6,8,7,40,42,6,59,2,2,4,RZ,2,50,layer_002_wire_004_RZ,0.019236084809354057,0.019236084809354057,False
random_bp,expectation_value,same_entangling_gate_count,bcw_6q_random_bp,hea,RX_RY_RZ_CNOT,none,circular,cnot,local,6,8,7,40,42,6,59,2,2,5,RX,0,51,layer_002_wire_005_RX,0.03756623522722633,0.03756623522722633,False
random_bp,expectation_value,same_entangling_gate_count,bcw_6q_random_bp,hea,RX_RY_RZ_CNOT,none,circular,cnot,local,6,8,7,40,42,6,59,2,2,5,RY,1,52,layer_002_wire_005_RY,-0.0431229140172437,0.0431229140172437,False
random_bp,expectation_value,same_entangling_gate_count,bcw_6q_random_bp,hea,RX_RY_RZ_CNOT,none,circular,cnot,local,6,8,7,40,42,6,59,2,2,5,RZ,2,53,layer_002_wire_005_RZ,-0.004351436663555013,0.004351436663555013,False
random_bp,expectation_value,same_entangling_gate_count,bcw_6q_random_bp,hea,RX_RY_RZ_CNOT,none,circular,cnot,local,6,8,7,40,42,6,59,2,3,0,RX,0,54,layer_003_wire_000_RX,-0.029789190239028804,0.029789190239028804,False
random_bp,expectation_value,same_entangling_gate_count,bcw_6q_random_bp,hea,RX_RY_RZ_CNOT,none,circular,cnot,local,6,8,7,40,42,6,59,2,3,0,RY,1,55,layer_003_wire_000_RY,-0.014567503782217637,0.014567503782217637,False
random_bp,expectation_value,same_entangling_gate_count,bcw_6q_random_bp,hea,RX_RY_RZ_CNOT,none,circular,cnot,local,6,8,7,40,42,6,59,2,3,0,RZ,2,56,layer_003_wire_000_RZ,-0.027873345759797007,0.027873345759797007,False
random_bp,expectation_value,same_entangling_gate_count,bcw_6q_random_bp,hea,RX_RY_RZ_CNOT,none,circular,cnot,local,6,8,7,40,42,6,59,2,3,1,RX,0,57,layer_003_wire_001_RX,-0.0023600842758235282,0.0023600842758235282,False
random_bp,expectation_value,same_entangling_gate_count,bcw_6q_random_bp,hea,RX_RY_RZ_CNOT,none,circular,cnot,local,6,8,7,40,42,6,59,2,3,1,RY,1,58,layer_003_wire_001_RY,0.002258242771417581,0.002258242771417581,False
random_bp,expectation_value,same_entangling_gate_count,bcw_6q_random_bp,hea,RX_RY_RZ_CNOT,none,circular,cnot,local,6,8,7,40,42,6,59,2,3,1,RZ,2,59,layer_003_wire_001_RZ,-0.0022457539722145164,0.0022457539722145164,False
random_bp,expectation_value,same_entangling_gate_count,bcw_6q_random_bp,hea,RX_RY_RZ_CNOT,none,circular,cnot,local,6,8,7,40,42,6,59,2,3,2,RX,0,60,layer_003_wire_002_RX,0.030060153619132765,0.030060153619132765,False
random_bp,expectation_value,same_entangling_gate_count,bcw_6q_random_bp,hea,RX_RY_RZ_CNOT,none,circular,cnot,local,6,8,7,40,42,6,59,2,3,2,RY,1,61,layer_003_wire_002_RY,0.027189610138301994,0.027189610138301994,False
random_bp,expectation_value,same_entangling_gate_count,bcw_6q_random_bp,hea,RX_RY_RZ_CNOT,none,circular,cnot,local,6,8,7,40,42,6,59,2,3,2,RZ,2,62,layer_003_wire_002_RZ,0.02411592353172972,0.02411592353172972,False
random_bp,expectation_value,same_entangling_gate_count,bcw_6q_random_bp,hea,RX_RY_RZ_CNOT,none,circular,cnot,local,6,8,7,40,42,6,59,2,3,3,RX,0,63,layer_003_wire_003_RX,-0.04196549393707667,0.04196549393707667,False
random_bp,expectation_value,same_entangling_gate_count,bcw_6q_random_bp,hea,RX_RY_RZ_CNOT,none,circular,cnot,local,6,8,7,40,42,6,59,2,3,3,RY,1,64,layer_003_wire_003_RY,0.09965323056813373,0.09965323056813373,False
random_bp,expectation_value,same_entangling_gate_count,bcw_6q_random_bp,hea,RX_RY_RZ_CNOT,none,circular,cnot,local,6,8,7,40,42,6,59,2,3,3,RZ,2,65,layer_003_wire_003_RZ,-0.0049698573012264624,0.0049698573012264624,False
random_bp,expectation_value,same_entangling_gate_count,bcw_6q_random_bp,hea,RX_RY_RZ_CNOT,none,circular,cnot,local,6,8,7,40,42,6,59,2,3,4,RX,0,66,layer_003_wire_004_RX,-0.03907469883557487,0.03907469883557487,False
random_bp,expectation_value,same_entangling_gate_count,bcw_6q_random_bp,hea,RX_RY_RZ_CNOT,none,circular,cnot,local,6,8,7,40,42,6,59,2,3,4,RY,1,67,layer_003_wire_004_RY,-0.0017173140617573889,0.0017173140617573889,False
random_bp,expectation_value,same_entangling_gate_count,bcw_6q_random_bp,hea,RX_RY_RZ_CNOT,none,circular,cnot,local,6,8,7,40,42,6,59,2,3,4,RZ,2,68,layer_003_wire_004_RZ,-0.032506375790061603,0.032506375790061603,False
random_bp,expectation_value,same_entangling_gate_count,bcw_6q_random_bp,hea,RX_RY_RZ_CNOT,none,circular,cnot,local,6,8,7,40,42,6,59,2,3,5,RX,0,69,layer_003_wire_005_RX,0.0448851828273022,0.0448851828273022,False
random_bp,expectation_value,same_entangling_gate_count,bcw_6q_random_bp,hea,RX_RY_RZ_CNOT,none,circular,cnot,local,6,8,7,40,42,6,59,2,3,5,RY,1,70,layer_003_wire_005_RY,-0.03412051114590648,0.03412051114590648,False
random_bp,expectation_value,same_entangling_gate_count,bcw_6q_random_bp,hea,RX_RY_RZ_CNOT,none,circular,cnot,local,6,8,7,40,42,6,59,2,3,5,RZ,2,71,layer_003_wire_005_RZ,-0.011047825597469706,0.011047825597469706,False
random_bp,expectation_value,same_entangling_gate_count,bcw_6q_random_bp,hea,RX_RY_RZ_CNOT,none,circular,cnot,local,6,8,7,40,42,6,59,2,4,0,RX,0,72,layer_004_wire_000_RX,0.049852902358536524,0.049852902358536524,False
random_bp,expectation_value,same_entangling_gate_count,bcw_6q_random_bp,hea,RX_RY_RZ_CNOT,none,circular,cnot,local,6,8,7,40,42,6,59,2,4,0,RY,1,73,layer_004_wire_000_RY,-0.005106526880813894,0.005106526880813894,False
random_bp,expectation_value,same_entangling_gate_count,bcw_6q_random_bp,hea,RX_RY_RZ_CNOT,none,circular,cnot,local,6,8,7,40,42,6,59,2,4,0,RZ,2,74,layer_004_wire_000_RZ,-0.04686790933122586,0.04686790933122586,False
random_bp,expectation_value,same_entangling_gate_count,bcw_6q_random_bp,hea,RX_RY_RZ_CNOT,none,circular,cnot,local,6,8,7,40,42,6,59,2,4,1,RX,0,75,layer_004_wire_001_RX,-0.0028776327858936286,0.0028776327858936286,False
random_bp,expectation_value,same_entangling_gate_count,bcw_6q_random_bp,hea,RX_RY_RZ_CNOT,none,circular,cnot,local,6,8,7,40,42,6,59,2,4,1,RY,1,76,layer_004_wire_001_RY,0.0020578259662069765,0.0020578259662069765,False
random_bp,expectation_value,same_entangling_gate_count,bcw_6q_random_bp,hea,RX_RY_RZ_CNOT,none,circular,cnot,local,6,8,7,40,42,6,59,2,4,1,RZ,2,77,layer_004_wire_001_RZ,0.04976725631712392,0.04976725631712392,False
random_bp,expectation_value,same_entangling_gate_count,bcw_6q_random_bp,hea,RX_RY_RZ_CNOT,none,circular,cnot,local,6,8,7,40,42,6,59,2,4,2,RX,0,78,layer_004_wire_002_RX,-0.026880774133411608,0.026880774133411608,False
random_bp,expectation_value,same_entangling_gate_count,bcw_6q_random_bp,hea,RX_RY_RZ_CNOT,none,circular,cnot,local,6,8,7,40,42,6,59,2,4,2,RY,1,79,layer_004_wire_002_RY,-0.0649287437456007,0.0649287437456007,False
random_bp,expectation_value,same_entangling_gate_count,bcw_6q_random_bp,hea,RX_RY_RZ_CNOT,none,circular,cnot,local,6,8,7,40,42,6,59,2,4,2,RZ,2,80,layer_004_wire_002_RZ,0.0443716169406016,0.0443716169406016,False
random_bp,expectation_value,same_entangling_gate_count,bcw_6q_random_bp,hea,RX_RY_RZ_CNOT,none,circular,cnot,local,6,8,7,40,42,6,59,2,4,3,RX,0,81,layer_004_wire_003_RX,-0.0291547352847658,0.0291547352847658,False
random_bp,expectation_value,same_entangling_gate_count,bcw_6q_random_bp,hea,RX_RY_RZ_CNOT,none,circular,cnot,local,6,8,7,40,42,6,59,2,4,3,RY,1,82,layer_004_wire_003_RY,-0.017123485117189773,0.017123485117189773,False
random_bp,expectation_value,same_entangling_gate_count,bcw_6q_random_bp,hea,RX_RY_RZ_CNOT,none,circular,cnot,local,6,8,7,40,42,6,59,2,4,3,RZ,2,83,layer_004_wire_003_RZ,-0.05393085391710456,0.05393085391710456,False
random_bp,expectation_value,same_entangling_gate_count,bcw_6q_random_bp,hea,RX_RY_RZ_CNOT,none,circular,cnot,local,6,8,7,40,42,6,59,2,4,4,RX,0,84,layer_004_wire_004_RX,0.008469335181529397,0.008469335181529397,False
random_bp,expectation_value,same_entangling_gate_count,bcw_6q_random_bp,hea,RX_RY_RZ_CNOT,none,circular,cnot,local,6,8,7,40,42,6,59,2,4,4,RY,1,85,layer_004_wire_004_RY,-0.03313354093531194,0.03313354093531194,False
random_bp,expectation_value,same_entangling_gate_count,bcw_6q_random_bp,hea,RX_RY_RZ_CNOT,none,circular,cnot,local,6,8,7,40,42,6,59,2,4,4,RZ,2,86,layer_004_wire_004_RZ,0.02728766821221103,0.02728766821221103,False
random_bp,expectation_value,same_entangling_gate_count,bcw_6q_random_bp,hea,RX_RY_RZ_CNOT,none,circular,cnot,local,6,8,7,40,42,6,59,2,4,5,RX,0,87,layer_004_wire_005_RX,0.01863224830948388,0.01863224830948388,False
random_bp,expectation_value,same_entangling_gate_count,bcw_6q_random_bp,hea,RX_RY_RZ_CNOT,none,circular,cnot,local,6,8,7,40,42,6,59,2,4,5,RY,1,88,layer_004_wire_005_RY,-0.03637208684020842,0.03637208684020842,False
random_bp,expectation_value,same_entangling_gate_count,bcw_6q_random_bp,hea,RX_RY_RZ_CNOT,none,circular,cnot,local,6,8,7,40,42,6,59,2,4,5,RZ,2,89,layer_004_wire_005_RZ,-0.005848251691995057,0.005848251691995057,False
random_bp,expectation_value,same_entangling_gate_count,bcw_6q_random_bp,hea,RX_RY_RZ_CNOT,none,circular,cnot,local,6,8,7,40,42,6,59,2,5,0,RX,0,90,layer_005_wire_000_RX,-0.09383869890626058,0.09383869890626058,False
random_bp,expectation_value,same_entangling_gate_count,bcw_6q_random_bp,hea,RX_RY_RZ_CNOT,none,circular,cnot,local,6,8,7,40,42,6,59,2,5,0,RY,1,91,layer_005_wire_000_RY,-0.04435421512210635,0.04435421512210635,False
random_bp,expectation_value,same_entangling_gate_count,bcw_6q_random_bp,hea,RX_RY_RZ_CNOT,none,circular,cnot,local,6,8,7,40,42,6,59,2,5,0,RZ,2,92,layer_005_wire_000_RZ,-0.061804061652585146,0.061804061652585146,False
random_bp,expectation_value,same_entangling_gate_count,bcw_6q_random_bp,hea,RX_RY_RZ_CNOT,none,circular,cnot,local,6,8,7,40,42,6,59,2,5,1,RX,0,93,layer_005_wire_001_RX,0.07176771801866186,0.07176771801866186,False
random_bp,expectation_value,same_entangling_gate_count,bcw_6q_random_bp,hea,RX_RY_RZ_CNOT,none,circular,cnot,local,6,8,7,40,42,6,59,2,5,1,RY,1,94,layer_005_wire_001_RY,0.08109849836311911,0.08109849836311911,False
random_bp,expectation_value,same_entangling_gate_count,bcw_6q_random_bp,hea,RX_RY_RZ_CNOT,none,circular,cnot,local,6,8,7,40,42,6,59,2,5,1,RZ,2,95,layer_005_wire_001_RZ,0.02593229543431716,0.02593229543431716,False
random_bp,expectation_value,same_entangling_gate_count,bcw_6q_random_bp,hea,RX_RY_RZ_CNOT,none,circular,cnot,local,6,8,7,40,42,6,59,2,5,2,RX,0,96,layer_005_wire_002_RX,-0.026361815811211123,0.026361815811211123,False
random_bp,expectation_value,same_entangling_gate_count,bcw_6q_random_bp,hea,RX_RY_RZ_CNOT,none,circular,cnot,local,6,8,7,40,42,6,59,2,5,2,RY,1,97,layer_005_wire_002_RY,0.00596160411236361,0.00596160411236361,False
random_bp,expectation_value,same_entangling_gate_count,bcw_6q_random_bp,hea,RX_RY_RZ_CNOT,none,circular,cnot,local,6,8,7,40,42,6,59,2,5,2,RZ,2,98,layer_005_wire_002_RZ,0.008936567420312982,0.008936567420312982,False
random_bp,expectation_value,same_entangling_gate_count,bcw_6q_random_bp,hea,RX_RY_RZ_CNOT,none,circular,cnot,local,6,8,7,40,42,6,59,2,5,3,RX,0,99,layer_005_wire_003_RX,-0.01971010036506487,0.01971010036506487,False
random_bp,expectation_value,same_entangling_gate_count,bcw_6q_random_bp,hea,RX_RY_RZ_CNOT,none,circular,cnot,local,6,8,7,40,42,6,59,2,5,3,RY,1,100,layer_005_wire_003_RY,0.02154746593364362,0.02154746593364362,False
random_bp,expectation_value,same_entangling_gate_count,bcw_6q_random_bp,hea,RX_RY_RZ_CNOT,none,circular,cnot,local,6,8,7,40,42,6,59,2,5,3,RZ,2,101,layer_005_wire_003_RZ,0.007012829390595613,0.007012829390595613,False
random_bp,expectation_value,same_entangling_gate_count,bcw_6q_random_bp,hea,RX_RY_RZ_CNOT,none,circular,cnot,local,6,8,7,40,42,6,59,2,5,4,RX,0,102,layer_005_wire_004_RX,-0.0010703094248010019,0.0010703094248010019,False
random_bp,expectation_value,same_entangling_gate_count,bcw_6q_random_bp,hea,RX_RY_RZ_CNOT,none,circular,cnot,local,6,8,7,40,42,6,59,2,5,4,RY,1,103,layer_005_wire_004_RY,-0.0011706632965665705,0.0011706632965665705,False
random_bp,expectation_value,same_entangling_gate_count,bcw_6q_random_bp,hea,RX_RY_RZ_CNOT,none,circular,cnot,local,6,8,7,40,42,6,59,2,5,4,RZ,2,104,layer_005_wire_004_RZ,0.007133483134509342,0.007133483134509342,False
random_bp,expectation_value,same_entangling_gate_count,bcw_6q_random_bp,hea,RX_RY_RZ_CNOT,none,circular,cnot,local,6,8,7,40,42,6,59,2,5,5,RX,0,105,layer_005_wire_005_RX,-0.0578546323647444,0.0578546323647444,False
random_bp,expectation_value,same_entangling_gate_count,bcw_6q_random_bp,hea,RX_RY_RZ_CNOT,none,circular,cnot,local,6,8,7,40,42,6,59,2,5,5,RY,1,106,layer_005_wire_005_RY,0.0024525143718852425,0.0024525143718852425,False
random_bp,expectation_value,same_entangling_gate_count,bcw_6q_random_bp,hea,RX_RY_RZ_CNOT,none,circular,cnot,local,6,8,7,40,42,6,59,2,5,5,RZ,2,107,layer_005_wire_005_RZ,-0.05061116879688901,0.05061116879688901,False
random_bp,expectation_value,same_entangling_gate_count,bcw_6q_random_bp,hea,RX_RY_RZ_CNOT,none,circular,cnot,local,6,8,7,40,42,6,59,2,6,0,RX,0,108,layer_006_wire_000_RX,0.01186087164384201,0.01186087164384201,False
random_bp,expectation_value,same_entangling_gate_count,bcw_6q_random_bp,hea,RX_RY_RZ_CNOT,none,circular,cnot,local,6,8,7,40,42,6,59,2,6,0,RY,1,109,layer_006_wire_000_RY,-0.0884242384380727,0.0884242384380727,False
random_bp,expectation_value,same_entangling_gate_count,bcw_6q_random_bp,hea,RX_RY_RZ_CNOT,none,circular,cnot,local,6,8,7,40,42,6,59,2,6,0,RZ,2,110,layer_006_wire_000_RZ,-1.780038548404541e-18,1.780038548404541e-18,True
random_bp,expectation_value,same_entangling_gate_count,bcw_6q_random_bp,hea,RX_RY_RZ_CNOT,none,circular,cnot,local,6,8,7,40,42,6,59,2,6,1,RX,0,111,layer_006_wire_001_RX,0.028634128562360996,0.028634128562360996,False
random_bp,expectation_value,same_entangling_gate_count,bcw_6q_random_bp,hea,RX_RY_RZ_CNOT,none,circular,cnot,local,6,8,7,40,42,6,59,2,6,1,RY,1,112,layer_006_wire_001_RY,-0.005600030412229745,0.005600030412229745,False
random_bp,expectation_value,same_entangling_gate_count,bcw_6q_random_bp,hea,RX_RY_RZ_CNOT,none,circular,cnot,local,6,8,7,40,42,6,59,2,6,1,RZ,2,113,layer_006_wire_001_RZ,2.220478795449811e-17,2.220478795449811e-17,True
random_bp,expectation_value,same_entangling_gate_count,bcw_6q_random_bp,hea,RX_RY_RZ_CNOT,none,circular,cnot,local,6,8,7,40,42,6,59,2,6,2,RX,0,114,layer_006_wire_002_RX,-0.013098265691523356,0.013098265691523356,False
random_bp,expectation_value,same_entangling_gate_count,bcw_6q_random_bp,hea,RX_RY_RZ_CNOT,none,circular,cnot,local,6,8,7,40,42,6,59,2,6,2,RY,1,115,layer_006_wire_002_RY,-0.0035759130986134273,0.0035759130986134273,False
random_bp,expectation_value,same_entangling_gate_count,bcw_6q_random_bp,hea,RX_RY_RZ_CNOT,none,circular,cnot,local,6,8,7,40,42,6,59,2,6,2,RZ,2,116,layer_006_wire_002_RZ,-5.766291287307446e-20,5.766291287307446e-20,True
random_bp,expectation_value,same_entangling_gate_count,bcw_6q_random_bp,hea,RX_RY_RZ_CNOT,none,circular,cnot,local,6,8,7,40,42,6,59,2,6,3,RX,0,117,layer_006_wire_003_RX,0.02022805608815117,0.02022805608815117,False
random_bp,expectation_value,same_entangling_gate_count,bcw_6q_random_bp,hea,RX_RY_RZ_CNOT,none,circular,cnot,local,6,8,7,40,42,6,59,2,6,3,RY,1,118,layer_006_wire_003_RY,0.010695655918190604,0.010695655918190604,False
random_bp,expectation_value,same_entangling_gate_count,bcw_6q_random_bp,hea,RX_RY_RZ_CNOT,none,circular,cnot,local,6,8,7,40,42,6,59,2,6,3,RZ,2,119,layer_006_wire_003_RZ,1.2702738784276076e-17,1.2702738784276076e-17,True
random_bp,expectation_value,same_entangling_gate_count,bcw_6q_random_bp,hea,RX_RY_RZ_CNOT,none,circular,cnot,local,6,8,7,40,42,6,59,2,6,4,RX,0,120,layer_006_wire_004_RX,-0.00071685729002301,0.00071685729002301,False
random_bp,expectation_value,same_entangling_gate_count,bcw_6q_random_bp,hea,RX_RY_RZ_CNOT,none,circular,cnot,local,6,8,7,40,42,6,59,2,6,4,RY,1,121,layer_006_wire_004_RY,-0.08308180721810147,0.08308180721810147,False
random_bp,expectation_value,same_entangling_gate_count,bcw_6q_random_bp,hea,RX_RY_RZ_CNOT,none,circular,cnot,local,6,8,7,40,42,6,59,2,6,4,RZ,2,122,layer_006_wire_004_RZ,1.3395897030768142e-17,1.3395897030768142e-17,True
random_bp,expectation_value,same_entangling_gate_count,bcw_6q_random_bp,hea,RX_RY_RZ_CNOT,none,circular,cnot,local,6,8,7,40,42,6,59,2,6,5,RX,0,123,layer_006_wire_005_RX,0.014419808192821596,0.014419808192821596,False
random_bp,expectation_value,same_entangling_gate_count,bcw_6q_random_bp,hea,RX_RY_RZ_CNOT,none,circular,cnot,local,6,8,7,40,42,6,59,2,6,5,RY,1,124,layer_006_wire_005_RY,0.03380820671206101,0.03380820671206101,False
random_bp,expectation_value,same_entangling_gate_count,bcw_6q_random_bp,hea,RX_RY_RZ_CNOT,none,circular,cnot,local,6,8,7,40,42,6,59,2,6,5,RZ,2,125,layer_006_wire_005_RZ,-1.9230851584936518e-17,1.9230851584936518e-17,True
random_bp,expectation_value,same_entangling_gate_count,bcw_6q_random_bp,hea,RX_RY_RZ_CNOT,none,linear,cnot,global,6,8,8,40,40,5,60,0,0,0,RX,0,0,layer_000_wire_000_RX,-0.041695935169760855,0.041695935169760855,False
random_bp,expectation_value,same_entangling_gate_count,bcw_6q_random_bp,hea,RX_RY_RZ_CNOT,none,linear,cnot,global,6,8,8,40,40,5,60,0,0,0,RY,1,1,layer_000_wire_000_RY,0.07876659363936292,0.07876659363936292,False
random_bp,expectation_value,same_entangling_gate_count,bcw_6q_random_bp,hea,RX_RY_RZ_CNOT,none,linear,cnot,global,6,8,8,40,40,5,60,0,0,0,RZ,2,2,layer_000_wire_000_RZ,-0.030016048463791925,0.030016048463791925,False
random_bp,expectation_value,same_entangling_gate_count,bcw_6q_random_bp,hea,RX_RY_RZ_CNOT,none,linear,cnot,global,6,8,8,40,40,5,60,0,0,1,RX,0,3,layer_000_wire_001_RX,0.0004694153829010242,0.0004694153829010242,False
random_bp,expectation_value,same_entangling_gate_count,bcw_6q_random_bp,hea,RX_RY_RZ_CNOT,none,linear,cnot,global,6,8,8,40,40,5,60,0,0,1,RY,1,4,layer_000_wire_001_RY,0.023544745249405766,0.023544745249405766,False
random_bp,expectation_value,same_entangling_gate_count,bcw_6q_random_bp,hea,RX_RY_RZ_CNOT,none,linear,cnot,global,6,8,8,40,40,5,60,0,0,1,RZ,2,5,layer_000_wire_001_RZ,-0.001382820746208595,0.001382820746208595,False
random_bp,expectation_value,same_entangling_gate_count,bcw_6q_random_bp,hea,RX_RY_RZ_CNOT,none,linear,cnot,global,6,8,8,40,40,5,60,0,0,2,RX,0,6,layer_000_wire_002_RX,-0.013855656552972738,0.013855656552972738,False
random_bp,expectation_value,same_entangling_gate_count,bcw_6q_random_bp,hea,RX_RY_RZ_CNOT,none,linear,cnot,global,6,8,8,40,40,5,60,0,0,2,RY,1,7,layer_000_wire_002_RY,0.04867855986290277,0.04867855986290277,False
random_bp,expectation_value,same_entangling_gate_count,bcw_6q_random_bp,hea,RX_RY_RZ_CNOT,none,linear,cnot,global,6,8,8,40,40,5,60,0,0,2,RZ,2,8,layer_000_wire_002_RZ,0.018695544739636697,0.018695544739636697,False
random_bp,expectation_value,same_entangling_gate_count,bcw_6q_random_bp,hea,RX_RY_RZ_CNOT,none,linear,cnot,global,6,8,8,40,40,5,60,0,0,3,RX,0,9,layer_000_wire_003_RX,-0.054764650103820735,0.054764650103820735,False
random_bp,expectation_value,same_entangling_gate_count,bcw_6q_random_bp,hea,RX_RY_RZ_CNOT,none,linear,cnot,global,6,8,8,40,40,5,60,0,0,3,RY,1,10,layer_000_wire_003_RY,0.07800802438180712,0.07800802438180712,False
random_bp,expectation_value,same_entangling_gate_count,bcw_6q_random_bp,hea,RX_RY_RZ_CNOT,none,linear,cnot,global,6,8,8,40,40,5,60,0,0,3,RZ,2,11,layer_000_wire_003_RZ,0.06369871565337579,0.06369871565337579,False
random_bp,expectation_value,same_entangling_gate_count,bcw_6q_random_bp,hea,RX_RY_RZ_CNOT,none,linear,cnot,global,6,8,8,40,40,5,60,0,0,4,RX,0,12,layer_000_wire_004_RX,-0.05504947769215139,0.05504947769215139,False
random_bp,expectation_value,same_entangling_gate_count,bcw_6q_random_bp,hea,RX_RY_RZ_CNOT,none,linear,cnot,global,6,8,8,40,40,5,60,0,0,4,RY,1,13,layer_000_wire_004_RY,-0.0009383711406685813,0.0009383711406685813,False
random_bp,expectation_value,same_entangling_gate_count,bcw_6q_random_bp,hea,RX_RY_RZ_CNOT,none,linear,cnot,global,6,8,8,40,40,5,60,0,0,4,RZ,2,14,layer_000_wire_004_RZ,-0.012677464737078101,0.012677464737078101,False
random_bp,expectation_value,same_entangling_gate_count,bcw_6q_random_bp,hea,RX_RY_RZ_CNOT,none,linear,cnot,global,6,8,8,40,40,5,60,0,0,5,RX,0,15,layer_000_wire_005_RX,0.15330772173488358,0.15330772173488358,False
random_bp,expectation_value,same_entangling_gate_count,bcw_6q_random_bp,hea,RX_RY_RZ_CNOT,none,linear,cnot,global,6,8,8,40,40,5,60,0,0,5,RY,1,16,layer_000_wire_005_RY,-0.013635285916670098,0.013635285916670098,False
random_bp,expectation_value,same_entangling_gate_count,bcw_6q_random_bp,hea,RX_RY_RZ_CNOT,none,linear,cnot,global,6,8,8,40,40,5,60,0,0,5,RZ,2,17,layer_000_wire_005_RZ,-0.09850463172018786,0.09850463172018786,False
random_bp,expectation_value,same_entangling_gate_count,bcw_6q_random_bp,hea,RX_RY_RZ_CNOT,none,linear,cnot,global,6,8,8,40,40,5,60,0,1,0,RX,0,18,layer_001_wire_000_RX,0.17310170601401037,0.17310170601401037,False
random_bp,expectation_value,same_entangling_gate_count,bcw_6q_random_bp,hea,RX_RY_RZ_CNOT,none,linear,cnot,global,6,8,8,40,40,5,60,0,1,0,RY,1,19,layer_001_wire_000_RY,-0.0558721965475747,0.0558721965475747,False
random_bp,expectation_value,same_entangling_gate_count,bcw_6q_random_bp,hea,RX_RY_RZ_CNOT,none,linear,cnot,global,6,8,8,40,40,5,60,0,1,0,RZ,2,20,layer_001_wire_000_RZ,0.14744704854083746,0.14744704854083746,False
random_bp,expectation_value,same_entangling_gate_count,bcw_6q_random_bp,hea,RX_RY_RZ_CNOT,none,linear,cnot,global,6,8,8,40,40,5,60,0,1,1,RX,0,21,layer_001_wire_001_RX,0.002472330965474695,0.002472330965474695,False
random_bp,expectation_value,same_entangling_gate_count,bcw_6q_random_bp,hea,RX_RY_RZ_CNOT,none,linear,cnot,global,6,8,8,40,40,5,60,0,1,1,RY,1,22,layer_001_wire_001_RY,0.08012394216379858,0.08012394216379858,False
random_bp,expectation_value,same_entangling_gate_count,bcw_6q_random_bp,hea,RX_RY_RZ_CNOT,none,linear,cnot,global,6,8,8,40,40,5,60,0,1,1,RZ,2,23,layer_001_wire_001_RZ,-0.07687625857776363,0.07687625857776363,False
random_bp,expectation_value,same_entangling_gate_count,bcw_6q_random_bp,hea,RX_RY_RZ_CNOT,none,linear,cnot,global,6,8,8,40,40,5,60,0,1,2,RX,0,24,layer_001_wire_002_RX,0.06609262016809844,0.06609262016809844,False
random_bp,expectation_value,same_entangling_gate_count,bcw_6q_random_bp,hea,RX_RY_RZ_CNOT,none,linear,cnot,global,6,8,8,40,40,5,60,0,1,2,RY,1,25,layer_001_wire_002_RY,-0.07910074760285651,0.07910074760285651,False
random_bp,expectation_value,same_entangling_gate_count,bcw_6q_random_bp,hea,RX_RY_RZ_CNOT,none,linear,cnot,global,6,8,8,40,40,5,60,0,1,2,RZ,2,26,layer_001_wire_002_RZ,-0.05629302235000737,0.05629302235000737,False
random_bp,expectation_value,same_entangling_gate_count,bcw_6q_random_bp,hea,RX_RY_RZ_CNOT,none,linear,cnot,global,6,8,8,40,40,5,60,0,1,3,RX,0,27,layer_001_wire_003_RX,0.014485965458928295,0.014485965458928295,False
random_bp,expectation_value,same_entangling_gate_count,bcw_6q_random_bp,hea,RX_RY_RZ_CNOT,none,linear,cnot,global,6,8,8,40,40,5,60,0,1,3,RY,1,28,layer_001_wire_003_RY,-0.006577086639937668,0.006577086639937668,False
random_bp,expectation_value,same_entangling_gate_count,bcw_6q_random_bp,hea,RX_RY_RZ_CNOT,none,linear,cnot,global,6,8,8,40,40,5,60,0,1,3,RZ,2,29,layer_001_wire_003_RZ,0.001510073769838314,0.001510073769838314,False
random_bp,expectation_value,same_entangling_gate_count,bcw_6q_random_bp,hea,RX_RY_RZ_CNOT,none,linear,cnot,global,6,8,8,40,40,5,60,0,1,4,RX,0,30,layer_001_wire_004_RX,-0.054312956420448394,0.054312956420448394,False
random_bp,expectation_value,same_entangling_gate_count,bcw_6q_random_bp,hea,RX_RY_RZ_CNOT,none,linear,cnot,global,6,8,8,40,40,5,60,0,1,4,RY,1,31,layer_001_wire_004_RY,0.1055730645173472,0.1055730645173472,False
random_bp,expectation_value,same_entangling_gate_count,bcw_6q_random_bp,hea,RX_RY_RZ_CNOT,none,linear,cnot,global,6,8,8,40,40,5,60,0,1,4,RZ,2,32,layer_001_wire_004_RZ,-0.0511682133580286,0.0511682133580286,False
random_bp,expectation_value,same_entangling_gate_count,bcw_6q_random_bp,hea,RX_RY_RZ_CNOT,none,linear,cnot,global,6,8,8,40,40,5,60,0,1,5,RX,0,33,layer_001_wire_005_RX,-0.11296530318478587,0.11296530318478587,False
random_bp,expectation_value,same_entangling_gate_count,bcw_6q_random_bp,hea,RX_RY_RZ_CNOT,none,linear,cnot,global,6,8,8,40,40,5,60,0,1,5,RY,1,34,layer_001_wire_005_RY,0.03841291161225637,0.03841291161225637,False
random_bp,expectation_value,same_entangling_gate_count,bcw_6q_random_bp,hea,RX_RY_RZ_CNOT,none,linear,cnot,global,6,8,8,40,40,5,60,0,1,5,RZ,2,35,layer_001_wire_005_RZ,-0.14400513444369017,0.14400513444369017,False
random_bp,expectation_value,same_entangling_gate_count,bcw_6q_random_bp,hea,RX_RY_RZ_CNOT,none,linear,cnot,global,6,8,8,40,40,5,60,0,2,0,RX,0,36,layer_002_wire_000_RX,0.054326809248052874,0.054326809248052874,False
random_bp,expectation_value,same_entangling_gate_count,bcw_6q_random_bp,hea,RX_RY_RZ_CNOT,none,linear,cnot,global,6,8,8,40,40,5,60,0,2,0,RY,1,37,layer_002_wire_000_RY,0.08521173939205653,0.08521173939205653,False
random_bp,expectation_value,same_entangling_gate_count,bcw_6q_random_bp,hea,RX_RY_RZ_CNOT,none,linear,cnot,global,6,8,8,40,40,5,60,0,2,0,RZ,2,38,layer_002_wire_000_RZ,-0.14267758939360187,0.14267758939360187,False
random_bp,expectation_value,same_entangling_gate_count,bcw_6q_random_bp,hea,RX_RY_RZ_CNOT,none,linear,cnot,global,6,8,8,40,40,5,60,0,2,1,RX,0,39,layer_002_wire_001_RX,-0.02475598264895809,0.02475598264895809,False
random_bp,expectation_value,same_entangling_gate_count,bcw_6q_random_bp,hea,RX_RY_RZ_CNOT,none,linear,cnot,global,6,8,8,40,40,5,60,0,2,1,RY,1,40,layer_002_wire_001_RY,0.025262309528272305,0.025262309528272305,False
random_bp,expectation_value,same_entangling_gate_count,bcw_6q_random_bp,hea,RX_RY_RZ_CNOT,none,linear,cnot,global,6,8,8,40,40,5,60,0,2,1,RZ,2,41,layer_002_wire_001_RZ,-0.04461304268916658,0.04461304268916658,False
random_bp,expectation_value,same_entangling_gate_count,bcw_6q_random_bp,hea,RX_RY_RZ_CNOT,none,linear,cnot,global,6,8,8,40,40,5,60,0,2,2,RX,0,42,layer_002_wire_002_RX,-0.045878497544465414,0.045878497544465414,False
random_bp,expectation_value,same_entangling_gate_count,bcw_6q_random_bp,hea,RX_RY_RZ_CNOT,none,linear,cnot,global,6,8,8,40,40,5,60,0,2,2,RY,1,43,layer_002_wire_002_RY,0.03865227000201983,0.03865227000201983,False
random_bp,expectation_value,same_entangling_gate_count,bcw_6q_random_bp,hea,RX_RY_RZ_CNOT,none,linear,cnot,global,6,8,8,40,40,5,60,0,2,2,RZ,2,44,layer_002_wire_002_RZ,-0.1298348688967847,0.1298348688967847,False
random_bp,expectation_value,same_entangling_gate_count,bcw_6q_random_bp,hea,RX_RY_RZ_CNOT,none,linear,cnot,global,6,8,8,40,40,5,60,0,2,3,RX,0,45,layer_002_wire_003_RX,0.046477298745873294,0.046477298745873294,False
random_bp,expectation_value,same_entangling_gate_count,bcw_6q_random_bp,hea,RX_RY_RZ_CNOT,none,linear,cnot,global,6,8,8,40,40,5,60,0,2,3,RY,1,46,layer_002_wire_003_RY,-0.04956754257765679,0.04956754257765679,False
random_bp,expectation_value,same_entangling_gate_count,bcw_6q_random_bp,hea,RX_RY_RZ_CNOT,none,linear,cnot,global,6,8,8,40,40,5,60,0,2,3,RZ,2,47,layer_002_wire_003_RZ,0.0696027138692132,0.0696027138692132,False
random_bp,expectation_value,same_entangling_gate_count,bcw_6q_random_bp,hea,RX_RY_RZ_CNOT,none,linear,cnot,global,6,8,8,40,40,5,60,0,2,4,RX,0,48,layer_002_wire_004_RX,-0.014860470081723302,0.014860470081723302,False
random_bp,expectation_value,same_entangling_gate_count,bcw_6q_random_bp,hea,RX_RY_RZ_CNOT,none,linear,cnot,global,6,8,8,40,40,5,60,0,2,4,RY,1,49,layer_002_wire_004_RY,0.1290323662760785,0.1290323662760785,False
random_bp,expectation_value,same_entangling_gate_count,bcw_6q_random_bp,hea,RX_RY_RZ_CNOT,none,linear,cnot,global,6,8,8,40,40,5,60,0,2,4,RZ,2,50,layer_002_wire_004_RZ,-0.001479229204774892,0.001479229204774892,False
random_bp,expectation_value,same_entangling_gate_count,bcw_6q_random_bp,hea,RX_RY_RZ_CNOT,none,linear,cnot,global,6,8,8,40,40,5,60,0,2,5,RX,0,51,layer_002_wire_005_RX,-0.0151363083578622,0.0151363083578622,False
random_bp,expectation_value,same_entangling_gate_count,bcw_6q_random_bp,hea,RX_RY_RZ_CNOT,none,linear,cnot,global,6,8,8,40,40,5,60,0,2,5,RY,1,52,layer_002_wire_005_RY,-0.039140544305145825,0.039140544305145825,False
random_bp,expectation_value,same_entangling_gate_count,bcw_6q_random_bp,hea,RX_RY_RZ_CNOT,none,linear,cnot,global,6,8,8,40,40,5,60,0,2,5,RZ,2,53,layer_002_wire_005_RZ,-0.09145762430289661,0.09145762430289661,False
random_bp,expectation_value,same_entangling_gate_count,bcw_6q_random_bp,hea,RX_RY_RZ_CNOT,none,linear,cnot,global,6,8,8,40,40,5,60,0,3,0,RX,0,54,layer_003_wire_000_RX,0.14735656785777732,0.14735656785777732,False
random_bp,expectation_value,same_entangling_gate_count,bcw_6q_random_bp,hea,RX_RY_RZ_CNOT,none,linear,cnot,global,6,8,8,40,40,5,60,0,3,0,RY,1,55,layer_003_wire_000_RY,-0.1360327773292236,0.1360327773292236,False
random_bp,expectation_value,same_entangling_gate_count,bcw_6q_random_bp,hea,RX_RY_RZ_CNOT,none,linear,cnot,global,6,8,8,40,40,5,60,0,3,0,RZ,2,56,layer_003_wire_000_RZ,0.14905274147419997,0.14905274147419997,False
random_bp,expectation_value,same_entangling_gate_count,bcw_6q_random_bp,hea,RX_RY_RZ_CNOT,none,linear,cnot,global,6,8,8,40,40,5,60,0,3,1,RX,0,57,layer_003_wire_001_RX,0.0051017905908758016,0.0051017905908758016,False
random_bp,expectation_value,same_entangling_gate_count,bcw_6q_random_bp,hea,RX_RY_RZ_CNOT,none,linear,cnot,global,6,8,8,40,40,5,60,0,3,1,RY,1,58,layer_003_wire_001_RY,-0.11648162140050919,0.11648162140050919,False
random_bp,expectation_value,same_entangling_gate_count,bcw_6q_random_bp,hea,RX_RY_RZ_CNOT,none,linear,cnot,global,6,8,8,40,40,5,60,0,3,1,RZ,2,59,layer_003_wire_001_RZ,-0.008082013212913122,0.008082013212913122,False
random_bp,expectation_value,same_entangling_gate_count,bcw_6q_random_bp,hea,RX_RY_RZ_CNOT,none,linear,cnot,global,6,8,8,40,40,5,60,0,3,2,RX,0,60,layer_003_wire_002_RX,0.081142085047921,0.081142085047921,False
random_bp,expectation_value,same_entangling_gate_count,bcw_6q_random_bp,hea,RX_RY_RZ_CNOT,none,linear,cnot,global,6,8,8,40,40,5,60,0,3,2,RY,1,61,layer_003_wire_002_RY,-0.18964918350624177,0.18964918350624177,False
random_bp,expectation_value,same_entangling_gate_count,bcw_6q_random_bp,hea,RX_RY_RZ_CNOT,none,linear,cnot,global,6,8,8,40,40,5,60,0,3,2,RZ,2,62,layer_003_wire_002_RZ,0.08423435795195852,0.08423435795195852,False
random_bp,expectation_value,same_entangling_gate_count,bcw_6q_random_bp,hea,RX_RY_RZ_CNOT,none,linear,cnot,global,6,8,8,40,40,5,60,0,3,3,RX,0,63,layer_003_wire_003_RX,0.04854054885208916,0.04854054885208916,False
random_bp,expectation_value,same_entangling_gate_count,bcw_6q_random_bp,hea,RX_RY_RZ_CNOT,none,linear,cnot,global,6,8,8,40,40,5,60,0,3,3,RY,1,64,layer_003_wire_003_RY,0.1962606206888078,0.1962606206888078,False
random_bp,expectation_value,same_entangling_gate_count,bcw_6q_random_bp,hea,RX_RY_RZ_CNOT,none,linear,cnot,global,6,8,8,40,40,5,60,0,3,3,RZ,2,65,layer_003_wire_003_RZ,0.04477382339101753,0.04477382339101753,False
random_bp,expectation_value,same_entangling_gate_count,bcw_6q_random_bp,hea,RX_RY_RZ_CNOT,none,linear,cnot,global,6,8,8,40,40,5,60,0,3,4,RX,0,66,layer_003_wire_004_RX,0.044880254663670835,0.044880254663670835,False
random_bp,expectation_value,same_entangling_gate_count,bcw_6q_random_bp,hea,RX_RY_RZ_CNOT,none,linear,cnot,global,6,8,8,40,40,5,60,0,3,4,RY,1,67,layer_003_wire_004_RY,-0.018758292256151173,0.018758292256151173,False
random_bp,expectation_value,same_entangling_gate_count,bcw_6q_random_bp,hea,RX_RY_RZ_CNOT,none,linear,cnot,global,6,8,8,40,40,5,60,0,3,4,RZ,2,68,layer_003_wire_004_RZ,0.002511980375648362,0.002511980375648362,False
random_bp,expectation_value,same_entangling_gate_count,bcw_6q_random_bp,hea,RX_RY_RZ_CNOT,none,linear,cnot,global,6,8,8,40,40,5,60,0,3,5,RX,0,69,layer_003_wire_005_RX,-0.11762743788337496,0.11762743788337496,False
random_bp,expectation_value,same_entangling_gate_count,bcw_6q_random_bp,hea,RX_RY_RZ_CNOT,none,linear,cnot,global,6,8,8,40,40,5,60,0,3,5,RY,1,70,layer_003_wire_005_RY,-0.012333112118627393,0.012333112118627393,False
random_bp,expectation_value,same_entangling_gate_count,bcw_6q_random_bp,hea,RX_RY_RZ_CNOT,none,linear,cnot,global,6,8,8,40,40,5,60,0,3,5,RZ,2,71,layer_003_wire_005_RZ,0.06344976591810259,0.06344976591810259,False
random_bp,expectation_value,same_entangling_gate_count,bcw_6q_random_bp,hea,RX_RY_RZ_CNOT,none,linear,cnot,global,6,8,8,40,40,5,60,0,4,0,RX,0,72,layer_004_wire_000_RX,-0.05209045920918751,0.05209045920918751,False
random_bp,expectation_value,same_entangling_gate_count,bcw_6q_random_bp,hea,RX_RY_RZ_CNOT,none,linear,cnot,global,6,8,8,40,40,5,60,0,4,0,RY,1,73,layer_004_wire_000_RY,-0.002045795236832241,0.002045795236832241,False
random_bp,expectation_value,same_entangling_gate_count,bcw_6q_random_bp,hea,RX_RY_RZ_CNOT,none,linear,cnot,global,6,8,8,40,40,5,60,0,4,0,RZ,2,74,layer_004_wire_000_RZ,-0.13979604443960564,0.13979604443960564,False
random_bp,expectation_value,same_entangling_gate_count,bcw_6q_random_bp,hea,RX_RY_RZ_CNOT,none,linear,cnot,global,6,8,8,40,40,5,60,0,4,1,RX,0,75,layer_004_wire_001_RX,-0.006628357137353359,0.006628357137353359,False
random_bp,expectation_value,same_entangling_gate_count,bcw_6q_random_bp,hea,RX_RY_RZ_CNOT,none,linear,cnot,global,6,8,8,40,40,5,60,0,4,1,RY,1,76,layer_004_wire_001_RY,-0.03388866568198453,0.03388866568198453,False
random_bp,expectation_value,same_entangling_gate_count,bcw_6q_random_bp,hea,RX_RY_RZ_CNOT,none,linear,cnot,global,6,8,8,40,40,5,60,0,4,1,RZ,2,77,layer_004_wire_001_RZ,-0.07874817204994497,0.07874817204994497,False
random_bp,expectation_value,same_entangling_gate_count,bcw_6q_random_bp,hea,RX_RY_RZ_CNOT,none,linear,cnot,global,6,8,8,40,40,5,60,0,4,2,RX,0,78,layer_004_wire_002_RX,-0.06874454110775047,0.06874454110775047,False
random_bp,expectation_value,same_entangling_gate_count,bcw_6q_random_bp,hea,RX_RY_RZ_CNOT,none,linear,cnot,global,6,8,8,40,40,5,60,0,4,2,RY,1,79,layer_004_wire_002_RY,-0.03830656629231764,0.03830656629231764,False
random_bp,expectation_value,same_entangling_gate_count,bcw_6q_random_bp,hea,RX_RY_RZ_CNOT,none,linear,cnot,global,6,8,8,40,40,5,60,0,4,2,RZ,2,80,layer_004_wire_002_RZ,0.08029191044437464,0.08029191044437464,False
random_bp,expectation_value,same_entangling_gate_count,bcw_6q_random_bp,hea,RX_RY_RZ_CNOT,none,linear,cnot,global,6,8,8,40,40,5,60,0,4,3,RX,0,81,layer_004_wire_003_RX,-0.129654810141273,0.129654810141273,False
random_bp,expectation_value,same_entangling_gate_count,bcw_6q_random_bp,hea,RX_RY_RZ_CNOT,none,linear,cnot,global,6,8,8,40,40,5,60,0,4,3,RY,1,82,layer_004_wire_003_RY,0.07456619356672561,0.07456619356672561,False
random_bp,expectation_value,same_entangling_gate_count,bcw_6q_random_bp,hea,RX_RY_RZ_CNOT,none,linear,cnot,global,6,8,8,40,40,5,60,0,4,3,RZ,2,83,layer_004_wire_003_RZ,0.0323416124260937,0.0323416124260937,False
random_bp,expectation_value,same_entangling_gate_count,bcw_6q_random_bp,hea,RX_RY_RZ_CNOT,none,linear,cnot,global,6,8,8,40,40,5,60,0,4,4,RX,0,84,layer_004_wire_004_RX,-0.2091846373032886,0.2091846373032886,False
random_bp,expectation_value,same_entangling_gate_count,bcw_6q_random_bp,hea,RX_RY_RZ_CNOT,none,linear,cnot,global,6,8,8,40,40,5,60,0,4,4,RY,1,85,layer_004_wire_004_RY,-0.06380246231540163,0.06380246231540163,False
random_bp,expectation_value,same_entangling_gate_count,bcw_6q_random_bp,hea,RX_RY_RZ_CNOT,none,linear,cnot,global,6,8,8,40,40,5,60,0,4,4,RZ,2,86,layer_004_wire_004_RZ,0.21210471826169708,0.21210471826169708,False
random_bp,expectation_value,same_entangling_gate_count,bcw_6q_random_bp,hea,RX_RY_RZ_CNOT,none,linear,cnot,global,6,8,8,40,40,5,60,0,4,5,RX,0,87,layer_004_wire_005_RX,0.09874786581515725,0.09874786581515725,False
random_bp,expectation_value,same_entangling_gate_count,bcw_6q_random_bp,hea,RX_RY_RZ_CNOT,none,linear,cnot,global,6,8,8,40,40,5,60,0,4,5,RY,1,88,layer_004_wire_005_RY,0.1307210905826598,0.1307210905826598,False
random_bp,expectation_value,same_entangling_gate_count,bcw_6q_random_bp,hea,RX_RY_RZ_CNOT,none,linear,cnot,global,6,8,8,40,40,5,60,0,4,5,RZ,2,89,layer_004_wire_005_RZ,-0.0006765661147698524,0.0006765661147698524,False
random_bp,expectation_value,same_entangling_gate_count,bcw_6q_random_bp,hea,RX_RY_RZ_CNOT,none,linear,cnot,global,6,8,8,40,40,5,60,0,5,0,RX,0,90,layer_005_wire_000_RX,-0.047311671425562515,0.047311671425562515,False
random_bp,expectation_value,same_entangling_gate_count,bcw_6q_random_bp,hea,RX_RY_RZ_CNOT,none,linear,cnot,global,6,8,8,40,40,5,60,0,5,0,RY,1,91,layer_005_wire_000_RY,-0.07485404145835815,0.07485404145835815,False
random_bp,expectation_value,same_entangling_gate_count,bcw_6q_random_bp,hea,RX_RY_RZ_CNOT,none,linear,cnot,global,6,8,8,40,40,5,60,0,5,0,RZ,2,92,layer_005_wire_000_RZ,-0.17905729525055056,0.17905729525055056,False
random_bp,expectation_value,same_entangling_gate_count,bcw_6q_random_bp,hea,RX_RY_RZ_CNOT,none,linear,cnot,global,6,8,8,40,40,5,60,0,5,1,RX,0,93,layer_005_wire_001_RX,0.06709433211605743,0.06709433211605743,False
random_bp,expectation_value,same_entangling_gate_count,bcw_6q_random_bp,hea,RX_RY_RZ_CNOT,none,linear,cnot,global,6,8,8,40,40,5,60,0,5,1,RY,1,94,layer_005_wire_001_RY,0.04460777659379904,0.04460777659379904,False
random_bp,expectation_value,same_entangling_gate_count,bcw_6q_random_bp,hea,RX_RY_RZ_CNOT,none,linear,cnot,global,6,8,8,40,40,5,60,0,5,1,RZ,2,95,layer_005_wire_001_RZ,-0.02152410564553186,0.02152410564553186,False
random_bp,expectation_value,same_entangling_gate_count,bcw_6q_random_bp,hea,RX_RY_RZ_CNOT,none,linear,cnot,global,6,8,8,40,40,5,60,0,5,2,RX,0,96,layer_005_wire_002_RX,0.050551682370855736,0.050551682370855736,False
random_bp,expectation_value,same_entangling_gate_count,bcw_6q_random_bp,hea,RX_RY_RZ_CNOT,none,linear,cnot,global,6,8,8,40,40,5,60,0,5,2,RY,1,97,layer_005_wire_002_RY,0.06602340358054472,0.06602340358054472,False
random_bp,expectation_value,same_entangling_gate_count,bcw_6q_random_bp,hea,RX_RY_RZ_CNOT,none,linear,cnot,global,6,8,8,40,40,5,60,0,5,2,RZ,2,98,layer_005_wire_002_RZ,-0.03631696420493826,0.03631696420493826,False
random_bp,expectation_value,same_entangling_gate_count,bcw_6q_random_bp,hea,RX_RY_RZ_CNOT,none,linear,cnot,global,6,8,8,40,40,5,60,0,5,3,RX,0,99,layer_005_wire_003_RX,0.04559131387279684,0.04559131387279684,False
random_bp,expectation_value,same_entangling_gate_count,bcw_6q_random_bp,hea,RX_RY_RZ_CNOT,none,linear,cnot,global,6,8,8,40,40,5,60,0,5,3,RY,1,100,layer_005_wire_003_RY,0.14898834602517252,0.14898834602517252,False
random_bp,expectation_value,same_entangling_gate_count,bcw_6q_random_bp,hea,RX_RY_RZ_CNOT,none,linear,cnot,global,6,8,8,40,40,5,60,0,5,3,RZ,2,101,layer_005_wire_003_RZ,-0.1348876389839283,0.1348876389839283,False
random_bp,expectation_value,same_entangling_gate_count,bcw_6q_random_bp,hea,RX_RY_RZ_CNOT,none,linear,cnot,global,6,8,8,40,40,5,60,0,5,4,RX,0,102,layer_005_wire_004_RX,0.04728021115983079,0.04728021115983079,False
random_bp,expectation_value,same_entangling_gate_count,bcw_6q_random_bp,hea,RX_RY_RZ_CNOT,none,linear,cnot,global,6,8,8,40,40,5,60,0,5,4,RY,1,103,layer_005_wire_004_RY,-0.09810861900554417,0.09810861900554417,False
random_bp,expectation_value,same_entangling_gate_count,bcw_6q_random_bp,hea,RX_RY_RZ_CNOT,none,linear,cnot,global,6,8,8,40,40,5,60,0,5,4,RZ,2,104,layer_005_wire_004_RZ,0.08555588601830515,0.08555588601830515,False
random_bp,expectation_value,same_entangling_gate_count,bcw_6q_random_bp,hea,RX_RY_RZ_CNOT,none,linear,cnot,global,6,8,8,40,40,5,60,0,5,5,RX,0,105,layer_005_wire_005_RX,-0.14696565047248952,0.14696565047248952,False
random_bp,expectation_value,same_entangling_gate_count,bcw_6q_random_bp,hea,RX_RY_RZ_CNOT,none,linear,cnot,global,6,8,8,40,40,5,60,0,5,5,RY,1,106,layer_005_wire_005_RY,0.0728938532901996,0.0728938532901996,False
random_bp,expectation_value,same_entangling_gate_count,bcw_6q_random_bp,hea,RX_RY_RZ_CNOT,none,linear,cnot,global,6,8,8,40,40,5,60,0,5,5,RZ,2,107,layer_005_wire_005_RZ,0.0074968381896914505,0.0074968381896914505,False
random_bp,expectation_value,same_entangling_gate_count,bcw_6q_random_bp,hea,RX_RY_RZ_CNOT,none,linear,cnot,global,6,8,8,40,40,5,60,0,6,0,RX,0,108,layer_006_wire_000_RX,0.020754709497470984,0.020754709497470984,False
random_bp,expectation_value,same_entangling_gate_count,bcw_6q_random_bp,hea,RX_RY_RZ_CNOT,none,linear,cnot,global,6,8,8,40,40,5,60,0,6,0,RY,1,109,layer_006_wire_000_RY,-0.008556729581818481,0.008556729581818481,False
random_bp,expectation_value,same_entangling_gate_count,bcw_6q_random_bp,hea,RX_RY_RZ_CNOT,none,linear,cnot,global,6,8,8,40,40,5,60,0,6,0,RZ,2,110,layer_006_wire_000_RZ,-7.051468045883004e-17,7.051468045883004e-17,True
random_bp,expectation_value,same_entangling_gate_count,bcw_6q_random_bp,hea,RX_RY_RZ_CNOT,none,linear,cnot,global,6,8,8,40,40,5,60,0,6,1,RX,0,111,layer_006_wire_001_RX,0.17341127947842494,0.17341127947842494,False
random_bp,expectation_value,same_entangling_gate_count,bcw_6q_random_bp,hea,RX_RY_RZ_CNOT,none,linear,cnot,global,6,8,8,40,40,5,60,0,6,1,RY,1,112,layer_006_wire_001_RY,0.0005355085173037732,0.0005355085173037732,False
random_bp,expectation_value,same_entangling_gate_count,bcw_6q_random_bp,hea,RX_RY_RZ_CNOT,none,linear,cnot,global,6,8,8,40,40,5,60,0,6,1,RZ,2,113,layer_006_wire_001_RZ,-0.15758153036613037,0.15758153036613037,False
random_bp,expectation_value,same_entangling_gate_count,bcw_6q_random_bp,hea,RX_RY_RZ_CNOT,none,linear,cnot,global,6,8,8,40,40,5,60,0,6,2,RX,0,114,layer_006_wire_002_RX,-0.23282705544759116,0.23282705544759116,False
random_bp,expectation_value,same_entangling_gate_count,bcw_6q_random_bp,hea,RX_RY_RZ_CNOT,none,linear,cnot,global,6,8,8,40,40,5,60,0,6,2,RY,1,115,layer_006_wire_002_RY,0.0651601839978285,0.0651601839978285,False
random_bp,expectation_value,same_entangling_gate_count,bcw_6q_random_bp,hea,RX_RY_RZ_CNOT,none,linear,cnot,global,6,8,8,40,40,5,60,0,6,2,RZ,2,116,layer_006_wire_002_RZ,-0.028164502744546925,0.028164502744546925,False
random_bp,expectation_value,same_entangling_gate_count,bcw_6q_random_bp,hea,RX_RY_RZ_CNOT,none,linear,cnot,global,6,8,8,40,40,5,60,0,6,3,RX,0,117,layer_006_wire_003_RX,0.20863757343567166,0.20863757343567166,False
random_bp,expectation_value,same_entangling_gate_count,bcw_6q_random_bp,hea,RX_RY_RZ_CNOT,none,linear,cnot,global,6,8,8,40,40,5,60,0,6,3,RY,1,118,layer_006_wire_003_RY,0.06168664772352496,0.06168664772352496,False
random_bp,expectation_value,same_entangling_gate_count,bcw_6q_random_bp,hea,RX_RY_RZ_CNOT,none,linear,cnot,global,6,8,8,40,40,5,60,0,6,3,RZ,2,119,layer_006_wire_003_RZ,-0.2411958261259805,0.2411958261259805,False
random_bp,expectation_value,same_entangling_gate_count,bcw_6q_random_bp,hea,RX_RY_RZ_CNOT,none,linear,cnot,global,6,8,8,40,40,5,60,0,6,4,RX,0,120,layer_006_wire_004_RX,0.0607888814507192,0.0607888814507192,False
random_bp,expectation_value,same_entangling_gate_count,bcw_6q_random_bp,hea,RX_RY_RZ_CNOT,none,linear,cnot,global,6,8,8,40,40,5,60,0,6,4,RY,1,121,layer_006_wire_004_RY,-0.021444566638142537,0.021444566638142537,False
random_bp,expectation_value,same_entangling_gate_count,bcw_6q_random_bp,hea,RX_RY_RZ_CNOT,none,linear,cnot,global,6,8,8,40,40,5,60,0,6,4,RZ,2,122,layer_006_wire_004_RZ,0.20052601747210524,0.20052601747210524,False
random_bp,expectation_value,same_entangling_gate_count,bcw_6q_random_bp,hea,RX_RY_RZ_CNOT,none,linear,cnot,global,6,8,8,40,40,5,60,0,6,5,RX,0,123,layer_006_wire_005_RX,0.1144388541117224,0.1144388541117224,False
random_bp,expectation_value,same_entangling_gate_count,bcw_6q_random_bp,hea,RX_RY_RZ_CNOT,none,linear,cnot,global,6,8,8,40,40,5,60,0,6,5,RY,1,124,layer_006_wire_005_RY,-0.06938711820313198,0.06938711820313198,False
random_bp,expectation_value,same_entangling_gate_count,bcw_6q_random_bp,hea,RX_RY_RZ_CNOT,none,linear,cnot,global,6,8,8,40,40,5,60,0,6,5,RZ,2,125,layer_006_wire_005_RZ,0.10939625906902166,0.10939625906902166,False
random_bp,expectation_value,same_entangling_gate_count,bcw_6q_random_bp,hea,RX_RY_RZ_CNOT,none,linear,cnot,global,6,8,8,40,40,5,60,0,7,0,RX,0,126,layer_007_wire_000_RX,-2.7755575615628914e-17,2.7755575615628914e-17,True
random_bp,expectation_value,same_entangling_gate_count,bcw_6q_random_bp,hea,RX_RY_RZ_CNOT,none,linear,cnot,global,6,8,8,40,40,5,60,0,7,0,RY,1,127,layer_007_wire_000_RY,-2.7755575615628914e-17,2.7755575615628914e-17,True
random_bp,expectation_value,same_entangling_gate_count,bcw_6q_random_bp,hea,RX_RY_RZ_CNOT,none,linear,cnot,global,6,8,8,40,40,5,60,0,7,0,RZ,2,128,layer_007_wire_000_RZ,-1.8441015096021375e-17,1.8441015096021375e-17,True
random_bp,expectation_value,same_entangling_gate_count,bcw_6q_random_bp,hea,RX_RY_RZ_CNOT,none,linear,cnot,global,6,8,8,40,40,5,60,0,7,1,RX,0,129,layer_007_wire_001_RX,0.006517220249146832,0.006517220249146832,False
random_bp,expectation_value,same_entangling_gate_count,bcw_6q_random_bp,hea,RX_RY_RZ_CNOT,none,linear,cnot,global,6,8,8,40,40,5,60,0,7,1,RY,1,130,layer_007_wire_001_RY,-0.018711157761038787,0.018711157761038787,False
random_bp,expectation_value,same_entangling_gate_count,bcw_6q_random_bp,hea,RX_RY_RZ_CNOT,none,linear,cnot,global,6,8,8,40,40,5,60,0,7,1,RZ,2,131,layer_007_wire_001_RZ,-1.6979785166077354e-17,1.6979785166077354e-17,True
random_bp,expectation_value,same_entangling_gate_count,bcw_6q_random_bp,hea,RX_RY_RZ_CNOT,none,linear,cnot,global,6,8,8,40,40,5,60,0,7,2,RX,0,132,layer_007_wire_002_RX,0.0,0.0,True
random_bp,expectation_value,same_entangling_gate_count,bcw_6q_random_bp,hea,RX_RY_RZ_CNOT,none,linear,cnot,global,6,8,8,40,40,5,60,0,7,2,RY,1,133,layer_007_wire_002_RY,0.0,0.0,True
random_bp,expectation_value,same_entangling_gate_count,bcw_6q_random_bp,hea,RX_RY_RZ_CNOT,none,linear,cnot,global,6,8,8,40,40,5,60,0,7,2,RZ,2,134,layer_007_wire_002_RZ,1.2946729047898517e-17,1.2946729047898517e-17,True
random_bp,expectation_value,same_entangling_gate_count,bcw_6q_random_bp,hea,RX_RY_RZ_CNOT,none,linear,cnot,global,6,8,8,40,40,5,60,0,7,3,RX,0,135,layer_007_wire_003_RX,0.029743173400198608,0.029743173400198608,False
random_bp,expectation_value,same_entangling_gate_count,bcw_6q_random_bp,hea,RX_RY_RZ_CNOT,none,linear,cnot,global,6,8,8,40,40,5,60,0,7,3,RY,1,136,layer_007_wire_003_RY,0.3011843772917564,0.3011843772917564,False
random_bp,expectation_value,same_entangling_gate_count,bcw_6q_random_bp,hea,RX_RY_RZ_CNOT,none,linear,cnot,global,6,8,8,40,40,5,60,0,7,3,RZ,2,137,layer_007_wire_003_RZ,3.677329693730991e-18,3.677329693730991e-18,True
random_bp,expectation_value,same_entangling_gate_count,bcw_6q_random_bp,hea,RX_RY_RZ_CNOT,none,linear,cnot,global,6,8,8,40,40,5,60,0,7,4,RX,0,138,layer_007_wire_004_RX,2.0816681711721685e-17,2.0816681711721685e-17,True
random_bp,expectation_value,same_entangling_gate_count,bcw_6q_random_bp,hea,RX_RY_RZ_CNOT,none,linear,cnot,global,6,8,8,40,40,5,60,0,7,4,RY,1,139,layer_007_wire_004_RY,4.163336342344337e-17,4.163336342344337e-17,True
random_bp,expectation_value,same_entangling_gate_count,bcw_6q_random_bp,hea,RX_RY_RZ_CNOT,none,linear,cnot,global,6,8,8,40,40,5,60,0,7,4,RZ,2,140,layer_007_wire_004_RZ,-2.5362883109701478e-17,2.5362883109701478e-17,True
random_bp,expectation_value,same_entangling_gate_count,bcw_6q_random_bp,hea,RX_RY_RZ_CNOT,none,linear,cnot,global,6,8,8,40,40,5,60,0,7,5,RX,0,141,layer_007_wire_005_RX,-0.07418707771614794,0.07418707771614794,False
random_bp,expectation_value,same_entangling_gate_count,bcw_6q_random_bp,hea,RX_RY_RZ_CNOT,none,linear,cnot,global,6,8,8,40,40,5,60,0,7,5,RY,1,142,layer_007_wire_005_RY,-0.07161859635077242,0.07161859635077242,False
random_bp,expectation_value,same_entangling_gate_count,bcw_6q_random_bp,hea,RX_RY_RZ_CNOT,none,linear,cnot,global,6,8,8,40,40,5,60,0,7,5,RZ,2,143,layer_007_wire_005_RZ,8.520154762776515e-18,8.520154762776515e-18,True
random_bp,expectation_value,same_entangling_gate_count,bcw_6q_random_bp,hea,RX_RY_RZ_CNOT,none,linear,cnot,global,6,8,8,40,40,5,61,1,0,0,RX,0,0,layer_000_wire_000_RX,-0.07495736070723122,0.07495736070723122,False
random_bp,expectation_value,same_entangling_gate_count,bcw_6q_random_bp,hea,RX_RY_RZ_CNOT,none,linear,cnot,global,6,8,8,40,40,5,61,1,0,0,RY,1,1,layer_000_wire_000_RY,0.06926041572434555,0.06926041572434555,False
random_bp,expectation_value,same_entangling_gate_count,bcw_6q_random_bp,hea,RX_RY_RZ_CNOT,none,linear,cnot,global,6,8,8,40,40,5,61,1,0,0,RZ,2,2,layer_000_wire_000_RZ,0.01804896570667437,0.01804896570667437,False
random_bp,expectation_value,same_entangling_gate_count,bcw_6q_random_bp,hea,RX_RY_RZ_CNOT,none,linear,cnot,global,6,8,8,40,40,5,61,1,0,1,RX,0,3,layer_000_wire_001_RX,0.01555387616156896,0.01555387616156896,False
random_bp,expectation_value,same_entangling_gate_count,bcw_6q_random_bp,hea,RX_RY_RZ_CNOT,none,linear,cnot,global,6,8,8,40,40,5,61,1,0,1,RY,1,4,layer_000_wire_001_RY,-0.034309936955954495,0.034309936955954495,False
random_bp,expectation_value,same_entangling_gate_count,bcw_6q_random_bp,hea,RX_RY_RZ_CNOT,none,linear,cnot,global,6,8,8,40,40,5,61,1,0,1,RZ,2,5,layer_000_wire_001_RZ,0.018739897023834592,0.018739897023834592,False
random_bp,expectation_value,same_entangling_gate_count,bcw_6q_random_bp,hea,RX_RY_RZ_CNOT,none,linear,cnot,global,6,8,8,40,40,5,61,1,0,2,RX,0,6,layer_000_wire_002_RX,-0.11551216919015267,0.11551216919015267,False
random_bp,expectation_value,same_entangling_gate_count,bcw_6q_random_bp,hea,RX_RY_RZ_CNOT,none,linear,cnot,global,6,8,8,40,40,5,61,1,0,2,RY,1,7,layer_000_wire_002_RY,0.032473791160836,0.032473791160836,False
random_bp,expectation_value,same_entangling_gate_count,bcw_6q_random_bp,hea,RX_RY_RZ_CNOT,none,linear,cnot,global,6,8,8,40,40,5,61,1,0,2,RZ,2,8,layer_000_wire_002_RZ,-0.11384455704681637,0.11384455704681637,False
random_bp,expectation_value,same_entangling_gate_count,bcw_6q_random_bp,hea,RX_RY_RZ_CNOT,none,linear,cnot,global,6,8,8,40,40,5,61,1,0,3,RX,0,9,layer_000_wire_003_RX,0.1789208538779279,0.1789208538779279,False
random_bp,expectation_value,same_entangling_gate_count,bcw_6q_random_bp,hea,RX_RY_RZ_CNOT,none,linear,cnot,global,6,8,8,40,40,5,61,1,0,3,RY,1,10,layer_000_wire_003_RY,-0.030185095338774247,0.030185095338774247,False
random_bp,expectation_value,same_entangling_gate_count,bcw_6q_random_bp,hea,RX_RY_RZ_CNOT,none,linear,cnot,global,6,8,8,40,40,5,61,1,0,3,RZ,2,11,layer_000_wire_003_RZ,-0.17876073497747005,0.17876073497747005,False
random_bp,expectation_value,same_entangling_gate_count,bcw_6q_random_bp,hea,RX_RY_RZ_CNOT,none,linear,cnot,global,6,8,8,40,40,5,61,1,0,4,RX,0,12,layer_000_wire_004_RX,0.1332760225690758,0.1332760225690758,False
random_bp,expectation_value,same_entangling_gate_count,bcw_6q_random_bp,hea,RX_RY_RZ_CNOT,none,linear,cnot,global,6,8,8,40,40,5,61,1,0,4,RY,1,13,layer_000_wire_004_RY,-0.03680835074675017,0.03680835074675017,False
random_bp,expectation_value,same_entangling_gate_count,bcw_6q_random_bp,hea,RX_RY_RZ_CNOT,none,linear,cnot,global,6,8,8,40,40,5,61,1,0,4,RZ,2,14,layer_000_wire_004_RZ,-0.14548372639032148,0.14548372639032148,False
random_bp,expectation_value,same_entangling_gate_count,bcw_6q_random_bp,hea,RX_RY_RZ_CNOT,none,linear,cnot,global,6,8,8,40,40,5,61,1,0,5,RX,0,15,layer_000_wire_005_RX,-0.1462230569156356,0.1462230569156356,False
random_bp,expectation_value,same_entangling_gate_count,bcw_6q_random_bp,hea,RX_RY_RZ_CNOT,none,linear,cnot,global,6,8,8,40,40,5,61,1,0,5,RY,1,16,layer_000_wire_005_RY,0.20065934494328042,0.20065934494328042,False
random_bp,expectation_value,same_entangling_gate_count,bcw_6q_random_bp,hea,RX_RY_RZ_CNOT,none,linear,cnot,global,6,8,8,40,40,5,61,1,0,5,RZ,2,17,layer_000_wire_005_RZ,-0.06891307808455105,0.06891307808455105,False
random_bp,expectation_value,same_entangling_gate_count,bcw_6q_random_bp,hea,RX_RY_RZ_CNOT,none,linear,cnot,global,6,8,8,40,40,5,61,1,1,0,RX,0,18,layer_001_wire_000_RX,-0.018043524737657975,0.018043524737657975,False
random_bp,expectation_value,same_entangling_gate_count,bcw_6q_random_bp,hea,RX_RY_RZ_CNOT,none,linear,cnot,global,6,8,8,40,40,5,61,1,1,0,RY,1,19,layer_001_wire_000_RY,0.048543531018364575,0.048543531018364575,False
random_bp,expectation_value,same_entangling_gate_count,bcw_6q_random_bp,hea,RX_RY_RZ_CNOT,none,linear,cnot,global,6,8,8,40,40,5,61,1,1,0,RZ,2,20,layer_001_wire_000_RZ,-0.010366839186195614,0.010366839186195614,False
random_bp,expectation_value,same_entangling_gate_count,bcw_6q_random_bp,hea,RX_RY_RZ_CNOT,none,linear,cnot,global,6,8,8,40,40,5,61,1,1,1,RX,0,21,layer_001_wire_001_RX,-0.010983180072008263,0.010983180072008263,False
random_bp,expectation_value,same_entangling_gate_count,bcw_6q_random_bp,hea,RX_RY_RZ_CNOT,none,linear,cnot,global,6,8,8,40,40,5,61,1,1,1,RY,1,22,layer_001_wire_001_RY,-0.038295014334458005,0.038295014334458005,False
random_bp,expectation_value,same_entangling_gate_count,bcw_6q_random_bp,hea,RX_RY_RZ_CNOT,none,linear,cnot,global,6,8,8,40,40,5,61,1,1,1,RZ,2,23,layer_001_wire_001_RZ,0.06469639750336892,0.06469639750336892,False
random_bp,expectation_value,same_entangling_gate_count,bcw_6q_random_bp,hea,RX_RY_RZ_CNOT,none,linear,cnot,global,6,8,8,40,40,5,61,1,1,2,RX,0,24,layer_001_wire_002_RX,0.07790641694492943,0.07790641694492943,False
random_bp,expectation_value,same_entangling_gate_count,bcw_6q_random_bp,hea,RX_RY_RZ_CNOT,none,linear,cnot,global,6,8,8,40,40,5,61,1,1,2,RY,1,25,layer_001_wire_002_RY,-0.06421152650253273,0.06421152650253273,False
random_bp,expectation_value,same_entangling_gate_count,bcw_6q_random_bp,hea,RX_RY_RZ_CNOT,none,linear,cnot,global,6,8,8,40,40,5,61,1,1,2,RZ,2,26,layer_001_wire_002_RZ,-0.0797943307552074,0.0797943307552074,False
random_bp,expectation_value,same_entangling_gate_count,bcw_6q_random_bp,hea,RX_RY_RZ_CNOT,none,linear,cnot,global,6,8,8,40,40,5,61,1,1,3,RX,0,27,layer_001_wire_003_RX,0.022100419687983278,0.022100419687983278,False
random_bp,expectation_value,same_entangling_gate_count,bcw_6q_random_bp,hea,RX_RY_RZ_CNOT,none,linear,cnot,global,6,8,8,40,40,5,61,1,1,3,RY,1,28,layer_001_wire_003_RY,0.02831981900461123,0.02831981900461123,False
random_bp,expectation_value,same_entangling_gate_count,bcw_6q_random_bp,hea,RX_RY_RZ_CNOT,none,linear,cnot,global,6,8,8,40,40,5,61,1,1,3,RZ,2,29,layer_001_wire_003_RZ,0.016154993747880327,0.016154993747880327,False
random_bp,expectation_value,same_entangling_gate_count,bcw_6q_random_bp,hea,RX_RY_RZ_CNOT,none,linear,cnot,global,6,8,8,40,40,5,61,1,1,4,RX,0,30,layer_001_wire_004_RX,0.2493520089990388,0.2493520089990388,False
random_bp,expectation_value,same_entangling_gate_count,bcw_6q_random_bp,hea,RX_RY_RZ_CNOT,none,linear,cnot,global,6,8,8,40,40,5,61,1,1,4,RY,1,31,layer_001_wire_004_RY,0.09064993337188457,0.09064993337188457,False
random_bp,expectation_value,same_entangling_gate_count,bcw_6q_random_bp,hea,RX_RY_RZ_CNOT,none,linear,cnot,global,6,8,8,40,40,5,61,1,1,4,RZ,2,32,layer_001_wire_004_RZ,0.09598590560004286,0.09598590560004286,False
random_bp,expectation_value,same_entangling_gate_count,bcw_6q_random_bp,hea,RX_RY_RZ_CNOT,none,linear,cnot,global,6,8,8,40,40,5,61,1,1,5,RX,0,33,layer_001_wire_005_RX,0.2315582510374985,0.2315582510374985,False
random_bp,expectation_value,same_entangling_gate_count,bcw_6q_random_bp,hea,RX_RY_RZ_CNOT,none,linear,cnot,global,6,8,8,40,40,5,61,1,1,5,RY,1,34,layer_001_wire_005_RY,-0.018566775132937977,0.018566775132937977,False
random_bp,expectation_value,same_entangling_gate_count,bcw_6q_random_bp,hea,RX_RY_RZ_CNOT,none,linear,cnot,global,6,8,8,40,40,5,61,1,1,5,RZ,2,35,layer_001_wire_005_RZ,-0.04155665810943168,0.04155665810943168,False
random_bp,expectation_value,same_entangling_gate_count,bcw_6q_random_bp,hea,RX_RY_RZ_CNOT,none,linear,cnot,global,6,8,8,40,40,5,61,1,2,0,RX,0,36,layer_002_wire_000_RX,0.0506984795735301,0.0506984795735301,False
random_bp,expectation_value,same_entangling_gate_count,bcw_6q_random_bp,hea,RX_RY_RZ_CNOT,none,linear,cnot,global,6,8,8,40,40,5,61,1,2,0,RY,1,37,layer_002_wire_000_RY,-0.12677191577168245,0.12677191577168245,False
random_bp,expectation_value,same_entangling_gate_count,bcw_6q_random_bp,hea,RX_RY_RZ_CNOT,none,linear,cnot,global,6,8,8,40,40,5,61,1,2,0,RZ,2,38,layer_002_wire_000_RZ,-0.030220031359721664,0.030220031359721664,False
random_bp,expectation_value,same_entangling_gate_count,bcw_6q_random_bp,hea,RX_RY_RZ_CNOT,none,linear,cnot,global,6,8,8,40,40,5,61,1,2,1,RX,0,39,layer_002_wire_001_RX,-0.07352402529306351,0.07352402529306351,False
random_bp,expectation_value,same_entangling_gate_count,bcw_6q_random_bp,hea,RX_RY_RZ_CNOT,none,linear,cnot,global,6,8,8,40,40,5,61,1,2,1,RY,1,40,layer_002_wire_001_RY,-0.10399476108266315,0.10399476108266315,False
random_bp,expectation_value,same_entangling_gate_count,bcw_6q_random_bp,hea,RX_RY_RZ_CNOT,none,linear,cnot,global,6,8,8,40,40,5,61,1,2,1,RZ,2,41,layer_002_wire_001_RZ,0.1225454788795029,0.1225454788795029,False
random_bp,expectation_value,same_entangling_gate_count,bcw_6q_random_bp,hea,RX_RY_RZ_CNOT,none,linear,cnot,global,6,8,8,40,40,5,61,1,2,2,RX,0,42,layer_002_wire_002_RX,-0.02617007744101805,0.02617007744101805,False
random_bp,expectation_value,same_entangling_gate_count,bcw_6q_random_bp,hea,RX_RY_RZ_CNOT,none,linear,cnot,global,6,8,8,40,40,5,61,1,2,2,RY,1,43,layer_002_wire_002_RY,-0.13743810627075548,0.13743810627075548,False
random_bp,expectation_value,same_entangling_gate_count,bcw_6q_random_bp,hea,RX_RY_RZ_CNOT,none,linear,cnot,global,6,8,8,40,40,5,61,1,2,2,RZ,2,44,layer_002_wire_002_RZ,-0.032783677363061856,0.032783677363061856,False
random_bp,expectation_value,same_entangling_gate_count,bcw_6q_random_bp,hea,RX_RY_RZ_CNOT,none,linear,cnot,global,6,8,8,40,40,5,61,1,2,3,RX,0,45,layer_002_wire_003_RX,0.28724635399452136,0.28724635399452136,False
random_bp,expectation_value,same_entangling_gate_count,bcw_6q_random_bp,hea,RX_RY_RZ_CNOT,none,linear,cnot,global,6,8,8,40,40,5,61,1,2,3,RY,1,46,layer_002_wire_003_RY,0.06283103422892725,0.06283103422892725,False
random_bp,expectation_value,same_entangling_gate_count,bcw_6q_random_bp,hea,RX_RY_RZ_CNOT,none,linear,cnot,global,6,8,8,40,40,5,61,1,2,3,RZ,2,47,layer_002_wire_003_RZ,-0.14603602416826833,0.14603602416826833,False
random_bp,expectation_value,same_entangling_gate_count,bcw_6q_random_bp,hea,RX_RY_RZ_CNOT,none,linear,cnot,global,6,8,8,40,40,5,61,1,2,4,RX,0,48,layer_002_wire_004_RX,-0.04246015774623251,0.04246015774623251,False
random_bp,expectation_value,same_entangling_gate_count,bcw_6q_random_bp,hea,RX_RY_RZ_CNOT,none,linear,cnot,global,6,8,8,40,40,5,61,1,2,4,RY,1,49,layer_002_wire_004_RY,0.08185175143894165,0.08185175143894165,False
random_bp,expectation_value,same_entangling_gate_count,bcw_6q_random_bp,hea,RX_RY_RZ_CNOT,none,linear,cnot,global,6,8,8,40,40,5,61,1,2,4,RZ,2,50,layer_002_wire_004_RZ,-0.004587958031734389,0.004587958031734389,False
random_bp,expectation_value,same_entangling_gate_count,bcw_6q_random_bp,hea,RX_RY_RZ_CNOT,none,linear,cnot,global,6,8,8,40,40,5,61,1,2,5,RX,0,51,layer_002_wire_005_RX,-0.22481508594404756,0.22481508594404756,False
random_bp,expectation_value,same_entangling_gate_count,bcw_6q_random_bp,hea,RX_RY_RZ_CNOT,none,linear,cnot,global,6,8,8,40,40,5,61,1,2,5,RY,1,52,layer_002_wire_005_RY,-0.128961615823083,0.128961615823083,False
random_bp,expectation_value,same_entangling_gate_count,bcw_6q_random_bp,hea,RX_RY_RZ_CNOT,none,linear,cnot,global,6,8,8,40,40,5,61,1,2,5,RZ,2,53,layer_002_wire_005_RZ,-0.18032430316207906,0.18032430316207906,False
random_bp,expectation_value,same_entangling_gate_count,bcw_6q_random_bp,hea,RX_RY_RZ_CNOT,none,linear,cnot,global,6,8,8,40,40,5,61,1,3,0,RX,0,54,layer_003_wire_000_RX,-0.07713866423255877,0.07713866423255877,False
random_bp,expectation_value,same_entangling_gate_count,bcw_6q_random_bp,hea,RX_RY_RZ_CNOT,none,linear,cnot,global,6,8,8,40,40,5,61,1,3,0,RY,1,55,layer_003_wire_000_RY,-0.039322754577752084,0.039322754577752084,False
random_bp,expectation_value,same_entangling_gate_count,bcw_6q_random_bp,hea,RX_RY_RZ_CNOT,none,linear,cnot,global,6,8,8,40,40,5,61,1,3,0,RZ,2,56,layer_003_wire_000_RZ,-0.022194936381179545,0.022194936381179545,False
random_bp,expectation_value,same_entangling_gate_count,bcw_6q_random_bp,hea,RX_RY_RZ_CNOT,none,linear,cnot,global,6,8,8,40,40,5,61,1,3,1,RX,0,57,layer_003_wire_001_RX,0.08110529822463208,0.08110529822463208,False
random_bp,expectation_value,same_entangling_gate_count,bcw_6q_random_bp,hea,RX_RY_RZ_CNOT,none,linear,cnot,global,6,8,8,40,40,5,61,1,3,1,RY,1,58,layer_003_wire_001_RY,0.007247902702585671,0.007247902702585671,False
random_bp,expectation_value,same_entangling_gate_count,bcw_6q_random_bp,hea,RX_RY_RZ_CNOT,none,linear,cnot,global,6,8,8,40,40,5,61,1,3,1,RZ,2,59,layer_003_wire_001_RZ,-0.10684807345969116,0.10684807345969116,False
random_bp,expectation_value,same_entangling_gate_count,bcw_6q_random_bp,hea,RX_RY_RZ_CNOT,none,linear,cnot,global,6,8,8,40,40,5,61,1,3,2,RX,0,60,layer_003_wire_002_RX,0.07505875132992089,0.07505875132992089,False
random_bp,expectation_value,same_entangling_gate_count,bcw_6q_random_bp,hea,RX_RY_RZ_CNOT,none,linear,cnot,global,6,8,8,40,40,5,61,1,3,2,RY,1,61,layer_003_wire_002_RY,-0.01278332177973689,0.01278332177973689,False
random_bp,expectation_value,same_entangling_gate_count,bcw_6q_random_bp,hea,RX_RY_RZ_CNOT,none,linear,cnot,global,6,8,8,40,40,5,61,1,3,2,RZ,2,62,layer_003_wire_002_RZ,-0.10563191022645502,0.10563191022645502,False
random_bp,expectation_value,same_entangling_gate_count,bcw_6q_random_bp,hea,RX_RY_RZ_CNOT,none,linear,cnot,global,6,8,8,40,40,5,61,1,3,3,RX,0,63,layer_003_wire_003_RX,-0.013794045235807864,0.013794045235807864,False
random_bp,expectation_value,same_entangling_gate_count,bcw_6q_random_bp,hea,RX_RY_RZ_CNOT,none,linear,cnot,global,6,8,8,40,40,5,61,1,3,3,RY,1,64,layer_003_wire_003_RY,0.1453968754838355,0.1453968754838355,False
random_bp,expectation_value,same_entangling_gate_count,bcw_6q_random_bp,hea,RX_RY_RZ_CNOT,none,linear,cnot,global,6,8,8,40,40,5,61,1,3,3,RZ,2,65,layer_003_wire_003_RZ,0.0050698262088330545,0.0050698262088330545,False
random_bp,expectation_value,same_entangling_gate_count,bcw_6q_random_bp,hea,RX_RY_RZ_CNOT,none,linear,cnot,global,6,8,8,40,40,5,61,1,3,4,RX,0,66,layer_003_wire_004_RX,-0.06737843784325394,0.06737843784325394,False
random_bp,expectation_value,same_entangling_gate_count,bcw_6q_random_bp,hea,RX_RY_RZ_CNOT,none,linear,cnot,global,6,8,8,40,40,5,61,1,3,4,RY,1,67,layer_003_wire_004_RY,0.1845372640408125,0.1845372640408125,False
random_bp,expectation_value,same_entangling_gate_count,bcw_6q_random_bp,hea,RX_RY_RZ_CNOT,none,linear,cnot,global,6,8,8,40,40,5,61,1,3,4,RZ,2,68,layer_003_wire_004_RZ,0.015396306187665208,0.015396306187665208,False
random_bp,expectation_value,same_entangling_gate_count,bcw_6q_random_bp,hea,RX_RY_RZ_CNOT,none,linear,cnot,global,6,8,8,40,40,5,61,1,3,5,RX,0,69,layer_003_wire_005_RX,0.07115558832735033,0.07115558832735033,False
random_bp,expectation_value,same_entangling_gate_count,bcw_6q_random_bp,hea,RX_RY_RZ_CNOT,none,linear,cnot,global,6,8,8,40,40,5,61,1,3,5,RY,1,70,layer_003_wire_005_RY,-0.1087298359347969,0.1087298359347969,False
random_bp,expectation_value,same_entangling_gate_count,bcw_6q_random_bp,hea,RX_RY_RZ_CNOT,none,linear,cnot,global,6,8,8,40,40,5,61,1,3,5,RZ,2,71,layer_003_wire_005_RZ,0.07789915434776795,0.07789915434776795,False
random_bp,expectation_value,same_entangling_gate_count,bcw_6q_random_bp,hea,RX_RY_RZ_CNOT,none,linear,cnot,global,6,8,8,40,40,5,61,1,4,0,RX,0,72,layer_004_wire_000_RX,0.11520716688409736,0.11520716688409736,False
random_bp,expectation_value,same_entangling_gate_count,bcw_6q_random_bp,hea,RX_RY_RZ_CNOT,none,linear,cnot,global,6,8,8,40,40,5,61,1,4,0,RY,1,73,layer_004_wire_000_RY,0.005768951479058156,0.005768951479058156,False
random_bp,expectation_value,same_entangling_gate_count,bcw_6q_random_bp,hea,RX_RY_RZ_CNOT,none,linear,cnot,global,6,8,8,40,40,5,61,1,4,0,RZ,2,74,layer_004_wire_000_RZ,0.07467464849008472,0.07467464849008472,False
random_bp,expectation_value,same_entangling_gate_count,bcw_6q_random_bp,hea,RX_RY_RZ_CNOT,none,linear,cnot,global,6,8,8,40,40,5,61,1,4,1,RX,0,75,layer_004_wire_001_RX,-0.004201073192761618,0.004201073192761618,False
random_bp,expectation_value,same_entangling_gate_count,bcw_6q_random_bp,hea,RX_RY_RZ_CNOT,none,linear,cnot,global,6,8,8,40,40,5,61,1,4,1,RY,1,76,layer_004_wire_001_RY,0.05998436416300713,0.05998436416300713,False
random_bp,expectation_value,same_entangling_gate_count,bcw_6q_random_bp,hea,RX_RY_RZ_CNOT,none,linear,cnot,global,6,8,8,40,40,5,61,1,4,1,RZ,2,77,layer_004_wire_001_RZ,-0.001443951867788825,0.001443951867788825,False
random_bp,expectation_value,same_entangling_gate_count,bcw_6q_random_bp,hea,RX_RY_RZ_CNOT,none,linear,cnot,global,6,8,8,40,40,5,61,1,4,2,RX,0,78,layer_004_wire_002_RX,-0.2204779006313744,0.2204779006313744,False
random_bp,expectation_value,same_entangling_gate_count,bcw_6q_random_bp,hea,RX_RY_RZ_CNOT,none,linear,cnot,global,6,8,8,40,40,5,61,1,4,2,RY,1,79,layer_004_wire_002_RY,-0.02770453080373618,0.02770453080373618,False
random_bp,expectation_value,same_entangling_gate_count,bcw_6q_random_bp,hea,RX_RY_RZ_CNOT,none,linear,cnot,global,6,8,8,40,40,5,61,1,4,2,RZ,2,80,layer_004_wire_002_RZ,0.08291568294509932,0.08291568294509932,False
random_bp,expectation_value,same_entangling_gate_count,bcw_6q_random_bp,hea,RX_RY_RZ_CNOT,none,linear,cnot,global,6,8,8,40,40,5,61,1,4,3,RX,0,81,layer_004_wire_003_RX,-0.03198366043202379,0.03198366043202379,False
random_bp,expectation_value,same_entangling_gate_count,bcw_6q_random_bp,hea,RX_RY_RZ_CNOT,none,linear,cnot,global,6,8,8,40,40,5,61,1,4,3,RY,1,82,layer_004_wire_003_RY,-0.07386815723607504,0.07386815723607504,False
random_bp,expectation_value,same_entangling_gate_count,bcw_6q_random_bp,hea,RX_RY_RZ_CNOT,none,linear,cnot,global,6,8,8,40,40,5,61,1,4,3,RZ,2,83,layer_004_wire_003_RZ,0.039105169903963746,0.039105169903963746,False
random_bp,expectation_value,same_entangling_gate_count,bcw_6q_random_bp,hea,RX_RY_RZ_CNOT,none,linear,cnot,global,6,8,8,40,40,5,61,1,4,4,RX,0,84,layer_004_wire_004_RX,0.1336387953528927,0.1336387953528927,False
random_bp,expectation_value,same_entangling_gate_count,bcw_6q_random_bp,hea,RX_RY_RZ_CNOT,none,linear,cnot,global,6,8,8,40,40,5,61,1,4,4,RY,1,85,layer_004_wire_004_RY,-0.04346194972701606,0.04346194972701606,False
random_bp,expectation_value,same_entangling_gate_count,bcw_6q_random_bp,hea,RX_RY_RZ_CNOT,none,linear,cnot,global,6,8,8,40,40,5,61,1,4,4,RZ,2,86,layer_004_wire_004_RZ,-0.06491722697603386,0.06491722697603386,False
random_bp,expectation_value,same_entangling_gate_count,bcw_6q_random_bp,hea,RX_RY_RZ_CNOT,none,linear,cnot,global,6,8,8,40,40,5,61,1,4,5,RX,0,87,layer_004_wire_005_RX,-0.025685384337975535,0.025685384337975535,False
random_bp,expectation_value,same_entangling_gate_count,bcw_6q_random_bp,hea,RX_RY_RZ_CNOT,none,linear,cnot,global,6,8,8,40,40,5,61,1,4,5,RY,1,88,layer_004_wire_005_RY,-0.06153259626397651,0.06153259626397651,False
random_bp,expectation_value,same_entangling_gate_count,bcw_6q_random_bp,hea,RX_RY_RZ_CNOT,none,linear,cnot,global,6,8,8,40,40,5,61,1,4,5,RZ,2,89,layer_004_wire_005_RZ,-0.0727349885581475,0.0727349885581475,False
random_bp,expectation_value,same_entangling_gate_count,bcw_6q_random_bp,hea,RX_RY_RZ_CNOT,none,linear,cnot,global,6,8,8,40,40,5,61,1,5,0,RX,0,90,layer_005_wire_000_RX,-0.10460927821018604,0.10460927821018604,False
random_bp,expectation_value,same_entangling_gate_count,bcw_6q_random_bp,hea,RX_RY_RZ_CNOT,none,linear,cnot,global,6,8,8,40,40,5,61,1,5,0,RY,1,91,layer_005_wire_000_RY,-0.09443937581249992,0.09443937581249992,False
random_bp,expectation_value,same_entangling_gate_count,bcw_6q_random_bp,hea,RX_RY_RZ_CNOT,none,linear,cnot,global,6,8,8,40,40,5,61,1,5,0,RZ,2,92,layer_005_wire_000_RZ,-0.07808701411875688,0.07808701411875688,False
random_bp,expectation_value,same_entangling_gate_count,bcw_6q_random_bp,hea,RX_RY_RZ_CNOT,none,linear,cnot,global,6,8,8,40,40,5,61,1,5,1,RX,0,93,layer_005_wire_001_RX,-0.04486579156692628,0.04486579156692628,False
random_bp,expectation_value,same_entangling_gate_count,bcw_6q_random_bp,hea,RX_RY_RZ_CNOT,none,linear,cnot,global,6,8,8,40,40,5,61,1,5,1,RY,1,94,layer_005_wire_001_RY,0.09536985617961052,0.09536985617961052,False
random_bp,expectation_value,same_entangling_gate_count,bcw_6q_random_bp,hea,RX_RY_RZ_CNOT,none,linear,cnot,global,6,8,8,40,40,5,61,1,5,1,RZ,2,95,layer_005_wire_001_RZ,-0.035556498469667255,0.035556498469667255,False
random_bp,expectation_value,same_entangling_gate_count,bcw_6q_random_bp,hea,RX_RY_RZ_CNOT,none,linear,cnot,global,6,8,8,40,40,5,61,1,5,2,RX,0,96,layer_005_wire_002_RX,0.03405435529881091,0.03405435529881091,False
random_bp,expectation_value,same_entangling_gate_count,bcw_6q_random_bp,hea,RX_RY_RZ_CNOT,none,linear,cnot,global,6,8,8,40,40,5,61,1,5,2,RY,1,97,layer_005_wire_002_RY,0.03539454597323615,0.03539454597323615,False
random_bp,expectation_value,same_entangling_gate_count,bcw_6q_random_bp,hea,RX_RY_RZ_CNOT,none,linear,cnot,global,6,8,8,40,40,5,61,1,5,2,RZ,2,98,layer_005_wire_002_RZ,0.03588787380143828,0.03588787380143828,False
random_bp,expectation_value,same_entangling_gate_count,bcw_6q_random_bp,hea,RX_RY_RZ_CNOT,none,linear,cnot,global,6,8,8,40,40,5,61,1,5,3,RX,0,99,layer_005_wire_003_RX,0.11011147765882272,0.11011147765882272,False
random_bp,expectation_value,same_entangling_gate_count,bcw_6q_random_bp,hea,RX_RY_RZ_CNOT,none,linear,cnot,global,6,8,8,40,40,5,61,1,5,3,RY,1,100,layer_005_wire_003_RY,-0.07922380835067716,0.07922380835067716,False
random_bp,expectation_value,same_entangling_gate_count,bcw_6q_random_bp,hea,RX_RY_RZ_CNOT,none,linear,cnot,global,6,8,8,40,40,5,61,1,5,3,RZ,2,101,layer_005_wire_003_RZ,-0.05446318668377527,0.05446318668377527,False
random_bp,expectation_value,same_entangling_gate_count,bcw_6q_random_bp,hea,RX_RY_RZ_CNOT,none,linear,cnot,global,6,8,8,40,40,5,61,1,5,4,RX,0,102,layer_005_wire_004_RX,0.07278803877780508,0.07278803877780508,False
random_bp,expectation_value,same_entangling_gate_count,bcw_6q_random_bp,hea,RX_RY_RZ_CNOT,none,linear,cnot,global,6,8,8,40,40,5,61,1,5,4,RY,1,103,layer_005_wire_004_RY,-0.014153849765854244,0.014153849765854244,False
random_bp,expectation_value,same_entangling_gate_count,bcw_6q_random_bp,hea,RX_RY_RZ_CNOT,none,linear,cnot,global,6,8,8,40,40,5,61,1,5,4,RZ,2,104,layer_005_wire_004_RZ,-0.032283169440331216,0.032283169440331216,False
random_bp,expectation_value,same_entangling_gate_count,bcw_6q_random_bp,hea,RX_RY_RZ_CNOT,none,linear,cnot,global,6,8,8,40,40,5,61,1,5,5,RX,0,105,layer_005_wire_005_RX,-0.04141821329654494,0.04141821329654494,False
random_bp,expectation_value,same_entangling_gate_count,bcw_6q_random_bp,hea,RX_RY_RZ_CNOT,none,linear,cnot,global,6,8,8,40,40,5,61,1,5,5,RY,1,106,layer_005_wire_005_RY,0.014260295453333963,0.014260295453333963,False
random_bp,expectation_value,same_entangling_gate_count,bcw_6q_random_bp,hea,RX_RY_RZ_CNOT,none,linear,cnot,global,6,8,8,40,40,5,61,1,5,5,RZ,2,107,layer_005_wire_005_RZ,-0.002305379622368172,0.002305379622368172,False
random_bp,expectation_value,same_entangling_gate_count,bcw_6q_random_bp,hea,RX_RY_RZ_CNOT,none,linear,cnot,global,6,8,8,40,40,5,61,1,6,0,RX,0,108,layer_006_wire_000_RX,0.0034237712014687305,0.0034237712014687305,False
random_bp,expectation_value,same_entangling_gate_count,bcw_6q_random_bp,hea,RX_RY_RZ_CNOT,none,linear,cnot,global,6,8,8,40,40,5,61,1,6,0,RY,1,109,layer_006_wire_000_RY,-0.08898277379327031,0.08898277379327031,False
random_bp,expectation_value,same_entangling_gate_count,bcw_6q_random_bp,hea,RX_RY_RZ_CNOT,none,linear,cnot,global,6,8,8,40,40,5,61,1,6,0,RZ,2,110,layer_006_wire_000_RZ,6.8313877841368154e-18,6.8313877841368154e-18,True
random_bp,expectation_value,same_entangling_gate_count,bcw_6q_random_bp,hea,RX_RY_RZ_CNOT,none,linear,cnot,global,6,8,8,40,40,5,61,1,6,1,RX,0,111,layer_006_wire_001_RX,-0.07979657302404543,0.07979657302404543,False
random_bp,expectation_value,same_entangling_gate_count,bcw_6q_random_bp,hea,RX_RY_RZ_CNOT,none,linear,cnot,global,6,8,8,40,40,5,61,1,6,1,RY,1,112,layer_006_wire_001_RY,0.004374874336717238,0.004374874336717238,False
random_bp,expectation_value,same_entangling_gate_count,bcw_6q_random_bp,hea,RX_RY_RZ_CNOT,none,linear,cnot,global,6,8,8,40,40,5,61,1,6,1,RZ,2,113,layer_006_wire_001_RZ,-0.07566572661323016,0.07566572661323016,False
random_bp,expectation_value,same_entangling_gate_count,bcw_6q_random_bp,hea,RX_RY_RZ_CNOT,none,linear,cnot,global,6,8,8,40,40,5,61,1,6,2,RX,0,114,layer_006_wire_002_RX,0.08801569488187981,0.08801569488187981,False
random_bp,expectation_value,same_entangling_gate_count,bcw_6q_random_bp,hea,RX_RY_RZ_CNOT,none,linear,cnot,global,6,8,8,40,40,5,61,1,6,2,RY,1,115,layer_006_wire_002_RY,0.15792404265940999,0.15792404265940999,False
random_bp,expectation_value,same_entangling_gate_count,bcw_6q_random_bp,hea,RX_RY_RZ_CNOT,none,linear,cnot,global,6,8,8,40,40,5,61,1,6,2,RZ,2,116,layer_006_wire_002_RZ,0.07708792332455366,0.07708792332455366,False
random_bp,expectation_value,same_entangling_gate_count,bcw_6q_random_bp,hea,RX_RY_RZ_CNOT,none,linear,cnot,global,6,8,8,40,40,5,61,1,6,3,RX,0,117,layer_006_wire_003_RX,0.016085376206424657,0.016085376206424657,False
random_bp,expectation_value,same_entangling_gate_count,bcw_6q_random_bp,hea,RX_RY_RZ_CNOT,none,linear,cnot,global,6,8,8,40,40,5,61,1,6,3,RY,1,118,layer_006_wire_003_RY,-0.07706173747337865,0.07706173747337865,False
random_bp,expectation_value,same_entangling_gate_count,bcw_6q_random_bp,hea,RX_RY_RZ_CNOT,none,linear,cnot,global,6,8,8,40,40,5,61,1,6,3,RZ,2,119,layer_006_wire_003_RZ,0.05225364345284825,0.05225364345284825,False
random_bp,expectation_value,same_entangling_gate_count,bcw_6q_random_bp,hea,RX_RY_RZ_CNOT,none,linear,cnot,global,6,8,8,40,40,5,61,1,6,4,RX,0,120,layer_006_wire_004_RX,-0.05488112006608352,0.05488112006608352,False
random_bp,expectation_value,same_entangling_gate_count,bcw_6q_random_bp,hea,RX_RY_RZ_CNOT,none,linear,cnot,global,6,8,8,40,40,5,61,1,6,4,RY,1,121,layer_006_wire_004_RY,0.003237936892083411,0.003237936892083411,False
random_bp,expectation_value,same_entangling_gate_count,bcw_6q_random_bp,hea,RX_RY_RZ_CNOT,none,linear,cnot,global,6,8,8,40,40,5,61,1,6,4,RZ,2,122,layer_006_wire_004_RZ,0.044934038938126114,0.044934038938126114,False
random_bp,expectation_value,same_entangling_gate_count,bcw_6q_random_bp,hea,RX_RY_RZ_CNOT,none,linear,cnot,global,6,8,8,40,40,5,61,1,6,5,RX,0,123,layer_006_wire_005_RX,0.027915753808039533,0.027915753808039533,False
random_bp,expectation_value,same_entangling_gate_count,bcw_6q_random_bp,hea,RX_RY_RZ_CNOT,none,linear,cnot,global,6,8,8,40,40,5,61,1,6,5,RY,1,124,layer_006_wire_005_RY,-0.05074233128703309,0.05074233128703309,False
random_bp,expectation_value,same_entangling_gate_count,bcw_6q_random_bp,hea,RX_RY_RZ_CNOT,none,linear,cnot,global,6,8,8,40,40,5,61,1,6,5,RZ,2,125,layer_006_wire_005_RZ,0.055647347184544685,0.055647347184544685,False
random_bp,expectation_value,same_entangling_gate_count,bcw_6q_random_bp,hea,RX_RY_RZ_CNOT,none,linear,cnot,global,6,8,8,40,40,5,61,1,7,0,RX,0,126,layer_007_wire_000_RX,-4.85722573273506e-17,4.85722573273506e-17,True
random_bp,expectation_value,same_entangling_gate_count,bcw_6q_random_bp,hea,RX_RY_RZ_CNOT,none,linear,cnot,global,6,8,8,40,40,5,61,1,7,0,RY,1,127,layer_007_wire_000_RY,7.632783294297951e-17,7.632783294297951e-17,True
random_bp,expectation_value,same_entangling_gate_count,bcw_6q_random_bp,hea,RX_RY_RZ_CNOT,none,linear,cnot,global,6,8,8,40,40,5,61,1,7,0,RZ,2,128,layer_007_wire_000_RZ,-4.9977425209093125e-17,4.9977425209093125e-17,True
random_bp,expectation_value,same_entangling_gate_count,bcw_6q_random_bp,hea,RX_RY_RZ_CNOT,none,linear,cnot,global,6,8,8,40,40,5,61,1,7,1,RX,0,129,layer_007_wire_001_RX,0.026298916288864764,0.026298916288864764,False
random_bp,expectation_value,same_entangling_gate_count,bcw_6q_random_bp,hea,RX_RY_RZ_CNOT,none,linear,cnot,global,6,8,8,40,40,5,61,1,7,1,RY,1,130,layer_007_wire_001_RY,0.04630513786684057,0.04630513786684057,False
random_bp,expectation_value,same_entangling_gate_count,bcw_6q_random_bp,hea,RX_RY_RZ_CNOT,none,linear,cnot,global,6,8,8,40,40,5,61,1,7,1,RZ,2,131,layer_007_wire_001_RZ,1.032792516984636e-17,1.032792516984636e-17,True
random_bp,expectation_value,same_entangling_gate_count,bcw_6q_random_bp,hea,RX_RY_RZ_CNOT,none,linear,cnot,global,6,8,8,40,40,5,61,1,7,2,RX,0,132,layer_007_wire_002_RX,4.683753385137379e-17,4.683753385137379e-17,True
random_bp,expectation_value,same_entangling_gate_count,bcw_6q_random_bp,hea,RX_RY_RZ_CNOT,none,linear,cnot,global,6,8,8,40,40,5,61,1,7,2,RY,1,133,layer_007_wire_002_RY,-6.938893903907228e-18,6.938893903907228e-18,True
random_bp,expectation_value,same_entangling_gate_count,bcw_6q_random_bp,hea,RX_RY_RZ_CNOT,none,linear,cnot,global,6,8,8,40,40,5,61,1,7,2,RZ,2,134,layer_007_wire_002_RZ,-4.2072766033996936e-17,4.2072766033996936e-17,True
random_bp,expectation_value,same_entangling_gate_count,bcw_6q_random_bp,hea,RX_RY_RZ_CNOT,none,linear,cnot,global,6,8,8,40,40,5,61,1,7,3,RX,0,135,layer_007_wire_003_RX,-0.05123987257058843,0.05123987257058843,False
random_bp,expectation_value,same_entangling_gate_count,bcw_6q_random_bp,hea,RX_RY_RZ_CNOT,none,linear,cnot,global,6,8,8,40,40,5,61,1,7,3,RY,1,136,layer_007_wire_003_RY,0.06009131142341714,0.06009131142341714,False
random_bp,expectation_value,same_entangling_gate_count,bcw_6q_random_bp,hea,RX_RY_RZ_CNOT,none,linear,cnot,global,6,8,8,40,40,5,61,1,7,3,RZ,2,137,layer_007_wire_003_RZ,-2.183060981448362e-17,2.183060981448362e-17,True
random_bp,expectation_value,same_entangling_gate_count,bcw_6q_random_bp,hea,RX_RY_RZ_CNOT,none,linear,cnot,global,6,8,8,40,40,5,61,1,7,4,RX,0,138,layer_007_wire_004_RX,-1.3877787807814457e-17,1.3877787807814457e-17,True
random_bp,expectation_value,same_entangling_gate_count,bcw_6q_random_bp,hea,RX_RY_RZ_CNOT,none,linear,cnot,global,6,8,8,40,40,5,61,1,7,4,RY,1,139,layer_007_wire_004_RY,7.508100044462118e-18,7.508100044462118e-18,True
random_bp,expectation_value,same_entangling_gate_count,bcw_6q_random_bp,hea,RX_RY_RZ_CNOT,none,linear,cnot,global,6,8,8,40,40,5,61,1,7,4,RZ,2,140,layer_007_wire_004_RZ,3.173858831381374e-18,3.173858831381374e-18,True
random_bp,expectation_value,same_entangling_gate_count,bcw_6q_random_bp,hea,RX_RY_RZ_CNOT,none,linear,cnot,global,6,8,8,40,40,5,61,1,7,5,RX,0,141,layer_007_wire_005_RX,-0.030244669922646936,0.030244669922646936,False
random_bp,expectation_value,same_entangling_gate_count,bcw_6q_random_bp,hea,RX_RY_RZ_CNOT,none,linear,cnot,global,6,8,8,40,40,5,61,1,7,5,RY,1,142,layer_007_wire_005_RY,0.02376448854582014,0.02376448854582014,False
random_bp,expectation_value,same_entangling_gate_count,bcw_6q_random_bp,hea,RX_RY_RZ_CNOT,none,linear,cnot,global,6,8,8,40,40,5,61,1,7,5,RZ,2,143,layer_007_wire_005_RZ,-2.2542706192090123e-17,2.2542706192090123e-17,True
random_bp,expectation_value,same_entangling_gate_count,bcw_6q_random_bp,hea,RX_RY_RZ_CNOT,none,linear,cnot,global,6,8,8,40,40,5,62,2,0,0,RX,0,0,layer_000_wire_000_RX,-0.023317308470300478,0.023317308470300478,False
random_bp,expectation_value,same_entangling_gate_count,bcw_6q_random_bp,hea,RX_RY_RZ_CNOT,none,linear,cnot,global,6,8,8,40,40,5,62,2,0,0,RY,1,1,layer_000_wire_000_RY,-0.00826809059972618,0.00826809059972618,False
random_bp,expectation_value,same_entangling_gate_count,bcw_6q_random_bp,hea,RX_RY_RZ_CNOT,none,linear,cnot,global,6,8,8,40,40,5,62,2,0,0,RZ,2,2,layer_000_wire_000_RZ,0.011691299618043023,0.011691299618043023,False
random_bp,expectation_value,same_entangling_gate_count,bcw_6q_random_bp,hea,RX_RY_RZ_CNOT,none,linear,cnot,global,6,8,8,40,40,5,62,2,0,1,RX,0,3,layer_000_wire_001_RX,-0.09911764681585031,0.09911764681585031,False
random_bp,expectation_value,same_entangling_gate_count,bcw_6q_random_bp,hea,RX_RY_RZ_CNOT,none,linear,cnot,global,6,8,8,40,40,5,62,2,0,1,RY,1,4,layer_000_wire_001_RY,0.11449455874333858,0.11449455874333858,False
random_bp,expectation_value,same_entangling_gate_count,bcw_6q_random_bp,hea,RX_RY_RZ_CNOT,none,linear,cnot,global,6,8,8,40,40,5,62,2,0,1,RZ,2,5,layer_000_wire_001_RZ,0.11864264379656173,0.11864264379656173,False
random_bp,expectation_value,same_entangling_gate_count,bcw_6q_random_bp,hea,RX_RY_RZ_CNOT,none,linear,cnot,global,6,8,8,40,40,5,62,2,0,2,RX,0,6,layer_000_wire_002_RX,0.02428848808307911,0.02428848808307911,False
random_bp,expectation_value,same_entangling_gate_count,bcw_6q_random_bp,hea,RX_RY_RZ_CNOT,none,linear,cnot,global,6,8,8,40,40,5,62,2,0,2,RY,1,7,layer_000_wire_002_RY,-0.06824058865774743,0.06824058865774743,False
random_bp,expectation_value,same_entangling_gate_count,bcw_6q_random_bp,hea,RX_RY_RZ_CNOT,none,linear,cnot,global,6,8,8,40,40,5,62,2,0,2,RZ,2,8,layer_000_wire_002_RZ,0.16431586268466097,0.16431586268466097,False
random_bp,expectation_value,same_entangling_gate_count,bcw_6q_random_bp,hea,RX_RY_RZ_CNOT,none,linear,cnot,global,6,8,8,40,40,5,62,2,0,3,RX,0,9,layer_000_wire_003_RX,0.1153455498335631,0.1153455498335631,False
random_bp,expectation_value,same_entangling_gate_count,bcw_6q_random_bp,hea,RX_RY_RZ_CNOT,none,linear,cnot,global,6,8,8,40,40,5,62,2,0,3,RY,1,10,layer_000_wire_003_RY,0.09106831178922692,0.09106831178922692,False
random_bp,expectation_value,same_entangling_gate_count,bcw_6q_random_bp,hea,RX_RY_RZ_CNOT,none,linear,cnot,global,6,8,8,40,40,5,62,2,0,3,RZ,2,11,layer_000_wire_003_RZ,0.08406167080143019,0.08406167080143019,False
random_bp,expectation_value,same_entangling_gate_count,bcw_6q_random_bp,hea,RX_RY_RZ_CNOT,none,linear,cnot,global,6,8,8,40,40,5,62,2,0,4,RX,0,12,layer_000_wire_004_RX,0.10541214608293253,0.10541214608293253,False
random_bp,expectation_value,same_entangling_gate_count,bcw_6q_random_bp,hea,RX_RY_RZ_CNOT,none,linear,cnot,global,6,8,8,40,40,5,62,2,0,4,RY,1,13,layer_000_wire_004_RY,0.1269390625587592,0.1269390625587592,False
random_bp,expectation_value,same_entangling_gate_count,bcw_6q_random_bp,hea,RX_RY_RZ_CNOT,none,linear,cnot,global,6,8,8,40,40,5,62,2,0,4,RZ,2,14,layer_000_wire_004_RZ,-0.11992057685262777,0.11992057685262777,False
random_bp,expectation_value,same_entangling_gate_count,bcw_6q_random_bp,hea,RX_RY_RZ_CNOT,none,linear,cnot,global,6,8,8,40,40,5,62,2,0,5,RX,0,15,layer_000_wire_005_RX,-0.05604459951275933,0.05604459951275933,False
random_bp,expectation_value,same_entangling_gate_count,bcw_6q_random_bp,hea,RX_RY_RZ_CNOT,none,linear,cnot,global,6,8,8,40,40,5,62,2,0,5,RY,1,16,layer_000_wire_005_RY,-0.0010540891740331163,0.0010540891740331163,False
random_bp,expectation_value,same_entangling_gate_count,bcw_6q_random_bp,hea,RX_RY_RZ_CNOT,none,linear,cnot,global,6,8,8,40,40,5,62,2,0,5,RZ,2,17,layer_000_wire_005_RZ,0.012531327413790951,0.012531327413790951,False
random_bp,expectation_value,same_entangling_gate_count,bcw_6q_random_bp,hea,RX_RY_RZ_CNOT,none,linear,cnot,global,6,8,8,40,40,5,62,2,1,0,RX,0,18,layer_001_wire_000_RX,0.0871257989325653,0.0871257989325653,False
random_bp,expectation_value,same_entangling_gate_count,bcw_6q_random_bp,hea,RX_RY_RZ_CNOT,none,linear,cnot,global,6,8,8,40,40,5,62,2,1,0,RY,1,19,layer_001_wire_000_RY,0.07570299780712034,0.07570299780712034,False
random_bp,expectation_value,same_entangling_gate_count,bcw_6q_random_bp,hea,RX_RY_RZ_CNOT,none,linear,cnot,global,6,8,8,40,40,5,62,2,1,0,RZ,2,20,layer_001_wire_000_RZ,0.09822228399890115,0.09822228399890115,False
random_bp,expectation_value,same_entangling_gate_count,bcw_6q_random_bp,hea,RX_RY_RZ_CNOT,none,linear,cnot,global,6,8,8,40,40,5,62,2,1,1,RX,0,21,layer_001_wire_001_RX,-0.08362237498402039,0.08362237498402039,False
random_bp,expectation_value,same_entangling_gate_count,bcw_6q_random_bp,hea,RX_RY_RZ_CNOT,none,linear,cnot,global,6,8,8,40,40,5,62,2,1,1,RY,1,22,layer_001_wire_001_RY,0.044569772148118775,0.044569772148118775,False
random_bp,expectation_value,same_entangling_gate_count,bcw_6q_random_bp,hea,RX_RY_RZ_CNOT,none,linear,cnot,global,6,8,8,40,40,5,62,2,1,1,RZ,2,23,layer_001_wire_001_RZ,0.05883478521574438,0.05883478521574438,False
random_bp,expectation_value,same_entangling_gate_count,bcw_6q_random_bp,hea,RX_RY_RZ_CNOT,none,linear,cnot,global,6,8,8,40,40,5,62,2,1,2,RX,0,24,layer_001_wire_002_RX,0.05296797751869217,0.05296797751869217,False
random_bp,expectation_value,same_entangling_gate_count,bcw_6q_random_bp,hea,RX_RY_RZ_CNOT,none,linear,cnot,global,6,8,8,40,40,5,62,2,1,2,RY,1,25,layer_001_wire_002_RY,-0.033309826339262646,0.033309826339262646,False
random_bp,expectation_value,same_entangling_gate_count,bcw_6q_random_bp,hea,RX_RY_RZ_CNOT,none,linear,cnot,global,6,8,8,40,40,5,62,2,1,2,RZ,2,26,layer_001_wire_002_RZ,-0.08062484711523543,0.08062484711523543,False
random_bp,expectation_value,same_entangling_gate_count,bcw_6q_random_bp,hea,RX_RY_RZ_CNOT,none,linear,cnot,global,6,8,8,40,40,5,62,2,1,3,RX,0,27,layer_001_wire_003_RX,-0.0744921558302379,0.0744921558302379,False
random_bp,expectation_value,same_entangling_gate_count,bcw_6q_random_bp,hea,RX_RY_RZ_CNOT,none,linear,cnot,global,6,8,8,40,40,5,62,2,1,3,RY,1,28,layer_001_wire_003_RY,-0.05344619837243983,0.05344619837243983,False
random_bp,expectation_value,same_entangling_gate_count,bcw_6q_random_bp,hea,RX_RY_RZ_CNOT,none,linear,cnot,global,6,8,8,40,40,5,62,2,1,3,RZ,2,29,layer_001_wire_003_RZ,-0.12064022411144167,0.12064022411144167,False
random_bp,expectation_value,same_entangling_gate_count,bcw_6q_random_bp,hea,RX_RY_RZ_CNOT,none,linear,cnot,global,6,8,8,40,40,5,62,2,1,4,RX,0,30,layer_001_wire_004_RX,0.052650487570163496,0.052650487570163496,False
random_bp,expectation_value,same_entangling_gate_count,bcw_6q_random_bp,hea,RX_RY_RZ_CNOT,none,linear,cnot,global,6,8,8,40,40,5,62,2,1,4,RY,1,31,layer_001_wire_004_RY,0.14526174275845385,0.14526174275845385,False
random_bp,expectation_value,same_entangling_gate_count,bcw_6q_random_bp,hea,RX_RY_RZ_CNOT,none,linear,cnot,global,6,8,8,40,40,5,62,2,1,4,RZ,2,32,layer_001_wire_004_RZ,-0.025388026996640497,0.025388026996640497,False
random_bp,expectation_value,same_entangling_gate_count,bcw_6q_random_bp,hea,RX_RY_RZ_CNOT,none,linear,cnot,global,6,8,8,40,40,5,62,2,1,5,RX,0,33,layer_001_wire_005_RX,0.02326975391091595,0.02326975391091595,False
random_bp,expectation_value,same_entangling_gate_count,bcw_6q_random_bp,hea,RX_RY_RZ_CNOT,none,linear,cnot,global,6,8,8,40,40,5,62,2,1,5,RY,1,34,layer_001_wire_005_RY,-0.11438844281411364,0.11438844281411364,False
random_bp,expectation_value,same_entangling_gate_count,bcw_6q_random_bp,hea,RX_RY_RZ_CNOT,none,linear,cnot,global,6,8,8,40,40,5,62,2,1,5,RZ,2,35,layer_001_wire_005_RZ,0.031161480983117933,0.031161480983117933,False
random_bp,expectation_value,same_entangling_gate_count,bcw_6q_random_bp,hea,RX_RY_RZ_CNOT,none,linear,cnot,global,6,8,8,40,40,5,62,2,2,0,RX,0,36,layer_002_wire_000_RX,-0.21684296215439852,0.21684296215439852,False
random_bp,expectation_value,same_entangling_gate_count,bcw_6q_random_bp,hea,RX_RY_RZ_CNOT,none,linear,cnot,global,6,8,8,40,40,5,62,2,2,0,RY,1,37,layer_002_wire_000_RY,0.011631907656431325,0.011631907656431325,False
random_bp,expectation_value,same_entangling_gate_count,bcw_6q_random_bp,hea,RX_RY_RZ_CNOT,none,linear,cnot,global,6,8,8,40,40,5,62,2,2,0,RZ,2,38,layer_002_wire_000_RZ,0.20335587965242516,0.20335587965242516,False
random_bp,expectation_value,same_entangling_gate_count,bcw_6q_random_bp,hea,RX_RY_RZ_CNOT,none,linear,cnot,global,6,8,8,40,40,5,62,2,2,1,RX,0,39,layer_002_wire_001_RX,-0.060500030700829543,0.060500030700829543,False
random_bp,expectation_value,same_entangling_gate_count,bcw_6q_random_bp,hea,RX_RY_RZ_CNOT,none,linear,cnot,global,6,8,8,40,40,5,62,2,2,1,RY,1,40,layer_002_wire_001_RY,-0.04640107830641516,0.04640107830641516,False
random_bp,expectation_value,same_entangling_gate_count,bcw_6q_random_bp,hea,RX_RY_RZ_CNOT,none,linear,cnot,global,6,8,8,40,40,5,62,2,2,1,RZ,2,41,layer_002_wire_001_RZ,0.027920518343498645,0.027920518343498645,False
random_bp,expectation_value,same_entangling_gate_count,bcw_6q_random_bp,hea,RX_RY_RZ_CNOT,none,linear,cnot,global,6,8,8,40,40,5,62,2,2,2,RX,0,42,layer_002_wire_002_RX,-0.05486889065312329,0.05486889065312329,False
random_bp,expectation_value,same_entangling_gate_count,bcw_6q_random_bp,hea,RX_RY_RZ_CNOT,none,linear,cnot,global,6,8,8,40,40,5,62,2,2,2,RY,1,43,layer_002_wire_002_RY,-0.002245212028449048,0.002245212028449048,False
random_bp,expectation_value,same_entangling_gate_count,bcw_6q_random_bp,hea,RX_RY_RZ_CNOT,none,linear,cnot,global,6,8,8,40,40,5,62,2,2,2,RZ,2,44,layer_002_wire_002_RZ,-0.0892019287321097,0.0892019287321097,False
random_bp,expectation_value,same_entangling_gate_count,bcw_6q_random_bp,hea,RX_RY_RZ_CNOT,none,linear,cnot,global,6,8,8,40,40,5,62,2,2,3,RX,0,45,layer_002_wire_003_RX,0.031648923045558504,0.031648923045558504,False
random_bp,expectation_value,same_entangling_gate_count,bcw_6q_random_bp,hea,RX_RY_RZ_CNOT,none,linear,cnot,global,6,8,8,40,40,5,62,2,2,3,RY,1,46,layer_002_wire_003_RY,0.03773935159198382,0.03773935159198382,False
random_bp,expectation_value,same_entangling_gate_count,bcw_6q_random_bp,hea,RX_RY_RZ_CNOT,none,linear,cnot,global,6,8,8,40,40,5,62,2,2,3,RZ,2,47,layer_002_wire_003_RZ,-0.05089894734069135,0.05089894734069135,False
random_bp,expectation_value,same_entangling_gate_count,bcw_6q_random_bp,hea,RX_RY_RZ_CNOT,none,linear,cnot,global,6,8,8,40,40,5,62,2,2,4,RX,0,48,layer_002_wire_004_RX,-0.08857598753856938,0.08857598753856938,False
random_bp,expectation_value,same_entangling_gate_count,bcw_6q_random_bp,hea,RX_RY_RZ_CNOT,none,linear,cnot,global,6,8,8,40,40,5,62,2,2,4,RY,1,49,layer_002_wire_004_RY,-0.019941702007062086,0.019941702007062086,False
random_bp,expectation_value,same_entangling_gate_count,bcw_6q_random_bp,hea,RX_RY_RZ_CNOT,none,linear,cnot,global,6,8,8,40,40,5,62,2,2,4,RZ,2,50,layer_002_wire_004_RZ,-0.13739201942474455,0.13739201942474455,False
random_bp,expectation_value,same_entangling_gate_count,bcw_6q_random_bp,hea,RX_RY_RZ_CNOT,none,linear,cnot,global,6,8,8,40,40,5,62,2,2,5,RX,0,51,layer_002_wire_005_RX,0.0012872005658802217,0.0012872005658802217,False
random_bp,expectation_value,same_entangling_gate_count,bcw_6q_random_bp,hea,RX_RY_RZ_CNOT,none,linear,cnot,global,6,8,8,40,40,5,62,2,2,5,RY,1,52,layer_002_wire_005_RY,0.01669621540550441,0.01669621540550441,False
random_bp,expectation_value,same_entangling_gate_count,bcw_6q_random_bp,hea,RX_RY_RZ_CNOT,none,linear,cnot,global,6,8,8,40,40,5,62,2,2,5,RZ,2,53,layer_002_wire_005_RZ,-0.05544944753563712,0.05544944753563712,False
random_bp,expectation_value,same_entangling_gate_count,bcw_6q_random_bp,hea,RX_RY_RZ_CNOT,none,linear,cnot,global,6,8,8,40,40,5,62,2,3,0,RX,0,54,layer_003_wire_000_RX,0.011789089597521939,0.011789089597521939,False
random_bp,expectation_value,same_entangling_gate_count,bcw_6q_random_bp,hea,RX_RY_RZ_CNOT,none,linear,cnot,global,6,8,8,40,40,5,62,2,3,0,RY,1,55,layer_003_wire_000_RY,0.10886155293191689,0.10886155293191689,False
random_bp,expectation_value,same_entangling_gate_count,bcw_6q_random_bp,hea,RX_RY_RZ_CNOT,none,linear,cnot,global,6,8,8,40,40,5,62,2,3,0,RZ,2,56,layer_003_wire_000_RZ,-0.17465120455030142,0.17465120455030142,False
random_bp,expectation_value,same_entangling_gate_count,bcw_6q_random_bp,hea,RX_RY_RZ_CNOT,none,linear,cnot,global,6,8,8,40,40,5,62,2,3,1,RX,0,57,layer_003_wire_001_RX,0.030446927323371422,0.030446927323371422,False
random_bp,expectation_value,same_entangling_gate_count,bcw_6q_random_bp,hea,RX_RY_RZ_CNOT,none,linear,cnot,global,6,8,8,40,40,5,62,2,3,1,RY,1,58,layer_003_wire_001_RY,-0.09297464692585536,0.09297464692585536,False
random_bp,expectation_value,same_entangling_gate_count,bcw_6q_random_bp,hea,RX_RY_RZ_CNOT,none,linear,cnot,global,6,8,8,40,40,5,62,2,3,1,RZ,2,59,layer_003_wire_001_RZ,0.11846088502458701,0.11846088502458701,False
random_bp,expectation_value,same_entangling_gate_count,bcw_6q_random_bp,hea,RX_RY_RZ_CNOT,none,linear,cnot,global,6,8,8,40,40,5,62,2,3,2,RX,0,60,layer_003_wire_002_RX,0.026744590334267362,0.026744590334267362,False
random_bp,expectation_value,same_entangling_gate_count,bcw_6q_random_bp,hea,RX_RY_RZ_CNOT,none,linear,cnot,global,6,8,8,40,40,5,62,2,3,2,RY,1,61,layer_003_wire_002_RY,-0.11047881300542262,0.11047881300542262,False
random_bp,expectation_value,same_entangling_gate_count,bcw_6q_random_bp,hea,RX_RY_RZ_CNOT,none,linear,cnot,global,6,8,8,40,40,5,62,2,3,2,RZ,2,62,layer_003_wire_002_RZ,0.006163213168467007,0.006163213168467007,False
random_bp,expectation_value,same_entangling_gate_count,bcw_6q_random_bp,hea,RX_RY_RZ_CNOT,none,linear,cnot,global,6,8,8,40,40,5,62,2,3,3,RX,0,63,layer_003_wire_003_RX,0.10715640656314247,0.10715640656314247,False
random_bp,expectation_value,same_entangling_gate_count,bcw_6q_random_bp,hea,RX_RY_RZ_CNOT,none,linear,cnot,global,6,8,8,40,40,5,62,2,3,3,RY,1,64,layer_003_wire_003_RY,-0.018333960295144752,0.018333960295144752,False
random_bp,expectation_value,same_entangling_gate_count,bcw_6q_random_bp,hea,RX_RY_RZ_CNOT,none,linear,cnot,global,6,8,8,40,40,5,62,2,3,3,RZ,2,65,layer_003_wire_003_RZ,-0.024484243389505583,0.024484243389505583,False
random_bp,expectation_value,same_entangling_gate_count,bcw_6q_random_bp,hea,RX_RY_RZ_CNOT,none,linear,cnot,global,6,8,8,40,40,5,62,2,3,4,RX,0,66,layer_003_wire_004_RX,0.03015586199574251,0.03015586199574251,False
random_bp,expectation_value,same_entangling_gate_count,bcw_6q_random_bp,hea,RX_RY_RZ_CNOT,none,linear,cnot,global,6,8,8,40,40,5,62,2,3,4,RY,1,67,layer_003_wire_004_RY,0.1007418159207984,0.1007418159207984,False
random_bp,expectation_value,same_entangling_gate_count,bcw_6q_random_bp,hea,RX_RY_RZ_CNOT,none,linear,cnot,global,6,8,8,40,40,5,62,2,3,4,RZ,2,68,layer_003_wire_004_RZ,0.09267062824979382,0.09267062824979382,False
random_bp,expectation_value,same_entangling_gate_count,bcw_6q_random_bp,hea,RX_RY_RZ_CNOT,none,linear,cnot,global,6,8,8,40,40,5,62,2,3,5,RX,0,69,layer_003_wire_005_RX,-0.034710256262741795,0.034710256262741795,False
random_bp,expectation_value,same_entangling_gate_count,bcw_6q_random_bp,hea,RX_RY_RZ_CNOT,none,linear,cnot,global,6,8,8,40,40,5,62,2,3,5,RY,1,70,layer_003_wire_005_RY,0.05595557205767733,0.05595557205767733,False
random_bp,expectation_value,same_entangling_gate_count,bcw_6q_random_bp,hea,RX_RY_RZ_CNOT,none,linear,cnot,global,6,8,8,40,40,5,62,2,3,5,RZ,2,71,layer_003_wire_005_RZ,0.06400043408175304,0.06400043408175304,False
random_bp,expectation_value,same_entangling_gate_count,bcw_6q_random_bp,hea,RX_RY_RZ_CNOT,none,linear,cnot,global,6,8,8,40,40,5,62,2,4,0,RX,0,72,layer_004_wire_000_RX,0.026467193142184205,0.026467193142184205,False
random_bp,expectation_value,same_entangling_gate_count,bcw_6q_random_bp,hea,RX_RY_RZ_CNOT,none,linear,cnot,global,6,8,8,40,40,5,62,2,4,0,RY,1,73,layer_004_wire_000_RY,0.17465186440829847,0.17465186440829847,False
random_bp,expectation_value,same_entangling_gate_count,bcw_6q_random_bp,hea,RX_RY_RZ_CNOT,none,linear,cnot,global,6,8,8,40,40,5,62,2,4,0,RZ,2,74,layer_004_wire_000_RZ,-0.011978862109893813,0.011978862109893813,False
random_bp,expectation_value,same_entangling_gate_count,bcw_6q_random_bp,hea,RX_RY_RZ_CNOT,none,linear,cnot,global,6,8,8,40,40,5,62,2,4,1,RX,0,75,layer_004_wire_001_RX,0.03594938660239101,0.03594938660239101,False
random_bp,expectation_value,same_entangling_gate_count,bcw_6q_random_bp,hea,RX_RY_RZ_CNOT,none,linear,cnot,global,6,8,8,40,40,5,62,2,4,1,RY,1,76,layer_004_wire_001_RY,0.20209454787757816,0.20209454787757816,False
random_bp,expectation_value,same_entangling_gate_count,bcw_6q_random_bp,hea,RX_RY_RZ_CNOT,none,linear,cnot,global,6,8,8,40,40,5,62,2,4,1,RZ,2,77,layer_004_wire_001_RZ,-0.07732335661569137,0.07732335661569137,False
random_bp,expectation_value,same_entangling_gate_count,bcw_6q_random_bp,hea,RX_RY_RZ_CNOT,none,linear,cnot,global,6,8,8,40,40,5,62,2,4,2,RX,0,78,layer_004_wire_002_RX,0.08129071950293561,0.08129071950293561,False
random_bp,expectation_value,same_entangling_gate_count,bcw_6q_random_bp,hea,RX_RY_RZ_CNOT,none,linear,cnot,global,6,8,8,40,40,5,62,2,4,2,RY,1,79,layer_004_wire_002_RY,-0.10328950155054141,0.10328950155054141,False
random_bp,expectation_value,same_entangling_gate_count,bcw_6q_random_bp,hea,RX_RY_RZ_CNOT,none,linear,cnot,global,6,8,8,40,40,5,62,2,4,2,RZ,2,80,layer_004_wire_002_RZ,-0.2824436703084715,0.2824436703084715,False
random_bp,expectation_value,same_entangling_gate_count,bcw_6q_random_bp,hea,RX_RY_RZ_CNOT,none,linear,cnot,global,6,8,8,40,40,5,62,2,4,3,RX,0,81,layer_004_wire_003_RX,-0.07251644938415289,0.07251644938415289,False
random_bp,expectation_value,same_entangling_gate_count,bcw_6q_random_bp,hea,RX_RY_RZ_CNOT,none,linear,cnot,global,6,8,8,40,40,5,62,2,4,3,RY,1,82,layer_004_wire_003_RY,-0.1554386650730309,0.1554386650730309,False
random_bp,expectation_value,same_entangling_gate_count,bcw_6q_random_bp,hea,RX_RY_RZ_CNOT,none,linear,cnot,global,6,8,8,40,40,5,62,2,4,3,RZ,2,83,layer_004_wire_003_RZ,-0.0788987445914929,0.0788987445914929,False
random_bp,expectation_value,same_entangling_gate_count,bcw_6q_random_bp,hea,RX_RY_RZ_CNOT,none,linear,cnot,global,6,8,8,40,40,5,62,2,4,4,RX,0,84,layer_004_wire_004_RX,0.0023199047593560076,0.0023199047593560076,False
random_bp,expectation_value,same_entangling_gate_count,bcw_6q_random_bp,hea,RX_RY_RZ_CNOT,none,linear,cnot,global,6,8,8,40,40,5,62,2,4,4,RY,1,85,layer_004_wire_004_RY,0.0655696949679618,0.0655696949679618,False
random_bp,expectation_value,same_entangling_gate_count,bcw_6q_random_bp,hea,RX_RY_RZ_CNOT,none,linear,cnot,global,6,8,8,40,40,5,62,2,4,4,RZ,2,86,layer_004_wire_004_RZ,-0.016336229794394683,0.016336229794394683,False
random_bp,expectation_value,same_entangling_gate_count,bcw_6q_random_bp,hea,RX_RY_RZ_CNOT,none,linear,cnot,global,6,8,8,40,40,5,62,2,4,5,RX,0,87,layer_004_wire_005_RX,0.009109825802591343,0.009109825802591343,False
random_bp,expectation_value,same_entangling_gate_count,bcw_6q_random_bp,hea,RX_RY_RZ_CNOT,none,linear,cnot,global,6,8,8,40,40,5,62,2,4,5,RY,1,88,layer_004_wire_005_RY,0.16348743928302284,0.16348743928302284,False
random_bp,expectation_value,same_entangling_gate_count,bcw_6q_random_bp,hea,RX_RY_RZ_CNOT,none,linear,cnot,global,6,8,8,40,40,5,62,2,4,5,RZ,2,89,layer_004_wire_005_RZ,-0.07702220755286804,0.07702220755286804,False
random_bp,expectation_value,same_entangling_gate_count,bcw_6q_random_bp,hea,RX_RY_RZ_CNOT,none,linear,cnot,global,6,8,8,40,40,5,62,2,5,0,RX,0,90,layer_005_wire_000_RX,-0.076298377026996,0.076298377026996,False
random_bp,expectation_value,same_entangling_gate_count,bcw_6q_random_bp,hea,RX_RY_RZ_CNOT,none,linear,cnot,global,6,8,8,40,40,5,62,2,5,0,RY,1,91,layer_005_wire_000_RY,-0.008460006741271647,0.008460006741271647,False
random_bp,expectation_value,same_entangling_gate_count,bcw_6q_random_bp,hea,RX_RY_RZ_CNOT,none,linear,cnot,global,6,8,8,40,40,5,62,2,5,0,RZ,2,92,layer_005_wire_000_RZ,-0.013174372791284663,0.013174372791284663,False
random_bp,expectation_value,same_entangling_gate_count,bcw_6q_random_bp,hea,RX_RY_RZ_CNOT,none,linear,cnot,global,6,8,8,40,40,5,62,2,5,1,RX,0,93,layer_005_wire_001_RX,-0.0014456048519142133,0.0014456048519142133,False
random_bp,expectation_value,same_entangling_gate_count,bcw_6q_random_bp,hea,RX_RY_RZ_CNOT,none,linear,cnot,global,6,8,8,40,40,5,62,2,5,1,RY,1,94,layer_005_wire_001_RY,0.03609969530170546,0.03609969530170546,False
random_bp,expectation_value,same_entangling_gate_count,bcw_6q_random_bp,hea,RX_RY_RZ_CNOT,none,linear,cnot,global,6,8,8,40,40,5,62,2,5,1,RZ,2,95,layer_005_wire_001_RZ,0.06075693535137201,0.06075693535137201,False
random_bp,expectation_value,same_entangling_gate_count,bcw_6q_random_bp,hea,RX_RY_RZ_CNOT,none,linear,cnot,global,6,8,8,40,40,5,62,2,5,2,RX,0,96,layer_005_wire_002_RX,0.0704745453902895,0.0704745453902895,False
random_bp,expectation_value,same_entangling_gate_count,bcw_6q_random_bp,hea,RX_RY_RZ_CNOT,none,linear,cnot,global,6,8,8,40,40,5,62,2,5,2,RY,1,97,layer_005_wire_002_RY,0.09274268194599507,0.09274268194599507,False
random_bp,expectation_value,same_entangling_gate_count,bcw_6q_random_bp,hea,RX_RY_RZ_CNOT,none,linear,cnot,global,6,8,8,40,40,5,62,2,5,2,RZ,2,98,layer_005_wire_002_RZ,-0.026501471819675004,0.026501471819675004,False
random_bp,expectation_value,same_entangling_gate_count,bcw_6q_random_bp,hea,RX_RY_RZ_CNOT,none,linear,cnot,global,6,8,8,40,40,5,62,2,5,3,RX,0,99,layer_005_wire_003_RX,0.13619833221242256,0.13619833221242256,False
random_bp,expectation_value,same_entangling_gate_count,bcw_6q_random_bp,hea,RX_RY_RZ_CNOT,none,linear,cnot,global,6,8,8,40,40,5,62,2,5,3,RY,1,100,layer_005_wire_003_RY,-0.06428571940636471,0.06428571940636471,False
random_bp,expectation_value,same_entangling_gate_count,bcw_6q_random_bp,hea,RX_RY_RZ_CNOT,none,linear,cnot,global,6,8,8,40,40,5,62,2,5,3,RZ,2,101,layer_005_wire_003_RZ,0.087380428703861,0.087380428703861,False
random_bp,expectation_value,same_entangling_gate_count,bcw_6q_random_bp,hea,RX_RY_RZ_CNOT,none,linear,cnot,global,6,8,8,40,40,5,62,2,5,4,RX,0,102,layer_005_wire_004_RX,0.1398881160385753,0.1398881160385753,False
random_bp,expectation_value,same_entangling_gate_count,bcw_6q_random_bp,hea,RX_RY_RZ_CNOT,none,linear,cnot,global,6,8,8,40,40,5,62,2,5,4,RY,1,103,layer_005_wire_004_RY,-0.07931440117033431,0.07931440117033431,False
random_bp,expectation_value,same_entangling_gate_count,bcw_6q_random_bp,hea,RX_RY_RZ_CNOT,none,linear,cnot,global,6,8,8,40,40,5,62,2,5,4,RZ,2,104,layer_005_wire_004_RZ,0.14373747482255325,0.14373747482255325,False
random_bp,expectation_value,same_entangling_gate_count,bcw_6q_random_bp,hea,RX_RY_RZ_CNOT,none,linear,cnot,global,6,8,8,40,40,5,62,2,5,5,RX,0,105,layer_005_wire_005_RX,0.12871993883115904,0.12871993883115904,False
random_bp,expectation_value,same_entangling_gate_count,bcw_6q_random_bp,hea,RX_RY_RZ_CNOT,none,linear,cnot,global,6,8,8,40,40,5,62,2,5,5,RY,1,106,layer_005_wire_005_RY,-0.11371468642300146,0.11371468642300146,False
random_bp,expectation_value,same_entangling_gate_count,bcw_6q_random_bp,hea,RX_RY_RZ_CNOT,none,linear,cnot,global,6,8,8,40,40,5,62,2,5,5,RZ,2,107,layer_005_wire_005_RZ,0.09529398596286143,0.09529398596286143,False
random_bp,expectation_value,same_entangling_gate_count,bcw_6q_random_bp,hea,RX_RY_RZ_CNOT,none,linear,cnot,global,6,8,8,40,40,5,62,2,6,0,RX,0,108,layer_006_wire_000_RX,0.0048793506063231915,0.0048793506063231915,False
random_bp,expectation_value,same_entangling_gate_count,bcw_6q_random_bp,hea,RX_RY_RZ_CNOT,none,linear,cnot,global,6,8,8,40,40,5,62,2,6,0,RY,1,109,layer_006_wire_000_RY,-0.05524690951086568,0.05524690951086568,False
random_bp,expectation_value,same_entangling_gate_count,bcw_6q_random_bp,hea,RX_RY_RZ_CNOT,none,linear,cnot,global,6,8,8,40,40,5,62,2,6,0,RZ,2,110,layer_006_wire_000_RZ,-2.524506083250233e-17,2.524506083250233e-17,True
random_bp,expectation_value,same_entangling_gate_count,bcw_6q_random_bp,hea,RX_RY_RZ_CNOT,none,linear,cnot,global,6,8,8,40,40,5,62,2,6,1,RX,0,111,layer_006_wire_001_RX,-0.03234963491501035,0.03234963491501035,False
random_bp,expectation_value,same_entangling_gate_count,bcw_6q_random_bp,hea,RX_RY_RZ_CNOT,none,linear,cnot,global,6,8,8,40,40,5,62,2,6,1,RY,1,112,layer_006_wire_001_RY,-0.07764666912121657,0.07764666912121657,False
random_bp,expectation_value,same_entangling_gate_count,bcw_6q_random_bp,hea,RX_RY_RZ_CNOT,none,linear,cnot,global,6,8,8,40,40,5,62,2,6,1,RZ,2,113,layer_006_wire_001_RZ,0.05960436981971037,0.05960436981971037,False
random_bp,expectation_value,same_entangling_gate_count,bcw_6q_random_bp,hea,RX_RY_RZ_CNOT,none,linear,cnot,global,6,8,8,40,40,5,62,2,6,2,RX,0,114,layer_006_wire_002_RX,0.06809997546497958,0.06809997546497958,False
random_bp,expectation_value,same_entangling_gate_count,bcw_6q_random_bp,hea,RX_RY_RZ_CNOT,none,linear,cnot,global,6,8,8,40,40,5,62,2,6,2,RY,1,115,layer_006_wire_002_RY,-0.19521981731949303,0.19521981731949303,False
random_bp,expectation_value,same_entangling_gate_count,bcw_6q_random_bp,hea,RX_RY_RZ_CNOT,none,linear,cnot,global,6,8,8,40,40,5,62,2,6,2,RZ,2,116,layer_006_wire_002_RZ,0.0025581135727682208,0.0025581135727682208,False
random_bp,expectation_value,same_entangling_gate_count,bcw_6q_random_bp,hea,RX_RY_RZ_CNOT,none,linear,cnot,global,6,8,8,40,40,5,62,2,6,3,RX,0,117,layer_006_wire_003_RX,-0.024833948188273287,0.024833948188273287,False
random_bp,expectation_value,same_entangling_gate_count,bcw_6q_random_bp,hea,RX_RY_RZ_CNOT,none,linear,cnot,global,6,8,8,40,40,5,62,2,6,3,RY,1,118,layer_006_wire_003_RY,0.03116865454584401,0.03116865454584401,False
random_bp,expectation_value,same_entangling_gate_count,bcw_6q_random_bp,hea,RX_RY_RZ_CNOT,none,linear,cnot,global,6,8,8,40,40,5,62,2,6,3,RZ,2,119,layer_006_wire_003_RZ,0.017723143129671097,0.017723143129671097,False
random_bp,expectation_value,same_entangling_gate_count,bcw_6q_random_bp,hea,RX_RY_RZ_CNOT,none,linear,cnot,global,6,8,8,40,40,5,62,2,6,4,RX,0,120,layer_006_wire_004_RX,0.08546990887447684,0.08546990887447684,False
random_bp,expectation_value,same_entangling_gate_count,bcw_6q_random_bp,hea,RX_RY_RZ_CNOT,none,linear,cnot,global,6,8,8,40,40,5,62,2,6,4,RY,1,121,layer_006_wire_004_RY,0.0545741166944737,0.0545741166944737,False
random_bp,expectation_value,same_entangling_gate_count,bcw_6q_random_bp,hea,RX_RY_RZ_CNOT,none,linear,cnot,global,6,8,8,40,40,5,62,2,6,4,RZ,2,122,layer_006_wire_004_RZ,0.08428450685107272,0.08428450685107272,False
random_bp,expectation_value,same_entangling_gate_count,bcw_6q_random_bp,hea,RX_RY_RZ_CNOT,none,linear,cnot,global,6,8,8,40,40,5,62,2,6,5,RX,0,123,layer_006_wire_005_RX,-0.08430093008475453,0.08430093008475453,False
random_bp,expectation_value,same_entangling_gate_count,bcw_6q_random_bp,hea,RX_RY_RZ_CNOT,none,linear,cnot,global,6,8,8,40,40,5,62,2,6,5,RY,1,124,layer_006_wire_005_RY,-0.21830370218953155,0.21830370218953155,False
random_bp,expectation_value,same_entangling_gate_count,bcw_6q_random_bp,hea,RX_RY_RZ_CNOT,none,linear,cnot,global,6,8,8,40,40,5,62,2,6,5,RZ,2,125,layer_006_wire_005_RZ,-0.06027791645388786,0.06027791645388786,False
random_bp,expectation_value,same_entangling_gate_count,bcw_6q_random_bp,hea,RX_RY_RZ_CNOT,none,linear,cnot,global,6,8,8,40,40,5,62,2,7,0,RX,0,126,layer_007_wire_000_RX,-1.734723475976807e-17,1.734723475976807e-17,True
random_bp,expectation_value,same_entangling_gate_count,bcw_6q_random_bp,hea,RX_RY_RZ_CNOT,none,linear,cnot,global,6,8,8,40,40,5,62,2,7,0,RY,1,127,layer_007_wire_000_RY,3.903127820947816e-17,3.903127820947816e-17,True
random_bp,expectation_value,same_entangling_gate_count,bcw_6q_random_bp,hea,RX_RY_RZ_CNOT,none,linear,cnot,global,6,8,8,40,40,5,62,2,7,0,RZ,2,128,layer_007_wire_000_RZ,-8.293389654598605e-17,8.293389654598605e-17,True
random_bp,expectation_value,same_entangling_gate_count,bcw_6q_random_bp,hea,RX_RY_RZ_CNOT,none,linear,cnot,global,6,8,8,40,40,5,62,2,7,1,RX,0,129,layer_007_wire_001_RX,0.01856664720303704,0.01856664720303704,False
random_bp,expectation_value,same_entangling_gate_count,bcw_6q_random_bp,hea,RX_RY_RZ_CNOT,none,linear,cnot,global,6,8,8,40,40,5,62,2,7,1,RY,1,130,layer_007_wire_001_RY,0.04732528181686024,0.04732528181686024,False
random_bp,expectation_value,same_entangling_gate_count,bcw_6q_random_bp,hea,RX_RY_RZ_CNOT,none,linear,cnot,global,6,8,8,40,40,5,62,2,7,1,RZ,2,131,layer_007_wire_001_RZ,-7.410397738662133e-18,7.410397738662133e-18,True
random_bp,expectation_value,same_entangling_gate_count,bcw_6q_random_bp,hea,RX_RY_RZ_CNOT,none,linear,cnot,global,6,8,8,40,40,5,62,2,7,2,RX,0,132,layer_007_wire_002_RX,2.7321894746634712e-17,2.7321894746634712e-17,True
random_bp,expectation_value,same_entangling_gate_count,bcw_6q_random_bp,hea,RX_RY_RZ_CNOT,none,linear,cnot,global,6,8,8,40,40,5,62,2,7,2,RY,1,133,layer_007_wire_002_RY,-2.862293735361732e-17,2.862293735361732e-17,True
random_bp,expectation_value,same_entangling_gate_count,bcw_6q_random_bp,hea,RX_RY_RZ_CNOT,none,linear,cnot,global,6,8,8,40,40,5,62,2,7,2,RZ,2,134,layer_007_wire_002_RZ,4.783076068583601e-17,4.783076068583601e-17,True
random_bp,expectation_value,same_entangling_gate_count,bcw_6q_random_bp,hea,RX_RY_RZ_CNOT,none,linear,cnot,global,6,8,8,40,40,5,62,2,7,3,RX,0,135,layer_007_wire_003_RX,-0.0013545188400767658,0.0013545188400767658,False
random_bp,expectation_value,same_entangling_gate_count,bcw_6q_random_bp,hea,RX_RY_RZ_CNOT,none,linear,cnot,global,6,8,8,40,40,5,62,2,7,3,RY,1,136,layer_007_wire_003_RY,-0.06759984238797588,0.06759984238797588,False
random_bp,expectation_value,same_entangling_gate_count,bcw_6q_random_bp,hea,RX_RY_RZ_CNOT,none,linear,cnot,global,6,8,8,40,40,5,62,2,7,3,RZ,2,137,layer_007_wire_003_RZ,-2.910619101343784e-17,2.910619101343784e-17,True
random_bp,expectation_value,same_entangling_gate_count,bcw_6q_random_bp,hea,RX_RY_RZ_CNOT,none,linear,cnot,global,6,8,8,40,40,5,62,2,7,4,RX,0,138,layer_007_wire_004_RX,8.673617379884035e-18,8.673617379884035e-18,True
random_bp,expectation_value,same_entangling_gate_count,bcw_6q_random_bp,hea,RX_RY_RZ_CNOT,none,linear,cnot,global,6,8,8,40,40,5,62,2,7,4,RY,1,139,layer_007_wire_004_RY,2.42861286636753e-17,2.42861286636753e-17,True
random_bp,expectation_value,same_entangling_gate_count,bcw_6q_random_bp,hea,RX_RY_RZ_CNOT,none,linear,cnot,global,6,8,8,40,40,5,62,2,7,4,RZ,2,140,layer_007_wire_004_RZ,4.483554559392412e-18,4.483554559392412e-18,True
random_bp,expectation_value,same_entangling_gate_count,bcw_6q_random_bp,hea,RX_RY_RZ_CNOT,none,linear,cnot,global,6,8,8,40,40,5,62,2,7,5,RX,0,141,layer_007_wire_005_RX,0.22854483516560106,0.22854483516560106,False
random_bp,expectation_value,same_entangling_gate_count,bcw_6q_random_bp,hea,RX_RY_RZ_CNOT,none,linear,cnot,global,6,8,8,40,40,5,62,2,7,5,RY,1,142,layer_007_wire_005_RY,0.00325157098399261,0.00325157098399261,False
random_bp,expectation_value,same_entangling_gate_count,bcw_6q_random_bp,hea,RX_RY_RZ_CNOT,none,linear,cnot,global,6,8,8,40,40,5,62,2,7,5,RZ,2,143,layer_007_wire_005_RZ,-5.741992321263681e-18,5.741992321263681e-18,True
random_bp,expectation_value,same_entangling_gate_count,bcw_6q_random_bp,hea,RX_RY_RZ_CNOT,none,circular,cnot,global,6,8,7,40,42,6,63,0,0,0,RX,0,0,layer_000_wire_000_RX,-0.07429233231125917,0.07429233231125917,False
random_bp,expectation_value,same_entangling_gate_count,bcw_6q_random_bp,hea,RX_RY_RZ_CNOT,none,circular,cnot,global,6,8,7,40,42,6,63,0,0,0,RY,1,1,layer_000_wire_000_RY,-0.016507338437785846,0.016507338437785846,False
random_bp,expectation_value,same_entangling_gate_count,bcw_6q_random_bp,hea,RX_RY_RZ_CNOT,none,circular,cnot,global,6,8,7,40,42,6,63,0,0,0,RZ,2,2,layer_000_wire_000_RZ,-0.07609926963697446,0.07609926963697446,False
random_bp,expectation_value,same_entangling_gate_count,bcw_6q_random_bp,hea,RX_RY_RZ_CNOT,none,circular,cnot,global,6,8,7,40,42,6,63,0,0,1,RX,0,3,layer_000_wire_001_RX,-0.08803154685650055,0.08803154685650055,False
random_bp,expectation_value,same_entangling_gate_count,bcw_6q_random_bp,hea,RX_RY_RZ_CNOT,none,circular,cnot,global,6,8,7,40,42,6,63,0,0,1,RY,1,4,layer_000_wire_001_RY,-0.16113338961196824,0.16113338961196824,False
random_bp,expectation_value,same_entangling_gate_count,bcw_6q_random_bp,hea,RX_RY_RZ_CNOT,none,circular,cnot,global,6,8,7,40,42,6,63,0,0,1,RZ,2,5,layer_000_wire_001_RZ,0.08766816190526677,0.08766816190526677,False
random_bp,expectation_value,same_entangling_gate_count,bcw_6q_random_bp,hea,RX_RY_RZ_CNOT,none,circular,cnot,global,6,8,7,40,42,6,63,0,0,2,RX,0,6,layer_000_wire_002_RX,-0.01508225022677935,0.01508225022677935,False
random_bp,expectation_value,same_entangling_gate_count,bcw_6q_random_bp,hea,RX_RY_RZ_CNOT,none,circular,cnot,global,6,8,7,40,42,6,63,0,0,2,RY,1,7,layer_000_wire_002_RY,0.051113358366689995,0.051113358366689995,False
random_bp,expectation_value,same_entangling_gate_count,bcw_6q_random_bp,hea,RX_RY_RZ_CNOT,none,circular,cnot,global,6,8,7,40,42,6,63,0,0,2,RZ,2,8,layer_000_wire_002_RZ,0.02015979788827183,0.02015979788827183,False
random_bp,expectation_value,same_entangling_gate_count,bcw_6q_random_bp,hea,RX_RY_RZ_CNOT,none,circular,cnot,global,6,8,7,40,42,6,63,0,0,3,RX,0,9,layer_000_wire_003_RX,0.06538728017163015,0.06538728017163015,False
random_bp,expectation_value,same_entangling_gate_count,bcw_6q_random_bp,hea,RX_RY_RZ_CNOT,none,circular,cnot,global,6,8,7,40,42,6,63,0,0,3,RY,1,10,layer_000_wire_003_RY,-0.10898484474075934,0.10898484474075934,False
random_bp,expectation_value,same_entangling_gate_count,bcw_6q_random_bp,hea,RX_RY_RZ_CNOT,none,circular,cnot,global,6,8,7,40,42,6,63,0,0,3,RZ,2,11,layer_000_wire_003_RZ,-0.07880780656540037,0.07880780656540037,False
random_bp,expectation_value,same_entangling_gate_count,bcw_6q_random_bp,hea,RX_RY_RZ_CNOT,none,circular,cnot,global,6,8,7,40,42,6,63,0,0,4,RX,0,12,layer_000_wire_004_RX,0.06181223487784194,0.06181223487784194,False
random_bp,expectation_value,same_entangling_gate_count,bcw_6q_random_bp,hea,RX_RY_RZ_CNOT,none,circular,cnot,global,6,8,7,40,42,6,63,0,0,4,RY,1,13,layer_000_wire_004_RY,0.09962013541582225,0.09962013541582225,False
random_bp,expectation_value,same_entangling_gate_count,bcw_6q_random_bp,hea,RX_RY_RZ_CNOT,none,circular,cnot,global,6,8,7,40,42,6,63,0,0,4,RZ,2,14,layer_000_wire_004_RZ,0.13468513823536638,0.13468513823536638,False
random_bp,expectation_value,same_entangling_gate_count,bcw_6q_random_bp,hea,RX_RY_RZ_CNOT,none,circular,cnot,global,6,8,7,40,42,6,63,0,0,5,RX,0,15,layer_000_wire_005_RX,-0.09193466271703421,0.09193466271703421,False
random_bp,expectation_value,same_entangling_gate_count,bcw_6q_random_bp,hea,RX_RY_RZ_CNOT,none,circular,cnot,global,6,8,7,40,42,6,63,0,0,5,RY,1,16,layer_000_wire_005_RY,-0.04140531142322634,0.04140531142322634,False
random_bp,expectation_value,same_entangling_gate_count,bcw_6q_random_bp,hea,RX_RY_RZ_CNOT,none,circular,cnot,global,6,8,7,40,42,6,63,0,0,5,RZ,2,17,layer_000_wire_005_RZ,0.12323575502326437,0.12323575502326437,False
random_bp,expectation_value,same_entangling_gate_count,bcw_6q_random_bp,hea,RX_RY_RZ_CNOT,none,circular,cnot,global,6,8,7,40,42,6,63,0,1,0,RX,0,18,layer_001_wire_000_RX,0.02922604512288851,0.02922604512288851,False
random_bp,expectation_value,same_entangling_gate_count,bcw_6q_random_bp,hea,RX_RY_RZ_CNOT,none,circular,cnot,global,6,8,7,40,42,6,63,0,1,0,RY,1,19,layer_001_wire_000_RY,0.09507152070897032,0.09507152070897032,False
random_bp,expectation_value,same_entangling_gate_count,bcw_6q_random_bp,hea,RX_RY_RZ_CNOT,none,circular,cnot,global,6,8,7,40,42,6,63,0,1,0,RZ,2,20,layer_001_wire_000_RZ,-0.030036088745285322,0.030036088745285322,False
random_bp,expectation_value,same_entangling_gate_count,bcw_6q_random_bp,hea,RX_RY_RZ_CNOT,none,circular,cnot,global,6,8,7,40,42,6,63,0,1,1,RX,0,21,layer_001_wire_001_RX,0.09912551999002987,0.09912551999002987,False
random_bp,expectation_value,same_entangling_gate_count,bcw_6q_random_bp,hea,RX_RY_RZ_CNOT,none,circular,cnot,global,6,8,7,40,42,6,63,0,1,1,RY,1,22,layer_001_wire_001_RY,-0.05016106932934816,0.05016106932934816,False
random_bp,expectation_value,same_entangling_gate_count,bcw_6q_random_bp,hea,RX_RY_RZ_CNOT,none,circular,cnot,global,6,8,7,40,42,6,63,0,1,1,RZ,2,23,layer_001_wire_001_RZ,-0.10947490425219897,0.10947490425219897,False
random_bp,expectation_value,same_entangling_gate_count,bcw_6q_random_bp,hea,RX_RY_RZ_CNOT,none,circular,cnot,global,6,8,7,40,42,6,63,0,1,2,RX,0,24,layer_001_wire_002_RX,-0.008284829441836644,0.008284829441836644,False
random_bp,expectation_value,same_entangling_gate_count,bcw_6q_random_bp,hea,RX_RY_RZ_CNOT,none,circular,cnot,global,6,8,7,40,42,6,63,0,1,2,RY,1,25,layer_001_wire_002_RY,-0.09213034235332301,0.09213034235332301,False
random_bp,expectation_value,same_entangling_gate_count,bcw_6q_random_bp,hea,RX_RY_RZ_CNOT,none,circular,cnot,global,6,8,7,40,42,6,63,0,1,2,RZ,2,26,layer_001_wire_002_RZ,-0.061875932791763934,0.061875932791763934,False
random_bp,expectation_value,same_entangling_gate_count,bcw_6q_random_bp,hea,RX_RY_RZ_CNOT,none,circular,cnot,global,6,8,7,40,42,6,63,0,1,3,RX,0,27,layer_001_wire_003_RX,-0.12750838040896217,0.12750838040896217,False
random_bp,expectation_value,same_entangling_gate_count,bcw_6q_random_bp,hea,RX_RY_RZ_CNOT,none,circular,cnot,global,6,8,7,40,42,6,63,0,1,3,RY,1,28,layer_001_wire_003_RY,0.002806130872532467,0.002806130872532467,False
random_bp,expectation_value,same_entangling_gate_count,bcw_6q_random_bp,hea,RX_RY_RZ_CNOT,none,circular,cnot,global,6,8,7,40,42,6,63,0,1,3,RZ,2,29,layer_001_wire_003_RZ,0.12706312197771472,0.12706312197771472,False
random_bp,expectation_value,same_entangling_gate_count,bcw_6q_random_bp,hea,RX_RY_RZ_CNOT,none,circular,cnot,global,6,8,7,40,42,6,63,0,1,4,RX,0,30,layer_001_wire_004_RX,0.053963774084805696,0.053963774084805696,False
random_bp,expectation_value,same_entangling_gate_count,bcw_6q_random_bp,hea,RX_RY_RZ_CNOT,none,circular,cnot,global,6,8,7,40,42,6,63,0,1,4,RY,1,31,layer_001_wire_004_RY,-0.0192341605004607,0.0192341605004607,False
random_bp,expectation_value,same_entangling_gate_count,bcw_6q_random_bp,hea,RX_RY_RZ_CNOT,none,circular,cnot,global,6,8,7,40,42,6,63,0,1,4,RZ,2,32,layer_001_wire_004_RZ,0.06927806231323289,0.06927806231323289,False
random_bp,expectation_value,same_entangling_gate_count,bcw_6q_random_bp,hea,RX_RY_RZ_CNOT,none,circular,cnot,global,6,8,7,40,42,6,63,0,1,5,RX,0,33,layer_001_wire_005_RX,-0.1350112034311072,0.1350112034311072,False
random_bp,expectation_value,same_entangling_gate_count,bcw_6q_random_bp,hea,RX_RY_RZ_CNOT,none,circular,cnot,global,6,8,7,40,42,6,63,0,1,5,RY,1,34,layer_001_wire_005_RY,-0.057747769131308704,0.057747769131308704,False
random_bp,expectation_value,same_entangling_gate_count,bcw_6q_random_bp,hea,RX_RY_RZ_CNOT,none,circular,cnot,global,6,8,7,40,42,6,63,0,1,5,RZ,2,35,layer_001_wire_005_RZ,0.06791122606729025,0.06791122606729025,False
random_bp,expectation_value,same_entangling_gate_count,bcw_6q_random_bp,hea,RX_RY_RZ_CNOT,none,circular,cnot,global,6,8,7,40,42,6,63,0,2,0,RX,0,36,layer_002_wire_000_RX,-0.06033298378007143,0.06033298378007143,False
random_bp,expectation_value,same_entangling_gate_count,bcw_6q_random_bp,hea,RX_RY_RZ_CNOT,none,circular,cnot,global,6,8,7,40,42,6,63,0,2,0,RY,1,37,layer_002_wire_000_RY,0.07857512908994901,0.07857512908994901,False
random_bp,expectation_value,same_entangling_gate_count,bcw_6q_random_bp,hea,RX_RY_RZ_CNOT,none,circular,cnot,global,6,8,7,40,42,6,63,0,2,0,RZ,2,38,layer_002_wire_000_RZ,0.1252735355110673,0.1252735355110673,False
random_bp,expectation_value,same_entangling_gate_count,bcw_6q_random_bp,hea,RX_RY_RZ_CNOT,none,circular,cnot,global,6,8,7,40,42,6,63,0,2,1,RX,0,39,layer_002_wire_001_RX,-0.07666014338357031,0.07666014338357031,False
random_bp,expectation_value,same_entangling_gate_count,bcw_6q_random_bp,hea,RX_RY_RZ_CNOT,none,circular,cnot,global,6,8,7,40,42,6,63,0,2,1,RY,1,40,layer_002_wire_001_RY,0.13129245788952218,0.13129245788952218,False
random_bp,expectation_value,same_entangling_gate_count,bcw_6q_random_bp,hea,RX_RY_RZ_CNOT,none,circular,cnot,global,6,8,7,40,42,6,63,0,2,1,RZ,2,41,layer_002_wire_001_RZ,0.06016681981745364,0.06016681981745364,False
random_bp,expectation_value,same_entangling_gate_count,bcw_6q_random_bp,hea,RX_RY_RZ_CNOT,none,circular,cnot,global,6,8,7,40,42,6,63,0,2,2,RX,0,42,layer_002_wire_002_RX,0.17921195250108218,0.17921195250108218,False
random_bp,expectation_value,same_entangling_gate_count,bcw_6q_random_bp,hea,RX_RY_RZ_CNOT,none,circular,cnot,global,6,8,7,40,42,6,63,0,2,2,RY,1,43,layer_002_wire_002_RY,0.1498949265077571,0.1498949265077571,False
random_bp,expectation_value,same_entangling_gate_count,bcw_6q_random_bp,hea,RX_RY_RZ_CNOT,none,circular,cnot,global,6,8,7,40,42,6,63,0,2,2,RZ,2,44,layer_002_wire_002_RZ,0.18888995317834104,0.18888995317834104,False
random_bp,expectation_value,same_entangling_gate_count,bcw_6q_random_bp,hea,RX_RY_RZ_CNOT,none,circular,cnot,global,6,8,7,40,42,6,63,0,2,3,RX,0,45,layer_002_wire_003_RX,0.10441037217188999,0.10441037217188999,False
random_bp,expectation_value,same_entangling_gate_count,bcw_6q_random_bp,hea,RX_RY_RZ_CNOT,none,circular,cnot,global,6,8,7,40,42,6,63,0,2,3,RY,1,46,layer_002_wire_003_RY,0.07547881577687302,0.07547881577687302,False
random_bp,expectation_value,same_entangling_gate_count,bcw_6q_random_bp,hea,RX_RY_RZ_CNOT,none,circular,cnot,global,6,8,7,40,42,6,63,0,2,3,RZ,2,47,layer_002_wire_003_RZ,0.10061891424786598,0.10061891424786598,False
random_bp,expectation_value,same_entangling_gate_count,bcw_6q_random_bp,hea,RX_RY_RZ_CNOT,none,circular,cnot,global,6,8,7,40,42,6,63,0,2,4,RX,0,48,layer_002_wire_004_RX,0.20896073719963315,0.20896073719963315,False
random_bp,expectation_value,same_entangling_gate_count,bcw_6q_random_bp,hea,RX_RY_RZ_CNOT,none,circular,cnot,global,6,8,7,40,42,6,63,0,2,4,RY,1,49,layer_002_wire_004_RY,-0.03939274995130383,0.03939274995130383,False
random_bp,expectation_value,same_entangling_gate_count,bcw_6q_random_bp,hea,RX_RY_RZ_CNOT,none,circular,cnot,global,6,8,7,40,42,6,63,0,2,4,RZ,2,50,layer_002_wire_004_RZ,-0.15364783057195538,0.15364783057195538,False
random_bp,expectation_value,same_entangling_gate_count,bcw_6q_random_bp,hea,RX_RY_RZ_CNOT,none,circular,cnot,global,6,8,7,40,42,6,63,0,2,5,RX,0,51,layer_002_wire_005_RX,-0.09276001528681341,0.09276001528681341,False
random_bp,expectation_value,same_entangling_gate_count,bcw_6q_random_bp,hea,RX_RY_RZ_CNOT,none,circular,cnot,global,6,8,7,40,42,6,63,0,2,5,RY,1,52,layer_002_wire_005_RY,-0.07620568079059029,0.07620568079059029,False
random_bp,expectation_value,same_entangling_gate_count,bcw_6q_random_bp,hea,RX_RY_RZ_CNOT,none,circular,cnot,global,6,8,7,40,42,6,63,0,2,5,RZ,2,53,layer_002_wire_005_RZ,0.05182590061216841,0.05182590061216841,False
random_bp,expectation_value,same_entangling_gate_count,bcw_6q_random_bp,hea,RX_RY_RZ_CNOT,none,circular,cnot,global,6,8,7,40,42,6,63,0,3,0,RX,0,54,layer_003_wire_000_RX,0.0193542905317078,0.0193542905317078,False
random_bp,expectation_value,same_entangling_gate_count,bcw_6q_random_bp,hea,RX_RY_RZ_CNOT,none,circular,cnot,global,6,8,7,40,42,6,63,0,3,0,RY,1,55,layer_003_wire_000_RY,0.16877736640647384,0.16877736640647384,False
random_bp,expectation_value,same_entangling_gate_count,bcw_6q_random_bp,hea,RX_RY_RZ_CNOT,none,circular,cnot,global,6,8,7,40,42,6,63,0,3,0,RZ,2,56,layer_003_wire_000_RZ,0.005013674345704043,0.005013674345704043,False
random_bp,expectation_value,same_entangling_gate_count,bcw_6q_random_bp,hea,RX_RY_RZ_CNOT,none,circular,cnot,global,6,8,7,40,42,6,63,0,3,1,RX,0,57,layer_003_wire_001_RX,-0.06726668410106976,0.06726668410106976,False
random_bp,expectation_value,same_entangling_gate_count,bcw_6q_random_bp,hea,RX_RY_RZ_CNOT,none,circular,cnot,global,6,8,7,40,42,6,63,0,3,1,RY,1,58,layer_003_wire_001_RY,0.045094549887395384,0.045094549887395384,False
random_bp,expectation_value,same_entangling_gate_count,bcw_6q_random_bp,hea,RX_RY_RZ_CNOT,none,circular,cnot,global,6,8,7,40,42,6,63,0,3,1,RZ,2,59,layer_003_wire_001_RZ,-0.07494790935634876,0.07494790935634876,False
random_bp,expectation_value,same_entangling_gate_count,bcw_6q_random_bp,hea,RX_RY_RZ_CNOT,none,circular,cnot,global,6,8,7,40,42,6,63,0,3,2,RX,0,60,layer_003_wire_002_RX,-0.10401276870254073,0.10401276870254073,False
random_bp,expectation_value,same_entangling_gate_count,bcw_6q_random_bp,hea,RX_RY_RZ_CNOT,none,circular,cnot,global,6,8,7,40,42,6,63,0,3,2,RY,1,61,layer_003_wire_002_RY,-0.0387008860334232,0.0387008860334232,False
random_bp,expectation_value,same_entangling_gate_count,bcw_6q_random_bp,hea,RX_RY_RZ_CNOT,none,circular,cnot,global,6,8,7,40,42,6,63,0,3,2,RZ,2,62,layer_003_wire_002_RZ,-0.10429556604987703,0.10429556604987703,False
random_bp,expectation_value,same_entangling_gate_count,bcw_6q_random_bp,hea,RX_RY_RZ_CNOT,none,circular,cnot,global,6,8,7,40,42,6,63,0,3,3,RX,0,63,layer_003_wire_003_RX,-0.05686915634817913,0.05686915634817913,False
random_bp,expectation_value,same_entangling_gate_count,bcw_6q_random_bp,hea,RX_RY_RZ_CNOT,none,circular,cnot,global,6,8,7,40,42,6,63,0,3,3,RY,1,64,layer_003_wire_003_RY,-0.07244207250400331,0.07244207250400331,False
random_bp,expectation_value,same_entangling_gate_count,bcw_6q_random_bp,hea,RX_RY_RZ_CNOT,none,circular,cnot,global,6,8,7,40,42,6,63,0,3,3,RZ,2,65,layer_003_wire_003_RZ,-0.05719477009041996,0.05719477009041996,False
random_bp,expectation_value,same_entangling_gate_count,bcw_6q_random_bp,hea,RX_RY_RZ_CNOT,none,circular,cnot,global,6,8,7,40,42,6,63,0,3,4,RX,0,66,layer_003_wire_004_RX,-0.08922218063595957,0.08922218063595957,False
random_bp,expectation_value,same_entangling_gate_count,bcw_6q_random_bp,hea,RX_RY_RZ_CNOT,none,circular,cnot,global,6,8,7,40,42,6,63,0,3,4,RY,1,67,layer_003_wire_004_RY,0.019718883738925906,0.019718883738925906,False
random_bp,expectation_value,same_entangling_gate_count,bcw_6q_random_bp,hea,RX_RY_RZ_CNOT,none,circular,cnot,global,6,8,7,40,42,6,63,0,3,4,RZ,2,68,layer_003_wire_004_RZ,0.044139772764225316,0.044139772764225316,False
random_bp,expectation_value,same_entangling_gate_count,bcw_6q_random_bp,hea,RX_RY_RZ_CNOT,none,circular,cnot,global,6,8,7,40,42,6,63,0,3,5,RX,0,69,layer_003_wire_005_RX,-0.03257686150471547,0.03257686150471547,False
random_bp,expectation_value,same_entangling_gate_count,bcw_6q_random_bp,hea,RX_RY_RZ_CNOT,none,circular,cnot,global,6,8,7,40,42,6,63,0,3,5,RY,1,70,layer_003_wire_005_RY,-0.09520977633555569,0.09520977633555569,False
random_bp,expectation_value,same_entangling_gate_count,bcw_6q_random_bp,hea,RX_RY_RZ_CNOT,none,circular,cnot,global,6,8,7,40,42,6,63,0,3,5,RZ,2,71,layer_003_wire_005_RZ,-0.048419990834736526,0.048419990834736526,False
random_bp,expectation_value,same_entangling_gate_count,bcw_6q_random_bp,hea,RX_RY_RZ_CNOT,none,circular,cnot,global,6,8,7,40,42,6,63,0,4,0,RX,0,72,layer_004_wire_000_RX,-0.027709144754605113,0.027709144754605113,False
random_bp,expectation_value,same_entangling_gate_count,bcw_6q_random_bp,hea,RX_RY_RZ_CNOT,none,circular,cnot,global,6,8,7,40,42,6,63,0,4,0,RY,1,73,layer_004_wire_000_RY,-0.25220315610754634,0.25220315610754634,False
random_bp,expectation_value,same_entangling_gate_count,bcw_6q_random_bp,hea,RX_RY_RZ_CNOT,none,circular,cnot,global,6,8,7,40,42,6,63,0,4,0,RZ,2,74,layer_004_wire_000_RZ,-0.019052456928545642,0.019052456928545642,False
random_bp,expectation_value,same_entangling_gate_count,bcw_6q_random_bp,hea,RX_RY_RZ_CNOT,none,circular,cnot,global,6,8,7,40,42,6,63,0,4,1,RX,0,75,layer_004_wire_001_RX,-0.071865878011624,0.071865878011624,False
random_bp,expectation_value,same_entangling_gate_count,bcw_6q_random_bp,hea,RX_RY_RZ_CNOT,none,circular,cnot,global,6,8,7,40,42,6,63,0,4,1,RY,1,76,layer_004_wire_001_RY,0.0022023320645959132,0.0022023320645959132,False
random_bp,expectation_value,same_entangling_gate_count,bcw_6q_random_bp,hea,RX_RY_RZ_CNOT,none,circular,cnot,global,6,8,7,40,42,6,63,0,4,1,RZ,2,77,layer_004_wire_001_RZ,0.049786933238116005,0.049786933238116005,False
random_bp,expectation_value,same_entangling_gate_count,bcw_6q_random_bp,hea,RX_RY_RZ_CNOT,none,circular,cnot,global,6,8,7,40,42,6,63,0,4,2,RX,0,78,layer_004_wire_002_RX,0.022256784805841562,0.022256784805841562,False
random_bp,expectation_value,same_entangling_gate_count,bcw_6q_random_bp,hea,RX_RY_RZ_CNOT,none,circular,cnot,global,6,8,7,40,42,6,63,0,4,2,RY,1,79,layer_004_wire_002_RY,0.15272678834431072,0.15272678834431072,False
random_bp,expectation_value,same_entangling_gate_count,bcw_6q_random_bp,hea,RX_RY_RZ_CNOT,none,circular,cnot,global,6,8,7,40,42,6,63,0,4,2,RZ,2,80,layer_004_wire_002_RZ,0.0876105167006892,0.0876105167006892,False
random_bp,expectation_value,same_entangling_gate_count,bcw_6q_random_bp,hea,RX_RY_RZ_CNOT,none,circular,cnot,global,6,8,7,40,42,6,63,0,4,3,RX,0,81,layer_004_wire_003_RX,0.06414427485206169,0.06414427485206169,False
random_bp,expectation_value,same_entangling_gate_count,bcw_6q_random_bp,hea,RX_RY_RZ_CNOT,none,circular,cnot,global,6,8,7,40,42,6,63,0,4,3,RY,1,82,layer_004_wire_003_RY,-0.13919562297754734,0.13919562297754734,False
random_bp,expectation_value,same_entangling_gate_count,bcw_6q_random_bp,hea,RX_RY_RZ_CNOT,none,circular,cnot,global,6,8,7,40,42,6,63,0,4,3,RZ,2,83,layer_004_wire_003_RZ,0.026944961633620618,0.026944961633620618,False
random_bp,expectation_value,same_entangling_gate_count,bcw_6q_random_bp,hea,RX_RY_RZ_CNOT,none,circular,cnot,global,6,8,7,40,42,6,63,0,4,4,RX,0,84,layer_004_wire_004_RX,-0.034484422399782506,0.034484422399782506,False
random_bp,expectation_value,same_entangling_gate_count,bcw_6q_random_bp,hea,RX_RY_RZ_CNOT,none,circular,cnot,global,6,8,7,40,42,6,63,0,4,4,RY,1,85,layer_004_wire_004_RY,0.085060119815171,0.085060119815171,False
random_bp,expectation_value,same_entangling_gate_count,bcw_6q_random_bp,hea,RX_RY_RZ_CNOT,none,circular,cnot,global,6,8,7,40,42,6,63,0,4,4,RZ,2,86,layer_004_wire_004_RZ,0.03730394941692839,0.03730394941692839,False
random_bp,expectation_value,same_entangling_gate_count,bcw_6q_random_bp,hea,RX_RY_RZ_CNOT,none,circular,cnot,global,6,8,7,40,42,6,63,0,4,5,RX,0,87,layer_004_wire_005_RX,0.04454444481620335,0.04454444481620335,False
random_bp,expectation_value,same_entangling_gate_count,bcw_6q_random_bp,hea,RX_RY_RZ_CNOT,none,circular,cnot,global,6,8,7,40,42,6,63,0,4,5,RY,1,88,layer_004_wire_005_RY,0.0821131245273488,0.0821131245273488,False
random_bp,expectation_value,same_entangling_gate_count,bcw_6q_random_bp,hea,RX_RY_RZ_CNOT,none,circular,cnot,global,6,8,7,40,42,6,63,0,4,5,RZ,2,89,layer_004_wire_005_RZ,-0.02161258439642051,0.02161258439642051,False
random_bp,expectation_value,same_entangling_gate_count,bcw_6q_random_bp,hea,RX_RY_RZ_CNOT,none,circular,cnot,global,6,8,7,40,42,6,63,0,5,0,RX,0,90,layer_005_wire_000_RX,-0.08133537495732428,0.08133537495732428,False
random_bp,expectation_value,same_entangling_gate_count,bcw_6q_random_bp,hea,RX_RY_RZ_CNOT,none,circular,cnot,global,6,8,7,40,42,6,63,0,5,0,RY,1,91,layer_005_wire_000_RY,0.00042855346063826183,0.00042855346063826183,False
random_bp,expectation_value,same_entangling_gate_count,bcw_6q_random_bp,hea,RX_RY_RZ_CNOT,none,circular,cnot,global,6,8,7,40,42,6,63,0,5,0,RZ,2,92,layer_005_wire_000_RZ,-0.021659554380127802,0.021659554380127802,False
random_bp,expectation_value,same_entangling_gate_count,bcw_6q_random_bp,hea,RX_RY_RZ_CNOT,none,circular,cnot,global,6,8,7,40,42,6,63,0,5,1,RX,0,93,layer_005_wire_001_RX,-0.043099967094821764,0.043099967094821764,False
random_bp,expectation_value,same_entangling_gate_count,bcw_6q_random_bp,hea,RX_RY_RZ_CNOT,none,circular,cnot,global,6,8,7,40,42,6,63,0,5,1,RY,1,94,layer_005_wire_001_RY,-0.2314353242178655,0.2314353242178655,False
random_bp,expectation_value,same_entangling_gate_count,bcw_6q_random_bp,hea,RX_RY_RZ_CNOT,none,circular,cnot,global,6,8,7,40,42,6,63,0,5,1,RZ,2,95,layer_005_wire_001_RZ,-0.17674095480484342,0.17674095480484342,False
random_bp,expectation_value,same_entangling_gate_count,bcw_6q_random_bp,hea,RX_RY_RZ_CNOT,none,circular,cnot,global,6,8,7,40,42,6,63,0,5,2,RX,0,96,layer_005_wire_002_RX,-0.018344788496908987,0.018344788496908987,False
random_bp,expectation_value,same_entangling_gate_count,bcw_6q_random_bp,hea,RX_RY_RZ_CNOT,none,circular,cnot,global,6,8,7,40,42,6,63,0,5,2,RY,1,97,layer_005_wire_002_RY,-0.22028771237751169,0.22028771237751169,False
random_bp,expectation_value,same_entangling_gate_count,bcw_6q_random_bp,hea,RX_RY_RZ_CNOT,none,circular,cnot,global,6,8,7,40,42,6,63,0,5,2,RZ,2,98,layer_005_wire_002_RZ,-0.14458263520064724,0.14458263520064724,False
random_bp,expectation_value,same_entangling_gate_count,bcw_6q_random_bp,hea,RX_RY_RZ_CNOT,none,circular,cnot,global,6,8,7,40,42,6,63,0,5,3,RX,0,99,layer_005_wire_003_RX,-0.10206677729861761,0.10206677729861761,False
random_bp,expectation_value,same_entangling_gate_count,bcw_6q_random_bp,hea,RX_RY_RZ_CNOT,none,circular,cnot,global,6,8,7,40,42,6,63,0,5,3,RY,1,100,layer_005_wire_003_RY,-0.007224988936294013,0.007224988936294013,False
random_bp,expectation_value,same_entangling_gate_count,bcw_6q_random_bp,hea,RX_RY_RZ_CNOT,none,circular,cnot,global,6,8,7,40,42,6,63,0,5,3,RZ,2,101,layer_005_wire_003_RZ,-0.1372283778187443,0.1372283778187443,False
random_bp,expectation_value,same_entangling_gate_count,bcw_6q_random_bp,hea,RX_RY_RZ_CNOT,none,circular,cnot,global,6,8,7,40,42,6,63,0,5,4,RX,0,102,layer_005_wire_004_RX,0.07769170191067118,0.07769170191067118,False
random_bp,expectation_value,same_entangling_gate_count,bcw_6q_random_bp,hea,RX_RY_RZ_CNOT,none,circular,cnot,global,6,8,7,40,42,6,63,0,5,4,RY,1,103,layer_005_wire_004_RY,0.18557935272600412,0.18557935272600412,False
random_bp,expectation_value,same_entangling_gate_count,bcw_6q_random_bp,hea,RX_RY_RZ_CNOT,none,circular,cnot,global,6,8,7,40,42,6,63,0,5,4,RZ,2,104,layer_005_wire_004_RZ,-0.09120742038706121,0.09120742038706121,False
random_bp,expectation_value,same_entangling_gate_count,bcw_6q_random_bp,hea,RX_RY_RZ_CNOT,none,circular,cnot,global,6,8,7,40,42,6,63,0,5,5,RX,0,105,layer_005_wire_005_RX,0.05651310914655091,0.05651310914655091,False
random_bp,expectation_value,same_entangling_gate_count,bcw_6q_random_bp,hea,RX_RY_RZ_CNOT,none,circular,cnot,global,6,8,7,40,42,6,63,0,5,5,RY,1,106,layer_005_wire_005_RY,-0.0014575378886913931,0.0014575378886913931,False
random_bp,expectation_value,same_entangling_gate_count,bcw_6q_random_bp,hea,RX_RY_RZ_CNOT,none,circular,cnot,global,6,8,7,40,42,6,63,0,5,5,RZ,2,107,layer_005_wire_005_RZ,0.1329985693934574,0.1329985693934574,False
random_bp,expectation_value,same_entangling_gate_count,bcw_6q_random_bp,hea,RX_RY_RZ_CNOT,none,circular,cnot,global,6,8,7,40,42,6,63,0,6,0,RX,0,108,layer_006_wire_000_RX,0.012717633271095452,0.012717633271095452,False
random_bp,expectation_value,same_entangling_gate_count,bcw_6q_random_bp,hea,RX_RY_RZ_CNOT,none,circular,cnot,global,6,8,7,40,42,6,63,0,6,0,RY,1,109,layer_006_wire_000_RY,-0.038196319248419805,0.038196319248419805,False
random_bp,expectation_value,same_entangling_gate_count,bcw_6q_random_bp,hea,RX_RY_RZ_CNOT,none,circular,cnot,global,6,8,7,40,42,6,63,0,6,0,RZ,2,110,layer_006_wire_000_RZ,-5.130077197038906e-17,5.130077197038906e-17,True
random_bp,expectation_value,same_entangling_gate_count,bcw_6q_random_bp,hea,RX_RY_RZ_CNOT,none,circular,cnot,global,6,8,7,40,42,6,63,0,6,1,RX,0,111,layer_006_wire_001_RX,1.214306433183765e-17,1.214306433183765e-17,True
random_bp,expectation_value,same_entangling_gate_count,bcw_6q_random_bp,hea,RX_RY_RZ_CNOT,none,circular,cnot,global,6,8,7,40,42,6,63,0,6,1,RY,1,112,layer_006_wire_001_RY,2.7755575615628914e-17,2.7755575615628914e-17,True
random_bp,expectation_value,same_entangling_gate_count,bcw_6q_random_bp,hea,RX_RY_RZ_CNOT,none,circular,cnot,global,6,8,7,40,42,6,63,0,6,1,RZ,2,113,layer_006_wire_001_RZ,-1.924701626857496e-17,1.924701626857496e-17,True
random_bp,expectation_value,same_entangling_gate_count,bcw_6q_random_bp,hea,RX_RY_RZ_CNOT,none,circular,cnot,global,6,8,7,40,42,6,63,0,6,2,RX,0,114,layer_006_wire_002_RX,-0.05357926641368826,0.05357926641368826,False
random_bp,expectation_value,same_entangling_gate_count,bcw_6q_random_bp,hea,RX_RY_RZ_CNOT,none,circular,cnot,global,6,8,7,40,42,6,63,0,6,2,RY,1,115,layer_006_wire_002_RY,0.11123151800461957,0.11123151800461957,False
random_bp,expectation_value,same_entangling_gate_count,bcw_6q_random_bp,hea,RX_RY_RZ_CNOT,none,circular,cnot,global,6,8,7,40,42,6,63,0,6,2,RZ,2,116,layer_006_wire_002_RZ,5.896882344086427e-17,5.896882344086427e-17,True
random_bp,expectation_value,same_entangling_gate_count,bcw_6q_random_bp,hea,RX_RY_RZ_CNOT,none,circular,cnot,global,6,8,7,40,42,6,63,0,6,3,RX,0,117,layer_006_wire_003_RX,-4.163336342344337e-17,4.163336342344337e-17,True
random_bp,expectation_value,same_entangling_gate_count,bcw_6q_random_bp,hea,RX_RY_RZ_CNOT,none,circular,cnot,global,6,8,7,40,42,6,63,0,6,3,RY,1,118,layer_006_wire_003_RY,-4.163336342344337e-17,4.163336342344337e-17,True
random_bp,expectation_value,same_entangling_gate_count,bcw_6q_random_bp,hea,RX_RY_RZ_CNOT,none,circular,cnot,global,6,8,7,40,42,6,63,0,6,3,RZ,2,119,layer_006_wire_003_RZ,-6.858344281402545e-18,6.858344281402545e-18,True
random_bp,expectation_value,same_entangling_gate_count,bcw_6q_random_bp,hea,RX_RY_RZ_CNOT,none,circular,cnot,global,6,8,7,40,42,6,63,0,6,4,RX,0,120,layer_006_wire_004_RX,0.13097395383697263,0.13097395383697263,False
random_bp,expectation_value,same_entangling_gate_count,bcw_6q_random_bp,hea,RX_RY_RZ_CNOT,none,circular,cnot,global,6,8,7,40,42,6,63,0,6,4,RY,1,121,layer_006_wire_004_RY,0.08765549409553205,0.08765549409553205,False
random_bp,expectation_value,same_entangling_gate_count,bcw_6q_random_bp,hea,RX_RY_RZ_CNOT,none,circular,cnot,global,6,8,7,40,42,6,63,0,6,4,RZ,2,122,layer_006_wire_004_RZ,-2.01696174955386e-17,2.01696174955386e-17,True
random_bp,expectation_value,same_entangling_gate_count,bcw_6q_random_bp,hea,RX_RY_RZ_CNOT,none,circular,cnot,global,6,8,7,40,42,6,63,0,6,5,RX,0,123,layer_006_wire_005_RX,6.938893903907228e-18,6.938893903907228e-18,True
random_bp,expectation_value,same_entangling_gate_count,bcw_6q_random_bp,hea,RX_RY_RZ_CNOT,none,circular,cnot,global,6,8,7,40,42,6,63,0,6,5,RY,1,124,layer_006_wire_005_RY,0.0,0.0,True
random_bp,expectation_value,same_entangling_gate_count,bcw_6q_random_bp,hea,RX_RY_RZ_CNOT,none,circular,cnot,global,6,8,7,40,42,6,63,0,6,5,RZ,2,125,layer_006_wire_005_RZ,-8.563708850662647e-18,8.563708850662647e-18,True
random_bp,expectation_value,same_entangling_gate_count,bcw_6q_random_bp,hea,RX_RY_RZ_CNOT,none,circular,cnot,global,6,8,7,40,42,6,64,1,0,0,RX,0,0,layer_000_wire_000_RX,0.06403176245346552,0.06403176245346552,False
random_bp,expectation_value,same_entangling_gate_count,bcw_6q_random_bp,hea,RX_RY_RZ_CNOT,none,circular,cnot,global,6,8,7,40,42,6,64,1,0,0,RY,1,1,layer_000_wire_000_RY,0.11065446026841864,0.11065446026841864,False
random_bp,expectation_value,same_entangling_gate_count,bcw_6q_random_bp,hea,RX_RY_RZ_CNOT,none,circular,cnot,global,6,8,7,40,42,6,64,1,0,0,RZ,2,2,layer_000_wire_000_RZ,-0.02744804057443304,0.02744804057443304,False
random_bp,expectation_value,same_entangling_gate_count,bcw_6q_random_bp,hea,RX_RY_RZ_CNOT,none,circular,cnot,global,6,8,7,40,42,6,64,1,0,1,RX,0,3,layer_000_wire_001_RX,-0.01024644857455555,0.01024644857455555,False
random_bp,expectation_value,same_entangling_gate_count,bcw_6q_random_bp,hea,RX_RY_RZ_CNOT,none,circular,cnot,global,6,8,7,40,42,6,64,1,0,1,RY,1,4,layer_000_wire_001_RY,0.12072276068201046,0.12072276068201046,False
random_bp,expectation_value,same_entangling_gate_count,bcw_6q_random_bp,hea,RX_RY_RZ_CNOT,none,circular,cnot,global,6,8,7,40,42,6,64,1,0,1,RZ,2,5,layer_000_wire_001_RZ,-0.024771563541977223,0.024771563541977223,False
random_bp,expectation_value,same_entangling_gate_count,bcw_6q_random_bp,hea,RX_RY_RZ_CNOT,none,circular,cnot,global,6,8,7,40,42,6,64,1,0,2,RX,0,6,layer_000_wire_002_RX,-0.06975067701294536,0.06975067701294536,False
random_bp,expectation_value,same_entangling_gate_count,bcw_6q_random_bp,hea,RX_RY_RZ_CNOT,none,circular,cnot,global,6,8,7,40,42,6,64,1,0,2,RY,1,7,layer_000_wire_002_RY,0.0039673512352316545,0.0039673512352316545,False
random_bp,expectation_value,same_entangling_gate_count,bcw_6q_random_bp,hea,RX_RY_RZ_CNOT,none,circular,cnot,global,6,8,7,40,42,6,64,1,0,2,RZ,2,8,layer_000_wire_002_RZ,-0.0439570725086702,0.0439570725086702,False
random_bp,expectation_value,same_entangling_gate_count,bcw_6q_random_bp,hea,RX_RY_RZ_CNOT,none,circular,cnot,global,6,8,7,40,42,6,64,1,0,3,RX,0,9,layer_000_wire_003_RX,0.006653392705867844,0.006653392705867844,False
random_bp,expectation_value,same_entangling_gate_count,bcw_6q_random_bp,hea,RX_RY_RZ_CNOT,none,circular,cnot,global,6,8,7,40,42,6,64,1,0,3,RY,1,10,layer_000_wire_003_RY,-0.04165259649323331,0.04165259649323331,False
random_bp,expectation_value,same_entangling_gate_count,bcw_6q_random_bp,hea,RX_RY_RZ_CNOT,none,circular,cnot,global,6,8,7,40,42,6,64,1,0,3,RZ,2,11,layer_000_wire_003_RZ,-0.006490968692141146,0.006490968692141146,False
random_bp,expectation_value,same_entangling_gate_count,bcw_6q_random_bp,hea,RX_RY_RZ_CNOT,none,circular,cnot,global,6,8,7,40,42,6,64,1,0,4,RX,0,12,layer_000_wire_004_RX,-0.03505431069076684,0.03505431069076684,False
random_bp,expectation_value,same_entangling_gate_count,bcw_6q_random_bp,hea,RX_RY_RZ_CNOT,none,circular,cnot,global,6,8,7,40,42,6,64,1,0,4,RY,1,13,layer_000_wire_004_RY,0.09096058774343055,0.09096058774343055,False
random_bp,expectation_value,same_entangling_gate_count,bcw_6q_random_bp,hea,RX_RY_RZ_CNOT,none,circular,cnot,global,6,8,7,40,42,6,64,1,0,4,RZ,2,14,layer_000_wire_004_RZ,0.0737591205141098,0.0737591205141098,False
random_bp,expectation_value,same_entangling_gate_count,bcw_6q_random_bp,hea,RX_RY_RZ_CNOT,none,circular,cnot,global,6,8,7,40,42,6,64,1,0,5,RX,0,15,layer_000_wire_005_RX,-0.00018733599331233197,0.00018733599331233197,False
random_bp,expectation_value,same_entangling_gate_count,bcw_6q_random_bp,hea,RX_RY_RZ_CNOT,none,circular,cnot,global,6,8,7,40,42,6,64,1,0,5,RY,1,16,layer_000_wire_005_RY,0.10652556158886661,0.10652556158886661,False
random_bp,expectation_value,same_entangling_gate_count,bcw_6q_random_bp,hea,RX_RY_RZ_CNOT,none,circular,cnot,global,6,8,7,40,42,6,64,1,0,5,RZ,2,17,layer_000_wire_005_RZ,0.02119419552515535,0.02119419552515535,False
random_bp,expectation_value,same_entangling_gate_count,bcw_6q_random_bp,hea,RX_RY_RZ_CNOT,none,circular,cnot,global,6,8,7,40,42,6,64,1,1,0,RX,0,18,layer_001_wire_000_RX,0.15669105386106758,0.15669105386106758,False
random_bp,expectation_value,same_entangling_gate_count,bcw_6q_random_bp,hea,RX_RY_RZ_CNOT,none,circular,cnot,global,6,8,7,40,42,6,64,1,1,0,RY,1,19,layer_001_wire_000_RY,-0.04090948122174877,0.04090948122174877,False
random_bp,expectation_value,same_entangling_gate_count,bcw_6q_random_bp,hea,RX_RY_RZ_CNOT,none,circular,cnot,global,6,8,7,40,42,6,64,1,1,0,RZ,2,20,layer_001_wire_000_RZ,0.16148240396488084,0.16148240396488084,False
random_bp,expectation_value,same_entangling_gate_count,bcw_6q_random_bp,hea,RX_RY_RZ_CNOT,none,circular,cnot,global,6,8,7,40,42,6,64,1,1,1,RX,0,21,layer_001_wire_001_RX,0.07839974051313346,0.07839974051313346,False
random_bp,expectation_value,same_entangling_gate_count,bcw_6q_random_bp,hea,RX_RY_RZ_CNOT,none,circular,cnot,global,6,8,7,40,42,6,64,1,1,1,RY,1,22,layer_001_wire_001_RY,-0.011626593417489079,0.011626593417489079,False
random_bp,expectation_value,same_entangling_gate_count,bcw_6q_random_bp,hea,RX_RY_RZ_CNOT,none,circular,cnot,global,6,8,7,40,42,6,64,1,1,1,RZ,2,23,layer_001_wire_001_RZ,0.04952293490592004,0.04952293490592004,False
random_bp,expectation_value,same_entangling_gate_count,bcw_6q_random_bp,hea,RX_RY_RZ_CNOT,none,circular,cnot,global,6,8,7,40,42,6,64,1,1,2,RX,0,24,layer_001_wire_002_RX,0.0543020853447066,0.0543020853447066,False
random_bp,expectation_value,same_entangling_gate_count,bcw_6q_random_bp,hea,RX_RY_RZ_CNOT,none,circular,cnot,global,6,8,7,40,42,6,64,1,1,2,RY,1,25,layer_001_wire_002_RY,-0.08353841579451646,0.08353841579451646,False
random_bp,expectation_value,same_entangling_gate_count,bcw_6q_random_bp,hea,RX_RY_RZ_CNOT,none,circular,cnot,global,6,8,7,40,42,6,64,1,1,2,RZ,2,26,layer_001_wire_002_RZ,-0.050526382333533196,0.050526382333533196,False
random_bp,expectation_value,same_entangling_gate_count,bcw_6q_random_bp,hea,RX_RY_RZ_CNOT,none,circular,cnot,global,6,8,7,40,42,6,64,1,1,3,RX,0,27,layer_001_wire_003_RX,-0.033648452900517316,0.033648452900517316,False
random_bp,expectation_value,same_entangling_gate_count,bcw_6q_random_bp,hea,RX_RY_RZ_CNOT,none,circular,cnot,global,6,8,7,40,42,6,64,1,1,3,RY,1,28,layer_001_wire_003_RY,0.06424711069000202,0.06424711069000202,False
random_bp,expectation_value,same_entangling_gate_count,bcw_6q_random_bp,hea,RX_RY_RZ_CNOT,none,circular,cnot,global,6,8,7,40,42,6,64,1,1,3,RZ,2,29,layer_001_wire_003_RZ,-0.08339095365684485,0.08339095365684485,False
random_bp,expectation_value,same_entangling_gate_count,bcw_6q_random_bp,hea,RX_RY_RZ_CNOT,none,circular,cnot,global,6,8,7,40,42,6,64,1,1,4,RX,0,30,layer_001_wire_004_RX,0.04561925920285123,0.04561925920285123,False
random_bp,expectation_value,same_entangling_gate_count,bcw_6q_random_bp,hea,RX_RY_RZ_CNOT,none,circular,cnot,global,6,8,7,40,42,6,64,1,1,4,RY,1,31,layer_001_wire_004_RY,-0.03742078105106674,0.03742078105106674,False
random_bp,expectation_value,same_entangling_gate_count,bcw_6q_random_bp,hea,RX_RY_RZ_CNOT,none,circular,cnot,global,6,8,7,40,42,6,64,1,1,4,RZ,2,32,layer_001_wire_004_RZ,0.14038453982828622,0.14038453982828622,False
random_bp,expectation_value,same_entangling_gate_count,bcw_6q_random_bp,hea,RX_RY_RZ_CNOT,none,circular,cnot,global,6,8,7,40,42,6,64,1,1,5,RX,0,33,layer_001_wire_005_RX,-0.09562831279468652,0.09562831279468652,False
random_bp,expectation_value,same_entangling_gate_count,bcw_6q_random_bp,hea,RX_RY_RZ_CNOT,none,circular,cnot,global,6,8,7,40,42,6,64,1,1,5,RY,1,34,layer_001_wire_005_RY,-0.05053876804709051,0.05053876804709051,False
random_bp,expectation_value,same_entangling_gate_count,bcw_6q_random_bp,hea,RX_RY_RZ_CNOT,none,circular,cnot,global,6,8,7,40,42,6,64,1,1,5,RZ,2,35,layer_001_wire_005_RZ,0.17298194952407425,0.17298194952407425,False
random_bp,expectation_value,same_entangling_gate_count,bcw_6q_random_bp,hea,RX_RY_RZ_CNOT,none,circular,cnot,global,6,8,7,40,42,6,64,1,2,0,RX,0,36,layer_002_wire_000_RX,-0.1448036037437475,0.1448036037437475,False
random_bp,expectation_value,same_entangling_gate_count,bcw_6q_random_bp,hea,RX_RY_RZ_CNOT,none,circular,cnot,global,6,8,7,40,42,6,64,1,2,0,RY,1,37,layer_002_wire_000_RY,0.01215839422976642,0.01215839422976642,False
random_bp,expectation_value,same_entangling_gate_count,bcw_6q_random_bp,hea,RX_RY_RZ_CNOT,none,circular,cnot,global,6,8,7,40,42,6,64,1,2,0,RZ,2,38,layer_002_wire_000_RZ,0.10705919407296231,0.10705919407296231,False
random_bp,expectation_value,same_entangling_gate_count,bcw_6q_random_bp,hea,RX_RY_RZ_CNOT,none,circular,cnot,global,6,8,7,40,42,6,64,1,2,1,RX,0,39,layer_002_wire_001_RX,-0.17438147992287986,0.17438147992287986,False
random_bp,expectation_value,same_entangling_gate_count,bcw_6q_random_bp,hea,RX_RY_RZ_CNOT,none,circular,cnot,global,6,8,7,40,42,6,64,1,2,1,RY,1,40,layer_002_wire_001_RY,0.1283173310293093,0.1283173310293093,False
random_bp,expectation_value,same_entangling_gate_count,bcw_6q_random_bp,hea,RX_RY_RZ_CNOT,none,circular,cnot,global,6,8,7,40,42,6,64,1,2,1,RZ,2,41,layer_002_wire_001_RZ,0.16408078247810196,0.16408078247810196,False
random_bp,expectation_value,same_entangling_gate_count,bcw_6q_random_bp,hea,RX_RY_RZ_CNOT,none,circular,cnot,global,6,8,7,40,42,6,64,1,2,2,RX,0,42,layer_002_wire_002_RX,-0.07466018769415833,0.07466018769415833,False
random_bp,expectation_value,same_entangling_gate_count,bcw_6q_random_bp,hea,RX_RY_RZ_CNOT,none,circular,cnot,global,6,8,7,40,42,6,64,1,2,2,RY,1,43,layer_002_wire_002_RY,0.012543294260724855,0.012543294260724855,False
random_bp,expectation_value,same_entangling_gate_count,bcw_6q_random_bp,hea,RX_RY_RZ_CNOT,none,circular,cnot,global,6,8,7,40,42,6,64,1,2,2,RZ,2,44,layer_002_wire_002_RZ,-0.07963333226432036,0.07963333226432036,False
random_bp,expectation_value,same_entangling_gate_count,bcw_6q_random_bp,hea,RX_RY_RZ_CNOT,none,circular,cnot,global,6,8,7,40,42,6,64,1,2,3,RX,0,45,layer_002_wire_003_RX,-0.08995721940068564,0.08995721940068564,False
random_bp,expectation_value,same_entangling_gate_count,bcw_6q_random_bp,hea,RX_RY_RZ_CNOT,none,circular,cnot,global,6,8,7,40,42,6,64,1,2,3,RY,1,46,layer_002_wire_003_RY,0.04308940329190848,0.04308940329190848,False
random_bp,expectation_value,same_entangling_gate_count,bcw_6q_random_bp,hea,RX_RY_RZ_CNOT,none,circular,cnot,global,6,8,7,40,42,6,64,1,2,3,RZ,2,47,layer_002_wire_003_RZ,0.10305710638200163,0.10305710638200163,False
random_bp,expectation_value,same_entangling_gate_count,bcw_6q_random_bp,hea,RX_RY_RZ_CNOT,none,circular,cnot,global,6,8,7,40,42,6,64,1,2,4,RX,0,48,layer_002_wire_004_RX,0.030684745746381584,0.030684745746381584,False
random_bp,expectation_value,same_entangling_gate_count,bcw_6q_random_bp,hea,RX_RY_RZ_CNOT,none,circular,cnot,global,6,8,7,40,42,6,64,1,2,4,RY,1,49,layer_002_wire_004_RY,-0.1184605046705438,0.1184605046705438,False
random_bp,expectation_value,same_entangling_gate_count,bcw_6q_random_bp,hea,RX_RY_RZ_CNOT,none,circular,cnot,global,6,8,7,40,42,6,64,1,2,4,RZ,2,50,layer_002_wire_004_RZ,-0.016548312444428177,0.016548312444428177,False
random_bp,expectation_value,same_entangling_gate_count,bcw_6q_random_bp,hea,RX_RY_RZ_CNOT,none,circular,cnot,global,6,8,7,40,42,6,64,1,2,5,RX,0,51,layer_002_wire_005_RX,-0.028324551382962315,0.028324551382962315,False
random_bp,expectation_value,same_entangling_gate_count,bcw_6q_random_bp,hea,RX_RY_RZ_CNOT,none,circular,cnot,global,6,8,7,40,42,6,64,1,2,5,RY,1,52,layer_002_wire_005_RY,-0.003954537606117433,0.003954537606117433,False
random_bp,expectation_value,same_entangling_gate_count,bcw_6q_random_bp,hea,RX_RY_RZ_CNOT,none,circular,cnot,global,6,8,7,40,42,6,64,1,2,5,RZ,2,53,layer_002_wire_005_RZ,-0.08074096681455685,0.08074096681455685,False
random_bp,expectation_value,same_entangling_gate_count,bcw_6q_random_bp,hea,RX_RY_RZ_CNOT,none,circular,cnot,global,6,8,7,40,42,6,64,1,3,0,RX,0,54,layer_003_wire_000_RX,0.07988281096379872,0.07988281096379872,False
random_bp,expectation_value,same_entangling_gate_count,bcw_6q_random_bp,hea,RX_RY_RZ_CNOT,none,circular,cnot,global,6,8,7,40,42,6,64,1,3,0,RY,1,55,layer_003_wire_000_RY,-0.01863543015139893,0.01863543015139893,False
random_bp,expectation_value,same_entangling_gate_count,bcw_6q_random_bp,hea,RX_RY_RZ_CNOT,none,circular,cnot,global,6,8,7,40,42,6,64,1,3,0,RZ,2,56,layer_003_wire_000_RZ,0.07574804553315895,0.07574804553315895,False
random_bp,expectation_value,same_entangling_gate_count,bcw_6q_random_bp,hea,RX_RY_RZ_CNOT,none,circular,cnot,global,6,8,7,40,42,6,64,1,3,1,RX,0,57,layer_003_wire_001_RX,0.02323139631932418,0.02323139631932418,False
random_bp,expectation_value,same_entangling_gate_count,bcw_6q_random_bp,hea,RX_RY_RZ_CNOT,none,circular,cnot,global,6,8,7,40,42,6,64,1,3,1,RY,1,58,layer_003_wire_001_RY,-0.07019505609118636,0.07019505609118636,False
random_bp,expectation_value,same_entangling_gate_count,bcw_6q_random_bp,hea,RX_RY_RZ_CNOT,none,circular,cnot,global,6,8,7,40,42,6,64,1,3,1,RZ,2,59,layer_003_wire_001_RZ,-0.15906234980364137,0.15906234980364137,False
random_bp,expectation_value,same_entangling_gate_count,bcw_6q_random_bp,hea,RX_RY_RZ_CNOT,none,circular,cnot,global,6,8,7,40,42,6,64,1,3,2,RX,0,60,layer_003_wire_002_RX,0.02321276747215533,0.02321276747215533,False
random_bp,expectation_value,same_entangling_gate_count,bcw_6q_random_bp,hea,RX_RY_RZ_CNOT,none,circular,cnot,global,6,8,7,40,42,6,64,1,3,2,RY,1,61,layer_003_wire_002_RY,-0.07107453561723581,0.07107453561723581,False
random_bp,expectation_value,same_entangling_gate_count,bcw_6q_random_bp,hea,RX_RY_RZ_CNOT,none,circular,cnot,global,6,8,7,40,42,6,64,1,3,2,RZ,2,62,layer_003_wire_002_RZ,-0.04723758619725607,0.04723758619725607,False
random_bp,expectation_value,same_entangling_gate_count,bcw_6q_random_bp,hea,RX_RY_RZ_CNOT,none,circular,cnot,global,6,8,7,40,42,6,64,1,3,3,RX,0,63,layer_003_wire_003_RX,0.0768336265005992,0.0768336265005992,False
random_bp,expectation_value,same_entangling_gate_count,bcw_6q_random_bp,hea,RX_RY_RZ_CNOT,none,circular,cnot,global,6,8,7,40,42,6,64,1,3,3,RY,1,64,layer_003_wire_003_RY,-0.09084486222208434,0.09084486222208434,False
random_bp,expectation_value,same_entangling_gate_count,bcw_6q_random_bp,hea,RX_RY_RZ_CNOT,none,circular,cnot,global,6,8,7,40,42,6,64,1,3,3,RZ,2,65,layer_003_wire_003_RZ,-0.09597082729170697,0.09597082729170697,False
random_bp,expectation_value,same_entangling_gate_count,bcw_6q_random_bp,hea,RX_RY_RZ_CNOT,none,circular,cnot,global,6,8,7,40,42,6,64,1,3,4,RX,0,66,layer_003_wire_004_RX,-0.05772232451877439,0.05772232451877439,False
random_bp,expectation_value,same_entangling_gate_count,bcw_6q_random_bp,hea,RX_RY_RZ_CNOT,none,circular,cnot,global,6,8,7,40,42,6,64,1,3,4,RY,1,67,layer_003_wire_004_RY,0.12371001157163328,0.12371001157163328,False
random_bp,expectation_value,same_entangling_gate_count,bcw_6q_random_bp,hea,RX_RY_RZ_CNOT,none,circular,cnot,global,6,8,7,40,42,6,64,1,3,4,RZ,2,68,layer_003_wire_004_RZ,0.12370507603643167,0.12370507603643167,False
random_bp,expectation_value,same_entangling_gate_count,bcw_6q_random_bp,hea,RX_RY_RZ_CNOT,none,circular,cnot,global,6,8,7,40,42,6,64,1,3,5,RX,0,69,layer_003_wire_005_RX,-0.12237955315958877,0.12237955315958877,False
random_bp,expectation_value,same_entangling_gate_count,bcw_6q_random_bp,hea,RX_RY_RZ_CNOT,none,circular,cnot,global,6,8,7,40,42,6,64,1,3,5,RY,1,70,layer_003_wire_005_RY,0.034082114546267035,0.034082114546267035,False
random_bp,expectation_value,same_entangling_gate_count,bcw_6q_random_bp,hea,RX_RY_RZ_CNOT,none,circular,cnot,global,6,8,7,40,42,6,64,1,3,5,RZ,2,71,layer_003_wire_005_RZ,-0.16159365656423966,0.16159365656423966,False
random_bp,expectation_value,same_entangling_gate_count,bcw_6q_random_bp,hea,RX_RY_RZ_CNOT,none,circular,cnot,global,6,8,7,40,42,6,64,1,4,0,RX,0,72,layer_004_wire_000_RX,0.009378570676284833,0.009378570676284833,False
random_bp,expectation_value,same_entangling_gate_count,bcw_6q_random_bp,hea,RX_RY_RZ_CNOT,none,circular,cnot,global,6,8,7,40,42,6,64,1,4,0,RY,1,73,layer_004_wire_000_RY,3.3925502753627546e-05,3.3925502753627546e-05,False
random_bp,expectation_value,same_entangling_gate_count,bcw_6q_random_bp,hea,RX_RY_RZ_CNOT,none,circular,cnot,global,6,8,7,40,42,6,64,1,4,0,RZ,2,74,layer_004_wire_000_RZ,0.10345361244502832,0.10345361244502832,False
random_bp,expectation_value,same_entangling_gate_count,bcw_6q_random_bp,hea,RX_RY_RZ_CNOT,none,circular,cnot,global,6,8,7,40,42,6,64,1,4,1,RX,0,75,layer_004_wire_001_RX,-0.037443496866547445,0.037443496866547445,False
random_bp,expectation_value,same_entangling_gate_count,bcw_6q_random_bp,hea,RX_RY_RZ_CNOT,none,circular,cnot,global,6,8,7,40,42,6,64,1,4,1,RY,1,76,layer_004_wire_001_RY,-0.05624882051823803,0.05624882051823803,False
random_bp,expectation_value,same_entangling_gate_count,bcw_6q_random_bp,hea,RX_RY_RZ_CNOT,none,circular,cnot,global,6,8,7,40,42,6,64,1,4,1,RZ,2,77,layer_004_wire_001_RZ,0.01495862331086844,0.01495862331086844,False
random_bp,expectation_value,same_entangling_gate_count,bcw_6q_random_bp,hea,RX_RY_RZ_CNOT,none,circular,cnot,global,6,8,7,40,42,6,64,1,4,2,RX,0,78,layer_004_wire_002_RX,0.16637601389348713,0.16637601389348713,False
random_bp,expectation_value,same_entangling_gate_count,bcw_6q_random_bp,hea,RX_RY_RZ_CNOT,none,circular,cnot,global,6,8,7,40,42,6,64,1,4,2,RY,1,79,layer_004_wire_002_RY,-0.15409125162892878,0.15409125162892878,False
random_bp,expectation_value,same_entangling_gate_count,bcw_6q_random_bp,hea,RX_RY_RZ_CNOT,none,circular,cnot,global,6,8,7,40,42,6,64,1,4,2,RZ,2,80,layer_004_wire_002_RZ,-0.19381518122072477,0.19381518122072477,False
random_bp,expectation_value,same_entangling_gate_count,bcw_6q_random_bp,hea,RX_RY_RZ_CNOT,none,circular,cnot,global,6,8,7,40,42,6,64,1,4,3,RX,0,81,layer_004_wire_003_RX,-0.08923214148856067,0.08923214148856067,False
random_bp,expectation_value,same_entangling_gate_count,bcw_6q_random_bp,hea,RX_RY_RZ_CNOT,none,circular,cnot,global,6,8,7,40,42,6,64,1,4,3,RY,1,82,layer_004_wire_003_RY,0.09781608242508769,0.09781608242508769,False
random_bp,expectation_value,same_entangling_gate_count,bcw_6q_random_bp,hea,RX_RY_RZ_CNOT,none,circular,cnot,global,6,8,7,40,42,6,64,1,4,3,RZ,2,83,layer_004_wire_003_RZ,0.10165068763982546,0.10165068763982546,False
random_bp,expectation_value,same_entangling_gate_count,bcw_6q_random_bp,hea,RX_RY_RZ_CNOT,none,circular,cnot,global,6,8,7,40,42,6,64,1,4,4,RX,0,84,layer_004_wire_004_RX,-0.0955169126078158,0.0955169126078158,False
random_bp,expectation_value,same_entangling_gate_count,bcw_6q_random_bp,hea,RX_RY_RZ_CNOT,none,circular,cnot,global,6,8,7,40,42,6,64,1,4,4,RY,1,85,layer_004_wire_004_RY,0.02815615536067862,0.02815615536067862,False
random_bp,expectation_value,same_entangling_gate_count,bcw_6q_random_bp,hea,RX_RY_RZ_CNOT,none,circular,cnot,global,6,8,7,40,42,6,64,1,4,4,RZ,2,86,layer_004_wire_004_RZ,0.07879548309766415,0.07879548309766415,False
random_bp,expectation_value,same_entangling_gate_count,bcw_6q_random_bp,hea,RX_RY_RZ_CNOT,none,circular,cnot,global,6,8,7,40,42,6,64,1,4,5,RX,0,87,layer_004_wire_005_RX,0.0181972001767601,0.0181972001767601,False
random_bp,expectation_value,same_entangling_gate_count,bcw_6q_random_bp,hea,RX_RY_RZ_CNOT,none,circular,cnot,global,6,8,7,40,42,6,64,1,4,5,RY,1,88,layer_004_wire_005_RY,-0.09088979496512795,0.09088979496512795,False
random_bp,expectation_value,same_entangling_gate_count,bcw_6q_random_bp,hea,RX_RY_RZ_CNOT,none,circular,cnot,global,6,8,7,40,42,6,64,1,4,5,RZ,2,89,layer_004_wire_005_RZ,0.10291071048385259,0.10291071048385259,False
random_bp,expectation_value,same_entangling_gate_count,bcw_6q_random_bp,hea,RX_RY_RZ_CNOT,none,circular,cnot,global,6,8,7,40,42,6,64,1,5,0,RX,0,90,layer_005_wire_000_RX,-0.051257210034798995,0.051257210034798995,False
random_bp,expectation_value,same_entangling_gate_count,bcw_6q_random_bp,hea,RX_RY_RZ_CNOT,none,circular,cnot,global,6,8,7,40,42,6,64,1,5,0,RY,1,91,layer_005_wire_000_RY,0.11295616795866786,0.11295616795866786,False
random_bp,expectation_value,same_entangling_gate_count,bcw_6q_random_bp,hea,RX_RY_RZ_CNOT,none,circular,cnot,global,6,8,7,40,42,6,64,1,5,0,RZ,2,92,layer_005_wire_000_RZ,-0.04234645797559586,0.04234645797559586,False
random_bp,expectation_value,same_entangling_gate_count,bcw_6q_random_bp,hea,RX_RY_RZ_CNOT,none,circular,cnot,global,6,8,7,40,42,6,64,1,5,1,RX,0,93,layer_005_wire_001_RX,0.15593266953441157,0.15593266953441157,False
random_bp,expectation_value,same_entangling_gate_count,bcw_6q_random_bp,hea,RX_RY_RZ_CNOT,none,circular,cnot,global,6,8,7,40,42,6,64,1,5,1,RY,1,94,layer_005_wire_001_RY,-0.12697054305051397,0.12697054305051397,False
random_bp,expectation_value,same_entangling_gate_count,bcw_6q_random_bp,hea,RX_RY_RZ_CNOT,none,circular,cnot,global,6,8,7,40,42,6,64,1,5,1,RZ,2,95,layer_005_wire_001_RZ,0.14510968345781913,0.14510968345781913,False
random_bp,expectation_value,same_entangling_gate_count,bcw_6q_random_bp,hea,RX_RY_RZ_CNOT,none,circular,cnot,global,6,8,7,40,42,6,64,1,5,2,RX,0,96,layer_005_wire_002_RX,-0.06859929283565155,0.06859929283565155,False
random_bp,expectation_value,same_entangling_gate_count,bcw_6q_random_bp,hea,RX_RY_RZ_CNOT,none,circular,cnot,global,6,8,7,40,42,6,64,1,5,2,RY,1,97,layer_005_wire_002_RY,-0.11769799087456902,0.11769799087456902,False
random_bp,expectation_value,same_entangling_gate_count,bcw_6q_random_bp,hea,RX_RY_RZ_CNOT,none,circular,cnot,global,6,8,7,40,42,6,64,1,5,2,RZ,2,98,layer_005_wire_002_RZ,-0.05311860657819012,0.05311860657819012,False
random_bp,expectation_value,same_entangling_gate_count,bcw_6q_random_bp,hea,RX_RY_RZ_CNOT,none,circular,cnot,global,6,8,7,40,42,6,64,1,5,3,RX,0,99,layer_005_wire_003_RX,0.2678803650047702,0.2678803650047702,False
random_bp,expectation_value,same_entangling_gate_count,bcw_6q_random_bp,hea,RX_RY_RZ_CNOT,none,circular,cnot,global,6,8,7,40,42,6,64,1,5,3,RY,1,100,layer_005_wire_003_RY,0.1302610097796486,0.1302610097796486,False
random_bp,expectation_value,same_entangling_gate_count,bcw_6q_random_bp,hea,RX_RY_RZ_CNOT,none,circular,cnot,global,6,8,7,40,42,6,64,1,5,3,RZ,2,101,layer_005_wire_003_RZ,-0.2799533007333549,0.2799533007333549,False
random_bp,expectation_value,same_entangling_gate_count,bcw_6q_random_bp,hea,RX_RY_RZ_CNOT,none,circular,cnot,global,6,8,7,40,42,6,64,1,5,4,RX,0,102,layer_005_wire_004_RX,-0.17423618963686663,0.17423618963686663,False
random_bp,expectation_value,same_entangling_gate_count,bcw_6q_random_bp,hea,RX_RY_RZ_CNOT,none,circular,cnot,global,6,8,7,40,42,6,64,1,5,4,RY,1,103,layer_005_wire_004_RY,-0.06249301909342087,0.06249301909342087,False
random_bp,expectation_value,same_entangling_gate_count,bcw_6q_random_bp,hea,RX_RY_RZ_CNOT,none,circular,cnot,global,6,8,7,40,42,6,64,1,5,4,RZ,2,104,layer_005_wire_004_RZ,0.2124475697006667,0.2124475697006667,False
random_bp,expectation_value,same_entangling_gate_count,bcw_6q_random_bp,hea,RX_RY_RZ_CNOT,none,circular,cnot,global,6,8,7,40,42,6,64,1,5,5,RX,0,105,layer_005_wire_005_RX,-0.14876088610420748,0.14876088610420748,False
random_bp,expectation_value,same_entangling_gate_count,bcw_6q_random_bp,hea,RX_RY_RZ_CNOT,none,circular,cnot,global,6,8,7,40,42,6,64,1,5,5,RY,1,106,layer_005_wire_005_RY,-0.06760734721259279,0.06760734721259279,False
random_bp,expectation_value,same_entangling_gate_count,bcw_6q_random_bp,hea,RX_RY_RZ_CNOT,none,circular,cnot,global,6,8,7,40,42,6,64,1,5,5,RZ,2,107,layer_005_wire_005_RZ,-0.14174683609201408,0.14174683609201408,False
random_bp,expectation_value,same_entangling_gate_count,bcw_6q_random_bp,hea,RX_RY_RZ_CNOT,none,circular,cnot,global,6,8,7,40,42,6,64,1,6,0,RX,0,108,layer_006_wire_000_RX,-0.00562043119630314,0.00562043119630314,False
random_bp,expectation_value,same_entangling_gate_count,bcw_6q_random_bp,hea,RX_RY_RZ_CNOT,none,circular,cnot,global,6,8,7,40,42,6,64,1,6,0,RY,1,109,layer_006_wire_000_RY,0.1405583938812658,0.1405583938812658,False
random_bp,expectation_value,same_entangling_gate_count,bcw_6q_random_bp,hea,RX_RY_RZ_CNOT,none,circular,cnot,global,6,8,7,40,42,6,64,1,6,0,RZ,2,110,layer_006_wire_000_RZ,1.7293631033422912e-17,1.7293631033422912e-17,True
random_bp,expectation_value,same_entangling_gate_count,bcw_6q_random_bp,hea,RX_RY_RZ_CNOT,none,circular,cnot,global,6,8,7,40,42,6,64,1,6,1,RX,0,111,layer_006_wire_001_RX,6.5052130349130266e-18,6.5052130349130266e-18,True
random_bp,expectation_value,same_entangling_gate_count,bcw_6q_random_bp,hea,RX_RY_RZ_CNOT,none,circular,cnot,global,6,8,7,40,42,6,64,1,6,1,RY,1,112,layer_006_wire_001_RY,-9.540979117872439e-18,9.540979117872439e-18,True
random_bp,expectation_value,same_entangling_gate_count,bcw_6q_random_bp,hea,RX_RY_RZ_CNOT,none,circular,cnot,global,6,8,7,40,42,6,64,1,6,1,RZ,2,113,layer_006_wire_001_RZ,-1.7749897227118755e-18,1.7749897227118755e-18,True
random_bp,expectation_value,same_entangling_gate_count,bcw_6q_random_bp,hea,RX_RY_RZ_CNOT,none,circular,cnot,global,6,8,7,40,42,6,64,1,6,2,RX,0,114,layer_006_wire_002_RX,0.1631725388889563,0.1631725388889563,False
random_bp,expectation_value,same_entangling_gate_count,bcw_6q_random_bp,hea,RX_RY_RZ_CNOT,none,circular,cnot,global,6,8,7,40,42,6,64,1,6,2,RY,1,115,layer_006_wire_002_RY,0.00817272095165874,0.00817272095165874,False
random_bp,expectation_value,same_entangling_gate_count,bcw_6q_random_bp,hea,RX_RY_RZ_CNOT,none,circular,cnot,global,6,8,7,40,42,6,64,1,6,2,RZ,2,116,layer_006_wire_002_RZ,4.63148290112393e-17,4.63148290112393e-17,True
random_bp,expectation_value,same_entangling_gate_count,bcw_6q_random_bp,hea,RX_RY_RZ_CNOT,none,circular,cnot,global,6,8,7,40,42,6,64,1,6,3,RX,0,117,layer_006_wire_003_RX,-3.0357660829594124e-17,3.0357660829594124e-17,True
random_bp,expectation_value,same_entangling_gate_count,bcw_6q_random_bp,hea,RX_RY_RZ_CNOT,none,circular,cnot,global,6,8,7,40,42,6,64,1,6,3,RY,1,118,layer_006_wire_003_RY,-2.42861286636753e-17,2.42861286636753e-17,True
random_bp,expectation_value,same_entangling_gate_count,bcw_6q_random_bp,hea,RX_RY_RZ_CNOT,none,circular,cnot,global,6,8,7,40,42,6,64,1,6,3,RZ,2,119,layer_006_wire_003_RZ,3.868434283679768e-17,3.868434283679768e-17,True
random_bp,expectation_value,same_entangling_gate_count,bcw_6q_random_bp,hea,RX_RY_RZ_CNOT,none,circular,cnot,global,6,8,7,40,42,6,64,1,6,4,RX,0,120,layer_006_wire_004_RX,0.07521594299887388,0.07521594299887388,False
random_bp,expectation_value,same_entangling_gate_count,bcw_6q_random_bp,hea,RX_RY_RZ_CNOT,none,circular,cnot,global,6,8,7,40,42,6,64,1,6,4,RY,1,121,layer_006_wire_004_RY,-0.22213436881466944,0.22213436881466944,False
random_bp,expectation_value,same_entangling_gate_count,bcw_6q_random_bp,hea,RX_RY_RZ_CNOT,none,circular,cnot,global,6,8,7,40,42,6,64,1,6,4,RZ,2,122,layer_006_wire_004_RZ,-6.721146780242898e-17,6.721146780242898e-17,True
random_bp,expectation_value,same_entangling_gate_count,bcw_6q_random_bp,hea,RX_RY_RZ_CNOT,none,circular,cnot,global,6,8,7,40,42,6,64,1,6,5,RX,0,123,layer_006_wire_005_RX,-4.336808689942018e-18,4.336808689942018e-18,True
random_bp,expectation_value,same_entangling_gate_count,bcw_6q_random_bp,hea,RX_RY_RZ_CNOT,none,circular,cnot,global,6,8,7,40,42,6,64,1,6,5,RY,1,124,layer_006_wire_005_RY,-1.691355389077387e-17,1.691355389077387e-17,True
random_bp,expectation_value,same_entangling_gate_count,bcw_6q_random_bp,hea,RX_RY_RZ_CNOT,none,circular,cnot,global,6,8,7,40,42,6,64,1,6,5,RZ,2,125,layer_006_wire_005_RZ,4.788199824626754e-18,4.788199824626754e-18,True
random_bp,expectation_value,same_entangling_gate_count,bcw_6q_random_bp,hea,RX_RY_RZ_CNOT,none,circular,cnot,global,6,8,7,40,42,6,65,2,0,0,RX,0,0,layer_000_wire_000_RX,-0.01609313974674159,0.01609313974674159,False
random_bp,expectation_value,same_entangling_gate_count,bcw_6q_random_bp,hea,RX_RY_RZ_CNOT,none,circular,cnot,global,6,8,7,40,42,6,65,2,0,0,RY,1,1,layer_000_wire_000_RY,0.0028210727270954958,0.0028210727270954958,False
random_bp,expectation_value,same_entangling_gate_count,bcw_6q_random_bp,hea,RX_RY_RZ_CNOT,none,circular,cnot,global,6,8,7,40,42,6,65,2,0,0,RZ,2,2,layer_000_wire_000_RZ,-0.02693046097607463,0.02693046097607463,False
random_bp,expectation_value,same_entangling_gate_count,bcw_6q_random_bp,hea,RX_RY_RZ_CNOT,none,circular,cnot,global,6,8,7,40,42,6,65,2,0,1,RX,0,3,layer_000_wire_001_RX,-0.06902388749605991,0.06902388749605991,False
random_bp,expectation_value,same_entangling_gate_count,bcw_6q_random_bp,hea,RX_RY_RZ_CNOT,none,circular,cnot,global,6,8,7,40,42,6,65,2,0,1,RY,1,4,layer_000_wire_001_RY,-0.0903975681984586,0.0903975681984586,False
random_bp,expectation_value,same_entangling_gate_count,bcw_6q_random_bp,hea,RX_RY_RZ_CNOT,none,circular,cnot,global,6,8,7,40,42,6,65,2,0,1,RZ,2,5,layer_000_wire_001_RZ,-0.007027887533782008,0.007027887533782008,False
random_bp,expectation_value,same_entangling_gate_count,bcw_6q_random_bp,hea,RX_RY_RZ_CNOT,none,circular,cnot,global,6,8,7,40,42,6,65,2,0,2,RX,0,6,layer_000_wire_002_RX,0.03431967724889258,0.03431967724889258,False
random_bp,expectation_value,same_entangling_gate_count,bcw_6q_random_bp,hea,RX_RY_RZ_CNOT,none,circular,cnot,global,6,8,7,40,42,6,65,2,0,2,RY,1,7,layer_000_wire_002_RY,0.006698696368467004,0.006698696368467004,False
random_bp,expectation_value,same_entangling_gate_count,bcw_6q_random_bp,hea,RX_RY_RZ_CNOT,none,circular,cnot,global,6,8,7,40,42,6,65,2,0,2,RZ,2,8,layer_000_wire_002_RZ,-0.0036649117233449437,0.0036649117233449437,False
random_bp,expectation_value,same_entangling_gate_count,bcw_6q_random_bp,hea,RX_RY_RZ_CNOT,none,circular,cnot,global,6,8,7,40,42,6,65,2,0,3,RX,0,9,layer_000_wire_003_RX,-0.11962614935890611,0.11962614935890611,False
random_bp,expectation_value,same_entangling_gate_count,bcw_6q_random_bp,hea,RX_RY_RZ_CNOT,none,circular,cnot,global,6,8,7,40,42,6,65,2,0,3,RY,1,10,layer_000_wire_003_RY,0.03993318647144087,0.03993318647144087,False
random_bp,expectation_value,same_entangling_gate_count,bcw_6q_random_bp,hea,RX_RY_RZ_CNOT,none,circular,cnot,global,6,8,7,40,42,6,65,2,0,3,RZ,2,11,layer_000_wire_003_RZ,0.10176376370415476,0.10176376370415476,False
random_bp,expectation_value,same_entangling_gate_count,bcw_6q_random_bp,hea,RX_RY_RZ_CNOT,none,circular,cnot,global,6,8,7,40,42,6,65,2,0,4,RX,0,12,layer_000_wire_004_RX,-0.08770380210731299,0.08770380210731299,False
random_bp,expectation_value,same_entangling_gate_count,bcw_6q_random_bp,hea,RX_RY_RZ_CNOT,none,circular,cnot,global,6,8,7,40,42,6,65,2,0,4,RY,1,13,layer_000_wire_004_RY,-0.1466002341326024,0.1466002341326024,False
random_bp,expectation_value,same_entangling_gate_count,bcw_6q_random_bp,hea,RX_RY_RZ_CNOT,none,circular,cnot,global,6,8,7,40,42,6,65,2,0,4,RZ,2,14,layer_000_wire_004_RZ,0.10874201773551839,0.10874201773551839,False
random_bp,expectation_value,same_entangling_gate_count,bcw_6q_random_bp,hea,RX_RY_RZ_CNOT,none,circular,cnot,global,6,8,7,40,42,6,65,2,0,5,RX,0,15,layer_000_wire_005_RX,0.10537331346045276,0.10537331346045276,False
random_bp,expectation_value,same_entangling_gate_count,bcw_6q_random_bp,hea,RX_RY_RZ_CNOT,none,circular,cnot,global,6,8,7,40,42,6,65,2,0,5,RY,1,16,layer_000_wire_005_RY,0.021997981457772944,0.021997981457772944,False
random_bp,expectation_value,same_entangling_gate_count,bcw_6q_random_bp,hea,RX_RY_RZ_CNOT,none,circular,cnot,global,6,8,7,40,42,6,65,2,0,5,RZ,2,17,layer_000_wire_005_RZ,-0.04528654584663411,0.04528654584663411,False
random_bp,expectation_value,same_entangling_gate_count,bcw_6q_random_bp,hea,RX_RY_RZ_CNOT,none,circular,cnot,global,6,8,7,40,42,6,65,2,1,0,RX,0,18,layer_001_wire_000_RX,-0.06168607232675607,0.06168607232675607,False
random_bp,expectation_value,same_entangling_gate_count,bcw_6q_random_bp,hea,RX_RY_RZ_CNOT,none,circular,cnot,global,6,8,7,40,42,6,65,2,1,0,RY,1,19,layer_001_wire_000_RY,0.10818150951090547,0.10818150951090547,False
random_bp,expectation_value,same_entangling_gate_count,bcw_6q_random_bp,hea,RX_RY_RZ_CNOT,none,circular,cnot,global,6,8,7,40,42,6,65,2,1,0,RZ,2,20,layer_001_wire_000_RZ,-0.017868118740536496,0.017868118740536496,False
random_bp,expectation_value,same_entangling_gate_count,bcw_6q_random_bp,hea,RX_RY_RZ_CNOT,none,circular,cnot,global,6,8,7,40,42,6,65,2,1,1,RX,0,21,layer_001_wire_001_RX,0.08572850223577255,0.08572850223577255,False
random_bp,expectation_value,same_entangling_gate_count,bcw_6q_random_bp,hea,RX_RY_RZ_CNOT,none,circular,cnot,global,6,8,7,40,42,6,65,2,1,1,RY,1,22,layer_001_wire_001_RY,-0.01271925477140123,0.01271925477140123,False
random_bp,expectation_value,same_entangling_gate_count,bcw_6q_random_bp,hea,RX_RY_RZ_CNOT,none,circular,cnot,global,6,8,7,40,42,6,65,2,1,1,RZ,2,23,layer_001_wire_001_RZ,-0.03320289194547495,0.03320289194547495,False
random_bp,expectation_value,same_entangling_gate_count,bcw_6q_random_bp,hea,RX_RY_RZ_CNOT,none,circular,cnot,global,6,8,7,40,42,6,65,2,1,2,RX,0,24,layer_001_wire_002_RX,0.06933083252245649,0.06933083252245649,False
random_bp,expectation_value,same_entangling_gate_count,bcw_6q_random_bp,hea,RX_RY_RZ_CNOT,none,circular,cnot,global,6,8,7,40,42,6,65,2,1,2,RY,1,25,layer_001_wire_002_RY,-0.05282332921589908,0.05282332921589908,False
random_bp,expectation_value,same_entangling_gate_count,bcw_6q_random_bp,hea,RX_RY_RZ_CNOT,none,circular,cnot,global,6,8,7,40,42,6,65,2,1,2,RZ,2,26,layer_001_wire_002_RZ,-0.08555337161603441,0.08555337161603441,False
random_bp,expectation_value,same_entangling_gate_count,bcw_6q_random_bp,hea,RX_RY_RZ_CNOT,none,circular,cnot,global,6,8,7,40,42,6,65,2,1,3,RX,0,27,layer_001_wire_003_RX,0.11334573572140708,0.11334573572140708,False
random_bp,expectation_value,same_entangling_gate_count,bcw_6q_random_bp,hea,RX_RY_RZ_CNOT,none,circular,cnot,global,6,8,7,40,42,6,65,2,1,3,RY,1,28,layer_001_wire_003_RY,-0.015784500954699812,0.015784500954699812,False
random_bp,expectation_value,same_entangling_gate_count,bcw_6q_random_bp,hea,RX_RY_RZ_CNOT,none,circular,cnot,global,6,8,7,40,42,6,65,2,1,3,RZ,2,29,layer_001_wire_003_RZ,0.11695874019227273,0.11695874019227273,False
random_bp,expectation_value,same_entangling_gate_count,bcw_6q_random_bp,hea,RX_RY_RZ_CNOT,none,circular,cnot,global,6,8,7,40,42,6,65,2,1,4,RX,0,30,layer_001_wire_004_RX,-0.11695793111894849,0.11695793111894849,False
random_bp,expectation_value,same_entangling_gate_count,bcw_6q_random_bp,hea,RX_RY_RZ_CNOT,none,circular,cnot,global,6,8,7,40,42,6,65,2,1,4,RY,1,31,layer_001_wire_004_RY,-0.025442421234289424,0.025442421234289424,False
random_bp,expectation_value,same_entangling_gate_count,bcw_6q_random_bp,hea,RX_RY_RZ_CNOT,none,circular,cnot,global,6,8,7,40,42,6,65,2,1,4,RZ,2,32,layer_001_wire_004_RZ,0.007682293793827523,0.007682293793827523,False
random_bp,expectation_value,same_entangling_gate_count,bcw_6q_random_bp,hea,RX_RY_RZ_CNOT,none,circular,cnot,global,6,8,7,40,42,6,65,2,1,5,RX,0,33,layer_001_wire_005_RX,-0.049400422937699084,0.049400422937699084,False
random_bp,expectation_value,same_entangling_gate_count,bcw_6q_random_bp,hea,RX_RY_RZ_CNOT,none,circular,cnot,global,6,8,7,40,42,6,65,2,1,5,RY,1,34,layer_001_wire_005_RY,-0.1109985565550335,0.1109985565550335,False
random_bp,expectation_value,same_entangling_gate_count,bcw_6q_random_bp,hea,RX_RY_RZ_CNOT,none,circular,cnot,global,6,8,7,40,42,6,65,2,1,5,RZ,2,35,layer_001_wire_005_RZ,0.09509491308006685,0.09509491308006685,False
random_bp,expectation_value,same_entangling_gate_count,bcw_6q_random_bp,hea,RX_RY_RZ_CNOT,none,circular,cnot,global,6,8,7,40,42,6,65,2,2,0,RX,0,36,layer_002_wire_000_RX,-0.025580655225113484,0.025580655225113484,False
random_bp,expectation_value,same_entangling_gate_count,bcw_6q_random_bp,hea,RX_RY_RZ_CNOT,none,circular,cnot,global,6,8,7,40,42,6,65,2,2,0,RY,1,37,layer_002_wire_000_RY,0.052008350959224556,0.052008350959224556,False
random_bp,expectation_value,same_entangling_gate_count,bcw_6q_random_bp,hea,RX_RY_RZ_CNOT,none,circular,cnot,global,6,8,7,40,42,6,65,2,2,0,RZ,2,38,layer_002_wire_000_RZ,0.13329643968425364,0.13329643968425364,False
random_bp,expectation_value,same_entangling_gate_count,bcw_6q_random_bp,hea,RX_RY_RZ_CNOT,none,circular,cnot,global,6,8,7,40,42,6,65,2,2,1,RX,0,39,layer_002_wire_001_RX,0.058217998786368394,0.058217998786368394,False
random_bp,expectation_value,same_entangling_gate_count,bcw_6q_random_bp,hea,RX_RY_RZ_CNOT,none,circular,cnot,global,6,8,7,40,42,6,65,2,2,1,RY,1,40,layer_002_wire_001_RY,-0.04937875601915516,0.04937875601915516,False
random_bp,expectation_value,same_entangling_gate_count,bcw_6q_random_bp,hea,RX_RY_RZ_CNOT,none,circular,cnot,global,6,8,7,40,42,6,65,2,2,1,RZ,2,41,layer_002_wire_001_RZ,-0.07106870081856048,0.07106870081856048,False
random_bp,expectation_value,same_entangling_gate_count,bcw_6q_random_bp,hea,RX_RY_RZ_CNOT,none,circular,cnot,global,6,8,7,40,42,6,65,2,2,2,RX,0,42,layer_002_wire_002_RX,-0.07692278336365266,0.07692278336365266,False
random_bp,expectation_value,same_entangling_gate_count,bcw_6q_random_bp,hea,RX_RY_RZ_CNOT,none,circular,cnot,global,6,8,7,40,42,6,65,2,2,2,RY,1,43,layer_002_wire_002_RY,-0.08483190760644796,0.08483190760644796,False
random_bp,expectation_value,same_entangling_gate_count,bcw_6q_random_bp,hea,RX_RY_RZ_CNOT,none,circular,cnot,global,6,8,7,40,42,6,65,2,2,2,RZ,2,44,layer_002_wire_002_RZ,0.038017499378424593,0.038017499378424593,False
random_bp,expectation_value,same_entangling_gate_count,bcw_6q_random_bp,hea,RX_RY_RZ_CNOT,none,circular,cnot,global,6,8,7,40,42,6,65,2,2,3,RX,0,45,layer_002_wire_003_RX,-0.005045902060001807,0.005045902060001807,False
random_bp,expectation_value,same_entangling_gate_count,bcw_6q_random_bp,hea,RX_RY_RZ_CNOT,none,circular,cnot,global,6,8,7,40,42,6,65,2,2,3,RY,1,46,layer_002_wire_003_RY,0.032883862021754,0.032883862021754,False
random_bp,expectation_value,same_entangling_gate_count,bcw_6q_random_bp,hea,RX_RY_RZ_CNOT,none,circular,cnot,global,6,8,7,40,42,6,65,2,2,3,RZ,2,47,layer_002_wire_003_RZ,0.06559826469594182,0.06559826469594182,False
random_bp,expectation_value,same_entangling_gate_count,bcw_6q_random_bp,hea,RX_RY_RZ_CNOT,none,circular,cnot,global,6,8,7,40,42,6,65,2,2,4,RX,0,48,layer_002_wire_004_RX,-0.021058106754475177,0.021058106754475177,False
random_bp,expectation_value,same_entangling_gate_count,bcw_6q_random_bp,hea,RX_RY_RZ_CNOT,none,circular,cnot,global,6,8,7,40,42,6,65,2,2,4,RY,1,49,layer_002_wire_004_RY,0.05025153424180907,0.05025153424180907,False
random_bp,expectation_value,same_entangling_gate_count,bcw_6q_random_bp,hea,RX_RY_RZ_CNOT,none,circular,cnot,global,6,8,7,40,42,6,65,2,2,4,RZ,2,50,layer_002_wire_004_RZ,-0.08815106501142278,0.08815106501142278,False
random_bp,expectation_value,same_entangling_gate_count,bcw_6q_random_bp,hea,RX_RY_RZ_CNOT,none,circular,cnot,global,6,8,7,40,42,6,65,2,2,5,RX,0,51,layer_002_wire_005_RX,-0.05593522790038693,0.05593522790038693,False
random_bp,expectation_value,same_entangling_gate_count,bcw_6q_random_bp,hea,RX_RY_RZ_CNOT,none,circular,cnot,global,6,8,7,40,42,6,65,2,2,5,RY,1,52,layer_002_wire_005_RY,-0.02610326390738915,0.02610326390738915,False
random_bp,expectation_value,same_entangling_gate_count,bcw_6q_random_bp,hea,RX_RY_RZ_CNOT,none,circular,cnot,global,6,8,7,40,42,6,65,2,2,5,RZ,2,53,layer_002_wire_005_RZ,-0.12481214431650639,0.12481214431650639,False
random_bp,expectation_value,same_entangling_gate_count,bcw_6q_random_bp,hea,RX_RY_RZ_CNOT,none,circular,cnot,global,6,8,7,40,42,6,65,2,3,0,RX,0,54,layer_003_wire_000_RX,-0.0328999568478675,0.0328999568478675,False
random_bp,expectation_value,same_entangling_gate_count,bcw_6q_random_bp,hea,RX_RY_RZ_CNOT,none,circular,cnot,global,6,8,7,40,42,6,65,2,3,0,RY,1,55,layer_003_wire_000_RY,0.12815867443697543,0.12815867443697543,False
random_bp,expectation_value,same_entangling_gate_count,bcw_6q_random_bp,hea,RX_RY_RZ_CNOT,none,circular,cnot,global,6,8,7,40,42,6,65,2,3,0,RZ,2,56,layer_003_wire_000_RZ,0.03004078179508898,0.03004078179508898,False
random_bp,expectation_value,same_entangling_gate_count,bcw_6q_random_bp,hea,RX_RY_RZ_CNOT,none,circular,cnot,global,6,8,7,40,42,6,65,2,3,1,RX,0,57,layer_003_wire_001_RX,-0.03692137094777398,0.03692137094777398,False
random_bp,expectation_value,same_entangling_gate_count,bcw_6q_random_bp,hea,RX_RY_RZ_CNOT,none,circular,cnot,global,6,8,7,40,42,6,65,2,3,1,RY,1,58,layer_003_wire_001_RY,0.06131814406305472,0.06131814406305472,False
random_bp,expectation_value,same_entangling_gate_count,bcw_6q_random_bp,hea,RX_RY_RZ_CNOT,none,circular,cnot,global,6,8,7,40,42,6,65,2,3,1,RZ,2,59,layer_003_wire_001_RZ,-0.05021801531514489,0.05021801531514489,False
random_bp,expectation_value,same_entangling_gate_count,bcw_6q_random_bp,hea,RX_RY_RZ_CNOT,none,circular,cnot,global,6,8,7,40,42,6,65,2,3,2,RX,0,60,layer_003_wire_002_RX,-0.03616567875059708,0.03616567875059708,False
random_bp,expectation_value,same_entangling_gate_count,bcw_6q_random_bp,hea,RX_RY_RZ_CNOT,none,circular,cnot,global,6,8,7,40,42,6,65,2,3,2,RY,1,61,layer_003_wire_002_RY,-0.013303880236976595,0.013303880236976595,False
random_bp,expectation_value,same_entangling_gate_count,bcw_6q_random_bp,hea,RX_RY_RZ_CNOT,none,circular,cnot,global,6,8,7,40,42,6,65,2,3,2,RZ,2,62,layer_003_wire_002_RZ,-0.03924544663297439,0.03924544663297439,False
random_bp,expectation_value,same_entangling_gate_count,bcw_6q_random_bp,hea,RX_RY_RZ_CNOT,none,circular,cnot,global,6,8,7,40,42,6,65,2,3,3,RX,0,63,layer_003_wire_003_RX,0.0567283953152471,0.0567283953152471,False
random_bp,expectation_value,same_entangling_gate_count,bcw_6q_random_bp,hea,RX_RY_RZ_CNOT,none,circular,cnot,global,6,8,7,40,42,6,65,2,3,3,RY,1,64,layer_003_wire_003_RY,-0.05158271394134642,0.05158271394134642,False
random_bp,expectation_value,same_entangling_gate_count,bcw_6q_random_bp,hea,RX_RY_RZ_CNOT,none,circular,cnot,global,6,8,7,40,42,6,65,2,3,3,RZ,2,65,layer_003_wire_003_RZ,-0.19182978663797276,0.19182978663797276,False
random_bp,expectation_value,same_entangling_gate_count,bcw_6q_random_bp,hea,RX_RY_RZ_CNOT,none,circular,cnot,global,6,8,7,40,42,6,65,2,3,4,RX,0,66,layer_003_wire_004_RX,0.0006980799987740122,0.0006980799987740122,False
random_bp,expectation_value,same_entangling_gate_count,bcw_6q_random_bp,hea,RX_RY_RZ_CNOT,none,circular,cnot,global,6,8,7,40,42,6,65,2,3,4,RY,1,67,layer_003_wire_004_RY,-0.003978093001686667,0.003978093001686667,False
random_bp,expectation_value,same_entangling_gate_count,bcw_6q_random_bp,hea,RX_RY_RZ_CNOT,none,circular,cnot,global,6,8,7,40,42,6,65,2,3,4,RZ,2,68,layer_003_wire_004_RZ,-0.10527303851657968,0.10527303851657968,False
random_bp,expectation_value,same_entangling_gate_count,bcw_6q_random_bp,hea,RX_RY_RZ_CNOT,none,circular,cnot,global,6,8,7,40,42,6,65,2,3,5,RX,0,69,layer_003_wire_005_RX,-0.24347946130997344,0.24347946130997344,False
random_bp,expectation_value,same_entangling_gate_count,bcw_6q_random_bp,hea,RX_RY_RZ_CNOT,none,circular,cnot,global,6,8,7,40,42,6,65,2,3,5,RY,1,70,layer_003_wire_005_RY,0.009927188610925923,0.009927188610925923,False
random_bp,expectation_value,same_entangling_gate_count,bcw_6q_random_bp,hea,RX_RY_RZ_CNOT,none,circular,cnot,global,6,8,7,40,42,6,65,2,3,5,RZ,2,71,layer_003_wire_005_RZ,-0.09932857824574809,0.09932857824574809,False
random_bp,expectation_value,same_entangling_gate_count,bcw_6q_random_bp,hea,RX_RY_RZ_CNOT,none,circular,cnot,global,6,8,7,40,42,6,65,2,4,0,RX,0,72,layer_004_wire_000_RX,0.1019036273043589,0.1019036273043589,False
random_bp,expectation_value,same_entangling_gate_count,bcw_6q_random_bp,hea,RX_RY_RZ_CNOT,none,circular,cnot,global,6,8,7,40,42,6,65,2,4,0,RY,1,73,layer_004_wire_000_RY,-0.05526440293164875,0.05526440293164875,False
random_bp,expectation_value,same_entangling_gate_count,bcw_6q_random_bp,hea,RX_RY_RZ_CNOT,none,circular,cnot,global,6,8,7,40,42,6,65,2,4,0,RZ,2,74,layer_004_wire_000_RZ,0.07596075707421857,0.07596075707421857,False
random_bp,expectation_value,same_entangling_gate_count,bcw_6q_random_bp,hea,RX_RY_RZ_CNOT,none,circular,cnot,global,6,8,7,40,42,6,65,2,4,1,RX,0,75,layer_004_wire_001_RX,0.14678684381152143,0.14678684381152143,False
random_bp,expectation_value,same_entangling_gate_count,bcw_6q_random_bp,hea,RX_RY_RZ_CNOT,none,circular,cnot,global,6,8,7,40,42,6,65,2,4,1,RY,1,76,layer_004_wire_001_RY,0.07130609403508818,0.07130609403508818,False
random_bp,expectation_value,same_entangling_gate_count,bcw_6q_random_bp,hea,RX_RY_RZ_CNOT,none,circular,cnot,global,6,8,7,40,42,6,65,2,4,1,RZ,2,77,layer_004_wire_001_RZ,0.04888813679975577,0.04888813679975577,False
random_bp,expectation_value,same_entangling_gate_count,bcw_6q_random_bp,hea,RX_RY_RZ_CNOT,none,circular,cnot,global,6,8,7,40,42,6,65,2,4,2,RX,0,78,layer_004_wire_002_RX,0.19436546696024967,0.19436546696024967,False
random_bp,expectation_value,same_entangling_gate_count,bcw_6q_random_bp,hea,RX_RY_RZ_CNOT,none,circular,cnot,global,6,8,7,40,42,6,65,2,4,2,RY,1,79,layer_004_wire_002_RY,-0.04678928269957989,0.04678928269957989,False
random_bp,expectation_value,same_entangling_gate_count,bcw_6q_random_bp,hea,RX_RY_RZ_CNOT,none,circular,cnot,global,6,8,7,40,42,6,65,2,4,2,RZ,2,80,layer_004_wire_002_RZ,-0.1684382528680461,0.1684382528680461,False
random_bp,expectation_value,same_entangling_gate_count,bcw_6q_random_bp,hea,RX_RY_RZ_CNOT,none,circular,cnot,global,6,8,7,40,42,6,65,2,4,3,RX,0,81,layer_004_wire_003_RX,0.05219825804131924,0.05219825804131924,False
random_bp,expectation_value,same_entangling_gate_count,bcw_6q_random_bp,hea,RX_RY_RZ_CNOT,none,circular,cnot,global,6,8,7,40,42,6,65,2,4,3,RY,1,82,layer_004_wire_003_RY,0.03233006643354175,0.03233006643354175,False
random_bp,expectation_value,same_entangling_gate_count,bcw_6q_random_bp,hea,RX_RY_RZ_CNOT,none,circular,cnot,global,6,8,7,40,42,6,65,2,4,3,RZ,2,83,layer_004_wire_003_RZ,-0.0755839954644841,0.0755839954644841,False
random_bp,expectation_value,same_entangling_gate_count,bcw_6q_random_bp,hea,RX_RY_RZ_CNOT,none,circular,cnot,global,6,8,7,40,42,6,65,2,4,4,RX,0,84,layer_004_wire_004_RX,0.12604722437954113,0.12604722437954113,False
random_bp,expectation_value,same_entangling_gate_count,bcw_6q_random_bp,hea,RX_RY_RZ_CNOT,none,circular,cnot,global,6,8,7,40,42,6,65,2,4,4,RY,1,85,layer_004_wire_004_RY,-0.04484010399723229,0.04484010399723229,False
random_bp,expectation_value,same_entangling_gate_count,bcw_6q_random_bp,hea,RX_RY_RZ_CNOT,none,circular,cnot,global,6,8,7,40,42,6,65,2,4,4,RZ,2,86,layer_004_wire_004_RZ,0.07210904783512839,0.07210904783512839,False
random_bp,expectation_value,same_entangling_gate_count,bcw_6q_random_bp,hea,RX_RY_RZ_CNOT,none,circular,cnot,global,6,8,7,40,42,6,65,2,4,5,RX,0,87,layer_004_wire_005_RX,0.11099229108195427,0.11099229108195427,False
random_bp,expectation_value,same_entangling_gate_count,bcw_6q_random_bp,hea,RX_RY_RZ_CNOT,none,circular,cnot,global,6,8,7,40,42,6,65,2,4,5,RY,1,88,layer_004_wire_005_RY,0.12197499463034422,0.12197499463034422,False
random_bp,expectation_value,same_entangling_gate_count,bcw_6q_random_bp,hea,RX_RY_RZ_CNOT,none,circular,cnot,global,6,8,7,40,42,6,65,2,4,5,RZ,2,89,layer_004_wire_005_RZ,-0.07844140751052513,0.07844140751052513,False
random_bp,expectation_value,same_entangling_gate_count,bcw_6q_random_bp,hea,RX_RY_RZ_CNOT,none,circular,cnot,global,6,8,7,40,42,6,65,2,5,0,RX,0,90,layer_005_wire_000_RX,0.1639324232066186,0.1639324232066186,False
random_bp,expectation_value,same_entangling_gate_count,bcw_6q_random_bp,hea,RX_RY_RZ_CNOT,none,circular,cnot,global,6,8,7,40,42,6,65,2,5,0,RY,1,91,layer_005_wire_000_RY,0.001535796682835367,0.001535796682835367,False
random_bp,expectation_value,same_entangling_gate_count,bcw_6q_random_bp,hea,RX_RY_RZ_CNOT,none,circular,cnot,global,6,8,7,40,42,6,65,2,5,0,RZ,2,92,layer_005_wire_000_RZ,0.11199413971257088,0.11199413971257088,False
random_bp,expectation_value,same_entangling_gate_count,bcw_6q_random_bp,hea,RX_RY_RZ_CNOT,none,circular,cnot,global,6,8,7,40,42,6,65,2,5,1,RX,0,93,layer_005_wire_001_RX,-0.10863520503534393,0.10863520503534393,False
random_bp,expectation_value,same_entangling_gate_count,bcw_6q_random_bp,hea,RX_RY_RZ_CNOT,none,circular,cnot,global,6,8,7,40,42,6,65,2,5,1,RY,1,94,layer_005_wire_001_RY,-0.12571227843592916,0.12571227843592916,False
random_bp,expectation_value,same_entangling_gate_count,bcw_6q_random_bp,hea,RX_RY_RZ_CNOT,none,circular,cnot,global,6,8,7,40,42,6,65,2,5,1,RZ,2,95,layer_005_wire_001_RZ,-0.22641929452991158,0.22641929452991158,False
random_bp,expectation_value,same_entangling_gate_count,bcw_6q_random_bp,hea,RX_RY_RZ_CNOT,none,circular,cnot,global,6,8,7,40,42,6,65,2,5,2,RX,0,96,layer_005_wire_002_RX,-0.17620330711597865,0.17620330711597865,False
random_bp,expectation_value,same_entangling_gate_count,bcw_6q_random_bp,hea,RX_RY_RZ_CNOT,none,circular,cnot,global,6,8,7,40,42,6,65,2,5,2,RY,1,97,layer_005_wire_002_RY,-0.08735085418447308,0.08735085418447308,False
random_bp,expectation_value,same_entangling_gate_count,bcw_6q_random_bp,hea,RX_RY_RZ_CNOT,none,circular,cnot,global,6,8,7,40,42,6,65,2,5,2,RZ,2,98,layer_005_wire_002_RZ,-0.13866128563198588,0.13866128563198588,False
random_bp,expectation_value,same_entangling_gate_count,bcw_6q_random_bp,hea,RX_RY_RZ_CNOT,none,circular,cnot,global,6,8,7,40,42,6,65,2,5,3,RX,0,99,layer_005_wire_003_RX,-0.13496270256718293,0.13496270256718293,False
random_bp,expectation_value,same_entangling_gate_count,bcw_6q_random_bp,hea,RX_RY_RZ_CNOT,none,circular,cnot,global,6,8,7,40,42,6,65,2,5,3,RY,1,100,layer_005_wire_003_RY,0.05293059688947281,0.05293059688947281,False
random_bp,expectation_value,same_entangling_gate_count,bcw_6q_random_bp,hea,RX_RY_RZ_CNOT,none,circular,cnot,global,6,8,7,40,42,6,65,2,5,3,RZ,2,101,layer_005_wire_003_RZ,-0.14430976097581588,0.14430976097581588,False
random_bp,expectation_value,same_entangling_gate_count,bcw_6q_random_bp,hea,RX_RY_RZ_CNOT,none,circular,cnot,global,6,8,7,40,42,6,65,2,5,4,RX,0,102,layer_005_wire_004_RX,-0.20555444287244834,0.20555444287244834,False
random_bp,expectation_value,same_entangling_gate_count,bcw_6q_random_bp,hea,RX_RY_RZ_CNOT,none,circular,cnot,global,6,8,7,40,42,6,65,2,5,4,RY,1,103,layer_005_wire_004_RY,-0.04671924404119303,0.04671924404119303,False
random_bp,expectation_value,same_entangling_gate_count,bcw_6q_random_bp,hea,RX_RY_RZ_CNOT,none,circular,cnot,global,6,8,7,40,42,6,65,2,5,4,RZ,2,104,layer_005_wire_004_RZ,-0.22221623900036397,0.22221623900036397,False
random_bp,expectation_value,same_entangling_gate_count,bcw_6q_random_bp,hea,RX_RY_RZ_CNOT,none,circular,cnot,global,6,8,7,40,42,6,65,2,5,5,RX,0,105,layer_005_wire_005_RX,0.07016024035114267,0.07016024035114267,False
random_bp,expectation_value,same_entangling_gate_count,bcw_6q_random_bp,hea,RX_RY_RZ_CNOT,none,circular,cnot,global,6,8,7,40,42,6,65,2,5,5,RY,1,106,layer_005_wire_005_RY,-0.03091350053825169,0.03091350053825169,False
random_bp,expectation_value,same_entangling_gate_count,bcw_6q_random_bp,hea,RX_RY_RZ_CNOT,none,circular,cnot,global,6,8,7,40,42,6,65,2,5,5,RZ,2,107,layer_005_wire_005_RZ,-0.029411880587230196,0.029411880587230196,False
random_bp,expectation_value,same_entangling_gate_count,bcw_6q_random_bp,hea,RX_RY_RZ_CNOT,none,circular,cnot,global,6,8,7,40,42,6,65,2,6,0,RX,0,108,layer_006_wire_000_RX,0.005779684612987519,0.005779684612987519,False
random_bp,expectation_value,same_entangling_gate_count,bcw_6q_random_bp,hea,RX_RY_RZ_CNOT,none,circular,cnot,global,6,8,7,40,42,6,65,2,6,0,RY,1,109,layer_006_wire_000_RY,0.1135511998105406,0.1135511998105406,False
random_bp,expectation_value,same_entangling_gate_count,bcw_6q_random_bp,hea,RX_RY_RZ_CNOT,none,circular,cnot,global,6,8,7,40,42,6,65,2,6,0,RZ,2,110,layer_006_wire_000_RZ,-3.460674811262943e-17,3.460674811262943e-17,True
random_bp,expectation_value,same_entangling_gate_count,bcw_6q_random_bp,hea,RX_RY_RZ_CNOT,none,circular,cnot,global,6,8,7,40,42,6,65,2,6,1,RX,0,111,layer_006_wire_001_RX,6.245004513516506e-17,6.245004513516506e-17,True
random_bp,expectation_value,same_entangling_gate_count,bcw_6q_random_bp,hea,RX_RY_RZ_CNOT,none,circular,cnot,global,6,8,7,40,42,6,65,2,6,1,RY,1,112,layer_006_wire_001_RY,-1.214306433183765e-17,1.214306433183765e-17,True
random_bp,expectation_value,same_entangling_gate_count,bcw_6q_random_bp,hea,RX_RY_RZ_CNOT,none,circular,cnot,global,6,8,7,40,42,6,65,2,6,1,RZ,2,113,layer_006_wire_001_RZ,1.0490206372280379e-17,1.0490206372280379e-17,True
random_bp,expectation_value,same_entangling_gate_count,bcw_6q_random_bp,hea,RX_RY_RZ_CNOT,none,circular,cnot,global,6,8,7,40,42,6,65,2,6,2,RX,0,114,layer_006_wire_002_RX,0.037551187880781864,0.037551187880781864,False
random_bp,expectation_value,same_entangling_gate_count,bcw_6q_random_bp,hea,RX_RY_RZ_CNOT,none,circular,cnot,global,6,8,7,40,42,6,65,2,6,2,RY,1,115,layer_006_wire_002_RY,-0.10550243147450708,0.10550243147450708,False
random_bp,expectation_value,same_entangling_gate_count,bcw_6q_random_bp,hea,RX_RY_RZ_CNOT,none,circular,cnot,global,6,8,7,40,42,6,65,2,6,2,RZ,2,116,layer_006_wire_002_RZ,-2.6844643865656978e-17,2.6844643865656978e-17,True
random_bp,expectation_value,same_entangling_gate_count,bcw_6q_random_bp,hea,RX_RY_RZ_CNOT,none,circular,cnot,global,6,8,7,40,42,6,65,2,6,3,RX,0,117,layer_006_wire_003_RX,-2.0816681711721685e-17,2.0816681711721685e-17,True
random_bp,expectation_value,same_entangling_gate_count,bcw_6q_random_bp,hea,RX_RY_RZ_CNOT,none,circular,cnot,global,6,8,7,40,42,6,65,2,6,3,RY,1,118,layer_006_wire_003_RY,-3.9898639947466563e-17,3.9898639947466563e-17,True
random_bp,expectation_value,same_entangling_gate_count,bcw_6q_random_bp,hea,RX_RY_RZ_CNOT,none,circular,cnot,global,6,8,7,40,42,6,65,2,6,3,RZ,2,119,layer_006_wire_003_RZ,-4.381962050349371e-17,4.381962050349371e-17,True
random_bp,expectation_value,same_entangling_gate_count,bcw_6q_random_bp,hea,RX_RY_RZ_CNOT,none,circular,cnot,global,6,8,7,40,42,6,65,2,6,4,RX,0,120,layer_006_wire_004_RX,-0.0011257728474793546,0.0011257728474793546,False
random_bp,expectation_value,same_entangling_gate_count,bcw_6q_random_bp,hea,RX_RY_RZ_CNOT,none,circular,cnot,global,6,8,7,40,42,6,65,2,6,4,RY,1,121,layer_006_wire_004_RY,0.19091499644710005,0.19091499644710005,False
random_bp,expectation_value,same_entangling_gate_count,bcw_6q_random_bp,hea,RX_RY_RZ_CNOT,none,circular,cnot,global,6,8,7,40,42,6,65,2,6,4,RZ,2,122,layer_006_wire_004_RZ,3.792735906907427e-17,3.792735906907427e-17,True
random_bp,expectation_value,same_entangling_gate_count,bcw_6q_random_bp,hea,RX_RY_RZ_CNOT,none,circular,cnot,global,6,8,7,40,42,6,65,2,6,5,RX,0,123,layer_006_wire_005_RX,4.85722573273506e-17,4.85722573273506e-17,True
random_bp,expectation_value,same_entangling_gate_count,bcw_6q_random_bp,hea,RX_RY_RZ_CNOT,none,circular,cnot,global,6,8,7,40,42,6,65,2,6,5,RY,1,124,layer_006_wire_005_RY,-6.938893903907228e-18,6.938893903907228e-18,True
random_bp,expectation_value,same_entangling_gate_count,bcw_6q_random_bp,hea,RX_RY_RZ_CNOT,none,circular,cnot,global,6,8,7,40,42,6,65,2,6,5,RZ,2,125,layer_006_wire_005_RZ,-5.386486025900495e-18,5.386486025900495e-18,True
random_bp,expectation_value,same_entangling_gate_count,bcw_6q_random_bp,hea,RX_RY_RZ_CNOT,none,linear,cnot,hamiltonian_local,6,8,8,40,40,5,66,0,0,0,RX,0,0,layer_000_wire_000_RX,0.04334748684624044,0.04334748684624044,False
random_bp,expectation_value,same_entangling_gate_count,bcw_6q_random_bp,hea,RX_RY_RZ_CNOT,none,linear,cnot,hamiltonian_local,6,8,8,40,40,5,66,0,0,0,RY,1,1,layer_000_wire_000_RY,-0.010469774172051562,0.010469774172051562,False
random_bp,expectation_value,same_entangling_gate_count,bcw_6q_random_bp,hea,RX_RY_RZ_CNOT,none,linear,cnot,hamiltonian_local,6,8,8,40,40,5,66,0,0,0,RZ,2,2,layer_000_wire_000_RZ,0.041503189554652015,0.041503189554652015,False
random_bp,expectation_value,same_entangling_gate_count,bcw_6q_random_bp,hea,RX_RY_RZ_CNOT,none,linear,cnot,hamiltonian_local,6,8,8,40,40,5,66,0,0,1,RX,0,3,layer_000_wire_001_RX,-0.02812070616752561,0.02812070616752561,False
random_bp,expectation_value,same_entangling_gate_count,bcw_6q_random_bp,hea,RX_RY_RZ_CNOT,none,linear,cnot,hamiltonian_local,6,8,8,40,40,5,66,0,0,1,RY,1,4,layer_000_wire_001_RY,0.02828256729250568,0.02828256729250568,False
random_bp,expectation_value,same_entangling_gate_count,bcw_6q_random_bp,hea,RX_RY_RZ_CNOT,none,linear,cnot,hamiltonian_local,6,8,8,40,40,5,66,0,0,1,RZ,2,5,layer_000_wire_001_RZ,0.024786581470579418,0.024786581470579418,False
random_bp,expectation_value,same_entangling_gate_count,bcw_6q_random_bp,hea,RX_RY_RZ_CNOT,none,linear,cnot,hamiltonian_local,6,8,8,40,40,5,66,0,0,2,RX,0,6,layer_000_wire_002_RX,0.015294511435089038,0.015294511435089038,False
random_bp,expectation_value,same_entangling_gate_count,bcw_6q_random_bp,hea,RX_RY_RZ_CNOT,none,linear,cnot,hamiltonian_local,6,8,8,40,40,5,66,0,0,2,RY,1,7,layer_000_wire_002_RY,0.01548298182308296,0.01548298182308296,False
random_bp,expectation_value,same_entangling_gate_count,bcw_6q_random_bp,hea,RX_RY_RZ_CNOT,none,linear,cnot,hamiltonian_local,6,8,8,40,40,5,66,0,0,2,RZ,2,8,layer_000_wire_002_RZ,-0.0135918479490721,0.0135918479490721,False
random_bp,expectation_value,same_entangling_gate_count,bcw_6q_random_bp,hea,RX_RY_RZ_CNOT,none,linear,cnot,hamiltonian_local,6,8,8,40,40,5,66,0,0,3,RX,0,9,layer_000_wire_003_RX,0.027463679787127403,0.027463679787127403,False
random_bp,expectation_value,same_entangling_gate_count,bcw_6q_random_bp,hea,RX_RY_RZ_CNOT,none,linear,cnot,hamiltonian_local,6,8,8,40,40,5,66,0,0,3,RY,1,10,layer_000_wire_003_RY,0.006586810215210365,0.006586810215210365,False
random_bp,expectation_value,same_entangling_gate_count,bcw_6q_random_bp,hea,RX_RY_RZ_CNOT,none,linear,cnot,hamiltonian_local,6,8,8,40,40,5,66,0,0,3,RZ,2,11,layer_000_wire_003_RZ,-0.02400146166595158,0.02400146166595158,False
random_bp,expectation_value,same_entangling_gate_count,bcw_6q_random_bp,hea,RX_RY_RZ_CNOT,none,linear,cnot,hamiltonian_local,6,8,8,40,40,5,66,0,0,4,RX,0,12,layer_000_wire_004_RX,-0.022216602626923855,0.022216602626923855,False
random_bp,expectation_value,same_entangling_gate_count,bcw_6q_random_bp,hea,RX_RY_RZ_CNOT,none,linear,cnot,hamiltonian_local,6,8,8,40,40,5,66,0,0,4,RY,1,13,layer_000_wire_004_RY,0.016546442960909454,0.016546442960909454,False
random_bp,expectation_value,same_entangling_gate_count,bcw_6q_random_bp,hea,RX_RY_RZ_CNOT,none,linear,cnot,hamiltonian_local,6,8,8,40,40,5,66,0,0,4,RZ,2,14,layer_000_wire_004_RZ,0.015566564968264498,0.015566564968264498,False
random_bp,expectation_value,same_entangling_gate_count,bcw_6q_random_bp,hea,RX_RY_RZ_CNOT,none,linear,cnot,hamiltonian_local,6,8,8,40,40,5,66,0,0,5,RX,0,15,layer_000_wire_005_RX,0.011007335364710626,0.011007335364710626,False
random_bp,expectation_value,same_entangling_gate_count,bcw_6q_random_bp,hea,RX_RY_RZ_CNOT,none,linear,cnot,hamiltonian_local,6,8,8,40,40,5,66,0,0,5,RY,1,16,layer_000_wire_005_RY,-0.012062241287440382,0.012062241287440382,False
random_bp,expectation_value,same_entangling_gate_count,bcw_6q_random_bp,hea,RX_RY_RZ_CNOT,none,linear,cnot,hamiltonian_local,6,8,8,40,40,5,66,0,0,5,RZ,2,17,layer_000_wire_005_RZ,0.007270509199810179,0.007270509199810179,False
random_bp,expectation_value,same_entangling_gate_count,bcw_6q_random_bp,hea,RX_RY_RZ_CNOT,none,linear,cnot,hamiltonian_local,6,8,8,40,40,5,66,0,1,0,RX,0,18,layer_001_wire_000_RX,-0.017636418157422406,0.017636418157422406,False
random_bp,expectation_value,same_entangling_gate_count,bcw_6q_random_bp,hea,RX_RY_RZ_CNOT,none,linear,cnot,hamiltonian_local,6,8,8,40,40,5,66,0,1,0,RY,1,19,layer_001_wire_000_RY,0.03256733576247051,0.03256733576247051,False
random_bp,expectation_value,same_entangling_gate_count,bcw_6q_random_bp,hea,RX_RY_RZ_CNOT,none,linear,cnot,hamiltonian_local,6,8,8,40,40,5,66,0,1,0,RZ,2,20,layer_001_wire_000_RZ,0.022015544679421722,0.022015544679421722,False
random_bp,expectation_value,same_entangling_gate_count,bcw_6q_random_bp,hea,RX_RY_RZ_CNOT,none,linear,cnot,hamiltonian_local,6,8,8,40,40,5,66,0,1,1,RX,0,21,layer_001_wire_001_RX,-0.02675465500867199,0.02675465500867199,False
random_bp,expectation_value,same_entangling_gate_count,bcw_6q_random_bp,hea,RX_RY_RZ_CNOT,none,linear,cnot,hamiltonian_local,6,8,8,40,40,5,66,0,1,1,RY,1,22,layer_001_wire_001_RY,0.0449986572965592,0.0449986572965592,False
random_bp,expectation_value,same_entangling_gate_count,bcw_6q_random_bp,hea,RX_RY_RZ_CNOT,none,linear,cnot,hamiltonian_local,6,8,8,40,40,5,66,0,1,1,RZ,2,23,layer_001_wire_001_RZ,0.022069994383036164,0.022069994383036164,False
random_bp,expectation_value,same_entangling_gate_count,bcw_6q_random_bp,hea,RX_RY_RZ_CNOT,none,linear,cnot,hamiltonian_local,6,8,8,40,40,5,66,0,1,2,RX,0,24,layer_001_wire_002_RX,0.017238474684438496,0.017238474684438496,False
random_bp,expectation_value,same_entangling_gate_count,bcw_6q_random_bp,hea,RX_RY_RZ_CNOT,none,linear,cnot,hamiltonian_local,6,8,8,40,40,5,66,0,1,2,RY,1,25,layer_001_wire_002_RY,-0.036335319240797755,0.036335319240797755,False
random_bp,expectation_value,same_entangling_gate_count,bcw_6q_random_bp,hea,RX_RY_RZ_CNOT,none,linear,cnot,hamiltonian_local,6,8,8,40,40,5,66,0,1,2,RZ,2,26,layer_001_wire_002_RZ,0.050948934304796474,0.050948934304796474,False
random_bp,expectation_value,same_entangling_gate_count,bcw_6q_random_bp,hea,RX_RY_RZ_CNOT,none,linear,cnot,hamiltonian_local,6,8,8,40,40,5,66,0,1,3,RX,0,27,layer_001_wire_003_RX,-0.006515112508647161,0.006515112508647161,False
random_bp,expectation_value,same_entangling_gate_count,bcw_6q_random_bp,hea,RX_RY_RZ_CNOT,none,linear,cnot,hamiltonian_local,6,8,8,40,40,5,66,0,1,3,RY,1,28,layer_001_wire_003_RY,-0.04955324786217786,0.04955324786217786,False
random_bp,expectation_value,same_entangling_gate_count,bcw_6q_random_bp,hea,RX_RY_RZ_CNOT,none,linear,cnot,hamiltonian_local,6,8,8,40,40,5,66,0,1,3,RZ,2,29,layer_001_wire_003_RZ,-0.012191152531466853,0.012191152531466853,False
random_bp,expectation_value,same_entangling_gate_count,bcw_6q_random_bp,hea,RX_RY_RZ_CNOT,none,linear,cnot,hamiltonian_local,6,8,8,40,40,5,66,0,1,4,RX,0,30,layer_001_wire_004_RX,-0.008411786426646174,0.008411786426646174,False
random_bp,expectation_value,same_entangling_gate_count,bcw_6q_random_bp,hea,RX_RY_RZ_CNOT,none,linear,cnot,hamiltonian_local,6,8,8,40,40,5,66,0,1,4,RY,1,31,layer_001_wire_004_RY,0.01407503351274505,0.01407503351274505,False
random_bp,expectation_value,same_entangling_gate_count,bcw_6q_random_bp,hea,RX_RY_RZ_CNOT,none,linear,cnot,hamiltonian_local,6,8,8,40,40,5,66,0,1,4,RZ,2,32,layer_001_wire_004_RZ,0.030528042836301148,0.030528042836301148,False
random_bp,expectation_value,same_entangling_gate_count,bcw_6q_random_bp,hea,RX_RY_RZ_CNOT,none,linear,cnot,hamiltonian_local,6,8,8,40,40,5,66,0,1,5,RX,0,33,layer_001_wire_005_RX,-0.021343500738843946,0.021343500738843946,False
random_bp,expectation_value,same_entangling_gate_count,bcw_6q_random_bp,hea,RX_RY_RZ_CNOT,none,linear,cnot,hamiltonian_local,6,8,8,40,40,5,66,0,1,5,RY,1,34,layer_001_wire_005_RY,-0.038086276883704875,0.038086276883704875,False
random_bp,expectation_value,same_entangling_gate_count,bcw_6q_random_bp,hea,RX_RY_RZ_CNOT,none,linear,cnot,hamiltonian_local,6,8,8,40,40,5,66,0,1,5,RZ,2,35,layer_001_wire_005_RZ,-0.0278875251190097,0.0278875251190097,False
random_bp,expectation_value,same_entangling_gate_count,bcw_6q_random_bp,hea,RX_RY_RZ_CNOT,none,linear,cnot,hamiltonian_local,6,8,8,40,40,5,66,0,2,0,RX,0,36,layer_002_wire_000_RX,0.015816052849306813,0.015816052849306813,False
random_bp,expectation_value,same_entangling_gate_count,bcw_6q_random_bp,hea,RX_RY_RZ_CNOT,none,linear,cnot,hamiltonian_local,6,8,8,40,40,5,66,0,2,0,RY,1,37,layer_002_wire_000_RY,0.04105810264587167,0.04105810264587167,False
random_bp,expectation_value,same_entangling_gate_count,bcw_6q_random_bp,hea,RX_RY_RZ_CNOT,none,linear,cnot,hamiltonian_local,6,8,8,40,40,5,66,0,2,0,RZ,2,38,layer_002_wire_000_RZ,-0.024290456380141774,0.024290456380141774,False
random_bp,expectation_value,same_entangling_gate_count,bcw_6q_random_bp,hea,RX_RY_RZ_CNOT,none,linear,cnot,hamiltonian_local,6,8,8,40,40,5,66,0,2,1,RX,0,39,layer_002_wire_001_RX,0.03890992250155026,0.03890992250155026,False
random_bp,expectation_value,same_entangling_gate_count,bcw_6q_random_bp,hea,RX_RY_RZ_CNOT,none,linear,cnot,hamiltonian_local,6,8,8,40,40,5,66,0,2,1,RY,1,40,layer_002_wire_001_RY,0.004234052458156999,0.004234052458156999,False
random_bp,expectation_value,same_entangling_gate_count,bcw_6q_random_bp,hea,RX_RY_RZ_CNOT,none,linear,cnot,hamiltonian_local,6,8,8,40,40,5,66,0,2,1,RZ,2,41,layer_002_wire_001_RZ,-0.021520196743381678,0.021520196743381678,False
random_bp,expectation_value,same_entangling_gate_count,bcw_6q_random_bp,hea,RX_RY_RZ_CNOT,none,linear,cnot,hamiltonian_local,6,8,8,40,40,5,66,0,2,2,RX,0,42,layer_002_wire_002_RX,0.027777263664569996,0.027777263664569996,False
random_bp,expectation_value,same_entangling_gate_count,bcw_6q_random_bp,hea,RX_RY_RZ_CNOT,none,linear,cnot,hamiltonian_local,6,8,8,40,40,5,66,0,2,2,RY,1,43,layer_002_wire_002_RY,-0.016469844073517894,0.016469844073517894,False
random_bp,expectation_value,same_entangling_gate_count,bcw_6q_random_bp,hea,RX_RY_RZ_CNOT,none,linear,cnot,hamiltonian_local,6,8,8,40,40,5,66,0,2,2,RZ,2,44,layer_002_wire_002_RZ,0.02587526263447653,0.02587526263447653,False
random_bp,expectation_value,same_entangling_gate_count,bcw_6q_random_bp,hea,RX_RY_RZ_CNOT,none,linear,cnot,hamiltonian_local,6,8,8,40,40,5,66,0,2,3,RX,0,45,layer_002_wire_003_RX,-0.029110949271461864,0.029110949271461864,False
random_bp,expectation_value,same_entangling_gate_count,bcw_6q_random_bp,hea,RX_RY_RZ_CNOT,none,linear,cnot,hamiltonian_local,6,8,8,40,40,5,66,0,2,3,RY,1,46,layer_002_wire_003_RY,-0.04630068652052059,0.04630068652052059,False
random_bp,expectation_value,same_entangling_gate_count,bcw_6q_random_bp,hea,RX_RY_RZ_CNOT,none,linear,cnot,hamiltonian_local,6,8,8,40,40,5,66,0,2,3,RZ,2,47,layer_002_wire_003_RZ,-0.03203447264309375,0.03203447264309375,False
random_bp,expectation_value,same_entangling_gate_count,bcw_6q_random_bp,hea,RX_RY_RZ_CNOT,none,linear,cnot,hamiltonian_local,6,8,8,40,40,5,66,0,2,4,RX,0,48,layer_002_wire_004_RX,0.04232005193061301,0.04232005193061301,False
random_bp,expectation_value,same_entangling_gate_count,bcw_6q_random_bp,hea,RX_RY_RZ_CNOT,none,linear,cnot,hamiltonian_local,6,8,8,40,40,5,66,0,2,4,RY,1,49,layer_002_wire_004_RY,-0.005964837785629545,0.005964837785629545,False
random_bp,expectation_value,same_entangling_gate_count,bcw_6q_random_bp,hea,RX_RY_RZ_CNOT,none,linear,cnot,hamiltonian_local,6,8,8,40,40,5,66,0,2,4,RZ,2,50,layer_002_wire_004_RZ,-0.030020676525281342,0.030020676525281342,False
random_bp,expectation_value,same_entangling_gate_count,bcw_6q_random_bp,hea,RX_RY_RZ_CNOT,none,linear,cnot,hamiltonian_local,6,8,8,40,40,5,66,0,2,5,RX,0,51,layer_002_wire_005_RX,-0.045034498212310585,0.045034498212310585,False
random_bp,expectation_value,same_entangling_gate_count,bcw_6q_random_bp,hea,RX_RY_RZ_CNOT,none,linear,cnot,hamiltonian_local,6,8,8,40,40,5,66,0,2,5,RY,1,52,layer_002_wire_005_RY,-0.0010006537176064333,0.0010006537176064333,False
random_bp,expectation_value,same_entangling_gate_count,bcw_6q_random_bp,hea,RX_RY_RZ_CNOT,none,linear,cnot,hamiltonian_local,6,8,8,40,40,5,66,0,2,5,RZ,2,53,layer_002_wire_005_RZ,0.0399213001938849,0.0399213001938849,False
random_bp,expectation_value,same_entangling_gate_count,bcw_6q_random_bp,hea,RX_RY_RZ_CNOT,none,linear,cnot,hamiltonian_local,6,8,8,40,40,5,66,0,3,0,RX,0,54,layer_003_wire_000_RX,0.033323443772904617,0.033323443772904617,False
random_bp,expectation_value,same_entangling_gate_count,bcw_6q_random_bp,hea,RX_RY_RZ_CNOT,none,linear,cnot,hamiltonian_local,6,8,8,40,40,5,66,0,3,0,RY,1,55,layer_003_wire_000_RY,-0.024518277857646452,0.024518277857646452,False
random_bp,expectation_value,same_entangling_gate_count,bcw_6q_random_bp,hea,RX_RY_RZ_CNOT,none,linear,cnot,hamiltonian_local,6,8,8,40,40,5,66,0,3,0,RZ,2,56,layer_003_wire_000_RZ,0.030721510576241465,0.030721510576241465,False
random_bp,expectation_value,same_entangling_gate_count,bcw_6q_random_bp,hea,RX_RY_RZ_CNOT,none,linear,cnot,hamiltonian_local,6,8,8,40,40,5,66,0,3,1,RX,0,57,layer_003_wire_001_RX,-0.06501819832891317,0.06501819832891317,False
random_bp,expectation_value,same_entangling_gate_count,bcw_6q_random_bp,hea,RX_RY_RZ_CNOT,none,linear,cnot,hamiltonian_local,6,8,8,40,40,5,66,0,3,1,RY,1,58,layer_003_wire_001_RY,0.00790877659901423,0.00790877659901423,False
random_bp,expectation_value,same_entangling_gate_count,bcw_6q_random_bp,hea,RX_RY_RZ_CNOT,none,linear,cnot,hamiltonian_local,6,8,8,40,40,5,66,0,3,1,RZ,2,59,layer_003_wire_001_RZ,-0.06553797019828349,0.06553797019828349,False
random_bp,expectation_value,same_entangling_gate_count,bcw_6q_random_bp,hea,RX_RY_RZ_CNOT,none,linear,cnot,hamiltonian_local,6,8,8,40,40,5,66,0,3,2,RX,0,60,layer_003_wire_002_RX,0.0456738614761203,0.0456738614761203,False
random_bp,expectation_value,same_entangling_gate_count,bcw_6q_random_bp,hea,RX_RY_RZ_CNOT,none,linear,cnot,hamiltonian_local,6,8,8,40,40,5,66,0,3,2,RY,1,61,layer_003_wire_002_RY,0.041871722109338136,0.041871722109338136,False
random_bp,expectation_value,same_entangling_gate_count,bcw_6q_random_bp,hea,RX_RY_RZ_CNOT,none,linear,cnot,hamiltonian_local,6,8,8,40,40,5,66,0,3,2,RZ,2,62,layer_003_wire_002_RZ,0.057483817255083586,0.057483817255083586,False
random_bp,expectation_value,same_entangling_gate_count,bcw_6q_random_bp,hea,RX_RY_RZ_CNOT,none,linear,cnot,hamiltonian_local,6,8,8,40,40,5,66,0,3,3,RX,0,63,layer_003_wire_003_RX,0.008891409402207137,0.008891409402207137,False
random_bp,expectation_value,same_entangling_gate_count,bcw_6q_random_bp,hea,RX_RY_RZ_CNOT,none,linear,cnot,hamiltonian_local,6,8,8,40,40,5,66,0,3,3,RY,1,64,layer_003_wire_003_RY,-0.006718758186073849,0.006718758186073849,False
random_bp,expectation_value,same_entangling_gate_count,bcw_6q_random_bp,hea,RX_RY_RZ_CNOT,none,linear,cnot,hamiltonian_local,6,8,8,40,40,5,66,0,3,3,RZ,2,65,layer_003_wire_003_RZ,0.026216179895970488,0.026216179895970488,False
random_bp,expectation_value,same_entangling_gate_count,bcw_6q_random_bp,hea,RX_RY_RZ_CNOT,none,linear,cnot,hamiltonian_local,6,8,8,40,40,5,66,0,3,4,RX,0,66,layer_003_wire_004_RX,0.022762768027185208,0.022762768027185208,False
random_bp,expectation_value,same_entangling_gate_count,bcw_6q_random_bp,hea,RX_RY_RZ_CNOT,none,linear,cnot,hamiltonian_local,6,8,8,40,40,5,66,0,3,4,RY,1,67,layer_003_wire_004_RY,0.034746471966682894,0.034746471966682894,False
random_bp,expectation_value,same_entangling_gate_count,bcw_6q_random_bp,hea,RX_RY_RZ_CNOT,none,linear,cnot,hamiltonian_local,6,8,8,40,40,5,66,0,3,4,RZ,2,68,layer_003_wire_004_RZ,0.034840327266515383,0.034840327266515383,False
random_bp,expectation_value,same_entangling_gate_count,bcw_6q_random_bp,hea,RX_RY_RZ_CNOT,none,linear,cnot,hamiltonian_local,6,8,8,40,40,5,66,0,3,5,RX,0,69,layer_003_wire_005_RX,-0.022677721336918633,0.022677721336918633,False
random_bp,expectation_value,same_entangling_gate_count,bcw_6q_random_bp,hea,RX_RY_RZ_CNOT,none,linear,cnot,hamiltonian_local,6,8,8,40,40,5,66,0,3,5,RY,1,70,layer_003_wire_005_RY,0.08116649875278681,0.08116649875278681,False
random_bp,expectation_value,same_entangling_gate_count,bcw_6q_random_bp,hea,RX_RY_RZ_CNOT,none,linear,cnot,hamiltonian_local,6,8,8,40,40,5,66,0,3,5,RZ,2,71,layer_003_wire_005_RZ,-0.013976005096284605,0.013976005096284605,False
random_bp,expectation_value,same_entangling_gate_count,bcw_6q_random_bp,hea,RX_RY_RZ_CNOT,none,linear,cnot,hamiltonian_local,6,8,8,40,40,5,66,0,4,0,RX,0,72,layer_004_wire_000_RX,-0.004418565958867891,0.004418565958867891,False
random_bp,expectation_value,same_entangling_gate_count,bcw_6q_random_bp,hea,RX_RY_RZ_CNOT,none,linear,cnot,hamiltonian_local,6,8,8,40,40,5,66,0,4,0,RY,1,73,layer_004_wire_000_RY,0.05142718511820408,0.05142718511820408,False
random_bp,expectation_value,same_entangling_gate_count,bcw_6q_random_bp,hea,RX_RY_RZ_CNOT,none,linear,cnot,hamiltonian_local,6,8,8,40,40,5,66,0,4,0,RZ,2,74,layer_004_wire_000_RZ,-0.011029589040919528,0.011029589040919528,False
random_bp,expectation_value,same_entangling_gate_count,bcw_6q_random_bp,hea,RX_RY_RZ_CNOT,none,linear,cnot,hamiltonian_local,6,8,8,40,40,5,66,0,4,1,RX,0,75,layer_004_wire_001_RX,0.02195601165845862,0.02195601165845862,False
random_bp,expectation_value,same_entangling_gate_count,bcw_6q_random_bp,hea,RX_RY_RZ_CNOT,none,linear,cnot,hamiltonian_local,6,8,8,40,40,5,66,0,4,1,RY,1,76,layer_004_wire_001_RY,-0.0006802333624641565,0.0006802333624641565,False
random_bp,expectation_value,same_entangling_gate_count,bcw_6q_random_bp,hea,RX_RY_RZ_CNOT,none,linear,cnot,hamiltonian_local,6,8,8,40,40,5,66,0,4,1,RZ,2,77,layer_004_wire_001_RZ,-0.03185178045907128,0.03185178045907128,False
random_bp,expectation_value,same_entangling_gate_count,bcw_6q_random_bp,hea,RX_RY_RZ_CNOT,none,linear,cnot,hamiltonian_local,6,8,8,40,40,5,66,0,4,2,RX,0,78,layer_004_wire_002_RX,0.03584401997680928,0.03584401997680928,False
random_bp,expectation_value,same_entangling_gate_count,bcw_6q_random_bp,hea,RX_RY_RZ_CNOT,none,linear,cnot,hamiltonian_local,6,8,8,40,40,5,66,0,4,2,RY,1,79,layer_004_wire_002_RY,0.027666533649529042,0.027666533649529042,False
random_bp,expectation_value,same_entangling_gate_count,bcw_6q_random_bp,hea,RX_RY_RZ_CNOT,none,linear,cnot,hamiltonian_local,6,8,8,40,40,5,66,0,4,2,RZ,2,80,layer_004_wire_002_RZ,0.00782323266401019,0.00782323266401019,False
random_bp,expectation_value,same_entangling_gate_count,bcw_6q_random_bp,hea,RX_RY_RZ_CNOT,none,linear,cnot,hamiltonian_local,6,8,8,40,40,5,66,0,4,3,RX,0,81,layer_004_wire_003_RX,-0.017126386379900573,0.017126386379900573,False
random_bp,expectation_value,same_entangling_gate_count,bcw_6q_random_bp,hea,RX_RY_RZ_CNOT,none,linear,cnot,hamiltonian_local,6,8,8,40,40,5,66,0,4,3,RY,1,82,layer_004_wire_003_RY,-0.0064577593987861295,0.0064577593987861295,False
random_bp,expectation_value,same_entangling_gate_count,bcw_6q_random_bp,hea,RX_RY_RZ_CNOT,none,linear,cnot,hamiltonian_local,6,8,8,40,40,5,66,0,4,3,RZ,2,83,layer_004_wire_003_RZ,0.039975452249250254,0.039975452249250254,False
random_bp,expectation_value,same_entangling_gate_count,bcw_6q_random_bp,hea,RX_RY_RZ_CNOT,none,linear,cnot,hamiltonian_local,6,8,8,40,40,5,66,0,4,4,RX,0,84,layer_004_wire_004_RX,-0.015059516915967576,0.015059516915967576,False
random_bp,expectation_value,same_entangling_gate_count,bcw_6q_random_bp,hea,RX_RY_RZ_CNOT,none,linear,cnot,hamiltonian_local,6,8,8,40,40,5,66,0,4,4,RY,1,85,layer_004_wire_004_RY,-0.009151748064171732,0.009151748064171732,False
random_bp,expectation_value,same_entangling_gate_count,bcw_6q_random_bp,hea,RX_RY_RZ_CNOT,none,linear,cnot,hamiltonian_local,6,8,8,40,40,5,66,0,4,4,RZ,2,86,layer_004_wire_004_RZ,0.023653870529487427,0.023653870529487427,False
random_bp,expectation_value,same_entangling_gate_count,bcw_6q_random_bp,hea,RX_RY_RZ_CNOT,none,linear,cnot,hamiltonian_local,6,8,8,40,40,5,66,0,4,5,RX,0,87,layer_004_wire_005_RX,0.006877948760947845,0.006877948760947845,False
random_bp,expectation_value,same_entangling_gate_count,bcw_6q_random_bp,hea,RX_RY_RZ_CNOT,none,linear,cnot,hamiltonian_local,6,8,8,40,40,5,66,0,4,5,RY,1,88,layer_004_wire_005_RY,0.012301766617793893,0.012301766617793893,False
random_bp,expectation_value,same_entangling_gate_count,bcw_6q_random_bp,hea,RX_RY_RZ_CNOT,none,linear,cnot,hamiltonian_local,6,8,8,40,40,5,66,0,4,5,RZ,2,89,layer_004_wire_005_RZ,-0.003987212597862085,0.003987212597862085,False
random_bp,expectation_value,same_entangling_gate_count,bcw_6q_random_bp,hea,RX_RY_RZ_CNOT,none,linear,cnot,hamiltonian_local,6,8,8,40,40,5,66,0,5,0,RX,0,90,layer_005_wire_000_RX,-0.037092577182631474,0.037092577182631474,False
random_bp,expectation_value,same_entangling_gate_count,bcw_6q_random_bp,hea,RX_RY_RZ_CNOT,none,linear,cnot,hamiltonian_local,6,8,8,40,40,5,66,0,5,0,RY,1,91,layer_005_wire_000_RY,-0.059723017447742346,0.059723017447742346,False
random_bp,expectation_value,same_entangling_gate_count,bcw_6q_random_bp,hea,RX_RY_RZ_CNOT,none,linear,cnot,hamiltonian_local,6,8,8,40,40,5,66,0,5,0,RZ,2,92,layer_005_wire_000_RZ,-0.03331224266890737,0.03331224266890737,False
random_bp,expectation_value,same_entangling_gate_count,bcw_6q_random_bp,hea,RX_RY_RZ_CNOT,none,linear,cnot,hamiltonian_local,6,8,8,40,40,5,66,0,5,1,RX,0,93,layer_005_wire_001_RX,1.6055508371255744e-05,1.6055508371255744e-05,False
random_bp,expectation_value,same_entangling_gate_count,bcw_6q_random_bp,hea,RX_RY_RZ_CNOT,none,linear,cnot,hamiltonian_local,6,8,8,40,40,5,66,0,5,1,RY,1,94,layer_005_wire_001_RY,-0.050301764889416435,0.050301764889416435,False
random_bp,expectation_value,same_entangling_gate_count,bcw_6q_random_bp,hea,RX_RY_RZ_CNOT,none,linear,cnot,hamiltonian_local,6,8,8,40,40,5,66,0,5,1,RZ,2,95,layer_005_wire_001_RZ,0.009664900452844854,0.009664900452844854,False
random_bp,expectation_value,same_entangling_gate_count,bcw_6q_random_bp,hea,RX_RY_RZ_CNOT,none,linear,cnot,hamiltonian_local,6,8,8,40,40,5,66,0,5,2,RX,0,96,layer_005_wire_002_RX,0.008607790190597691,0.008607790190597691,False
random_bp,expectation_value,same_entangling_gate_count,bcw_6q_random_bp,hea,RX_RY_RZ_CNOT,none,linear,cnot,hamiltonian_local,6,8,8,40,40,5,66,0,5,2,RY,1,97,layer_005_wire_002_RY,-0.014578732392317793,0.014578732392317793,False
random_bp,expectation_value,same_entangling_gate_count,bcw_6q_random_bp,hea,RX_RY_RZ_CNOT,none,linear,cnot,hamiltonian_local,6,8,8,40,40,5,66,0,5,2,RZ,2,98,layer_005_wire_002_RZ,0.011995493205494149,0.011995493205494149,False
random_bp,expectation_value,same_entangling_gate_count,bcw_6q_random_bp,hea,RX_RY_RZ_CNOT,none,linear,cnot,hamiltonian_local,6,8,8,40,40,5,66,0,5,3,RX,0,99,layer_005_wire_003_RX,-0.016812534651102048,0.016812534651102048,False
random_bp,expectation_value,same_entangling_gate_count,bcw_6q_random_bp,hea,RX_RY_RZ_CNOT,none,linear,cnot,hamiltonian_local,6,8,8,40,40,5,66,0,5,3,RY,1,100,layer_005_wire_003_RY,-0.06970187838077131,0.06970187838077131,False
random_bp,expectation_value,same_entangling_gate_count,bcw_6q_random_bp,hea,RX_RY_RZ_CNOT,none,linear,cnot,hamiltonian_local,6,8,8,40,40,5,66,0,5,3,RZ,2,101,layer_005_wire_003_RZ,-0.0031084262548349228,0.0031084262548349228,False
random_bp,expectation_value,same_entangling_gate_count,bcw_6q_random_bp,hea,RX_RY_RZ_CNOT,none,linear,cnot,hamiltonian_local,6,8,8,40,40,5,66,0,5,4,RX,0,102,layer_005_wire_004_RX,0.0052765324782275864,0.0052765324782275864,False
random_bp,expectation_value,same_entangling_gate_count,bcw_6q_random_bp,hea,RX_RY_RZ_CNOT,none,linear,cnot,hamiltonian_local,6,8,8,40,40,5,66,0,5,4,RY,1,103,layer_005_wire_004_RY,-0.019260393622085856,0.019260393622085856,False
random_bp,expectation_value,same_entangling_gate_count,bcw_6q_random_bp,hea,RX_RY_RZ_CNOT,none,linear,cnot,hamiltonian_local,6,8,8,40,40,5,66,0,5,4,RZ,2,104,layer_005_wire_004_RZ,-0.009600092667452256,0.009600092667452256,False
random_bp,expectation_value,same_entangling_gate_count,bcw_6q_random_bp,hea,RX_RY_RZ_CNOT,none,linear,cnot,hamiltonian_local,6,8,8,40,40,5,66,0,5,5,RX,0,105,layer_005_wire_005_RX,-0.013861771062609742,0.013861771062609742,False
random_bp,expectation_value,same_entangling_gate_count,bcw_6q_random_bp,hea,RX_RY_RZ_CNOT,none,linear,cnot,hamiltonian_local,6,8,8,40,40,5,66,0,5,5,RY,1,106,layer_005_wire_005_RY,0.018472940431932473,0.018472940431932473,False
random_bp,expectation_value,same_entangling_gate_count,bcw_6q_random_bp,hea,RX_RY_RZ_CNOT,none,linear,cnot,hamiltonian_local,6,8,8,40,40,5,66,0,5,5,RZ,2,107,layer_005_wire_005_RZ,0.01912104298574569,0.01912104298574569,False
random_bp,expectation_value,same_entangling_gate_count,bcw_6q_random_bp,hea,RX_RY_RZ_CNOT,none,linear,cnot,hamiltonian_local,6,8,8,40,40,5,66,0,6,0,RX,0,108,layer_006_wire_000_RX,0.0030498716724712523,0.0030498716724712523,False
random_bp,expectation_value,same_entangling_gate_count,bcw_6q_random_bp,hea,RX_RY_RZ_CNOT,none,linear,cnot,hamiltonian_local,6,8,8,40,40,5,66,0,6,0,RY,1,109,layer_006_wire_000_RY,-0.029057831260721628,0.029057831260721628,False
random_bp,expectation_value,same_entangling_gate_count,bcw_6q_random_bp,hea,RX_RY_RZ_CNOT,none,linear,cnot,hamiltonian_local,6,8,8,40,40,5,66,0,6,0,RZ,2,110,layer_006_wire_000_RZ,-1.30884557549353e-17,1.30884557549353e-17,True
random_bp,expectation_value,same_entangling_gate_count,bcw_6q_random_bp,hea,RX_RY_RZ_CNOT,none,linear,cnot,hamiltonian_local,6,8,8,40,40,5,66,0,6,1,RX,0,111,layer_006_wire_001_RX,-0.0019489772793720205,0.0019489772793720205,False
random_bp,expectation_value,same_entangling_gate_count,bcw_6q_random_bp,hea,RX_RY_RZ_CNOT,none,linear,cnot,hamiltonian_local,6,8,8,40,40,5,66,0,6,1,RY,1,112,layer_006_wire_001_RY,0.022645006472945664,0.022645006472945664,False
random_bp,expectation_value,same_entangling_gate_count,bcw_6q_random_bp,hea,RX_RY_RZ_CNOT,none,linear,cnot,hamiltonian_local,6,8,8,40,40,5,66,0,6,1,RZ,2,113,layer_006_wire_001_RZ,0.007524364363181133,0.007524364363181133,False
random_bp,expectation_value,same_entangling_gate_count,bcw_6q_random_bp,hea,RX_RY_RZ_CNOT,none,linear,cnot,hamiltonian_local,6,8,8,40,40,5,66,0,6,2,RX,0,114,layer_006_wire_002_RX,-0.02744555357957027,0.02744555357957027,False
random_bp,expectation_value,same_entangling_gate_count,bcw_6q_random_bp,hea,RX_RY_RZ_CNOT,none,linear,cnot,hamiltonian_local,6,8,8,40,40,5,66,0,6,2,RY,1,115,layer_006_wire_002_RY,-0.012883384238537944,0.012883384238537944,False
random_bp,expectation_value,same_entangling_gate_count,bcw_6q_random_bp,hea,RX_RY_RZ_CNOT,none,linear,cnot,hamiltonian_local,6,8,8,40,40,5,66,0,6,2,RZ,2,116,layer_006_wire_002_RZ,-0.036869319856954685,0.036869319856954685,False
random_bp,expectation_value,same_entangling_gate_count,bcw_6q_random_bp,hea,RX_RY_RZ_CNOT,none,linear,cnot,hamiltonian_local,6,8,8,40,40,5,66,0,6,3,RX,0,117,layer_006_wire_003_RX,-0.02616153663835849,0.02616153663835849,False
random_bp,expectation_value,same_entangling_gate_count,bcw_6q_random_bp,hea,RX_RY_RZ_CNOT,none,linear,cnot,hamiltonian_local,6,8,8,40,40,5,66,0,6,3,RY,1,118,layer_006_wire_003_RY,-0.006518314182872385,0.006518314182872385,False
random_bp,expectation_value,same_entangling_gate_count,bcw_6q_random_bp,hea,RX_RY_RZ_CNOT,none,linear,cnot,hamiltonian_local,6,8,8,40,40,5,66,0,6,3,RZ,2,119,layer_006_wire_003_RZ,0.03208971699598193,0.03208971699598193,False
random_bp,expectation_value,same_entangling_gate_count,bcw_6q_random_bp,hea,RX_RY_RZ_CNOT,none,linear,cnot,hamiltonian_local,6,8,8,40,40,5,66,0,6,4,RX,0,120,layer_006_wire_004_RX,-0.001747009131478166,0.001747009131478166,False
random_bp,expectation_value,same_entangling_gate_count,bcw_6q_random_bp,hea,RX_RY_RZ_CNOT,none,linear,cnot,hamiltonian_local,6,8,8,40,40,5,66,0,6,4,RY,1,121,layer_006_wire_004_RY,0.008540182019488203,0.008540182019488203,False
random_bp,expectation_value,same_entangling_gate_count,bcw_6q_random_bp,hea,RX_RY_RZ_CNOT,none,linear,cnot,hamiltonian_local,6,8,8,40,40,5,66,0,6,4,RZ,2,122,layer_006_wire_004_RZ,0.04519985065648353,0.04519985065648353,False
random_bp,expectation_value,same_entangling_gate_count,bcw_6q_random_bp,hea,RX_RY_RZ_CNOT,none,linear,cnot,hamiltonian_local,6,8,8,40,40,5,66,0,6,5,RX,0,123,layer_006_wire_005_RX,0.01220732606714666,0.01220732606714666,False
random_bp,expectation_value,same_entangling_gate_count,bcw_6q_random_bp,hea,RX_RY_RZ_CNOT,none,linear,cnot,hamiltonian_local,6,8,8,40,40,5,66,0,6,5,RY,1,124,layer_006_wire_005_RY,0.0016386333338860963,0.0016386333338860963,False
random_bp,expectation_value,same_entangling_gate_count,bcw_6q_random_bp,hea,RX_RY_RZ_CNOT,none,linear,cnot,hamiltonian_local,6,8,8,40,40,5,66,0,6,5,RZ,2,125,layer_006_wire_005_RZ,0.008269181389931317,0.008269181389931317,False
random_bp,expectation_value,same_entangling_gate_count,bcw_6q_random_bp,hea,RX_RY_RZ_CNOT,none,linear,cnot,hamiltonian_local,6,8,8,40,40,5,66,0,7,0,RX,0,126,layer_007_wire_000_RX,-3.469446951953614e-18,3.469446951953614e-18,True
random_bp,expectation_value,same_entangling_gate_count,bcw_6q_random_bp,hea,RX_RY_RZ_CNOT,none,linear,cnot,hamiltonian_local,6,8,8,40,40,5,66,0,7,0,RY,1,127,layer_007_wire_000_RY,0.0,0.0,True
random_bp,expectation_value,same_entangling_gate_count,bcw_6q_random_bp,hea,RX_RY_RZ_CNOT,none,linear,cnot,hamiltonian_local,6,8,8,40,40,5,66,0,7,0,RZ,2,128,layer_007_wire_000_RZ,3.63393354686844e-18,3.63393354686844e-18,True
random_bp,expectation_value,same_entangling_gate_count,bcw_6q_random_bp,hea,RX_RY_RZ_CNOT,none,linear,cnot,hamiltonian_local,6,8,8,40,40,5,66,0,7,1,RX,0,129,layer_007_wire_001_RX,-0.0064150005797978735,0.0064150005797978735,False
random_bp,expectation_value,same_entangling_gate_count,bcw_6q_random_bp,hea,RX_RY_RZ_CNOT,none,linear,cnot,hamiltonian_local,6,8,8,40,40,5,66,0,7,1,RY,1,130,layer_007_wire_001_RY,-0.015483501513165961,0.015483501513165961,False
random_bp,expectation_value,same_entangling_gate_count,bcw_6q_random_bp,hea,RX_RY_RZ_CNOT,none,linear,cnot,hamiltonian_local,6,8,8,40,40,5,66,0,7,1,RZ,2,131,layer_007_wire_001_RZ,-2.869981664436891e-17,2.869981664436891e-17,True
random_bp,expectation_value,same_entangling_gate_count,bcw_6q_random_bp,hea,RX_RY_RZ_CNOT,none,linear,cnot,hamiltonian_local,6,8,8,40,40,5,66,0,7,2,RX,0,132,layer_007_wire_002_RX,0.017821906050103944,0.017821906050103944,False
random_bp,expectation_value,same_entangling_gate_count,bcw_6q_random_bp,hea,RX_RY_RZ_CNOT,none,linear,cnot,hamiltonian_local,6,8,8,40,40,5,66,0,7,2,RY,1,133,layer_007_wire_002_RY,0.01768219705213432,0.01768219705213432,False
random_bp,expectation_value,same_entangling_gate_count,bcw_6q_random_bp,hea,RX_RY_RZ_CNOT,none,linear,cnot,hamiltonian_local,6,8,8,40,40,5,66,0,7,2,RZ,2,134,layer_007_wire_002_RZ,-1.554645295016517e-17,1.554645295016517e-17,True
random_bp,expectation_value,same_entangling_gate_count,bcw_6q_random_bp,hea,RX_RY_RZ_CNOT,none,linear,cnot,hamiltonian_local,6,8,8,40,40,5,66,0,7,3,RX,0,135,layer_007_wire_003_RX,-0.0046580406006712025,0.0046580406006712025,False
random_bp,expectation_value,same_entangling_gate_count,bcw_6q_random_bp,hea,RX_RY_RZ_CNOT,none,linear,cnot,hamiltonian_local,6,8,8,40,40,5,66,0,7,3,RY,1,136,layer_007_wire_003_RY,0.02417443665288936,0.02417443665288936,False
random_bp,expectation_value,same_entangling_gate_count,bcw_6q_random_bp,hea,RX_RY_RZ_CNOT,none,linear,cnot,hamiltonian_local,6,8,8,40,40,5,66,0,7,3,RZ,2,137,layer_007_wire_003_RZ,-1.1208995614894094e-17,1.1208995614894094e-17,True
random_bp,expectation_value,same_entangling_gate_count,bcw_6q_random_bp,hea,RX_RY_RZ_CNOT,none,linear,cnot,hamiltonian_local,6,8,8,40,40,5,66,0,7,4,RX,0,138,layer_007_wire_004_RX,-0.02927471228883268,0.02927471228883268,False
random_bp,expectation_value,same_entangling_gate_count,bcw_6q_random_bp,hea,RX_RY_RZ_CNOT,none,linear,cnot,hamiltonian_local,6,8,8,40,40,5,66,0,7,4,RY,1,139,layer_007_wire_004_RY,-0.02641211485132393,0.02641211485132393,False
random_bp,expectation_value,same_entangling_gate_count,bcw_6q_random_bp,hea,RX_RY_RZ_CNOT,none,linear,cnot,hamiltonian_local,6,8,8,40,40,5,66,0,7,4,RZ,2,140,layer_007_wire_004_RZ,-4.4902468284470356e-18,4.4902468284470356e-18,True
random_bp,expectation_value,same_entangling_gate_count,bcw_6q_random_bp,hea,RX_RY_RZ_CNOT,none,linear,cnot,hamiltonian_local,6,8,8,40,40,5,66,0,7,5,RX,0,141,layer_007_wire_005_RX,-0.0020739860761162313,0.0020739860761162313,False
random_bp,expectation_value,same_entangling_gate_count,bcw_6q_random_bp,hea,RX_RY_RZ_CNOT,none,linear,cnot,hamiltonian_local,6,8,8,40,40,5,66,0,7,5,RY,1,142,layer_007_wire_005_RY,-0.022216091280271542,0.022216091280271542,False
random_bp,expectation_value,same_entangling_gate_count,bcw_6q_random_bp,hea,RX_RY_RZ_CNOT,none,linear,cnot,hamiltonian_local,6,8,8,40,40,5,66,0,7,5,RZ,2,143,layer_007_wire_005_RZ,-3.73807299917072e-18,3.73807299917072e-18,True
random_bp,expectation_value,same_entangling_gate_count,bcw_6q_random_bp,hea,RX_RY_RZ_CNOT,none,linear,cnot,hamiltonian_local,6,8,8,40,40,5,67,1,0,0,RX,0,0,layer_000_wire_000_RX,0.03883148714289065,0.03883148714289065,False
random_bp,expectation_value,same_entangling_gate_count,bcw_6q_random_bp,hea,RX_RY_RZ_CNOT,none,linear,cnot,hamiltonian_local,6,8,8,40,40,5,67,1,0,0,RY,1,1,layer_000_wire_000_RY,-0.010076768113828313,0.010076768113828313,False
random_bp,expectation_value,same_entangling_gate_count,bcw_6q_random_bp,hea,RX_RY_RZ_CNOT,none,linear,cnot,hamiltonian_local,6,8,8,40,40,5,67,1,0,0,RZ,2,2,layer_000_wire_000_RZ,-0.011178112989612854,0.011178112989612854,False
random_bp,expectation_value,same_entangling_gate_count,bcw_6q_random_bp,hea,RX_RY_RZ_CNOT,none,linear,cnot,hamiltonian_local,6,8,8,40,40,5,67,1,0,1,RX,0,3,layer_000_wire_001_RX,0.03627645254626556,0.03627645254626556,False
random_bp,expectation_value,same_entangling_gate_count,bcw_6q_random_bp,hea,RX_RY_RZ_CNOT,none,linear,cnot,hamiltonian_local,6,8,8,40,40,5,67,1,0,1,RY,1,4,layer_000_wire_001_RY,-0.054554879752061414,0.054554879752061414,False
random_bp,expectation_value,same_entangling_gate_count,bcw_6q_random_bp,hea,RX_RY_RZ_CNOT,none,linear,cnot,hamiltonian_local,6,8,8,40,40,5,67,1,0,1,RZ,2,5,layer_000_wire_001_RZ,0.0404820839842659,0.0404820839842659,False
random_bp,expectation_value,same_entangling_gate_count,bcw_6q_random_bp,hea,RX_RY_RZ_CNOT,none,linear,cnot,hamiltonian_local,6,8,8,40,40,5,67,1,0,2,RX,0,6,layer_000_wire_002_RX,-0.01830721311896332,0.01830721311896332,False
random_bp,expectation_value,same_entangling_gate_count,bcw_6q_random_bp,hea,RX_RY_RZ_CNOT,none,linear,cnot,hamiltonian_local,6,8,8,40,40,5,67,1,0,2,RY,1,7,layer_000_wire_002_RY,-0.009048334181250783,0.009048334181250783,False
random_bp,expectation_value,same_entangling_gate_count,bcw_6q_random_bp,hea,RX_RY_RZ_CNOT,none,linear,cnot,hamiltonian_local,6,8,8,40,40,5,67,1,0,2,RZ,2,8,layer_000_wire_002_RZ,0.004451420797085514,0.004451420797085514,False
random_bp,expectation_value,same_entangling_gate_count,bcw_6q_random_bp,hea,RX_RY_RZ_CNOT,none,linear,cnot,hamiltonian_local,6,8,8,40,40,5,67,1,0,3,RX,0,9,layer_000_wire_003_RX,-0.007876025842643996,0.007876025842643996,False
random_bp,expectation_value,same_entangling_gate_count,bcw_6q_random_bp,hea,RX_RY_RZ_CNOT,none,linear,cnot,hamiltonian_local,6,8,8,40,40,5,67,1,0,3,RY,1,10,layer_000_wire_003_RY,-0.03017308709220151,0.03017308709220151,False
random_bp,expectation_value,same_entangling_gate_count,bcw_6q_random_bp,hea,RX_RY_RZ_CNOT,none,linear,cnot,hamiltonian_local,6,8,8,40,40,5,67,1,0,3,RZ,2,11,layer_000_wire_003_RZ,0.007990592779210038,0.007990592779210038,False
random_bp,expectation_value,same_entangling_gate_count,bcw_6q_random_bp,hea,RX_RY_RZ_CNOT,none,linear,cnot,hamiltonian_local,6,8,8,40,40,5,67,1,0,4,RX,0,12,layer_000_wire_004_RX,0.05592845059567043,0.05592845059567043,False
random_bp,expectation_value,same_entangling_gate_count,bcw_6q_random_bp,hea,RX_RY_RZ_CNOT,none,linear,cnot,hamiltonian_local,6,8,8,40,40,5,67,1,0,4,RY,1,13,layer_000_wire_004_RY,-0.015711530125177273,0.015711530125177273,False
random_bp,expectation_value,same_entangling_gate_count,bcw_6q_random_bp,hea,RX_RY_RZ_CNOT,none,linear,cnot,hamiltonian_local,6,8,8,40,40,5,67,1,0,4,RZ,2,14,layer_000_wire_004_RZ,-0.061167119668536274,0.061167119668536274,False
random_bp,expectation_value,same_entangling_gate_count,bcw_6q_random_bp,hea,RX_RY_RZ_CNOT,none,linear,cnot,hamiltonian_local,6,8,8,40,40,5,67,1,0,5,RX,0,15,layer_000_wire_005_RX,0.019754471043383886,0.019754471043383886,False
random_bp,expectation_value,same_entangling_gate_count,bcw_6q_random_bp,hea,RX_RY_RZ_CNOT,none,linear,cnot,hamiltonian_local,6,8,8,40,40,5,67,1,0,5,RY,1,16,layer_000_wire_005_RY,-0.01836291384086075,0.01836291384086075,False
random_bp,expectation_value,same_entangling_gate_count,bcw_6q_random_bp,hea,RX_RY_RZ_CNOT,none,linear,cnot,hamiltonian_local,6,8,8,40,40,5,67,1,0,5,RZ,2,17,layer_000_wire_005_RZ,0.011061561961763536,0.011061561961763536,False
random_bp,expectation_value,same_entangling_gate_count,bcw_6q_random_bp,hea,RX_RY_RZ_CNOT,none,linear,cnot,hamiltonian_local,6,8,8,40,40,5,67,1,1,0,RX,0,18,layer_001_wire_000_RX,0.02939356166341115,0.02939356166341115,False
random_bp,expectation_value,same_entangling_gate_count,bcw_6q_random_bp,hea,RX_RY_RZ_CNOT,none,linear,cnot,hamiltonian_local,6,8,8,40,40,5,67,1,1,0,RY,1,19,layer_001_wire_000_RY,-0.01689347008647462,0.01689347008647462,False
random_bp,expectation_value,same_entangling_gate_count,bcw_6q_random_bp,hea,RX_RY_RZ_CNOT,none,linear,cnot,hamiltonian_local,6,8,8,40,40,5,67,1,1,0,RZ,2,20,layer_001_wire_000_RZ,0.02796570448011916,0.02796570448011916,False
random_bp,expectation_value,same_entangling_gate_count,bcw_6q_random_bp,hea,RX_RY_RZ_CNOT,none,linear,cnot,hamiltonian_local,6,8,8,40,40,5,67,1,1,1,RX,0,21,layer_001_wire_001_RX,-0.008920363350391591,0.008920363350391591,False
random_bp,expectation_value,same_entangling_gate_count,bcw_6q_random_bp,hea,RX_RY_RZ_CNOT,none,linear,cnot,hamiltonian_local,6,8,8,40,40,5,67,1,1,1,RY,1,22,layer_001_wire_001_RY,-0.04338769593231554,0.04338769593231554,False
random_bp,expectation_value,same_entangling_gate_count,bcw_6q_random_bp,hea,RX_RY_RZ_CNOT,none,linear,cnot,hamiltonian_local,6,8,8,40,40,5,67,1,1,1,RZ,2,23,layer_001_wire_001_RZ,0.013424265320131013,0.013424265320131013,False
random_bp,expectation_value,same_entangling_gate_count,bcw_6q_random_bp,hea,RX_RY_RZ_CNOT,none,linear,cnot,hamiltonian_local,6,8,8,40,40,5,67,1,1,2,RX,0,24,layer_001_wire_002_RX,0.0223698240447571,0.0223698240447571,False
random_bp,expectation_value,same_entangling_gate_count,bcw_6q_random_bp,hea,RX_RY_RZ_CNOT,none,linear,cnot,hamiltonian_local,6,8,8,40,40,5,67,1,1,2,RY,1,25,layer_001_wire_002_RY,-0.0009849404788926375,0.0009849404788926375,False
random_bp,expectation_value,same_entangling_gate_count,bcw_6q_random_bp,hea,RX_RY_RZ_CNOT,none,linear,cnot,hamiltonian_local,6,8,8,40,40,5,67,1,1,2,RZ,2,26,layer_001_wire_002_RZ,-0.03218723670501793,0.03218723670501793,False
random_bp,expectation_value,same_entangling_gate_count,bcw_6q_random_bp,hea,RX_RY_RZ_CNOT,none,linear,cnot,hamiltonian_local,6,8,8,40,40,5,67,1,1,3,RX,0,27,layer_001_wire_003_RX,0.01184359443869347,0.01184359443869347,False
random_bp,expectation_value,same_entangling_gate_count,bcw_6q_random_bp,hea,RX_RY_RZ_CNOT,none,linear,cnot,hamiltonian_local,6,8,8,40,40,5,67,1,1,3,RY,1,28,layer_001_wire_003_RY,0.02095426015644925,0.02095426015644925,False
random_bp,expectation_value,same_entangling_gate_count,bcw_6q_random_bp,hea,RX_RY_RZ_CNOT,none,linear,cnot,hamiltonian_local,6,8,8,40,40,5,67,1,1,3,RZ,2,29,layer_001_wire_003_RZ,-1.1461436999256383e-05,1.1461436999256383e-05,False
random_bp,expectation_value,same_entangling_gate_count,bcw_6q_random_bp,hea,RX_RY_RZ_CNOT,none,linear,cnot,hamiltonian_local,6,8,8,40,40,5,67,1,1,4,RX,0,30,layer_001_wire_004_RX,-0.007411510785364267,0.007411510785364267,False
random_bp,expectation_value,same_entangling_gate_count,bcw_6q_random_bp,hea,RX_RY_RZ_CNOT,none,linear,cnot,hamiltonian_local,6,8,8,40,40,5,67,1,1,4,RY,1,31,layer_001_wire_004_RY,0.002555730645389956,0.002555730645389956,False
random_bp,expectation_value,same_entangling_gate_count,bcw_6q_random_bp,hea,RX_RY_RZ_CNOT,none,linear,cnot,hamiltonian_local,6,8,8,40,40,5,67,1,1,4,RZ,2,32,layer_001_wire_004_RZ,-0.020810913207112543,0.020810913207112543,False
random_bp,expectation_value,same_entangling_gate_count,bcw_6q_random_bp,hea,RX_RY_RZ_CNOT,none,linear,cnot,hamiltonian_local,6,8,8,40,40,5,67,1,1,5,RX,0,33,layer_001_wire_005_RX,-0.024671642756922144,0.024671642756922144,False
random_bp,expectation_value,same_entangling_gate_count,bcw_6q_random_bp,hea,RX_RY_RZ_CNOT,none,linear,cnot,hamiltonian_local,6,8,8,40,40,5,67,1,1,5,RY,1,34,layer_001_wire_005_RY,-0.027542394187146525,0.027542394187146525,False
random_bp,expectation_value,same_entangling_gate_count,bcw_6q_random_bp,hea,RX_RY_RZ_CNOT,none,linear,cnot,hamiltonian_local,6,8,8,40,40,5,67,1,1,5,RZ,2,35,layer_001_wire_005_RZ,0.012409883099766041,0.012409883099766041,False
random_bp,expectation_value,same_entangling_gate_count,bcw_6q_random_bp,hea,RX_RY_RZ_CNOT,none,linear,cnot,hamiltonian_local,6,8,8,40,40,5,67,1,2,0,RX,0,36,layer_002_wire_000_RX,0.011908056951692617,0.011908056951692617,False
random_bp,expectation_value,same_entangling_gate_count,bcw_6q_random_bp,hea,RX_RY_RZ_CNOT,none,linear,cnot,hamiltonian_local,6,8,8,40,40,5,67,1,2,0,RY,1,37,layer_002_wire_000_RY,-0.00565669024665867,0.00565669024665867,False
random_bp,expectation_value,same_entangling_gate_count,bcw_6q_random_bp,hea,RX_RY_RZ_CNOT,none,linear,cnot,hamiltonian_local,6,8,8,40,40,5,67,1,2,0,RZ,2,38,layer_002_wire_000_RZ,-0.03193110211661977,0.03193110211661977,False
random_bp,expectation_value,same_entangling_gate_count,bcw_6q_random_bp,hea,RX_RY_RZ_CNOT,none,linear,cnot,hamiltonian_local,6,8,8,40,40,5,67,1,2,1,RX,0,39,layer_002_wire_001_RX,0.05390672221026141,0.05390672221026141,False
random_bp,expectation_value,same_entangling_gate_count,bcw_6q_random_bp,hea,RX_RY_RZ_CNOT,none,linear,cnot,hamiltonian_local,6,8,8,40,40,5,67,1,2,1,RY,1,40,layer_002_wire_001_RY,-0.005582443632556826,0.005582443632556826,False
random_bp,expectation_value,same_entangling_gate_count,bcw_6q_random_bp,hea,RX_RY_RZ_CNOT,none,linear,cnot,hamiltonian_local,6,8,8,40,40,5,67,1,2,1,RZ,2,41,layer_002_wire_001_RZ,-0.022374307063914745,0.022374307063914745,False
random_bp,expectation_value,same_entangling_gate_count,bcw_6q_random_bp,hea,RX_RY_RZ_CNOT,none,linear,cnot,hamiltonian_local,6,8,8,40,40,5,67,1,2,2,RX,0,42,layer_002_wire_002_RX,0.033928549656459715,0.033928549656459715,False
random_bp,expectation_value,same_entangling_gate_count,bcw_6q_random_bp,hea,RX_RY_RZ_CNOT,none,linear,cnot,hamiltonian_local,6,8,8,40,40,5,67,1,2,2,RY,1,43,layer_002_wire_002_RY,-0.00803534725465152,0.00803534725465152,False
random_bp,expectation_value,same_entangling_gate_count,bcw_6q_random_bp,hea,RX_RY_RZ_CNOT,none,linear,cnot,hamiltonian_local,6,8,8,40,40,5,67,1,2,2,RZ,2,44,layer_002_wire_002_RZ,0.03382211019582435,0.03382211019582435,False
random_bp,expectation_value,same_entangling_gate_count,bcw_6q_random_bp,hea,RX_RY_RZ_CNOT,none,linear,cnot,hamiltonian_local,6,8,8,40,40,5,67,1,2,3,RX,0,45,layer_002_wire_003_RX,0.04364638686592084,0.04364638686592084,False
random_bp,expectation_value,same_entangling_gate_count,bcw_6q_random_bp,hea,RX_RY_RZ_CNOT,none,linear,cnot,hamiltonian_local,6,8,8,40,40,5,67,1,2,3,RY,1,46,layer_002_wire_003_RY,0.040675611976680535,0.040675611976680535,False
random_bp,expectation_value,same_entangling_gate_count,bcw_6q_random_bp,hea,RX_RY_RZ_CNOT,none,linear,cnot,hamiltonian_local,6,8,8,40,40,5,67,1,2,3,RZ,2,47,layer_002_wire_003_RZ,-0.0028334457196951377,0.0028334457196951377,False
random_bp,expectation_value,same_entangling_gate_count,bcw_6q_random_bp,hea,RX_RY_RZ_CNOT,none,linear,cnot,hamiltonian_local,6,8,8,40,40,5,67,1,2,4,RX,0,48,layer_002_wire_004_RX,0.018311742006296594,0.018311742006296594,False
random_bp,expectation_value,same_entangling_gate_count,bcw_6q_random_bp,hea,RX_RY_RZ_CNOT,none,linear,cnot,hamiltonian_local,6,8,8,40,40,5,67,1,2,4,RY,1,49,layer_002_wire_004_RY,0.011256781803917391,0.011256781803917391,False
random_bp,expectation_value,same_entangling_gate_count,bcw_6q_random_bp,hea,RX_RY_RZ_CNOT,none,linear,cnot,hamiltonian_local,6,8,8,40,40,5,67,1,2,4,RZ,2,50,layer_002_wire_004_RZ,-0.020492334410767914,0.020492334410767914,False
random_bp,expectation_value,same_entangling_gate_count,bcw_6q_random_bp,hea,RX_RY_RZ_CNOT,none,linear,cnot,hamiltonian_local,6,8,8,40,40,5,67,1,2,5,RX,0,51,layer_002_wire_005_RX,0.03265648025447421,0.03265648025447421,False
random_bp,expectation_value,same_entangling_gate_count,bcw_6q_random_bp,hea,RX_RY_RZ_CNOT,none,linear,cnot,hamiltonian_local,6,8,8,40,40,5,67,1,2,5,RY,1,52,layer_002_wire_005_RY,0.010144177228117814,0.010144177228117814,False
random_bp,expectation_value,same_entangling_gate_count,bcw_6q_random_bp,hea,RX_RY_RZ_CNOT,none,linear,cnot,hamiltonian_local,6,8,8,40,40,5,67,1,2,5,RZ,2,53,layer_002_wire_005_RZ,0.03791039222894381,0.03791039222894381,False
random_bp,expectation_value,same_entangling_gate_count,bcw_6q_random_bp,hea,RX_RY_RZ_CNOT,none,linear,cnot,hamiltonian_local,6,8,8,40,40,5,67,1,3,0,RX,0,54,layer_003_wire_000_RX,-0.00873788873420487,0.00873788873420487,False
random_bp,expectation_value,same_entangling_gate_count,bcw_6q_random_bp,hea,RX_RY_RZ_CNOT,none,linear,cnot,hamiltonian_local,6,8,8,40,40,5,67,1,3,0,RY,1,55,layer_003_wire_000_RY,-0.039196113337581814,0.039196113337581814,False
random_bp,expectation_value,same_entangling_gate_count,bcw_6q_random_bp,hea,RX_RY_RZ_CNOT,none,linear,cnot,hamiltonian_local,6,8,8,40,40,5,67,1,3,0,RZ,2,56,layer_003_wire_000_RZ,0.0069166628451393115,0.0069166628451393115,False
random_bp,expectation_value,same_entangling_gate_count,bcw_6q_random_bp,hea,RX_RY_RZ_CNOT,none,linear,cnot,hamiltonian_local,6,8,8,40,40,5,67,1,3,1,RX,0,57,layer_003_wire_001_RX,0.041692659559247794,0.041692659559247794,False
random_bp,expectation_value,same_entangling_gate_count,bcw_6q_random_bp,hea,RX_RY_RZ_CNOT,none,linear,cnot,hamiltonian_local,6,8,8,40,40,5,67,1,3,1,RY,1,58,layer_003_wire_001_RY,-0.012698682516709386,0.012698682516709386,False
random_bp,expectation_value,same_entangling_gate_count,bcw_6q_random_bp,hea,RX_RY_RZ_CNOT,none,linear,cnot,hamiltonian_local,6,8,8,40,40,5,67,1,3,1,RZ,2,59,layer_003_wire_001_RZ,-0.048396195205999554,0.048396195205999554,False
random_bp,expectation_value,same_entangling_gate_count,bcw_6q_random_bp,hea,RX_RY_RZ_CNOT,none,linear,cnot,hamiltonian_local,6,8,8,40,40,5,67,1,3,2,RX,0,60,layer_003_wire_002_RX,-0.030868389238086193,0.030868389238086193,False
random_bp,expectation_value,same_entangling_gate_count,bcw_6q_random_bp,hea,RX_RY_RZ_CNOT,none,linear,cnot,hamiltonian_local,6,8,8,40,40,5,67,1,3,2,RY,1,61,layer_003_wire_002_RY,-0.04381757350947296,0.04381757350947296,False
random_bp,expectation_value,same_entangling_gate_count,bcw_6q_random_bp,hea,RX_RY_RZ_CNOT,none,linear,cnot,hamiltonian_local,6,8,8,40,40,5,67,1,3,2,RZ,2,62,layer_003_wire_002_RZ,0.009222037554909197,0.009222037554909197,False
random_bp,expectation_value,same_entangling_gate_count,bcw_6q_random_bp,hea,RX_RY_RZ_CNOT,none,linear,cnot,hamiltonian_local,6,8,8,40,40,5,67,1,3,3,RX,0,63,layer_003_wire_003_RX,0.01683105545655493,0.01683105545655493,False
random_bp,expectation_value,same_entangling_gate_count,bcw_6q_random_bp,hea,RX_RY_RZ_CNOT,none,linear,cnot,hamiltonian_local,6,8,8,40,40,5,67,1,3,3,RY,1,64,layer_003_wire_003_RY,0.0069278682630316,0.0069278682630316,False
random_bp,expectation_value,same_entangling_gate_count,bcw_6q_random_bp,hea,RX_RY_RZ_CNOT,none,linear,cnot,hamiltonian_local,6,8,8,40,40,5,67,1,3,3,RZ,2,65,layer_003_wire_003_RZ,0.001599133037432183,0.001599133037432183,False
random_bp,expectation_value,same_entangling_gate_count,bcw_6q_random_bp,hea,RX_RY_RZ_CNOT,none,linear,cnot,hamiltonian_local,6,8,8,40,40,5,67,1,3,4,RX,0,66,layer_003_wire_004_RX,0.007522165787146123,0.007522165787146123,False
random_bp,expectation_value,same_entangling_gate_count,bcw_6q_random_bp,hea,RX_RY_RZ_CNOT,none,linear,cnot,hamiltonian_local,6,8,8,40,40,5,67,1,3,4,RY,1,67,layer_003_wire_004_RY,-0.03647355746493977,0.03647355746493977,False
random_bp,expectation_value,same_entangling_gate_count,bcw_6q_random_bp,hea,RX_RY_RZ_CNOT,none,linear,cnot,hamiltonian_local,6,8,8,40,40,5,67,1,3,4,RZ,2,68,layer_003_wire_004_RZ,0.016750814528674995,0.016750814528674995,False
random_bp,expectation_value,same_entangling_gate_count,bcw_6q_random_bp,hea,RX_RY_RZ_CNOT,none,linear,cnot,hamiltonian_local,6,8,8,40,40,5,67,1,3,5,RX,0,69,layer_003_wire_005_RX,-0.012060892724880552,0.012060892724880552,False
random_bp,expectation_value,same_entangling_gate_count,bcw_6q_random_bp,hea,RX_RY_RZ_CNOT,none,linear,cnot,hamiltonian_local,6,8,8,40,40,5,67,1,3,5,RY,1,70,layer_003_wire_005_RY,0.03655177344004634,0.03655177344004634,False
random_bp,expectation_value,same_entangling_gate_count,bcw_6q_random_bp,hea,RX_RY_RZ_CNOT,none,linear,cnot,hamiltonian_local,6,8,8,40,40,5,67,1,3,5,RZ,2,71,layer_003_wire_005_RZ,-0.010622007014974986,0.010622007014974986,False
random_bp,expectation_value,same_entangling_gate_count,bcw_6q_random_bp,hea,RX_RY_RZ_CNOT,none,linear,cnot,hamiltonian_local,6,8,8,40,40,5,67,1,4,0,RX,0,72,layer_004_wire_000_RX,-0.02162130216770849,0.02162130216770849,False
random_bp,expectation_value,same_entangling_gate_count,bcw_6q_random_bp,hea,RX_RY_RZ_CNOT,none,linear,cnot,hamiltonian_local,6,8,8,40,40,5,67,1,4,0,RY,1,73,layer_004_wire_000_RY,-0.013037646216463406,0.013037646216463406,False
random_bp,expectation_value,same_entangling_gate_count,bcw_6q_random_bp,hea,RX_RY_RZ_CNOT,none,linear,cnot,hamiltonian_local,6,8,8,40,40,5,67,1,4,0,RZ,2,74,layer_004_wire_000_RZ,-0.008866601364502784,0.008866601364502784,False
random_bp,expectation_value,same_entangling_gate_count,bcw_6q_random_bp,hea,RX_RY_RZ_CNOT,none,linear,cnot,hamiltonian_local,6,8,8,40,40,5,67,1,4,1,RX,0,75,layer_004_wire_001_RX,0.03501598401745833,0.03501598401745833,False
random_bp,expectation_value,same_entangling_gate_count,bcw_6q_random_bp,hea,RX_RY_RZ_CNOT,none,linear,cnot,hamiltonian_local,6,8,8,40,40,5,67,1,4,1,RY,1,76,layer_004_wire_001_RY,-0.03023583954387838,0.03023583954387838,False
random_bp,expectation_value,same_entangling_gate_count,bcw_6q_random_bp,hea,RX_RY_RZ_CNOT,none,linear,cnot,hamiltonian_local,6,8,8,40,40,5,67,1,4,1,RZ,2,77,layer_004_wire_001_RZ,-0.014806407299140751,0.014806407299140751,False
random_bp,expectation_value,same_entangling_gate_count,bcw_6q_random_bp,hea,RX_RY_RZ_CNOT,none,linear,cnot,hamiltonian_local,6,8,8,40,40,5,67,1,4,2,RX,0,78,layer_004_wire_002_RX,0.016717207778610424,0.016717207778610424,False
random_bp,expectation_value,same_entangling_gate_count,bcw_6q_random_bp,hea,RX_RY_RZ_CNOT,none,linear,cnot,hamiltonian_local,6,8,8,40,40,5,67,1,4,2,RY,1,79,layer_004_wire_002_RY,0.044209657801668925,0.044209657801668925,False
random_bp,expectation_value,same_entangling_gate_count,bcw_6q_random_bp,hea,RX_RY_RZ_CNOT,none,linear,cnot,hamiltonian_local,6,8,8,40,40,5,67,1,4,2,RZ,2,80,layer_004_wire_002_RZ,-0.001991386464808724,0.001991386464808724,False
random_bp,expectation_value,same_entangling_gate_count,bcw_6q_random_bp,hea,RX_RY_RZ_CNOT,none,linear,cnot,hamiltonian_local,6,8,8,40,40,5,67,1,4,3,RX,0,81,layer_004_wire_003_RX,0.03816141776257586,0.03816141776257586,False
random_bp,expectation_value,same_entangling_gate_count,bcw_6q_random_bp,hea,RX_RY_RZ_CNOT,none,linear,cnot,hamiltonian_local,6,8,8,40,40,5,67,1,4,3,RY,1,82,layer_004_wire_003_RY,-0.028920560631622114,0.028920560631622114,False
random_bp,expectation_value,same_entangling_gate_count,bcw_6q_random_bp,hea,RX_RY_RZ_CNOT,none,linear,cnot,hamiltonian_local,6,8,8,40,40,5,67,1,4,3,RZ,2,83,layer_004_wire_003_RZ,-0.03258898410687231,0.03258898410687231,False
random_bp,expectation_value,same_entangling_gate_count,bcw_6q_random_bp,hea,RX_RY_RZ_CNOT,none,linear,cnot,hamiltonian_local,6,8,8,40,40,5,67,1,4,4,RX,0,84,layer_004_wire_004_RX,-0.04362411383929273,0.04362411383929273,False
random_bp,expectation_value,same_entangling_gate_count,bcw_6q_random_bp,hea,RX_RY_RZ_CNOT,none,linear,cnot,hamiltonian_local,6,8,8,40,40,5,67,1,4,4,RY,1,85,layer_004_wire_004_RY,-0.012282111917285059,0.012282111917285059,False
random_bp,expectation_value,same_entangling_gate_count,bcw_6q_random_bp,hea,RX_RY_RZ_CNOT,none,linear,cnot,hamiltonian_local,6,8,8,40,40,5,67,1,4,4,RZ,2,86,layer_004_wire_004_RZ,0.004011868357794082,0.004011868357794082,False
random_bp,expectation_value,same_entangling_gate_count,bcw_6q_random_bp,hea,RX_RY_RZ_CNOT,none,linear,cnot,hamiltonian_local,6,8,8,40,40,5,67,1,4,5,RX,0,87,layer_004_wire_005_RX,0.009930977707888915,0.009930977707888915,False
random_bp,expectation_value,same_entangling_gate_count,bcw_6q_random_bp,hea,RX_RY_RZ_CNOT,none,linear,cnot,hamiltonian_local,6,8,8,40,40,5,67,1,4,5,RY,1,88,layer_004_wire_005_RY,0.03610186824056841,0.03610186824056841,False
random_bp,expectation_value,same_entangling_gate_count,bcw_6q_random_bp,hea,RX_RY_RZ_CNOT,none,linear,cnot,hamiltonian_local,6,8,8,40,40,5,67,1,4,5,RZ,2,89,layer_004_wire_005_RZ,-0.00043219980962154654,0.00043219980962154654,False
random_bp,expectation_value,same_entangling_gate_count,bcw_6q_random_bp,hea,RX_RY_RZ_CNOT,none,linear,cnot,hamiltonian_local,6,8,8,40,40,5,67,1,5,0,RX,0,90,layer_005_wire_000_RX,0.03509728292529426,0.03509728292529426,False
random_bp,expectation_value,same_entangling_gate_count,bcw_6q_random_bp,hea,RX_RY_RZ_CNOT,none,linear,cnot,hamiltonian_local,6,8,8,40,40,5,67,1,5,0,RY,1,91,layer_005_wire_000_RY,0.009309737528017177,0.009309737528017177,False
random_bp,expectation_value,same_entangling_gate_count,bcw_6q_random_bp,hea,RX_RY_RZ_CNOT,none,linear,cnot,hamiltonian_local,6,8,8,40,40,5,67,1,5,0,RZ,2,92,layer_005_wire_000_RZ,0.03184094029399684,0.03184094029399684,False
random_bp,expectation_value,same_entangling_gate_count,bcw_6q_random_bp,hea,RX_RY_RZ_CNOT,none,linear,cnot,hamiltonian_local,6,8,8,40,40,5,67,1,5,1,RX,0,93,layer_005_wire_001_RX,-0.0009065612819455877,0.0009065612819455877,False
random_bp,expectation_value,same_entangling_gate_count,bcw_6q_random_bp,hea,RX_RY_RZ_CNOT,none,linear,cnot,hamiltonian_local,6,8,8,40,40,5,67,1,5,1,RY,1,94,layer_005_wire_001_RY,-0.03402207906128632,0.03402207906128632,False
random_bp,expectation_value,same_entangling_gate_count,bcw_6q_random_bp,hea,RX_RY_RZ_CNOT,none,linear,cnot,hamiltonian_local,6,8,8,40,40,5,67,1,5,1,RZ,2,95,layer_005_wire_001_RZ,-0.0016112509102703643,0.0016112509102703643,False
random_bp,expectation_value,same_entangling_gate_count,bcw_6q_random_bp,hea,RX_RY_RZ_CNOT,none,linear,cnot,hamiltonian_local,6,8,8,40,40,5,67,1,5,2,RX,0,96,layer_005_wire_002_RX,-0.016571655417888916,0.016571655417888916,False
random_bp,expectation_value,same_entangling_gate_count,bcw_6q_random_bp,hea,RX_RY_RZ_CNOT,none,linear,cnot,hamiltonian_local,6,8,8,40,40,5,67,1,5,2,RY,1,97,layer_005_wire_002_RY,0.0057093966860015735,0.0057093966860015735,False
random_bp,expectation_value,same_entangling_gate_count,bcw_6q_random_bp,hea,RX_RY_RZ_CNOT,none,linear,cnot,hamiltonian_local,6,8,8,40,40,5,67,1,5,2,RZ,2,98,layer_005_wire_002_RZ,0.010734663209343229,0.010734663209343229,False
random_bp,expectation_value,same_entangling_gate_count,bcw_6q_random_bp,hea,RX_RY_RZ_CNOT,none,linear,cnot,hamiltonian_local,6,8,8,40,40,5,67,1,5,3,RX,0,99,layer_005_wire_003_RX,0.008371138088839922,0.008371138088839922,False
random_bp,expectation_value,same_entangling_gate_count,bcw_6q_random_bp,hea,RX_RY_RZ_CNOT,none,linear,cnot,hamiltonian_local,6,8,8,40,40,5,67,1,5,3,RY,1,100,layer_005_wire_003_RY,-0.0062368145391479,0.0062368145391479,False
random_bp,expectation_value,same_entangling_gate_count,bcw_6q_random_bp,hea,RX_RY_RZ_CNOT,none,linear,cnot,hamiltonian_local,6,8,8,40,40,5,67,1,5,3,RZ,2,101,layer_005_wire_003_RZ,-0.002533000628579694,0.002533000628579694,False
random_bp,expectation_value,same_entangling_gate_count,bcw_6q_random_bp,hea,RX_RY_RZ_CNOT,none,linear,cnot,hamiltonian_local,6,8,8,40,40,5,67,1,5,4,RX,0,102,layer_005_wire_004_RX,-0.006253310313098226,0.006253310313098226,False
random_bp,expectation_value,same_entangling_gate_count,bcw_6q_random_bp,hea,RX_RY_RZ_CNOT,none,linear,cnot,hamiltonian_local,6,8,8,40,40,5,67,1,5,4,RY,1,103,layer_005_wire_004_RY,0.011567897537912729,0.011567897537912729,False
random_bp,expectation_value,same_entangling_gate_count,bcw_6q_random_bp,hea,RX_RY_RZ_CNOT,none,linear,cnot,hamiltonian_local,6,8,8,40,40,5,67,1,5,4,RZ,2,104,layer_005_wire_004_RZ,0.02031775474753187,0.02031775474753187,False
random_bp,expectation_value,same_entangling_gate_count,bcw_6q_random_bp,hea,RX_RY_RZ_CNOT,none,linear,cnot,hamiltonian_local,6,8,8,40,40,5,67,1,5,5,RX,0,105,layer_005_wire_005_RX,0.038862653446343404,0.038862653446343404,False
random_bp,expectation_value,same_entangling_gate_count,bcw_6q_random_bp,hea,RX_RY_RZ_CNOT,none,linear,cnot,hamiltonian_local,6,8,8,40,40,5,67,1,5,5,RY,1,106,layer_005_wire_005_RY,-0.014365255172499845,0.014365255172499845,False
random_bp,expectation_value,same_entangling_gate_count,bcw_6q_random_bp,hea,RX_RY_RZ_CNOT,none,linear,cnot,hamiltonian_local,6,8,8,40,40,5,67,1,5,5,RZ,2,107,layer_005_wire_005_RZ,-0.034891347611775536,0.034891347611775536,False
random_bp,expectation_value,same_entangling_gate_count,bcw_6q_random_bp,hea,RX_RY_RZ_CNOT,none,linear,cnot,hamiltonian_local,6,8,8,40,40,5,67,1,6,0,RX,0,108,layer_006_wire_000_RX,-0.0013302605630193516,0.0013302605630193516,False
random_bp,expectation_value,same_entangling_gate_count,bcw_6q_random_bp,hea,RX_RY_RZ_CNOT,none,linear,cnot,hamiltonian_local,6,8,8,40,40,5,67,1,6,0,RY,1,109,layer_006_wire_000_RY,-0.027352399401937247,0.027352399401937247,False
random_bp,expectation_value,same_entangling_gate_count,bcw_6q_random_bp,hea,RX_RY_RZ_CNOT,none,linear,cnot,hamiltonian_local,6,8,8,40,40,5,67,1,6,0,RZ,2,110,layer_006_wire_000_RZ,2.7155926257538993e-17,2.7155926257538993e-17,True
random_bp,expectation_value,same_entangling_gate_count,bcw_6q_random_bp,hea,RX_RY_RZ_CNOT,none,linear,cnot,hamiltonian_local,6,8,8,40,40,5,67,1,6,1,RX,0,111,layer_006_wire_001_RX,-0.06271420988070721,0.06271420988070721,False
random_bp,expectation_value,same_entangling_gate_count,bcw_6q_random_bp,hea,RX_RY_RZ_CNOT,none,linear,cnot,hamiltonian_local,6,8,8,40,40,5,67,1,6,1,RY,1,112,layer_006_wire_001_RY,-0.03314818968856337,0.03314818968856337,False
random_bp,expectation_value,same_entangling_gate_count,bcw_6q_random_bp,hea,RX_RY_RZ_CNOT,none,linear,cnot,hamiltonian_local,6,8,8,40,40,5,67,1,6,1,RZ,2,113,layer_006_wire_001_RZ,-0.06160790235928658,0.06160790235928658,False
random_bp,expectation_value,same_entangling_gate_count,bcw_6q_random_bp,hea,RX_RY_RZ_CNOT,none,linear,cnot,hamiltonian_local,6,8,8,40,40,5,67,1,6,2,RX,0,114,layer_006_wire_002_RX,-0.014571868058218702,0.014571868058218702,False
random_bp,expectation_value,same_entangling_gate_count,bcw_6q_random_bp,hea,RX_RY_RZ_CNOT,none,linear,cnot,hamiltonian_local,6,8,8,40,40,5,67,1,6,2,RY,1,115,layer_006_wire_002_RY,-0.05442141541919876,0.05442141541919876,False
random_bp,expectation_value,same_entangling_gate_count,bcw_6q_random_bp,hea,RX_RY_RZ_CNOT,none,linear,cnot,hamiltonian_local,6,8,8,40,40,5,67,1,6,2,RZ,2,116,layer_006_wire_002_RZ,0.009486868950721216,0.009486868950721216,False
random_bp,expectation_value,same_entangling_gate_count,bcw_6q_random_bp,hea,RX_RY_RZ_CNOT,none,linear,cnot,hamiltonian_local,6,8,8,40,40,5,67,1,6,3,RX,0,117,layer_006_wire_003_RX,-0.015371784828391088,0.015371784828391088,False
random_bp,expectation_value,same_entangling_gate_count,bcw_6q_random_bp,hea,RX_RY_RZ_CNOT,none,linear,cnot,hamiltonian_local,6,8,8,40,40,5,67,1,6,3,RY,1,118,layer_006_wire_003_RY,0.028722343791946985,0.028722343791946985,False
random_bp,expectation_value,same_entangling_gate_count,bcw_6q_random_bp,hea,RX_RY_RZ_CNOT,none,linear,cnot,hamiltonian_local,6,8,8,40,40,5,67,1,6,3,RZ,2,119,layer_006_wire_003_RZ,0.0026907895368722527,0.0026907895368722527,False
random_bp,expectation_value,same_entangling_gate_count,bcw_6q_random_bp,hea,RX_RY_RZ_CNOT,none,linear,cnot,hamiltonian_local,6,8,8,40,40,5,67,1,6,4,RX,0,120,layer_006_wire_004_RX,0.0025292421045472885,0.0025292421045472885,False
random_bp,expectation_value,same_entangling_gate_count,bcw_6q_random_bp,hea,RX_RY_RZ_CNOT,none,linear,cnot,hamiltonian_local,6,8,8,40,40,5,67,1,6,4,RY,1,121,layer_006_wire_004_RY,0.03276612271110263,0.03276612271110263,False
random_bp,expectation_value,same_entangling_gate_count,bcw_6q_random_bp,hea,RX_RY_RZ_CNOT,none,linear,cnot,hamiltonian_local,6,8,8,40,40,5,67,1,6,4,RZ,2,122,layer_006_wire_004_RZ,-0.014272265105469382,0.014272265105469382,False
random_bp,expectation_value,same_entangling_gate_count,bcw_6q_random_bp,hea,RX_RY_RZ_CNOT,none,linear,cnot,hamiltonian_local,6,8,8,40,40,5,67,1,6,5,RX,0,123,layer_006_wire_005_RX,-0.02366960921644689,0.02366960921644689,False
random_bp,expectation_value,same_entangling_gate_count,bcw_6q_random_bp,hea,RX_RY_RZ_CNOT,none,linear,cnot,hamiltonian_local,6,8,8,40,40,5,67,1,6,5,RY,1,124,layer_006_wire_005_RY,0.026116423921342308,0.026116423921342308,False
random_bp,expectation_value,same_entangling_gate_count,bcw_6q_random_bp,hea,RX_RY_RZ_CNOT,none,linear,cnot,hamiltonian_local,6,8,8,40,40,5,67,1,6,5,RZ,2,125,layer_006_wire_005_RZ,0.024501509441334852,0.024501509441334852,False
random_bp,expectation_value,same_entangling_gate_count,bcw_6q_random_bp,hea,RX_RY_RZ_CNOT,none,linear,cnot,hamiltonian_local,6,8,8,40,40,5,67,1,7,0,RX,0,126,layer_007_wire_000_RX,-2.7755575615628914e-17,2.7755575615628914e-17,True
random_bp,expectation_value,same_entangling_gate_count,bcw_6q_random_bp,hea,RX_RY_RZ_CNOT,none,linear,cnot,hamiltonian_local,6,8,8,40,40,5,67,1,7,0,RY,1,127,layer_007_wire_000_RY,-1.3877787807814457e-17,1.3877787807814457e-17,True
random_bp,expectation_value,same_entangling_gate_count,bcw_6q_random_bp,hea,RX_RY_RZ_CNOT,none,linear,cnot,hamiltonian_local,6,8,8,40,40,5,67,1,7,0,RZ,2,128,layer_007_wire_000_RZ,-2.445902138086367e-17,2.445902138086367e-17,True
random_bp,expectation_value,same_entangling_gate_count,bcw_6q_random_bp,hea,RX_RY_RZ_CNOT,none,linear,cnot,hamiltonian_local,6,8,8,40,40,5,67,1,7,1,RX,0,129,layer_007_wire_001_RX,-0.010933715314949008,0.010933715314949008,False
random_bp,expectation_value,same_entangling_gate_count,bcw_6q_random_bp,hea,RX_RY_RZ_CNOT,none,linear,cnot,hamiltonian_local,6,8,8,40,40,5,67,1,7,1,RY,1,130,layer_007_wire_001_RY,0.011266188549887708,0.011266188549887708,False
random_bp,expectation_value,same_entangling_gate_count,bcw_6q_random_bp,hea,RX_RY_RZ_CNOT,none,linear,cnot,hamiltonian_local,6,8,8,40,40,5,67,1,7,1,RZ,2,131,layer_007_wire_001_RZ,-1.725642098488587e-17,1.725642098488587e-17,True
random_bp,expectation_value,same_entangling_gate_count,bcw_6q_random_bp,hea,RX_RY_RZ_CNOT,none,linear,cnot,hamiltonian_local,6,8,8,40,40,5,67,1,7,2,RX,0,132,layer_007_wire_002_RX,0.001339854482627089,0.001339854482627089,False
random_bp,expectation_value,same_entangling_gate_count,bcw_6q_random_bp,hea,RX_RY_RZ_CNOT,none,linear,cnot,hamiltonian_local,6,8,8,40,40,5,67,1,7,2,RY,1,133,layer_007_wire_002_RY,0.009421503015527022,0.009421503015527022,False
random_bp,expectation_value,same_entangling_gate_count,bcw_6q_random_bp,hea,RX_RY_RZ_CNOT,none,linear,cnot,hamiltonian_local,6,8,8,40,40,5,67,1,7,2,RZ,2,134,layer_007_wire_002_RZ,1.396944460426245e-17,1.396944460426245e-17,True
random_bp,expectation_value,same_entangling_gate_count,bcw_6q_random_bp,hea,RX_RY_RZ_CNOT,none,linear,cnot,hamiltonian_local,6,8,8,40,40,5,67,1,7,3,RX,0,135,layer_007_wire_003_RX,-0.008655726915770143,0.008655726915770143,False
random_bp,expectation_value,same_entangling_gate_count,bcw_6q_random_bp,hea,RX_RY_RZ_CNOT,none,linear,cnot,hamiltonian_local,6,8,8,40,40,5,67,1,7,3,RY,1,136,layer_007_wire_003_RY,0.006543901367699945,0.006543901367699945,False
random_bp,expectation_value,same_entangling_gate_count,bcw_6q_random_bp,hea,RX_RY_RZ_CNOT,none,linear,cnot,hamiltonian_local,6,8,8,40,40,5,67,1,7,3,RZ,2,137,layer_007_wire_003_RZ,-1.3729493472457934e-17,1.3729493472457934e-17,True
random_bp,expectation_value,same_entangling_gate_count,bcw_6q_random_bp,hea,RX_RY_RZ_CNOT,none,linear,cnot,hamiltonian_local,6,8,8,40,40,5,67,1,7,4,RX,0,138,layer_007_wire_004_RX,-0.020254811674434325,0.020254811674434325,False
random_bp,expectation_value,same_entangling_gate_count,bcw_6q_random_bp,hea,RX_RY_RZ_CNOT,none,linear,cnot,hamiltonian_local,6,8,8,40,40,5,67,1,7,4,RY,1,139,layer_007_wire_004_RY,0.014828346451967836,0.014828346451967836,False
random_bp,expectation_value,same_entangling_gate_count,bcw_6q_random_bp,hea,RX_RY_RZ_CNOT,none,linear,cnot,hamiltonian_local,6,8,8,40,40,5,67,1,7,4,RZ,2,140,layer_007_wire_004_RZ,-4.153661128821003e-19,4.153661128821003e-19,True
random_bp,expectation_value,same_entangling_gate_count,bcw_6q_random_bp,hea,RX_RY_RZ_CNOT,none,linear,cnot,hamiltonian_local,6,8,8,40,40,5,67,1,7,5,RX,0,141,layer_007_wire_005_RX,-0.0030840973214201536,0.0030840973214201536,False
random_bp,expectation_value,same_entangling_gate_count,bcw_6q_random_bp,hea,RX_RY_RZ_CNOT,none,linear,cnot,hamiltonian_local,6,8,8,40,40,5,67,1,7,5,RY,1,142,layer_007_wire_005_RY,-0.002323844072797565,0.002323844072797565,False
random_bp,expectation_value,same_entangling_gate_count,bcw_6q_random_bp,hea,RX_RY_RZ_CNOT,none,linear,cnot,hamiltonian_local,6,8,8,40,40,5,67,1,7,5,RZ,2,143,layer_007_wire_005_RZ,1.0041784647615303e-19,1.0041784647615303e-19,True
random_bp,expectation_value,same_entangling_gate_count,bcw_6q_random_bp,hea,RX_RY_RZ_CNOT,none,linear,cnot,hamiltonian_local,6,8,8,40,40,5,68,2,0,0,RX,0,0,layer_000_wire_000_RX,0.02275612528267769,0.02275612528267769,False
random_bp,expectation_value,same_entangling_gate_count,bcw_6q_random_bp,hea,RX_RY_RZ_CNOT,none,linear,cnot,hamiltonian_local,6,8,8,40,40,5,68,2,0,0,RY,1,1,layer_000_wire_000_RY,0.00013290039199914672,0.00013290039199914672,False
random_bp,expectation_value,same_entangling_gate_count,bcw_6q_random_bp,hea,RX_RY_RZ_CNOT,none,linear,cnot,hamiltonian_local,6,8,8,40,40,5,68,2,0,0,RZ,2,2,layer_000_wire_000_RZ,0.02116259174228123,0.02116259174228123,False
random_bp,expectation_value,same_entangling_gate_count,bcw_6q_random_bp,hea,RX_RY_RZ_CNOT,none,linear,cnot,hamiltonian_local,6,8,8,40,40,5,68,2,0,1,RX,0,3,layer_000_wire_001_RX,-0.005226462357513902,0.005226462357513902,False
random_bp,expectation_value,same_entangling_gate_count,bcw_6q_random_bp,hea,RX_RY_RZ_CNOT,none,linear,cnot,hamiltonian_local,6,8,8,40,40,5,68,2,0,1,RY,1,4,layer_000_wire_001_RY,-2.7465706840500148e-05,2.7465706840500148e-05,False
random_bp,expectation_value,same_entangling_gate_count,bcw_6q_random_bp,hea,RX_RY_RZ_CNOT,none,linear,cnot,hamiltonian_local,6,8,8,40,40,5,68,2,0,1,RZ,2,5,layer_000_wire_001_RZ,0.003060234708873849,0.003060234708873849,False
random_bp,expectation_value,same_entangling_gate_count,bcw_6q_random_bp,hea,RX_RY_RZ_CNOT,none,linear,cnot,hamiltonian_local,6,8,8,40,40,5,68,2,0,2,RX,0,6,layer_000_wire_002_RX,0.07007843258767657,0.07007843258767657,False
random_bp,expectation_value,same_entangling_gate_count,bcw_6q_random_bp,hea,RX_RY_RZ_CNOT,none,linear,cnot,hamiltonian_local,6,8,8,40,40,5,68,2,0,2,RY,1,7,layer_000_wire_002_RY,0.009435097854507121,0.009435097854507121,False
random_bp,expectation_value,same_entangling_gate_count,bcw_6q_random_bp,hea,RX_RY_RZ_CNOT,none,linear,cnot,hamiltonian_local,6,8,8,40,40,5,68,2,0,2,RZ,2,8,layer_000_wire_002_RZ,0.0022207295022150246,0.0022207295022150246,False
random_bp,expectation_value,same_entangling_gate_count,bcw_6q_random_bp,hea,RX_RY_RZ_CNOT,none,linear,cnot,hamiltonian_local,6,8,8,40,40,5,68,2,0,3,RX,0,9,layer_000_wire_003_RX,0.007333159828591378,0.007333159828591378,False
random_bp,expectation_value,same_entangling_gate_count,bcw_6q_random_bp,hea,RX_RY_RZ_CNOT,none,linear,cnot,hamiltonian_local,6,8,8,40,40,5,68,2,0,3,RY,1,10,layer_000_wire_003_RY,-0.007052969622270689,0.007052969622270689,False
random_bp,expectation_value,same_entangling_gate_count,bcw_6q_random_bp,hea,RX_RY_RZ_CNOT,none,linear,cnot,hamiltonian_local,6,8,8,40,40,5,68,2,0,3,RZ,2,11,layer_000_wire_003_RZ,-0.012713046932580897,0.012713046932580897,False
random_bp,expectation_value,same_entangling_gate_count,bcw_6q_random_bp,hea,RX_RY_RZ_CNOT,none,linear,cnot,hamiltonian_local,6,8,8,40,40,5,68,2,0,4,RX,0,12,layer_000_wire_004_RX,0.023314446225659254,0.023314446225659254,False
random_bp,expectation_value,same_entangling_gate_count,bcw_6q_random_bp,hea,RX_RY_RZ_CNOT,none,linear,cnot,hamiltonian_local,6,8,8,40,40,5,68,2,0,4,RY,1,13,layer_000_wire_004_RY,0.02496812749241046,0.02496812749241046,False
random_bp,expectation_value,same_entangling_gate_count,bcw_6q_random_bp,hea,RX_RY_RZ_CNOT,none,linear,cnot,hamiltonian_local,6,8,8,40,40,5,68,2,0,4,RZ,2,14,layer_000_wire_004_RZ,-0.025843459485486775,0.025843459485486775,False
random_bp,expectation_value,same_entangling_gate_count,bcw_6q_random_bp,hea,RX_RY_RZ_CNOT,none,linear,cnot,hamiltonian_local,6,8,8,40,40,5,68,2,0,5,RX,0,15,layer_000_wire_005_RX,0.019649139311549553,0.019649139311549553,False
random_bp,expectation_value,same_entangling_gate_count,bcw_6q_random_bp,hea,RX_RY_RZ_CNOT,none,linear,cnot,hamiltonian_local,6,8,8,40,40,5,68,2,0,5,RY,1,16,layer_000_wire_005_RY,-0.023704506527034597,0.023704506527034597,False
random_bp,expectation_value,same_entangling_gate_count,bcw_6q_random_bp,hea,RX_RY_RZ_CNOT,none,linear,cnot,hamiltonian_local,6,8,8,40,40,5,68,2,0,5,RZ,2,17,layer_000_wire_005_RZ,0.02173658221163374,0.02173658221163374,False
random_bp,expectation_value,same_entangling_gate_count,bcw_6q_random_bp,hea,RX_RY_RZ_CNOT,none,linear,cnot,hamiltonian_local,6,8,8,40,40,5,68,2,1,0,RX,0,18,layer_001_wire_000_RX,-0.011491356417422665,0.011491356417422665,False
random_bp,expectation_value,same_entangling_gate_count,bcw_6q_random_bp,hea,RX_RY_RZ_CNOT,none,linear,cnot,hamiltonian_local,6,8,8,40,40,5,68,2,1,0,RY,1,19,layer_001_wire_000_RY,0.03166197330734921,0.03166197330734921,False
random_bp,expectation_value,same_entangling_gate_count,bcw_6q_random_bp,hea,RX_RY_RZ_CNOT,none,linear,cnot,hamiltonian_local,6,8,8,40,40,5,68,2,1,0,RZ,2,20,layer_001_wire_000_RZ,-0.011218156340476139,0.011218156340476139,False
random_bp,expectation_value,same_entangling_gate_count,bcw_6q_random_bp,hea,RX_RY_RZ_CNOT,none,linear,cnot,hamiltonian_local,6,8,8,40,40,5,68,2,1,1,RX,0,21,layer_001_wire_001_RX,0.0163845378318679,0.0163845378318679,False
random_bp,expectation_value,same_entangling_gate_count,bcw_6q_random_bp,hea,RX_RY_RZ_CNOT,none,linear,cnot,hamiltonian_local,6,8,8,40,40,5,68,2,1,1,RY,1,22,layer_001_wire_001_RY,-0.04962139448344306,0.04962139448344306,False
random_bp,expectation_value,same_entangling_gate_count,bcw_6q_random_bp,hea,RX_RY_RZ_CNOT,none,linear,cnot,hamiltonian_local,6,8,8,40,40,5,68,2,1,1,RZ,2,23,layer_001_wire_001_RZ,-0.006465333410672857,0.006465333410672857,False
random_bp,expectation_value,same_entangling_gate_count,bcw_6q_random_bp,hea,RX_RY_RZ_CNOT,none,linear,cnot,hamiltonian_local,6,8,8,40,40,5,68,2,1,2,RX,0,24,layer_001_wire_002_RX,-0.007700172127509543,0.007700172127509543,False
random_bp,expectation_value,same_entangling_gate_count,bcw_6q_random_bp,hea,RX_RY_RZ_CNOT,none,linear,cnot,hamiltonian_local,6,8,8,40,40,5,68,2,1,2,RY,1,25,layer_001_wire_002_RY,-0.01859238335241581,0.01859238335241581,False
random_bp,expectation_value,same_entangling_gate_count,bcw_6q_random_bp,hea,RX_RY_RZ_CNOT,none,linear,cnot,hamiltonian_local,6,8,8,40,40,5,68,2,1,2,RZ,2,26,layer_001_wire_002_RZ,0.020769512697072615,0.020769512697072615,False
random_bp,expectation_value,same_entangling_gate_count,bcw_6q_random_bp,hea,RX_RY_RZ_CNOT,none,linear,cnot,hamiltonian_local,6,8,8,40,40,5,68,2,1,3,RX,0,27,layer_001_wire_003_RX,-0.0042549898225107095,0.0042549898225107095,False
random_bp,expectation_value,same_entangling_gate_count,bcw_6q_random_bp,hea,RX_RY_RZ_CNOT,none,linear,cnot,hamiltonian_local,6,8,8,40,40,5,68,2,1,3,RY,1,28,layer_001_wire_003_RY,0.04596832098556234,0.04596832098556234,False
random_bp,expectation_value,same_entangling_gate_count,bcw_6q_random_bp,hea,RX_RY_RZ_CNOT,none,linear,cnot,hamiltonian_local,6,8,8,40,40,5,68,2,1,3,RZ,2,29,layer_001_wire_003_RZ,0.009184953435107302,0.009184953435107302,False
random_bp,expectation_value,same_entangling_gate_count,bcw_6q_random_bp,hea,RX_RY_RZ_CNOT,none,linear,cnot,hamiltonian_local,6,8,8,40,40,5,68,2,1,4,RX,0,30,layer_001_wire_004_RX,0.03993954209711682,0.03993954209711682,False
random_bp,expectation_value,same_entangling_gate_count,bcw_6q_random_bp,hea,RX_RY_RZ_CNOT,none,linear,cnot,hamiltonian_local,6,8,8,40,40,5,68,2,1,4,RY,1,31,layer_001_wire_004_RY,-0.023584756325307515,0.023584756325307515,False
random_bp,expectation_value,same_entangling_gate_count,bcw_6q_random_bp,hea,RX_RY_RZ_CNOT,none,linear,cnot,hamiltonian_local,6,8,8,40,40,5,68,2,1,4,RZ,2,32,layer_001_wire_004_RZ,-0.0470082233868628,0.0470082233868628,False
random_bp,expectation_value,same_entangling_gate_count,bcw_6q_random_bp,hea,RX_RY_RZ_CNOT,none,linear,cnot,hamiltonian_local,6,8,8,40,40,5,68,2,1,5,RX,0,33,layer_001_wire_005_RX,0.011604092168021076,0.011604092168021076,False
random_bp,expectation_value,same_entangling_gate_count,bcw_6q_random_bp,hea,RX_RY_RZ_CNOT,none,linear,cnot,hamiltonian_local,6,8,8,40,40,5,68,2,1,5,RY,1,34,layer_001_wire_005_RY,-0.015403853431017512,0.015403853431017512,False
random_bp,expectation_value,same_entangling_gate_count,bcw_6q_random_bp,hea,RX_RY_RZ_CNOT,none,linear,cnot,hamiltonian_local,6,8,8,40,40,5,68,2,1,5,RZ,2,35,layer_001_wire_005_RZ,-0.031156866605450487,0.031156866605450487,False
random_bp,expectation_value,same_entangling_gate_count,bcw_6q_random_bp,hea,RX_RY_RZ_CNOT,none,linear,cnot,hamiltonian_local,6,8,8,40,40,5,68,2,2,0,RX,0,36,layer_002_wire_000_RX,0.024919011933590453,0.024919011933590453,False
random_bp,expectation_value,same_entangling_gate_count,bcw_6q_random_bp,hea,RX_RY_RZ_CNOT,none,linear,cnot,hamiltonian_local,6,8,8,40,40,5,68,2,2,0,RY,1,37,layer_002_wire_000_RY,0.005737120050348234,0.005737120050348234,False
random_bp,expectation_value,same_entangling_gate_count,bcw_6q_random_bp,hea,RX_RY_RZ_CNOT,none,linear,cnot,hamiltonian_local,6,8,8,40,40,5,68,2,2,0,RZ,2,38,layer_002_wire_000_RZ,-0.022695442361359217,0.022695442361359217,False
random_bp,expectation_value,same_entangling_gate_count,bcw_6q_random_bp,hea,RX_RY_RZ_CNOT,none,linear,cnot,hamiltonian_local,6,8,8,40,40,5,68,2,2,1,RX,0,39,layer_002_wire_001_RX,0.050908227286163,0.050908227286163,False
random_bp,expectation_value,same_entangling_gate_count,bcw_6q_random_bp,hea,RX_RY_RZ_CNOT,none,linear,cnot,hamiltonian_local,6,8,8,40,40,5,68,2,2,1,RY,1,40,layer_002_wire_001_RY,0.03232982694590683,0.03232982694590683,False
random_bp,expectation_value,same_entangling_gate_count,bcw_6q_random_bp,hea,RX_RY_RZ_CNOT,none,linear,cnot,hamiltonian_local,6,8,8,40,40,5,68,2,2,1,RZ,2,41,layer_002_wire_001_RZ,-0.024023906739666107,0.024023906739666107,False
random_bp,expectation_value,same_entangling_gate_count,bcw_6q_random_bp,hea,RX_RY_RZ_CNOT,none,linear,cnot,hamiltonian_local,6,8,8,40,40,5,68,2,2,2,RX,0,42,layer_002_wire_002_RX,0.02395026911532158,0.02395026911532158,False
random_bp,expectation_value,same_entangling_gate_count,bcw_6q_random_bp,hea,RX_RY_RZ_CNOT,none,linear,cnot,hamiltonian_local,6,8,8,40,40,5,68,2,2,2,RY,1,43,layer_002_wire_002_RY,-0.0706815756752007,0.0706815756752007,False
random_bp,expectation_value,same_entangling_gate_count,bcw_6q_random_bp,hea,RX_RY_RZ_CNOT,none,linear,cnot,hamiltonian_local,6,8,8,40,40,5,68,2,2,2,RZ,2,44,layer_002_wire_002_RZ,-0.031836985594172404,0.031836985594172404,False
random_bp,expectation_value,same_entangling_gate_count,bcw_6q_random_bp,hea,RX_RY_RZ_CNOT,none,linear,cnot,hamiltonian_local,6,8,8,40,40,5,68,2,2,3,RX,0,45,layer_002_wire_003_RX,-0.02525665501440233,0.02525665501440233,False
random_bp,expectation_value,same_entangling_gate_count,bcw_6q_random_bp,hea,RX_RY_RZ_CNOT,none,linear,cnot,hamiltonian_local,6,8,8,40,40,5,68,2,2,3,RY,1,46,layer_002_wire_003_RY,-0.05275665492050423,0.05275665492050423,False
random_bp,expectation_value,same_entangling_gate_count,bcw_6q_random_bp,hea,RX_RY_RZ_CNOT,none,linear,cnot,hamiltonian_local,6,8,8,40,40,5,68,2,2,3,RZ,2,47,layer_002_wire_003_RZ,0.04866922530618913,0.04866922530618913,False
random_bp,expectation_value,same_entangling_gate_count,bcw_6q_random_bp,hea,RX_RY_RZ_CNOT,none,linear,cnot,hamiltonian_local,6,8,8,40,40,5,68,2,2,4,RX,0,48,layer_002_wire_004_RX,0.03648876857852468,0.03648876857852468,False
random_bp,expectation_value,same_entangling_gate_count,bcw_6q_random_bp,hea,RX_RY_RZ_CNOT,none,linear,cnot,hamiltonian_local,6,8,8,40,40,5,68,2,2,4,RY,1,49,layer_002_wire_004_RY,0.01871315688431758,0.01871315688431758,False
random_bp,expectation_value,same_entangling_gate_count,bcw_6q_random_bp,hea,RX_RY_RZ_CNOT,none,linear,cnot,hamiltonian_local,6,8,8,40,40,5,68,2,2,4,RZ,2,50,layer_002_wire_004_RZ,0.036287879701647666,0.036287879701647666,False
random_bp,expectation_value,same_entangling_gate_count,bcw_6q_random_bp,hea,RX_RY_RZ_CNOT,none,linear,cnot,hamiltonian_local,6,8,8,40,40,5,68,2,2,5,RX,0,51,layer_002_wire_005_RX,-0.026039802357567206,0.026039802357567206,False
random_bp,expectation_value,same_entangling_gate_count,bcw_6q_random_bp,hea,RX_RY_RZ_CNOT,none,linear,cnot,hamiltonian_local,6,8,8,40,40,5,68,2,2,5,RY,1,52,layer_002_wire_005_RY,0.02484679781086737,0.02484679781086737,False
random_bp,expectation_value,same_entangling_gate_count,bcw_6q_random_bp,hea,RX_RY_RZ_CNOT,none,linear,cnot,hamiltonian_local,6,8,8,40,40,5,68,2,2,5,RZ,2,53,layer_002_wire_005_RZ,0.06005922259509518,0.06005922259509518,False
random_bp,expectation_value,same_entangling_gate_count,bcw_6q_random_bp,hea,RX_RY_RZ_CNOT,none,linear,cnot,hamiltonian_local,6,8,8,40,40,5,68,2,3,0,RX,0,54,layer_003_wire_000_RX,0.040425094191215545,0.040425094191215545,False
random_bp,expectation_value,same_entangling_gate_count,bcw_6q_random_bp,hea,RX_RY_RZ_CNOT,none,linear,cnot,hamiltonian_local,6,8,8,40,40,5,68,2,3,0,RY,1,55,layer_003_wire_000_RY,-0.03841404468693638,0.03841404468693638,False
random_bp,expectation_value,same_entangling_gate_count,bcw_6q_random_bp,hea,RX_RY_RZ_CNOT,none,linear,cnot,hamiltonian_local,6,8,8,40,40,5,68,2,3,0,RZ,2,56,layer_003_wire_000_RZ,-0.010191762292478448,0.010191762292478448,False
random_bp,expectation_value,same_entangling_gate_count,bcw_6q_random_bp,hea,RX_RY_RZ_CNOT,none,linear,cnot,hamiltonian_local,6,8,8,40,40,5,68,2,3,1,RX,0,57,layer_003_wire_001_RX,-0.07019896390078188,0.07019896390078188,False
random_bp,expectation_value,same_entangling_gate_count,bcw_6q_random_bp,hea,RX_RY_RZ_CNOT,none,linear,cnot,hamiltonian_local,6,8,8,40,40,5,68,2,3,1,RY,1,58,layer_003_wire_001_RY,0.006718643467606398,0.006718643467606398,False
random_bp,expectation_value,same_entangling_gate_count,bcw_6q_random_bp,hea,RX_RY_RZ_CNOT,none,linear,cnot,hamiltonian_local,6,8,8,40,40,5,68,2,3,1,RZ,2,59,layer_003_wire_001_RZ,-0.0181847803647594,0.0181847803647594,False
random_bp,expectation_value,same_entangling_gate_count,bcw_6q_random_bp,hea,RX_RY_RZ_CNOT,none,linear,cnot,hamiltonian_local,6,8,8,40,40,5,68,2,3,2,RX,0,60,layer_003_wire_002_RX,0.00827941819153754,0.00827941819153754,False
random_bp,expectation_value,same_entangling_gate_count,bcw_6q_random_bp,hea,RX_RY_RZ_CNOT,none,linear,cnot,hamiltonian_local,6,8,8,40,40,5,68,2,3,2,RY,1,61,layer_003_wire_002_RY,-0.0451761103470565,0.0451761103470565,False
random_bp,expectation_value,same_entangling_gate_count,bcw_6q_random_bp,hea,RX_RY_RZ_CNOT,none,linear,cnot,hamiltonian_local,6,8,8,40,40,5,68,2,3,2,RZ,2,62,layer_003_wire_002_RZ,0.005935396125033332,0.005935396125033332,False
random_bp,expectation_value,same_entangling_gate_count,bcw_6q_random_bp,hea,RX_RY_RZ_CNOT,none,linear,cnot,hamiltonian_local,6,8,8,40,40,5,68,2,3,3,RX,0,63,layer_003_wire_003_RX,-0.007921064627642315,0.007921064627642315,False
random_bp,expectation_value,same_entangling_gate_count,bcw_6q_random_bp,hea,RX_RY_RZ_CNOT,none,linear,cnot,hamiltonian_local,6,8,8,40,40,5,68,2,3,3,RY,1,64,layer_003_wire_003_RY,-0.005279985745126238,0.005279985745126238,False
random_bp,expectation_value,same_entangling_gate_count,bcw_6q_random_bp,hea,RX_RY_RZ_CNOT,none,linear,cnot,hamiltonian_local,6,8,8,40,40,5,68,2,3,3,RZ,2,65,layer_003_wire_003_RZ,0.02951857573626984,0.02951857573626984,False
random_bp,expectation_value,same_entangling_gate_count,bcw_6q_random_bp,hea,RX_RY_RZ_CNOT,none,linear,cnot,hamiltonian_local,6,8,8,40,40,5,68,2,3,4,RX,0,66,layer_003_wire_004_RX,0.00692670457952419,0.00692670457952419,False
random_bp,expectation_value,same_entangling_gate_count,bcw_6q_random_bp,hea,RX_RY_RZ_CNOT,none,linear,cnot,hamiltonian_local,6,8,8,40,40,5,68,2,3,4,RY,1,67,layer_003_wire_004_RY,-0.14286414590523033,0.14286414590523033,False
random_bp,expectation_value,same_entangling_gate_count,bcw_6q_random_bp,hea,RX_RY_RZ_CNOT,none,linear,cnot,hamiltonian_local,6,8,8,40,40,5,68,2,3,4,RZ,2,68,layer_003_wire_004_RZ,0.03656049322065582,0.03656049322065582,False
random_bp,expectation_value,same_entangling_gate_count,bcw_6q_random_bp,hea,RX_RY_RZ_CNOT,none,linear,cnot,hamiltonian_local,6,8,8,40,40,5,68,2,3,5,RX,0,69,layer_003_wire_005_RX,-0.015032908776018494,0.015032908776018494,False
random_bp,expectation_value,same_entangling_gate_count,bcw_6q_random_bp,hea,RX_RY_RZ_CNOT,none,linear,cnot,hamiltonian_local,6,8,8,40,40,5,68,2,3,5,RY,1,70,layer_003_wire_005_RY,0.0457521310354224,0.0457521310354224,False
random_bp,expectation_value,same_entangling_gate_count,bcw_6q_random_bp,hea,RX_RY_RZ_CNOT,none,linear,cnot,hamiltonian_local,6,8,8,40,40,5,68,2,3,5,RZ,2,71,layer_003_wire_005_RZ,0.04452416075297222,0.04452416075297222,False
random_bp,expectation_value,same_entangling_gate_count,bcw_6q_random_bp,hea,RX_RY_RZ_CNOT,none,linear,cnot,hamiltonian_local,6,8,8,40,40,5,68,2,4,0,RX,0,72,layer_004_wire_000_RX,-0.0026624694505586015,0.0026624694505586015,False
random_bp,expectation_value,same_entangling_gate_count,bcw_6q_random_bp,hea,RX_RY_RZ_CNOT,none,linear,cnot,hamiltonian_local,6,8,8,40,40,5,68,2,4,0,RY,1,73,layer_004_wire_000_RY,0.010167904987317919,0.010167904987317919,False
random_bp,expectation_value,same_entangling_gate_count,bcw_6q_random_bp,hea,RX_RY_RZ_CNOT,none,linear,cnot,hamiltonian_local,6,8,8,40,40,5,68,2,4,0,RZ,2,74,layer_004_wire_000_RZ,0.009757141844874879,0.009757141844874879,False
random_bp,expectation_value,same_entangling_gate_count,bcw_6q_random_bp,hea,RX_RY_RZ_CNOT,none,linear,cnot,hamiltonian_local,6,8,8,40,40,5,68,2,4,1,RX,0,75,layer_004_wire_001_RX,0.003198350528234699,0.003198350528234699,False
random_bp,expectation_value,same_entangling_gate_count,bcw_6q_random_bp,hea,RX_RY_RZ_CNOT,none,linear,cnot,hamiltonian_local,6,8,8,40,40,5,68,2,4,1,RY,1,76,layer_004_wire_001_RY,-0.007720734849239295,0.007720734849239295,False
random_bp,expectation_value,same_entangling_gate_count,bcw_6q_random_bp,hea,RX_RY_RZ_CNOT,none,linear,cnot,hamiltonian_local,6,8,8,40,40,5,68,2,4,1,RZ,2,77,layer_004_wire_001_RZ,0.012982509808161513,0.012982509808161513,False
random_bp,expectation_value,same_entangling_gate_count,bcw_6q_random_bp,hea,RX_RY_RZ_CNOT,none,linear,cnot,hamiltonian_local,6,8,8,40,40,5,68,2,4,2,RX,0,78,layer_004_wire_002_RX,0.03813211991645991,0.03813211991645991,False
random_bp,expectation_value,same_entangling_gate_count,bcw_6q_random_bp,hea,RX_RY_RZ_CNOT,none,linear,cnot,hamiltonian_local,6,8,8,40,40,5,68,2,4,2,RY,1,79,layer_004_wire_002_RY,-0.02613954791028881,0.02613954791028881,False
random_bp,expectation_value,same_entangling_gate_count,bcw_6q_random_bp,hea,RX_RY_RZ_CNOT,none,linear,cnot,hamiltonian_local,6,8,8,40,40,5,68,2,4,2,RZ,2,80,layer_004_wire_002_RZ,0.02850206467781359,0.02850206467781359,False
random_bp,expectation_value,same_entangling_gate_count,bcw_6q_random_bp,hea,RX_RY_RZ_CNOT,none,linear,cnot,hamiltonian_local,6,8,8,40,40,5,68,2,4,3,RX,0,81,layer_004_wire_003_RX,0.03962716017381298,0.03962716017381298,False
random_bp,expectation_value,same_entangling_gate_count,bcw_6q_random_bp,hea,RX_RY_RZ_CNOT,none,linear,cnot,hamiltonian_local,6,8,8,40,40,5,68,2,4,3,RY,1,82,layer_004_wire_003_RY,0.01808209150008091,0.01808209150008091,False
random_bp,expectation_value,same_entangling_gate_count,bcw_6q_random_bp,hea,RX_RY_RZ_CNOT,none,linear,cnot,hamiltonian_local,6,8,8,40,40,5,68,2,4,3,RZ,2,83,layer_004_wire_003_RZ,0.0030844554820877823,0.0030844554820877823,False
random_bp,expectation_value,same_entangling_gate_count,bcw_6q_random_bp,hea,RX_RY_RZ_CNOT,none,linear,cnot,hamiltonian_local,6,8,8,40,40,5,68,2,4,4,RX,0,84,layer_004_wire_004_RX,0.0275165852997004,0.0275165852997004,False
random_bp,expectation_value,same_entangling_gate_count,bcw_6q_random_bp,hea,RX_RY_RZ_CNOT,none,linear,cnot,hamiltonian_local,6,8,8,40,40,5,68,2,4,4,RY,1,85,layer_004_wire_004_RY,0.008937295721617826,0.008937295721617826,False
random_bp,expectation_value,same_entangling_gate_count,bcw_6q_random_bp,hea,RX_RY_RZ_CNOT,none,linear,cnot,hamiltonian_local,6,8,8,40,40,5,68,2,4,4,RZ,2,86,layer_004_wire_004_RZ,0.026254503623245575,0.026254503623245575,False
random_bp,expectation_value,same_entangling_gate_count,bcw_6q_random_bp,hea,RX_RY_RZ_CNOT,none,linear,cnot,hamiltonian_local,6,8,8,40,40,5,68,2,4,5,RX,0,87,layer_004_wire_005_RX,-0.004700268543728379,0.004700268543728379,False
random_bp,expectation_value,same_entangling_gate_count,bcw_6q_random_bp,hea,RX_RY_RZ_CNOT,none,linear,cnot,hamiltonian_local,6,8,8,40,40,5,68,2,4,5,RY,1,88,layer_004_wire_005_RY,-0.0036463886655625014,0.0036463886655625014,False
random_bp,expectation_value,same_entangling_gate_count,bcw_6q_random_bp,hea,RX_RY_RZ_CNOT,none,linear,cnot,hamiltonian_local,6,8,8,40,40,5,68,2,4,5,RZ,2,89,layer_004_wire_005_RZ,0.006499646124344569,0.006499646124344569,False
random_bp,expectation_value,same_entangling_gate_count,bcw_6q_random_bp,hea,RX_RY_RZ_CNOT,none,linear,cnot,hamiltonian_local,6,8,8,40,40,5,68,2,5,0,RX,0,90,layer_005_wire_000_RX,0.04085237773489838,0.04085237773489838,False
random_bp,expectation_value,same_entangling_gate_count,bcw_6q_random_bp,hea,RX_RY_RZ_CNOT,none,linear,cnot,hamiltonian_local,6,8,8,40,40,5,68,2,5,0,RY,1,91,layer_005_wire_000_RY,0.011975919670324606,0.011975919670324606,False
random_bp,expectation_value,same_entangling_gate_count,bcw_6q_random_bp,hea,RX_RY_RZ_CNOT,none,linear,cnot,hamiltonian_local,6,8,8,40,40,5,68,2,5,0,RZ,2,92,layer_005_wire_000_RZ,0.003079096431062049,0.003079096431062049,False
random_bp,expectation_value,same_entangling_gate_count,bcw_6q_random_bp,hea,RX_RY_RZ_CNOT,none,linear,cnot,hamiltonian_local,6,8,8,40,40,5,68,2,5,1,RX,0,93,layer_005_wire_001_RX,0.0640635123916287,0.0640635123916287,False
random_bp,expectation_value,same_entangling_gate_count,bcw_6q_random_bp,hea,RX_RY_RZ_CNOT,none,linear,cnot,hamiltonian_local,6,8,8,40,40,5,68,2,5,1,RY,1,94,layer_005_wire_001_RY,-0.02797750627997611,0.02797750627997611,False
random_bp,expectation_value,same_entangling_gate_count,bcw_6q_random_bp,hea,RX_RY_RZ_CNOT,none,linear,cnot,hamiltonian_local,6,8,8,40,40,5,68,2,5,1,RZ,2,95,layer_005_wire_001_RZ,-0.002924050649904278,0.002924050649904278,False
random_bp,expectation_value,same_entangling_gate_count,bcw_6q_random_bp,hea,RX_RY_RZ_CNOT,none,linear,cnot,hamiltonian_local,6,8,8,40,40,5,68,2,5,2,RX,0,96,layer_005_wire_002_RX,0.005255397720150679,0.005255397720150679,False
random_bp,expectation_value,same_entangling_gate_count,bcw_6q_random_bp,hea,RX_RY_RZ_CNOT,none,linear,cnot,hamiltonian_local,6,8,8,40,40,5,68,2,5,2,RY,1,97,layer_005_wire_002_RY,-0.019480140946927647,0.019480140946927647,False
random_bp,expectation_value,same_entangling_gate_count,bcw_6q_random_bp,hea,RX_RY_RZ_CNOT,none,linear,cnot,hamiltonian_local,6,8,8,40,40,5,68,2,5,2,RZ,2,98,layer_005_wire_002_RZ,0.032583173457998035,0.032583173457998035,False
random_bp,expectation_value,same_entangling_gate_count,bcw_6q_random_bp,hea,RX_RY_RZ_CNOT,none,linear,cnot,hamiltonian_local,6,8,8,40,40,5,68,2,5,3,RX,0,99,layer_005_wire_003_RX,0.030389562450471332,0.030389562450471332,False
random_bp,expectation_value,same_entangling_gate_count,bcw_6q_random_bp,hea,RX_RY_RZ_CNOT,none,linear,cnot,hamiltonian_local,6,8,8,40,40,5,68,2,5,3,RY,1,100,layer_005_wire_003_RY,-0.0432381954433162,0.0432381954433162,False
random_bp,expectation_value,same_entangling_gate_count,bcw_6q_random_bp,hea,RX_RY_RZ_CNOT,none,linear,cnot,hamiltonian_local,6,8,8,40,40,5,68,2,5,3,RZ,2,101,layer_005_wire_003_RZ,0.04503555135266763,0.04503555135266763,False
random_bp,expectation_value,same_entangling_gate_count,bcw_6q_random_bp,hea,RX_RY_RZ_CNOT,none,linear,cnot,hamiltonian_local,6,8,8,40,40,5,68,2,5,4,RX,0,102,layer_005_wire_004_RX,0.005498521800807583,0.005498521800807583,False
random_bp,expectation_value,same_entangling_gate_count,bcw_6q_random_bp,hea,RX_RY_RZ_CNOT,none,linear,cnot,hamiltonian_local,6,8,8,40,40,5,68,2,5,4,RY,1,103,layer_005_wire_004_RY,0.038856173779135555,0.038856173779135555,False
random_bp,expectation_value,same_entangling_gate_count,bcw_6q_random_bp,hea,RX_RY_RZ_CNOT,none,linear,cnot,hamiltonian_local,6,8,8,40,40,5,68,2,5,4,RZ,2,104,layer_005_wire_004_RZ,0.012656963274260871,0.012656963274260871,False
random_bp,expectation_value,same_entangling_gate_count,bcw_6q_random_bp,hea,RX_RY_RZ_CNOT,none,linear,cnot,hamiltonian_local,6,8,8,40,40,5,68,2,5,5,RX,0,105,layer_005_wire_005_RX,-0.012059964769604923,0.012059964769604923,False
random_bp,expectation_value,same_entangling_gate_count,bcw_6q_random_bp,hea,RX_RY_RZ_CNOT,none,linear,cnot,hamiltonian_local,6,8,8,40,40,5,68,2,5,5,RY,1,106,layer_005_wire_005_RY,0.010703412314607915,0.010703412314607915,False
random_bp,expectation_value,same_entangling_gate_count,bcw_6q_random_bp,hea,RX_RY_RZ_CNOT,none,linear,cnot,hamiltonian_local,6,8,8,40,40,5,68,2,5,5,RZ,2,107,layer_005_wire_005_RZ,0.06311053886081142,0.06311053886081142,False
random_bp,expectation_value,same_entangling_gate_count,bcw_6q_random_bp,hea,RX_RY_RZ_CNOT,none,linear,cnot,hamiltonian_local,6,8,8,40,40,5,68,2,6,0,RX,0,108,layer_006_wire_000_RX,0.003641846208442801,0.003641846208442801,False
random_bp,expectation_value,same_entangling_gate_count,bcw_6q_random_bp,hea,RX_RY_RZ_CNOT,none,linear,cnot,hamiltonian_local,6,8,8,40,40,5,68,2,6,0,RY,1,109,layer_006_wire_000_RY,-0.0747108027768563,0.0747108027768563,False
random_bp,expectation_value,same_entangling_gate_count,bcw_6q_random_bp,hea,RX_RY_RZ_CNOT,none,linear,cnot,hamiltonian_local,6,8,8,40,40,5,68,2,6,0,RZ,2,110,layer_006_wire_000_RZ,-3.6348931732316324e-18,3.6348931732316324e-18,True
random_bp,expectation_value,same_entangling_gate_count,bcw_6q_random_bp,hea,RX_RY_RZ_CNOT,none,linear,cnot,hamiltonian_local,6,8,8,40,40,5,68,2,6,1,RX,0,111,layer_006_wire_001_RX,-0.021725858216574634,0.021725858216574634,False
random_bp,expectation_value,same_entangling_gate_count,bcw_6q_random_bp,hea,RX_RY_RZ_CNOT,none,linear,cnot,hamiltonian_local,6,8,8,40,40,5,68,2,6,1,RY,1,112,layer_006_wire_001_RY,0.006372067400160862,0.006372067400160862,False
random_bp,expectation_value,same_entangling_gate_count,bcw_6q_random_bp,hea,RX_RY_RZ_CNOT,none,linear,cnot,hamiltonian_local,6,8,8,40,40,5,68,2,6,1,RZ,2,113,layer_006_wire_001_RZ,-0.006000361641426094,0.006000361641426094,False
random_bp,expectation_value,same_entangling_gate_count,bcw_6q_random_bp,hea,RX_RY_RZ_CNOT,none,linear,cnot,hamiltonian_local,6,8,8,40,40,5,68,2,6,2,RX,0,114,layer_006_wire_002_RX,-0.01932065228557979,0.01932065228557979,False
random_bp,expectation_value,same_entangling_gate_count,bcw_6q_random_bp,hea,RX_RY_RZ_CNOT,none,linear,cnot,hamiltonian_local,6,8,8,40,40,5,68,2,6,2,RY,1,115,layer_006_wire_002_RY,0.03392066350423599,0.03392066350423599,False
random_bp,expectation_value,same_entangling_gate_count,bcw_6q_random_bp,hea,RX_RY_RZ_CNOT,none,linear,cnot,hamiltonian_local,6,8,8,40,40,5,68,2,6,2,RZ,2,116,layer_006_wire_002_RZ,0.014144534427634614,0.014144534427634614,False
random_bp,expectation_value,same_entangling_gate_count,bcw_6q_random_bp,hea,RX_RY_RZ_CNOT,none,linear,cnot,hamiltonian_local,6,8,8,40,40,5,68,2,6,3,RX,0,117,layer_006_wire_003_RX,0.02108293498106987,0.02108293498106987,False
random_bp,expectation_value,same_entangling_gate_count,bcw_6q_random_bp,hea,RX_RY_RZ_CNOT,none,linear,cnot,hamiltonian_local,6,8,8,40,40,5,68,2,6,3,RY,1,118,layer_006_wire_003_RY,0.01119741797048093,0.01119741797048093,False
random_bp,expectation_value,same_entangling_gate_count,bcw_6q_random_bp,hea,RX_RY_RZ_CNOT,none,linear,cnot,hamiltonian_local,6,8,8,40,40,5,68,2,6,3,RZ,2,119,layer_006_wire_003_RZ,0.03791920871021022,0.03791920871021022,False
random_bp,expectation_value,same_entangling_gate_count,bcw_6q_random_bp,hea,RX_RY_RZ_CNOT,none,linear,cnot,hamiltonian_local,6,8,8,40,40,5,68,2,6,4,RX,0,120,layer_006_wire_004_RX,-0.01069013348923093,0.01069013348923093,False
random_bp,expectation_value,same_entangling_gate_count,bcw_6q_random_bp,hea,RX_RY_RZ_CNOT,none,linear,cnot,hamiltonian_local,6,8,8,40,40,5,68,2,6,4,RY,1,121,layer_006_wire_004_RY,0.038353784540210434,0.038353784540210434,False
random_bp,expectation_value,same_entangling_gate_count,bcw_6q_random_bp,hea,RX_RY_RZ_CNOT,none,linear,cnot,hamiltonian_local,6,8,8,40,40,5,68,2,6,4,RZ,2,122,layer_006_wire_004_RZ,-0.01040220457392654,0.01040220457392654,False
random_bp,expectation_value,same_entangling_gate_count,bcw_6q_random_bp,hea,RX_RY_RZ_CNOT,none,linear,cnot,hamiltonian_local,6,8,8,40,40,5,68,2,6,5,RX,0,123,layer_006_wire_005_RX,0.0007648798394752354,0.0007648798394752354,False
random_bp,expectation_value,same_entangling_gate_count,bcw_6q_random_bp,hea,RX_RY_RZ_CNOT,none,linear,cnot,hamiltonian_local,6,8,8,40,40,5,68,2,6,5,RY,1,124,layer_006_wire_005_RY,0.013252072571177106,0.013252072571177106,False
random_bp,expectation_value,same_entangling_gate_count,bcw_6q_random_bp,hea,RX_RY_RZ_CNOT,none,linear,cnot,hamiltonian_local,6,8,8,40,40,5,68,2,6,5,RZ,2,125,layer_006_wire_005_RZ,-0.024781519416238844,0.024781519416238844,False
random_bp,expectation_value,same_entangling_gate_count,bcw_6q_random_bp,hea,RX_RY_RZ_CNOT,none,linear,cnot,hamiltonian_local,6,8,8,40,40,5,68,2,7,0,RX,0,126,layer_007_wire_000_RX,-6.938893903907228e-18,6.938893903907228e-18,True
random_bp,expectation_value,same_entangling_gate_count,bcw_6q_random_bp,hea,RX_RY_RZ_CNOT,none,linear,cnot,hamiltonian_local,6,8,8,40,40,5,68,2,7,0,RY,1,127,layer_007_wire_000_RY,1.734723475976807e-18,1.734723475976807e-18,True
random_bp,expectation_value,same_entangling_gate_count,bcw_6q_random_bp,hea,RX_RY_RZ_CNOT,none,linear,cnot,hamiltonian_local,6,8,8,40,40,5,68,2,7,0,RZ,2,128,layer_007_wire_000_RZ,-6.893917736064523e-18,6.893917736064523e-18,True
random_bp,expectation_value,same_entangling_gate_count,bcw_6q_random_bp,hea,RX_RY_RZ_CNOT,none,linear,cnot,hamiltonian_local,6,8,8,40,40,5,68,2,7,1,RX,0,129,layer_007_wire_001_RX,-0.013159115443016307,0.013159115443016307,False
random_bp,expectation_value,same_entangling_gate_count,bcw_6q_random_bp,hea,RX_RY_RZ_CNOT,none,linear,cnot,hamiltonian_local,6,8,8,40,40,5,68,2,7,1,RY,1,130,layer_007_wire_001_RY,0.035836111791243734,0.035836111791243734,False
random_bp,expectation_value,same_entangling_gate_count,bcw_6q_random_bp,hea,RX_RY_RZ_CNOT,none,linear,cnot,hamiltonian_local,6,8,8,40,40,5,68,2,7,1,RZ,2,131,layer_007_wire_001_RZ,-1.4807306334521336e-17,1.4807306334521336e-17,True
random_bp,expectation_value,same_entangling_gate_count,bcw_6q_random_bp,hea,RX_RY_RZ_CNOT,none,linear,cnot,hamiltonian_local,6,8,8,40,40,5,68,2,7,2,RX,0,132,layer_007_wire_002_RX,0.03006931766177137,0.03006931766177137,False
random_bp,expectation_value,same_entangling_gate_count,bcw_6q_random_bp,hea,RX_RY_RZ_CNOT,none,linear,cnot,hamiltonian_local,6,8,8,40,40,5,68,2,7,2,RY,1,133,layer_007_wire_002_RY,-0.0013087732846723292,0.0013087732846723292,False
random_bp,expectation_value,same_entangling_gate_count,bcw_6q_random_bp,hea,RX_RY_RZ_CNOT,none,linear,cnot,hamiltonian_local,6,8,8,40,40,5,68,2,7,2,RZ,2,134,layer_007_wire_002_RZ,-9.472547815343662e-19,9.472547815343662e-19,True
random_bp,expectation_value,same_entangling_gate_count,bcw_6q_random_bp,hea,RX_RY_RZ_CNOT,none,linear,cnot,hamiltonian_local,6,8,8,40,40,5,68,2,7,3,RX,0,135,layer_007_wire_003_RX,-0.0062506471326129135,0.0062506471326129135,False
random_bp,expectation_value,same_entangling_gate_count,bcw_6q_random_bp,hea,RX_RY_RZ_CNOT,none,linear,cnot,hamiltonian_local,6,8,8,40,40,5,68,2,7,3,RY,1,136,layer_007_wire_003_RY,-0.01267414047709639,0.01267414047709639,False
random_bp,expectation_value,same_entangling_gate_count,bcw_6q_random_bp,hea,RX_RY_RZ_CNOT,none,linear,cnot,hamiltonian_local,6,8,8,40,40,5,68,2,7,3,RZ,2,137,layer_007_wire_003_RZ,-5.829691955899332e-18,5.829691955899332e-18,True
random_bp,expectation_value,same_entangling_gate_count,bcw_6q_random_bp,hea,RX_RY_RZ_CNOT,none,linear,cnot,hamiltonian_local,6,8,8,40,40,5,68,2,7,4,RX,0,138,layer_007_wire_004_RX,0.004297663539467686,0.004297663539467686,False
random_bp,expectation_value,same_entangling_gate_count,bcw_6q_random_bp,hea,RX_RY_RZ_CNOT,none,linear,cnot,hamiltonian_local,6,8,8,40,40,5,68,2,7,4,RY,1,139,layer_007_wire_004_RY,-0.03947183253660489,0.03947183253660489,False
random_bp,expectation_value,same_entangling_gate_count,bcw_6q_random_bp,hea,RX_RY_RZ_CNOT,none,linear,cnot,hamiltonian_local,6,8,8,40,40,5,68,2,7,4,RZ,2,140,layer_007_wire_004_RZ,-1.6417792153415025e-17,1.6417792153415025e-17,True
random_bp,expectation_value,same_entangling_gate_count,bcw_6q_random_bp,hea,RX_RY_RZ_CNOT,none,linear,cnot,hamiltonian_local,6,8,8,40,40,5,68,2,7,5,RX,0,141,layer_007_wire_005_RX,-0.015658470762086336,0.015658470762086336,False
random_bp,expectation_value,same_entangling_gate_count,bcw_6q_random_bp,hea,RX_RY_RZ_CNOT,none,linear,cnot,hamiltonian_local,6,8,8,40,40,5,68,2,7,5,RY,1,142,layer_007_wire_005_RY,0.007259110569079959,0.007259110569079959,False
random_bp,expectation_value,same_entangling_gate_count,bcw_6q_random_bp,hea,RX_RY_RZ_CNOT,none,linear,cnot,hamiltonian_local,6,8,8,40,40,5,68,2,7,5,RZ,2,143,layer_007_wire_005_RZ,7.489858496594421e-19,7.489858496594421e-19,True
random_bp,expectation_value,same_entangling_gate_count,bcw_6q_random_bp,hea,RX_RY_RZ_CNOT,none,circular,cnot,hamiltonian_local,6,8,7,40,42,6,69,0,0,0,RX,0,0,layer_000_wire_000_RX,-0.03489473821690389,0.03489473821690389,False
random_bp,expectation_value,same_entangling_gate_count,bcw_6q_random_bp,hea,RX_RY_RZ_CNOT,none,circular,cnot,hamiltonian_local,6,8,7,40,42,6,69,0,0,0,RY,1,1,layer_000_wire_000_RY,-0.02657548772244818,0.02657548772244818,False
random_bp,expectation_value,same_entangling_gate_count,bcw_6q_random_bp,hea,RX_RY_RZ_CNOT,none,circular,cnot,hamiltonian_local,6,8,7,40,42,6,69,0,0,0,RZ,2,2,layer_000_wire_000_RZ,-0.03845757273259401,0.03845757273259401,False
random_bp,expectation_value,same_entangling_gate_count,bcw_6q_random_bp,hea,RX_RY_RZ_CNOT,none,circular,cnot,hamiltonian_local,6,8,7,40,42,6,69,0,0,1,RX,0,3,layer_000_wire_001_RX,0.05484108982329223,0.05484108982329223,False
random_bp,expectation_value,same_entangling_gate_count,bcw_6q_random_bp,hea,RX_RY_RZ_CNOT,none,circular,cnot,hamiltonian_local,6,8,7,40,42,6,69,0,0,1,RY,1,4,layer_000_wire_001_RY,0.045554967875461955,0.045554967875461955,False
random_bp,expectation_value,same_entangling_gate_count,bcw_6q_random_bp,hea,RX_RY_RZ_CNOT,none,circular,cnot,hamiltonian_local,6,8,7,40,42,6,69,0,0,1,RZ,2,5,layer_000_wire_001_RZ,-0.05240250788172005,0.05240250788172005,False
random_bp,expectation_value,same_entangling_gate_count,bcw_6q_random_bp,hea,RX_RY_RZ_CNOT,none,circular,cnot,hamiltonian_local,6,8,7,40,42,6,69,0,0,2,RX,0,6,layer_000_wire_002_RX,0.026403738251217623,0.026403738251217623,False
random_bp,expectation_value,same_entangling_gate_count,bcw_6q_random_bp,hea,RX_RY_RZ_CNOT,none,circular,cnot,hamiltonian_local,6,8,7,40,42,6,69,0,0,2,RY,1,7,layer_000_wire_002_RY,-0.047184250950508475,0.047184250950508475,False
random_bp,expectation_value,same_entangling_gate_count,bcw_6q_random_bp,hea,RX_RY_RZ_CNOT,none,circular,cnot,hamiltonian_local,6,8,7,40,42,6,69,0,0,2,RZ,2,8,layer_000_wire_002_RZ,-0.030987547083193893,0.030987547083193893,False
random_bp,expectation_value,same_entangling_gate_count,bcw_6q_random_bp,hea,RX_RY_RZ_CNOT,none,circular,cnot,hamiltonian_local,6,8,7,40,42,6,69,0,0,3,RX,0,9,layer_000_wire_003_RX,-0.06585717670044028,0.06585717670044028,False
random_bp,expectation_value,same_entangling_gate_count,bcw_6q_random_bp,hea,RX_RY_RZ_CNOT,none,circular,cnot,hamiltonian_local,6,8,7,40,42,6,69,0,0,3,RY,1,10,layer_000_wire_003_RY,-0.0456614056515893,0.0456614056515893,False
random_bp,expectation_value,same_entangling_gate_count,bcw_6q_random_bp,hea,RX_RY_RZ_CNOT,none,circular,cnot,hamiltonian_local,6,8,7,40,42,6,69,0,0,3,RZ,2,11,layer_000_wire_003_RZ,0.05236493868675508,0.05236493868675508,False
random_bp,expectation_value,same_entangling_gate_count,bcw_6q_random_bp,hea,RX_RY_RZ_CNOT,none,circular,cnot,hamiltonian_local,6,8,7,40,42,6,69,0,0,4,RX,0,12,layer_000_wire_004_RX,-0.06242467381776434,0.06242467381776434,False
random_bp,expectation_value,same_entangling_gate_count,bcw_6q_random_bp,hea,RX_RY_RZ_CNOT,none,circular,cnot,hamiltonian_local,6,8,7,40,42,6,69,0,0,4,RY,1,13,layer_000_wire_004_RY,-0.017219145190151854,0.017219145190151854,False
random_bp,expectation_value,same_entangling_gate_count,bcw_6q_random_bp,hea,RX_RY_RZ_CNOT,none,circular,cnot,hamiltonian_local,6,8,7,40,42,6,69,0,0,4,RZ,2,14,layer_000_wire_004_RZ,-0.034117724699432486,0.034117724699432486,False
random_bp,expectation_value,same_entangling_gate_count,bcw_6q_random_bp,hea,RX_RY_RZ_CNOT,none,circular,cnot,hamiltonian_local,6,8,7,40,42,6,69,0,0,5,RX,0,15,layer_000_wire_005_RX,0.0026336517673830606,0.0026336517673830606,False
random_bp,expectation_value,same_entangling_gate_count,bcw_6q_random_bp,hea,RX_RY_RZ_CNOT,none,circular,cnot,hamiltonian_local,6,8,7,40,42,6,69,0,0,5,RY,1,16,layer_000_wire_005_RY,0.023828856580466205,0.023828856580466205,False
random_bp,expectation_value,same_entangling_gate_count,bcw_6q_random_bp,hea,RX_RY_RZ_CNOT,none,circular,cnot,hamiltonian_local,6,8,7,40,42,6,69,0,0,5,RZ,2,17,layer_000_wire_005_RZ,-0.0328327181651788,0.0328327181651788,False
random_bp,expectation_value,same_entangling_gate_count,bcw_6q_random_bp,hea,RX_RY_RZ_CNOT,none,circular,cnot,hamiltonian_local,6,8,7,40,42,6,69,0,1,0,RX,0,18,layer_001_wire_000_RX,0.002990923344157806,0.002990923344157806,False
random_bp,expectation_value,same_entangling_gate_count,bcw_6q_random_bp,hea,RX_RY_RZ_CNOT,none,circular,cnot,hamiltonian_local,6,8,7,40,42,6,69,0,1,0,RY,1,19,layer_001_wire_000_RY,0.13218871987473998,0.13218871987473998,False
random_bp,expectation_value,same_entangling_gate_count,bcw_6q_random_bp,hea,RX_RY_RZ_CNOT,none,circular,cnot,hamiltonian_local,6,8,7,40,42,6,69,0,1,0,RZ,2,20,layer_001_wire_000_RZ,0.054246819590553295,0.054246819590553295,False
random_bp,expectation_value,same_entangling_gate_count,bcw_6q_random_bp,hea,RX_RY_RZ_CNOT,none,circular,cnot,hamiltonian_local,6,8,7,40,42,6,69,0,1,1,RX,0,21,layer_001_wire_001_RX,-0.019564624926883614,0.019564624926883614,False
random_bp,expectation_value,same_entangling_gate_count,bcw_6q_random_bp,hea,RX_RY_RZ_CNOT,none,circular,cnot,hamiltonian_local,6,8,7,40,42,6,69,0,1,1,RY,1,22,layer_001_wire_001_RY,-0.024225246474924425,0.024225246474924425,False
random_bp,expectation_value,same_entangling_gate_count,bcw_6q_random_bp,hea,RX_RY_RZ_CNOT,none,circular,cnot,hamiltonian_local,6,8,7,40,42,6,69,0,1,1,RZ,2,23,layer_001_wire_001_RZ,-0.0030487161361499497,0.0030487161361499497,False
random_bp,expectation_value,same_entangling_gate_count,bcw_6q_random_bp,hea,RX_RY_RZ_CNOT,none,circular,cnot,hamiltonian_local,6,8,7,40,42,6,69,0,1,2,RX,0,24,layer_001_wire_002_RX,-0.06353605634888065,0.06353605634888065,False
random_bp,expectation_value,same_entangling_gate_count,bcw_6q_random_bp,hea,RX_RY_RZ_CNOT,none,circular,cnot,hamiltonian_local,6,8,7,40,42,6,69,0,1,2,RY,1,25,layer_001_wire_002_RY,0.0026381450194966974,0.0026381450194966974,False
random_bp,expectation_value,same_entangling_gate_count,bcw_6q_random_bp,hea,RX_RY_RZ_CNOT,none,circular,cnot,hamiltonian_local,6,8,7,40,42,6,69,0,1,2,RZ,2,26,layer_001_wire_002_RZ,-0.043913093180230095,0.043913093180230095,False
random_bp,expectation_value,same_entangling_gate_count,bcw_6q_random_bp,hea,RX_RY_RZ_CNOT,none,circular,cnot,hamiltonian_local,6,8,7,40,42,6,69,0,1,3,RX,0,27,layer_001_wire_003_RX,-0.03269954375277252,0.03269954375277252,False
random_bp,expectation_value,same_entangling_gate_count,bcw_6q_random_bp,hea,RX_RY_RZ_CNOT,none,circular,cnot,hamiltonian_local,6,8,7,40,42,6,69,0,1,3,RY,1,28,layer_001_wire_003_RY,0.032346918718770025,0.032346918718770025,False
random_bp,expectation_value,same_entangling_gate_count,bcw_6q_random_bp,hea,RX_RY_RZ_CNOT,none,circular,cnot,hamiltonian_local,6,8,7,40,42,6,69,0,1,3,RZ,2,29,layer_001_wire_003_RZ,0.028192841287677475,0.028192841287677475,False
random_bp,expectation_value,same_entangling_gate_count,bcw_6q_random_bp,hea,RX_RY_RZ_CNOT,none,circular,cnot,hamiltonian_local,6,8,7,40,42,6,69,0,1,4,RX,0,30,layer_001_wire_004_RX,0.03454100351254329,0.03454100351254329,False
random_bp,expectation_value,same_entangling_gate_count,bcw_6q_random_bp,hea,RX_RY_RZ_CNOT,none,circular,cnot,hamiltonian_local,6,8,7,40,42,6,69,0,1,4,RY,1,31,layer_001_wire_004_RY,0.035073188572916365,0.035073188572916365,False
random_bp,expectation_value,same_entangling_gate_count,bcw_6q_random_bp,hea,RX_RY_RZ_CNOT,none,circular,cnot,hamiltonian_local,6,8,7,40,42,6,69,0,1,4,RZ,2,32,layer_001_wire_004_RZ,-0.013431010392288036,0.013431010392288036,False
random_bp,expectation_value,same_entangling_gate_count,bcw_6q_random_bp,hea,RX_RY_RZ_CNOT,none,circular,cnot,hamiltonian_local,6,8,7,40,42,6,69,0,1,5,RX,0,33,layer_001_wire_005_RX,0.022106291779590254,0.022106291779590254,False
random_bp,expectation_value,same_entangling_gate_count,bcw_6q_random_bp,hea,RX_RY_RZ_CNOT,none,circular,cnot,hamiltonian_local,6,8,7,40,42,6,69,0,1,5,RY,1,34,layer_001_wire_005_RY,0.013924546800438347,0.013924546800438347,False
random_bp,expectation_value,same_entangling_gate_count,bcw_6q_random_bp,hea,RX_RY_RZ_CNOT,none,circular,cnot,hamiltonian_local,6,8,7,40,42,6,69,0,1,5,RZ,2,35,layer_001_wire_005_RZ,-0.09079426457496725,0.09079426457496725,False
random_bp,expectation_value,same_entangling_gate_count,bcw_6q_random_bp,hea,RX_RY_RZ_CNOT,none,circular,cnot,hamiltonian_local,6,8,7,40,42,6,69,0,2,0,RX,0,36,layer_002_wire_000_RX,0.10963357278265255,0.10963357278265255,False
random_bp,expectation_value,same_entangling_gate_count,bcw_6q_random_bp,hea,RX_RY_RZ_CNOT,none,circular,cnot,hamiltonian_local,6,8,7,40,42,6,69,0,2,0,RY,1,37,layer_002_wire_000_RY,0.04391926137942636,0.04391926137942636,False
random_bp,expectation_value,same_entangling_gate_count,bcw_6q_random_bp,hea,RX_RY_RZ_CNOT,none,circular,cnot,hamiltonian_local,6,8,7,40,42,6,69,0,2,0,RZ,2,38,layer_002_wire_000_RZ,-0.11132242560815953,0.11132242560815953,False
random_bp,expectation_value,same_entangling_gate_count,bcw_6q_random_bp,hea,RX_RY_RZ_CNOT,none,circular,cnot,hamiltonian_local,6,8,7,40,42,6,69,0,2,1,RX,0,39,layer_002_wire_001_RX,0.03986364598276426,0.03986364598276426,False
random_bp,expectation_value,same_entangling_gate_count,bcw_6q_random_bp,hea,RX_RY_RZ_CNOT,none,circular,cnot,hamiltonian_local,6,8,7,40,42,6,69,0,2,1,RY,1,40,layer_002_wire_001_RY,-0.046809761401619576,0.046809761401619576,False
random_bp,expectation_value,same_entangling_gate_count,bcw_6q_random_bp,hea,RX_RY_RZ_CNOT,none,circular,cnot,hamiltonian_local,6,8,7,40,42,6,69,0,2,1,RZ,2,41,layer_002_wire_001_RZ,-0.0046022197973067565,0.0046022197973067565,False
random_bp,expectation_value,same_entangling_gate_count,bcw_6q_random_bp,hea,RX_RY_RZ_CNOT,none,circular,cnot,hamiltonian_local,6,8,7,40,42,6,69,0,2,2,RX,0,42,layer_002_wire_002_RX,0.04767355576850209,0.04767355576850209,False
random_bp,expectation_value,same_entangling_gate_count,bcw_6q_random_bp,hea,RX_RY_RZ_CNOT,none,circular,cnot,hamiltonian_local,6,8,7,40,42,6,69,0,2,2,RY,1,43,layer_002_wire_002_RY,0.006287110517259845,0.006287110517259845,False
random_bp,expectation_value,same_entangling_gate_count,bcw_6q_random_bp,hea,RX_RY_RZ_CNOT,none,circular,cnot,hamiltonian_local,6,8,7,40,42,6,69,0,2,2,RZ,2,44,layer_002_wire_002_RZ,0.02066150813332368,0.02066150813332368,False
random_bp,expectation_value,same_entangling_gate_count,bcw_6q_random_bp,hea,RX_RY_RZ_CNOT,none,circular,cnot,hamiltonian_local,6,8,7,40,42,6,69,0,2,3,RX,0,45,layer_002_wire_003_RX,-0.07966294401098828,0.07966294401098828,False
random_bp,expectation_value,same_entangling_gate_count,bcw_6q_random_bp,hea,RX_RY_RZ_CNOT,none,circular,cnot,hamiltonian_local,6,8,7,40,42,6,69,0,2,3,RY,1,46,layer_002_wire_003_RY,0.005482389540928279,0.005482389540928279,False
random_bp,expectation_value,same_entangling_gate_count,bcw_6q_random_bp,hea,RX_RY_RZ_CNOT,none,circular,cnot,hamiltonian_local,6,8,7,40,42,6,69,0,2,3,RZ,2,47,layer_002_wire_003_RZ,-0.0671164562778579,0.0671164562778579,False
random_bp,expectation_value,same_entangling_gate_count,bcw_6q_random_bp,hea,RX_RY_RZ_CNOT,none,circular,cnot,hamiltonian_local,6,8,7,40,42,6,69,0,2,4,RX,0,48,layer_002_wire_004_RX,-0.05376113245170691,0.05376113245170691,False
random_bp,expectation_value,same_entangling_gate_count,bcw_6q_random_bp,hea,RX_RY_RZ_CNOT,none,circular,cnot,hamiltonian_local,6,8,7,40,42,6,69,0,2,4,RY,1,49,layer_002_wire_004_RY,0.013922918982329974,0.013922918982329974,False
random_bp,expectation_value,same_entangling_gate_count,bcw_6q_random_bp,hea,RX_RY_RZ_CNOT,none,circular,cnot,hamiltonian_local,6,8,7,40,42,6,69,0,2,4,RZ,2,50,layer_002_wire_004_RZ,0.029182903775119222,0.029182903775119222,False
random_bp,expectation_value,same_entangling_gate_count,bcw_6q_random_bp,hea,RX_RY_RZ_CNOT,none,circular,cnot,hamiltonian_local,6,8,7,40,42,6,69,0,2,5,RX,0,51,layer_002_wire_005_RX,-0.010044154168617786,0.010044154168617786,False
random_bp,expectation_value,same_entangling_gate_count,bcw_6q_random_bp,hea,RX_RY_RZ_CNOT,none,circular,cnot,hamiltonian_local,6,8,7,40,42,6,69,0,2,5,RY,1,52,layer_002_wire_005_RY,-0.011757836837997304,0.011757836837997304,False
random_bp,expectation_value,same_entangling_gate_count,bcw_6q_random_bp,hea,RX_RY_RZ_CNOT,none,circular,cnot,hamiltonian_local,6,8,7,40,42,6,69,0,2,5,RZ,2,53,layer_002_wire_005_RZ,-0.05306651040021197,0.05306651040021197,False
random_bp,expectation_value,same_entangling_gate_count,bcw_6q_random_bp,hea,RX_RY_RZ_CNOT,none,circular,cnot,hamiltonian_local,6,8,7,40,42,6,69,0,3,0,RX,0,54,layer_003_wire_000_RX,-0.07060066114907133,0.07060066114907133,False
random_bp,expectation_value,same_entangling_gate_count,bcw_6q_random_bp,hea,RX_RY_RZ_CNOT,none,circular,cnot,hamiltonian_local,6,8,7,40,42,6,69,0,3,0,RY,1,55,layer_003_wire_000_RY,-0.025891186952539114,0.025891186952539114,False
random_bp,expectation_value,same_entangling_gate_count,bcw_6q_random_bp,hea,RX_RY_RZ_CNOT,none,circular,cnot,hamiltonian_local,6,8,7,40,42,6,69,0,3,0,RZ,2,56,layer_003_wire_000_RZ,-0.059381972253723034,0.059381972253723034,False
random_bp,expectation_value,same_entangling_gate_count,bcw_6q_random_bp,hea,RX_RY_RZ_CNOT,none,circular,cnot,hamiltonian_local,6,8,7,40,42,6,69,0,3,1,RX,0,57,layer_003_wire_001_RX,0.05349560604495976,0.05349560604495976,False
random_bp,expectation_value,same_entangling_gate_count,bcw_6q_random_bp,hea,RX_RY_RZ_CNOT,none,circular,cnot,hamiltonian_local,6,8,7,40,42,6,69,0,3,1,RY,1,58,layer_003_wire_001_RY,0.008364275802546728,0.008364275802546728,False
random_bp,expectation_value,same_entangling_gate_count,bcw_6q_random_bp,hea,RX_RY_RZ_CNOT,none,circular,cnot,hamiltonian_local,6,8,7,40,42,6,69,0,3,1,RZ,2,59,layer_003_wire_001_RZ,0.06040324531938286,0.06040324531938286,False
random_bp,expectation_value,same_entangling_gate_count,bcw_6q_random_bp,hea,RX_RY_RZ_CNOT,none,circular,cnot,hamiltonian_local,6,8,7,40,42,6,69,0,3,2,RX,0,60,layer_003_wire_002_RX,-0.06923850921197182,0.06923850921197182,False
random_bp,expectation_value,same_entangling_gate_count,bcw_6q_random_bp,hea,RX_RY_RZ_CNOT,none,circular,cnot,hamiltonian_local,6,8,7,40,42,6,69,0,3,2,RY,1,61,layer_003_wire_002_RY,0.002312441145170846,0.002312441145170846,False
random_bp,expectation_value,same_entangling_gate_count,bcw_6q_random_bp,hea,RX_RY_RZ_CNOT,none,circular,cnot,hamiltonian_local,6,8,7,40,42,6,69,0,3,2,RZ,2,62,layer_003_wire_002_RZ,-0.05978655946394927,0.05978655946394927,False
random_bp,expectation_value,same_entangling_gate_count,bcw_6q_random_bp,hea,RX_RY_RZ_CNOT,none,circular,cnot,hamiltonian_local,6,8,7,40,42,6,69,0,3,3,RX,0,63,layer_003_wire_003_RX,0.0037146663634630844,0.0037146663634630844,False
random_bp,expectation_value,same_entangling_gate_count,bcw_6q_random_bp,hea,RX_RY_RZ_CNOT,none,circular,cnot,hamiltonian_local,6,8,7,40,42,6,69,0,3,3,RY,1,64,layer_003_wire_003_RY,0.008881941640024787,0.008881941640024787,False
random_bp,expectation_value,same_entangling_gate_count,bcw_6q_random_bp,hea,RX_RY_RZ_CNOT,none,circular,cnot,hamiltonian_local,6,8,7,40,42,6,69,0,3,3,RZ,2,65,layer_003_wire_003_RZ,-0.010481712805405014,0.010481712805405014,False
random_bp,expectation_value,same_entangling_gate_count,bcw_6q_random_bp,hea,RX_RY_RZ_CNOT,none,circular,cnot,hamiltonian_local,6,8,7,40,42,6,69,0,3,4,RX,0,66,layer_003_wire_004_RX,-0.006596464525260595,0.006596464525260595,False
random_bp,expectation_value,same_entangling_gate_count,bcw_6q_random_bp,hea,RX_RY_RZ_CNOT,none,circular,cnot,hamiltonian_local,6,8,7,40,42,6,69,0,3,4,RY,1,67,layer_003_wire_004_RY,-0.03096298085820024,0.03096298085820024,False
random_bp,expectation_value,same_entangling_gate_count,bcw_6q_random_bp,hea,RX_RY_RZ_CNOT,none,circular,cnot,hamiltonian_local,6,8,7,40,42,6,69,0,3,4,RZ,2,68,layer_003_wire_004_RZ,0.03421660642746388,0.03421660642746388,False
random_bp,expectation_value,same_entangling_gate_count,bcw_6q_random_bp,hea,RX_RY_RZ_CNOT,none,circular,cnot,hamiltonian_local,6,8,7,40,42,6,69,0,3,5,RX,0,69,layer_003_wire_005_RX,0.009201148275170226,0.009201148275170226,False
random_bp,expectation_value,same_entangling_gate_count,bcw_6q_random_bp,hea,RX_RY_RZ_CNOT,none,circular,cnot,hamiltonian_local,6,8,7,40,42,6,69,0,3,5,RY,1,70,layer_003_wire_005_RY,-0.028107661083424725,0.028107661083424725,False
random_bp,expectation_value,same_entangling_gate_count,bcw_6q_random_bp,hea,RX_RY_RZ_CNOT,none,circular,cnot,hamiltonian_local,6,8,7,40,42,6,69,0,3,5,RZ,2,71,layer_003_wire_005_RZ,-0.023017191165654156,0.023017191165654156,False
random_bp,expectation_value,same_entangling_gate_count,bcw_6q_random_bp,hea,RX_RY_RZ_CNOT,none,circular,cnot,hamiltonian_local,6,8,7,40,42,6,69,0,4,0,RX,0,72,layer_004_wire_000_RX,-0.03341448281397381,0.03341448281397381,False
random_bp,expectation_value,same_entangling_gate_count,bcw_6q_random_bp,hea,RX_RY_RZ_CNOT,none,circular,cnot,hamiltonian_local,6,8,7,40,42,6,69,0,4,0,RY,1,73,layer_004_wire_000_RY,-0.03964883106727135,0.03964883106727135,False
random_bp,expectation_value,same_entangling_gate_count,bcw_6q_random_bp,hea,RX_RY_RZ_CNOT,none,circular,cnot,hamiltonian_local,6,8,7,40,42,6,69,0,4,0,RZ,2,74,layer_004_wire_000_RZ,0.03549627898733898,0.03549627898733898,False
random_bp,expectation_value,same_entangling_gate_count,bcw_6q_random_bp,hea,RX_RY_RZ_CNOT,none,circular,cnot,hamiltonian_local,6,8,7,40,42,6,69,0,4,1,RX,0,75,layer_004_wire_001_RX,0.010797033513305687,0.010797033513305687,False
random_bp,expectation_value,same_entangling_gate_count,bcw_6q_random_bp,hea,RX_RY_RZ_CNOT,none,circular,cnot,hamiltonian_local,6,8,7,40,42,6,69,0,4,1,RY,1,76,layer_004_wire_001_RY,-0.018487888522755527,0.018487888522755527,False
random_bp,expectation_value,same_entangling_gate_count,bcw_6q_random_bp,hea,RX_RY_RZ_CNOT,none,circular,cnot,hamiltonian_local,6,8,7,40,42,6,69,0,4,1,RZ,2,77,layer_004_wire_001_RZ,-0.037579653944411,0.037579653944411,False
random_bp,expectation_value,same_entangling_gate_count,bcw_6q_random_bp,hea,RX_RY_RZ_CNOT,none,circular,cnot,hamiltonian_local,6,8,7,40,42,6,69,0,4,2,RX,0,78,layer_004_wire_002_RX,-0.01770819408191457,0.01770819408191457,False
random_bp,expectation_value,same_entangling_gate_count,bcw_6q_random_bp,hea,RX_RY_RZ_CNOT,none,circular,cnot,hamiltonian_local,6,8,7,40,42,6,69,0,4,2,RY,1,79,layer_004_wire_002_RY,-0.04810115207986572,0.04810115207986572,False
random_bp,expectation_value,same_entangling_gate_count,bcw_6q_random_bp,hea,RX_RY_RZ_CNOT,none,circular,cnot,hamiltonian_local,6,8,7,40,42,6,69,0,4,2,RZ,2,80,layer_004_wire_002_RZ,-0.006840184917890564,0.006840184917890564,False
random_bp,expectation_value,same_entangling_gate_count,bcw_6q_random_bp,hea,RX_RY_RZ_CNOT,none,circular,cnot,hamiltonian_local,6,8,7,40,42,6,69,0,4,3,RX,0,81,layer_004_wire_003_RX,-0.03090148245851731,0.03090148245851731,False
random_bp,expectation_value,same_entangling_gate_count,bcw_6q_random_bp,hea,RX_RY_RZ_CNOT,none,circular,cnot,hamiltonian_local,6,8,7,40,42,6,69,0,4,3,RY,1,82,layer_004_wire_003_RY,0.01691406770807351,0.01691406770807351,False
random_bp,expectation_value,same_entangling_gate_count,bcw_6q_random_bp,hea,RX_RY_RZ_CNOT,none,circular,cnot,hamiltonian_local,6,8,7,40,42,6,69,0,4,3,RZ,2,83,layer_004_wire_003_RZ,-0.05723511176488974,0.05723511176488974,False
random_bp,expectation_value,same_entangling_gate_count,bcw_6q_random_bp,hea,RX_RY_RZ_CNOT,none,circular,cnot,hamiltonian_local,6,8,7,40,42,6,69,0,4,4,RX,0,84,layer_004_wire_004_RX,0.021791259087265258,0.021791259087265258,False
random_bp,expectation_value,same_entangling_gate_count,bcw_6q_random_bp,hea,RX_RY_RZ_CNOT,none,circular,cnot,hamiltonian_local,6,8,7,40,42,6,69,0,4,4,RY,1,85,layer_004_wire_004_RY,0.13948180294005397,0.13948180294005397,False
random_bp,expectation_value,same_entangling_gate_count,bcw_6q_random_bp,hea,RX_RY_RZ_CNOT,none,circular,cnot,hamiltonian_local,6,8,7,40,42,6,69,0,4,4,RZ,2,86,layer_004_wire_004_RZ,-0.03137248611228419,0.03137248611228419,False
random_bp,expectation_value,same_entangling_gate_count,bcw_6q_random_bp,hea,RX_RY_RZ_CNOT,none,circular,cnot,hamiltonian_local,6,8,7,40,42,6,69,0,4,5,RX,0,87,layer_004_wire_005_RX,-0.043281298210626463,0.043281298210626463,False
random_bp,expectation_value,same_entangling_gate_count,bcw_6q_random_bp,hea,RX_RY_RZ_CNOT,none,circular,cnot,hamiltonian_local,6,8,7,40,42,6,69,0,4,5,RY,1,88,layer_004_wire_005_RY,0.0036864014488326782,0.0036864014488326782,False
random_bp,expectation_value,same_entangling_gate_count,bcw_6q_random_bp,hea,RX_RY_RZ_CNOT,none,circular,cnot,hamiltonian_local,6,8,7,40,42,6,69,0,4,5,RZ,2,89,layer_004_wire_005_RZ,0.010629991954109158,0.010629991954109158,False
random_bp,expectation_value,same_entangling_gate_count,bcw_6q_random_bp,hea,RX_RY_RZ_CNOT,none,circular,cnot,hamiltonian_local,6,8,7,40,42,6,69,0,5,0,RX,0,90,layer_005_wire_000_RX,-0.039103010450996026,0.039103010450996026,False
random_bp,expectation_value,same_entangling_gate_count,bcw_6q_random_bp,hea,RX_RY_RZ_CNOT,none,circular,cnot,hamiltonian_local,6,8,7,40,42,6,69,0,5,0,RY,1,91,layer_005_wire_000_RY,0.026986536574048346,0.026986536574048346,False
random_bp,expectation_value,same_entangling_gate_count,bcw_6q_random_bp,hea,RX_RY_RZ_CNOT,none,circular,cnot,hamiltonian_local,6,8,7,40,42,6,69,0,5,0,RZ,2,92,layer_005_wire_000_RZ,0.0031194357623466123,0.0031194357623466123,False
random_bp,expectation_value,same_entangling_gate_count,bcw_6q_random_bp,hea,RX_RY_RZ_CNOT,none,circular,cnot,hamiltonian_local,6,8,7,40,42,6,69,0,5,1,RX,0,93,layer_005_wire_001_RX,0.05607541834866415,0.05607541834866415,False
random_bp,expectation_value,same_entangling_gate_count,bcw_6q_random_bp,hea,RX_RY_RZ_CNOT,none,circular,cnot,hamiltonian_local,6,8,7,40,42,6,69,0,5,1,RY,1,94,layer_005_wire_001_RY,0.07840591685935575,0.07840591685935575,False
random_bp,expectation_value,same_entangling_gate_count,bcw_6q_random_bp,hea,RX_RY_RZ_CNOT,none,circular,cnot,hamiltonian_local,6,8,7,40,42,6,69,0,5,1,RZ,2,95,layer_005_wire_001_RZ,-0.008117625603472357,0.008117625603472357,False
random_bp,expectation_value,same_entangling_gate_count,bcw_6q_random_bp,hea,RX_RY_RZ_CNOT,none,circular,cnot,hamiltonian_local,6,8,7,40,42,6,69,0,5,2,RX,0,96,layer_005_wire_002_RX,-0.05729132958061933,0.05729132958061933,False
random_bp,expectation_value,same_entangling_gate_count,bcw_6q_random_bp,hea,RX_RY_RZ_CNOT,none,circular,cnot,hamiltonian_local,6,8,7,40,42,6,69,0,5,2,RY,1,97,layer_005_wire_002_RY,0.03058847659165477,0.03058847659165477,False
random_bp,expectation_value,same_entangling_gate_count,bcw_6q_random_bp,hea,RX_RY_RZ_CNOT,none,circular,cnot,hamiltonian_local,6,8,7,40,42,6,69,0,5,2,RZ,2,98,layer_005_wire_002_RZ,-0.031355142646352585,0.031355142646352585,False
random_bp,expectation_value,same_entangling_gate_count,bcw_6q_random_bp,hea,RX_RY_RZ_CNOT,none,circular,cnot,hamiltonian_local,6,8,7,40,42,6,69,0,5,3,RX,0,99,layer_005_wire_003_RX,0.018399623514476895,0.018399623514476895,False
random_bp,expectation_value,same_entangling_gate_count,bcw_6q_random_bp,hea,RX_RY_RZ_CNOT,none,circular,cnot,hamiltonian_local,6,8,7,40,42,6,69,0,5,3,RY,1,100,layer_005_wire_003_RY,0.04208914238396877,0.04208914238396877,False
random_bp,expectation_value,same_entangling_gate_count,bcw_6q_random_bp,hea,RX_RY_RZ_CNOT,none,circular,cnot,hamiltonian_local,6,8,7,40,42,6,69,0,5,3,RZ,2,101,layer_005_wire_003_RZ,-0.015358192302992655,0.015358192302992655,False
random_bp,expectation_value,same_entangling_gate_count,bcw_6q_random_bp,hea,RX_RY_RZ_CNOT,none,circular,cnot,hamiltonian_local,6,8,7,40,42,6,69,0,5,4,RX,0,102,layer_005_wire_004_RX,0.022992189291428863,0.022992189291428863,False
random_bp,expectation_value,same_entangling_gate_count,bcw_6q_random_bp,hea,RX_RY_RZ_CNOT,none,circular,cnot,hamiltonian_local,6,8,7,40,42,6,69,0,5,4,RY,1,103,layer_005_wire_004_RY,0.026221804853285832,0.026221804853285832,False
random_bp,expectation_value,same_entangling_gate_count,bcw_6q_random_bp,hea,RX_RY_RZ_CNOT,none,circular,cnot,hamiltonian_local,6,8,7,40,42,6,69,0,5,4,RZ,2,104,layer_005_wire_004_RZ,-0.01701297290236778,0.01701297290236778,False
random_bp,expectation_value,same_entangling_gate_count,bcw_6q_random_bp,hea,RX_RY_RZ_CNOT,none,circular,cnot,hamiltonian_local,6,8,7,40,42,6,69,0,5,5,RX,0,105,layer_005_wire_005_RX,0.03355898320029273,0.03355898320029273,False
random_bp,expectation_value,same_entangling_gate_count,bcw_6q_random_bp,hea,RX_RY_RZ_CNOT,none,circular,cnot,hamiltonian_local,6,8,7,40,42,6,69,0,5,5,RY,1,106,layer_005_wire_005_RY,-0.033650173319138874,0.033650173319138874,False
random_bp,expectation_value,same_entangling_gate_count,bcw_6q_random_bp,hea,RX_RY_RZ_CNOT,none,circular,cnot,hamiltonian_local,6,8,7,40,42,6,69,0,5,5,RZ,2,107,layer_005_wire_005_RZ,0.054753030365859615,0.054753030365859615,False
random_bp,expectation_value,same_entangling_gate_count,bcw_6q_random_bp,hea,RX_RY_RZ_CNOT,none,circular,cnot,hamiltonian_local,6,8,7,40,42,6,69,0,6,0,RX,0,108,layer_006_wire_000_RX,0.0011566324135578315,0.0011566324135578315,False
random_bp,expectation_value,same_entangling_gate_count,bcw_6q_random_bp,hea,RX_RY_RZ_CNOT,none,circular,cnot,hamiltonian_local,6,8,7,40,42,6,69,0,6,0,RY,1,109,layer_006_wire_000_RY,0.017286442652427764,0.017286442652427764,False
random_bp,expectation_value,same_entangling_gate_count,bcw_6q_random_bp,hea,RX_RY_RZ_CNOT,none,circular,cnot,hamiltonian_local,6,8,7,40,42,6,69,0,6,0,RZ,2,110,layer_006_wire_000_RZ,-9.349163277955466e-18,9.349163277955466e-18,True
random_bp,expectation_value,same_entangling_gate_count,bcw_6q_random_bp,hea,RX_RY_RZ_CNOT,none,circular,cnot,hamiltonian_local,6,8,7,40,42,6,69,0,6,1,RX,0,111,layer_006_wire_001_RX,-1.214306433183765e-17,1.214306433183765e-17,True
random_bp,expectation_value,same_entangling_gate_count,bcw_6q_random_bp,hea,RX_RY_RZ_CNOT,none,circular,cnot,hamiltonian_local,6,8,7,40,42,6,69,0,6,1,RY,1,112,layer_006_wire_001_RY,-1.3877787807814457e-17,1.3877787807814457e-17,True
random_bp,expectation_value,same_entangling_gate_count,bcw_6q_random_bp,hea,RX_RY_RZ_CNOT,none,circular,cnot,hamiltonian_local,6,8,7,40,42,6,69,0,6,1,RZ,2,113,layer_006_wire_001_RZ,3.953033811813867e-18,3.953033811813867e-18,True
random_bp,expectation_value,same_entangling_gate_count,bcw_6q_random_bp,hea,RX_RY_RZ_CNOT,none,circular,cnot,hamiltonian_local,6,8,7,40,42,6,69,0,6,2,RX,0,114,layer_006_wire_002_RX,-0.017423879704194678,0.017423879704194678,False
random_bp,expectation_value,same_entangling_gate_count,bcw_6q_random_bp,hea,RX_RY_RZ_CNOT,none,circular,cnot,hamiltonian_local,6,8,7,40,42,6,69,0,6,2,RY,1,115,layer_006_wire_002_RY,0.016117431069616186,0.016117431069616186,False
random_bp,expectation_value,same_entangling_gate_count,bcw_6q_random_bp,hea,RX_RY_RZ_CNOT,none,circular,cnot,hamiltonian_local,6,8,7,40,42,6,69,0,6,2,RZ,2,116,layer_006_wire_002_RZ,1.0801890971318037e-18,1.0801890971318037e-18,True
random_bp,expectation_value,same_entangling_gate_count,bcw_6q_random_bp,hea,RX_RY_RZ_CNOT,none,circular,cnot,hamiltonian_local,6,8,7,40,42,6,69,0,6,3,RX,0,117,layer_006_wire_003_RX,-0.02394519933203991,0.02394519933203991,False
random_bp,expectation_value,same_entangling_gate_count,bcw_6q_random_bp,hea,RX_RY_RZ_CNOT,none,circular,cnot,hamiltonian_local,6,8,7,40,42,6,69,0,6,3,RY,1,118,layer_006_wire_003_RY,0.0662982300003023,0.0662982300003023,False
random_bp,expectation_value,same_entangling_gate_count,bcw_6q_random_bp,hea,RX_RY_RZ_CNOT,none,circular,cnot,hamiltonian_local,6,8,7,40,42,6,69,0,6,3,RZ,2,119,layer_006_wire_003_RZ,1.5429558158260982e-18,1.5429558158260982e-18,True
random_bp,expectation_value,same_entangling_gate_count,bcw_6q_random_bp,hea,RX_RY_RZ_CNOT,none,circular,cnot,hamiltonian_local,6,8,7,40,42,6,69,0,6,4,RX,0,120,layer_006_wire_004_RX,-0.004164182238156053,0.004164182238156053,False
random_bp,expectation_value,same_entangling_gate_count,bcw_6q_random_bp,hea,RX_RY_RZ_CNOT,none,circular,cnot,hamiltonian_local,6,8,7,40,42,6,69,0,6,4,RY,1,121,layer_006_wire_004_RY,0.06695176894623109,0.06695176894623109,False
random_bp,expectation_value,same_entangling_gate_count,bcw_6q_random_bp,hea,RX_RY_RZ_CNOT,none,circular,cnot,hamiltonian_local,6,8,7,40,42,6,69,0,6,4,RZ,2,122,layer_006_wire_004_RZ,9.78002453107874e-18,9.78002453107874e-18,True
random_bp,expectation_value,same_entangling_gate_count,bcw_6q_random_bp,hea,RX_RY_RZ_CNOT,none,circular,cnot,hamiltonian_local,6,8,7,40,42,6,69,0,6,5,RX,0,123,layer_006_wire_005_RX,0.004018134384662229,0.004018134384662229,False
random_bp,expectation_value,same_entangling_gate_count,bcw_6q_random_bp,hea,RX_RY_RZ_CNOT,none,circular,cnot,hamiltonian_local,6,8,7,40,42,6,69,0,6,5,RY,1,124,layer_006_wire_005_RY,0.010906974610465553,0.010906974610465553,False
random_bp,expectation_value,same_entangling_gate_count,bcw_6q_random_bp,hea,RX_RY_RZ_CNOT,none,circular,cnot,hamiltonian_local,6,8,7,40,42,6,69,0,6,5,RZ,2,125,layer_006_wire_005_RZ,1.7738069541427355e-17,1.7738069541427355e-17,True
random_bp,expectation_value,same_entangling_gate_count,bcw_6q_random_bp,hea,RX_RY_RZ_CNOT,none,circular,cnot,hamiltonian_local,6,8,7,40,42,6,70,1,0,0,RX,0,0,layer_000_wire_000_RX,-0.004266939375149892,0.004266939375149892,False
random_bp,expectation_value,same_entangling_gate_count,bcw_6q_random_bp,hea,RX_RY_RZ_CNOT,none,circular,cnot,hamiltonian_local,6,8,7,40,42,6,70,1,0,0,RY,1,1,layer_000_wire_000_RY,0.026078219683531807,0.026078219683531807,False
random_bp,expectation_value,same_entangling_gate_count,bcw_6q_random_bp,hea,RX_RY_RZ_CNOT,none,circular,cnot,hamiltonian_local,6,8,7,40,42,6,70,1,0,0,RZ,2,2,layer_000_wire_000_RZ,-0.000540625957141598,0.000540625957141598,False
random_bp,expectation_value,same_entangling_gate_count,bcw_6q_random_bp,hea,RX_RY_RZ_CNOT,none,circular,cnot,hamiltonian_local,6,8,7,40,42,6,70,1,0,1,RX,0,3,layer_000_wire_001_RX,0.020901622063653674,0.020901622063653674,False
random_bp,expectation_value,same_entangling_gate_count,bcw_6q_random_bp,hea,RX_RY_RZ_CNOT,none,circular,cnot,hamiltonian_local,6,8,7,40,42,6,70,1,0,1,RY,1,4,layer_000_wire_001_RY,-0.030485110833679357,0.030485110833679357,False
random_bp,expectation_value,same_entangling_gate_count,bcw_6q_random_bp,hea,RX_RY_RZ_CNOT,none,circular,cnot,hamiltonian_local,6,8,7,40,42,6,70,1,0,1,RZ,2,5,layer_000_wire_001_RZ,0.023204735487952252,0.023204735487952252,False
random_bp,expectation_value,same_entangling_gate_count,bcw_6q_random_bp,hea,RX_RY_RZ_CNOT,none,circular,cnot,hamiltonian_local,6,8,7,40,42,6,70,1,0,2,RX,0,6,layer_000_wire_002_RX,-0.05505759356725634,0.05505759356725634,False
random_bp,expectation_value,same_entangling_gate_count,bcw_6q_random_bp,hea,RX_RY_RZ_CNOT,none,circular,cnot,hamiltonian_local,6,8,7,40,42,6,70,1,0,2,RY,1,7,layer_000_wire_002_RY,0.04349188247701181,0.04349188247701181,False
random_bp,expectation_value,same_entangling_gate_count,bcw_6q_random_bp,hea,RX_RY_RZ_CNOT,none,circular,cnot,hamiltonian_local,6,8,7,40,42,6,70,1,0,2,RZ,2,8,layer_000_wire_002_RZ,-0.0986549133645343,0.0986549133645343,False
random_bp,expectation_value,same_entangling_gate_count,bcw_6q_random_bp,hea,RX_RY_RZ_CNOT,none,circular,cnot,hamiltonian_local,6,8,7,40,42,6,70,1,0,3,RX,0,9,layer_000_wire_003_RX,-0.001872494034260425,0.001872494034260425,False
random_bp,expectation_value,same_entangling_gate_count,bcw_6q_random_bp,hea,RX_RY_RZ_CNOT,none,circular,cnot,hamiltonian_local,6,8,7,40,42,6,70,1,0,3,RY,1,10,layer_000_wire_003_RY,0.030571106115081174,0.030571106115081174,False
random_bp,expectation_value,same_entangling_gate_count,bcw_6q_random_bp,hea,RX_RY_RZ_CNOT,none,circular,cnot,hamiltonian_local,6,8,7,40,42,6,70,1,0,3,RZ,2,11,layer_000_wire_003_RZ,0.0017540156755969515,0.0017540156755969515,False
random_bp,expectation_value,same_entangling_gate_count,bcw_6q_random_bp,hea,RX_RY_RZ_CNOT,none,circular,cnot,hamiltonian_local,6,8,7,40,42,6,70,1,0,4,RX,0,12,layer_000_wire_004_RX,-0.013292661681635436,0.013292661681635436,False
random_bp,expectation_value,same_entangling_gate_count,bcw_6q_random_bp,hea,RX_RY_RZ_CNOT,none,circular,cnot,hamiltonian_local,6,8,7,40,42,6,70,1,0,4,RY,1,13,layer_000_wire_004_RY,0.017319642882071547,0.017319642882071547,False
random_bp,expectation_value,same_entangling_gate_count,bcw_6q_random_bp,hea,RX_RY_RZ_CNOT,none,circular,cnot,hamiltonian_local,6,8,7,40,42,6,70,1,0,4,RZ,2,14,layer_000_wire_004_RZ,0.020470393920772073,0.020470393920772073,False
random_bp,expectation_value,same_entangling_gate_count,bcw_6q_random_bp,hea,RX_RY_RZ_CNOT,none,circular,cnot,hamiltonian_local,6,8,7,40,42,6,70,1,0,5,RX,0,15,layer_000_wire_005_RX,0.030724323364493974,0.030724323364493974,False
random_bp,expectation_value,same_entangling_gate_count,bcw_6q_random_bp,hea,RX_RY_RZ_CNOT,none,circular,cnot,hamiltonian_local,6,8,7,40,42,6,70,1,0,5,RY,1,16,layer_000_wire_005_RY,-0.03327448776016495,0.03327448776016495,False
random_bp,expectation_value,same_entangling_gate_count,bcw_6q_random_bp,hea,RX_RY_RZ_CNOT,none,circular,cnot,hamiltonian_local,6,8,7,40,42,6,70,1,0,5,RZ,2,17,layer_000_wire_005_RZ,0.016259985717097025,0.016259985717097025,False
random_bp,expectation_value,same_entangling_gate_count,bcw_6q_random_bp,hea,RX_RY_RZ_CNOT,none,circular,cnot,hamiltonian_local,6,8,7,40,42,6,70,1,1,0,RX,0,18,layer_001_wire_000_RX,0.01757043083889742,0.01757043083889742,False
random_bp,expectation_value,same_entangling_gate_count,bcw_6q_random_bp,hea,RX_RY_RZ_CNOT,none,circular,cnot,hamiltonian_local,6,8,7,40,42,6,70,1,1,0,RY,1,19,layer_001_wire_000_RY,-0.04281310546451819,0.04281310546451819,False
random_bp,expectation_value,same_entangling_gate_count,bcw_6q_random_bp,hea,RX_RY_RZ_CNOT,none,circular,cnot,hamiltonian_local,6,8,7,40,42,6,70,1,1,0,RZ,2,20,layer_001_wire_000_RZ,0.018416828481851312,0.018416828481851312,False
random_bp,expectation_value,same_entangling_gate_count,bcw_6q_random_bp,hea,RX_RY_RZ_CNOT,none,circular,cnot,hamiltonian_local,6,8,7,40,42,6,70,1,1,1,RX,0,21,layer_001_wire_001_RX,-0.05897248691627675,0.05897248691627675,False
random_bp,expectation_value,same_entangling_gate_count,bcw_6q_random_bp,hea,RX_RY_RZ_CNOT,none,circular,cnot,hamiltonian_local,6,8,7,40,42,6,70,1,1,1,RY,1,22,layer_001_wire_001_RY,-0.004610773452320085,0.004610773452320085,False
random_bp,expectation_value,same_entangling_gate_count,bcw_6q_random_bp,hea,RX_RY_RZ_CNOT,none,circular,cnot,hamiltonian_local,6,8,7,40,42,6,70,1,1,1,RZ,2,23,layer_001_wire_001_RZ,-0.032677960033253795,0.032677960033253795,False
random_bp,expectation_value,same_entangling_gate_count,bcw_6q_random_bp,hea,RX_RY_RZ_CNOT,none,circular,cnot,hamiltonian_local,6,8,7,40,42,6,70,1,1,2,RX,0,24,layer_001_wire_002_RX,0.01159662094286588,0.01159662094286588,False
random_bp,expectation_value,same_entangling_gate_count,bcw_6q_random_bp,hea,RX_RY_RZ_CNOT,none,circular,cnot,hamiltonian_local,6,8,7,40,42,6,70,1,1,2,RY,1,25,layer_001_wire_002_RY,0.06371740671949272,0.06371740671949272,False
random_bp,expectation_value,same_entangling_gate_count,bcw_6q_random_bp,hea,RX_RY_RZ_CNOT,none,circular,cnot,hamiltonian_local,6,8,7,40,42,6,70,1,1,2,RZ,2,26,layer_001_wire_002_RZ,-0.002260708039135939,0.002260708039135939,False
random_bp,expectation_value,same_entangling_gate_count,bcw_6q_random_bp,hea,RX_RY_RZ_CNOT,none,circular,cnot,hamiltonian_local,6,8,7,40,42,6,70,1,1,3,RX,0,27,layer_001_wire_003_RX,-0.00996643763524872,0.00996643763524872,False
random_bp,expectation_value,same_entangling_gate_count,bcw_6q_random_bp,hea,RX_RY_RZ_CNOT,none,circular,cnot,hamiltonian_local,6,8,7,40,42,6,70,1,1,3,RY,1,28,layer_001_wire_003_RY,0.0019376440997040598,0.0019376440997040598,False
random_bp,expectation_value,same_entangling_gate_count,bcw_6q_random_bp,hea,RX_RY_RZ_CNOT,none,circular,cnot,hamiltonian_local,6,8,7,40,42,6,70,1,1,3,RZ,2,29,layer_001_wire_003_RZ,-0.030670219758854644,0.030670219758854644,False
random_bp,expectation_value,same_entangling_gate_count,bcw_6q_random_bp,hea,RX_RY_RZ_CNOT,none,circular,cnot,hamiltonian_local,6,8,7,40,42,6,70,1,1,4,RX,0,30,layer_001_wire_004_RX,-0.04309450218169903,0.04309450218169903,False
random_bp,expectation_value,same_entangling_gate_count,bcw_6q_random_bp,hea,RX_RY_RZ_CNOT,none,circular,cnot,hamiltonian_local,6,8,7,40,42,6,70,1,1,4,RY,1,31,layer_001_wire_004_RY,0.006712039688051704,0.006712039688051704,False
random_bp,expectation_value,same_entangling_gate_count,bcw_6q_random_bp,hea,RX_RY_RZ_CNOT,none,circular,cnot,hamiltonian_local,6,8,7,40,42,6,70,1,1,4,RZ,2,32,layer_001_wire_004_RZ,0.02463393520684716,0.02463393520684716,False
random_bp,expectation_value,same_entangling_gate_count,bcw_6q_random_bp,hea,RX_RY_RZ_CNOT,none,circular,cnot,hamiltonian_local,6,8,7,40,42,6,70,1,1,5,RX,0,33,layer_001_wire_005_RX,0.01218257273740703,0.01218257273740703,False
random_bp,expectation_value,same_entangling_gate_count,bcw_6q_random_bp,hea,RX_RY_RZ_CNOT,none,circular,cnot,hamiltonian_local,6,8,7,40,42,6,70,1,1,5,RY,1,34,layer_001_wire_005_RY,-0.050533014289359815,0.050533014289359815,False
random_bp,expectation_value,same_entangling_gate_count,bcw_6q_random_bp,hea,RX_RY_RZ_CNOT,none,circular,cnot,hamiltonian_local,6,8,7,40,42,6,70,1,1,5,RZ,2,35,layer_001_wire_005_RZ,-0.002991401921514523,0.002991401921514523,False
random_bp,expectation_value,same_entangling_gate_count,bcw_6q_random_bp,hea,RX_RY_RZ_CNOT,none,circular,cnot,hamiltonian_local,6,8,7,40,42,6,70,1,2,0,RX,0,36,layer_002_wire_000_RX,0.02341971080147955,0.02341971080147955,False
random_bp,expectation_value,same_entangling_gate_count,bcw_6q_random_bp,hea,RX_RY_RZ_CNOT,none,circular,cnot,hamiltonian_local,6,8,7,40,42,6,70,1,2,0,RY,1,37,layer_002_wire_000_RY,0.029006118536617064,0.029006118536617064,False
random_bp,expectation_value,same_entangling_gate_count,bcw_6q_random_bp,hea,RX_RY_RZ_CNOT,none,circular,cnot,hamiltonian_local,6,8,7,40,42,6,70,1,2,0,RZ,2,38,layer_002_wire_000_RZ,-0.004076120232525966,0.004076120232525966,False
random_bp,expectation_value,same_entangling_gate_count,bcw_6q_random_bp,hea,RX_RY_RZ_CNOT,none,circular,cnot,hamiltonian_local,6,8,7,40,42,6,70,1,2,1,RX,0,39,layer_002_wire_001_RX,-0.04052435978751955,0.04052435978751955,False
random_bp,expectation_value,same_entangling_gate_count,bcw_6q_random_bp,hea,RX_RY_RZ_CNOT,none,circular,cnot,hamiltonian_local,6,8,7,40,42,6,70,1,2,1,RY,1,40,layer_002_wire_001_RY,-0.0035207335134579305,0.0035207335134579305,False
random_bp,expectation_value,same_entangling_gate_count,bcw_6q_random_bp,hea,RX_RY_RZ_CNOT,none,circular,cnot,hamiltonian_local,6,8,7,40,42,6,70,1,2,1,RZ,2,41,layer_002_wire_001_RZ,0.05067778035594072,0.05067778035594072,False
random_bp,expectation_value,same_entangling_gate_count,bcw_6q_random_bp,hea,RX_RY_RZ_CNOT,none,circular,cnot,hamiltonian_local,6,8,7,40,42,6,70,1,2,2,RX,0,42,layer_002_wire_002_RX,-0.009940073570869238,0.009940073570869238,False
random_bp,expectation_value,same_entangling_gate_count,bcw_6q_random_bp,hea,RX_RY_RZ_CNOT,none,circular,cnot,hamiltonian_local,6,8,7,40,42,6,70,1,2,2,RY,1,43,layer_002_wire_002_RY,0.06731983864851904,0.06731983864851904,False
random_bp,expectation_value,same_entangling_gate_count,bcw_6q_random_bp,hea,RX_RY_RZ_CNOT,none,circular,cnot,hamiltonian_local,6,8,7,40,42,6,70,1,2,2,RZ,2,44,layer_002_wire_002_RZ,-0.010557629929526701,0.010557629929526701,False
random_bp,expectation_value,same_entangling_gate_count,bcw_6q_random_bp,hea,RX_RY_RZ_CNOT,none,circular,cnot,hamiltonian_local,6,8,7,40,42,6,70,1,2,3,RX,0,45,layer_002_wire_003_RX,-0.02794190240453232,0.02794190240453232,False
random_bp,expectation_value,same_entangling_gate_count,bcw_6q_random_bp,hea,RX_RY_RZ_CNOT,none,circular,cnot,hamiltonian_local,6,8,7,40,42,6,70,1,2,3,RY,1,46,layer_002_wire_003_RY,-0.006029461204222171,0.006029461204222171,False
random_bp,expectation_value,same_entangling_gate_count,bcw_6q_random_bp,hea,RX_RY_RZ_CNOT,none,circular,cnot,hamiltonian_local,6,8,7,40,42,6,70,1,2,3,RZ,2,47,layer_002_wire_003_RZ,0.01058817439041909,0.01058817439041909,False
random_bp,expectation_value,same_entangling_gate_count,bcw_6q_random_bp,hea,RX_RY_RZ_CNOT,none,circular,cnot,hamiltonian_local,6,8,7,40,42,6,70,1,2,4,RX,0,48,layer_002_wire_004_RX,0.005163675658750873,0.005163675658750873,False
random_bp,expectation_value,same_entangling_gate_count,bcw_6q_random_bp,hea,RX_RY_RZ_CNOT,none,circular,cnot,hamiltonian_local,6,8,7,40,42,6,70,1,2,4,RY,1,49,layer_002_wire_004_RY,0.0015521475161892513,0.0015521475161892513,False
random_bp,expectation_value,same_entangling_gate_count,bcw_6q_random_bp,hea,RX_RY_RZ_CNOT,none,circular,cnot,hamiltonian_local,6,8,7,40,42,6,70,1,2,4,RZ,2,50,layer_002_wire_004_RZ,0.002723122452713775,0.002723122452713775,False
random_bp,expectation_value,same_entangling_gate_count,bcw_6q_random_bp,hea,RX_RY_RZ_CNOT,none,circular,cnot,hamiltonian_local,6,8,7,40,42,6,70,1,2,5,RX,0,51,layer_002_wire_005_RX,0.036670536791168634,0.036670536791168634,False
random_bp,expectation_value,same_entangling_gate_count,bcw_6q_random_bp,hea,RX_RY_RZ_CNOT,none,circular,cnot,hamiltonian_local,6,8,7,40,42,6,70,1,2,5,RY,1,52,layer_002_wire_005_RY,0.02162068556817132,0.02162068556817132,False
random_bp,expectation_value,same_entangling_gate_count,bcw_6q_random_bp,hea,RX_RY_RZ_CNOT,none,circular,cnot,hamiltonian_local,6,8,7,40,42,6,70,1,2,5,RZ,2,53,layer_002_wire_005_RZ,0.022829782697728965,0.022829782697728965,False
random_bp,expectation_value,same_entangling_gate_count,bcw_6q_random_bp,hea,RX_RY_RZ_CNOT,none,circular,cnot,hamiltonian_local,6,8,7,40,42,6,70,1,3,0,RX,0,54,layer_003_wire_000_RX,-0.02240875177992297,0.02240875177992297,False
random_bp,expectation_value,same_entangling_gate_count,bcw_6q_random_bp,hea,RX_RY_RZ_CNOT,none,circular,cnot,hamiltonian_local,6,8,7,40,42,6,70,1,3,0,RY,1,55,layer_003_wire_000_RY,-0.006564481778102276,0.006564481778102276,False
random_bp,expectation_value,same_entangling_gate_count,bcw_6q_random_bp,hea,RX_RY_RZ_CNOT,none,circular,cnot,hamiltonian_local,6,8,7,40,42,6,70,1,3,0,RZ,2,56,layer_003_wire_000_RZ,-0.021133813478397663,0.021133813478397663,False
random_bp,expectation_value,same_entangling_gate_count,bcw_6q_random_bp,hea,RX_RY_RZ_CNOT,none,circular,cnot,hamiltonian_local,6,8,7,40,42,6,70,1,3,1,RX,0,57,layer_003_wire_001_RX,-0.02059995480927107,0.02059995480927107,False
random_bp,expectation_value,same_entangling_gate_count,bcw_6q_random_bp,hea,RX_RY_RZ_CNOT,none,circular,cnot,hamiltonian_local,6,8,7,40,42,6,70,1,3,1,RY,1,58,layer_003_wire_001_RY,0.009005447100550967,0.009005447100550967,False
random_bp,expectation_value,same_entangling_gate_count,bcw_6q_random_bp,hea,RX_RY_RZ_CNOT,none,circular,cnot,hamiltonian_local,6,8,7,40,42,6,70,1,3,1,RZ,2,59,layer_003_wire_001_RZ,0.027194231725548773,0.027194231725548773,False
random_bp,expectation_value,same_entangling_gate_count,bcw_6q_random_bp,hea,RX_RY_RZ_CNOT,none,circular,cnot,hamiltonian_local,6,8,7,40,42,6,70,1,3,2,RX,0,60,layer_003_wire_002_RX,0.03436108080978517,0.03436108080978517,False
random_bp,expectation_value,same_entangling_gate_count,bcw_6q_random_bp,hea,RX_RY_RZ_CNOT,none,circular,cnot,hamiltonian_local,6,8,7,40,42,6,70,1,3,2,RY,1,61,layer_003_wire_002_RY,-0.00038631228219713457,0.00038631228219713457,False
random_bp,expectation_value,same_entangling_gate_count,bcw_6q_random_bp,hea,RX_RY_RZ_CNOT,none,circular,cnot,hamiltonian_local,6,8,7,40,42,6,70,1,3,2,RZ,2,62,layer_003_wire_002_RZ,0.03584302530520997,0.03584302530520997,False
random_bp,expectation_value,same_entangling_gate_count,bcw_6q_random_bp,hea,RX_RY_RZ_CNOT,none,circular,cnot,hamiltonian_local,6,8,7,40,42,6,70,1,3,3,RX,0,63,layer_003_wire_003_RX,-0.033091192763859155,0.033091192763859155,False
random_bp,expectation_value,same_entangling_gate_count,bcw_6q_random_bp,hea,RX_RY_RZ_CNOT,none,circular,cnot,hamiltonian_local,6,8,7,40,42,6,70,1,3,3,RY,1,64,layer_003_wire_003_RY,0.06400065748069597,0.06400065748069597,False
random_bp,expectation_value,same_entangling_gate_count,bcw_6q_random_bp,hea,RX_RY_RZ_CNOT,none,circular,cnot,hamiltonian_local,6,8,7,40,42,6,70,1,3,3,RZ,2,65,layer_003_wire_003_RZ,0.04544350769082027,0.04544350769082027,False
random_bp,expectation_value,same_entangling_gate_count,bcw_6q_random_bp,hea,RX_RY_RZ_CNOT,none,circular,cnot,hamiltonian_local,6,8,7,40,42,6,70,1,3,4,RX,0,66,layer_003_wire_004_RX,-0.023270169190377096,0.023270169190377096,False
random_bp,expectation_value,same_entangling_gate_count,bcw_6q_random_bp,hea,RX_RY_RZ_CNOT,none,circular,cnot,hamiltonian_local,6,8,7,40,42,6,70,1,3,4,RY,1,67,layer_003_wire_004_RY,0.003604966906294974,0.003604966906294974,False
random_bp,expectation_value,same_entangling_gate_count,bcw_6q_random_bp,hea,RX_RY_RZ_CNOT,none,circular,cnot,hamiltonian_local,6,8,7,40,42,6,70,1,3,4,RZ,2,68,layer_003_wire_004_RZ,-0.0038054241249710747,0.0038054241249710747,False
random_bp,expectation_value,same_entangling_gate_count,bcw_6q_random_bp,hea,RX_RY_RZ_CNOT,none,circular,cnot,hamiltonian_local,6,8,7,40,42,6,70,1,3,5,RX,0,69,layer_003_wire_005_RX,0.018842045334335665,0.018842045334335665,False
random_bp,expectation_value,same_entangling_gate_count,bcw_6q_random_bp,hea,RX_RY_RZ_CNOT,none,circular,cnot,hamiltonian_local,6,8,7,40,42,6,70,1,3,5,RY,1,70,layer_003_wire_005_RY,-0.07700753157598066,0.07700753157598066,False
random_bp,expectation_value,same_entangling_gate_count,bcw_6q_random_bp,hea,RX_RY_RZ_CNOT,none,circular,cnot,hamiltonian_local,6,8,7,40,42,6,70,1,3,5,RZ,2,71,layer_003_wire_005_RZ,0.004366852988911658,0.004366852988911658,False
random_bp,expectation_value,same_entangling_gate_count,bcw_6q_random_bp,hea,RX_RY_RZ_CNOT,none,circular,cnot,hamiltonian_local,6,8,7,40,42,6,70,1,4,0,RX,0,72,layer_004_wire_000_RX,0.0033899531620334225,0.0033899531620334225,False
random_bp,expectation_value,same_entangling_gate_count,bcw_6q_random_bp,hea,RX_RY_RZ_CNOT,none,circular,cnot,hamiltonian_local,6,8,7,40,42,6,70,1,4,0,RY,1,73,layer_004_wire_000_RY,-0.012895613086254904,0.012895613086254904,False
random_bp,expectation_value,same_entangling_gate_count,bcw_6q_random_bp,hea,RX_RY_RZ_CNOT,none,circular,cnot,hamiltonian_local,6,8,7,40,42,6,70,1,4,0,RZ,2,74,layer_004_wire_000_RZ,-0.01323472541555503,0.01323472541555503,False
random_bp,expectation_value,same_entangling_gate_count,bcw_6q_random_bp,hea,RX_RY_RZ_CNOT,none,circular,cnot,hamiltonian_local,6,8,7,40,42,6,70,1,4,1,RX,0,75,layer_004_wire_001_RX,0.04704716777044248,0.04704716777044248,False
random_bp,expectation_value,same_entangling_gate_count,bcw_6q_random_bp,hea,RX_RY_RZ_CNOT,none,circular,cnot,hamiltonian_local,6,8,7,40,42,6,70,1,4,1,RY,1,76,layer_004_wire_001_RY,-0.004178240760324414,0.004178240760324414,False
random_bp,expectation_value,same_entangling_gate_count,bcw_6q_random_bp,hea,RX_RY_RZ_CNOT,none,circular,cnot,hamiltonian_local,6,8,7,40,42,6,70,1,4,1,RZ,2,77,layer_004_wire_001_RZ,-0.027568396989139963,0.027568396989139963,False
random_bp,expectation_value,same_entangling_gate_count,bcw_6q_random_bp,hea,RX_RY_RZ_CNOT,none,circular,cnot,hamiltonian_local,6,8,7,40,42,6,70,1,4,2,RX,0,78,layer_004_wire_002_RX,0.0034425255911781708,0.0034425255911781708,False
random_bp,expectation_value,same_entangling_gate_count,bcw_6q_random_bp,hea,RX_RY_RZ_CNOT,none,circular,cnot,hamiltonian_local,6,8,7,40,42,6,70,1,4,2,RY,1,79,layer_004_wire_002_RY,0.023665726185668395,0.023665726185668395,False
random_bp,expectation_value,same_entangling_gate_count,bcw_6q_random_bp,hea,RX_RY_RZ_CNOT,none,circular,cnot,hamiltonian_local,6,8,7,40,42,6,70,1,4,2,RZ,2,80,layer_004_wire_002_RZ,-0.03751181328960854,0.03751181328960854,False
random_bp,expectation_value,same_entangling_gate_count,bcw_6q_random_bp,hea,RX_RY_RZ_CNOT,none,circular,cnot,hamiltonian_local,6,8,7,40,42,6,70,1,4,3,RX,0,81,layer_004_wire_003_RX,0.026161624591080082,0.026161624591080082,False
random_bp,expectation_value,same_entangling_gate_count,bcw_6q_random_bp,hea,RX_RY_RZ_CNOT,none,circular,cnot,hamiltonian_local,6,8,7,40,42,6,70,1,4,3,RY,1,82,layer_004_wire_003_RY,-0.03542786154443703,0.03542786154443703,False
random_bp,expectation_value,same_entangling_gate_count,bcw_6q_random_bp,hea,RX_RY_RZ_CNOT,none,circular,cnot,hamiltonian_local,6,8,7,40,42,6,70,1,4,3,RZ,2,83,layer_004_wire_003_RZ,-0.026684152038793523,0.026684152038793523,False
random_bp,expectation_value,same_entangling_gate_count,bcw_6q_random_bp,hea,RX_RY_RZ_CNOT,none,circular,cnot,hamiltonian_local,6,8,7,40,42,6,70,1,4,4,RX,0,84,layer_004_wire_004_RX,-0.008307210688314068,0.008307210688314068,False
random_bp,expectation_value,same_entangling_gate_count,bcw_6q_random_bp,hea,RX_RY_RZ_CNOT,none,circular,cnot,hamiltonian_local,6,8,7,40,42,6,70,1,4,4,RY,1,85,layer_004_wire_004_RY,0.014526901120472233,0.014526901120472233,False
random_bp,expectation_value,same_entangling_gate_count,bcw_6q_random_bp,hea,RX_RY_RZ_CNOT,none,circular,cnot,hamiltonian_local,6,8,7,40,42,6,70,1,4,4,RZ,2,86,layer_004_wire_004_RZ,-0.021017955041568594,0.021017955041568594,False
random_bp,expectation_value,same_entangling_gate_count,bcw_6q_random_bp,hea,RX_RY_RZ_CNOT,none,circular,cnot,hamiltonian_local,6,8,7,40,42,6,70,1,4,5,RX,0,87,layer_004_wire_005_RX,-0.04224212348995649,0.04224212348995649,False
random_bp,expectation_value,same_entangling_gate_count,bcw_6q_random_bp,hea,RX_RY_RZ_CNOT,none,circular,cnot,hamiltonian_local,6,8,7,40,42,6,70,1,4,5,RY,1,88,layer_004_wire_005_RY,-0.014613732586250004,0.014613732586250004,False
random_bp,expectation_value,same_entangling_gate_count,bcw_6q_random_bp,hea,RX_RY_RZ_CNOT,none,circular,cnot,hamiltonian_local,6,8,7,40,42,6,70,1,4,5,RZ,2,89,layer_004_wire_005_RZ,-0.006620339127195009,0.006620339127195009,False
random_bp,expectation_value,same_entangling_gate_count,bcw_6q_random_bp,hea,RX_RY_RZ_CNOT,none,circular,cnot,hamiltonian_local,6,8,7,40,42,6,70,1,5,0,RX,0,90,layer_005_wire_000_RX,-0.03244267433310517,0.03244267433310517,False
random_bp,expectation_value,same_entangling_gate_count,bcw_6q_random_bp,hea,RX_RY_RZ_CNOT,none,circular,cnot,hamiltonian_local,6,8,7,40,42,6,70,1,5,0,RY,1,91,layer_005_wire_000_RY,0.0365254472111106,0.0365254472111106,False
random_bp,expectation_value,same_entangling_gate_count,bcw_6q_random_bp,hea,RX_RY_RZ_CNOT,none,circular,cnot,hamiltonian_local,6,8,7,40,42,6,70,1,5,0,RZ,2,92,layer_005_wire_000_RZ,-0.04746394369371783,0.04746394369371783,False
random_bp,expectation_value,same_entangling_gate_count,bcw_6q_random_bp,hea,RX_RY_RZ_CNOT,none,circular,cnot,hamiltonian_local,6,8,7,40,42,6,70,1,5,1,RX,0,93,layer_005_wire_001_RX,0.0059553312079153545,0.0059553312079153545,False
random_bp,expectation_value,same_entangling_gate_count,bcw_6q_random_bp,hea,RX_RY_RZ_CNOT,none,circular,cnot,hamiltonian_local,6,8,7,40,42,6,70,1,5,1,RY,1,94,layer_005_wire_001_RY,0.035010811759388666,0.035010811759388666,False
random_bp,expectation_value,same_entangling_gate_count,bcw_6q_random_bp,hea,RX_RY_RZ_CNOT,none,circular,cnot,hamiltonian_local,6,8,7,40,42,6,70,1,5,1,RZ,2,95,layer_005_wire_001_RZ,0.00399024499402099,0.00399024499402099,False
random_bp,expectation_value,same_entangling_gate_count,bcw_6q_random_bp,hea,RX_RY_RZ_CNOT,none,circular,cnot,hamiltonian_local,6,8,7,40,42,6,70,1,5,2,RX,0,96,layer_005_wire_002_RX,0.052276038185474466,0.052276038185474466,False
random_bp,expectation_value,same_entangling_gate_count,bcw_6q_random_bp,hea,RX_RY_RZ_CNOT,none,circular,cnot,hamiltonian_local,6,8,7,40,42,6,70,1,5,2,RY,1,97,layer_005_wire_002_RY,0.013570220555836976,0.013570220555836976,False
random_bp,expectation_value,same_entangling_gate_count,bcw_6q_random_bp,hea,RX_RY_RZ_CNOT,none,circular,cnot,hamiltonian_local,6,8,7,40,42,6,70,1,5,2,RZ,2,98,layer_005_wire_002_RZ,-0.027913607442602163,0.027913607442602163,False
random_bp,expectation_value,same_entangling_gate_count,bcw_6q_random_bp,hea,RX_RY_RZ_CNOT,none,circular,cnot,hamiltonian_local,6,8,7,40,42,6,70,1,5,3,RX,0,99,layer_005_wire_003_RX,-0.0014457856893839993,0.0014457856893839993,False
random_bp,expectation_value,same_entangling_gate_count,bcw_6q_random_bp,hea,RX_RY_RZ_CNOT,none,circular,cnot,hamiltonian_local,6,8,7,40,42,6,70,1,5,3,RY,1,100,layer_005_wire_003_RY,0.01612094273585735,0.01612094273585735,False
random_bp,expectation_value,same_entangling_gate_count,bcw_6q_random_bp,hea,RX_RY_RZ_CNOT,none,circular,cnot,hamiltonian_local,6,8,7,40,42,6,70,1,5,3,RZ,2,101,layer_005_wire_003_RZ,-0.038952214517766,0.038952214517766,False
random_bp,expectation_value,same_entangling_gate_count,bcw_6q_random_bp,hea,RX_RY_RZ_CNOT,none,circular,cnot,hamiltonian_local,6,8,7,40,42,6,70,1,5,4,RX,0,102,layer_005_wire_004_RX,0.02771393749365643,0.02771393749365643,False
random_bp,expectation_value,same_entangling_gate_count,bcw_6q_random_bp,hea,RX_RY_RZ_CNOT,none,circular,cnot,hamiltonian_local,6,8,7,40,42,6,70,1,5,4,RY,1,103,layer_005_wire_004_RY,-0.009886196201928765,0.009886196201928765,False
random_bp,expectation_value,same_entangling_gate_count,bcw_6q_random_bp,hea,RX_RY_RZ_CNOT,none,circular,cnot,hamiltonian_local,6,8,7,40,42,6,70,1,5,4,RZ,2,104,layer_005_wire_004_RZ,0.017953228371788043,0.017953228371788043,False
random_bp,expectation_value,same_entangling_gate_count,bcw_6q_random_bp,hea,RX_RY_RZ_CNOT,none,circular,cnot,hamiltonian_local,6,8,7,40,42,6,70,1,5,5,RX,0,105,layer_005_wire_005_RX,-0.03519436445177908,0.03519436445177908,False
random_bp,expectation_value,same_entangling_gate_count,bcw_6q_random_bp,hea,RX_RY_RZ_CNOT,none,circular,cnot,hamiltonian_local,6,8,7,40,42,6,70,1,5,5,RY,1,106,layer_005_wire_005_RY,-0.011071785095339862,0.011071785095339862,False
random_bp,expectation_value,same_entangling_gate_count,bcw_6q_random_bp,hea,RX_RY_RZ_CNOT,none,circular,cnot,hamiltonian_local,6,8,7,40,42,6,70,1,5,5,RZ,2,107,layer_005_wire_005_RZ,-0.022109040579531385,0.022109040579531385,False
random_bp,expectation_value,same_entangling_gate_count,bcw_6q_random_bp,hea,RX_RY_RZ_CNOT,none,circular,cnot,hamiltonian_local,6,8,7,40,42,6,70,1,6,0,RX,0,108,layer_006_wire_000_RX,-0.00011233882498702284,0.00011233882498702284,False
random_bp,expectation_value,same_entangling_gate_count,bcw_6q_random_bp,hea,RX_RY_RZ_CNOT,none,circular,cnot,hamiltonian_local,6,8,7,40,42,6,70,1,6,0,RY,1,109,layer_006_wire_000_RY,-0.026223462391558355,0.026223462391558355,False
random_bp,expectation_value,same_entangling_gate_count,bcw_6q_random_bp,hea,RX_RY_RZ_CNOT,none,circular,cnot,hamiltonian_local,6,8,7,40,42,6,70,1,6,0,RZ,2,110,layer_006_wire_000_RZ,2.138503301946867e-18,2.138503301946867e-18,True
random_bp,expectation_value,same_entangling_gate_count,bcw_6q_random_bp,hea,RX_RY_RZ_CNOT,none,circular,cnot,hamiltonian_local,6,8,7,40,42,6,70,1,6,1,RX,0,111,layer_006_wire_001_RX,-1.0408340855860843e-17,1.0408340855860843e-17,True
random_bp,expectation_value,same_entangling_gate_count,bcw_6q_random_bp,hea,RX_RY_RZ_CNOT,none,circular,cnot,hamiltonian_local,6,8,7,40,42,6,70,1,6,1,RY,1,112,layer_006_wire_001_RY,0.0,0.0,True
random_bp,expectation_value,same_entangling_gate_count,bcw_6q_random_bp,hea,RX_RY_RZ_CNOT,none,circular,cnot,hamiltonian_local,6,8,7,40,42,6,70,1,6,1,RZ,2,113,layer_006_wire_001_RZ,-2.6276234778821908e-17,2.6276234778821908e-17,True
random_bp,expectation_value,same_entangling_gate_count,bcw_6q_random_bp,hea,RX_RY_RZ_CNOT,none,circular,cnot,hamiltonian_local,6,8,7,40,42,6,70,1,6,2,RX,0,114,layer_006_wire_002_RX,0.01083993008913611,0.01083993008913611,False
random_bp,expectation_value,same_entangling_gate_count,bcw_6q_random_bp,hea,RX_RY_RZ_CNOT,none,circular,cnot,hamiltonian_local,6,8,7,40,42,6,70,1,6,2,RY,1,115,layer_006_wire_002_RY,0.030577927687269697,0.030577927687269697,False
random_bp,expectation_value,same_entangling_gate_count,bcw_6q_random_bp,hea,RX_RY_RZ_CNOT,none,circular,cnot,hamiltonian_local,6,8,7,40,42,6,70,1,6,2,RZ,2,116,layer_006_wire_002_RZ,9.753726327624587e-18,9.753726327624587e-18,True
random_bp,expectation_value,same_entangling_gate_count,bcw_6q_random_bp,hea,RX_RY_RZ_CNOT,none,circular,cnot,hamiltonian_local,6,8,7,40,42,6,70,1,6,3,RX,0,117,layer_006_wire_003_RX,-0.011816377563792408,0.011816377563792408,False
random_bp,expectation_value,same_entangling_gate_count,bcw_6q_random_bp,hea,RX_RY_RZ_CNOT,none,circular,cnot,hamiltonian_local,6,8,7,40,42,6,70,1,6,3,RY,1,118,layer_006_wire_003_RY,0.004883556192655906,0.004883556192655906,False
random_bp,expectation_value,same_entangling_gate_count,bcw_6q_random_bp,hea,RX_RY_RZ_CNOT,none,circular,cnot,hamiltonian_local,6,8,7,40,42,6,70,1,6,3,RZ,2,119,layer_006_wire_003_RZ,8.259467502377434e-18,8.259467502377434e-18,True
random_bp,expectation_value,same_entangling_gate_count,bcw_6q_random_bp,hea,RX_RY_RZ_CNOT,none,circular,cnot,hamiltonian_local,6,8,7,40,42,6,70,1,6,4,RX,0,120,layer_006_wire_004_RX,-0.01422452278467913,0.01422452278467913,False
random_bp,expectation_value,same_entangling_gate_count,bcw_6q_random_bp,hea,RX_RY_RZ_CNOT,none,circular,cnot,hamiltonian_local,6,8,7,40,42,6,70,1,6,4,RY,1,121,layer_006_wire_004_RY,-0.021666633700040218,0.021666633700040218,False
random_bp,expectation_value,same_entangling_gate_count,bcw_6q_random_bp,hea,RX_RY_RZ_CNOT,none,circular,cnot,hamiltonian_local,6,8,7,40,42,6,70,1,6,4,RZ,2,122,layer_006_wire_004_RZ,5.420218237195586e-19,5.420218237195586e-19,True
random_bp,expectation_value,same_entangling_gate_count,bcw_6q_random_bp,hea,RX_RY_RZ_CNOT,none,circular,cnot,hamiltonian_local,6,8,7,40,42,6,70,1,6,5,RX,0,123,layer_006_wire_005_RX,0.03659692294932096,0.03659692294932096,False
random_bp,expectation_value,same_entangling_gate_count,bcw_6q_random_bp,hea,RX_RY_RZ_CNOT,none,circular,cnot,hamiltonian_local,6,8,7,40,42,6,70,1,6,5,RY,1,124,layer_006_wire_005_RY,-0.025396133732106807,0.025396133732106807,False
random_bp,expectation_value,same_entangling_gate_count,bcw_6q_random_bp,hea,RX_RY_RZ_CNOT,none,circular,cnot,hamiltonian_local,6,8,7,40,42,6,70,1,6,5,RZ,2,125,layer_006_wire_005_RZ,-1.3322054161182521e-17,1.3322054161182521e-17,True
random_bp,expectation_value,same_entangling_gate_count,bcw_6q_random_bp,hea,RX_RY_RZ_CNOT,none,circular,cnot,hamiltonian_local,6,8,7,40,42,6,71,2,0,0,RX,0,0,layer_000_wire_000_RX,0.052195552944714674,0.052195552944714674,False
random_bp,expectation_value,same_entangling_gate_count,bcw_6q_random_bp,hea,RX_RY_RZ_CNOT,none,circular,cnot,hamiltonian_local,6,8,7,40,42,6,71,2,0,0,RY,1,1,layer_000_wire_000_RY,0.0069150256606091455,0.0069150256606091455,False
random_bp,expectation_value,same_entangling_gate_count,bcw_6q_random_bp,hea,RX_RY_RZ_CNOT,none,circular,cnot,hamiltonian_local,6,8,7,40,42,6,71,2,0,0,RZ,2,2,layer_000_wire_000_RZ,0.021410288497713287,0.021410288497713287,False
random_bp,expectation_value,same_entangling_gate_count,bcw_6q_random_bp,hea,RX_RY_RZ_CNOT,none,circular,cnot,hamiltonian_local,6,8,7,40,42,6,71,2,0,1,RX,0,3,layer_000_wire_001_RX,-0.01427619733441959,0.01427619733441959,False
random_bp,expectation_value,same_entangling_gate_count,bcw_6q_random_bp,hea,RX_RY_RZ_CNOT,none,circular,cnot,hamiltonian_local,6,8,7,40,42,6,71,2,0,1,RY,1,4,layer_000_wire_001_RY,-0.01995461716102793,0.01995461716102793,False
random_bp,expectation_value,same_entangling_gate_count,bcw_6q_random_bp,hea,RX_RY_RZ_CNOT,none,circular,cnot,hamiltonian_local,6,8,7,40,42,6,71,2,0,1,RZ,2,5,layer_000_wire_001_RZ,-0.0021163158745545157,0.0021163158745545157,False
random_bp,expectation_value,same_entangling_gate_count,bcw_6q_random_bp,hea,RX_RY_RZ_CNOT,none,circular,cnot,hamiltonian_local,6,8,7,40,42,6,71,2,0,2,RX,0,6,layer_000_wire_002_RX,0.051363350846513764,0.051363350846513764,False
random_bp,expectation_value,same_entangling_gate_count,bcw_6q_random_bp,hea,RX_RY_RZ_CNOT,none,circular,cnot,hamiltonian_local,6,8,7,40,42,6,71,2,0,2,RY,1,7,layer_000_wire_002_RY,0.0034571889292158006,0.0034571889292158006,False
random_bp,expectation_value,same_entangling_gate_count,bcw_6q_random_bp,hea,RX_RY_RZ_CNOT,none,circular,cnot,hamiltonian_local,6,8,7,40,42,6,71,2,0,2,RZ,2,8,layer_000_wire_002_RZ,0.009536580525340869,0.009536580525340869,False
random_bp,expectation_value,same_entangling_gate_count,bcw_6q_random_bp,hea,RX_RY_RZ_CNOT,none,circular,cnot,hamiltonian_local,6,8,7,40,42,6,71,2,0,3,RX,0,9,layer_000_wire_003_RX,-0.003177698733304462,0.003177698733304462,False
random_bp,expectation_value,same_entangling_gate_count,bcw_6q_random_bp,hea,RX_RY_RZ_CNOT,none,circular,cnot,hamiltonian_local,6,8,7,40,42,6,71,2,0,3,RY,1,10,layer_000_wire_003_RY,0.012617763668465164,0.012617763668465164,False
random_bp,expectation_value,same_entangling_gate_count,bcw_6q_random_bp,hea,RX_RY_RZ_CNOT,none,circular,cnot,hamiltonian_local,6,8,7,40,42,6,71,2,0,3,RZ,2,11,layer_000_wire_003_RZ,0.01895278967920854,0.01895278967920854,False
random_bp,expectation_value,same_entangling_gate_count,bcw_6q_random_bp,hea,RX_RY_RZ_CNOT,none,circular,cnot,hamiltonian_local,6,8,7,40,42,6,71,2,0,4,RX,0,12,layer_000_wire_004_RX,-0.015446027902346272,0.015446027902346272,False
random_bp,expectation_value,same_entangling_gate_count,bcw_6q_random_bp,hea,RX_RY_RZ_CNOT,none,circular,cnot,hamiltonian_local,6,8,7,40,42,6,71,2,0,4,RY,1,13,layer_000_wire_004_RY,0.028733382641522053,0.028733382641522053,False
random_bp,expectation_value,same_entangling_gate_count,bcw_6q_random_bp,hea,RX_RY_RZ_CNOT,none,circular,cnot,hamiltonian_local,6,8,7,40,42,6,71,2,0,4,RZ,2,14,layer_000_wire_004_RZ,0.0072160468061372605,0.0072160468061372605,False
random_bp,expectation_value,same_entangling_gate_count,bcw_6q_random_bp,hea,RX_RY_RZ_CNOT,none,circular,cnot,hamiltonian_local,6,8,7,40,42,6,71,2,0,5,RX,0,15,layer_000_wire_005_RX,0.022307649848645947,0.022307649848645947,False
random_bp,expectation_value,same_entangling_gate_count,bcw_6q_random_bp,hea,RX_RY_RZ_CNOT,none,circular,cnot,hamiltonian_local,6,8,7,40,42,6,71,2,0,5,RY,1,16,layer_000_wire_005_RY,0.01664448344581647,0.01664448344581647,False
random_bp,expectation_value,same_entangling_gate_count,bcw_6q_random_bp,hea,RX_RY_RZ_CNOT,none,circular,cnot,hamiltonian_local,6,8,7,40,42,6,71,2,0,5,RZ,2,17,layer_000_wire_005_RZ,-0.022598455127519915,0.022598455127519915,False
random_bp,expectation_value,same_entangling_gate_count,bcw_6q_random_bp,hea,RX_RY_RZ_CNOT,none,circular,cnot,hamiltonian_local,6,8,7,40,42,6,71,2,1,0,RX,0,18,layer_001_wire_000_RX,-0.01627418471134201,0.01627418471134201,False
random_bp,expectation_value,same_entangling_gate_count,bcw_6q_random_bp,hea,RX_RY_RZ_CNOT,none,circular,cnot,hamiltonian_local,6,8,7,40,42,6,71,2,1,0,RY,1,19,layer_001_wire_000_RY,-0.005508399221167391,0.005508399221167391,False
random_bp,expectation_value,same_entangling_gate_count,bcw_6q_random_bp,hea,RX_RY_RZ_CNOT,none,circular,cnot,hamiltonian_local,6,8,7,40,42,6,71,2,1,0,RZ,2,20,layer_001_wire_000_RZ,-0.00589137710996278,0.00589137710996278,False
random_bp,expectation_value,same_entangling_gate_count,bcw_6q_random_bp,hea,RX_RY_RZ_CNOT,none,circular,cnot,hamiltonian_local,6,8,7,40,42,6,71,2,1,1,RX,0,21,layer_001_wire_001_RX,0.020503038909003905,0.020503038909003905,False
random_bp,expectation_value,same_entangling_gate_count,bcw_6q_random_bp,hea,RX_RY_RZ_CNOT,none,circular,cnot,hamiltonian_local,6,8,7,40,42,6,71,2,1,1,RY,1,22,layer_001_wire_001_RY,-0.06078196529445005,0.06078196529445005,False
random_bp,expectation_value,same_entangling_gate_count,bcw_6q_random_bp,hea,RX_RY_RZ_CNOT,none,circular,cnot,hamiltonian_local,6,8,7,40,42,6,71,2,1,1,RZ,2,23,layer_001_wire_001_RZ,-0.03899259316407391,0.03899259316407391,False
random_bp,expectation_value,same_entangling_gate_count,bcw_6q_random_bp,hea,RX_RY_RZ_CNOT,none,circular,cnot,hamiltonian_local,6,8,7,40,42,6,71,2,1,2,RX,0,24,layer_001_wire_002_RX,0.005755667982556646,0.005755667982556646,False
random_bp,expectation_value,same_entangling_gate_count,bcw_6q_random_bp,hea,RX_RY_RZ_CNOT,none,circular,cnot,hamiltonian_local,6,8,7,40,42,6,71,2,1,2,RY,1,25,layer_001_wire_002_RY,0.027878071401991007,0.027878071401991007,False
random_bp,expectation_value,same_entangling_gate_count,bcw_6q_random_bp,hea,RX_RY_RZ_CNOT,none,circular,cnot,hamiltonian_local,6,8,7,40,42,6,71,2,1,2,RZ,2,26,layer_001_wire_002_RZ,-0.05811830568155389,0.05811830568155389,False
random_bp,expectation_value,same_entangling_gate_count,bcw_6q_random_bp,hea,RX_RY_RZ_CNOT,none,circular,cnot,hamiltonian_local,6,8,7,40,42,6,71,2,1,3,RX,0,27,layer_001_wire_003_RX,0.0024333840763805306,0.0024333840763805306,False
random_bp,expectation_value,same_entangling_gate_count,bcw_6q_random_bp,hea,RX_RY_RZ_CNOT,none,circular,cnot,hamiltonian_local,6,8,7,40,42,6,71,2,1,3,RY,1,28,layer_001_wire_003_RY,-0.020434589114916128,0.020434589114916128,False
random_bp,expectation_value,same_entangling_gate_count,bcw_6q_random_bp,hea,RX_RY_RZ_CNOT,none,circular,cnot,hamiltonian_local,6,8,7,40,42,6,71,2,1,3,RZ,2,29,layer_001_wire_003_RZ,0.02600096257574782,0.02600096257574782,False
random_bp,expectation_value,same_entangling_gate_count,bcw_6q_random_bp,hea,RX_RY_RZ_CNOT,none,circular,cnot,hamiltonian_local,6,8,7,40,42,6,71,2,1,4,RX,0,30,layer_001_wire_004_RX,-0.04461153848935542,0.04461153848935542,False
random_bp,expectation_value,same_entangling_gate_count,bcw_6q_random_bp,hea,RX_RY_RZ_CNOT,none,circular,cnot,hamiltonian_local,6,8,7,40,42,6,71,2,1,4,RY,1,31,layer_001_wire_004_RY,0.03438128157166939,0.03438128157166939,False
random_bp,expectation_value,same_entangling_gate_count,bcw_6q_random_bp,hea,RX_RY_RZ_CNOT,none,circular,cnot,hamiltonian_local,6,8,7,40,42,6,71,2,1,4,RZ,2,32,layer_001_wire_004_RZ,0.034057765843593414,0.034057765843593414,False
random_bp,expectation_value,same_entangling_gate_count,bcw_6q_random_bp,hea,RX_RY_RZ_CNOT,none,circular,cnot,hamiltonian_local,6,8,7,40,42,6,71,2,1,5,RX,0,33,layer_001_wire_005_RX,-0.0010197255453270049,0.0010197255453270049,False
random_bp,expectation_value,same_entangling_gate_count,bcw_6q_random_bp,hea,RX_RY_RZ_CNOT,none,circular,cnot,hamiltonian_local,6,8,7,40,42,6,71,2,1,5,RY,1,34,layer_001_wire_005_RY,-0.00806427140544301,0.00806427140544301,False
random_bp,expectation_value,same_entangling_gate_count,bcw_6q_random_bp,hea,RX_RY_RZ_CNOT,none,circular,cnot,hamiltonian_local,6,8,7,40,42,6,71,2,1,5,RZ,2,35,layer_001_wire_005_RZ,0.035482616514249374,0.035482616514249374,False
random_bp,expectation_value,same_entangling_gate_count,bcw_6q_random_bp,hea,RX_RY_RZ_CNOT,none,circular,cnot,hamiltonian_local,6,8,7,40,42,6,71,2,2,0,RX,0,36,layer_002_wire_000_RX,-0.08963531192535426,0.08963531192535426,False
random_bp,expectation_value,same_entangling_gate_count,bcw_6q_random_bp,hea,RX_RY_RZ_CNOT,none,circular,cnot,hamiltonian_local,6,8,7,40,42,6,71,2,2,0,RY,1,37,layer_002_wire_000_RY,0.05759089467398874,0.05759089467398874,False
random_bp,expectation_value,same_entangling_gate_count,bcw_6q_random_bp,hea,RX_RY_RZ_CNOT,none,circular,cnot,hamiltonian_local,6,8,7,40,42,6,71,2,2,0,RZ,2,38,layer_002_wire_000_RZ,0.05680718564181342,0.05680718564181342,False
random_bp,expectation_value,same_entangling_gate_count,bcw_6q_random_bp,hea,RX_RY_RZ_CNOT,none,circular,cnot,hamiltonian_local,6,8,7,40,42,6,71,2,2,1,RX,0,39,layer_002_wire_001_RX,0.0365637371926563,0.0365637371926563,False
random_bp,expectation_value,same_entangling_gate_count,bcw_6q_random_bp,hea,RX_RY_RZ_CNOT,none,circular,cnot,hamiltonian_local,6,8,7,40,42,6,71,2,2,1,RY,1,40,layer_002_wire_001_RY,0.077501891280184,0.077501891280184,False
random_bp,expectation_value,same_entangling_gate_count,bcw_6q_random_bp,hea,RX_RY_RZ_CNOT,none,circular,cnot,hamiltonian_local,6,8,7,40,42,6,71,2,2,1,RZ,2,41,layer_002_wire_001_RZ,0.01917873890196926,0.01917873890196926,False
random_bp,expectation_value,same_entangling_gate_count,bcw_6q_random_bp,hea,RX_RY_RZ_CNOT,none,circular,cnot,hamiltonian_local,6,8,7,40,42,6,71,2,2,2,RX,0,42,layer_002_wire_002_RX,-0.0661870430854426,0.0661870430854426,False
random_bp,expectation_value,same_entangling_gate_count,bcw_6q_random_bp,hea,RX_RY_RZ_CNOT,none,circular,cnot,hamiltonian_local,6,8,7,40,42,6,71,2,2,2,RY,1,43,layer_002_wire_002_RY,0.04813017263586339,0.04813017263586339,False
random_bp,expectation_value,same_entangling_gate_count,bcw_6q_random_bp,hea,RX_RY_RZ_CNOT,none,circular,cnot,hamiltonian_local,6,8,7,40,42,6,71,2,2,2,RZ,2,44,layer_002_wire_002_RZ,0.01118206256925686,0.01118206256925686,False
random_bp,expectation_value,same_entangling_gate_count,bcw_6q_random_bp,hea,RX_RY_RZ_CNOT,none,circular,cnot,hamiltonian_local,6,8,7,40,42,6,71,2,2,3,RX,0,45,layer_002_wire_003_RX,0.03785692303844182,0.03785692303844182,False
random_bp,expectation_value,same_entangling_gate_count,bcw_6q_random_bp,hea,RX_RY_RZ_CNOT,none,circular,cnot,hamiltonian_local,6,8,7,40,42,6,71,2,2,3,RY,1,46,layer_002_wire_003_RY,0.05287698988732155,0.05287698988732155,False
random_bp,expectation_value,same_entangling_gate_count,bcw_6q_random_bp,hea,RX_RY_RZ_CNOT,none,circular,cnot,hamiltonian_local,6,8,7,40,42,6,71,2,2,3,RZ,2,47,layer_002_wire_003_RZ,-0.03994106351828359,0.03994106351828359,False
random_bp,expectation_value,same_entangling_gate_count,bcw_6q_random_bp,hea,RX_RY_RZ_CNOT,none,circular,cnot,hamiltonian_local,6,8,7,40,42,6,71,2,2,4,RX,0,48,layer_002_wire_004_RX,-0.0027674603764537703,0.0027674603764537703,False
random_bp,expectation_value,same_entangling_gate_count,bcw_6q_random_bp,hea,RX_RY_RZ_CNOT,none,circular,cnot,hamiltonian_local,6,8,7,40,42,6,71,2,2,4,RY,1,49,layer_002_wire_004_RY,-0.01767392112633067,0.01767392112633067,False
random_bp,expectation_value,same_entangling_gate_count,bcw_6q_random_bp,hea,RX_RY_RZ_CNOT,none,circular,cnot,hamiltonian_local,6,8,7,40,42,6,71,2,2,4,RZ,2,50,layer_002_wire_004_RZ,-0.05137353580811012,0.05137353580811012,False
random_bp,expectation_value,same_entangling_gate_count,bcw_6q_random_bp,hea,RX_RY_RZ_CNOT,none,circular,cnot,hamiltonian_local,6,8,7,40,42,6,71,2,2,5,RX,0,51,layer_002_wire_005_RX,-0.03202123849662773,0.03202123849662773,False
random_bp,expectation_value,same_entangling_gate_count,bcw_6q_random_bp,hea,RX_RY_RZ_CNOT,none,circular,cnot,hamiltonian_local,6,8,7,40,42,6,71,2,2,5,RY,1,52,layer_002_wire_005_RY,-0.06990599446484454,0.06990599446484454,False
random_bp,expectation_value,same_entangling_gate_count,bcw_6q_random_bp,hea,RX_RY_RZ_CNOT,none,circular,cnot,hamiltonian_local,6,8,7,40,42,6,71,2,2,5,RZ,2,53,layer_002_wire_005_RZ,0.04146449836713298,0.04146449836713298,False
random_bp,expectation_value,same_entangling_gate_count,bcw_6q_random_bp,hea,RX_RY_RZ_CNOT,none,circular,cnot,hamiltonian_local,6,8,7,40,42,6,71,2,3,0,RX,0,54,layer_003_wire_000_RX,-0.02113014903344365,0.02113014903344365,False
random_bp,expectation_value,same_entangling_gate_count,bcw_6q_random_bp,hea,RX_RY_RZ_CNOT,none,circular,cnot,hamiltonian_local,6,8,7,40,42,6,71,2,3,0,RY,1,55,layer_003_wire_000_RY,0.04109286724720518,0.04109286724720518,False
random_bp,expectation_value,same_entangling_gate_count,bcw_6q_random_bp,hea,RX_RY_RZ_CNOT,none,circular,cnot,hamiltonian_local,6,8,7,40,42,6,71,2,3,0,RZ,2,56,layer_003_wire_000_RZ,-0.030137726205747284,0.030137726205747284,False
random_bp,expectation_value,same_entangling_gate_count,bcw_6q_random_bp,hea,RX_RY_RZ_CNOT,none,circular,cnot,hamiltonian_local,6,8,7,40,42,6,71,2,3,1,RX,0,57,layer_003_wire_001_RX,-0.007181763697349068,0.007181763697349068,False
random_bp,expectation_value,same_entangling_gate_count,bcw_6q_random_bp,hea,RX_RY_RZ_CNOT,none,circular,cnot,hamiltonian_local,6,8,7,40,42,6,71,2,3,1,RY,1,58,layer_003_wire_001_RY,0.07223210364648985,0.07223210364648985,False
random_bp,expectation_value,same_entangling_gate_count,bcw_6q_random_bp,hea,RX_RY_RZ_CNOT,none,circular,cnot,hamiltonian_local,6,8,7,40,42,6,71,2,3,1,RZ,2,59,layer_003_wire_001_RZ,-0.004309870744920577,0.004309870744920577,False
random_bp,expectation_value,same_entangling_gate_count,bcw_6q_random_bp,hea,RX_RY_RZ_CNOT,none,circular,cnot,hamiltonian_local,6,8,7,40,42,6,71,2,3,2,RX,0,60,layer_003_wire_002_RX,0.010145350709120437,0.010145350709120437,False
random_bp,expectation_value,same_entangling_gate_count,bcw_6q_random_bp,hea,RX_RY_RZ_CNOT,none,circular,cnot,hamiltonian_local,6,8,7,40,42,6,71,2,3,2,RY,1,61,layer_003_wire_002_RY,0.015103715593067144,0.015103715593067144,False
random_bp,expectation_value,same_entangling_gate_count,bcw_6q_random_bp,hea,RX_RY_RZ_CNOT,none,circular,cnot,hamiltonian_local,6,8,7,40,42,6,71,2,3,2,RZ,2,62,layer_003_wire_002_RZ,-0.005070751725715237,0.005070751725715237,False
random_bp,expectation_value,same_entangling_gate_count,bcw_6q_random_bp,hea,RX_RY_RZ_CNOT,none,circular,cnot,hamiltonian_local,6,8,7,40,42,6,71,2,3,3,RX,0,63,layer_003_wire_003_RX,0.006468533564044799,0.006468533564044799,False
random_bp,expectation_value,same_entangling_gate_count,bcw_6q_random_bp,hea,RX_RY_RZ_CNOT,none,circular,cnot,hamiltonian_local,6,8,7,40,42,6,71,2,3,3,RY,1,64,layer_003_wire_003_RY,-0.014972135501822687,0.014972135501822687,False
random_bp,expectation_value,same_entangling_gate_count,bcw_6q_random_bp,hea,RX_RY_RZ_CNOT,none,circular,cnot,hamiltonian_local,6,8,7,40,42,6,71,2,3,3,RZ,2,65,layer_003_wire_003_RZ,0.010634854723018405,0.010634854723018405,False
random_bp,expectation_value,same_entangling_gate_count,bcw_6q_random_bp,hea,RX_RY_RZ_CNOT,none,circular,cnot,hamiltonian_local,6,8,7,40,42,6,71,2,3,4,RX,0,66,layer_003_wire_004_RX,0.03245141033442766,0.03245141033442766,False
random_bp,expectation_value,same_entangling_gate_count,bcw_6q_random_bp,hea,RX_RY_RZ_CNOT,none,circular,cnot,hamiltonian_local,6,8,7,40,42,6,71,2,3,4,RY,1,67,layer_003_wire_004_RY,0.034839447715350094,0.034839447715350094,False
random_bp,expectation_value,same_entangling_gate_count,bcw_6q_random_bp,hea,RX_RY_RZ_CNOT,none,circular,cnot,hamiltonian_local,6,8,7,40,42,6,71,2,3,4,RZ,2,68,layer_003_wire_004_RZ,-0.04666240455605278,0.04666240455605278,False
random_bp,expectation_value,same_entangling_gate_count,bcw_6q_random_bp,hea,RX_RY_RZ_CNOT,none,circular,cnot,hamiltonian_local,6,8,7,40,42,6,71,2,3,5,RX,0,69,layer_003_wire_005_RX,0.010816063993506425,0.010816063993506425,False
random_bp,expectation_value,same_entangling_gate_count,bcw_6q_random_bp,hea,RX_RY_RZ_CNOT,none,circular,cnot,hamiltonian_local,6,8,7,40,42,6,71,2,3,5,RY,1,70,layer_003_wire_005_RY,0.059292924596340335,0.059292924596340335,False
random_bp,expectation_value,same_entangling_gate_count,bcw_6q_random_bp,hea,RX_RY_RZ_CNOT,none,circular,cnot,hamiltonian_local,6,8,7,40,42,6,71,2,3,5,RZ,2,71,layer_003_wire_005_RZ,0.037445302298802476,0.037445302298802476,False
random_bp,expectation_value,same_entangling_gate_count,bcw_6q_random_bp,hea,RX_RY_RZ_CNOT,none,circular,cnot,hamiltonian_local,6,8,7,40,42,6,71,2,4,0,RX,0,72,layer_004_wire_000_RX,0.06735432999488718,0.06735432999488718,False
random_bp,expectation_value,same_entangling_gate_count,bcw_6q_random_bp,hea,RX_RY_RZ_CNOT,none,circular,cnot,hamiltonian_local,6,8,7,40,42,6,71,2,4,0,RY,1,73,layer_004_wire_000_RY,-0.022362005030467643,0.022362005030467643,False
random_bp,expectation_value,same_entangling_gate_count,bcw_6q_random_bp,hea,RX_RY_RZ_CNOT,none,circular,cnot,hamiltonian_local,6,8,7,40,42,6,71,2,4,0,RZ,2,74,layer_004_wire_000_RZ,-0.01684937187228544,0.01684937187228544,False
random_bp,expectation_value,same_entangling_gate_count,bcw_6q_random_bp,hea,RX_RY_RZ_CNOT,none,circular,cnot,hamiltonian_local,6,8,7,40,42,6,71,2,4,1,RX,0,75,layer_004_wire_001_RX,-0.015610413215937013,0.015610413215937013,False
random_bp,expectation_value,same_entangling_gate_count,bcw_6q_random_bp,hea,RX_RY_RZ_CNOT,none,circular,cnot,hamiltonian_local,6,8,7,40,42,6,71,2,4,1,RY,1,76,layer_004_wire_001_RY,0.021443078075755673,0.021443078075755673,False
random_bp,expectation_value,same_entangling_gate_count,bcw_6q_random_bp,hea,RX_RY_RZ_CNOT,none,circular,cnot,hamiltonian_local,6,8,7,40,42,6,71,2,4,1,RZ,2,77,layer_004_wire_001_RZ,0.03666513077295891,0.03666513077295891,False
random_bp,expectation_value,same_entangling_gate_count,bcw_6q_random_bp,hea,RX_RY_RZ_CNOT,none,circular,cnot,hamiltonian_local,6,8,7,40,42,6,71,2,4,2,RX,0,78,layer_004_wire_002_RX,0.04238603639756008,0.04238603639756008,False
random_bp,expectation_value,same_entangling_gate_count,bcw_6q_random_bp,hea,RX_RY_RZ_CNOT,none,circular,cnot,hamiltonian_local,6,8,7,40,42,6,71,2,4,2,RY,1,79,layer_004_wire_002_RY,-0.028092594488738937,0.028092594488738937,False
random_bp,expectation_value,same_entangling_gate_count,bcw_6q_random_bp,hea,RX_RY_RZ_CNOT,none,circular,cnot,hamiltonian_local,6,8,7,40,42,6,71,2,4,2,RZ,2,80,layer_004_wire_002_RZ,-0.020598741484461544,0.020598741484461544,False
random_bp,expectation_value,same_entangling_gate_count,bcw_6q_random_bp,hea,RX_RY_RZ_CNOT,none,circular,cnot,hamiltonian_local,6,8,7,40,42,6,71,2,4,3,RX,0,81,layer_004_wire_003_RX,-0.08445328393103112,0.08445328393103112,False
random_bp,expectation_value,same_entangling_gate_count,bcw_6q_random_bp,hea,RX_RY_RZ_CNOT,none,circular,cnot,hamiltonian_local,6,8,7,40,42,6,71,2,4,3,RY,1,82,layer_004_wire_003_RY,-0.028815117434680404,0.028815117434680404,False
random_bp,expectation_value,same_entangling_gate_count,bcw_6q_random_bp,hea,RX_RY_RZ_CNOT,none,circular,cnot,hamiltonian_local,6,8,7,40,42,6,71,2,4,3,RZ,2,83,layer_004_wire_003_RZ,0.014969217955690747,0.014969217955690747,False
random_bp,expectation_value,same_entangling_gate_count,bcw_6q_random_bp,hea,RX_RY_RZ_CNOT,none,circular,cnot,hamiltonian_local,6,8,7,40,42,6,71,2,4,4,RX,0,84,layer_004_wire_004_RX,-0.024416084673367908,0.024416084673367908,False
random_bp,expectation_value,same_entangling_gate_count,bcw_6q_random_bp,hea,RX_RY_RZ_CNOT,none,circular,cnot,hamiltonian_local,6,8,7,40,42,6,71,2,4,4,RY,1,85,layer_004_wire_004_RY,0.022679950443463267,0.022679950443463267,False
random_bp,expectation_value,same_entangling_gate_count,bcw_6q_random_bp,hea,RX_RY_RZ_CNOT,none,circular,cnot,hamiltonian_local,6,8,7,40,42,6,71,2,4,4,RZ,2,86,layer_004_wire_004_RZ,-0.004064942318299902,0.004064942318299902,False
random_bp,expectation_value,same_entangling_gate_count,bcw_6q_random_bp,hea,RX_RY_RZ_CNOT,none,circular,cnot,hamiltonian_local,6,8,7,40,42,6,71,2,4,5,RX,0,87,layer_004_wire_005_RX,0.028436136603273997,0.028436136603273997,False
random_bp,expectation_value,same_entangling_gate_count,bcw_6q_random_bp,hea,RX_RY_RZ_CNOT,none,circular,cnot,hamiltonian_local,6,8,7,40,42,6,71,2,4,5,RY,1,88,layer_004_wire_005_RY,-0.015284499532271015,0.015284499532271015,False
random_bp,expectation_value,same_entangling_gate_count,bcw_6q_random_bp,hea,RX_RY_RZ_CNOT,none,circular,cnot,hamiltonian_local,6,8,7,40,42,6,71,2,4,5,RZ,2,89,layer_004_wire_005_RZ,-0.006287216257664857,0.006287216257664857,False
random_bp,expectation_value,same_entangling_gate_count,bcw_6q_random_bp,hea,RX_RY_RZ_CNOT,none,circular,cnot,hamiltonian_local,6,8,7,40,42,6,71,2,5,0,RX,0,90,layer_005_wire_000_RX,0.01740110992876319,0.01740110992876319,False
random_bp,expectation_value,same_entangling_gate_count,bcw_6q_random_bp,hea,RX_RY_RZ_CNOT,none,circular,cnot,hamiltonian_local,6,8,7,40,42,6,71,2,5,0,RY,1,91,layer_005_wire_000_RY,0.02634684902087045,0.02634684902087045,False
random_bp,expectation_value,same_entangling_gate_count,bcw_6q_random_bp,hea,RX_RY_RZ_CNOT,none,circular,cnot,hamiltonian_local,6,8,7,40,42,6,71,2,5,0,RZ,2,92,layer_005_wire_000_RZ,-0.003612852126822732,0.003612852126822732,False
random_bp,expectation_value,same_entangling_gate_count,bcw_6q_random_bp,hea,RX_RY_RZ_CNOT,none,circular,cnot,hamiltonian_local,6,8,7,40,42,6,71,2,5,1,RX,0,93,layer_005_wire_001_RX,-0.033725787435424835,0.033725787435424835,False
random_bp,expectation_value,same_entangling_gate_count,bcw_6q_random_bp,hea,RX_RY_RZ_CNOT,none,circular,cnot,hamiltonian_local,6,8,7,40,42,6,71,2,5,1,RY,1,94,layer_005_wire_001_RY,0.04883526219882616,0.04883526219882616,False
random_bp,expectation_value,same_entangling_gate_count,bcw_6q_random_bp,hea,RX_RY_RZ_CNOT,none,circular,cnot,hamiltonian_local,6,8,7,40,42,6,71,2,5,1,RZ,2,95,layer_005_wire_001_RZ,-0.014481191531697987,0.014481191531697987,False
random_bp,expectation_value,same_entangling_gate_count,bcw_6q_random_bp,hea,RX_RY_RZ_CNOT,none,circular,cnot,hamiltonian_local,6,8,7,40,42,6,71,2,5,2,RX,0,96,layer_005_wire_002_RX,-0.006099989893425556,0.006099989893425556,False
random_bp,expectation_value,same_entangling_gate_count,bcw_6q_random_bp,hea,RX_RY_RZ_CNOT,none,circular,cnot,hamiltonian_local,6,8,7,40,42,6,71,2,5,2,RY,1,97,layer_005_wire_002_RY,-0.010034355109743445,0.010034355109743445,False
random_bp,expectation_value,same_entangling_gate_count,bcw_6q_random_bp,hea,RX_RY_RZ_CNOT,none,circular,cnot,hamiltonian_local,6,8,7,40,42,6,71,2,5,2,RZ,2,98,layer_005_wire_002_RZ,0.025314912741909328,0.025314912741909328,False
random_bp,expectation_value,same_entangling_gate_count,bcw_6q_random_bp,hea,RX_RY_RZ_CNOT,none,circular,cnot,hamiltonian_local,6,8,7,40,42,6,71,2,5,3,RX,0,99,layer_005_wire_003_RX,-0.036292110308260114,0.036292110308260114,False
random_bp,expectation_value,same_entangling_gate_count,bcw_6q_random_bp,hea,RX_RY_RZ_CNOT,none,circular,cnot,hamiltonian_local,6,8,7,40,42,6,71,2,5,3,RY,1,100,layer_005_wire_003_RY,0.04423490778757165,0.04423490778757165,False
random_bp,expectation_value,same_entangling_gate_count,bcw_6q_random_bp,hea,RX_RY_RZ_CNOT,none,circular,cnot,hamiltonian_local,6,8,7,40,42,6,71,2,5,3,RZ,2,101,layer_005_wire_003_RZ,-0.022454314189897573,0.022454314189897573,False
random_bp,expectation_value,same_entangling_gate_count,bcw_6q_random_bp,hea,RX_RY_RZ_CNOT,none,circular,cnot,hamiltonian_local,6,8,7,40,42,6,71,2,5,4,RX,0,102,layer_005_wire_004_RX,0.020896463050777123,0.020896463050777123,False
random_bp,expectation_value,same_entangling_gate_count,bcw_6q_random_bp,hea,RX_RY_RZ_CNOT,none,circular,cnot,hamiltonian_local,6,8,7,40,42,6,71,2,5,4,RY,1,103,layer_005_wire_004_RY,-0.0027530089276448545,0.0027530089276448545,False
random_bp,expectation_value,same_entangling_gate_count,bcw_6q_random_bp,hea,RX_RY_RZ_CNOT,none,circular,cnot,hamiltonian_local,6,8,7,40,42,6,71,2,5,4,RZ,2,104,layer_005_wire_004_RZ,0.01952278695376946,0.01952278695376946,False
random_bp,expectation_value,same_entangling_gate_count,bcw_6q_random_bp,hea,RX_RY_RZ_CNOT,none,circular,cnot,hamiltonian_local,6,8,7,40,42,6,71,2,5,5,RX,0,105,layer_005_wire_005_RX,0.023256653416968007,0.023256653416968007,False
random_bp,expectation_value,same_entangling_gate_count,bcw_6q_random_bp,hea,RX_RY_RZ_CNOT,none,circular,cnot,hamiltonian_local,6,8,7,40,42,6,71,2,5,5,RY,1,106,layer_005_wire_005_RY,0.02342160737164133,0.02342160737164133,False
random_bp,expectation_value,same_entangling_gate_count,bcw_6q_random_bp,hea,RX_RY_RZ_CNOT,none,circular,cnot,hamiltonian_local,6,8,7,40,42,6,71,2,5,5,RZ,2,107,layer_005_wire_005_RZ,0.005122271562037527,0.005122271562037527,False
random_bp,expectation_value,same_entangling_gate_count,bcw_6q_random_bp,hea,RX_RY_RZ_CNOT,none,circular,cnot,hamiltonian_local,6,8,7,40,42,6,71,2,6,0,RX,0,108,layer_006_wire_000_RX,0.004382397001227246,0.004382397001227246,False
random_bp,expectation_value,same_entangling_gate_count,bcw_6q_random_bp,hea,RX_RY_RZ_CNOT,none,circular,cnot,hamiltonian_local,6,8,7,40,42,6,71,2,6,0,RY,1,109,layer_006_wire_000_RY,0.0011435518586257118,0.0011435518586257118,False
random_bp,expectation_value,same_entangling_gate_count,bcw_6q_random_bp,hea,RX_RY_RZ_CNOT,none,circular,cnot,hamiltonian_local,6,8,7,40,42,6,71,2,6,0,RZ,2,110,layer_006_wire_000_RZ,-1.3355886730795264e-18,1.3355886730795264e-18,True
random_bp,expectation_value,same_entangling_gate_count,bcw_6q_random_bp,hea,RX_RY_RZ_CNOT,none,circular,cnot,hamiltonian_local,6,8,7,40,42,6,71,2,6,1,RX,0,111,layer_006_wire_001_RX,-1.734723475976807e-17,1.734723475976807e-17,True
random_bp,expectation_value,same_entangling_gate_count,bcw_6q_random_bp,hea,RX_RY_RZ_CNOT,none,circular,cnot,hamiltonian_local,6,8,7,40,42,6,71,2,6,1,RY,1,112,layer_006_wire_001_RY,1.734723475976807e-17,1.734723475976807e-17,True
random_bp,expectation_value,same_entangling_gate_count,bcw_6q_random_bp,hea,RX_RY_RZ_CNOT,none,circular,cnot,hamiltonian_local,6,8,7,40,42,6,71,2,6,1,RZ,2,113,layer_006_wire_001_RZ,-1.7378370786804705e-17,1.7378370786804705e-17,True
random_bp,expectation_value,same_entangling_gate_count,bcw_6q_random_bp,hea,RX_RY_RZ_CNOT,none,circular,cnot,hamiltonian_local,6,8,7,40,42,6,71,2,6,2,RX,0,114,layer_006_wire_002_RX,-0.03311875915520027,0.03311875915520027,False
random_bp,expectation_value,same_entangling_gate_count,bcw_6q_random_bp,hea,RX_RY_RZ_CNOT,none,circular,cnot,hamiltonian_local,6,8,7,40,42,6,71,2,6,2,RY,1,115,layer_006_wire_002_RY,-0.060795631308047965,0.060795631308047965,False
random_bp,expectation_value,same_entangling_gate_count,bcw_6q_random_bp,hea,RX_RY_RZ_CNOT,none,circular,cnot,hamiltonian_local,6,8,7,40,42,6,71,2,6,2,RZ,2,116,layer_006_wire_002_RZ,-3.876397734940856e-18,3.876397734940856e-18,True
random_bp,expectation_value,same_entangling_gate_count,bcw_6q_random_bp,hea,RX_RY_RZ_CNOT,none,circular,cnot,hamiltonian_local,6,8,7,40,42,6,71,2,6,3,RX,0,117,layer_006_wire_003_RX,-0.024772259360778908,0.024772259360778908,False
random_bp,expectation_value,same_entangling_gate_count,bcw_6q_random_bp,hea,RX_RY_RZ_CNOT,none,circular,cnot,hamiltonian_local,6,8,7,40,42,6,71,2,6,3,RY,1,118,layer_006_wire_003_RY,0.014152499971201547,0.014152499971201547,False
random_bp,expectation_value,same_entangling_gate_count,bcw_6q_random_bp,hea,RX_RY_RZ_CNOT,none,circular,cnot,hamiltonian_local,6,8,7,40,42,6,71,2,6,3,RZ,2,119,layer_006_wire_003_RZ,3.79748414093568e-19,3.79748414093568e-19,True
random_bp,expectation_value,same_entangling_gate_count,bcw_6q_random_bp,hea,RX_RY_RZ_CNOT,none,circular,cnot,hamiltonian_local,6,8,7,40,42,6,71,2,6,4,RX,0,120,layer_006_wire_004_RX,-0.0023435255539330895,0.0023435255539330895,False
random_bp,expectation_value,same_entangling_gate_count,bcw_6q_random_bp,hea,RX_RY_RZ_CNOT,none,circular,cnot,hamiltonian_local,6,8,7,40,42,6,71,2,6,4,RY,1,121,layer_006_wire_004_RY,0.04526637873973848,0.04526637873973848,False
random_bp,expectation_value,same_entangling_gate_count,bcw_6q_random_bp,hea,RX_RY_RZ_CNOT,none,circular,cnot,hamiltonian_local,6,8,7,40,42,6,71,2,6,4,RZ,2,122,layer_006_wire_004_RZ,-1.3852836924956232e-17,1.3852836924956232e-17,True
random_bp,expectation_value,same_entangling_gate_count,bcw_6q_random_bp,hea,RX_RY_RZ_CNOT,none,circular,cnot,hamiltonian_local,6,8,7,40,42,6,71,2,6,5,RX,0,123,layer_006_wire_005_RX,0.008372362980084074,0.008372362980084074,False
random_bp,expectation_value,same_entangling_gate_count,bcw_6q_random_bp,hea,RX_RY_RZ_CNOT,none,circular,cnot,hamiltonian_local,6,8,7,40,42,6,71,2,6,5,RY,1,124,layer_006_wire_005_RY,0.055690764396345946,0.055690764396345946,False
random_bp,expectation_value,same_entangling_gate_count,bcw_6q_random_bp,hea,RX_RY_RZ_CNOT,none,circular,cnot,hamiltonian_local,6,8,7,40,42,6,71,2,6,5,RZ,2,125,layer_006_wire_005_RZ,-1.6372680677422543e-17,1.6372680677422543e-17,True
