benchmark_mode,objective_type,experiment_group,ansatz_type,gate_set,encoding_type,entanglement_topology,entangler_type,cost_type,n_qubits,reference_depth,depth,budget_normalization,layer_id,qubit_id,gate_type,axis_id,param_index,param_id,n_seeds,param_grad_mean,param_grad_variance_across_seeds,param_mean_abs_grad,param_near_zero_ratio
random_bp,expectation_value,bcw_12q_random_bp,hea,RX_RY_RZ_CNOT,none,linear,cnot,local,12,1,1,same_entangling_gate_count,0,0,RX,0,0,layer_000_wire_000_RX,3,-0.0027956272157478586,6.485366943877442e-05,0.005878503704481915,0.0
random_bp,expectation_value,bcw_12q_random_bp,hea,RX_RY_RZ_CNOT,none,linear,cnot,local,12,1,1,same_entangling_gate_count,0,0,RY,1,1,layer_000_wire_000_RY,3,0.019264796958801927,0.002698453284954386,0.032848323707100724,0.0
random_bp,expectation_value,bcw_12q_random_bp,hea,RX_RY_RZ_CNOT,none,linear,cnot,local,12,1,1,same_entangling_gate_count,0,0,RZ,2,2,layer_000_wire_000_RZ,3,9.074966399258765e-19,6.926791465602203e-34,1.838485921017828e-17,1.0
random_bp,expectation_value,bcw_12q_random_bp,hea,RX_RY_RZ_CNOT,none,linear,cnot,local,12,1,1,same_entangling_gate_count,0,1,RX,0,3,layer_000_wire_001_RX,3,0.00220769819614684,9.631092138794978e-06,0.0024182957992452923,0.0
random_bp,expectation_value,bcw_12q_random_bp,hea,RX_RY_RZ_CNOT,none,linear,cnot,local,12,1,1,same_entangling_gate_count,0,1,RY,1,4,layer_000_wire_001_RY,3,0.01669596860552532,0.00046821135930113063,0.016695968605525323,0.0
random_bp,expectation_value,bcw_12q_random_bp,hea,RX_RY_RZ_CNOT,none,linear,cnot,local,12,1,1,same_entangling_gate_count,0,1,RZ,2,5,layer_000_wire_001_RZ,3,-1.0467913601165727e-18,1.2270409670328553e-34,7.822824218280563e-18,1.0
random_bp,expectation_value,bcw_12q_random_bp,hea,RX_RY_RZ_CNOT,none,linear,cnot,local,12,1,1,same_entangling_gate_count,0,2,RX,0,6,layer_000_wire_002_RX,3,-0.006729208299299262,0.00016612911115591972,0.007877569383254594,0.0
random_bp,expectation_value,bcw_12q_random_bp,hea,RX_RY_RZ_CNOT,none,linear,cnot,local,12,1,1,same_entangling_gate_count,0,2,RY,1,7,layer_000_wire_002_RY,3,-0.003487867641306491,1.4469775332656157e-05,0.0036583905181272872,0.0
random_bp,expectation_value,bcw_12q_random_bp,hea,RX_RY_RZ_CNOT,none,linear,cnot,local,12,1,1,same_entangling_gate_count,0,2,RZ,2,8,layer_000_wire_002_RZ,3,-5.233070038901253e-18,1.2045730490273898e-34,6.670296830008725e-18,1.0
random_bp,expectation_value,bcw_12q_random_bp,hea,RX_RY_RZ_CNOT,none,linear,cnot,local,12,1,1,same_entangling_gate_count,0,3,RX,0,9,layer_000_wire_003_RX,3,0.00017409175301719577,4.053470888490347e-08,0.00017409175301719574,0.0
random_bp,expectation_value,bcw_12q_random_bp,hea,RX_RY_RZ_CNOT,none,linear,cnot,local,12,1,1,same_entangling_gate_count,0,3,RY,1,10,layer_000_wire_003_RY,3,-0.0033530052739874014,3.9066215019723226e-05,0.0036925245635573653,0.0
random_bp,expectation_value,bcw_12q_random_bp,hea,RX_RY_RZ_CNOT,none,linear,cnot,local,12,1,1,same_entangling_gate_count,0,3,RZ,2,11,layer_000_wire_003_RZ,3,-3.592192766019896e-18,3.119267076621985e-35,5.453335292281348e-18,1.0
random_bp,expectation_value,bcw_12q_random_bp,hea,RX_RY_RZ_CNOT,none,linear,cnot,local,12,1,1,same_entangling_gate_count,0,4,RX,0,12,layer_000_wire_004_RX,3,3.2959602251987505e-05,3.6024388082633613e-09,4.5699954897212555e-05,0.0
random_bp,expectation_value,bcw_12q_random_bp,hea,RX_RY_RZ_CNOT,none,linear,cnot,local,12,1,1,same_entangling_gate_count,0,4,RY,1,13,layer_000_wire_004_RY,3,3.4185979396238195e-05,2.2339317380057803e-09,4.5453621097134024e-05,0.0
random_bp,expectation_value,bcw_12q_random_bp,hea,RX_RY_RZ_CNOT,none,linear,cnot,local,12,1,1,same_entangling_gate_count,0,4,RZ,2,14,layer_000_wire_004_RZ,3,-6.958681669451802e-18,1.3135596441734944e-34,6.958681669451802e-18,1.0
random_bp,expectation_value,bcw_12q_random_bp,hea,RX_RY_RZ_CNOT,none,linear,cnot,local,12,1,1,same_entangling_gate_count,0,5,RX,0,15,layer_000_wire_005_RX,3,-3.598481085621649e-05,8.464599257402857e-10,3.598481085621649e-05,0.0
random_bp,expectation_value,bcw_12q_random_bp,hea,RX_RY_RZ_CNOT,none,linear,cnot,local,12,1,1,same_entangling_gate_count,0,5,RY,1,16,layer_000_wire_005_RY,3,1.8171740685569975e-05,3.382595848694648e-11,1.8171740685569975e-05,0.0
random_bp,expectation_value,bcw_12q_random_bp,hea,RX_RY_RZ_CNOT,none,linear,cnot,local,12,1,1,same_entangling_gate_count,0,5,RZ,2,17,layer_000_wire_005_RZ,3,-1.882503956532447e-18,1.769287243577128e-35,3.3329520823018735e-18,1.0
random_bp,expectation_value,bcw_12q_random_bp,hea,RX_RY_RZ_CNOT,none,linear,cnot,local,12,1,1,same_entangling_gate_count,0,6,RX,0,18,layer_000_wire_006_RX,3,3.242239781705913e-08,5.7953077548208565e-11,5.505402379583156e-06,0.0
random_bp,expectation_value,bcw_12q_random_bp,hea,RX_RY_RZ_CNOT,none,linear,cnot,local,12,1,1,same_entangling_gate_count,0,6,RY,1,19,layer_000_wire_006_RY,3,9.059501351215269e-06,9.170730585040937e-11,9.05950135121527e-06,0.0
random_bp,expectation_value,bcw_12q_random_bp,hea,RX_RY_RZ_CNOT,none,linear,cnot,local,12,1,1,same_entangling_gate_count,0,6,RZ,2,20,layer_000_wire_006_RZ,3,-1.0781614966943744e-18,7.075621876506892e-36,2.3932997321551674e-18,1.0
random_bp,expectation_value,bcw_12q_random_bp,hea,RX_RY_RZ_CNOT,none,linear,cnot,local,12,1,1,same_entangling_gate_count,0,7,RX,0,21,layer_000_wire_007_RX,3,5.184533861938534e-07,1.964401026522527e-12,1.0385607686724932e-06,0.6666666666666666
random_bp,expectation_value,bcw_12q_random_bp,hea,RX_RY_RZ_CNOT,none,linear,cnot,local,12,1,1,same_entangling_gate_count,0,7,RY,1,22,layer_000_wire_007_RY,3,4.2813312743280446e-06,2.1031387407056132e-11,4.281331274328044e-06,0.3333333333333333
random_bp,expectation_value,bcw_12q_random_bp,hea,RX_RY_RZ_CNOT,none,linear,cnot,local,12,1,1,same_entangling_gate_count,0,7,RZ,2,23,layer_000_wire_007_RZ,3,-4.7746083154610255e-18,4.7995644136067756e-36,4.7746083154610255e-18,1.0
random_bp,expectation_value,bcw_12q_random_bp,hea,RX_RY_RZ_CNOT,none,linear,cnot,local,12,1,1,same_entangling_gate_count,0,8,RX,0,24,layer_000_wire_008_RX,3,-2.675872006850026e-06,2.46139476831157e-11,2.926262137594248e-06,0.6666666666666666
random_bp,expectation_value,bcw_12q_random_bp,hea,RX_RY_RZ_CNOT,none,linear,cnot,local,12,1,1,same_entangling_gate_count,0,8,RY,1,25,layer_000_wire_008_RY,3,-7.625236316145648e-07,1.1575630282330026e-12,8.091209805615658e-07,0.6666666666666666
random_bp,expectation_value,bcw_12q_random_bp,hea,RX_RY_RZ_CNOT,none,linear,cnot,local,12,1,1,same_entangling_gate_count,0,8,RZ,2,26,layer_000_wire_008_RZ,3,-2.7877712887791083e-18,9.123707440418484e-36,3.067771297499813e-18,1.0
random_bp,expectation_value,bcw_12q_random_bp,hea,RX_RY_RZ_CNOT,none,linear,cnot,local,12,1,1,same_entangling_gate_count,0,9,RX,0,27,layer_000_wire_009_RX,3,-1.5300991679881709e-06,7.295998170909564e-12,1.5691775090795972e-06,0.6666666666666666
random_bp,expectation_value,bcw_12q_random_bp,hea,RX_RY_RZ_CNOT,none,linear,cnot,local,12,1,1,same_entangling_gate_count,0,9,RY,1,28,layer_000_wire_009_RY,3,-8.19418819912781e-07,5.22418185509485e-13,8.194188199127809e-07,0.3333333333333333
random_bp,expectation_value,bcw_12q_random_bp,hea,RX_RY_RZ_CNOT,none,linear,cnot,local,12,1,1,same_entangling_gate_count,0,9,RZ,2,29,layer_000_wire_009_RZ,3,3.527399553147098e-18,2.615601895624725e-35,4.539219496171368e-18,1.0
random_bp,expectation_value,bcw_12q_random_bp,hea,RX_RY_RZ_CNOT,none,linear,cnot,local,12,1,1,same_entangling_gate_count,0,10,RX,0,30,layer_000_wire_010_RX,3,-3.2566435943272976e-07,1.1868768092489477e-13,3.2570957276812024e-07,1.0
random_bp,expectation_value,bcw_12q_random_bp,hea,RX_RY_RZ_CNOT,none,linear,cnot,local,12,1,1,same_entangling_gate_count,0,10,RY,1,31,layer_000_wire_010_RY,3,9.661496182512686e-08,8.966873172766769e-15,9.661496182512685e-08,1.0
random_bp,expectation_value,bcw_12q_random_bp,hea,RX_RY_RZ_CNOT,none,linear,cnot,local,12,1,1,same_entangling_gate_count,0,10,RZ,2,32,layer_000_wire_010_RZ,3,-3.0010049747709436e-17,2.185364356748485e-34,3.001004974770943e-17,1.0
random_bp,expectation_value,bcw_12q_random_bp,hea,RX_RY_RZ_CNOT,none,linear,cnot,local,12,1,1,same_entangling_gate_count,0,11,RX,0,33,layer_000_wire_011_RX,3,-8.807176439248456e-08,7.087814657635964e-15,8.845381974742988e-08,1.0
random_bp,expectation_value,bcw_12q_random_bp,hea,RX_RY_RZ_CNOT,none,linear,cnot,local,12,1,1,same_entangling_gate_count,0,11,RY,1,34,layer_000_wire_011_RY,3,5.024954656023822e-08,8.025062442679583e-15,5.220275451506013e-08,1.0
random_bp,expectation_value,bcw_12q_random_bp,hea,RX_RY_RZ_CNOT,none,linear,cnot,local,12,1,1,same_entangling_gate_count,0,11,RZ,2,35,layer_000_wire_011_RZ,3,1.2091298841860702e-17,2.2560925398769643e-35,1.2091298841860703e-17,1.0
random_bp,expectation_value,bcw_12q_random_bp,hea,RX_RY_RZ_CNOT,none,circular,cnot,local,12,1,1,same_entangling_gate_count,0,0,RX,0,0,layer_000_wire_000_RX,3,-0.010457077757167867,0.00019633541608822324,0.010457077757167865,0.0
random_bp,expectation_value,bcw_12q_random_bp,hea,RX_RY_RZ_CNOT,none,circular,cnot,local,12,1,1,same_entangling_gate_count,0,0,RY,1,1,layer_000_wire_000_RY,3,0.007844725364971803,0.00023581424035070049,0.01196391374468952,0.0
random_bp,expectation_value,bcw_12q_random_bp,hea,RX_RY_RZ_CNOT,none,circular,cnot,local,12,1,1,same_entangling_gate_count,0,0,RZ,2,2,layer_000_wire_000_RZ,3,-6.869621429761452e-18,1.1070630942268153e-33,2.309066053699872e-17,1.0
random_bp,expectation_value,bcw_12q_random_bp,hea,RX_RY_RZ_CNOT,none,circular,cnot,local,12,1,1,same_entangling_gate_count,0,1,RX,0,3,layer_000_wire_001_RX,3,0.0022088833084376795,9.627784921304305e-06,0.002419496136157001,0.0
random_bp,expectation_value,bcw_12q_random_bp,hea,RX_RY_RZ_CNOT,none,circular,cnot,local,12,1,1,same_entangling_gate_count,0,1,RY,1,4,layer_000_wire_001_RY,3,0.01669747407927431,0.00046814536159647433,0.016697474079274306,0.0
random_bp,expectation_value,bcw_12q_random_bp,hea,RX_RY_RZ_CNOT,none,circular,cnot,local,12,1,1,same_entangling_gate_count,0,1,RZ,2,5,layer_000_wire_001_RZ,3,1.0049873042684865e-17,6.409086787068529e-34,2.1303889012064833e-17,1.0
random_bp,expectation_value,bcw_12q_random_bp,hea,RX_RY_RZ_CNOT,none,circular,cnot,local,12,1,1,same_entangling_gate_count,0,2,RX,0,6,layer_000_wire_002_RX,3,-0.006724815638254078,0.00016624091194607674,0.007882077907980569,0.0
random_bp,expectation_value,bcw_12q_random_bp,hea,RX_RY_RZ_CNOT,none,circular,cnot,local,12,1,1,same_entangling_gate_count,0,2,RY,1,7,layer_000_wire_002_RY,3,-0.003487770606383351,1.4477002031757938e-05,0.0036596152415134544,0.0
random_bp,expectation_value,bcw_12q_random_bp,hea,RX_RY_RZ_CNOT,none,circular,cnot,local,12,1,1,same_entangling_gate_count,0,2,RZ,2,8,layer_000_wire_002_RZ,3,-6.8100906332576225e-18,3.112954459051402e-34,1.1311992446298988e-17,1.0
random_bp,expectation_value,bcw_12q_random_bp,hea,RX_RY_RZ_CNOT,none,circular,cnot,local,12,1,1,same_entangling_gate_count,0,3,RX,0,9,layer_000_wire_003_RX,3,0.0001769072442810835,4.248265540973904e-08,0.00017690724428108353,0.0
random_bp,expectation_value,bcw_12q_random_bp,hea,RX_RY_RZ_CNOT,none,circular,cnot,local,12,1,1,same_entangling_gate_count,0,3,RY,1,10,layer_000_wire_003_RY,3,-0.003352085475721218,3.907596604962726e-05,0.003693447447002086,0.0
random_bp,expectation_value,bcw_12q_random_bp,hea,RX_RY_RZ_CNOT,none,circular,cnot,local,12,1,1,same_entangling_gate_count,0,3,RZ,2,11,layer_000_wire_003_RZ,3,-5.381204881839395e-18,5.406318744098858e-35,7.275505720688242e-18,1.0
random_bp,expectation_value,bcw_12q_random_bp,hea,RX_RY_RZ_CNOT,none,circular,cnot,local,12,1,1,same_entangling_gate_count,0,4,RX,0,12,layer_000_wire_004_RX,3,3.22261878633494e-05,3.751524946816014e-09,4.661580747269616e-05,0.0
random_bp,expectation_value,bcw_12q_random_bp,hea,RX_RY_RZ_CNOT,none,circular,cnot,local,12,1,1,same_entangling_gate_count,0,4,RY,1,13,layer_000_wire_004_RY,3,3.746508148917455e-05,2.685903602478564e-09,4.876401551720945e-05,0.0
random_bp,expectation_value,bcw_12q_random_bp,hea,RX_RY_RZ_CNOT,none,circular,cnot,local,12,1,1,same_entangling_gate_count,0,4,RZ,2,14,layer_000_wire_004_RZ,3,-7.334238650054409e-18,7.50728898139994e-36,7.33423865005441e-18,1.0
random_bp,expectation_value,bcw_12q_random_bp,hea,RX_RY_RZ_CNOT,none,circular,cnot,local,12,1,1,same_entangling_gate_count,0,5,RX,0,15,layer_000_wire_005_RX,3,-3.410063192291719e-05,6.964466519809912e-10,3.410063192291719e-05,0.0
random_bp,expectation_value,bcw_12q_random_bp,hea,RX_RY_RZ_CNOT,none,circular,cnot,local,12,1,1,same_entangling_gate_count,0,5,RY,1,16,layer_000_wire_005_RY,3,1.7876743082978307e-05,4.291072942862325e-11,1.7876743082978307e-05,0.0
random_bp,expectation_value,bcw_12q_random_bp,hea,RX_RY_RZ_CNOT,none,circular,cnot,local,12,1,1,same_entangling_gate_count,0,5,RZ,2,17,layer_000_wire_005_RZ,3,-1.50106303851461e-18,9.401680142917307e-36,1.852898192202889e-18,1.0
random_bp,expectation_value,bcw_12q_random_bp,hea,RX_RY_RZ_CNOT,none,circular,cnot,local,12,1,1,same_entangling_gate_count,0,6,RX,0,18,layer_000_wire_006_RX,3,-1.2242790347651387e-06,1.0116537675381289e-10,7.2144766430290805e-06,0.0
random_bp,expectation_value,bcw_12q_random_bp,hea,RX_RY_RZ_CNOT,none,circular,cnot,local,12,1,1,same_entangling_gate_count,0,6,RY,1,19,layer_000_wire_006_RY,3,1.3497170028526497e-05,2.901773131846619e-10,1.3497170028526497e-05,0.0
random_bp,expectation_value,bcw_12q_random_bp,hea,RX_RY_RZ_CNOT,none,circular,cnot,local,12,1,1,same_entangling_gate_count,0,6,RZ,2,20,layer_000_wire_006_RZ,3,-2.427903947367204e-18,1.9557013051333e-35,4.186740302380394e-18,1.0
random_bp,expectation_value,bcw_12q_random_bp,hea,RX_RY_RZ_CNOT,none,circular,cnot,local,12,1,1,same_entangling_gate_count,0,7,RX,0,21,layer_000_wire_007_RX,3,5.733624943825158e-07,1.2374364984366917e-12,8.385293044438835e-07,0.6666666666666666
random_bp,expectation_value,bcw_12q_random_bp,hea,RX_RY_RZ_CNOT,none,circular,cnot,local,12,1,1,same_entangling_gate_count,0,7,RY,1,22,layer_000_wire_007_RY,3,2.656293597259032e-06,5.718067943735464e-12,2.6562935972590314e-06,0.3333333333333333
random_bp,expectation_value,bcw_12q_random_bp,hea,RX_RY_RZ_CNOT,none,circular,cnot,local,12,1,1,same_entangling_gate_count,0,7,RZ,2,23,layer_000_wire_007_RZ,3,9.786793932620539e-18,1.8580554382592031e-34,9.873337800336294e-18,1.0
random_bp,expectation_value,bcw_12q_random_bp,hea,RX_RY_RZ_CNOT,none,circular,cnot,local,12,1,1,same_entangling_gate_count,0,8,RX,0,24,layer_000_wire_008_RX,3,-6.750887396584195e-06,1.403748715726449e-10,6.871861115019225e-06,0.6666666666666666
random_bp,expectation_value,bcw_12q_random_bp,hea,RX_RY_RZ_CNOT,none,circular,cnot,local,12,1,1,same_entangling_gate_count,0,8,RY,1,25,layer_000_wire_008_RY,3,-1.6408232306641933e-06,7.545964903395758e-12,1.6878469773905478e-06,0.6666666666666666
random_bp,expectation_value,bcw_12q_random_bp,hea,RX_RY_RZ_CNOT,none,circular,cnot,local,12,1,1,same_entangling_gate_count,0,8,RZ,2,26,layer_000_wire_008_RZ,3,-7.169560962689588e-19,7.933474136769301e-36,2.1004096676787013e-18,1.0
random_bp,expectation_value,bcw_12q_random_bp,hea,RX_RY_RZ_CNOT,none,circular,cnot,local,12,1,1,same_entangling_gate_count,0,9,RX,0,27,layer_000_wire_009_RX,3,3.4408223437808606e-06,3.465221301844638e-11,3.4408223437808606e-06,0.6666666666666666
random_bp,expectation_value,bcw_12q_random_bp,hea,RX_RY_RZ_CNOT,none,circular,cnot,local,12,1,1,same_entangling_gate_count,0,9,RY,1,28,layer_000_wire_009_RY,3,4.7114452468591836e-07,5.489483315383147e-12,1.5382042753105004e-06,0.3333333333333333
random_bp,expectation_value,bcw_12q_random_bp,hea,RX_RY_RZ_CNOT,none,circular,cnot,local,12,1,1,same_entangling_gate_count,0,9,RZ,2,29,layer_000_wire_009_RZ,3,6.799780196860621e-18,1.2216310905249866e-34,8.01375579911145e-18,1.0
random_bp,expectation_value,bcw_12q_random_bp,hea,RX_RY_RZ_CNOT,none,circular,cnot,local,12,1,1,same_entangling_gate_count,0,10,RX,0,30,layer_000_wire_010_RX,3,5.3668276689712215e-06,1.00438124526856e-10,5.919358766516233e-06,0.6666666666666666
random_bp,expectation_value,bcw_12q_random_bp,hea,RX_RY_RZ_CNOT,none,circular,cnot,local,12,1,1,same_entangling_gate_count,0,10,RY,1,31,layer_000_wire_010_RY,3,-1.4670630407359391e-06,7.786214029604334e-12,1.6562612877736973e-06,0.6666666666666666
random_bp,expectation_value,bcw_12q_random_bp,hea,RX_RY_RZ_CNOT,none,circular,cnot,local,12,1,1,same_entangling_gate_count,0,10,RZ,2,32,layer_000_wire_010_RZ,3,-1.7930280877444452e-17,3.3491734750239156e-34,1.9198340416191528e-17,1.0
random_bp,expectation_value,bcw_12q_random_bp,hea,RX_RY_RZ_CNOT,none,circular,cnot,local,12,1,1,same_entangling_gate_count,0,11,RX,0,33,layer_000_wire_011_RX,3,-3.03649661920495e-06,1.745718218733372e-11,3.03649661920495e-06,0.3333333333333333
random_bp,expectation_value,bcw_12q_random_bp,hea,RX_RY_RZ_CNOT,none,circular,cnot,local,12,1,1,same_entangling_gate_count,0,11,RY,1,34,layer_000_wire_011_RY,3,2.381062079565522e-06,1.728159753335317e-11,2.406429999422154e-06,0.6666666666666666
random_bp,expectation_value,bcw_12q_random_bp,hea,RX_RY_RZ_CNOT,none,circular,cnot,local,12,1,1,same_entangling_gate_count,0,11,RZ,2,35,layer_000_wire_011_RZ,3,1.1380836063570887e-17,5.845448569165289e-34,1.4789981902552677e-17,1.0
random_bp,expectation_value,bcw_12q_random_bp,hea,RX_RY_RZ_CNOT,none,linear,cnot,global,12,1,1,same_entangling_gate_count,0,0,RX,0,0,layer_000_wire_000_RX,3,2.9438453616625862e-18,2.464044964098507e-35,2.97998543407877e-18,1.0
random_bp,expectation_value,bcw_12q_random_bp,hea,RX_RY_RZ_CNOT,none,linear,cnot,global,12,1,1,same_entangling_gate_count,0,0,RY,1,1,layer_000_wire_000_RY,3,-5.6842969368657336e-18,1.417612639034876e-34,8.14182186116621e-18,1.0
random_bp,expectation_value,bcw_12q_random_bp,hea,RX_RY_RZ_CNOT,none,linear,cnot,global,12,1,1,same_entangling_gate_count,0,0,RZ,2,2,layer_000_wire_000_RZ,3,9.69497996326702e-19,6.0112950218150316e-36,1.5449505859049683e-18,1.0
random_bp,expectation_value,bcw_12q_random_bp,hea,RX_RY_RZ_CNOT,none,linear,cnot,global,12,1,1,same_entangling_gate_count,0,1,RX,0,3,layer_000_wire_001_RX,3,0.003653829286507275,4.113799107288995e-05,0.0037216832526073616,0.0
random_bp,expectation_value,bcw_12q_random_bp,hea,RX_RY_RZ_CNOT,none,linear,cnot,global,12,1,1,same_entangling_gate_count,0,1,RY,1,4,layer_000_wire_001_RY,3,0.004899752461629474,4.292283890060754e-05,0.004899752461629474,0.0
random_bp,expectation_value,bcw_12q_random_bp,hea,RX_RY_RZ_CNOT,none,linear,cnot,global,12,1,1,same_entangling_gate_count,0,1,RZ,2,5,layer_000_wire_001_RZ,3,4.406119037336335e-18,1.071548085332167e-34,6.448560100054458e-18,1.0
random_bp,expectation_value,bcw_12q_random_bp,hea,RX_RY_RZ_CNOT,none,linear,cnot,global,12,1,1,same_entangling_gate_count,0,2,RX,0,6,layer_000_wire_002_RX,3,-2.851395244773726e-18,6.605859491324973e-36,2.8513952447737265e-18,1.0
random_bp,expectation_value,bcw_12q_random_bp,hea,RX_RY_RZ_CNOT,none,linear,cnot,global,12,1,1,same_entangling_gate_count,0,2,RY,1,7,layer_000_wire_002_RY,3,-3.81037771322347e-18,1.1700551837038725e-34,8.400166910078772e-18,1.0
random_bp,expectation_value,bcw_12q_random_bp,hea,RX_RY_RZ_CNOT,none,linear,cnot,global,12,1,1,same_entangling_gate_count,0,2,RZ,2,8,layer_000_wire_002_RZ,3,-3.025373970174601e-18,5.880192160055938e-35,4.846282646586709e-18,1.0
random_bp,expectation_value,bcw_12q_random_bp,hea,RX_RY_RZ_CNOT,none,linear,cnot,global,12,1,1,same_entangling_gate_count,0,3,RX,0,9,layer_000_wire_003_RX,3,0.008744741258762036,0.00021856489326260885,0.008745985182437958,0.0
random_bp,expectation_value,bcw_12q_random_bp,hea,RX_RY_RZ_CNOT,none,linear,cnot,global,12,1,1,same_entangling_gate_count,0,3,RY,1,10,layer_000_wire_003_RY,3,0.003236003822693395,1.1388127213723774e-05,0.003236003822693395,0.0
random_bp,expectation_value,bcw_12q_random_bp,hea,RX_RY_RZ_CNOT,none,linear,cnot,global,12,1,1,same_entangling_gate_count,0,3,RZ,2,11,layer_000_wire_003_RZ,3,-8.034092661325011e-18,1.103360880386749e-34,8.03409266132501e-18,1.0
random_bp,expectation_value,bcw_12q_random_bp,hea,RX_RY_RZ_CNOT,none,linear,cnot,global,12,1,1,same_entangling_gate_count,0,4,RX,0,12,layer_000_wire_004_RX,3,-1.4797665588532627e-18,3.098428262592443e-35,4.660092931477409e-18,1.0
random_bp,expectation_value,bcw_12q_random_bp,hea,RX_RY_RZ_CNOT,none,linear,cnot,global,12,1,1,same_entangling_gate_count,0,4,RY,1,13,layer_000_wire_004_RY,3,-2.2852948916921023e-18,2.238874493005272e-35,3.965808259044634e-18,1.0
random_bp,expectation_value,bcw_12q_random_bp,hea,RX_RY_RZ_CNOT,none,linear,cnot,global,12,1,1,same_entangling_gate_count,0,4,RZ,2,14,layer_000_wire_004_RZ,3,-3.0859980883339577e-18,5.190705920550149e-35,5.907010608060724e-18,1.0
random_bp,expectation_value,bcw_12q_random_bp,hea,RX_RY_RZ_CNOT,none,linear,cnot,global,12,1,1,same_entangling_gate_count,0,5,RX,0,15,layer_000_wire_005_RX,3,0.005626988374446206,0.00013136526775802646,0.006917879839389805,0.0
random_bp,expectation_value,bcw_12q_random_bp,hea,RX_RY_RZ_CNOT,none,linear,cnot,global,12,1,1,same_entangling_gate_count,0,5,RY,1,16,layer_000_wire_005_RY,3,-0.00080008050369057,5.884286166006639e-06,0.0015558193232310155,0.0
random_bp,expectation_value,bcw_12q_random_bp,hea,RX_RY_RZ_CNOT,none,linear,cnot,global,12,1,1,same_entangling_gate_count,0,5,RZ,2,17,layer_000_wire_005_RZ,3,3.469238103111465e-18,1.0140672506955085e-34,6.560146083957911e-18,1.0
random_bp,expectation_value,bcw_12q_random_bp,hea,RX_RY_RZ_CNOT,none,linear,cnot,global,12,1,1,same_entangling_gate_count,0,6,RX,0,18,layer_000_wire_006_RX,3,1.5938336624168417e-18,2.7405084085423377e-35,3.942938369468768e-18,1.0
random_bp,expectation_value,bcw_12q_random_bp,hea,RX_RY_RZ_CNOT,none,linear,cnot,global,12,1,1,same_entangling_gate_count,0,6,RY,1,19,layer_000_wire_006_RY,3,-5.542136573884887e-18,6.20488847202816e-35,6.7274180114094045e-18,1.0
random_bp,expectation_value,bcw_12q_random_bp,hea,RX_RY_RZ_CNOT,none,linear,cnot,global,12,1,1,same_entangling_gate_count,0,6,RZ,2,20,layer_000_wire_006_RZ,3,1.1587008442868628e-18,1.0960986759033795e-35,2.7226795355972834e-18,1.0
random_bp,expectation_value,bcw_12q_random_bp,hea,RX_RY_RZ_CNOT,none,linear,cnot,global,12,1,1,same_entangling_gate_count,0,7,RX,0,21,layer_000_wire_007_RX,3,8.976529677914239e-05,1.156313700904424e-06,0.0007349855301301379,0.0
random_bp,expectation_value,bcw_12q_random_bp,hea,RX_RY_RZ_CNOT,none,linear,cnot,global,12,1,1,same_entangling_gate_count,0,7,RY,1,22,layer_000_wire_007_RY,3,-0.0052055908502268156,5.65218798861203e-05,0.005206254501013849,0.3333333333333333
random_bp,expectation_value,bcw_12q_random_bp,hea,RX_RY_RZ_CNOT,none,linear,cnot,global,12,1,1,same_entangling_gate_count,0,7,RZ,2,23,layer_000_wire_007_RZ,3,5.8604709295865414e-18,3.804659714154031e-35,5.8604709295865414e-18,1.0
random_bp,expectation_value,bcw_12q_random_bp,hea,RX_RY_RZ_CNOT,none,linear,cnot,global,12,1,1,same_entangling_gate_count,0,8,RX,0,24,layer_000_wire_008_RX,3,7.069195805626514e-18,6.764296295501042e-35,7.069195805626515e-18,1.0
random_bp,expectation_value,bcw_12q_random_bp,hea,RX_RY_RZ_CNOT,none,linear,cnot,global,12,1,1,same_entangling_gate_count,0,8,RY,1,25,layer_000_wire_008_RY,3,-1.5235299277947347e-18,3.52535385851202e-35,4.1866015139622554e-18,1.0
random_bp,expectation_value,bcw_12q_random_bp,hea,RX_RY_RZ_CNOT,none,linear,cnot,global,12,1,1,same_entangling_gate_count,0,8,RZ,2,26,layer_000_wire_008_RZ,3,5.36057297251001e-19,7.540341521938043e-36,1.889396324354822e-18,1.0
random_bp,expectation_value,bcw_12q_random_bp,hea,RX_RY_RZ_CNOT,none,linear,cnot,global,12,1,1,same_entangling_gate_count,0,9,RX,0,27,layer_000_wire_009_RX,3,0.015397904727192041,0.0007029643888039362,0.01539790472719204,0.0
random_bp,expectation_value,bcw_12q_random_bp,hea,RX_RY_RZ_CNOT,none,linear,cnot,global,12,1,1,same_entangling_gate_count,0,9,RY,1,28,layer_000_wire_009_RY,3,0.0037503818720086924,7.32454398967918e-05,0.005280364382697688,0.0
random_bp,expectation_value,bcw_12q_random_bp,hea,RX_RY_RZ_CNOT,none,linear,cnot,global,12,1,1,same_entangling_gate_count,0,9,RZ,2,29,layer_000_wire_009_RZ,3,1.0280971876954107e-18,6.912300751370102e-35,5.594487193818167e-18,1.0
random_bp,expectation_value,bcw_12q_random_bp,hea,RX_RY_RZ_CNOT,none,linear,cnot,global,12,1,1,same_entangling_gate_count,0,10,RX,0,30,layer_000_wire_010_RX,3,3.4434712749044824e-18,1.6537774412921124e-36,3.4434712749044824e-18,1.0
random_bp,expectation_value,bcw_12q_random_bp,hea,RX_RY_RZ_CNOT,none,linear,cnot,global,12,1,1,same_entangling_gate_count,0,10,RY,1,31,layer_000_wire_010_RY,3,2.4281611154623533e-20,1.0244582595759468e-34,7.541416673720788e-18,1.0
random_bp,expectation_value,bcw_12q_random_bp,hea,RX_RY_RZ_CNOT,none,linear,cnot,global,12,1,1,same_entangling_gate_count,0,10,RZ,2,32,layer_000_wire_010_RZ,3,-3.6908946104826635e-19,3.126313421812141e-35,3.802479723264705e-18,1.0
random_bp,expectation_value,bcw_12q_random_bp,hea,RX_RY_RZ_CNOT,none,linear,cnot,global,12,1,1,same_entangling_gate_count,0,11,RX,0,33,layer_000_wire_011_RX,3,-0.009642478615862446,0.0001534990175428914,0.009684499482255011,0.0
random_bp,expectation_value,bcw_12q_random_bp,hea,RX_RY_RZ_CNOT,none,linear,cnot,global,12,1,1,same_entangling_gate_count,0,11,RY,1,34,layer_000_wire_011_RY,3,0.007185013480621503,0.00015847915495515328,0.007295730248079664,0.0
random_bp,expectation_value,bcw_12q_random_bp,hea,RX_RY_RZ_CNOT,none,linear,cnot,global,12,1,1,same_entangling_gate_count,0,11,RZ,2,35,layer_000_wire_011_RZ,3,-1.2289633210941175e-17,4.6456833554697815e-34,1.3665723682054358e-17,1.0
random_bp,expectation_value,bcw_12q_random_bp,hea,RX_RY_RZ_CNOT,none,circular,cnot,global,12,1,1,same_entangling_gate_count,0,0,RX,0,0,layer_000_wire_000_RX,3,0.0003001041040965728,5.716134088665471e-07,0.00047428160466148566,0.0
random_bp,expectation_value,bcw_12q_random_bp,hea,RX_RY_RZ_CNOT,none,circular,cnot,global,12,1,1,same_entangling_gate_count,0,0,RY,1,1,layer_000_wire_000_RY,3,0.0006823569224781081,8.559108038199364e-07,0.0006823569224781081,0.0
random_bp,expectation_value,bcw_12q_random_bp,hea,RX_RY_RZ_CNOT,none,circular,cnot,global,12,1,1,same_entangling_gate_count,0,0,RZ,2,2,layer_000_wire_000_RZ,3,6.169740655882027e-18,6.622502417506715e-35,7.741460870041923e-18,1.0
random_bp,expectation_value,bcw_12q_random_bp,hea,RX_RY_RZ_CNOT,none,circular,cnot,global,12,1,1,same_entangling_gate_count,0,1,RX,0,3,layer_000_wire_001_RX,3,1.1446238560563111e-18,1.2490632884845784e-35,2.299976796111177e-18,1.0
random_bp,expectation_value,bcw_12q_random_bp,hea,RX_RY_RZ_CNOT,none,circular,cnot,global,12,1,1,same_entangling_gate_count,0,1,RY,1,4,layer_000_wire_001_RY,3,-2.5320638236588553e-18,1.0536894119072578e-34,7.221238219658662e-18,1.0
random_bp,expectation_value,bcw_12q_random_bp,hea,RX_RY_RZ_CNOT,none,circular,cnot,global,12,1,1,same_entangling_gate_count,0,1,RZ,2,5,layer_000_wire_001_RZ,3,3.1519945602088466e-18,2.946459183907074e-35,3.313682710379364e-18,1.0
random_bp,expectation_value,bcw_12q_random_bp,hea,RX_RY_RZ_CNOT,none,circular,cnot,global,12,1,1,same_entangling_gate_count,0,2,RX,0,6,layer_000_wire_002_RX,3,-5.7827284404793445e-05,5.226659114323072e-08,0.00019478040228045187,0.0
random_bp,expectation_value,bcw_12q_random_bp,hea,RX_RY_RZ_CNOT,none,circular,cnot,global,12,1,1,same_entangling_gate_count,0,2,RY,1,7,layer_000_wire_002_RY,3,-0.0005470320539748975,9.660173851956098e-07,0.0005937069755656345,0.0
random_bp,expectation_value,bcw_12q_random_bp,hea,RX_RY_RZ_CNOT,none,circular,cnot,global,12,1,1,same_entangling_gate_count,0,2,RZ,2,8,layer_000_wire_002_RZ,3,3.7962721113636706e-18,9.134892251441832e-35,6.045515336062362e-18,1.0
random_bp,expectation_value,bcw_12q_random_bp,hea,RX_RY_RZ_CNOT,none,circular,cnot,global,12,1,1,same_entangling_gate_count,0,3,RX,0,9,layer_000_wire_003_RX,3,2.7714918034160707e-18,9.038128107632942e-36,3.236795235774433e-18,1.0
random_bp,expectation_value,bcw_12q_random_bp,hea,RX_RY_RZ_CNOT,none,circular,cnot,global,12,1,1,same_entangling_gate_count,0,3,RY,1,10,layer_000_wire_003_RY,3,1.3342462985149739e-17,1.0923313397439762e-34,1.3342462985149739e-17,1.0
random_bp,expectation_value,bcw_12q_random_bp,hea,RX_RY_RZ_CNOT,none,circular,cnot,global,12,1,1,same_entangling_gate_count,0,3,RZ,2,11,layer_000_wire_003_RZ,3,-6.003799441969884e-19,1.5101300920694535e-35,2.7361146586690996e-18,1.0
random_bp,expectation_value,bcw_12q_random_bp,hea,RX_RY_RZ_CNOT,none,circular,cnot,global,12,1,1,same_entangling_gate_count,0,4,RX,0,12,layer_000_wire_004_RX,3,0.00016985541469323077,1.4315109041415151e-08,0.0001698554146932308,0.0
random_bp,expectation_value,bcw_12q_random_bp,hea,RX_RY_RZ_CNOT,none,circular,cnot,global,12,1,1,same_entangling_gate_count,0,4,RY,1,13,layer_000_wire_004_RY,3,8.119427467793493e-05,1.0102287015140125e-07,0.00021417072478764092,0.0
random_bp,expectation_value,bcw_12q_random_bp,hea,RX_RY_RZ_CNOT,none,circular,cnot,global,12,1,1,same_entangling_gate_count,0,4,RZ,2,14,layer_000_wire_004_RZ,3,7.223980607613184e-18,2.3511556643615425e-34,9.392839274771757e-18,1.0
random_bp,expectation_value,bcw_12q_random_bp,hea,RX_RY_RZ_CNOT,none,circular,cnot,global,12,1,1,same_entangling_gate_count,0,5,RX,0,15,layer_000_wire_005_RX,3,2.5975677049132134e-20,4.842922313665528e-35,4.814535272193443e-18,1.0
random_bp,expectation_value,bcw_12q_random_bp,hea,RX_RY_RZ_CNOT,none,circular,cnot,global,12,1,1,same_entangling_gate_count,0,5,RY,1,16,layer_000_wire_005_RY,3,-2.1915565788626265e-18,4.422303974838983e-35,5.2984734293914e-18,1.0
random_bp,expectation_value,bcw_12q_random_bp,hea,RX_RY_RZ_CNOT,none,circular,cnot,global,12,1,1,same_entangling_gate_count,0,5,RZ,2,17,layer_000_wire_005_RZ,3,3.750501017362767e-18,6.563127756577e-35,5.479159170902937e-18,1.0
random_bp,expectation_value,bcw_12q_random_bp,hea,RX_RY_RZ_CNOT,none,circular,cnot,global,12,1,1,same_entangling_gate_count,0,6,RX,0,18,layer_000_wire_006_RX,3,0.00012685172490939966,2.7111957336566306e-07,0.00036843457987285416,0.0
random_bp,expectation_value,bcw_12q_random_bp,hea,RX_RY_RZ_CNOT,none,circular,cnot,global,12,1,1,same_entangling_gate_count,0,6,RY,1,19,layer_000_wire_006_RY,3,0.0004394229215710542,7.281826439966632e-07,0.0005754701802091201,0.0
random_bp,expectation_value,bcw_12q_random_bp,hea,RX_RY_RZ_CNOT,none,circular,cnot,global,12,1,1,same_entangling_gate_count,0,6,RZ,2,20,layer_000_wire_006_RZ,3,-8.427257330818282e-19,8.848198191499385e-35,7.056488386040455e-18,1.0
random_bp,expectation_value,bcw_12q_random_bp,hea,RX_RY_RZ_CNOT,none,circular,cnot,global,12,1,1,same_entangling_gate_count,0,7,RX,0,21,layer_000_wire_007_RX,3,5.575594375301432e-18,3.2529454847445996e-35,5.575594375301432e-18,1.0
random_bp,expectation_value,bcw_12q_random_bp,hea,RX_RY_RZ_CNOT,none,circular,cnot,global,12,1,1,same_entangling_gate_count,0,7,RY,1,22,layer_000_wire_007_RY,3,-3.646759182245514e-18,7.711130825559313e-35,5.925842498991085e-18,1.0
random_bp,expectation_value,bcw_12q_random_bp,hea,RX_RY_RZ_CNOT,none,circular,cnot,global,12,1,1,same_entangling_gate_count,0,7,RZ,2,23,layer_000_wire_007_RZ,3,-3.522968870230341e-18,9.033564496751265e-36,3.522968870230341e-18,1.0
random_bp,expectation_value,bcw_12q_random_bp,hea,RX_RY_RZ_CNOT,none,circular,cnot,global,12,1,1,same_entangling_gate_count,0,8,RX,0,24,layer_000_wire_008_RX,3,6.6535699356677305e-06,3.619143398561965e-08,0.0001352273502111713,0.0
random_bp,expectation_value,bcw_12q_random_bp,hea,RX_RY_RZ_CNOT,none,circular,cnot,global,12,1,1,same_entangling_gate_count,0,8,RY,1,25,layer_000_wire_008_RY,3,-0.00014802496702224312,2.2039543646737783e-07,0.00030732346147243234,0.0
random_bp,expectation_value,bcw_12q_random_bp,hea,RX_RY_RZ_CNOT,none,circular,cnot,global,12,1,1,same_entangling_gate_count,0,8,RZ,2,26,layer_000_wire_008_RZ,3,-1.4333038845703903e-18,5.817290633899616e-36,1.7121224299407215e-18,1.0
random_bp,expectation_value,bcw_12q_random_bp,hea,RX_RY_RZ_CNOT,none,circular,cnot,global,12,1,1,same_entangling_gate_count,0,9,RX,0,27,layer_000_wire_009_RX,3,-1.9397054492123478e-18,6.620732871730598e-35,6.8908953702294844e-18,1.0
random_bp,expectation_value,bcw_12q_random_bp,hea,RX_RY_RZ_CNOT,none,circular,cnot,global,12,1,1,same_entangling_gate_count,0,9,RY,1,28,layer_000_wire_009_RY,3,-5.522654816098038e-19,6.750402583404203e-36,2.0340084506733267e-18,1.0
random_bp,expectation_value,bcw_12q_random_bp,hea,RX_RY_RZ_CNOT,none,circular,cnot,global,12,1,1,same_entangling_gate_count,0,9,RZ,2,29,layer_000_wire_009_RZ,3,4.304117810584362e-18,3.729601247576744e-35,6.012414459928951e-18,1.0
random_bp,expectation_value,bcw_12q_random_bp,hea,RX_RY_RZ_CNOT,none,circular,cnot,global,12,1,1,same_entangling_gate_count,0,10,RX,0,30,layer_000_wire_010_RX,3,-0.0002726482706095715,6.850699710262959e-08,0.0002726482706095715,0.0
random_bp,expectation_value,bcw_12q_random_bp,hea,RX_RY_RZ_CNOT,none,circular,cnot,global,12,1,1,same_entangling_gate_count,0,10,RY,1,31,layer_000_wire_010_RY,3,5.3571958013302124e-05,1.993391797306566e-08,0.00011840410375901305,0.0
random_bp,expectation_value,bcw_12q_random_bp,hea,RX_RY_RZ_CNOT,none,circular,cnot,global,12,1,1,same_entangling_gate_count,0,10,RZ,2,32,layer_000_wire_010_RZ,3,1.75103117102951e-18,4.422540523857445e-35,5.655405198718004e-18,1.0
random_bp,expectation_value,bcw_12q_random_bp,hea,RX_RY_RZ_CNOT,none,circular,cnot,global,12,1,1,same_entangling_gate_count,0,11,RX,0,33,layer_000_wire_011_RX,3,1.0842021724855044e-18,1.6806341199068758e-34,1.0042422622646985e-17,1.0
random_bp,expectation_value,bcw_12q_random_bp,hea,RX_RY_RZ_CNOT,none,circular,cnot,global,12,1,1,same_entangling_gate_count,0,11,RY,1,34,layer_000_wire_011_RY,3,2.087089182034596e-18,1.6959398828740474e-35,2.922828356658839e-18,1.0
random_bp,expectation_value,bcw_12q_random_bp,hea,RX_RY_RZ_CNOT,none,circular,cnot,global,12,1,1,same_entangling_gate_count,0,11,RZ,2,35,layer_000_wire_011_RZ,3,1.2419419923976148e-19,9.084864318392539e-36,2.1944665142899733e-18,1.0
random_bp,expectation_value,bcw_12q_random_bp,hea,RX_RY_RZ_CNOT,none,linear,cnot,hamiltonian_local,12,1,1,same_entangling_gate_count,0,0,RX,0,0,layer_000_wire_000_RX,3,-2.3129646346357423e-18,7.864213939581214e-34,2.0816681711721685e-17,1.0
random_bp,expectation_value,bcw_12q_random_bp,hea,RX_RY_RZ_CNOT,none,linear,cnot,hamiltonian_local,12,1,1,same_entangling_gate_count,0,0,RY,1,1,layer_000_wire_000_RY,3,6.938893903907228e-18,4.333342374871281e-34,1.61907524424502e-17,1.0
random_bp,expectation_value,bcw_12q_random_bp,hea,RX_RY_RZ_CNOT,none,linear,cnot,hamiltonian_local,12,1,1,same_entangling_gate_count,0,0,RZ,2,2,layer_000_wire_000_RZ,3,3.830163090713426e-18,5.63451999284193e-34,1.6963367952461418e-17,1.0
random_bp,expectation_value,bcw_12q_random_bp,hea,RX_RY_RZ_CNOT,none,linear,cnot,hamiltonian_local,12,1,1,same_entangling_gate_count,0,1,RX,0,3,layer_000_wire_001_RX,3,0.008522471059488276,0.0007627147140388148,0.018233990227029026,0.0
random_bp,expectation_value,bcw_12q_random_bp,hea,RX_RY_RZ_CNOT,none,linear,cnot,hamiltonian_local,12,1,1,same_entangling_gate_count,0,1,RY,1,4,layer_000_wire_001_RY,3,0.016127564263849807,0.007272309923448599,0.06932297178314352,0.0
random_bp,expectation_value,bcw_12q_random_bp,hea,RX_RY_RZ_CNOT,none,linear,cnot,hamiltonian_local,12,1,1,same_entangling_gate_count,0,1,RZ,2,5,layer_000_wire_001_RZ,3,4.489620486450235e-18,1.6978431494296983e-35,4.489620486450236e-18,1.0
random_bp,expectation_value,bcw_12q_random_bp,hea,RX_RY_RZ_CNOT,none,linear,cnot,hamiltonian_local,12,1,1,same_entangling_gate_count,0,2,RX,0,6,layer_000_wire_002_RX,3,-0.051301506808248916,0.0014883276967027543,0.051301506808248916,0.0
random_bp,expectation_value,bcw_12q_random_bp,hea,RX_RY_RZ_CNOT,none,linear,cnot,hamiltonian_local,12,1,1,same_entangling_gate_count,0,2,RY,1,7,layer_000_wire_002_RY,3,-0.03514576691754216,0.0009780764681553136,0.03514576691754216,0.0
random_bp,expectation_value,bcw_12q_random_bp,hea,RX_RY_RZ_CNOT,none,linear,cnot,hamiltonian_local,12,1,1,same_entangling_gate_count,0,2,RZ,2,8,layer_000_wire_002_RZ,3,5.933142247365563e-18,7.802463624779628e-35,6.053230912577368e-18,1.0
random_bp,expectation_value,bcw_12q_random_bp,hea,RX_RY_RZ_CNOT,none,linear,cnot,hamiltonian_local,12,1,1,same_entangling_gate_count,0,3,RX,0,9,layer_000_wire_003_RX,3,-0.018688896957409787,0.002046849896318715,0.028356229312843356,0.0
random_bp,expectation_value,bcw_12q_random_bp,hea,RX_RY_RZ_CNOT,none,linear,cnot,hamiltonian_local,12,1,1,same_entangling_gate_count,0,3,RY,1,10,layer_000_wire_003_RY,3,0.0489632888864141,0.0035118313509559735,0.061659591385434975,0.0
random_bp,expectation_value,bcw_12q_random_bp,hea,RX_RY_RZ_CNOT,none,linear,cnot,hamiltonian_local,12,1,1,same_entangling_gate_count,0,3,RZ,2,11,layer_000_wire_003_RZ,3,3.0485627994870443e-18,1.934246028098302e-34,1.0623170429260647e-17,1.0
random_bp,expectation_value,bcw_12q_random_bp,hea,RX_RY_RZ_CNOT,none,linear,cnot,hamiltonian_local,12,1,1,same_entangling_gate_count,0,4,RX,0,12,layer_000_wire_004_RX,3,0.022825100998089102,0.001973431770800274,0.03553614691492905,0.0
random_bp,expectation_value,bcw_12q_random_bp,hea,RX_RY_RZ_CNOT,none,linear,cnot,hamiltonian_local,12,1,1,same_entangling_gate_count,0,4,RY,1,13,layer_000_wire_004_RY,3,-0.04224931454071179,0.0009168715250457652,0.04224931454071179,0.0
random_bp,expectation_value,bcw_12q_random_bp,hea,RX_RY_RZ_CNOT,none,linear,cnot,hamiltonian_local,12,1,1,same_entangling_gate_count,0,4,RZ,2,14,layer_000_wire_004_RZ,3,-6.0267474854999935e-18,2.2441689189061252e-35,6.0267474854999935e-18,1.0
random_bp,expectation_value,bcw_12q_random_bp,hea,RX_RY_RZ_CNOT,none,linear,cnot,hamiltonian_local,12,1,1,same_entangling_gate_count,0,5,RX,0,15,layer_000_wire_005_RX,3,-0.001439872506801984,0.0037364210007516147,0.045502311527350826,0.0
random_bp,expectation_value,bcw_12q_random_bp,hea,RX_RY_RZ_CNOT,none,linear,cnot,hamiltonian_local,12,1,1,same_entangling_gate_count,0,5,RY,1,16,layer_000_wire_005_RY,3,0.02786575799633351,0.001502282080742379,0.03611400588482029,0.0
random_bp,expectation_value,bcw_12q_random_bp,hea,RX_RY_RZ_CNOT,none,linear,cnot,hamiltonian_local,12,1,1,same_entangling_gate_count,0,5,RZ,2,17,layer_000_wire_005_RZ,3,-1.3197477418757337e-17,3.818633126770927e-34,1.678496299643092e-17,1.0
random_bp,expectation_value,bcw_12q_random_bp,hea,RX_RY_RZ_CNOT,none,linear,cnot,hamiltonian_local,12,1,1,same_entangling_gate_count,0,6,RX,0,18,layer_000_wire_006_RX,3,0.020415845474479916,0.002565363015723095,0.035071151598665536,0.0
random_bp,expectation_value,bcw_12q_random_bp,hea,RX_RY_RZ_CNOT,none,linear,cnot,hamiltonian_local,12,1,1,same_entangling_gate_count,0,6,RY,1,19,layer_000_wire_006_RY,3,0.01737606322031528,0.002100118363050759,0.034796429328027574,0.0
random_bp,expectation_value,bcw_12q_random_bp,hea,RX_RY_RZ_CNOT,none,linear,cnot,hamiltonian_local,12,1,1,same_entangling_gate_count,0,6,RZ,2,20,layer_000_wire_006_RZ,3,-5.651880572985206e-18,1.3846834124011204e-34,9.95759485360969e-18,1.0
random_bp,expectation_value,bcw_12q_random_bp,hea,RX_RY_RZ_CNOT,none,linear,cnot,hamiltonian_local,12,1,1,same_entangling_gate_count,0,7,RX,0,21,layer_000_wire_007_RX,3,0.041457939617738915,0.0018511043611071996,0.04145793961773891,0.0
random_bp,expectation_value,bcw_12q_random_bp,hea,RX_RY_RZ_CNOT,none,linear,cnot,hamiltonian_local,12,1,1,same_entangling_gate_count,0,7,RY,1,22,layer_000_wire_007_RY,3,0.00034497768016573255,0.003249094833937359,0.03852828671155588,0.0
random_bp,expectation_value,bcw_12q_random_bp,hea,RX_RY_RZ_CNOT,none,linear,cnot,hamiltonian_local,12,1,1,same_entangling_gate_count,0,7,RZ,2,23,layer_000_wire_007_RZ,3,6.4986244592313354e-18,7.827337205592305e-34,1.9677502862650356e-17,1.0
random_bp,expectation_value,bcw_12q_random_bp,hea,RX_RY_RZ_CNOT,none,linear,cnot,hamiltonian_local,12,1,1,same_entangling_gate_count,0,8,RX,0,24,layer_000_wire_008_RX,3,-0.04060361481953961,0.0012416034880896722,0.040603614819539606,0.0
random_bp,expectation_value,bcw_12q_random_bp,hea,RX_RY_RZ_CNOT,none,linear,cnot,hamiltonian_local,12,1,1,same_entangling_gate_count,0,8,RY,1,25,layer_000_wire_008_RY,3,0.03843294984250392,0.002765674283659456,0.049967563881932624,0.0
random_bp,expectation_value,bcw_12q_random_bp,hea,RX_RY_RZ_CNOT,none,linear,cnot,hamiltonian_local,12,1,1,same_entangling_gate_count,0,8,RZ,2,26,layer_000_wire_008_RZ,3,-5.421315824790828e-18,4.474428595148755e-35,6.915267478947719e-18,1.0
random_bp,expectation_value,bcw_12q_random_bp,hea,RX_RY_RZ_CNOT,none,linear,cnot,hamiltonian_local,12,1,1,same_entangling_gate_count,0,9,RX,0,27,layer_000_wire_009_RX,3,0.004883994018705276,0.003333412457354094,0.039557558027433035,0.0
random_bp,expectation_value,bcw_12q_random_bp,hea,RX_RY_RZ_CNOT,none,linear,cnot,hamiltonian_local,12,1,1,same_entangling_gate_count,0,9,RY,1,28,layer_000_wire_009_RY,3,0.03850526408742499,0.0014926491582531749,0.03850526408742499,0.0
random_bp,expectation_value,bcw_12q_random_bp,hea,RX_RY_RZ_CNOT,none,linear,cnot,hamiltonian_local,12,1,1,same_entangling_gate_count,0,9,RZ,2,29,layer_000_wire_009_RZ,3,-7.57378987780839e-18,1.667174794857866e-33,2.922648968157986e-17,1.0
random_bp,expectation_value,bcw_12q_random_bp,hea,RX_RY_RZ_CNOT,none,linear,cnot,hamiltonian_local,12,1,1,same_entangling_gate_count,0,10,RX,0,30,layer_000_wire_010_RX,3,-0.040857053035589785,0.0017062984426484324,0.045417077871191334,0.0
random_bp,expectation_value,bcw_12q_random_bp,hea,RX_RY_RZ_CNOT,none,linear,cnot,hamiltonian_local,12,1,1,same_entangling_gate_count,0,10,RY,1,31,layer_000_wire_010_RY,3,0.03339262578732561,0.0005423708455715053,0.03339262578732561,0.0
random_bp,expectation_value,bcw_12q_random_bp,hea,RX_RY_RZ_CNOT,none,linear,cnot,hamiltonian_local,12,1,1,same_entangling_gate_count,0,10,RZ,2,32,layer_000_wire_010_RZ,3,-3.2464763180485925e-17,1.8345984165041284e-33,3.863823273280926e-17,1.0
random_bp,expectation_value,bcw_12q_random_bp,hea,RX_RY_RZ_CNOT,none,linear,cnot,hamiltonian_local,12,1,1,same_entangling_gate_count,0,11,RX,0,33,layer_000_wire_011_RX,3,-0.0672453453897442,0.0004600967516034391,0.0672453453897442,0.0
random_bp,expectation_value,bcw_12q_random_bp,hea,RX_RY_RZ_CNOT,none,linear,cnot,hamiltonian_local,12,1,1,same_entangling_gate_count,0,11,RY,1,34,layer_000_wire_011_RY,3,0.016382014116977164,0.0005243921452875283,0.01809512853181183,0.0
random_bp,expectation_value,bcw_12q_random_bp,hea,RX_RY_RZ_CNOT,none,linear,cnot,hamiltonian_local,12,1,1,same_entangling_gate_count,0,11,RZ,2,35,layer_000_wire_011_RZ,3,-3.385300872589038e-17,4.490437961122012e-33,4.880162016573845e-17,1.0
random_bp,expectation_value,bcw_12q_random_bp,hea,RX_RY_RZ_CNOT,none,circular,cnot,hamiltonian_local,12,1,1,same_entangling_gate_count,0,0,RX,0,0,layer_000_wire_000_RX,3,8.62342663462042e-07,2.385247000310428e-12,9.012531586953069e-07,0.6666666666666666
random_bp,expectation_value,bcw_12q_random_bp,hea,RX_RY_RZ_CNOT,none,circular,cnot,hamiltonian_local,12,1,1,same_entangling_gate_count,0,0,RY,1,1,layer_000_wire_000_RY,3,3.3879715492212325e-07,9.750126116752921e-14,3.3886032040191433e-07,1.0
random_bp,expectation_value,bcw_12q_random_bp,hea,RX_RY_RZ_CNOT,none,circular,cnot,hamiltonian_local,12,1,1,same_entangling_gate_count,0,0,RZ,2,2,layer_000_wire_000_RZ,3,-9.82867493024382e-18,6.005856610097429e-34,2.116646429947941e-17,1.0
random_bp,expectation_value,bcw_12q_random_bp,hea,RX_RY_RZ_CNOT,none,circular,cnot,hamiltonian_local,12,1,1,same_entangling_gate_count,0,1,RX,0,3,layer_000_wire_001_RX,3,1.1564823173178714e-17,1.2197556314452493e-33,2.544261098099317e-17,1.0
random_bp,expectation_value,bcw_12q_random_bp,hea,RX_RY_RZ_CNOT,none,circular,cnot,hamiltonian_local,12,1,1,same_entangling_gate_count,0,1,RY,1,4,layer_000_wire_001_RY,3,-1.61907524424502e-17,1.0753108856162068e-33,3.0068540250264654e-17,1.0
random_bp,expectation_value,bcw_12q_random_bp,hea,RX_RY_RZ_CNOT,none,circular,cnot,hamiltonian_local,12,1,1,same_entangling_gate_count,0,1,RZ,2,5,layer_000_wire_001_RZ,3,2.809451213215143e-17,3.865222592213014e-34,2.809451213215143e-17,1.0
random_bp,expectation_value,bcw_12q_random_bp,hea,RX_RY_RZ_CNOT,none,circular,cnot,hamiltonian_local,12,1,1,same_entangling_gate_count,0,2,RX,0,6,layer_000_wire_002_RX,3,-0.0513016769623108,0.0014883390138514816,0.0513016769623108,0.0
random_bp,expectation_value,bcw_12q_random_bp,hea,RX_RY_RZ_CNOT,none,circular,cnot,hamiltonian_local,12,1,1,same_entangling_gate_count,0,2,RY,1,7,layer_000_wire_002_RY,3,-0.03514591940009454,0.0009780885940035649,0.03514591940009454,0.0
random_bp,expectation_value,bcw_12q_random_bp,hea,RX_RY_RZ_CNOT,none,circular,cnot,hamiltonian_local,12,1,1,same_entangling_gate_count,0,2,RZ,2,8,layer_000_wire_002_RZ,3,6.629798151424637e-18,3.966274226224747e-35,6.644269052933097e-18,1.0
random_bp,expectation_value,bcw_12q_random_bp,hea,RX_RY_RZ_CNOT,none,circular,cnot,hamiltonian_local,12,1,1,same_entangling_gate_count,0,3,RX,0,9,layer_000_wire_003_RX,3,-0.01868898773652795,0.0020468657721996494,0.028356334553742885,0.0
random_bp,expectation_value,bcw_12q_random_bp,hea,RX_RY_RZ_CNOT,none,circular,cnot,hamiltonian_local,12,1,1,same_entangling_gate_count,0,3,RY,1,10,layer_000_wire_003_RY,3,0.04896329595417579,0.0035118393705964213,0.06165965162384807,0.0
random_bp,expectation_value,bcw_12q_random_bp,hea,RX_RY_RZ_CNOT,none,circular,cnot,hamiltonian_local,12,1,1,same_entangling_gate_count,0,3,RZ,2,11,layer_000_wire_003_RZ,3,1.3590988950664783e-17,1.775269909916368e-34,1.359894524869171e-17,1.0
random_bp,expectation_value,bcw_12q_random_bp,hea,RX_RY_RZ_CNOT,none,circular,cnot,hamiltonian_local,12,1,1,same_entangling_gate_count,0,4,RX,0,12,layer_000_wire_004_RX,3,0.022825150764573237,0.0019734343066635848,0.03553619703999938,0.0
random_bp,expectation_value,bcw_12q_random_bp,hea,RX_RY_RZ_CNOT,none,circular,cnot,hamiltonian_local,12,1,1,same_entangling_gate_count,0,4,RY,1,13,layer_000_wire_004_RY,3,-0.04224943454267021,0.0009168817126594459,0.04224943454267022,0.0
random_bp,expectation_value,bcw_12q_random_bp,hea,RX_RY_RZ_CNOT,none,circular,cnot,hamiltonian_local,12,1,1,same_entangling_gate_count,0,4,RZ,2,14,layer_000_wire_004_RZ,3,-1.1978950306581551e-18,1.6174761243876099e-34,9.442193703235264e-18,1.0
random_bp,expectation_value,bcw_12q_random_bp,hea,RX_RY_RZ_CNOT,none,circular,cnot,hamiltonian_local,12,1,1,same_entangling_gate_count,0,5,RX,0,15,layer_000_wire_005_RX,3,-0.0014399771542822001,0.0037364116562953096,0.04550227328401144,0.0
random_bp,expectation_value,bcw_12q_random_bp,hea,RX_RY_RZ_CNOT,none,circular,cnot,hamiltonian_local,12,1,1,same_entangling_gate_count,0,5,RY,1,16,layer_000_wire_005_RY,3,0.027865790901052737,0.0015022806620460997,0.03611401204115864,0.0
random_bp,expectation_value,bcw_12q_random_bp,hea,RX_RY_RZ_CNOT,none,circular,cnot,hamiltonian_local,12,1,1,same_entangling_gate_count,0,5,RZ,2,17,layer_000_wire_005_RZ,3,5.062412215556226e-18,9.777698021946129e-36,5.062412215556226e-18,1.0
random_bp,expectation_value,bcw_12q_random_bp,hea,RX_RY_RZ_CNOT,none,circular,cnot,hamiltonian_local,12,1,1,same_entangling_gate_count,0,6,RX,0,18,layer_000_wire_006_RX,3,0.020415949829995252,0.0025653650777850423,0.035071151515452814,0.0
random_bp,expectation_value,bcw_12q_random_bp,hea,RX_RY_RZ_CNOT,none,circular,cnot,hamiltonian_local,12,1,1,same_entangling_gate_count,0,6,RY,1,19,layer_000_wire_006_RY,3,0.017375915870471385,0.0021000961801087496,0.034796284510996055,0.0
random_bp,expectation_value,bcw_12q_random_bp,hea,RX_RY_RZ_CNOT,none,circular,cnot,hamiltonian_local,12,1,1,same_entangling_gate_count,0,6,RZ,2,20,layer_000_wire_006_RZ,3,-3.764425686002622e-18,7.795392256973931e-36,3.764425686002622e-18,1.0
random_bp,expectation_value,bcw_12q_random_bp,hea,RX_RY_RZ_CNOT,none,circular,cnot,hamiltonian_local,12,1,1,same_entangling_gate_count,0,7,RX,0,21,layer_000_wire_007_RX,3,0.04145791804122477,0.0018511053209048717,0.04145791804122478,0.0
random_bp,expectation_value,bcw_12q_random_bp,hea,RX_RY_RZ_CNOT,none,circular,cnot,hamiltonian_local,12,1,1,same_entangling_gate_count,0,7,RY,1,22,layer_000_wire_007_RY,3,0.0003449994521264495,0.003249080565223025,0.038528203486279604,0.0
random_bp,expectation_value,bcw_12q_random_bp,hea,RX_RY_RZ_CNOT,none,circular,cnot,hamiltonian_local,12,1,1,same_entangling_gate_count,0,7,RZ,2,23,layer_000_wire_007_RZ,3,7.49727101842887e-18,1.7551661938662955e-35,7.49727101842887e-18,1.0
random_bp,expectation_value,bcw_12q_random_bp,hea,RX_RY_RZ_CNOT,none,circular,cnot,hamiltonian_local,12,1,1,same_entangling_gate_count,0,8,RX,0,24,layer_000_wire_008_RX,3,-0.04060348845520592,0.0012415897389099566,0.04060348845520592,0.0
random_bp,expectation_value,bcw_12q_random_bp,hea,RX_RY_RZ_CNOT,none,circular,cnot,hamiltonian_local,12,1,1,same_entangling_gate_count,0,8,RY,1,25,layer_000_wire_008_RY,3,0.03843299869573659,0.0027656691301824244,0.04996754625549806,0.0
random_bp,expectation_value,bcw_12q_random_bp,hea,RX_RY_RZ_CNOT,none,circular,cnot,hamiltonian_local,12,1,1,same_entangling_gate_count,0,8,RZ,2,26,layer_000_wire_008_RZ,3,3.865663155223577e-18,5.6565374838401566e-36,3.865663155223578e-18,1.0
random_bp,expectation_value,bcw_12q_random_bp,hea,RX_RY_RZ_CNOT,none,circular,cnot,hamiltonian_local,12,1,1,same_entangling_gate_count,0,9,RX,0,27,layer_000_wire_009_RX,3,0.004883820735903575,0.003333380108552544,0.039557381846837845,0.0
random_bp,expectation_value,bcw_12q_random_bp,hea,RX_RY_RZ_CNOT,none,circular,cnot,hamiltonian_local,12,1,1,same_entangling_gate_count,0,9,RY,1,28,layer_000_wire_009_RY,3,0.038505173776985854,0.0014926468564310578,0.038505173776985854,0.0
random_bp,expectation_value,bcw_12q_random_bp,hea,RX_RY_RZ_CNOT,none,circular,cnot,hamiltonian_local,12,1,1,same_entangling_gate_count,0,9,RZ,2,29,layer_000_wire_009_RZ,3,-9.490860685644477e-18,2.8213380261168584e-34,1.0558618689850669e-17,1.0
random_bp,expectation_value,bcw_12q_random_bp,hea,RX_RY_RZ_CNOT,none,circular,cnot,hamiltonian_local,12,1,1,same_entangling_gate_count,0,10,RX,0,30,layer_000_wire_010_RX,3,-0.0408573008648087,0.0017063162743050132,0.04541732572030155,0.0
random_bp,expectation_value,bcw_12q_random_bp,hea,RX_RY_RZ_CNOT,none,circular,cnot,hamiltonian_local,12,1,1,same_entangling_gate_count,0,10,RY,1,31,layer_000_wire_010_RY,3,0.03339269712594712,0.0005423677256330043,0.03339269712594712,0.0
random_bp,expectation_value,bcw_12q_random_bp,hea,RX_RY_RZ_CNOT,none,circular,cnot,hamiltonian_local,12,1,1,same_entangling_gate_count,0,10,RZ,2,32,layer_000_wire_010_RZ,3,-2.3521706638555623e-17,1.7589575293983747e-33,3.2500877262434563e-17,1.0
random_bp,expectation_value,bcw_12q_random_bp,hea,RX_RY_RZ_CNOT,none,circular,cnot,hamiltonian_local,12,1,1,same_entangling_gate_count,0,11,RX,0,33,layer_000_wire_011_RX,3,-0.06724534874974189,0.000460108456474631,0.0672453487497419,0.0
random_bp,expectation_value,bcw_12q_random_bp,hea,RX_RY_RZ_CNOT,none,circular,cnot,hamiltonian_local,12,1,1,same_entangling_gate_count,0,11,RY,1,34,layer_000_wire_011_RY,3,0.01638192902866657,0.0005243860000000832,0.018095048819587654,0.0
random_bp,expectation_value,bcw_12q_random_bp,hea,RX_RY_RZ_CNOT,none,circular,cnot,hamiltonian_local,12,1,1,same_entangling_gate_count,0,11,RZ,2,35,layer_000_wire_011_RZ,3,-4.1942389168143893e-17,1.4076173386181529e-32,7.551552977742795e-17,1.0
random_bp,expectation_value,bcw_12q_random_bp,hea,RX_RY_RZ_CNOT,none,linear,cnot,local,12,2,2,same_entangling_gate_count,0,0,RX,0,0,layer_000_wire_000_RX,3,0.0107573438636342,0.0008725526047188661,0.01908081071159723,0.0
random_bp,expectation_value,bcw_12q_random_bp,hea,RX_RY_RZ_CNOT,none,linear,cnot,local,12,2,2,same_entangling_gate_count,0,0,RY,1,1,layer_000_wire_000_RY,3,0.0001174116241998346,0.00013595346543026938,0.008950639531135009,0.0
random_bp,expectation_value,bcw_12q_random_bp,hea,RX_RY_RZ_CNOT,none,linear,cnot,local,12,2,2,same_entangling_gate_count,0,0,RZ,2,2,layer_000_wire_000_RZ,3,-0.00019109496095272727,9.589628699023604e-05,0.006771868130654868,0.0
random_bp,expectation_value,bcw_12q_random_bp,hea,RX_RY_RZ_CNOT,none,linear,cnot,local,12,2,2,same_entangling_gate_count,0,1,RX,0,3,layer_000_wire_001_RX,3,-0.05349428719568767,0.008187109001272726,0.06756617773039751,0.0
random_bp,expectation_value,bcw_12q_random_bp,hea,RX_RY_RZ_CNOT,none,linear,cnot,local,12,2,2,same_entangling_gate_count,0,1,RY,1,4,layer_000_wire_001_RY,3,-0.022786645264681597,0.005014203042841892,0.05787034735558758,0.0
random_bp,expectation_value,bcw_12q_random_bp,hea,RX_RY_RZ_CNOT,none,linear,cnot,local,12,2,2,same_entangling_gate_count,0,1,RZ,2,5,layer_000_wire_001_RZ,3,0.04452650148561061,0.0075620967078228185,0.06462654923926922,0.0
random_bp,expectation_value,bcw_12q_random_bp,hea,RX_RY_RZ_CNOT,none,linear,cnot,local,12,2,2,same_entangling_gate_count,0,2,RX,0,6,layer_000_wire_002_RX,3,0.00483117947137368,0.00015597487878397367,0.010951728208012388,0.0
random_bp,expectation_value,bcw_12q_random_bp,hea,RX_RY_RZ_CNOT,none,linear,cnot,local,12,2,2,same_entangling_gate_count,0,2,RY,1,7,layer_000_wire_002_RY,3,0.009961133609735173,4.319613621662483e-05,0.009961133609735174,0.0
random_bp,expectation_value,bcw_12q_random_bp,hea,RX_RY_RZ_CNOT,none,linear,cnot,local,12,2,2,same_entangling_gate_count,0,2,RZ,2,8,layer_000_wire_002_RZ,3,-0.01363131751212691,0.00022943757494856722,0.013631317512126909,0.0
random_bp,expectation_value,bcw_12q_random_bp,hea,RX_RY_RZ_CNOT,none,linear,cnot,local,12,2,2,same_entangling_gate_count,0,3,RX,0,9,layer_000_wire_003_RX,3,-0.043776210348369315,0.003946293015996976,0.043776210348369336,0.0
random_bp,expectation_value,bcw_12q_random_bp,hea,RX_RY_RZ_CNOT,none,linear,cnot,local,12,2,2,same_entangling_gate_count,0,3,RY,1,10,layer_000_wire_003_RY,3,0.004283226015185315,2.0437914420830252e-05,0.004791826791913101,0.0
random_bp,expectation_value,bcw_12q_random_bp,hea,RX_RY_RZ_CNOT,none,linear,cnot,local,12,2,2,same_entangling_gate_count,0,3,RZ,2,11,layer_000_wire_003_RZ,3,0.046041107934367,0.0036782009240339244,0.046041107934367,0.0
random_bp,expectation_value,bcw_12q_random_bp,hea,RX_RY_RZ_CNOT,none,linear,cnot,local,12,2,2,same_entangling_gate_count,0,4,RX,0,12,layer_000_wire_004_RX,3,0.011259762021629042,3.936690528631626e-05,0.011259762021629044,0.0
random_bp,expectation_value,bcw_12q_random_bp,hea,RX_RY_RZ_CNOT,none,linear,cnot,local,12,2,2,same_entangling_gate_count,0,4,RY,1,13,layer_000_wire_004_RY,3,-0.005379534131656761,3.769107144020036e-05,0.005379534131656761,0.0
random_bp,expectation_value,bcw_12q_random_bp,hea,RX_RY_RZ_CNOT,none,linear,cnot,local,12,2,2,same_entangling_gate_count,0,4,RZ,2,14,layer_000_wire_004_RZ,3,-0.005759174147713353,8.51969535584896e-05,0.007429936097520425,0.0
random_bp,expectation_value,bcw_12q_random_bp,hea,RX_RY_RZ_CNOT,none,linear,cnot,local,12,2,2,same_entangling_gate_count,0,5,RX,0,15,layer_000_wire_005_RX,3,0.005247298557349147,4.09531412228386e-05,0.006164307770870511,0.0
random_bp,expectation_value,bcw_12q_random_bp,hea,RX_RY_RZ_CNOT,none,linear,cnot,local,12,2,2,same_entangling_gate_count,0,5,RY,1,16,layer_000_wire_005_RY,3,0.003000326947921206,3.868114592900262e-05,0.005770016948624094,0.0
random_bp,expectation_value,bcw_12q_random_bp,hea,RX_RY_RZ_CNOT,none,linear,cnot,local,12,2,2,same_entangling_gate_count,0,5,RZ,2,17,layer_000_wire_005_RZ,3,-0.002524617535750888,0.00017605442939282818,0.009369150756292204,0.0
random_bp,expectation_value,bcw_12q_random_bp,hea,RX_RY_RZ_CNOT,none,linear,cnot,local,12,2,2,same_entangling_gate_count,0,6,RX,0,18,layer_000_wire_006_RX,3,-0.0014609873483953616,9.172147648272687e-06,0.0018410960634552356,0.0
random_bp,expectation_value,bcw_12q_random_bp,hea,RX_RY_RZ_CNOT,none,linear,cnot,local,12,2,2,same_entangling_gate_count,0,6,RY,1,19,layer_000_wire_006_RY,3,0.0020966672551807957,1.3682750261900943e-05,0.002564194626427167,0.0
random_bp,expectation_value,bcw_12q_random_bp,hea,RX_RY_RZ_CNOT,none,linear,cnot,local,12,2,2,same_entangling_gate_count,0,6,RZ,2,20,layer_000_wire_006_RZ,3,-0.006339408668208252,0.00013080764588746654,0.006755746606154024,0.0
random_bp,expectation_value,bcw_12q_random_bp,hea,RX_RY_RZ_CNOT,none,linear,cnot,local,12,2,2,same_entangling_gate_count,0,7,RX,0,21,layer_000_wire_007_RX,3,0.0027626091047562445,5.2028504103167955e-06,0.0027626091047562445,0.0
random_bp,expectation_value,bcw_12q_random_bp,hea,RX_RY_RZ_CNOT,none,linear,cnot,local,12,2,2,same_entangling_gate_count,0,7,RY,1,22,layer_000_wire_007_RY,3,0.0017449218769382854,6.4594603743903824e-06,0.0017449218769382856,0.0
random_bp,expectation_value,bcw_12q_random_bp,hea,RX_RY_RZ_CNOT,none,linear,cnot,local,12,2,2,same_entangling_gate_count,0,7,RZ,2,23,layer_000_wire_007_RZ,3,-0.0012030224478666919,9.705607030279548e-07,0.0012030224478666919,0.0
random_bp,expectation_value,bcw_12q_random_bp,hea,RX_RY_RZ_CNOT,none,linear,cnot,local,12,2,2,same_entangling_gate_count,0,8,RX,0,24,layer_000_wire_008_RX,3,0.002744423578227028,2.850741516146966e-05,0.0037185260943649427,0.0
random_bp,expectation_value,bcw_12q_random_bp,hea,RX_RY_RZ_CNOT,none,linear,cnot,local,12,2,2,same_entangling_gate_count,0,8,RY,1,25,layer_000_wire_008_RY,3,0.0021864085782631005,4.022460972298562e-05,0.0040785076436345895,0.0
random_bp,expectation_value,bcw_12q_random_bp,hea,RX_RY_RZ_CNOT,none,linear,cnot,local,12,2,2,same_entangling_gate_count,0,8,RZ,2,26,layer_000_wire_008_RZ,3,0.004180696458700301,4.799935933819066e-05,0.004873632582047469,0.0
random_bp,expectation_value,bcw_12q_random_bp,hea,RX_RY_RZ_CNOT,none,linear,cnot,local,12,2,2,same_entangling_gate_count,0,9,RX,0,27,layer_000_wire_009_RX,3,0.004383469526296344,5.670648110737927e-05,0.004532796299358459,0.0
random_bp,expectation_value,bcw_12q_random_bp,hea,RX_RY_RZ_CNOT,none,linear,cnot,local,12,2,2,same_entangling_gate_count,0,9,RY,1,28,layer_000_wire_009_RY,3,0.0015240694172902892,4.323775302221746e-06,0.001540534041556866,0.0
random_bp,expectation_value,bcw_12q_random_bp,hea,RX_RY_RZ_CNOT,none,linear,cnot,local,12,2,2,same_entangling_gate_count,0,9,RZ,2,29,layer_000_wire_009_RZ,3,-0.004555565371885688,4.4670851894622706e-05,0.004673988135956898,0.0
random_bp,expectation_value,bcw_12q_random_bp,hea,RX_RY_RZ_CNOT,none,linear,cnot,local,12,2,2,same_entangling_gate_count,0,10,RX,0,30,layer_000_wire_010_RX,3,0.004376467752712245,6.736971039694494e-05,0.004855870986790443,0.0
random_bp,expectation_value,bcw_12q_random_bp,hea,RX_RY_RZ_CNOT,none,linear,cnot,local,12,2,2,same_entangling_gate_count,0,10,RY,1,31,layer_000_wire_010_RY,3,0.0015579374584483406,7.6046586503241366e-06,0.0016635486260836337,0.0
random_bp,expectation_value,bcw_12q_random_bp,hea,RX_RY_RZ_CNOT,none,linear,cnot,local,12,2,2,same_entangling_gate_count,0,10,RZ,2,32,layer_000_wire_010_RZ,3,0.006187741775956712,0.00010157617207458676,0.006226437062092719,0.0
random_bp,expectation_value,bcw_12q_random_bp,hea,RX_RY_RZ_CNOT,none,linear,cnot,local,12,2,2,same_entangling_gate_count,0,11,RX,0,33,layer_000_wire_011_RX,3,0.0025070552231939392,1.8246742181077132e-05,0.0025195814950962625,0.0
random_bp,expectation_value,bcw_12q_random_bp,hea,RX_RY_RZ_CNOT,none,linear,cnot,local,12,2,2,same_entangling_gate_count,0,11,RY,1,34,layer_000_wire_011_RY,3,-0.00021036185015545794,6.536048909193452e-08,0.00021036185015545794,0.3333333333333333
random_bp,expectation_value,bcw_12q_random_bp,hea,RX_RY_RZ_CNOT,none,linear,cnot,local,12,2,2,same_entangling_gate_count,0,11,RZ,2,35,layer_000_wire_011_RZ,3,-0.0012763444330786558,5.0794215839666925e-06,0.0013094701842627165,0.0
random_bp,expectation_value,bcw_12q_random_bp,hea,RX_RY_RZ_CNOT,none,linear,cnot,local,12,2,2,same_entangling_gate_count,1,0,RX,0,36,layer_001_wire_000_RX,3,-0.004317346757798986,4.348886544823653e-05,0.005912838044720179,0.0
random_bp,expectation_value,bcw_12q_random_bp,hea,RX_RY_RZ_CNOT,none,linear,cnot,local,12,2,2,same_entangling_gate_count,1,0,RY,1,37,layer_001_wire_000_RY,3,-0.08366994043037437,0.006173365349341922,0.08368309906724636,0.0
random_bp,expectation_value,bcw_12q_random_bp,hea,RX_RY_RZ_CNOT,none,linear,cnot,local,12,2,2,same_entangling_gate_count,1,0,RZ,2,38,layer_001_wire_000_RZ,3,-5.929366161314658e-18,5.423289046201058e-34,1.730713415329047e-17,1.0
random_bp,expectation_value,bcw_12q_random_bp,hea,RX_RY_RZ_CNOT,none,linear,cnot,local,12,2,2,same_entangling_gate_count,1,1,RX,0,39,layer_001_wire_001_RX,3,0.0064678836579956205,0.0042716827427875595,0.04987569312347561,0.0
random_bp,expectation_value,bcw_12q_random_bp,hea,RX_RY_RZ_CNOT,none,linear,cnot,local,12,2,2,same_entangling_gate_count,1,1,RY,1,40,layer_001_wire_001_RY,3,0.0622336307692297,0.0019863575963658393,0.0622336307692297,0.0
random_bp,expectation_value,bcw_12q_random_bp,hea,RX_RY_RZ_CNOT,none,linear,cnot,local,12,2,2,same_entangling_gate_count,1,1,RZ,2,41,layer_001_wire_001_RZ,3,-2.772041819227569e-17,4.562632764401658e-34,2.7720418192275693e-17,1.0
random_bp,expectation_value,bcw_12q_random_bp,hea,RX_RY_RZ_CNOT,none,linear,cnot,local,12,2,2,same_entangling_gate_count,1,2,RX,0,42,layer_001_wire_002_RX,3,0.002122588820612598,1.4730676348165333e-05,0.0035437776988731747,0.0
random_bp,expectation_value,bcw_12q_random_bp,hea,RX_RY_RZ_CNOT,none,linear,cnot,local,12,2,2,same_entangling_gate_count,1,2,RY,1,43,layer_001_wire_002_RY,3,-0.008420682694217899,0.000715237147794629,0.02034955402718726,0.0
random_bp,expectation_value,bcw_12q_random_bp,hea,RX_RY_RZ_CNOT,none,linear,cnot,local,12,2,2,same_entangling_gate_count,1,2,RZ,2,44,layer_001_wire_002_RZ,3,-2.7101328458280316e-17,6.001861885668118e-35,2.7101328458280316e-17,1.0
random_bp,expectation_value,bcw_12q_random_bp,hea,RX_RY_RZ_CNOT,none,linear,cnot,local,12,2,2,same_entangling_gate_count,1,3,RX,0,45,layer_001_wire_003_RX,3,0.0022542272518231974,2.6143570124267807e-05,0.0036663924811847896,0.0
random_bp,expectation_value,bcw_12q_random_bp,hea,RX_RY_RZ_CNOT,none,linear,cnot,local,12,2,2,same_entangling_gate_count,1,3,RY,1,46,layer_001_wire_003_RY,3,0.04912238711202767,0.007837600499358447,0.05572592516563422,0.0
random_bp,expectation_value,bcw_12q_random_bp,hea,RX_RY_RZ_CNOT,none,linear,cnot,local,12,2,2,same_entangling_gate_count,1,3,RZ,2,47,layer_001_wire_003_RZ,3,2.861478908697203e-17,4.854909329449122e-34,2.8614789086972023e-17,1.0
random_bp,expectation_value,bcw_12q_random_bp,hea,RX_RY_RZ_CNOT,none,linear,cnot,local,12,2,2,same_entangling_gate_count,1,4,RX,0,48,layer_001_wire_004_RX,3,0.004575632337429332,7.437562803421183e-06,0.004575632337429332,0.0
random_bp,expectation_value,bcw_12q_random_bp,hea,RX_RY_RZ_CNOT,none,linear,cnot,local,12,2,2,same_entangling_gate_count,1,4,RY,1,49,layer_001_wire_004_RY,3,0.0013887053936574186,1.053483957718482e-05,0.0029148803120640754,0.0
random_bp,expectation_value,bcw_12q_random_bp,hea,RX_RY_RZ_CNOT,none,linear,cnot,local,12,2,2,same_entangling_gate_count,1,4,RZ,2,50,layer_001_wire_004_RZ,3,-1.0130888988634115e-17,2.5763953576312143e-34,1.3274741173039361e-17,1.0
random_bp,expectation_value,bcw_12q_random_bp,hea,RX_RY_RZ_CNOT,none,linear,cnot,local,12,2,2,same_entangling_gate_count,1,5,RX,0,51,layer_001_wire_005_RX,3,0.001996664913838167,4.0859763490748064e-05,0.004254825698562832,0.0
random_bp,expectation_value,bcw_12q_random_bp,hea,RX_RY_RZ_CNOT,none,linear,cnot,local,12,2,2,same_entangling_gate_count,1,5,RY,1,52,layer_001_wire_005_RY,3,0.0023495860703332274,3.441401712631965e-05,0.005112526192561948,0.0
random_bp,expectation_value,bcw_12q_random_bp,hea,RX_RY_RZ_CNOT,none,linear,cnot,local,12,2,2,same_entangling_gate_count,1,5,RZ,2,53,layer_001_wire_005_RZ,3,-9.112446618659366e-19,6.197691314540936e-35,5.7529819678142845e-18,1.0
random_bp,expectation_value,bcw_12q_random_bp,hea,RX_RY_RZ_CNOT,none,linear,cnot,local,12,2,2,same_entangling_gate_count,1,6,RX,0,54,layer_001_wire_006_RX,3,0.0028369291019650265,1.1392252610959558e-06,0.0028369291019650265,0.0
random_bp,expectation_value,bcw_12q_random_bp,hea,RX_RY_RZ_CNOT,none,linear,cnot,local,12,2,2,same_entangling_gate_count,1,6,RY,1,55,layer_001_wire_006_RY,3,0.0002688194595483904,8.680525096588972e-06,0.0020675993969980987,0.0
random_bp,expectation_value,bcw_12q_random_bp,hea,RX_RY_RZ_CNOT,none,linear,cnot,local,12,2,2,same_entangling_gate_count,1,6,RZ,2,56,layer_001_wire_006_RZ,3,-3.387106069530922e-18,1.3745572001989951e-34,9.890634123012636e-18,1.0
random_bp,expectation_value,bcw_12q_random_bp,hea,RX_RY_RZ_CNOT,none,linear,cnot,local,12,2,2,same_entangling_gate_count,1,7,RX,0,57,layer_001_wire_007_RX,3,0.0017655429141511154,1.0312490532468313e-06,0.0017655429141511154,0.0
random_bp,expectation_value,bcw_12q_random_bp,hea,RX_RY_RZ_CNOT,none,linear,cnot,local,12,2,2,same_entangling_gate_count,1,7,RY,1,58,layer_001_wire_007_RY,3,0.002432488472838435,5.64870218594696e-06,0.0025973906909401907,0.0
random_bp,expectation_value,bcw_12q_random_bp,hea,RX_RY_RZ_CNOT,none,linear,cnot,local,12,2,2,same_entangling_gate_count,1,7,RZ,2,59,layer_001_wire_007_RZ,3,-1.922011246459656e-19,1.082486591566683e-34,7.784496486813252e-18,1.0
random_bp,expectation_value,bcw_12q_random_bp,hea,RX_RY_RZ_CNOT,none,linear,cnot,local,12,2,2,same_entangling_gate_count,1,8,RX,0,60,layer_001_wire_008_RX,3,-4.663175274669418e-06,1.9578203451810945e-06,0.0010746189891171394,0.0
random_bp,expectation_value,bcw_12q_random_bp,hea,RX_RY_RZ_CNOT,none,linear,cnot,local,12,2,2,same_entangling_gate_count,1,8,RY,1,61,layer_001_wire_008_RY,3,-0.0027213743569812535,2.0017491261634686e-05,0.0032275355849809353,0.0
random_bp,expectation_value,bcw_12q_random_bp,hea,RX_RY_RZ_CNOT,none,linear,cnot,local,12,2,2,same_entangling_gate_count,1,8,RZ,2,62,layer_001_wire_008_RZ,3,-4.696142010933773e-18,3.949823534229138e-35,5.911601622003645e-18,1.0
random_bp,expectation_value,bcw_12q_random_bp,hea,RX_RY_RZ_CNOT,none,linear,cnot,local,12,2,2,same_entangling_gate_count,1,9,RX,0,63,layer_001_wire_009_RX,3,-0.0017603159967670874,2.238883322358054e-06,0.0017603159967670874,0.0
random_bp,expectation_value,bcw_12q_random_bp,hea,RX_RY_RZ_CNOT,none,linear,cnot,local,12,2,2,same_entangling_gate_count,1,9,RY,1,64,layer_001_wire_009_RY,3,-0.004961295726250893,4.8659513240310246e-05,0.005128548651580912,0.0
random_bp,expectation_value,bcw_12q_random_bp,hea,RX_RY_RZ_CNOT,none,linear,cnot,local,12,2,2,same_entangling_gate_count,1,9,RZ,2,65,layer_001_wire_009_RZ,3,2.319980431996938e-17,5.660364289135455e-33,5.714066989283575e-17,1.0
random_bp,expectation_value,bcw_12q_random_bp,hea,RX_RY_RZ_CNOT,none,linear,cnot,local,12,2,2,same_entangling_gate_count,1,10,RX,0,66,layer_001_wire_010_RX,3,-0.0013773872801545219,4.667913002859912e-06,0.0013773872801545219,0.0
random_bp,expectation_value,bcw_12q_random_bp,hea,RX_RY_RZ_CNOT,none,linear,cnot,local,12,2,2,same_entangling_gate_count,1,10,RY,1,67,layer_001_wire_010_RY,3,0.009098838999717552,0.0002490805499409545,0.009188436574491577,0.0
random_bp,expectation_value,bcw_12q_random_bp,hea,RX_RY_RZ_CNOT,none,linear,cnot,local,12,2,2,same_entangling_gate_count,1,10,RZ,2,68,layer_001_wire_010_RZ,3,1.9472420180788974e-17,1.3034827080995743e-33,2.128259620066789e-17,1.0
random_bp,expectation_value,bcw_12q_random_bp,hea,RX_RY_RZ_CNOT,none,linear,cnot,local,12,2,2,same_entangling_gate_count,1,11,RX,0,69,layer_001_wire_011_RX,3,0.0007354967601500857,1.3861818827908487e-06,0.0007354967601500857,0.0
random_bp,expectation_value,bcw_12q_random_bp,hea,RX_RY_RZ_CNOT,none,linear,cnot,local,12,2,2,same_entangling_gate_count,1,11,RY,1,70,layer_001_wire_011_RY,3,-0.00040013757968423,2.3680960437129322e-07,0.00040013757968422993,0.0
random_bp,expectation_value,bcw_12q_random_bp,hea,RX_RY_RZ_CNOT,none,linear,cnot,local,12,2,2,same_entangling_gate_count,1,11,RZ,2,71,layer_001_wire_011_RZ,3,-1.5658189177961766e-17,2.2674182950063172e-34,1.5962107657796107e-17,1.0
random_bp,expectation_value,bcw_12q_random_bp,hea,RX_RY_RZ_CNOT,none,circular,cnot,local,12,2,2,same_entangling_gate_count,0,0,RX,0,0,layer_000_wire_000_RX,3,-0.014456355708722094,0.00048262032051520353,0.02006082636617521,0.0
random_bp,expectation_value,bcw_12q_random_bp,hea,RX_RY_RZ_CNOT,none,circular,cnot,local,12,2,2,same_entangling_gate_count,0,0,RY,1,1,layer_000_wire_000_RY,3,-0.0029455163207255256,1.427601132962134e-05,0.0032994823942185587,0.0
random_bp,expectation_value,bcw_12q_random_bp,hea,RX_RY_RZ_CNOT,none,circular,cnot,local,12,2,2,same_entangling_gate_count,0,0,RZ,2,2,layer_000_wire_000_RZ,3,-0.018778910107022647,0.00028518958166308167,0.018778910107022647,0.0
random_bp,expectation_value,bcw_12q_random_bp,hea,RX_RY_RZ_CNOT,none,circular,cnot,local,12,2,2,same_entangling_gate_count,0,1,RX,0,3,layer_000_wire_001_RX,3,-0.007476974134235559,0.0005881750360026743,0.01567893840923851,0.0
random_bp,expectation_value,bcw_12q_random_bp,hea,RX_RY_RZ_CNOT,none,circular,cnot,local,12,2,2,same_entangling_gate_count,0,1,RY,1,4,layer_000_wire_001_RY,3,0.024694109968658572,0.0028035834321435363,0.032320105276626994,0.0
random_bp,expectation_value,bcw_12q_random_bp,hea,RX_RY_RZ_CNOT,none,circular,cnot,local,12,2,2,same_entangling_gate_count,0,1,RZ,2,5,layer_000_wire_001_RZ,3,0.005479368822862726,0.000444362051653401,0.013963228488090779,0.0
random_bp,expectation_value,bcw_12q_random_bp,hea,RX_RY_RZ_CNOT,none,circular,cnot,local,12,2,2,same_entangling_gate_count,0,2,RX,0,6,layer_000_wire_002_RX,3,-0.005159133765213715,2.688054704378636e-05,0.005159133765213714,0.0
random_bp,expectation_value,bcw_12q_random_bp,hea,RX_RY_RZ_CNOT,none,circular,cnot,local,12,2,2,same_entangling_gate_count,0,2,RY,1,7,layer_000_wire_002_RY,3,0.004814440365738429,1.68538163082249e-05,0.004814440365738429,0.0
random_bp,expectation_value,bcw_12q_random_bp,hea,RX_RY_RZ_CNOT,none,circular,cnot,local,12,2,2,same_entangling_gate_count,0,2,RZ,2,8,layer_000_wire_002_RZ,3,-0.004011561319222152,0.00011345203473002372,0.00726838976201016,0.0
random_bp,expectation_value,bcw_12q_random_bp,hea,RX_RY_RZ_CNOT,none,circular,cnot,local,12,2,2,same_entangling_gate_count,0,3,RX,0,9,layer_000_wire_003_RX,3,-0.0011684865461400501,3.5577602568454926e-05,0.004568476865440854,0.0
random_bp,expectation_value,bcw_12q_random_bp,hea,RX_RY_RZ_CNOT,none,circular,cnot,local,12,2,2,same_entangling_gate_count,0,3,RY,1,10,layer_000_wire_003_RY,3,0.00700436752956898,0.00017713435300332814,0.007906622968460808,0.0
random_bp,expectation_value,bcw_12q_random_bp,hea,RX_RY_RZ_CNOT,none,circular,cnot,local,12,2,2,same_entangling_gate_count,0,3,RZ,2,11,layer_000_wire_003_RZ,3,0.010337184948495354,0.00043222459795805556,0.013571737785447546,0.0
random_bp,expectation_value,bcw_12q_random_bp,hea,RX_RY_RZ_CNOT,none,circular,cnot,local,12,2,2,same_entangling_gate_count,0,4,RX,0,12,layer_000_wire_004_RX,3,-0.00110901567187325,1.8002704916528383e-05,0.0028465643536232078,0.0
random_bp,expectation_value,bcw_12q_random_bp,hea,RX_RY_RZ_CNOT,none,circular,cnot,local,12,2,2,same_entangling_gate_count,0,4,RY,1,13,layer_000_wire_004_RY,3,-0.0034136251316445533,2.6590434512997056e-05,0.0034136251316445533,0.0
random_bp,expectation_value,bcw_12q_random_bp,hea,RX_RY_RZ_CNOT,none,circular,cnot,local,12,2,2,same_entangling_gate_count,0,4,RZ,2,14,layer_000_wire_004_RZ,3,-0.0006861908955607559,7.710193455736716e-07,0.0008610725274391387,0.0
random_bp,expectation_value,bcw_12q_random_bp,hea,RX_RY_RZ_CNOT,none,circular,cnot,local,12,2,2,same_entangling_gate_count,0,5,RX,0,15,layer_000_wire_005_RX,3,-0.0016055554061534022,4.540849449527361e-06,0.001739496332634172,0.0
random_bp,expectation_value,bcw_12q_random_bp,hea,RX_RY_RZ_CNOT,none,circular,cnot,local,12,2,2,same_entangling_gate_count,0,5,RY,1,16,layer_000_wire_005_RY,3,-0.003175512255066808,1.7180493300007276e-05,0.0033634725097594527,0.0
random_bp,expectation_value,bcw_12q_random_bp,hea,RX_RY_RZ_CNOT,none,circular,cnot,local,12,2,2,same_entangling_gate_count,0,5,RZ,2,17,layer_000_wire_005_RZ,3,0.0042953857236659905,2.093757813590351e-05,0.00429538572366599,0.0
random_bp,expectation_value,bcw_12q_random_bp,hea,RX_RY_RZ_CNOT,none,circular,cnot,local,12,2,2,same_entangling_gate_count,0,6,RX,0,18,layer_000_wire_006_RX,3,0.00087776531175733,8.507362723113272e-06,0.0018841837946814764,0.0
random_bp,expectation_value,bcw_12q_random_bp,hea,RX_RY_RZ_CNOT,none,circular,cnot,local,12,2,2,same_entangling_gate_count,0,6,RY,1,19,layer_000_wire_006_RY,3,-0.000732811789484853,7.585144188231034e-07,0.0008496331068952923,0.0
random_bp,expectation_value,bcw_12q_random_bp,hea,RX_RY_RZ_CNOT,none,circular,cnot,local,12,2,2,same_entangling_gate_count,0,6,RZ,2,20,layer_000_wire_006_RZ,3,0.0007739246688985321,9.4502377029316e-06,0.0020026178309218907,0.0
random_bp,expectation_value,bcw_12q_random_bp,hea,RX_RY_RZ_CNOT,none,circular,cnot,local,12,2,2,same_entangling_gate_count,0,7,RX,0,21,layer_000_wire_007_RX,3,0.0006464395741123777,1.1355882742284523e-07,0.0006464395741123777,0.0
random_bp,expectation_value,bcw_12q_random_bp,hea,RX_RY_RZ_CNOT,none,circular,cnot,local,12,2,2,same_entangling_gate_count,0,7,RY,1,22,layer_000_wire_007_RY,3,0.0001494783438905642,7.339799597153272e-08,0.00016391888734171097,0.0
random_bp,expectation_value,bcw_12q_random_bp,hea,RX_RY_RZ_CNOT,none,circular,cnot,local,12,2,2,same_entangling_gate_count,0,7,RZ,2,23,layer_000_wire_007_RZ,3,-0.00021973842213137584,1.552366668966966e-07,0.0003403952917528808,0.0
random_bp,expectation_value,bcw_12q_random_bp,hea,RX_RY_RZ_CNOT,none,circular,cnot,local,12,2,2,same_entangling_gate_count,0,8,RX,0,24,layer_000_wire_008_RX,3,-9.169091536958217e-05,4.651786796930593e-06,0.0015239285912019564,0.0
random_bp,expectation_value,bcw_12q_random_bp,hea,RX_RY_RZ_CNOT,none,circular,cnot,local,12,2,2,same_entangling_gate_count,0,8,RY,1,25,layer_000_wire_008_RY,3,-0.00131280681581359,6.438647795963098e-07,0.00131280681581359,0.0
random_bp,expectation_value,bcw_12q_random_bp,hea,RX_RY_RZ_CNOT,none,circular,cnot,local,12,2,2,same_entangling_gate_count,0,8,RZ,2,26,layer_000_wire_008_RZ,3,-0.0019801694699073816,3.92087350007186e-06,0.0021717899056609763,0.0
random_bp,expectation_value,bcw_12q_random_bp,hea,RX_RY_RZ_CNOT,none,circular,cnot,local,12,2,2,same_entangling_gate_count,0,9,RX,0,27,layer_000_wire_009_RX,3,-0.0012298782422922427,1.9504227492176513e-06,0.0014833335037461176,0.0
random_bp,expectation_value,bcw_12q_random_bp,hea,RX_RY_RZ_CNOT,none,circular,cnot,local,12,2,2,same_entangling_gate_count,0,9,RY,1,28,layer_000_wire_009_RY,3,0.0004557151269664717,4.256708115599987e-07,0.0005177489621984968,0.0
random_bp,expectation_value,bcw_12q_random_bp,hea,RX_RY_RZ_CNOT,none,circular,cnot,local,12,2,2,same_entangling_gate_count,0,9,RZ,2,29,layer_000_wire_009_RZ,3,-0.0005846185897381857,8.247271377379492e-06,0.001891689106479351,0.0
random_bp,expectation_value,bcw_12q_random_bp,hea,RX_RY_RZ_CNOT,none,circular,cnot,local,12,2,2,same_entangling_gate_count,0,10,RX,0,30,layer_000_wire_010_RX,3,-0.0007288325840110393,8.038446545765228e-07,0.0007288325840110393,0.0
random_bp,expectation_value,bcw_12q_random_bp,hea,RX_RY_RZ_CNOT,none,circular,cnot,local,12,2,2,same_entangling_gate_count,0,10,RY,1,31,layer_000_wire_010_RY,3,-0.0003134284932137418,3.740970875637912e-07,0.00036588013369984754,0.0
random_bp,expectation_value,bcw_12q_random_bp,hea,RX_RY_RZ_CNOT,none,circular,cnot,local,12,2,2,same_entangling_gate_count,0,10,RZ,2,32,layer_000_wire_010_RZ,3,-0.0009722237110379202,3.18793662550312e-06,0.0010573118466187862,0.0
random_bp,expectation_value,bcw_12q_random_bp,hea,RX_RY_RZ_CNOT,none,circular,cnot,local,12,2,2,same_entangling_gate_count,0,11,RX,0,33,layer_000_wire_011_RX,3,0.0008790188942151584,2.8768035407954e-06,0.001010862446218919,0.0
random_bp,expectation_value,bcw_12q_random_bp,hea,RX_RY_RZ_CNOT,none,circular,cnot,local,12,2,2,same_entangling_gate_count,0,11,RY,1,34,layer_000_wire_011_RY,3,0.0009610406706510206,2.6842204888717335e-06,0.0009610406706510206,0.0
random_bp,expectation_value,bcw_12q_random_bp,hea,RX_RY_RZ_CNOT,none,circular,cnot,local,12,2,2,same_entangling_gate_count,0,11,RZ,2,35,layer_000_wire_011_RZ,3,0.005056872536042617,7.572507706405963e-05,0.005062889927263247,0.0
random_bp,expectation_value,bcw_12q_random_bp,hea,RX_RY_RZ_CNOT,none,circular,cnot,local,12,2,2,same_entangling_gate_count,1,0,RX,0,36,layer_001_wire_000_RX,3,-0.0006878849329334661,1.3776578392582777e-06,0.0006878849329334662,0.3333333333333333
random_bp,expectation_value,bcw_12q_random_bp,hea,RX_RY_RZ_CNOT,none,circular,cnot,local,12,2,2,same_entangling_gate_count,1,0,RY,1,37,layer_001_wire_000_RY,3,-0.032205533527769094,0.0029059716978726675,0.03732631102210699,0.0
random_bp,expectation_value,bcw_12q_random_bp,hea,RX_RY_RZ_CNOT,none,circular,cnot,local,12,2,2,same_entangling_gate_count,1,0,RZ,2,38,layer_001_wire_000_RZ,3,-4.288627878551404e-18,8.137311808324286e-35,5.514300905694926e-18,1.0
random_bp,expectation_value,bcw_12q_random_bp,hea,RX_RY_RZ_CNOT,none,circular,cnot,local,12,2,2,same_entangling_gate_count,1,1,RX,0,39,layer_001_wire_001_RX,3,-0.01803870056222415,0.0011010717219486197,0.019697374778268106,0.0
random_bp,expectation_value,bcw_12q_random_bp,hea,RX_RY_RZ_CNOT,none,circular,cnot,local,12,2,2,same_entangling_gate_count,1,1,RY,1,40,layer_001_wire_001_RY,3,0.0325639794154698,0.0007273130364044887,0.0325639794154698,0.0
random_bp,expectation_value,bcw_12q_random_bp,hea,RX_RY_RZ_CNOT,none,circular,cnot,local,12,2,2,same_entangling_gate_count,1,1,RZ,2,41,layer_001_wire_001_RZ,3,-8.4934539014017e-18,3.8447736435626535e-34,1.71701281370633e-17,1.0
random_bp,expectation_value,bcw_12q_random_bp,hea,RX_RY_RZ_CNOT,none,circular,cnot,local,12,2,2,same_entangling_gate_count,1,2,RX,0,42,layer_001_wire_002_RX,3,0.004354333464938501,1.563046074274128e-05,0.004396851679808962,0.0
random_bp,expectation_value,bcw_12q_random_bp,hea,RX_RY_RZ_CNOT,none,circular,cnot,local,12,2,2,same_entangling_gate_count,1,2,RY,1,43,layer_001_wire_002_RY,3,-0.017152973068204534,0.00035423581328653035,0.018156191618407317,0.0
random_bp,expectation_value,bcw_12q_random_bp,hea,RX_RY_RZ_CNOT,none,circular,cnot,local,12,2,2,same_entangling_gate_count,1,2,RZ,2,44,layer_001_wire_002_RZ,3,-1.1052359010005525e-17,3.0299144220220983e-33,3.851892586283336e-17,1.0
random_bp,expectation_value,bcw_12q_random_bp,hea,RX_RY_RZ_CNOT,none,circular,cnot,local,12,2,2,same_entangling_gate_count,1,3,RX,0,45,layer_001_wire_003_RX,3,0.004427169886790008,4.0050795531914525e-05,0.004427169886790008,0.0
random_bp,expectation_value,bcw_12q_random_bp,hea,RX_RY_RZ_CNOT,none,circular,cnot,local,12,2,2,same_entangling_gate_count,1,3,RY,1,46,layer_001_wire_003_RY,3,0.002777196258198113,2.7249484132411477e-05,0.003311382736673379,0.0
random_bp,expectation_value,bcw_12q_random_bp,hea,RX_RY_RZ_CNOT,none,circular,cnot,local,12,2,2,same_entangling_gate_count,1,3,RZ,2,47,layer_001_wire_003_RZ,3,5.807412184446737e-18,7.737125679080472e-35,5.807412184446736e-18,1.0
random_bp,expectation_value,bcw_12q_random_bp,hea,RX_RY_RZ_CNOT,none,circular,cnot,local,12,2,2,same_entangling_gate_count,1,4,RX,0,48,layer_001_wire_004_RX,3,0.0020033598095339886,2.6167161586545226e-05,0.0034205898667378255,0.0
random_bp,expectation_value,bcw_12q_random_bp,hea,RX_RY_RZ_CNOT,none,circular,cnot,local,12,2,2,same_entangling_gate_count,1,4,RY,1,49,layer_001_wire_004_RY,3,-0.0037714937786795287,1.2750044539838358e-05,0.004002180534378318,0.0
random_bp,expectation_value,bcw_12q_random_bp,hea,RX_RY_RZ_CNOT,none,circular,cnot,local,12,2,2,same_entangling_gate_count,1,4,RZ,2,50,layer_001_wire_004_RZ,3,6.043018712602267e-18,1.3438090663595398e-34,1.0822147192304024e-17,1.0
random_bp,expectation_value,bcw_12q_random_bp,hea,RX_RY_RZ_CNOT,none,circular,cnot,local,12,2,2,same_entangling_gate_count,1,5,RX,0,51,layer_001_wire_005_RX,3,-0.001814491662118489,6.793638579019239e-06,0.0018144916621184893,0.0
random_bp,expectation_value,bcw_12q_random_bp,hea,RX_RY_RZ_CNOT,none,circular,cnot,local,12,2,2,same_entangling_gate_count,1,5,RY,1,52,layer_001_wire_005_RY,3,-0.0032624401904372425,1.8938768154351824e-05,0.003596975854178702,0.0
random_bp,expectation_value,bcw_12q_random_bp,hea,RX_RY_RZ_CNOT,none,circular,cnot,local,12,2,2,same_entangling_gate_count,1,5,RZ,2,53,layer_001_wire_005_RZ,3,7.467883785648614e-18,3.339847552179369e-35,7.467883785648614e-18,1.0
random_bp,expectation_value,bcw_12q_random_bp,hea,RX_RY_RZ_CNOT,none,circular,cnot,local,12,2,2,same_entangling_gate_count,1,6,RX,0,54,layer_001_wire_006_RX,3,0.0020989438618348663,1.8894302653384482e-06,0.0020989438618348663,0.0
random_bp,expectation_value,bcw_12q_random_bp,hea,RX_RY_RZ_CNOT,none,circular,cnot,local,12,2,2,same_entangling_gate_count,1,6,RY,1,55,layer_001_wire_006_RY,3,0.0009209377075119061,2.5261747530668354e-06,0.0012601076714852967,0.0
random_bp,expectation_value,bcw_12q_random_bp,hea,RX_RY_RZ_CNOT,none,circular,cnot,local,12,2,2,same_entangling_gate_count,1,6,RZ,2,56,layer_001_wire_006_RZ,3,-1.4912438491143223e-18,1.5078326864839278e-35,3.460156601090788e-18,1.0
random_bp,expectation_value,bcw_12q_random_bp,hea,RX_RY_RZ_CNOT,none,circular,cnot,local,12,2,2,same_entangling_gate_count,1,7,RX,0,57,layer_001_wire_007_RX,3,0.0013999450382434584,4.8655710073508224e-06,0.001494157632645911,0.0
random_bp,expectation_value,bcw_12q_random_bp,hea,RX_RY_RZ_CNOT,none,circular,cnot,local,12,2,2,same_entangling_gate_count,1,7,RY,1,58,layer_001_wire_007_RY,3,0.001661727398559916,4.306136830965062e-06,0.001661727398559916,0.0
random_bp,expectation_value,bcw_12q_random_bp,hea,RX_RY_RZ_CNOT,none,circular,cnot,local,12,2,2,same_entangling_gate_count,1,7,RZ,2,59,layer_001_wire_007_RZ,3,-8.746231068646859e-18,1.3089576806107151e-34,9.947783214418028e-18,1.0
random_bp,expectation_value,bcw_12q_random_bp,hea,RX_RY_RZ_CNOT,none,circular,cnot,local,12,2,2,same_entangling_gate_count,1,8,RX,0,60,layer_001_wire_008_RX,3,0.0001956013217254656,1.3276438448110082e-06,0.000887598338354203,0.0
random_bp,expectation_value,bcw_12q_random_bp,hea,RX_RY_RZ_CNOT,none,circular,cnot,local,12,2,2,same_entangling_gate_count,1,8,RY,1,61,layer_001_wire_008_RY,3,0.0012478416944882353,1.0670708583213783e-05,0.002138137766401272,0.0
random_bp,expectation_value,bcw_12q_random_bp,hea,RX_RY_RZ_CNOT,none,circular,cnot,local,12,2,2,same_entangling_gate_count,1,8,RZ,2,62,layer_001_wire_008_RZ,3,-5.237474111292591e-18,1.5716201747095116e-34,8.554390791360742e-18,1.0
random_bp,expectation_value,bcw_12q_random_bp,hea,RX_RY_RZ_CNOT,none,circular,cnot,local,12,2,2,same_entangling_gate_count,1,9,RX,0,63,layer_001_wire_009_RX,3,-2.264272354272044e-05,1.617230876919044e-06,0.0008800299629194785,0.0
random_bp,expectation_value,bcw_12q_random_bp,hea,RX_RY_RZ_CNOT,none,circular,cnot,local,12,2,2,same_entangling_gate_count,1,9,RY,1,64,layer_001_wire_009_RY,3,0.0005339575399517231,8.429742950916253e-06,0.001931662111031859,0.0
random_bp,expectation_value,bcw_12q_random_bp,hea,RX_RY_RZ_CNOT,none,circular,cnot,local,12,2,2,same_entangling_gate_count,1,9,RZ,2,65,layer_001_wire_009_RZ,3,5.285778224723011e-18,1.031747277509664e-34,9.43047233789656e-18,1.0
random_bp,expectation_value,bcw_12q_random_bp,hea,RX_RY_RZ_CNOT,none,circular,cnot,local,12,2,2,same_entangling_gate_count,1,10,RX,0,66,layer_001_wire_010_RX,3,1.0156353994411318e-05,1.629606808695211e-09,2.7110825387262735e-05,0.0
random_bp,expectation_value,bcw_12q_random_bp,hea,RX_RY_RZ_CNOT,none,circular,cnot,local,12,2,2,same_entangling_gate_count,1,10,RY,1,67,layer_001_wire_010_RY,3,-0.004657879159728052,6.299328815445848e-05,0.004657879159728051,0.0
random_bp,expectation_value,bcw_12q_random_bp,hea,RX_RY_RZ_CNOT,none,circular,cnot,local,12,2,2,same_entangling_gate_count,1,10,RZ,2,68,layer_001_wire_010_RZ,3,-3.6745980308906405e-18,8.586059505136971e-35,5.887380201463325e-18,1.0
random_bp,expectation_value,bcw_12q_random_bp,hea,RX_RY_RZ_CNOT,none,circular,cnot,local,12,2,2,same_entangling_gate_count,1,11,RX,0,69,layer_001_wire_011_RX,3,-0.0005843473226439529,5.120311036382249e-07,0.0005899443639773934,0.0
random_bp,expectation_value,bcw_12q_random_bp,hea,RX_RY_RZ_CNOT,none,circular,cnot,local,12,2,2,same_entangling_gate_count,1,11,RY,1,70,layer_001_wire_011_RY,3,-0.0021120019310645064,1.8111948433376493e-05,0.002604879154671337,0.0
random_bp,expectation_value,bcw_12q_random_bp,hea,RX_RY_RZ_CNOT,none,circular,cnot,local,12,2,2,same_entangling_gate_count,1,11,RZ,2,71,layer_001_wire_011_RZ,3,1.9845105550459906e-18,3.3092036374321764e-35,4.941857355276442e-18,1.0
random_bp,expectation_value,bcw_12q_random_bp,hea,RX_RY_RZ_CNOT,none,linear,cnot,global,12,2,2,same_entangling_gate_count,0,0,RX,0,0,layer_000_wire_000_RX,3,0.00010332284483546527,4.4320926762497484e-08,0.00012761044042684084,0.0
random_bp,expectation_value,bcw_12q_random_bp,hea,RX_RY_RZ_CNOT,none,linear,cnot,global,12,2,2,same_entangling_gate_count,0,0,RY,1,1,layer_000_wire_000_RY,3,-0.000773469174328769,1.945945304693966e-06,0.00081886426980444,0.0
random_bp,expectation_value,bcw_12q_random_bp,hea,RX_RY_RZ_CNOT,none,linear,cnot,global,12,2,2,same_entangling_gate_count,0,0,RZ,2,2,layer_000_wire_000_RZ,3,-8.346800015210991e-19,1.4696326284928459e-34,8.721739413018504e-18,1.0
random_bp,expectation_value,bcw_12q_random_bp,hea,RX_RY_RZ_CNOT,none,linear,cnot,global,12,2,2,same_entangling_gate_count,0,1,RX,0,3,layer_000_wire_001_RX,3,-0.0005270327202900194,1.2040012517951054e-06,0.0007135664004003531,0.0
random_bp,expectation_value,bcw_12q_random_bp,hea,RX_RY_RZ_CNOT,none,linear,cnot,global,12,2,2,same_entangling_gate_count,0,1,RY,1,4,layer_000_wire_001_RY,3,-0.00024620398922402703,4.909245303840497e-07,0.000448879070887163,0.0
random_bp,expectation_value,bcw_12q_random_bp,hea,RX_RY_RZ_CNOT,none,linear,cnot,global,12,2,2,same_entangling_gate_count,0,1,RZ,2,5,layer_000_wire_001_RZ,3,0.0006485989566104122,8.050233964140279e-07,0.0006485989566104121,0.0
random_bp,expectation_value,bcw_12q_random_bp,hea,RX_RY_RZ_CNOT,none,linear,cnot,global,12,2,2,same_entangling_gate_count,0,2,RX,0,6,layer_000_wire_002_RX,3,-0.0001740567026399587,2.0526437393941185e-07,0.0003318028057079437,0.0
random_bp,expectation_value,bcw_12q_random_bp,hea,RX_RY_RZ_CNOT,none,linear,cnot,global,12,2,2,same_entangling_gate_count,0,2,RY,1,7,layer_000_wire_002_RY,3,-2.7756900114496454e-05,3.112957521868653e-08,0.00012608524725345988,0.0
random_bp,expectation_value,bcw_12q_random_bp,hea,RX_RY_RZ_CNOT,none,linear,cnot,global,12,2,2,same_entangling_gate_count,0,2,RZ,2,8,layer_000_wire_002_RZ,3,0.00038246417597140325,1.0776778081309852e-07,0.0003824641759714033,0.0
random_bp,expectation_value,bcw_12q_random_bp,hea,RX_RY_RZ_CNOT,none,linear,cnot,global,12,2,2,same_entangling_gate_count,0,3,RX,0,9,layer_000_wire_003_RX,3,-0.0003130164819859757,6.908104720904321e-07,0.0005345166162225847,0.0
random_bp,expectation_value,bcw_12q_random_bp,hea,RX_RY_RZ_CNOT,none,linear,cnot,global,12,2,2,same_entangling_gate_count,0,3,RY,1,10,layer_000_wire_003_RY,3,-0.00025908957474719504,2.5615675657749486e-07,0.00039503569924769855,0.0
random_bp,expectation_value,bcw_12q_random_bp,hea,RX_RY_RZ_CNOT,none,linear,cnot,global,12,2,2,same_entangling_gate_count,0,3,RZ,2,11,layer_000_wire_003_RZ,3,0.00011389404421626261,3.7057658159016244e-07,0.0004093131331281283,0.0
random_bp,expectation_value,bcw_12q_random_bp,hea,RX_RY_RZ_CNOT,none,linear,cnot,global,12,2,2,same_entangling_gate_count,0,4,RX,0,12,layer_000_wire_004_RX,3,5.59214587539634e-05,6.156746264361889e-07,0.0005740537157887652,0.0
random_bp,expectation_value,bcw_12q_random_bp,hea,RX_RY_RZ_CNOT,none,linear,cnot,global,12,2,2,same_entangling_gate_count,0,4,RY,1,13,layer_000_wire_004_RY,3,0.0010208912638220505,2.9563715536144112e-06,0.0013931417049181556,0.0
random_bp,expectation_value,bcw_12q_random_bp,hea,RX_RY_RZ_CNOT,none,linear,cnot,global,12,2,2,same_entangling_gate_count,0,4,RZ,2,14,layer_000_wire_004_RZ,3,0.0004946068106106856,8.23902972556465e-08,0.0004946068106106858,0.0
random_bp,expectation_value,bcw_12q_random_bp,hea,RX_RY_RZ_CNOT,none,linear,cnot,global,12,2,2,same_entangling_gate_count,0,5,RX,0,15,layer_000_wire_005_RX,3,-0.0006444412301251259,5.462962967463842e-07,0.0007820076065459706,0.0
random_bp,expectation_value,bcw_12q_random_bp,hea,RX_RY_RZ_CNOT,none,linear,cnot,global,12,2,2,same_entangling_gate_count,0,5,RY,1,16,layer_000_wire_005_RY,3,1.2409486105724503e-05,3.1379295977727824e-07,0.00042956576822106036,0.0
random_bp,expectation_value,bcw_12q_random_bp,hea,RX_RY_RZ_CNOT,none,linear,cnot,global,12,2,2,same_entangling_gate_count,0,5,RZ,2,17,layer_000_wire_005_RZ,3,0.00015232227570909058,1.725737595036517e-06,0.0009573927302488463,0.0
random_bp,expectation_value,bcw_12q_random_bp,hea,RX_RY_RZ_CNOT,none,linear,cnot,global,12,2,2,same_entangling_gate_count,0,6,RX,0,18,layer_000_wire_006_RX,3,-9.839142469396827e-06,3.4630714811593232e-06,0.0012643813099560322,0.0
random_bp,expectation_value,bcw_12q_random_bp,hea,RX_RY_RZ_CNOT,none,linear,cnot,global,12,2,2,same_entangling_gate_count,0,6,RY,1,19,layer_000_wire_006_RY,3,-0.0003825068315945512,6.827407181055927e-07,0.0005520499559871984,0.0
random_bp,expectation_value,bcw_12q_random_bp,hea,RX_RY_RZ_CNOT,none,linear,cnot,global,12,2,2,same_entangling_gate_count,0,6,RZ,2,20,layer_000_wire_006_RZ,3,0.0008799896209018235,1.0607714793235e-05,0.002116610851152211,0.0
random_bp,expectation_value,bcw_12q_random_bp,hea,RX_RY_RZ_CNOT,none,linear,cnot,global,12,2,2,same_entangling_gate_count,0,7,RX,0,21,layer_000_wire_007_RX,3,0.00021225899119315576,6.885774163086555e-07,0.000549446336590421,0.0
random_bp,expectation_value,bcw_12q_random_bp,hea,RX_RY_RZ_CNOT,none,linear,cnot,global,12,2,2,same_entangling_gate_count,0,7,RY,1,22,layer_000_wire_007_RY,3,-5.6574345650296855e-05,5.803884761397427e-10,5.657434565029685e-05,0.0
random_bp,expectation_value,bcw_12q_random_bp,hea,RX_RY_RZ_CNOT,none,linear,cnot,global,12,2,2,same_entangling_gate_count,0,7,RZ,2,23,layer_000_wire_007_RZ,3,-0.0001324170803636436,5.935192984793118e-07,0.0005488781898644843,0.0
random_bp,expectation_value,bcw_12q_random_bp,hea,RX_RY_RZ_CNOT,none,linear,cnot,global,12,2,2,same_entangling_gate_count,0,8,RX,0,24,layer_000_wire_008_RX,3,-0.0008558457839293332,5.250506980207909e-07,0.0008558457839293333,0.0
random_bp,expectation_value,bcw_12q_random_bp,hea,RX_RY_RZ_CNOT,none,linear,cnot,global,12,2,2,same_entangling_gate_count,0,8,RY,1,25,layer_000_wire_008_RY,3,-0.0004302095121354445,1.2255605155535167e-06,0.0006975131792250557,0.0
random_bp,expectation_value,bcw_12q_random_bp,hea,RX_RY_RZ_CNOT,none,linear,cnot,global,12,2,2,same_entangling_gate_count,0,8,RZ,2,26,layer_000_wire_008_RZ,3,-0.00027726384478737225,2.598172542094322e-06,0.0010751707039192752,0.0
random_bp,expectation_value,bcw_12q_random_bp,hea,RX_RY_RZ_CNOT,none,linear,cnot,global,12,2,2,same_entangling_gate_count,0,9,RX,0,27,layer_000_wire_009_RX,3,0.0012564268617178526,3.443415888206365e-06,0.0012564268617178528,0.0
random_bp,expectation_value,bcw_12q_random_bp,hea,RX_RY_RZ_CNOT,none,linear,cnot,global,12,2,2,same_entangling_gate_count,0,9,RY,1,28,layer_000_wire_009_RY,3,1.5444899241177516e-05,2.6371240722428533e-09,3.437006408325486e-05,0.0
random_bp,expectation_value,bcw_12q_random_bp,hea,RX_RY_RZ_CNOT,none,linear,cnot,global,12,2,2,same_entangling_gate_count,0,9,RZ,2,29,layer_000_wire_009_RZ,3,-0.000846716267259702,3.921110071374731e-06,0.0012303753417109147,0.0
random_bp,expectation_value,bcw_12q_random_bp,hea,RX_RY_RZ_CNOT,none,linear,cnot,global,12,2,2,same_entangling_gate_count,0,10,RX,0,30,layer_000_wire_010_RX,3,0.0005858357671830197,9.956867114879588e-07,0.0006921806481306816,0.0
random_bp,expectation_value,bcw_12q_random_bp,hea,RX_RY_RZ_CNOT,none,linear,cnot,global,12,2,2,same_entangling_gate_count,0,10,RY,1,31,layer_000_wire_010_RY,3,0.0004147014409676209,1.5507110558082127e-07,0.00044096875600417525,0.0
random_bp,expectation_value,bcw_12q_random_bp,hea,RX_RY_RZ_CNOT,none,linear,cnot,global,12,2,2,same_entangling_gate_count,0,10,RZ,2,32,layer_000_wire_010_RZ,3,0.000693712134355711,1.8765483558773291e-06,0.0008222856599620081,0.0
random_bp,expectation_value,bcw_12q_random_bp,hea,RX_RY_RZ_CNOT,none,linear,cnot,global,12,2,2,same_entangling_gate_count,0,11,RX,0,33,layer_000_wire_011_RX,3,-3.687839729874361e-05,4.96338123681947e-07,0.0004750571018403529,0.0
random_bp,expectation_value,bcw_12q_random_bp,hea,RX_RY_RZ_CNOT,none,linear,cnot,global,12,2,2,same_entangling_gate_count,0,11,RY,1,34,layer_000_wire_011_RY,3,-0.00010761931245274109,3.8166143642634753e-08,0.00013504384507826044,0.0
random_bp,expectation_value,bcw_12q_random_bp,hea,RX_RY_RZ_CNOT,none,linear,cnot,global,12,2,2,same_entangling_gate_count,0,11,RZ,2,35,layer_000_wire_011_RZ,3,-0.0006600544760543565,7.77688292712608e-07,0.0006600544760543564,0.0
random_bp,expectation_value,bcw_12q_random_bp,hea,RX_RY_RZ_CNOT,none,linear,cnot,global,12,2,2,same_entangling_gate_count,1,0,RX,0,36,layer_001_wire_000_RX,3,-5.369483024802886e-19,8.224420426337059e-36,2.069654420536945e-18,1.0
random_bp,expectation_value,bcw_12q_random_bp,hea,RX_RY_RZ_CNOT,none,linear,cnot,global,12,2,2,same_entangling_gate_count,1,0,RY,1,37,layer_001_wire_000_RY,3,5.404070203482436e-19,1.5406868108723044e-36,9.59405984923371e-19,1.0
random_bp,expectation_value,bcw_12q_random_bp,hea,RX_RY_RZ_CNOT,none,linear,cnot,global,12,2,2,same_entangling_gate_count,1,0,RZ,2,38,layer_001_wire_000_RZ,3,5.887312989541924e-18,1.3610617876670246e-34,7.016761505196506e-18,1.0
random_bp,expectation_value,bcw_12q_random_bp,hea,RX_RY_RZ_CNOT,none,linear,cnot,global,12,2,2,same_entangling_gate_count,1,1,RX,0,39,layer_001_wire_001_RX,3,4.4799321062803137e-05,3.891858226380256e-09,4.479932106280314e-05,0.0
random_bp,expectation_value,bcw_12q_random_bp,hea,RX_RY_RZ_CNOT,none,linear,cnot,global,12,2,2,same_entangling_gate_count,1,1,RY,1,40,layer_001_wire_001_RY,3,0.0012903061769868002,5.340357608302502e-06,0.001418059171030628,0.0
random_bp,expectation_value,bcw_12q_random_bp,hea,RX_RY_RZ_CNOT,none,linear,cnot,global,12,2,2,same_entangling_gate_count,1,1,RZ,2,41,layer_001_wire_001_RZ,3,-4.5991341853477415e-18,1.0579354220393302e-36,4.5991341853477415e-18,1.0
random_bp,expectation_value,bcw_12q_random_bp,hea,RX_RY_RZ_CNOT,none,linear,cnot,global,12,2,2,same_entangling_gate_count,1,2,RX,0,42,layer_001_wire_002_RX,3,-1.4907779871675686e-18,1.4133115516730215e-35,2.791820594150174e-18,1.0
random_bp,expectation_value,bcw_12q_random_bp,hea,RX_RY_RZ_CNOT,none,linear,cnot,global,12,2,2,same_entangling_gate_count,1,2,RY,1,43,layer_001_wire_002_RY,3,-7.694914925631027e-18,1.0151286508485686e-34,8.34543622912233e-18,1.0
random_bp,expectation_value,bcw_12q_random_bp,hea,RX_RY_RZ_CNOT,none,linear,cnot,global,12,2,2,same_entangling_gate_count,1,2,RZ,2,44,layer_001_wire_002_RZ,3,-6.178594750660527e-18,1.5167105271698648e-34,8.421552538246877e-18,1.0
random_bp,expectation_value,bcw_12q_random_bp,hea,RX_RY_RZ_CNOT,none,linear,cnot,global,12,2,2,same_entangling_gate_count,1,3,RX,0,45,layer_001_wire_003_RX,3,3.659709016315421e-05,9.785496387772149e-07,0.000667404266846648,0.0
random_bp,expectation_value,bcw_12q_random_bp,hea,RX_RY_RZ_CNOT,none,linear,cnot,global,12,2,2,same_entangling_gate_count,1,3,RY,1,46,layer_001_wire_003_RY,3,-0.0016373471842715038,5.916119892009742e-07,0.0016373471842715036,0.0
random_bp,expectation_value,bcw_12q_random_bp,hea,RX_RY_RZ_CNOT,none,linear,cnot,global,12,2,2,same_entangling_gate_count,1,3,RZ,2,47,layer_001_wire_003_RZ,3,-2.2339038494732203e-18,5.072531312800192e-35,4.5948041845350615e-18,1.0
random_bp,expectation_value,bcw_12q_random_bp,hea,RX_RY_RZ_CNOT,none,linear,cnot,global,12,2,2,same_entangling_gate_count,1,4,RX,0,48,layer_001_wire_004_RX,3,-3.730897788339442e-18,2.69215307375868e-35,4.489839309079295e-18,1.0
random_bp,expectation_value,bcw_12q_random_bp,hea,RX_RY_RZ_CNOT,none,linear,cnot,global,12,2,2,same_entangling_gate_count,1,4,RY,1,49,layer_001_wire_004_RY,3,4.226976751114711e-18,2.817800605940009e-35,4.753831244306885e-18,1.0
random_bp,expectation_value,bcw_12q_random_bp,hea,RX_RY_RZ_CNOT,none,linear,cnot,global,12,2,2,same_entangling_gate_count,1,4,RZ,2,50,layer_001_wire_004_RZ,3,6.379348445025319e-20,1.6602889264797206e-34,8.987085089199028e-18,1.0
random_bp,expectation_value,bcw_12q_random_bp,hea,RX_RY_RZ_CNOT,none,linear,cnot,global,12,2,2,same_entangling_gate_count,1,5,RX,0,51,layer_001_wire_005_RX,3,-0.00012079380419324111,8.174238313379814e-08,0.00025991564722989625,0.0
random_bp,expectation_value,bcw_12q_random_bp,hea,RX_RY_RZ_CNOT,none,linear,cnot,global,12,2,2,same_entangling_gate_count,1,5,RY,1,52,layer_001_wire_005_RY,3,-0.0006187491870958991,1.6641343655424642e-07,0.0006187491870958991,0.0
random_bp,expectation_value,bcw_12q_random_bp,hea,RX_RY_RZ_CNOT,none,linear,cnot,global,12,2,2,same_entangling_gate_count,1,5,RZ,2,53,layer_001_wire_005_RZ,3,-5.925802899229888e-19,1.502042640473577e-34,8.891900796000454e-18,1.0
random_bp,expectation_value,bcw_12q_random_bp,hea,RX_RY_RZ_CNOT,none,linear,cnot,global,12,2,2,same_entangling_gate_count,1,6,RX,0,54,layer_001_wire_006_RX,3,-1.6268679473597594e-18,2.547796857347933e-35,3.486952299530203e-18,1.0
random_bp,expectation_value,bcw_12q_random_bp,hea,RX_RY_RZ_CNOT,none,linear,cnot,global,12,2,2,same_entangling_gate_count,1,6,RY,1,55,layer_001_wire_006_RY,3,-8.14676288669186e-18,1.0047118964202282e-36,8.14676288669186e-18,1.0
random_bp,expectation_value,bcw_12q_random_bp,hea,RX_RY_RZ_CNOT,none,linear,cnot,global,12,2,2,same_entangling_gate_count,1,6,RZ,2,56,layer_001_wire_006_RZ,3,1.1450064379682555e-18,2.301333275112647e-35,3.524042724403072e-18,1.0
random_bp,expectation_value,bcw_12q_random_bp,hea,RX_RY_RZ_CNOT,none,linear,cnot,global,12,2,2,same_entangling_gate_count,1,7,RX,0,57,layer_001_wire_007_RX,3,6.241495116729382e-05,4.472036499886429e-08,0.0001571085666465079,0.0
random_bp,expectation_value,bcw_12q_random_bp,hea,RX_RY_RZ_CNOT,none,linear,cnot,global,12,2,2,same_entangling_gate_count,1,7,RY,1,58,layer_001_wire_007_RY,3,-0.0002698829780585963,1.9325983995409068e-07,0.00028499266100813725,0.0
random_bp,expectation_value,bcw_12q_random_bp,hea,RX_RY_RZ_CNOT,none,linear,cnot,global,12,2,2,same_entangling_gate_count,1,7,RZ,2,59,layer_001_wire_007_RZ,3,4.3749030054872754e-18,1.496465825267153e-34,7.839027366906375e-18,1.0
random_bp,expectation_value,bcw_12q_random_bp,hea,RX_RY_RZ_CNOT,none,linear,cnot,global,12,2,2,same_entangling_gate_count,1,8,RX,0,60,layer_001_wire_008_RX,3,-6.4430972854477115e-18,1.627113808543231e-34,1.0976417619152726e-17,1.0
random_bp,expectation_value,bcw_12q_random_bp,hea,RX_RY_RZ_CNOT,none,linear,cnot,global,12,2,2,same_entangling_gate_count,1,8,RY,1,61,layer_001_wire_008_RY,3,-4.370125319200687e-18,1.6142442690975755e-35,4.370125319200687e-18,1.0
random_bp,expectation_value,bcw_12q_random_bp,hea,RX_RY_RZ_CNOT,none,linear,cnot,global,12,2,2,same_entangling_gate_count,1,8,RZ,2,62,layer_001_wire_008_RZ,3,1.1239161766552148e-18,2.615087867288899e-35,3.7734671950618524e-18,1.0
random_bp,expectation_value,bcw_12q_random_bp,hea,RX_RY_RZ_CNOT,none,linear,cnot,global,12,2,2,same_entangling_gate_count,1,9,RX,0,63,layer_001_wire_009_RX,3,-3.439199602076529e-05,2.677109753567087e-07,0.00036371606052812053,0.0
random_bp,expectation_value,bcw_12q_random_bp,hea,RX_RY_RZ_CNOT,none,linear,cnot,global,12,2,2,same_entangling_gate_count,1,9,RY,1,64,layer_001_wire_009_RY,3,6.077715017689188e-05,3.331671330291775e-08,0.00011915794008488493,0.0
random_bp,expectation_value,bcw_12q_random_bp,hea,RX_RY_RZ_CNOT,none,linear,cnot,global,12,2,2,same_entangling_gate_count,1,9,RZ,2,65,layer_001_wire_009_RZ,3,1.327202084857373e-18,1.0540440762717757e-34,6.974337642439664e-18,1.0
random_bp,expectation_value,bcw_12q_random_bp,hea,RX_RY_RZ_CNOT,none,linear,cnot,global,12,2,2,same_entangling_gate_count,1,10,RX,0,66,layer_001_wire_010_RX,3,1.5641875092629415e-18,8.025899284528233e-35,6.802239255083535e-18,1.0
random_bp,expectation_value,bcw_12q_random_bp,hea,RX_RY_RZ_CNOT,none,linear,cnot,global,12,2,2,same_entangling_gate_count,1,10,RY,1,67,layer_001_wire_010_RY,3,-4.807194319983906e-18,2.6780884675220835e-35,5.384306101379836e-18,1.0
random_bp,expectation_value,bcw_12q_random_bp,hea,RX_RY_RZ_CNOT,none,linear,cnot,global,12,2,2,same_entangling_gate_count,1,10,RZ,2,68,layer_001_wire_010_RZ,3,-4.807704692701678e-19,1.3851541965903199e-36,1.064530150692101e-18,1.0
random_bp,expectation_value,bcw_12q_random_bp,hea,RX_RY_RZ_CNOT,none,linear,cnot,global,12,2,2,same_entangling_gate_count,1,11,RX,0,69,layer_001_wire_011_RX,3,-0.0004055732284765734,1.2795025073176578e-07,0.0004055732284765734,0.0
random_bp,expectation_value,bcw_12q_random_bp,hea,RX_RY_RZ_CNOT,none,linear,cnot,global,12,2,2,same_entangling_gate_count,1,11,RY,1,70,layer_001_wire_011_RY,3,0.0007165037590970728,9.84034675511976e-07,0.000788526784752312,0.0
random_bp,expectation_value,bcw_12q_random_bp,hea,RX_RY_RZ_CNOT,none,linear,cnot,global,12,2,2,same_entangling_gate_count,1,11,RZ,2,71,layer_001_wire_011_RZ,3,-1.3753273312718475e-18,1.1835066347610915e-35,3.017056079592954e-18,1.0
random_bp,expectation_value,bcw_12q_random_bp,hea,RX_RY_RZ_CNOT,none,circular,cnot,global,12,2,2,same_entangling_gate_count,0,0,RX,0,0,layer_000_wire_000_RX,3,-0.0007926986792199274,1.1343105823870415e-06,0.0007926986792199274,0.0
random_bp,expectation_value,bcw_12q_random_bp,hea,RX_RY_RZ_CNOT,none,circular,cnot,global,12,2,2,same_entangling_gate_count,0,0,RY,1,1,layer_000_wire_000_RY,3,0.00020215169457709806,7.17114823207029e-08,0.00020467792601116055,0.0
random_bp,expectation_value,bcw_12q_random_bp,hea,RX_RY_RZ_CNOT,none,circular,cnot,global,12,2,2,same_entangling_gate_count,0,0,RZ,2,2,layer_000_wire_000_RZ,3,-0.0006874884122300665,1.1764688682010295e-06,0.0007153592366407646,0.0
random_bp,expectation_value,bcw_12q_random_bp,hea,RX_RY_RZ_CNOT,none,circular,cnot,global,12,2,2,same_entangling_gate_count,0,1,RX,0,3,layer_000_wire_001_RX,3,-0.0001308366715273266,8.56496147438406e-08,0.00021809774800977643,0.0
random_bp,expectation_value,bcw_12q_random_bp,hea,RX_RY_RZ_CNOT,none,circular,cnot,global,12,2,2,same_entangling_gate_count,0,1,RY,1,4,layer_000_wire_001_RY,3,-0.00020640646405151587,1.3618971601529859e-07,0.00026220030200235377,0.0
random_bp,expectation_value,bcw_12q_random_bp,hea,RX_RY_RZ_CNOT,none,circular,cnot,global,12,2,2,same_entangling_gate_count,0,1,RZ,2,5,layer_000_wire_001_RZ,3,7.861803714912853e-05,9.673469057732782e-08,0.00021276471979217608,0.0
random_bp,expectation_value,bcw_12q_random_bp,hea,RX_RY_RZ_CNOT,none,circular,cnot,global,12,2,2,same_entangling_gate_count,0,2,RX,0,6,layer_000_wire_002_RX,3,-0.0001433921573930684,4.647700755239501e-08,0.00021354173311829267,0.0
random_bp,expectation_value,bcw_12q_random_bp,hea,RX_RY_RZ_CNOT,none,circular,cnot,global,12,2,2,same_entangling_gate_count,0,2,RY,1,7,layer_000_wire_002_RY,3,-6.0806943900541794e-05,2.9057249506273696e-07,0.0003942571322488758,0.0
random_bp,expectation_value,bcw_12q_random_bp,hea,RX_RY_RZ_CNOT,none,circular,cnot,global,12,2,2,same_entangling_gate_count,0,2,RZ,2,8,layer_000_wire_002_RZ,3,-0.00028235617852969704,1.8169760258808555e-07,0.00042024952187971195,0.0
random_bp,expectation_value,bcw_12q_random_bp,hea,RX_RY_RZ_CNOT,none,circular,cnot,global,12,2,2,same_entangling_gate_count,0,3,RX,0,9,layer_000_wire_003_RX,3,-0.00030953566537398095,8.543057555809099e-08,0.000309535665373981,0.0
random_bp,expectation_value,bcw_12q_random_bp,hea,RX_RY_RZ_CNOT,none,circular,cnot,global,12,2,2,same_entangling_gate_count,0,3,RY,1,10,layer_000_wire_003_RY,3,8.706868775616413e-05,3.046059649317048e-08,0.00011384856185336896,0.0
random_bp,expectation_value,bcw_12q_random_bp,hea,RX_RY_RZ_CNOT,none,circular,cnot,global,12,2,2,same_entangling_gate_count,0,3,RZ,2,11,layer_000_wire_003_RZ,3,0.00030558042499840264,8.677331473855977e-08,0.0003055804249984027,0.0
random_bp,expectation_value,bcw_12q_random_bp,hea,RX_RY_RZ_CNOT,none,circular,cnot,global,12,2,2,same_entangling_gate_count,0,4,RX,0,12,layer_000_wire_004_RX,3,7.054519569007323e-05,4.4924054375405204e-08,0.00014971348905474366,0.0
random_bp,expectation_value,bcw_12q_random_bp,hea,RX_RY_RZ_CNOT,none,circular,cnot,global,12,2,2,same_entangling_gate_count,0,4,RY,1,13,layer_000_wire_004_RY,3,-0.00031029839397130244,2.2991549020725232e-07,0.00033595241082342095,0.0
random_bp,expectation_value,bcw_12q_random_bp,hea,RX_RY_RZ_CNOT,none,circular,cnot,global,12,2,2,same_entangling_gate_count,0,4,RZ,2,14,layer_000_wire_004_RZ,3,-0.0004495653769891213,3.0925082448654427e-07,0.00044956537698912137,0.0
random_bp,expectation_value,bcw_12q_random_bp,hea,RX_RY_RZ_CNOT,none,circular,cnot,global,12,2,2,same_entangling_gate_count,0,5,RX,0,15,layer_000_wire_005_RX,3,2.988187433865052e-06,1.1059731906501817e-06,0.0007819527847141398,0.0
random_bp,expectation_value,bcw_12q_random_bp,hea,RX_RY_RZ_CNOT,none,circular,cnot,global,12,2,2,same_entangling_gate_count,0,5,RY,1,16,layer_000_wire_005_RY,3,-0.0008114110451755345,9.106274631784711e-07,0.0009591879246818457,0.0
random_bp,expectation_value,bcw_12q_random_bp,hea,RX_RY_RZ_CNOT,none,circular,cnot,global,12,2,2,same_entangling_gate_count,0,5,RZ,2,17,layer_000_wire_005_RZ,3,0.0007680011796668514,1.150401420622649e-06,0.0008854879743661227,0.0
random_bp,expectation_value,bcw_12q_random_bp,hea,RX_RY_RZ_CNOT,none,circular,cnot,global,12,2,2,same_entangling_gate_count,0,6,RX,0,18,layer_000_wire_006_RX,3,0.0005248778134681403,1.201772098613281e-07,0.0005248778134681403,0.0
random_bp,expectation_value,bcw_12q_random_bp,hea,RX_RY_RZ_CNOT,none,circular,cnot,global,12,2,2,same_entangling_gate_count,0,6,RY,1,19,layer_000_wire_006_RY,3,-0.0001655569382841143,1.3383302978576772e-07,0.00023040267125930833,0.0
random_bp,expectation_value,bcw_12q_random_bp,hea,RX_RY_RZ_CNOT,none,circular,cnot,global,12,2,2,same_entangling_gate_count,0,6,RZ,2,20,layer_000_wire_006_RZ,3,0.00039913816589884593,8.220792140476428e-08,0.00039913816589884593,0.0
random_bp,expectation_value,bcw_12q_random_bp,hea,RX_RY_RZ_CNOT,none,circular,cnot,global,12,2,2,same_entangling_gate_count,0,7,RX,0,21,layer_000_wire_007_RX,3,0.001143378971511805,2.2518245791097884e-05,0.003104982905480644,0.0
random_bp,expectation_value,bcw_12q_random_bp,hea,RX_RY_RZ_CNOT,none,circular,cnot,global,12,2,2,same_entangling_gate_count,0,7,RY,1,22,layer_000_wire_007_RY,3,-0.0007159113017101155,2.467102654634387e-05,0.003442849845709193,0.0
random_bp,expectation_value,bcw_12q_random_bp,hea,RX_RY_RZ_CNOT,none,circular,cnot,global,12,2,2,same_entangling_gate_count,0,7,RZ,2,23,layer_000_wire_007_RZ,3,-0.009886941622232664,0.00011560599893785012,0.009891423540219685,0.0
random_bp,expectation_value,bcw_12q_random_bp,hea,RX_RY_RZ_CNOT,none,circular,cnot,global,12,2,2,same_entangling_gate_count,0,8,RX,0,24,layer_000_wire_008_RX,3,0.0018523260816704075,4.33355192259042e-06,0.0018523260816704073,0.0
random_bp,expectation_value,bcw_12q_random_bp,hea,RX_RY_RZ_CNOT,none,circular,cnot,global,12,2,2,same_entangling_gate_count,0,8,RY,1,25,layer_000_wire_008_RY,3,0.0015856502517659515,8.99797878786911e-06,0.0017983792697606263,0.0
random_bp,expectation_value,bcw_12q_random_bp,hea,RX_RY_RZ_CNOT,none,circular,cnot,global,12,2,2,same_entangling_gate_count,0,8,RZ,2,26,layer_000_wire_008_RZ,3,-0.0011966628517344623,7.282487215829304e-06,0.0016633863860061923,0.0
random_bp,expectation_value,bcw_12q_random_bp,hea,RX_RY_RZ_CNOT,none,circular,cnot,global,12,2,2,same_entangling_gate_count,0,9,RX,0,27,layer_000_wire_009_RX,3,0.004253258363971475,6.634639810100617e-05,0.004869852768981873,0.0
random_bp,expectation_value,bcw_12q_random_bp,hea,RX_RY_RZ_CNOT,none,circular,cnot,global,12,2,2,same_entangling_gate_count,0,9,RY,1,28,layer_000_wire_009_RY,3,0.0008416336818869276,6.538588507126111e-07,0.0009019237997848718,0.0
random_bp,expectation_value,bcw_12q_random_bp,hea,RX_RY_RZ_CNOT,none,circular,cnot,global,12,2,2,same_entangling_gate_count,0,9,RZ,2,29,layer_000_wire_009_RZ,3,0.005595605521576388,7.785198039495148e-05,0.005595605521576387,0.0
random_bp,expectation_value,bcw_12q_random_bp,hea,RX_RY_RZ_CNOT,none,circular,cnot,global,12,2,2,same_entangling_gate_count,0,10,RX,0,30,layer_000_wire_010_RX,3,0.0016474011078472732,4.202207543023526e-06,0.0016474011078472732,0.0
random_bp,expectation_value,bcw_12q_random_bp,hea,RX_RY_RZ_CNOT,none,circular,cnot,global,12,2,2,same_entangling_gate_count,0,10,RY,1,31,layer_000_wire_010_RY,3,-0.00046651370892523904,7.638576866757455e-08,0.00046651370892523904,0.0
random_bp,expectation_value,bcw_12q_random_bp,hea,RX_RY_RZ_CNOT,none,circular,cnot,global,12,2,2,same_entangling_gate_count,0,10,RZ,2,32,layer_000_wire_010_RZ,3,0.00046952888867188877,3.8128551209463503e-06,0.0013183528949759452,0.0
random_bp,expectation_value,bcw_12q_random_bp,hea,RX_RY_RZ_CNOT,none,circular,cnot,global,12,2,2,same_entangling_gate_count,0,11,RX,0,33,layer_000_wire_011_RX,3,0.00022036257446813164,5.875578643821771e-07,0.0006414796548589161,0.0
random_bp,expectation_value,bcw_12q_random_bp,hea,RX_RY_RZ_CNOT,none,circular,cnot,global,12,2,2,same_entangling_gate_count,0,11,RY,1,34,layer_000_wire_011_RY,3,-2.3800256631182667e-05,1.239888066656175e-08,9.278782635080739e-05,0.0
random_bp,expectation_value,bcw_12q_random_bp,hea,RX_RY_RZ_CNOT,none,circular,cnot,global,12,2,2,same_entangling_gate_count,0,11,RZ,2,35,layer_000_wire_011_RZ,3,-0.00043191857379169715,1.0840556383904532e-07,0.00043191857379169715,0.0
random_bp,expectation_value,bcw_12q_random_bp,hea,RX_RY_RZ_CNOT,none,circular,cnot,global,12,2,2,same_entangling_gate_count,1,0,RX,0,36,layer_001_wire_000_RX,3,0.00025326627199787283,1.7060904563323126e-07,0.0002532662719978728,0.0
random_bp,expectation_value,bcw_12q_random_bp,hea,RX_RY_RZ_CNOT,none,circular,cnot,global,12,2,2,same_entangling_gate_count,1,0,RY,1,37,layer_001_wire_000_RY,3,-0.000607711637472885,5.501749510286824e-07,0.0006077116374728848,0.0
random_bp,expectation_value,bcw_12q_random_bp,hea,RX_RY_RZ_CNOT,none,circular,cnot,global,12,2,2,same_entangling_gate_count,1,0,RZ,2,38,layer_001_wire_000_RZ,3,-1.081265450566334e-17,4.737627400948272e-34,1.653205879474407e-17,1.0
random_bp,expectation_value,bcw_12q_random_bp,hea,RX_RY_RZ_CNOT,none,circular,cnot,global,12,2,2,same_entangling_gate_count,1,1,RX,0,39,layer_001_wire_001_RX,3,-2.6246727592253248e-18,1.6910153574517352e-34,1.0683908908034242e-17,1.0
random_bp,expectation_value,bcw_12q_random_bp,hea,RX_RY_RZ_CNOT,none,circular,cnot,global,12,2,2,same_entangling_gate_count,1,1,RY,1,40,layer_001_wire_001_RY,3,3.9889604929362515e-18,2.2706571319719747e-35,4.2600110360576276e-18,1.0
random_bp,expectation_value,bcw_12q_random_bp,hea,RX_RY_RZ_CNOT,none,circular,cnot,global,12,2,2,same_entangling_gate_count,1,1,RZ,2,41,layer_001_wire_001_RZ,3,-1.1671709651976375e-18,8.982774397482567e-35,6.562595003544191e-18,1.0
random_bp,expectation_value,bcw_12q_random_bp,hea,RX_RY_RZ_CNOT,none,circular,cnot,global,12,2,2,same_entangling_gate_count,1,2,RX,0,42,layer_001_wire_002_RX,3,-0.00015844430462718135,2.7493625553932086e-08,0.00017108471995383717,0.0
random_bp,expectation_value,bcw_12q_random_bp,hea,RX_RY_RZ_CNOT,none,circular,cnot,global,12,2,2,same_entangling_gate_count,1,2,RY,1,43,layer_001_wire_002_RY,3,-0.0003449341562753625,2.6087124449717175e-07,0.00037913581105403693,0.0
random_bp,expectation_value,bcw_12q_random_bp,hea,RX_RY_RZ_CNOT,none,circular,cnot,global,12,2,2,same_entangling_gate_count,1,2,RZ,2,44,layer_001_wire_002_RZ,3,-5.6516105718597845e-18,1.6668069878217356e-34,8.867651641373224e-18,1.0
random_bp,expectation_value,bcw_12q_random_bp,hea,RX_RY_RZ_CNOT,none,circular,cnot,global,12,2,2,same_entangling_gate_count,1,3,RX,0,45,layer_001_wire_003_RX,3,-7.351116604904322e-18,1.1803669509244803e-34,8.927727264060326e-18,1.0
random_bp,expectation_value,bcw_12q_random_bp,hea,RX_RY_RZ_CNOT,none,circular,cnot,global,12,2,2,same_entangling_gate_count,1,3,RY,1,46,layer_001_wire_003_RY,3,9.413359487152792e-18,5.805499510476619e-36,9.413359487152792e-18,1.0
random_bp,expectation_value,bcw_12q_random_bp,hea,RX_RY_RZ_CNOT,none,circular,cnot,global,12,2,2,same_entangling_gate_count,1,3,RZ,2,47,layer_001_wire_003_RZ,3,-6.82849400269649e-18,2.263481291754962e-34,1.2750718610121245e-17,1.0
random_bp,expectation_value,bcw_12q_random_bp,hea,RX_RY_RZ_CNOT,none,circular,cnot,global,12,2,2,same_entangling_gate_count,1,4,RX,0,48,layer_001_wire_004_RX,3,-0.0009497062469081051,8.601183014024447e-07,0.0009497062469081052,0.0
random_bp,expectation_value,bcw_12q_random_bp,hea,RX_RY_RZ_CNOT,none,circular,cnot,global,12,2,2,same_entangling_gate_count,1,4,RY,1,49,layer_001_wire_004_RY,3,-0.0008195449603856931,1.2139760348343649e-07,0.0008195449603856931,0.0
random_bp,expectation_value,bcw_12q_random_bp,hea,RX_RY_RZ_CNOT,none,circular,cnot,global,12,2,2,same_entangling_gate_count,1,4,RZ,2,50,layer_001_wire_004_RZ,3,-4.5125911595121454e-18,1.0204581745778695e-34,7.781890573554057e-18,1.0
random_bp,expectation_value,bcw_12q_random_bp,hea,RX_RY_RZ_CNOT,none,circular,cnot,global,12,2,2,same_entangling_gate_count,1,5,RX,0,51,layer_001_wire_005_RX,3,5.759824041329242e-20,2.2244152811211217e-35,3.556409001205056e-18,1.0
random_bp,expectation_value,bcw_12q_random_bp,hea,RX_RY_RZ_CNOT,none,circular,cnot,global,12,2,2,same_entangling_gate_count,1,5,RY,1,52,layer_001_wire_005_RY,3,-1.4614141783294195e-18,6.047933740896695e-36,2.2248732081212954e-18,1.0
random_bp,expectation_value,bcw_12q_random_bp,hea,RX_RY_RZ_CNOT,none,circular,cnot,global,12,2,2,same_entangling_gate_count,1,5,RZ,2,53,layer_001_wire_005_RZ,3,-1.6783359146866617e-18,1.9513516812800234e-34,9.857966772665986e-18,1.0
random_bp,expectation_value,bcw_12q_random_bp,hea,RX_RY_RZ_CNOT,none,circular,cnot,global,12,2,2,same_entangling_gate_count,1,6,RX,0,54,layer_001_wire_006_RX,3,0.0009696849051932181,4.7520582203176995e-06,0.0013540426884559873,0.0
random_bp,expectation_value,bcw_12q_random_bp,hea,RX_RY_RZ_CNOT,none,circular,cnot,global,12,2,2,same_entangling_gate_count,1,6,RY,1,55,layer_001_wire_006_RY,3,0.0007802288646255425,1.72589631960032e-05,0.0029154409515114513,0.0
random_bp,expectation_value,bcw_12q_random_bp,hea,RX_RY_RZ_CNOT,none,circular,cnot,global,12,2,2,same_entangling_gate_count,1,6,RZ,2,56,layer_001_wire_006_RZ,3,6.353630027585846e-18,9.648153395384976e-35,6.896321294681682e-18,1.0
random_bp,expectation_value,bcw_12q_random_bp,hea,RX_RY_RZ_CNOT,none,circular,cnot,global,12,2,2,same_entangling_gate_count,1,7,RX,0,57,layer_001_wire_007_RX,3,-4.70950318673391e-18,1.883855970999933e-34,9.769113324999598e-18,1.0
random_bp,expectation_value,bcw_12q_random_bp,hea,RX_RY_RZ_CNOT,none,circular,cnot,global,12,2,2,same_entangling_gate_count,1,7,RY,1,58,layer_001_wire_007_RY,3,-7.770115569479449e-18,2.006079067540802e-35,7.770115569479449e-18,1.0
random_bp,expectation_value,bcw_12q_random_bp,hea,RX_RY_RZ_CNOT,none,circular,cnot,global,12,2,2,same_entangling_gate_count,1,7,RZ,2,59,layer_001_wire_007_RZ,3,9.729682760240333e-18,5.016058737399184e-35,9.729682760240332e-18,1.0
random_bp,expectation_value,bcw_12q_random_bp,hea,RX_RY_RZ_CNOT,none,circular,cnot,global,12,2,2,same_entangling_gate_count,1,8,RX,0,60,layer_001_wire_008_RX,3,-0.001887285546355335,7.574630860776451e-06,0.001887285546355335,0.0
random_bp,expectation_value,bcw_12q_random_bp,hea,RX_RY_RZ_CNOT,none,circular,cnot,global,12,2,2,same_entangling_gate_count,1,8,RY,1,61,layer_001_wire_008_RY,3,-0.007287419426699165,0.00017962132710071422,0.007954597598341972,0.0
random_bp,expectation_value,bcw_12q_random_bp,hea,RX_RY_RZ_CNOT,none,circular,cnot,global,12,2,2,same_entangling_gate_count,1,8,RZ,2,62,layer_001_wire_008_RZ,3,-4.841239019348773e-18,1.3120150076335234e-34,7.20158663619306e-18,1.0
random_bp,expectation_value,bcw_12q_random_bp,hea,RX_RY_RZ_CNOT,none,circular,cnot,global,12,2,2,same_entangling_gate_count,1,9,RX,0,63,layer_001_wire_009_RX,3,7.883053295780021e-19,2.5852258487367497e-35,3.620783505196383e-18,1.0
random_bp,expectation_value,bcw_12q_random_bp,hea,RX_RY_RZ_CNOT,none,circular,cnot,global,12,2,2,same_entangling_gate_count,1,9,RY,1,64,layer_001_wire_009_RY,3,-1.6943482388243522e-18,1.1877814834222954e-34,8.850082577228682e-18,1.0
random_bp,expectation_value,bcw_12q_random_bp,hea,RX_RY_RZ_CNOT,none,circular,cnot,global,12,2,2,same_entangling_gate_count,1,9,RZ,2,65,layer_001_wire_009_RZ,3,2.1793310328469108e-18,1.0941528447832134e-35,3.2035089435510212e-18,1.0
random_bp,expectation_value,bcw_12q_random_bp,hea,RX_RY_RZ_CNOT,none,circular,cnot,global,12,2,2,same_entangling_gate_count,1,10,RX,0,66,layer_001_wire_010_RX,3,0.0004356045784640292,2.706719936511275e-07,0.00043560457846402914,0.0
random_bp,expectation_value,bcw_12q_random_bp,hea,RX_RY_RZ_CNOT,none,circular,cnot,global,12,2,2,same_entangling_gate_count,1,10,RY,1,67,layer_001_wire_010_RY,3,0.001055582963777095,2.070954922890081e-06,0.0010555829637770948,0.0
random_bp,expectation_value,bcw_12q_random_bp,hea,RX_RY_RZ_CNOT,none,circular,cnot,global,12,2,2,same_entangling_gate_count,1,10,RZ,2,68,layer_001_wire_010_RZ,3,3.2790681746481075e-20,3.8311625851431955e-35,4.683491869790294e-18,1.0
random_bp,expectation_value,bcw_12q_random_bp,hea,RX_RY_RZ_CNOT,none,circular,cnot,global,12,2,2,same_entangling_gate_count,1,11,RX,0,69,layer_001_wire_011_RX,3,-1.212951180468158e-18,7.157979994790388e-36,1.642114540410337e-18,1.0
random_bp,expectation_value,bcw_12q_random_bp,hea,RX_RY_RZ_CNOT,none,circular,cnot,global,12,2,2,same_entangling_gate_count,1,11,RY,1,70,layer_001_wire_011_RY,3,-3.487446402082768e-18,2.9145902220470476e-35,3.5056576104487355e-18,1.0
random_bp,expectation_value,bcw_12q_random_bp,hea,RX_RY_RZ_CNOT,none,circular,cnot,global,12,2,2,same_entangling_gate_count,1,11,RZ,2,71,layer_001_wire_011_RZ,3,-1.037802473716978e-18,1.3010035075533523e-36,1.0378024737169782e-18,1.0
random_bp,expectation_value,bcw_12q_random_bp,hea,RX_RY_RZ_CNOT,none,linear,cnot,hamiltonian_local,12,2,2,same_entangling_gate_count,0,0,RX,0,0,layer_000_wire_000_RX,3,0.0028873707684981403,6.873731469794835e-05,0.00612811832970218,0.0
random_bp,expectation_value,bcw_12q_random_bp,hea,RX_RY_RZ_CNOT,none,linear,cnot,hamiltonian_local,12,2,2,same_entangling_gate_count,0,0,RY,1,1,layer_000_wire_000_RY,3,0.009324210715264727,0.00046619670657044846,0.014778635847358843,0.0
random_bp,expectation_value,bcw_12q_random_bp,hea,RX_RY_RZ_CNOT,none,linear,cnot,hamiltonian_local,12,2,2,same_entangling_gate_count,0,0,RZ,2,2,layer_000_wire_000_RZ,3,1.9721763616802965e-17,5.517089677949827e-35,1.9721763616802965e-17,1.0
random_bp,expectation_value,bcw_12q_random_bp,hea,RX_RY_RZ_CNOT,none,linear,cnot,hamiltonian_local,12,2,2,same_entangling_gate_count,0,1,RX,0,3,layer_000_wire_001_RX,3,0.01430414109778151,0.0011540154705222318,0.030178066272428205,0.0
random_bp,expectation_value,bcw_12q_random_bp,hea,RX_RY_RZ_CNOT,none,linear,cnot,hamiltonian_local,12,2,2,same_entangling_gate_count,0,1,RY,1,4,layer_000_wire_001_RY,3,-0.00425929169518333,0.0005652530406143635,0.016400522608877116,0.0
random_bp,expectation_value,bcw_12q_random_bp,hea,RX_RY_RZ_CNOT,none,linear,cnot,hamiltonian_local,12,2,2,same_entangling_gate_count,0,1,RZ,2,5,layer_000_wire_001_RZ,3,-0.021487522809415457,9.137396906526104e-06,0.02148752280941546,0.0
random_bp,expectation_value,bcw_12q_random_bp,hea,RX_RY_RZ_CNOT,none,linear,cnot,hamiltonian_local,12,2,2,same_entangling_gate_count,0,2,RX,0,6,layer_000_wire_002_RX,3,-0.017665931810187642,0.0008923205572846524,0.025037075464589515,0.0
random_bp,expectation_value,bcw_12q_random_bp,hea,RX_RY_RZ_CNOT,none,linear,cnot,hamiltonian_local,12,2,2,same_entangling_gate_count,0,2,RY,1,7,layer_000_wire_002_RY,3,0.019871424590213092,0.0009619215261917064,0.019871424590213096,0.0
random_bp,expectation_value,bcw_12q_random_bp,hea,RX_RY_RZ_CNOT,none,linear,cnot,hamiltonian_local,12,2,2,same_entangling_gate_count,0,2,RZ,2,8,layer_000_wire_002_RZ,3,-0.03284716624370003,0.005054463055854622,0.04346238884372942,0.0
random_bp,expectation_value,bcw_12q_random_bp,hea,RX_RY_RZ_CNOT,none,linear,cnot,hamiltonian_local,12,2,2,same_entangling_gate_count,0,3,RX,0,9,layer_000_wire_003_RX,3,0.017939729089143756,0.0009741940991537685,0.020136759831033437,0.0
random_bp,expectation_value,bcw_12q_random_bp,hea,RX_RY_RZ_CNOT,none,linear,cnot,hamiltonian_local,12,2,2,same_entangling_gate_count,0,3,RY,1,10,layer_000_wire_003_RY,3,-0.019966118014921423,0.000827467365508466,0.022052727265821363,0.0
random_bp,expectation_value,bcw_12q_random_bp,hea,RX_RY_RZ_CNOT,none,linear,cnot,hamiltonian_local,12,2,2,same_entangling_gate_count,0,3,RZ,2,11,layer_000_wire_003_RZ,3,-0.017280850716174502,0.0012623622740429612,0.02159040326055424,0.0
random_bp,expectation_value,bcw_12q_random_bp,hea,RX_RY_RZ_CNOT,none,linear,cnot,hamiltonian_local,12,2,2,same_entangling_gate_count,0,4,RX,0,12,layer_000_wire_004_RX,3,-0.027086965344194636,0.0014707336700345093,0.027086965344194632,0.0
random_bp,expectation_value,bcw_12q_random_bp,hea,RX_RY_RZ_CNOT,none,linear,cnot,hamiltonian_local,12,2,2,same_entangling_gate_count,0,4,RY,1,13,layer_000_wire_004_RY,3,0.006140119792916329,4.4087733600897775e-05,0.00713025202747327,0.0
random_bp,expectation_value,bcw_12q_random_bp,hea,RX_RY_RZ_CNOT,none,linear,cnot,hamiltonian_local,12,2,2,same_entangling_gate_count,0,4,RZ,2,14,layer_000_wire_004_RZ,3,0.0009353361753679642,2.505113840704229e-05,0.003346888108882392,0.0
random_bp,expectation_value,bcw_12q_random_bp,hea,RX_RY_RZ_CNOT,none,linear,cnot,hamiltonian_local,12,2,2,same_entangling_gate_count,0,5,RX,0,15,layer_000_wire_005_RX,3,0.02688411293901757,0.0068063949762481556,0.05633618294937942,0.0
random_bp,expectation_value,bcw_12q_random_bp,hea,RX_RY_RZ_CNOT,none,linear,cnot,hamiltonian_local,12,2,2,same_entangling_gate_count,0,5,RY,1,16,layer_000_wire_005_RY,3,0.01928823563301084,0.003316648441673017,0.03725027410377472,0.0
random_bp,expectation_value,bcw_12q_random_bp,hea,RX_RY_RZ_CNOT,none,linear,cnot,hamiltonian_local,12,2,2,same_entangling_gate_count,0,5,RZ,2,17,layer_000_wire_005_RZ,3,0.056871339258089904,0.002642492069953802,0.056871339258089904,0.0
random_bp,expectation_value,bcw_12q_random_bp,hea,RX_RY_RZ_CNOT,none,linear,cnot,hamiltonian_local,12,2,2,same_entangling_gate_count,0,6,RX,0,18,layer_000_wire_006_RX,3,0.012336688353168273,0.0006522671426781589,0.020860076275648027,0.0
random_bp,expectation_value,bcw_12q_random_bp,hea,RX_RY_RZ_CNOT,none,linear,cnot,hamiltonian_local,12,2,2,same_entangling_gate_count,0,6,RY,1,19,layer_000_wire_006_RY,3,0.005191442558028673,2.152314631133187e-05,0.005193008964705565,0.0
random_bp,expectation_value,bcw_12q_random_bp,hea,RX_RY_RZ_CNOT,none,linear,cnot,hamiltonian_local,12,2,2,same_entangling_gate_count,0,6,RZ,2,20,layer_000_wire_006_RZ,3,0.006161404148621215,0.001171085373758529,0.026434599801157838,0.0
random_bp,expectation_value,bcw_12q_random_bp,hea,RX_RY_RZ_CNOT,none,linear,cnot,hamiltonian_local,12,2,2,same_entangling_gate_count,0,7,RX,0,21,layer_000_wire_007_RX,3,0.0012831326347388329,0.00021504127909724354,0.01024534053772711,0.0
random_bp,expectation_value,bcw_12q_random_bp,hea,RX_RY_RZ_CNOT,none,linear,cnot,hamiltonian_local,12,2,2,same_entangling_gate_count,0,7,RY,1,22,layer_000_wire_007_RY,3,-0.0048129581695344915,6.928214610072209e-05,0.006136753778559017,0.0
random_bp,expectation_value,bcw_12q_random_bp,hea,RX_RY_RZ_CNOT,none,linear,cnot,hamiltonian_local,12,2,2,same_entangling_gate_count,0,7,RZ,2,23,layer_000_wire_007_RZ,3,0.0023678117787676754,0.00012954680149329867,0.009127183751010626,0.0
random_bp,expectation_value,bcw_12q_random_bp,hea,RX_RY_RZ_CNOT,none,linear,cnot,hamiltonian_local,12,2,2,same_entangling_gate_count,0,8,RX,0,24,layer_000_wire_008_RX,3,0.012630085652959087,0.0012111628466051746,0.02237224801234446,0.0
random_bp,expectation_value,bcw_12q_random_bp,hea,RX_RY_RZ_CNOT,none,linear,cnot,hamiltonian_local,12,2,2,same_entangling_gate_count,0,8,RY,1,25,layer_000_wire_008_RY,3,0.026610395395325323,0.0013385891826015002,0.027227146753637396,0.0
random_bp,expectation_value,bcw_12q_random_bp,hea,RX_RY_RZ_CNOT,none,linear,cnot,hamiltonian_local,12,2,2,same_entangling_gate_count,0,8,RZ,2,26,layer_000_wire_008_RZ,3,0.03763022959751237,0.0015271676048398963,0.03763022959751237,0.0
random_bp,expectation_value,bcw_12q_random_bp,hea,RX_RY_RZ_CNOT,none,linear,cnot,hamiltonian_local,12,2,2,same_entangling_gate_count,0,9,RX,0,27,layer_000_wire_009_RX,3,0.004449152352056156,0.00033059155360725426,0.012707754833931028,0.0
random_bp,expectation_value,bcw_12q_random_bp,hea,RX_RY_RZ_CNOT,none,linear,cnot,hamiltonian_local,12,2,2,same_entangling_gate_count,0,9,RY,1,28,layer_000_wire_009_RY,3,0.0023036482298399376,2.910745959231352e-06,0.0023036482298399376,0.0
random_bp,expectation_value,bcw_12q_random_bp,hea,RX_RY_RZ_CNOT,none,linear,cnot,hamiltonian_local,12,2,2,same_entangling_gate_count,0,9,RZ,2,29,layer_000_wire_009_RZ,3,0.0032702207329678643,0.0004992965737367657,0.015221117815957244,0.0
random_bp,expectation_value,bcw_12q_random_bp,hea,RX_RY_RZ_CNOT,none,linear,cnot,hamiltonian_local,12,2,2,same_entangling_gate_count,0,10,RX,0,30,layer_000_wire_010_RX,3,-0.007306186144654949,0.00032117727494078365,0.011198759393600861,0.0
random_bp,expectation_value,bcw_12q_random_bp,hea,RX_RY_RZ_CNOT,none,linear,cnot,hamiltonian_local,12,2,2,same_entangling_gate_count,0,10,RY,1,31,layer_000_wire_010_RY,3,0.006250510255804926,0.00014093071421621253,0.008004561076472747,0.0
random_bp,expectation_value,bcw_12q_random_bp,hea,RX_RY_RZ_CNOT,none,linear,cnot,hamiltonian_local,12,2,2,same_entangling_gate_count,0,10,RZ,2,32,layer_000_wire_010_RZ,3,-0.0022487125675358013,0.0002347185151227265,0.011042495798265656,0.0
random_bp,expectation_value,bcw_12q_random_bp,hea,RX_RY_RZ_CNOT,none,linear,cnot,hamiltonian_local,12,2,2,same_entangling_gate_count,0,11,RX,0,33,layer_000_wire_011_RX,3,0.02172759277447172,0.000537340485854327,0.021727592774471723,0.0
random_bp,expectation_value,bcw_12q_random_bp,hea,RX_RY_RZ_CNOT,none,linear,cnot,hamiltonian_local,12,2,2,same_entangling_gate_count,0,11,RY,1,34,layer_000_wire_011_RY,3,0.005527568979170833,5.8328448362854834e-05,0.007634895324679765,0.0
random_bp,expectation_value,bcw_12q_random_bp,hea,RX_RY_RZ_CNOT,none,linear,cnot,hamiltonian_local,12,2,2,same_entangling_gate_count,0,11,RZ,2,35,layer_000_wire_011_RZ,3,-0.03753646758635032,0.0014686587206705496,0.03753646758635031,0.0
random_bp,expectation_value,bcw_12q_random_bp,hea,RX_RY_RZ_CNOT,none,linear,cnot,hamiltonian_local,12,2,2,same_entangling_gate_count,1,0,RX,0,36,layer_001_wire_000_RX,3,-4.640385298237959e-17,1.2648131135751682e-32,7.32920668600201e-17,1.0
random_bp,expectation_value,bcw_12q_random_bp,hea,RX_RY_RZ_CNOT,none,linear,cnot,hamiltonian_local,12,2,2,same_entangling_gate_count,1,0,RY,1,37,layer_001_wire_000_RY,3,-9.830099697201909e-18,9.486208064619837e-33,6.534125092845973e-17,1.0
random_bp,expectation_value,bcw_12q_random_bp,hea,RX_RY_RZ_CNOT,none,linear,cnot,hamiltonian_local,12,2,2,same_entangling_gate_count,1,0,RZ,2,38,layer_001_wire_000_RZ,3,3.8947226106788457e-17,1.0596827468078648e-33,3.894722610678846e-17,1.0
random_bp,expectation_value,bcw_12q_random_bp,hea,RX_RY_RZ_CNOT,none,linear,cnot,hamiltonian_local,12,2,2,same_entangling_gate_count,1,1,RX,0,39,layer_001_wire_001_RX,3,-0.0031535080416903536,3.805242349541418e-05,0.003789058194180374,0.0
random_bp,expectation_value,bcw_12q_random_bp,hea,RX_RY_RZ_CNOT,none,linear,cnot,hamiltonian_local,12,2,2,same_entangling_gate_count,1,1,RY,1,40,layer_001_wire_001_RY,3,-0.02786806822569542,0.0013082787011125063,0.03633782101254393,0.0
random_bp,expectation_value,bcw_12q_random_bp,hea,RX_RY_RZ_CNOT,none,linear,cnot,hamiltonian_local,12,2,2,same_entangling_gate_count,1,1,RZ,2,41,layer_001_wire_001_RZ,3,-9.983481043208589e-18,1.5741144977599238e-33,2.7207116220478324e-17,1.0
random_bp,expectation_value,bcw_12q_random_bp,hea,RX_RY_RZ_CNOT,none,linear,cnot,hamiltonian_local,12,2,2,same_entangling_gate_count,1,2,RX,0,42,layer_001_wire_002_RX,3,0.0005363873990085604,1.1746943402473156e-06,0.0008572614236446995,0.0
random_bp,expectation_value,bcw_12q_random_bp,hea,RX_RY_RZ_CNOT,none,linear,cnot,hamiltonian_local,12,2,2,same_entangling_gate_count,1,2,RY,1,43,layer_001_wire_002_RY,3,0.01230207888833688,0.0027626908390556266,0.03674747449274338,0.0
random_bp,expectation_value,bcw_12q_random_bp,hea,RX_RY_RZ_CNOT,none,linear,cnot,hamiltonian_local,12,2,2,same_entangling_gate_count,1,2,RZ,2,44,layer_001_wire_002_RZ,3,-3.252145269749403e-17,1.0484759585705455e-33,3.5718469525371066e-17,1.0
random_bp,expectation_value,bcw_12q_random_bp,hea,RX_RY_RZ_CNOT,none,linear,cnot,hamiltonian_local,12,2,2,same_entangling_gate_count,1,3,RX,0,45,layer_001_wire_003_RX,3,0.000183943333358965,3.1637170036820066e-07,0.0003694068894673688,0.0
random_bp,expectation_value,bcw_12q_random_bp,hea,RX_RY_RZ_CNOT,none,linear,cnot,hamiltonian_local,12,2,2,same_entangling_gate_count,1,3,RY,1,46,layer_001_wire_003_RY,3,0.05395108031386376,0.0016939215083052964,0.05395108031386375,0.0
random_bp,expectation_value,bcw_12q_random_bp,hea,RX_RY_RZ_CNOT,none,linear,cnot,hamiltonian_local,12,2,2,same_entangling_gate_count,1,3,RZ,2,47,layer_001_wire_003_RZ,3,8.496380933845513e-18,5.6193913598888545e-34,1.784232325308886e-17,1.0
random_bp,expectation_value,bcw_12q_random_bp,hea,RX_RY_RZ_CNOT,none,linear,cnot,hamiltonian_local,12,2,2,same_entangling_gate_count,1,4,RX,0,48,layer_001_wire_004_RX,3,1.0607256279659392e-05,2.0886804415033348e-09,3.163636609623879e-05,0.0
random_bp,expectation_value,bcw_12q_random_bp,hea,RX_RY_RZ_CNOT,none,linear,cnot,hamiltonian_local,12,2,2,same_entangling_gate_count,1,4,RY,1,49,layer_001_wire_004_RY,3,0.0073982243751835805,0.001928056063176177,0.03130052083038091,0.0
random_bp,expectation_value,bcw_12q_random_bp,hea,RX_RY_RZ_CNOT,none,linear,cnot,hamiltonian_local,12,2,2,same_entangling_gate_count,1,4,RZ,2,50,layer_001_wire_004_RZ,3,-2.2980049405969776e-20,4.131493702758122e-34,1.5243693909003377e-17,1.0
random_bp,expectation_value,bcw_12q_random_bp,hea,RX_RY_RZ_CNOT,none,linear,cnot,hamiltonian_local,12,2,2,same_entangling_gate_count,1,5,RX,0,51,layer_001_wire_005_RX,3,-1.27091378395947e-05,1.8856685617716948e-11,1.27091378395947e-05,0.0
random_bp,expectation_value,bcw_12q_random_bp,hea,RX_RY_RZ_CNOT,none,linear,cnot,hamiltonian_local,12,2,2,same_entangling_gate_count,1,5,RY,1,52,layer_001_wire_005_RY,3,0.0026149824404401454,0.000156858047546924,0.010102416998067637,0.0
random_bp,expectation_value,bcw_12q_random_bp,hea,RX_RY_RZ_CNOT,none,linear,cnot,hamiltonian_local,12,2,2,same_entangling_gate_count,1,5,RZ,2,53,layer_001_wire_005_RZ,3,8.803190685078927e-18,4.810441314765795e-34,1.4272302769147946e-17,1.0
random_bp,expectation_value,bcw_12q_random_bp,hea,RX_RY_RZ_CNOT,none,linear,cnot,hamiltonian_local,12,2,2,same_entangling_gate_count,1,6,RX,0,54,layer_001_wire_006_RX,3,2.5998748865105796e-06,1.3667499258074592e-10,7.68611567521805e-06,0.3333333333333333
random_bp,expectation_value,bcw_12q_random_bp,hea,RX_RY_RZ_CNOT,none,linear,cnot,hamiltonian_local,12,2,2,same_entangling_gate_count,1,6,RY,1,55,layer_001_wire_006_RY,3,-0.002711685292591603,0.0001383172456556015,0.00782468430192086,0.0
random_bp,expectation_value,bcw_12q_random_bp,hea,RX_RY_RZ_CNOT,none,linear,cnot,hamiltonian_local,12,2,2,same_entangling_gate_count,1,6,RZ,2,56,layer_001_wire_006_RZ,3,-7.879766807486836e-18,7.587622756970671e-35,9.302828935582223e-18,1.0
random_bp,expectation_value,bcw_12q_random_bp,hea,RX_RY_RZ_CNOT,none,linear,cnot,hamiltonian_local,12,2,2,same_entangling_gate_count,1,7,RX,0,57,layer_001_wire_007_RX,3,-4.40901691502298e-06,5.841756502329109e-11,4.551399086420947e-06,0.6666666666666666
random_bp,expectation_value,bcw_12q_random_bp,hea,RX_RY_RZ_CNOT,none,linear,cnot,hamiltonian_local,12,2,2,same_entangling_gate_count,1,7,RY,1,58,layer_001_wire_007_RY,3,0.00041601789502751507,3.0192574172199144e-05,0.003940110721772037,0.0
random_bp,expectation_value,bcw_12q_random_bp,hea,RX_RY_RZ_CNOT,none,linear,cnot,hamiltonian_local,12,2,2,same_entangling_gate_count,1,7,RZ,2,59,layer_001_wire_007_RZ,3,6.451806315844018e-18,7.127960695666944e-35,6.992425504534666e-18,1.0
random_bp,expectation_value,bcw_12q_random_bp,hea,RX_RY_RZ_CNOT,none,linear,cnot,hamiltonian_local,12,2,2,same_entangling_gate_count,1,8,RX,0,60,layer_001_wire_008_RX,3,3.901299638539117e-07,3.939349066239704e-13,3.901299638539117e-07,0.6666666666666666
random_bp,expectation_value,bcw_12q_random_bp,hea,RX_RY_RZ_CNOT,none,linear,cnot,hamiltonian_local,12,2,2,same_entangling_gate_count,1,8,RY,1,61,layer_001_wire_008_RY,3,-0.0027588396179618465,3.0288250254646025e-05,0.005136308608471442,0.0
random_bp,expectation_value,bcw_12q_random_bp,hea,RX_RY_RZ_CNOT,none,linear,cnot,hamiltonian_local,12,2,2,same_entangling_gate_count,1,8,RZ,2,62,layer_001_wire_008_RZ,3,3.830807330076669e-17,4.184705912911703e-34,3.830807330076669e-17,1.0
random_bp,expectation_value,bcw_12q_random_bp,hea,RX_RY_RZ_CNOT,none,linear,cnot,hamiltonian_local,12,2,2,same_entangling_gate_count,1,9,RX,0,63,layer_001_wire_009_RX,3,8.540414625386276e-07,2.6392956533593483e-12,9.649686585969097e-07,0.6666666666666666
random_bp,expectation_value,bcw_12q_random_bp,hea,RX_RY_RZ_CNOT,none,linear,cnot,hamiltonian_local,12,2,2,same_entangling_gate_count,1,9,RY,1,64,layer_001_wire_009_RY,3,0.009603005615188582,0.0004727424233254838,0.013868209633024473,0.0
random_bp,expectation_value,bcw_12q_random_bp,hea,RX_RY_RZ_CNOT,none,linear,cnot,hamiltonian_local,12,2,2,same_entangling_gate_count,1,9,RZ,2,65,layer_001_wire_009_RZ,3,-1.592245780097125e-17,4.1966477032848224e-34,1.644786896874131e-17,1.0
random_bp,expectation_value,bcw_12q_random_bp,hea,RX_RY_RZ_CNOT,none,linear,cnot,hamiltonian_local,12,2,2,same_entangling_gate_count,1,10,RX,0,66,layer_001_wire_010_RX,3,8.878799920864858e-08,1.023809747487854e-13,2.0715257753485075e-07,1.0
random_bp,expectation_value,bcw_12q_random_bp,hea,RX_RY_RZ_CNOT,none,linear,cnot,hamiltonian_local,12,2,2,same_entangling_gate_count,1,10,RY,1,67,layer_001_wire_010_RY,3,-0.004523070457329623,0.0032402049126755467,0.041022772744508815,0.0
random_bp,expectation_value,bcw_12q_random_bp,hea,RX_RY_RZ_CNOT,none,linear,cnot,hamiltonian_local,12,2,2,same_entangling_gate_count,1,10,RZ,2,68,layer_001_wire_010_RZ,3,-4.694374125499971e-17,5.9388918362370725e-33,4.9977370504327676e-17,1.0
random_bp,expectation_value,bcw_12q_random_bp,hea,RX_RY_RZ_CNOT,none,linear,cnot,hamiltonian_local,12,2,2,same_entangling_gate_count,1,11,RX,0,69,layer_001_wire_011_RX,3,3.0959804916500886e-09,7.171303038193811e-16,1.7863176237966256e-08,1.0
random_bp,expectation_value,bcw_12q_random_bp,hea,RX_RY_RZ_CNOT,none,linear,cnot,hamiltonian_local,12,2,2,same_entangling_gate_count,1,11,RY,1,70,layer_001_wire_011_RY,3,0.05444573643307909,0.0005011959712551083,0.054445736433079095,0.0
random_bp,expectation_value,bcw_12q_random_bp,hea,RX_RY_RZ_CNOT,none,linear,cnot,hamiltonian_local,12,2,2,same_entangling_gate_count,1,11,RZ,2,71,layer_001_wire_011_RZ,3,-3.69525850263436e-17,1.383192062169667e-32,8.24173543795577e-17,1.0
random_bp,expectation_value,bcw_12q_random_bp,hea,RX_RY_RZ_CNOT,none,circular,cnot,hamiltonian_local,12,2,2,same_entangling_gate_count,0,0,RX,0,0,layer_000_wire_000_RX,3,-0.018978772203331343,0.000358178894641686,0.019544857933484313,0.0
random_bp,expectation_value,bcw_12q_random_bp,hea,RX_RY_RZ_CNOT,none,circular,cnot,hamiltonian_local,12,2,2,same_entangling_gate_count,0,0,RY,1,1,layer_000_wire_000_RY,3,0.005857899871122929,7.598970486694046e-05,0.005857899871122928,0.0
random_bp,expectation_value,bcw_12q_random_bp,hea,RX_RY_RZ_CNOT,none,circular,cnot,hamiltonian_local,12,2,2,same_entangling_gate_count,0,0,RZ,2,2,layer_000_wire_000_RZ,3,-0.010650347761275275,0.0005060889795983345,0.014173135713706838,0.0
random_bp,expectation_value,bcw_12q_random_bp,hea,RX_RY_RZ_CNOT,none,circular,cnot,hamiltonian_local,12,2,2,same_entangling_gate_count,0,1,RX,0,3,layer_000_wire_001_RX,3,-0.005813829154083312,3.7764838448007556e-05,0.006469008032870746,0.0
random_bp,expectation_value,bcw_12q_random_bp,hea,RX_RY_RZ_CNOT,none,circular,cnot,hamiltonian_local,12,2,2,same_entangling_gate_count,0,1,RY,1,4,layer_000_wire_001_RY,3,-0.0010627266697964283,2.4983751845149697e-05,0.0032852630470318364,0.0
random_bp,expectation_value,bcw_12q_random_bp,hea,RX_RY_RZ_CNOT,none,circular,cnot,hamiltonian_local,12,2,2,same_entangling_gate_count,0,1,RZ,2,5,layer_000_wire_001_RZ,3,0.0008410947232293658,7.972081687860271e-05,0.006082490413661172,0.0
random_bp,expectation_value,bcw_12q_random_bp,hea,RX_RY_RZ_CNOT,none,circular,cnot,hamiltonian_local,12,2,2,same_entangling_gate_count,0,2,RX,0,6,layer_000_wire_002_RX,3,-0.01637168824530369,0.00023016883689380878,0.016371688245303693,0.0
random_bp,expectation_value,bcw_12q_random_bp,hea,RX_RY_RZ_CNOT,none,circular,cnot,hamiltonian_local,12,2,2,same_entangling_gate_count,0,2,RY,1,7,layer_000_wire_002_RY,3,0.012027646065246717,0.00035142082235767763,0.012327237585549773,0.0
random_bp,expectation_value,bcw_12q_random_bp,hea,RX_RY_RZ_CNOT,none,circular,cnot,hamiltonian_local,12,2,2,same_entangling_gate_count,0,2,RZ,2,8,layer_000_wire_002_RZ,3,-0.016641401527615993,0.002182107783029984,0.0297563957896409,0.0
random_bp,expectation_value,bcw_12q_random_bp,hea,RX_RY_RZ_CNOT,none,circular,cnot,hamiltonian_local,12,2,2,same_entangling_gate_count,0,3,RX,0,9,layer_000_wire_003_RX,3,0.017126766758015173,0.0008816150857548812,0.019242212235570218,0.0
random_bp,expectation_value,bcw_12q_random_bp,hea,RX_RY_RZ_CNOT,none,circular,cnot,hamiltonian_local,12,2,2,same_entangling_gate_count,0,3,RY,1,10,layer_000_wire_003_RY,3,-0.020664940516932732,0.000890597799330091,0.02267877097091531,0.0
random_bp,expectation_value,bcw_12q_random_bp,hea,RX_RY_RZ_CNOT,none,circular,cnot,hamiltonian_local,12,2,2,same_entangling_gate_count,0,3,RZ,2,11,layer_000_wire_003_RZ,3,-0.016704885579253488,0.0011757977046248339,0.020827920428071623,0.0
random_bp,expectation_value,bcw_12q_random_bp,hea,RX_RY_RZ_CNOT,none,circular,cnot,hamiltonian_local,12,2,2,same_entangling_gate_count,0,4,RX,0,12,layer_000_wire_004_RX,3,-0.02644371098092116,0.001353149045286208,0.026443710980921156,0.0
random_bp,expectation_value,bcw_12q_random_bp,hea,RX_RY_RZ_CNOT,none,circular,cnot,hamiltonian_local,12,2,2,same_entangling_gate_count,0,4,RY,1,13,layer_000_wire_004_RY,3,0.006255195808308824,4.510319594844007e-05,0.007247160044048437,0.0
random_bp,expectation_value,bcw_12q_random_bp,hea,RX_RY_RZ_CNOT,none,circular,cnot,hamiltonian_local,12,2,2,same_entangling_gate_count,0,4,RZ,2,14,layer_000_wire_004_RZ,3,0.0014619479729688896,1.9458437661887016e-05,0.003128919738114683,0.0
random_bp,expectation_value,bcw_12q_random_bp,hea,RX_RY_RZ_CNOT,none,circular,cnot,hamiltonian_local,12,2,2,same_entangling_gate_count,0,5,RX,0,15,layer_000_wire_005_RX,3,0.02591401456834075,0.006997972309447237,0.057070793817570624,0.0
random_bp,expectation_value,bcw_12q_random_bp,hea,RX_RY_RZ_CNOT,none,circular,cnot,hamiltonian_local,12,2,2,same_entangling_gate_count,0,5,RY,1,16,layer_000_wire_005_RY,3,0.01949908698131362,0.0032898157781166854,0.03703070979801167,0.0
random_bp,expectation_value,bcw_12q_random_bp,hea,RX_RY_RZ_CNOT,none,circular,cnot,hamiltonian_local,12,2,2,same_entangling_gate_count,0,5,RZ,2,17,layer_000_wire_005_RZ,3,0.05726984271269141,0.002651590588733715,0.0572698427126914,0.0
random_bp,expectation_value,bcw_12q_random_bp,hea,RX_RY_RZ_CNOT,none,circular,cnot,hamiltonian_local,12,2,2,same_entangling_gate_count,0,6,RX,0,18,layer_000_wire_006_RX,3,0.011254815039780292,0.0007558827716097007,0.02215536205979629,0.0
random_bp,expectation_value,bcw_12q_random_bp,hea,RX_RY_RZ_CNOT,none,circular,cnot,hamiltonian_local,12,2,2,same_entangling_gate_count,0,6,RY,1,19,layer_000_wire_006_RY,3,0.004880694707494134,1.8430383927406798e-05,0.004880694707494134,0.0
random_bp,expectation_value,bcw_12q_random_bp,hea,RX_RY_RZ_CNOT,none,circular,cnot,hamiltonian_local,12,2,2,same_entangling_gate_count,0,6,RZ,2,20,layer_000_wire_006_RZ,3,0.006420349723205331,0.0011606875451281276,0.026342767846342444,0.0
random_bp,expectation_value,bcw_12q_random_bp,hea,RX_RY_RZ_CNOT,none,circular,cnot,hamiltonian_local,12,2,2,same_entangling_gate_count,0,7,RX,0,21,layer_000_wire_007_RX,3,0.0009679568567577462,0.000220825346012793,0.010355692541953006,0.0
random_bp,expectation_value,bcw_12q_random_bp,hea,RX_RY_RZ_CNOT,none,circular,cnot,hamiltonian_local,12,2,2,same_entangling_gate_count,0,7,RY,1,22,layer_000_wire_007_RY,3,-0.00507456803209675,7.321486965339768e-05,0.006249821814142915,0.0
random_bp,expectation_value,bcw_12q_random_bp,hea,RX_RY_RZ_CNOT,none,circular,cnot,hamiltonian_local,12,2,2,same_entangling_gate_count,0,7,RZ,2,23,layer_000_wire_007_RZ,3,0.002498670461128616,0.00012756369224012094,0.009143413045069451,0.0
random_bp,expectation_value,bcw_12q_random_bp,hea,RX_RY_RZ_CNOT,none,circular,cnot,hamiltonian_local,12,2,2,same_entangling_gate_count,0,8,RX,0,24,layer_000_wire_008_RX,3,0.01280996973338225,0.0012122319162697058,0.022341059080687547,0.0
random_bp,expectation_value,bcw_12q_random_bp,hea,RX_RY_RZ_CNOT,none,circular,cnot,hamiltonian_local,12,2,2,same_entangling_gate_count,0,8,RY,1,25,layer_000_wire_008_RY,3,0.025886626265737452,0.0012284669617312312,0.026416575161505997,0.0
random_bp,expectation_value,bcw_12q_random_bp,hea,RX_RY_RZ_CNOT,none,circular,cnot,hamiltonian_local,12,2,2,same_entangling_gate_count,0,8,RZ,2,26,layer_000_wire_008_RZ,3,0.0372315302828523,0.0014603957752350283,0.0372315302828523,0.0
random_bp,expectation_value,bcw_12q_random_bp,hea,RX_RY_RZ_CNOT,none,circular,cnot,hamiltonian_local,12,2,2,same_entangling_gate_count,0,9,RX,0,27,layer_000_wire_009_RX,3,0.0029539969777097027,0.00034177337315998964,0.012852952149896645,0.0
random_bp,expectation_value,bcw_12q_random_bp,hea,RX_RY_RZ_CNOT,none,circular,cnot,hamiltonian_local,12,2,2,same_entangling_gate_count,0,9,RY,1,28,layer_000_wire_009_RY,3,0.0018415685686200296,7.97825437006585e-06,0.0026673511223597427,0.0
random_bp,expectation_value,bcw_12q_random_bp,hea,RX_RY_RZ_CNOT,none,circular,cnot,hamiltonian_local,12,2,2,same_entangling_gate_count,0,9,RZ,2,29,layer_000_wire_009_RZ,3,0.0047271367423011145,0.0004905502536170772,0.015699501503194258,0.0
random_bp,expectation_value,bcw_12q_random_bp,hea,RX_RY_RZ_CNOT,none,circular,cnot,hamiltonian_local,12,2,2,same_entangling_gate_count,0,10,RX,0,30,layer_000_wire_010_RX,3,-0.007548830893065919,0.0003134467545282365,0.011159698678328398,0.0
random_bp,expectation_value,bcw_12q_random_bp,hea,RX_RY_RZ_CNOT,none,circular,cnot,hamiltonian_local,12,2,2,same_entangling_gate_count,0,10,RY,1,31,layer_000_wire_010_RY,3,0.006454071542400448,0.00013857935111134914,0.00826850529572605,0.0
random_bp,expectation_value,bcw_12q_random_bp,hea,RX_RY_RZ_CNOT,none,circular,cnot,hamiltonian_local,12,2,2,same_entangling_gate_count,0,10,RZ,2,32,layer_000_wire_010_RZ,3,-0.001755025374073787,0.0002482515200301985,0.011535782609114273,0.0
random_bp,expectation_value,bcw_12q_random_bp,hea,RX_RY_RZ_CNOT,none,circular,cnot,hamiltonian_local,12,2,2,same_entangling_gate_count,0,11,RX,0,33,layer_000_wire_011_RX,3,0.003907824451768085,2.7987018535989385e-05,0.005309370013394131,0.0
random_bp,expectation_value,bcw_12q_random_bp,hea,RX_RY_RZ_CNOT,none,circular,cnot,hamiltonian_local,12,2,2,same_entangling_gate_count,0,11,RY,1,34,layer_000_wire_011_RY,3,0.0028591728507971603,2.168710881262764e-05,0.003653974841357271,0.0
random_bp,expectation_value,bcw_12q_random_bp,hea,RX_RY_RZ_CNOT,none,circular,cnot,hamiltonian_local,12,2,2,same_entangling_gate_count,0,11,RZ,2,35,layer_000_wire_011_RZ,3,-0.010320508920848468,1.3737198593812896e-05,0.010320508920848468,0.0
random_bp,expectation_value,bcw_12q_random_bp,hea,RX_RY_RZ_CNOT,none,circular,cnot,hamiltonian_local,12,2,2,same_entangling_gate_count,1,0,RX,0,36,layer_001_wire_000_RX,3,0.00185881029543555,9.155306089982885e-06,0.00185881029543555,0.0
random_bp,expectation_value,bcw_12q_random_bp,hea,RX_RY_RZ_CNOT,none,circular,cnot,hamiltonian_local,12,2,2,same_entangling_gate_count,1,0,RY,1,37,layer_001_wire_000_RY,3,0.004514631624951618,5.5429826847279014e-05,0.00451795950438464,0.0
random_bp,expectation_value,bcw_12q_random_bp,hea,RX_RY_RZ_CNOT,none,circular,cnot,hamiltonian_local,12,2,2,same_entangling_gate_count,1,0,RZ,2,38,layer_001_wire_000_RZ,3,-1.5862500496854045e-19,3.989787079149006e-34,1.344381084003e-17,1.0
random_bp,expectation_value,bcw_12q_random_bp,hea,RX_RY_RZ_CNOT,none,circular,cnot,hamiltonian_local,12,2,2,same_entangling_gate_count,1,1,RX,0,39,layer_001_wire_001_RX,3,5.493291007259889e-18,1.0339334844672621e-33,2.2262284608369025e-17,1.0
random_bp,expectation_value,bcw_12q_random_bp,hea,RX_RY_RZ_CNOT,none,circular,cnot,hamiltonian_local,12,2,2,same_entangling_gate_count,1,1,RY,1,40,layer_001_wire_001_RY,3,-4.2211604582102304e-17,7.051712244292847e-34,4.2211604582102304e-17,1.0
random_bp,expectation_value,bcw_12q_random_bp,hea,RX_RY_RZ_CNOT,none,circular,cnot,hamiltonian_local,12,2,2,same_entangling_gate_count,1,1,RZ,2,41,layer_001_wire_001_RZ,3,-4.084498157842788e-20,3.5958172231455195e-34,1.44381475623108e-17,1.0
random_bp,expectation_value,bcw_12q_random_bp,hea,RX_RY_RZ_CNOT,none,circular,cnot,hamiltonian_local,12,2,2,same_entangling_gate_count,1,2,RX,0,42,layer_001_wire_002_RX,3,-0.00011090952862011287,4.5172651966731586e-06,0.0015301428623827346,0.0
random_bp,expectation_value,bcw_12q_random_bp,hea,RX_RY_RZ_CNOT,none,circular,cnot,hamiltonian_local,12,2,2,same_entangling_gate_count,1,2,RY,1,43,layer_001_wire_002_RY,3,0.015479578792097125,0.002322511124496405,0.033543728400024335,0.0
random_bp,expectation_value,bcw_12q_random_bp,hea,RX_RY_RZ_CNOT,none,circular,cnot,hamiltonian_local,12,2,2,same_entangling_gate_count,1,2,RZ,2,44,layer_001_wire_002_RZ,3,8.640567421918985e-18,5.891259733501953e-34,2.1339847689778294e-17,1.0
random_bp,expectation_value,bcw_12q_random_bp,hea,RX_RY_RZ_CNOT,none,circular,cnot,hamiltonian_local,12,2,2,same_entangling_gate_count,1,3,RX,0,45,layer_001_wire_003_RX,3,-0.00013937980749980714,9.746472127395467e-07,0.0006822492653567675,0.0
random_bp,expectation_value,bcw_12q_random_bp,hea,RX_RY_RZ_CNOT,none,circular,cnot,hamiltonian_local,12,2,2,same_entangling_gate_count,1,3,RY,1,46,layer_001_wire_003_RY,3,0.053720839615822656,0.0017202879561659288,0.053720839615822656,0.0
random_bp,expectation_value,bcw_12q_random_bp,hea,RX_RY_RZ_CNOT,none,circular,cnot,hamiltonian_local,12,2,2,same_entangling_gate_count,1,3,RZ,2,47,layer_001_wire_003_RZ,3,-1.0132750448368384e-17,2.302012974115989e-34,1.4640145731469004e-17,1.0
random_bp,expectation_value,bcw_12q_random_bp,hea,RX_RY_RZ_CNOT,none,circular,cnot,hamiltonian_local,12,2,2,same_entangling_gate_count,1,4,RX,0,48,layer_001_wire_004_RX,3,0.0008755722233391647,2.4340541086611974e-06,0.0009091334353664507,0.0
random_bp,expectation_value,bcw_12q_random_bp,hea,RX_RY_RZ_CNOT,none,circular,cnot,hamiltonian_local,12,2,2,same_entangling_gate_count,1,4,RY,1,49,layer_001_wire_004_RY,3,0.009639445053430378,0.0017532591142643097,0.029000905758609603,0.0
random_bp,expectation_value,bcw_12q_random_bp,hea,RX_RY_RZ_CNOT,none,circular,cnot,hamiltonian_local,12,2,2,same_entangling_gate_count,1,4,RZ,2,50,layer_001_wire_004_RZ,3,-1.9344902980304157e-18,2.6950935207598796e-35,4.333678008114527e-18,1.0
random_bp,expectation_value,bcw_12q_random_bp,hea,RX_RY_RZ_CNOT,none,circular,cnot,hamiltonian_local,12,2,2,same_entangling_gate_count,1,5,RX,0,51,layer_001_wire_005_RX,3,-0.0006422650423630084,1.111769270586397e-06,0.0006422650423630084,0.0
random_bp,expectation_value,bcw_12q_random_bp,hea,RX_RY_RZ_CNOT,none,circular,cnot,hamiltonian_local,12,2,2,same_entangling_gate_count,1,5,RY,1,52,layer_001_wire_005_RY,3,0.003345291037528921,0.00012324844892071889,0.009162313567394036,0.0
random_bp,expectation_value,bcw_12q_random_bp,hea,RX_RY_RZ_CNOT,none,circular,cnot,hamiltonian_local,12,2,2,same_entangling_gate_count,1,5,RZ,2,53,layer_001_wire_005_RZ,3,-3.445092771936615e-18,1.6079586040536814e-35,3.4450927719366147e-18,1.0
random_bp,expectation_value,bcw_12q_random_bp,hea,RX_RY_RZ_CNOT,none,circular,cnot,hamiltonian_local,12,2,2,same_entangling_gate_count,1,6,RX,0,54,layer_001_wire_006_RX,3,-0.0011866528289692195,4.978081370172882e-06,0.001366037555582857,0.0
random_bp,expectation_value,bcw_12q_random_bp,hea,RX_RY_RZ_CNOT,none,circular,cnot,hamiltonian_local,12,2,2,same_entangling_gate_count,1,6,RY,1,55,layer_001_wire_006_RY,3,-0.0039814724727108945,0.00018507655145330243,0.009039592173922755,0.0
random_bp,expectation_value,bcw_12q_random_bp,hea,RX_RY_RZ_CNOT,none,circular,cnot,hamiltonian_local,12,2,2,same_entangling_gate_count,1,6,RZ,2,56,layer_001_wire_006_RZ,3,3.427296279080692e-18,8.164281249881821e-35,6.8894517465731615e-18,1.0
random_bp,expectation_value,bcw_12q_random_bp,hea,RX_RY_RZ_CNOT,none,circular,cnot,hamiltonian_local,12,2,2,same_entangling_gate_count,1,7,RX,0,57,layer_001_wire_007_RX,3,0.00040552558237590824,1.052030444533697e-07,0.00040552558237590824,0.0
random_bp,expectation_value,bcw_12q_random_bp,hea,RX_RY_RZ_CNOT,none,circular,cnot,hamiltonian_local,12,2,2,same_entangling_gate_count,1,7,RY,1,58,layer_001_wire_007_RY,3,-0.0011202386607885944,5.861281277061592e-05,0.005154952974710498,0.0
random_bp,expectation_value,bcw_12q_random_bp,hea,RX_RY_RZ_CNOT,none,circular,cnot,hamiltonian_local,12,2,2,same_entangling_gate_count,1,7,RZ,2,59,layer_001_wire_007_RZ,3,8.271939638093625e-18,2.85759654709002e-35,8.271939638093625e-18,1.0
random_bp,expectation_value,bcw_12q_random_bp,hea,RX_RY_RZ_CNOT,none,circular,cnot,hamiltonian_local,12,2,2,same_entangling_gate_count,1,8,RX,0,60,layer_001_wire_008_RX,3,0.0005705529594632266,3.3361344564364947e-07,0.0005741322304802539,0.0
random_bp,expectation_value,bcw_12q_random_bp,hea,RX_RY_RZ_CNOT,none,circular,cnot,hamiltonian_local,12,2,2,same_entangling_gate_count,1,8,RY,1,61,layer_001_wire_008_RY,3,-0.007577834277177713,0.0001405641608980329,0.009921977981532088,0.0
random_bp,expectation_value,bcw_12q_random_bp,hea,RX_RY_RZ_CNOT,none,circular,cnot,hamiltonian_local,12,2,2,same_entangling_gate_count,1,8,RZ,2,62,layer_001_wire_008_RZ,3,-9.189321629815723e-18,9.765708340878976e-35,9.933899962277253e-18,1.0
random_bp,expectation_value,bcw_12q_random_bp,hea,RX_RY_RZ_CNOT,none,circular,cnot,hamiltonian_local,12,2,2,same_entangling_gate_count,1,9,RX,0,63,layer_001_wire_009_RX,3,-0.0016042502960260847,3.0911542549504163e-06,0.0016059983605776391,0.0
random_bp,expectation_value,bcw_12q_random_bp,hea,RX_RY_RZ_CNOT,none,circular,cnot,hamiltonian_local,12,2,2,same_entangling_gate_count,1,9,RY,1,64,layer_001_wire_009_RY,3,0.004963919391887178,0.0006540520208407494,0.017162286148395756,0.0
random_bp,expectation_value,bcw_12q_random_bp,hea,RX_RY_RZ_CNOT,none,circular,cnot,hamiltonian_local,12,2,2,same_entangling_gate_count,1,9,RZ,2,65,layer_001_wire_009_RZ,3,3.8348446650009566e-17,4.926542217018425e-34,3.834844665000956e-17,1.0
random_bp,expectation_value,bcw_12q_random_bp,hea,RX_RY_RZ_CNOT,none,circular,cnot,hamiltonian_local,12,2,2,same_entangling_gate_count,1,10,RX,0,66,layer_001_wire_010_RX,3,-0.00025434440403204636,5.8566390400488965e-08,0.00025434440403204636,0.3333333333333333
random_bp,expectation_value,bcw_12q_random_bp,hea,RX_RY_RZ_CNOT,none,circular,cnot,hamiltonian_local,12,2,2,same_entangling_gate_count,1,10,RY,1,67,layer_001_wire_010_RY,3,0.005367113280142083,0.004912281417137285,0.05103296431021736,0.0
random_bp,expectation_value,bcw_12q_random_bp,hea,RX_RY_RZ_CNOT,none,circular,cnot,hamiltonian_local,12,2,2,same_entangling_gate_count,1,10,RZ,2,68,layer_001_wire_010_RZ,3,-4.506485334832512e-17,2.0660151558133732e-33,4.5064853348325124e-17,1.0
random_bp,expectation_value,bcw_12q_random_bp,hea,RX_RY_RZ_CNOT,none,circular,cnot,hamiltonian_local,12,2,2,same_entangling_gate_count,1,11,RX,0,69,layer_001_wire_011_RX,3,-0.00197677744359249,1.24240473922552e-05,0.002054190929839035,0.0
random_bp,expectation_value,bcw_12q_random_bp,hea,RX_RY_RZ_CNOT,none,circular,cnot,hamiltonian_local,12,2,2,same_entangling_gate_count,1,11,RY,1,70,layer_001_wire_011_RY,3,0.01777201326741952,0.0005044027908065194,0.020993210599973767,0.0
random_bp,expectation_value,bcw_12q_random_bp,hea,RX_RY_RZ_CNOT,none,circular,cnot,hamiltonian_local,12,2,2,same_entangling_gate_count,1,11,RZ,2,71,layer_001_wire_011_RZ,3,8.456282324492864e-18,4.974485551526384e-34,1.4274742337937083e-17,1.0
random_bp,expectation_value,bcw_12q_random_bp,hea,RX_RY_RZ_CNOT,none,linear,cnot,local,12,4,4,same_entangling_gate_count,0,0,RX,0,0,layer_000_wire_000_RX,3,-0.0026248498521210754,0.0007237880075770155,0.018733023051582504,0.0
random_bp,expectation_value,bcw_12q_random_bp,hea,RX_RY_RZ_CNOT,none,linear,cnot,local,12,4,4,same_entangling_gate_count,0,0,RY,1,1,layer_000_wire_000_RY,3,-0.0014893896970294902,8.058599924337026e-05,0.006153780974997375,0.0
random_bp,expectation_value,bcw_12q_random_bp,hea,RX_RY_RZ_CNOT,none,linear,cnot,local,12,4,4,same_entangling_gate_count,0,0,RZ,2,2,layer_000_wire_000_RZ,3,-0.015171183141323832,0.00018987114383359584,0.015171183141323834,0.0
random_bp,expectation_value,bcw_12q_random_bp,hea,RX_RY_RZ_CNOT,none,linear,cnot,local,12,4,4,same_entangling_gate_count,0,1,RX,0,3,layer_000_wire_001_RX,3,-0.001913382183967003,0.0009674124644072983,0.023733059605767992,0.0
random_bp,expectation_value,bcw_12q_random_bp,hea,RX_RY_RZ_CNOT,none,linear,cnot,local,12,4,4,same_entangling_gate_count,0,1,RY,1,4,layer_000_wire_001_RY,3,-0.008759904207188978,0.00012442362140849717,0.01130210042566472,0.0
random_bp,expectation_value,bcw_12q_random_bp,hea,RX_RY_RZ_CNOT,none,linear,cnot,local,12,4,4,same_entangling_gate_count,0,1,RZ,2,5,layer_000_wire_001_RZ,3,-0.006504014273330883,0.0005733482443815137,0.018605262037153954,0.0
random_bp,expectation_value,bcw_12q_random_bp,hea,RX_RY_RZ_CNOT,none,linear,cnot,local,12,4,4,same_entangling_gate_count,0,2,RX,0,6,layer_000_wire_002_RX,3,-0.009234003401478844,0.00010266913392005308,0.009234003401478846,0.0
random_bp,expectation_value,bcw_12q_random_bp,hea,RX_RY_RZ_CNOT,none,linear,cnot,local,12,4,4,same_entangling_gate_count,0,2,RY,1,7,layer_000_wire_002_RY,3,-0.008031417607726207,0.00023613380366225688,0.013251582442784805,0.0
random_bp,expectation_value,bcw_12q_random_bp,hea,RX_RY_RZ_CNOT,none,linear,cnot,local,12,4,4,same_entangling_gate_count,0,2,RZ,2,8,layer_000_wire_002_RZ,3,-0.0006499130007365309,0.00047935293735725567,0.015145597604867875,0.0
random_bp,expectation_value,bcw_12q_random_bp,hea,RX_RY_RZ_CNOT,none,linear,cnot,local,12,4,4,same_entangling_gate_count,0,3,RX,0,9,layer_000_wire_003_RX,3,-0.01442979002177977,0.0008463932257324373,0.026607953474053248,0.0
random_bp,expectation_value,bcw_12q_random_bp,hea,RX_RY_RZ_CNOT,none,linear,cnot,local,12,4,4,same_entangling_gate_count,0,3,RY,1,10,layer_000_wire_003_RY,3,0.011696387265749736,0.0005611491440355904,0.020679683060327237,0.0
random_bp,expectation_value,bcw_12q_random_bp,hea,RX_RY_RZ_CNOT,none,linear,cnot,local,12,4,4,same_entangling_gate_count,0,3,RZ,2,11,layer_000_wire_003_RZ,3,0.023353088472910174,7.959783467407567e-05,0.023353088472910177,0.0
random_bp,expectation_value,bcw_12q_random_bp,hea,RX_RY_RZ_CNOT,none,linear,cnot,local,12,4,4,same_entangling_gate_count,0,4,RX,0,12,layer_000_wire_004_RX,3,-0.012523430668893715,0.00012593731357323388,0.012523430668893715,0.0
random_bp,expectation_value,bcw_12q_random_bp,hea,RX_RY_RZ_CNOT,none,linear,cnot,local,12,4,4,same_entangling_gate_count,0,4,RY,1,13,layer_000_wire_004_RY,3,0.007928718679136719,1.572361956908327e-05,0.007928718679136719,0.0
random_bp,expectation_value,bcw_12q_random_bp,hea,RX_RY_RZ_CNOT,none,linear,cnot,local,12,4,4,same_entangling_gate_count,0,4,RZ,2,14,layer_000_wire_004_RZ,3,0.00811093258697103,2.752241868528515e-05,0.00811093258697103,0.0
random_bp,expectation_value,bcw_12q_random_bp,hea,RX_RY_RZ_CNOT,none,linear,cnot,local,12,4,4,same_entangling_gate_count,0,5,RX,0,15,layer_000_wire_005_RX,3,0.006755861895661031,0.00012091924199345223,0.007890922362938575,0.0
random_bp,expectation_value,bcw_12q_random_bp,hea,RX_RY_RZ_CNOT,none,linear,cnot,local,12,4,4,same_entangling_gate_count,0,5,RY,1,16,layer_000_wire_005_RY,3,0.005518899641026776,0.00012870567732852802,0.007426894617978134,0.0
random_bp,expectation_value,bcw_12q_random_bp,hea,RX_RY_RZ_CNOT,none,linear,cnot,local,12,4,4,same_entangling_gate_count,0,5,RZ,2,17,layer_000_wire_005_RZ,3,-0.010885755752871467,0.0005675014999312291,0.014704225630864577,0.0
random_bp,expectation_value,bcw_12q_random_bp,hea,RX_RY_RZ_CNOT,none,linear,cnot,local,12,4,4,same_entangling_gate_count,0,6,RX,0,18,layer_000_wire_006_RX,3,0.004670434070136094,8.328068267654393e-05,0.005467964635595814,0.0
random_bp,expectation_value,bcw_12q_random_bp,hea,RX_RY_RZ_CNOT,none,linear,cnot,local,12,4,4,same_entangling_gate_count,0,6,RY,1,19,layer_000_wire_006_RY,3,-0.0018289393853193035,2.944496194646625e-05,0.003511258198169359,0.0
random_bp,expectation_value,bcw_12q_random_bp,hea,RX_RY_RZ_CNOT,none,linear,cnot,local,12,4,4,same_entangling_gate_count,0,6,RZ,2,20,layer_000_wire_006_RZ,3,0.009516652431844332,0.0002857812868510238,0.009841000660341446,0.0
random_bp,expectation_value,bcw_12q_random_bp,hea,RX_RY_RZ_CNOT,none,linear,cnot,local,12,4,4,same_entangling_gate_count,0,7,RX,0,21,layer_000_wire_007_RX,3,-0.0016370091738024707,8.715112290296667e-06,0.002813167509314546,0.0
random_bp,expectation_value,bcw_12q_random_bp,hea,RX_RY_RZ_CNOT,none,linear,cnot,local,12,4,4,same_entangling_gate_count,0,7,RY,1,22,layer_000_wire_007_RY,3,-0.001458172492388398,4.332318382294834e-06,0.001458172492388398,0.0
random_bp,expectation_value,bcw_12q_random_bp,hea,RX_RY_RZ_CNOT,none,linear,cnot,local,12,4,4,same_entangling_gate_count,0,7,RZ,2,23,layer_000_wire_007_RZ,3,0.00013586879676036378,9.2632864123608e-06,0.00238703285399322,0.0
random_bp,expectation_value,bcw_12q_random_bp,hea,RX_RY_RZ_CNOT,none,linear,cnot,local,12,4,4,same_entangling_gate_count,0,8,RX,0,24,layer_000_wire_008_RX,3,-0.001859070952058337,1.4740977229472273e-05,0.0035131256098828133,0.0
random_bp,expectation_value,bcw_12q_random_bp,hea,RX_RY_RZ_CNOT,none,linear,cnot,local,12,4,4,same_entangling_gate_count,0,8,RY,1,25,layer_000_wire_008_RY,3,-0.00012656538584804186,5.82322250060898e-06,0.0017833770288899382,0.0
random_bp,expectation_value,bcw_12q_random_bp,hea,RX_RY_RZ_CNOT,none,linear,cnot,local,12,4,4,same_entangling_gate_count,0,8,RZ,2,26,layer_000_wire_008_RZ,3,-0.000938660401650763,1.7124660950278863e-05,0.0034427538843278707,0.0
random_bp,expectation_value,bcw_12q_random_bp,hea,RX_RY_RZ_CNOT,none,linear,cnot,local,12,4,4,same_entangling_gate_count,0,9,RX,0,27,layer_000_wire_009_RX,3,-0.0030203793504244214,5.11629448398176e-05,0.004493803423333615,0.0
random_bp,expectation_value,bcw_12q_random_bp,hea,RX_RY_RZ_CNOT,none,linear,cnot,local,12,4,4,same_entangling_gate_count,0,9,RY,1,28,layer_000_wire_009_RY,3,0.001086824107270801,7.535168344760329e-06,0.001728695897633102,0.0
random_bp,expectation_value,bcw_12q_random_bp,hea,RX_RY_RZ_CNOT,none,linear,cnot,local,12,4,4,same_entangling_gate_count,0,9,RZ,2,29,layer_000_wire_009_RZ,3,0.0044351954474783324,2.5950872031906626e-05,0.0044351954474783324,0.0
random_bp,expectation_value,bcw_12q_random_bp,hea,RX_RY_RZ_CNOT,none,linear,cnot,local,12,4,4,same_entangling_gate_count,0,10,RX,0,30,layer_000_wire_010_RX,3,0.0009245070204470626,8.862374389515284e-06,0.0023634370480357567,0.0
random_bp,expectation_value,bcw_12q_random_bp,hea,RX_RY_RZ_CNOT,none,linear,cnot,local,12,4,4,same_entangling_gate_count,0,10,RY,1,31,layer_000_wire_010_RY,3,-0.000990500626405192,3.7968143103293165e-06,0.0013653950338737449,0.0
random_bp,expectation_value,bcw_12q_random_bp,hea,RX_RY_RZ_CNOT,none,linear,cnot,local,12,4,4,same_entangling_gate_count,0,10,RZ,2,32,layer_000_wire_010_RZ,3,-0.00035163146499281284,3.5131852019417334e-06,0.001549206248403819,0.0
random_bp,expectation_value,bcw_12q_random_bp,hea,RX_RY_RZ_CNOT,none,linear,cnot,local,12,4,4,same_entangling_gate_count,0,11,RX,0,33,layer_000_wire_011_RX,3,-0.0017862846140420847,3.179279056879316e-06,0.0018833675361768591,0.0
random_bp,expectation_value,bcw_12q_random_bp,hea,RX_RY_RZ_CNOT,none,linear,cnot,local,12,4,4,same_entangling_gate_count,0,11,RY,1,34,layer_000_wire_011_RY,3,0.000520155736162703,1.0948233849403956e-07,0.000520155736162703,0.0
random_bp,expectation_value,bcw_12q_random_bp,hea,RX_RY_RZ_CNOT,none,linear,cnot,local,12,4,4,same_entangling_gate_count,0,11,RZ,2,35,layer_000_wire_011_RZ,3,0.0008421863069536862,2.7240676257601776e-07,0.0008421863069536861,0.0
random_bp,expectation_value,bcw_12q_random_bp,hea,RX_RY_RZ_CNOT,none,linear,cnot,local,12,4,4,same_entangling_gate_count,1,0,RX,0,36,layer_001_wire_000_RX,3,-0.0007614347191108746,0.0015706915683405655,0.028144806747282383,0.0
random_bp,expectation_value,bcw_12q_random_bp,hea,RX_RY_RZ_CNOT,none,linear,cnot,local,12,4,4,same_entangling_gate_count,1,0,RY,1,37,layer_001_wire_000_RY,3,0.0026149868767311843,0.0013495519758603058,0.025545068359573393,0.0
random_bp,expectation_value,bcw_12q_random_bp,hea,RX_RY_RZ_CNOT,none,linear,cnot,local,12,4,4,same_entangling_gate_count,1,0,RZ,2,38,layer_001_wire_000_RZ,3,0.012951294527172839,0.0012888333364685519,0.023311149074889657,0.0
random_bp,expectation_value,bcw_12q_random_bp,hea,RX_RY_RZ_CNOT,none,linear,cnot,local,12,4,4,same_entangling_gate_count,1,1,RX,0,39,layer_001_wire_001_RX,3,0.012525029962149978,8.137011105103756e-05,0.012525029962149978,0.0
random_bp,expectation_value,bcw_12q_random_bp,hea,RX_RY_RZ_CNOT,none,linear,cnot,local,12,4,4,same_entangling_gate_count,1,1,RY,1,40,layer_001_wire_001_RY,3,-0.008490856697408029,0.002768939843378187,0.0367373722999424,0.0
random_bp,expectation_value,bcw_12q_random_bp,hea,RX_RY_RZ_CNOT,none,linear,cnot,local,12,4,4,same_entangling_gate_count,1,1,RZ,2,41,layer_001_wire_001_RZ,3,-0.02312927277381128,0.00019300507068663208,0.023129272773811282,0.0
random_bp,expectation_value,bcw_12q_random_bp,hea,RX_RY_RZ_CNOT,none,linear,cnot,local,12,4,4,same_entangling_gate_count,1,2,RX,0,42,layer_001_wire_002_RX,3,-0.004429361684570525,0.00033696772971277743,0.012497587361646835,0.0
random_bp,expectation_value,bcw_12q_random_bp,hea,RX_RY_RZ_CNOT,none,linear,cnot,local,12,4,4,same_entangling_gate_count,1,2,RY,1,43,layer_001_wire_002_RY,3,-0.0013031733416949678,0.0001956162080391782,0.010035927199708526,0.0
random_bp,expectation_value,bcw_12q_random_bp,hea,RX_RY_RZ_CNOT,none,linear,cnot,local,12,4,4,same_entangling_gate_count,1,2,RZ,2,44,layer_001_wire_002_RZ,3,-0.019790099709998968,0.000850987733070775,0.0271549713446486,0.0
random_bp,expectation_value,bcw_12q_random_bp,hea,RX_RY_RZ_CNOT,none,linear,cnot,local,12,4,4,same_entangling_gate_count,1,3,RX,0,45,layer_001_wire_003_RX,3,-0.010008803710335606,0.00031702542518646673,0.01240468780791019,0.0
random_bp,expectation_value,bcw_12q_random_bp,hea,RX_RY_RZ_CNOT,none,linear,cnot,local,12,4,4,same_entangling_gate_count,1,3,RY,1,46,layer_001_wire_003_RY,3,0.012638579113188332,0.0007232411576120066,0.01943754923923838,0.0
random_bp,expectation_value,bcw_12q_random_bp,hea,RX_RY_RZ_CNOT,none,linear,cnot,local,12,4,4,same_entangling_gate_count,1,3,RZ,2,47,layer_001_wire_003_RZ,3,-0.00874026007985604,0.0006168099665163611,0.020718516578500993,0.0
random_bp,expectation_value,bcw_12q_random_bp,hea,RX_RY_RZ_CNOT,none,linear,cnot,local,12,4,4,same_entangling_gate_count,1,4,RX,0,48,layer_001_wire_004_RX,3,0.0037409005615867885,0.00013926514324887697,0.007799005596622561,0.0
random_bp,expectation_value,bcw_12q_random_bp,hea,RX_RY_RZ_CNOT,none,linear,cnot,local,12,4,4,same_entangling_gate_count,1,4,RY,1,49,layer_001_wire_004_RY,3,0.0001377869537751195,2.611068507368757e-05,0.0035422070510829555,0.0
random_bp,expectation_value,bcw_12q_random_bp,hea,RX_RY_RZ_CNOT,none,linear,cnot,local,12,4,4,same_entangling_gate_count,1,4,RZ,2,50,layer_001_wire_004_RZ,3,-0.013061598971545924,0.00016974722765245284,0.013527053565894448,0.0
random_bp,expectation_value,bcw_12q_random_bp,hea,RX_RY_RZ_CNOT,none,linear,cnot,local,12,4,4,same_entangling_gate_count,1,5,RX,0,51,layer_001_wire_005_RX,3,0.0010921028392412106,1.2308872952034068e-06,0.0010921028392412106,0.0
random_bp,expectation_value,bcw_12q_random_bp,hea,RX_RY_RZ_CNOT,none,linear,cnot,local,12,4,4,same_entangling_gate_count,1,5,RY,1,52,layer_001_wire_005_RY,3,-0.0037675753434339545,2.4741079435293046e-05,0.003767575343433955,0.0
random_bp,expectation_value,bcw_12q_random_bp,hea,RX_RY_RZ_CNOT,none,linear,cnot,local,12,4,4,same_entangling_gate_count,1,5,RZ,2,53,layer_001_wire_005_RZ,3,-0.0001539392753319568,7.032524433331709e-06,0.001926075608428227,0.0
random_bp,expectation_value,bcw_12q_random_bp,hea,RX_RY_RZ_CNOT,none,linear,cnot,local,12,4,4,same_entangling_gate_count,1,6,RX,0,54,layer_001_wire_006_RX,3,0.002056729442818245,5.452450961918493e-05,0.005738959421946949,0.0
random_bp,expectation_value,bcw_12q_random_bp,hea,RX_RY_RZ_CNOT,none,linear,cnot,local,12,4,4,same_entangling_gate_count,1,6,RY,1,55,layer_001_wire_006_RY,3,-0.0024410753486734816,4.921706633424566e-06,0.0024410753486734816,0.0
random_bp,expectation_value,bcw_12q_random_bp,hea,RX_RY_RZ_CNOT,none,linear,cnot,local,12,4,4,same_entangling_gate_count,1,6,RZ,2,56,layer_001_wire_006_RZ,3,-0.0010153561716084738,3.490045669059675e-05,0.004760518513228642,0.0
random_bp,expectation_value,bcw_12q_random_bp,hea,RX_RY_RZ_CNOT,none,linear,cnot,local,12,4,4,same_entangling_gate_count,1,7,RX,0,57,layer_001_wire_007_RX,3,-0.0012682608253554298,3.548893412393558e-06,0.0012682608253554298,0.0
random_bp,expectation_value,bcw_12q_random_bp,hea,RX_RY_RZ_CNOT,none,linear,cnot,local,12,4,4,same_entangling_gate_count,1,7,RY,1,58,layer_001_wire_007_RY,3,-8.860791531703981e-05,3.684463904130458e-06,0.0012959242934188974,0.0
random_bp,expectation_value,bcw_12q_random_bp,hea,RX_RY_RZ_CNOT,none,linear,cnot,local,12,4,4,same_entangling_gate_count,1,7,RZ,2,59,layer_001_wire_007_RZ,3,0.0006793844995693009,3.0352236654850716e-06,0.0010960889678368572,0.0
random_bp,expectation_value,bcw_12q_random_bp,hea,RX_RY_RZ_CNOT,none,linear,cnot,local,12,4,4,same_entangling_gate_count,1,8,RX,0,60,layer_001_wire_008_RX,3,-0.0008648435421345649,2.71054002359714e-06,0.0011251804638808466,0.0
random_bp,expectation_value,bcw_12q_random_bp,hea,RX_RY_RZ_CNOT,none,linear,cnot,local,12,4,4,same_entangling_gate_count,1,8,RY,1,61,layer_001_wire_008_RY,3,-0.0008658396173125637,1.81289444258548e-05,0.002801236774183731,0.0
random_bp,expectation_value,bcw_12q_random_bp,hea,RX_RY_RZ_CNOT,none,linear,cnot,local,12,4,4,same_entangling_gate_count,1,8,RZ,2,62,layer_001_wire_008_RZ,3,-0.000723993898558823,4.956650427934436e-06,0.0014512172258601844,0.0
random_bp,expectation_value,bcw_12q_random_bp,hea,RX_RY_RZ_CNOT,none,linear,cnot,local,12,4,4,same_entangling_gate_count,1,9,RX,0,63,layer_001_wire_009_RX,3,0.0031684445335393194,1.727494092858654e-05,0.0031684445335393194,0.0
random_bp,expectation_value,bcw_12q_random_bp,hea,RX_RY_RZ_CNOT,none,linear,cnot,local,12,4,4,same_entangling_gate_count,1,9,RY,1,64,layer_001_wire_009_RY,3,-0.00019503312451630178,5.0474983867270755e-06,0.001615632800754797,0.0
random_bp,expectation_value,bcw_12q_random_bp,hea,RX_RY_RZ_CNOT,none,linear,cnot,local,12,4,4,same_entangling_gate_count,1,9,RZ,2,65,layer_001_wire_009_RZ,3,0.001122529403109957,2.6955348788450584e-05,0.003530369542966963,0.0
random_bp,expectation_value,bcw_12q_random_bp,hea,RX_RY_RZ_CNOT,none,linear,cnot,local,12,4,4,same_entangling_gate_count,1,10,RX,0,66,layer_001_wire_010_RX,3,0.0007947291629549881,3.252592347100904e-06,0.001450617327782351,0.0
random_bp,expectation_value,bcw_12q_random_bp,hea,RX_RY_RZ_CNOT,none,linear,cnot,local,12,4,4,same_entangling_gate_count,1,10,RY,1,67,layer_001_wire_010_RY,3,-0.0006886316485817752,5.714816315261766e-06,0.0016018306417937796,0.0
random_bp,expectation_value,bcw_12q_random_bp,hea,RX_RY_RZ_CNOT,none,linear,cnot,local,12,4,4,same_entangling_gate_count,1,10,RZ,2,68,layer_001_wire_010_RZ,3,0.00022101297676345756,7.226365743581517e-07,0.0005719458480566187,0.0
random_bp,expectation_value,bcw_12q_random_bp,hea,RX_RY_RZ_CNOT,none,linear,cnot,local,12,4,4,same_entangling_gate_count,1,11,RX,0,69,layer_001_wire_011_RX,3,0.0007935718722653269,6.0066269896190724e-06,0.0017352599359561063,0.0
random_bp,expectation_value,bcw_12q_random_bp,hea,RX_RY_RZ_CNOT,none,linear,cnot,local,12,4,4,same_entangling_gate_count,1,11,RY,1,70,layer_001_wire_011_RY,3,-0.0003043600959351779,2.761672110162688e-06,0.0011814399304751226,0.0
random_bp,expectation_value,bcw_12q_random_bp,hea,RX_RY_RZ_CNOT,none,linear,cnot,local,12,4,4,same_entangling_gate_count,1,11,RZ,2,71,layer_001_wire_011_RZ,3,0.0016124508252235658,2.801395200371995e-06,0.0016124508252235656,0.0
random_bp,expectation_value,bcw_12q_random_bp,hea,RX_RY_RZ_CNOT,none,linear,cnot,local,12,4,4,same_entangling_gate_count,2,0,RX,0,72,layer_002_wire_000_RX,3,0.00819419347625831,9.51605745430652e-05,0.00819419347625831,0.0
random_bp,expectation_value,bcw_12q_random_bp,hea,RX_RY_RZ_CNOT,none,linear,cnot,local,12,4,4,same_entangling_gate_count,2,0,RY,1,73,layer_002_wire_000_RY,3,0.00845672675190956,0.002104310512356537,0.03343937411105432,0.0
random_bp,expectation_value,bcw_12q_random_bp,hea,RX_RY_RZ_CNOT,none,linear,cnot,local,12,4,4,same_entangling_gate_count,2,0,RZ,2,74,layer_002_wire_000_RZ,3,0.007966333737378786,0.001656568508006716,0.03256099965493861,0.0
random_bp,expectation_value,bcw_12q_random_bp,hea,RX_RY_RZ_CNOT,none,linear,cnot,local,12,4,4,same_entangling_gate_count,2,1,RX,0,75,layer_002_wire_001_RX,3,0.012200758088088254,0.0012008448700880012,0.02268700595082672,0.0
random_bp,expectation_value,bcw_12q_random_bp,hea,RX_RY_RZ_CNOT,none,linear,cnot,local,12,4,4,same_entangling_gate_count,2,1,RY,1,76,layer_002_wire_001_RY,3,0.00745350742336439,0.000869183549157566,0.02347360387776257,0.0
random_bp,expectation_value,bcw_12q_random_bp,hea,RX_RY_RZ_CNOT,none,linear,cnot,local,12,4,4,same_entangling_gate_count,2,1,RZ,2,77,layer_002_wire_001_RZ,3,-0.008302884926230785,0.000988420611547329,0.02139392135587564,0.0
random_bp,expectation_value,bcw_12q_random_bp,hea,RX_RY_RZ_CNOT,none,linear,cnot,local,12,4,4,same_entangling_gate_count,2,2,RX,0,78,layer_002_wire_002_RX,3,-0.025271588895067143,0.0003384794549597362,0.02527158889506714,0.0
random_bp,expectation_value,bcw_12q_random_bp,hea,RX_RY_RZ_CNOT,none,linear,cnot,local,12,4,4,same_entangling_gate_count,2,2,RY,1,79,layer_002_wire_002_RY,3,0.0012782072883053691,3.137085882142788e-05,0.003687607940058121,0.0
random_bp,expectation_value,bcw_12q_random_bp,hea,RX_RY_RZ_CNOT,none,linear,cnot,local,12,4,4,same_entangling_gate_count,2,2,RZ,2,80,layer_002_wire_002_RZ,3,0.008652234107316577,0.0008774985247438944,0.024539995083423947,0.0
random_bp,expectation_value,bcw_12q_random_bp,hea,RX_RY_RZ_CNOT,none,linear,cnot,local,12,4,4,same_entangling_gate_count,2,3,RX,0,81,layer_002_wire_003_RX,3,-0.011115455212645363,0.0003436949009517733,0.015351881643728816,0.0
random_bp,expectation_value,bcw_12q_random_bp,hea,RX_RY_RZ_CNOT,none,linear,cnot,local,12,4,4,same_entangling_gate_count,2,3,RY,1,82,layer_002_wire_003_RY,3,0.005317194676950243,0.00017033219828534445,0.008737290567886268,0.0
random_bp,expectation_value,bcw_12q_random_bp,hea,RX_RY_RZ_CNOT,none,linear,cnot,local,12,4,4,same_entangling_gate_count,2,3,RZ,2,83,layer_002_wire_003_RZ,3,0.0094383107481526,5.8940406836708475e-05,0.0094383107481526,0.0
random_bp,expectation_value,bcw_12q_random_bp,hea,RX_RY_RZ_CNOT,none,linear,cnot,local,12,4,4,same_entangling_gate_count,2,4,RX,0,84,layer_002_wire_004_RX,3,0.006548671594618928,0.00014520941913045589,0.007975092774523228,0.0
random_bp,expectation_value,bcw_12q_random_bp,hea,RX_RY_RZ_CNOT,none,linear,cnot,local,12,4,4,same_entangling_gate_count,2,4,RY,1,85,layer_002_wire_004_RY,3,0.004581330904574542,0.00010933108978754808,0.006504111862328565,0.0
random_bp,expectation_value,bcw_12q_random_bp,hea,RX_RY_RZ_CNOT,none,linear,cnot,local,12,4,4,same_entangling_gate_count,2,4,RZ,2,86,layer_002_wire_004_RZ,3,-0.013290683898390204,0.0001430870078090483,0.013598249934418617,0.0
random_bp,expectation_value,bcw_12q_random_bp,hea,RX_RY_RZ_CNOT,none,linear,cnot,local,12,4,4,same_entangling_gate_count,2,5,RX,0,87,layer_002_wire_005_RX,3,-0.003279915305749743,3.073521848700841e-05,0.004048759999288119,0.0
random_bp,expectation_value,bcw_12q_random_bp,hea,RX_RY_RZ_CNOT,none,linear,cnot,local,12,4,4,same_entangling_gate_count,2,5,RY,1,88,layer_002_wire_005_RY,3,-0.003385071193544605,4.925172180653246e-05,0.006200758466680545,0.0
random_bp,expectation_value,bcw_12q_random_bp,hea,RX_RY_RZ_CNOT,none,linear,cnot,local,12,4,4,same_entangling_gate_count,2,5,RZ,2,89,layer_002_wire_005_RZ,3,0.0012452639990605749,1.6768639037517296e-05,0.0029469895262048424,0.0
random_bp,expectation_value,bcw_12q_random_bp,hea,RX_RY_RZ_CNOT,none,linear,cnot,local,12,4,4,same_entangling_gate_count,2,6,RX,0,90,layer_002_wire_006_RX,3,0.00021368876870298046,9.556951621395677e-06,0.0022791958490280644,0.0
random_bp,expectation_value,bcw_12q_random_bp,hea,RX_RY_RZ_CNOT,none,linear,cnot,local,12,4,4,same_entangling_gate_count,2,6,RY,1,91,layer_002_wire_006_RY,3,0.0023743665438095436,4.671488400012816e-05,0.005191164787775756,0.0
random_bp,expectation_value,bcw_12q_random_bp,hea,RX_RY_RZ_CNOT,none,linear,cnot,local,12,4,4,same_entangling_gate_count,2,6,RZ,2,92,layer_002_wire_006_RZ,3,0.0024879357546334037,5.166306193482703e-06,0.0024879357546334037,0.0
random_bp,expectation_value,bcw_12q_random_bp,hea,RX_RY_RZ_CNOT,none,linear,cnot,local,12,4,4,same_entangling_gate_count,2,7,RX,0,93,layer_002_wire_007_RX,3,-8.334513005207753e-05,6.047012640101505e-07,0.0005867857127582929,0.0
random_bp,expectation_value,bcw_12q_random_bp,hea,RX_RY_RZ_CNOT,none,linear,cnot,local,12,4,4,same_entangling_gate_count,2,7,RY,1,94,layer_002_wire_007_RY,3,0.0003893212077025371,1.2682640889889403e-05,0.002848236592754422,0.0
random_bp,expectation_value,bcw_12q_random_bp,hea,RX_RY_RZ_CNOT,none,linear,cnot,local,12,4,4,same_entangling_gate_count,2,7,RZ,2,95,layer_002_wire_007_RZ,3,-0.0014935469960255428,1.5577762969372604e-05,0.0025505959541594456,0.0
random_bp,expectation_value,bcw_12q_random_bp,hea,RX_RY_RZ_CNOT,none,linear,cnot,local,12,4,4,same_entangling_gate_count,2,8,RX,0,96,layer_002_wire_008_RX,3,0.0011465474920685913,1.5471121964916363e-06,0.0011465474920685913,0.0
random_bp,expectation_value,bcw_12q_random_bp,hea,RX_RY_RZ_CNOT,none,linear,cnot,local,12,4,4,same_entangling_gate_count,2,8,RY,1,97,layer_002_wire_008_RY,3,-0.00564429815899532,6.0189776460300904e-05,0.00564429815899532,0.0
random_bp,expectation_value,bcw_12q_random_bp,hea,RX_RY_RZ_CNOT,none,linear,cnot,local,12,4,4,same_entangling_gate_count,2,8,RZ,2,98,layer_002_wire_008_RZ,3,-0.00027050831271074454,6.695415864122264e-07,0.0006256517763905881,0.0
random_bp,expectation_value,bcw_12q_random_bp,hea,RX_RY_RZ_CNOT,none,linear,cnot,local,12,4,4,same_entangling_gate_count,2,9,RX,0,99,layer_002_wire_009_RX,3,0.0001940102966073012,9.801498785717e-07,0.0006685563870832346,0.0
random_bp,expectation_value,bcw_12q_random_bp,hea,RX_RY_RZ_CNOT,none,linear,cnot,local,12,4,4,same_entangling_gate_count,2,9,RY,1,100,layer_002_wire_009_RY,3,-0.0009334516690324441,5.441153525777478e-07,0.0009334516690324441,0.0
random_bp,expectation_value,bcw_12q_random_bp,hea,RX_RY_RZ_CNOT,none,linear,cnot,local,12,4,4,same_entangling_gate_count,2,9,RZ,2,101,layer_002_wire_009_RZ,3,0.0014155959625391523,9.0673874735714e-06,0.0024253888219339984,0.0
random_bp,expectation_value,bcw_12q_random_bp,hea,RX_RY_RZ_CNOT,none,linear,cnot,local,12,4,4,same_entangling_gate_count,2,10,RX,0,102,layer_002_wire_010_RX,3,0.00025997125203132453,2.1603583126882955e-09,0.00025997125203132453,0.0
random_bp,expectation_value,bcw_12q_random_bp,hea,RX_RY_RZ_CNOT,none,linear,cnot,local,12,4,4,same_entangling_gate_count,2,10,RY,1,103,layer_002_wire_010_RY,3,0.0007851583253771033,5.6036132370967605e-06,0.00206939628543597,0.0
random_bp,expectation_value,bcw_12q_random_bp,hea,RX_RY_RZ_CNOT,none,linear,cnot,local,12,4,4,same_entangling_gate_count,2,10,RZ,2,104,layer_002_wire_010_RZ,3,3.2167886986806356e-05,6.52992074024382e-06,0.0017477184260951651,0.0
random_bp,expectation_value,bcw_12q_random_bp,hea,RX_RY_RZ_CNOT,none,linear,cnot,local,12,4,4,same_entangling_gate_count,2,11,RX,0,105,layer_002_wire_011_RX,3,-0.0006315846977956977,3.2078894769268728e-06,0.0015541164265143053,0.0
random_bp,expectation_value,bcw_12q_random_bp,hea,RX_RY_RZ_CNOT,none,linear,cnot,local,12,4,4,same_entangling_gate_count,2,11,RY,1,106,layer_002_wire_011_RY,3,-0.0002602911071497669,1.248559801321203e-07,0.00035269862636328435,0.0
random_bp,expectation_value,bcw_12q_random_bp,hea,RX_RY_RZ_CNOT,none,linear,cnot,local,12,4,4,same_entangling_gate_count,2,11,RZ,2,107,layer_002_wire_011_RZ,3,-0.0011154982783878557,1.434123466553981e-07,0.0011154982783878557,0.0
random_bp,expectation_value,bcw_12q_random_bp,hea,RX_RY_RZ_CNOT,none,linear,cnot,local,12,4,4,same_entangling_gate_count,3,0,RX,0,108,layer_003_wire_000_RX,3,0.000391074886048433,1.1154917322608858e-05,0.002427785950464905,0.0
random_bp,expectation_value,bcw_12q_random_bp,hea,RX_RY_RZ_CNOT,none,linear,cnot,local,12,4,4,same_entangling_gate_count,3,0,RY,1,109,layer_003_wire_000_RY,3,0.005523595915032977,0.0013158013915123812,0.024757546525850976,0.0
random_bp,expectation_value,bcw_12q_random_bp,hea,RX_RY_RZ_CNOT,none,linear,cnot,local,12,4,4,same_entangling_gate_count,3,0,RZ,2,110,layer_003_wire_000_RZ,3,-2.566916085215195e-17,2.8878990179541546e-33,4.1405481505928385e-17,1.0
random_bp,expectation_value,bcw_12q_random_bp,hea,RX_RY_RZ_CNOT,none,linear,cnot,local,12,4,4,same_entangling_gate_count,3,1,RX,0,111,layer_003_wire_001_RX,3,0.0037402429765434715,0.000136553865804532,0.00812932217474041,0.0
random_bp,expectation_value,bcw_12q_random_bp,hea,RX_RY_RZ_CNOT,none,linear,cnot,local,12,4,4,same_entangling_gate_count,3,1,RY,1,112,layer_003_wire_001_RY,3,0.005087995753707671,0.0005792231475184179,0.020222693288662618,0.0
random_bp,expectation_value,bcw_12q_random_bp,hea,RX_RY_RZ_CNOT,none,linear,cnot,local,12,4,4,same_entangling_gate_count,3,1,RZ,2,113,layer_003_wire_001_RZ,3,-1.8678497483877728e-17,2.4764614021383024e-33,3.472188767935867e-17,1.0
random_bp,expectation_value,bcw_12q_random_bp,hea,RX_RY_RZ_CNOT,none,linear,cnot,local,12,4,4,same_entangling_gate_count,3,2,RX,0,114,layer_003_wire_002_RX,3,-0.005235361373918862,0.00016339303896372988,0.009852554009579165,0.0
random_bp,expectation_value,bcw_12q_random_bp,hea,RX_RY_RZ_CNOT,none,linear,cnot,local,12,4,4,same_entangling_gate_count,3,2,RY,1,115,layer_003_wire_002_RY,3,-0.012302851678484357,0.00010033898118392149,0.012302851678484357,0.0
random_bp,expectation_value,bcw_12q_random_bp,hea,RX_RY_RZ_CNOT,none,linear,cnot,local,12,4,4,same_entangling_gate_count,3,2,RZ,2,116,layer_003_wire_002_RZ,3,-8.768289798161118e-18,5.424427088981966e-36,8.768289798161118e-18,1.0
random_bp,expectation_value,bcw_12q_random_bp,hea,RX_RY_RZ_CNOT,none,linear,cnot,local,12,4,4,same_entangling_gate_count,3,3,RX,0,117,layer_003_wire_003_RX,3,-0.006782093531740204,0.00014751774183727434,0.011079999951321542,0.0
random_bp,expectation_value,bcw_12q_random_bp,hea,RX_RY_RZ_CNOT,none,linear,cnot,local,12,4,4,same_entangling_gate_count,3,3,RY,1,118,layer_003_wire_003_RY,3,-0.0032859563354565523,8.316757955160625e-07,0.0032859563354565523,0.0
random_bp,expectation_value,bcw_12q_random_bp,hea,RX_RY_RZ_CNOT,none,linear,cnot,local,12,4,4,same_entangling_gate_count,3,3,RZ,2,119,layer_003_wire_003_RZ,3,-1.3242140535745568e-18,2.663959215868079e-35,4.409190011791644e-18,1.0
random_bp,expectation_value,bcw_12q_random_bp,hea,RX_RY_RZ_CNOT,none,linear,cnot,local,12,4,4,same_entangling_gate_count,3,4,RX,0,120,layer_003_wire_004_RX,3,0.003511343620814052,1.689489826478207e-05,0.00354053867783846,0.0
random_bp,expectation_value,bcw_12q_random_bp,hea,RX_RY_RZ_CNOT,none,linear,cnot,local,12,4,4,same_entangling_gate_count,3,4,RY,1,121,layer_003_wire_004_RY,3,-0.003926742098275488,0.00015757864038382045,0.010914413211979224,0.0
random_bp,expectation_value,bcw_12q_random_bp,hea,RX_RY_RZ_CNOT,none,linear,cnot,local,12,4,4,same_entangling_gate_count,3,4,RZ,2,122,layer_003_wire_004_RZ,3,1.4591486217726496e-18,1.6764336002599303e-35,3.194187759601598e-18,1.0
random_bp,expectation_value,bcw_12q_random_bp,hea,RX_RY_RZ_CNOT,none,linear,cnot,local,12,4,4,same_entangling_gate_count,3,5,RX,0,123,layer_003_wire_005_RX,3,-0.003996488519687186,3.317730325435292e-05,0.0041729166642422615,0.0
random_bp,expectation_value,bcw_12q_random_bp,hea,RX_RY_RZ_CNOT,none,linear,cnot,local,12,4,4,same_entangling_gate_count,3,5,RY,1,124,layer_003_wire_005_RY,3,-0.003781230837682596,8.491063294915779e-05,0.007066182989104039,0.0
random_bp,expectation_value,bcw_12q_random_bp,hea,RX_RY_RZ_CNOT,none,linear,cnot,local,12,4,4,same_entangling_gate_count,3,5,RZ,2,125,layer_003_wire_005_RZ,3,4.299972928800569e-18,1.6328622970341017e-36,4.299972928800569e-18,1.0
random_bp,expectation_value,bcw_12q_random_bp,hea,RX_RY_RZ_CNOT,none,linear,cnot,local,12,4,4,same_entangling_gate_count,3,6,RX,0,126,layer_003_wire_006_RX,3,-0.0021101411816685585,4.880604177346806e-06,0.0021101411816685585,0.0
random_bp,expectation_value,bcw_12q_random_bp,hea,RX_RY_RZ_CNOT,none,linear,cnot,local,12,4,4,same_entangling_gate_count,3,6,RY,1,127,layer_003_wire_006_RY,3,-0.0006000872457955337,9.212913907118803e-06,0.002021700689952838,0.0
random_bp,expectation_value,bcw_12q_random_bp,hea,RX_RY_RZ_CNOT,none,linear,cnot,local,12,4,4,same_entangling_gate_count,3,6,RZ,2,128,layer_003_wire_006_RZ,3,-3.3111244349071074e-18,7.850127962542745e-36,3.3111244349071074e-18,1.0
random_bp,expectation_value,bcw_12q_random_bp,hea,RX_RY_RZ_CNOT,none,linear,cnot,local,12,4,4,same_entangling_gate_count,3,7,RX,0,129,layer_003_wire_007_RX,3,-0.0031021215365571895,1.918661462858451e-05,0.003206383472065262,0.0
random_bp,expectation_value,bcw_12q_random_bp,hea,RX_RY_RZ_CNOT,none,linear,cnot,local,12,4,4,same_entangling_gate_count,3,7,RY,1,130,layer_003_wire_007_RY,3,0.0005855096626924156,9.11475840726573e-06,0.002367484783160579,0.0
random_bp,expectation_value,bcw_12q_random_bp,hea,RX_RY_RZ_CNOT,none,linear,cnot,local,12,4,4,same_entangling_gate_count,3,7,RZ,2,131,layer_003_wire_007_RZ,3,-1.587246413065731e-18,6.92783719747813e-37,1.587246413065731e-18,1.0
random_bp,expectation_value,bcw_12q_random_bp,hea,RX_RY_RZ_CNOT,none,linear,cnot,local,12,4,4,same_entangling_gate_count,3,8,RX,0,132,layer_003_wire_008_RX,3,0.002143500862908583,8.624588439127378e-06,0.002143500862908583,0.0
random_bp,expectation_value,bcw_12q_random_bp,hea,RX_RY_RZ_CNOT,none,linear,cnot,local,12,4,4,same_entangling_gate_count,3,8,RY,1,133,layer_003_wire_008_RY,3,0.0005913375473085414,2.7313724178063915e-05,0.004137259014804733,0.0
random_bp,expectation_value,bcw_12q_random_bp,hea,RX_RY_RZ_CNOT,none,linear,cnot,local,12,4,4,same_entangling_gate_count,3,8,RZ,2,134,layer_003_wire_008_RZ,3,-5.612901751145898e-19,1.0024649753800965e-34,7.773133813461668e-18,1.0
random_bp,expectation_value,bcw_12q_random_bp,hea,RX_RY_RZ_CNOT,none,linear,cnot,local,12,4,4,same_entangling_gate_count,3,9,RX,0,135,layer_003_wire_009_RX,3,-0.0002770409772520991,7.548891829139398e-06,0.001839284817369902,0.0
random_bp,expectation_value,bcw_12q_random_bp,hea,RX_RY_RZ_CNOT,none,linear,cnot,local,12,4,4,same_entangling_gate_count,3,9,RY,1,136,layer_003_wire_009_RY,3,-0.000407599671489736,4.590994335501865e-06,0.001471392569035443,0.0
random_bp,expectation_value,bcw_12q_random_bp,hea,RX_RY_RZ_CNOT,none,linear,cnot,local,12,4,4,same_entangling_gate_count,3,9,RZ,2,137,layer_003_wire_009_RZ,3,-1.7899372144019874e-17,1.939355107753048e-33,2.791576927728293e-17,1.0
random_bp,expectation_value,bcw_12q_random_bp,hea,RX_RY_RZ_CNOT,none,linear,cnot,local,12,4,4,same_entangling_gate_count,3,10,RX,0,138,layer_003_wire_010_RX,3,-0.001363403230264995,3.976706545431913e-06,0.0015190159557837547,0.0
random_bp,expectation_value,bcw_12q_random_bp,hea,RX_RY_RZ_CNOT,none,linear,cnot,local,12,4,4,same_entangling_gate_count,3,10,RY,1,139,layer_003_wire_010_RY,3,0.00019950695910139413,1.3612418706590552e-05,0.002544651424205216,0.0
random_bp,expectation_value,bcw_12q_random_bp,hea,RX_RY_RZ_CNOT,none,linear,cnot,local,12,4,4,same_entangling_gate_count,3,10,RZ,2,140,layer_003_wire_010_RZ,3,1.1800225532916534e-17,3.219579105145614e-34,1.4312119863431086e-17,1.0
random_bp,expectation_value,bcw_12q_random_bp,hea,RX_RY_RZ_CNOT,none,linear,cnot,local,12,4,4,same_entangling_gate_count,3,11,RX,0,141,layer_003_wire_011_RX,3,0.000619066586294072,8.486304301224255e-07,0.000619066586294072,0.0
random_bp,expectation_value,bcw_12q_random_bp,hea,RX_RY_RZ_CNOT,none,linear,cnot,local,12,4,4,same_entangling_gate_count,3,11,RY,1,142,layer_003_wire_011_RY,3,0.0006374517686128174,2.2793371560177056e-06,0.0013430222586265858,0.0
random_bp,expectation_value,bcw_12q_random_bp,hea,RX_RY_RZ_CNOT,none,linear,cnot,local,12,4,4,same_entangling_gate_count,3,11,RZ,2,143,layer_003_wire_011_RZ,3,-2.651269298970249e-17,5.294570204033936e-34,2.6512692989702494e-17,1.0
random_bp,expectation_value,bcw_12q_random_bp,hea,RX_RY_RZ_CNOT,none,circular,cnot,local,12,4,4,same_entangling_gate_count,0,0,RX,0,0,layer_000_wire_000_RX,3,-0.007068292769811309,7.828427136325877e-05,0.007068292769811309,0.0
random_bp,expectation_value,bcw_12q_random_bp,hea,RX_RY_RZ_CNOT,none,circular,cnot,local,12,4,4,same_entangling_gate_count,0,0,RY,1,1,layer_000_wire_000_RY,3,0.003471970377985136,7.185258666225139e-05,0.005300050656275944,0.0
random_bp,expectation_value,bcw_12q_random_bp,hea,RX_RY_RZ_CNOT,none,circular,cnot,local,12,4,4,same_entangling_gate_count,0,0,RZ,2,2,layer_000_wire_000_RZ,3,-0.007308430410235632,7.773969562059809e-05,0.007308430410235632,0.0
random_bp,expectation_value,bcw_12q_random_bp,hea,RX_RY_RZ_CNOT,none,circular,cnot,local,12,4,4,same_entangling_gate_count,0,1,RX,0,3,layer_000_wire_001_RX,3,0.0013883139477072917,4.245378272183703e-05,0.004549578838336518,0.0
random_bp,expectation_value,bcw_12q_random_bp,hea,RX_RY_RZ_CNOT,none,circular,cnot,local,12,4,4,same_entangling_gate_count,0,1,RY,1,4,layer_000_wire_001_RY,3,0.0028641426921188562,2.3045387644259247e-06,0.0028641426921188567,0.0
random_bp,expectation_value,bcw_12q_random_bp,hea,RX_RY_RZ_CNOT,none,circular,cnot,local,12,4,4,same_entangling_gate_count,0,1,RZ,2,5,layer_000_wire_001_RZ,3,-0.002658080665315625,3.2220124564890995e-05,0.0046393981273159975,0.0
random_bp,expectation_value,bcw_12q_random_bp,hea,RX_RY_RZ_CNOT,none,circular,cnot,local,12,4,4,same_entangling_gate_count,0,2,RX,0,6,layer_000_wire_002_RX,3,-0.002933702307775889,2.5570705142997694e-05,0.0032347060864933654,0.0
random_bp,expectation_value,bcw_12q_random_bp,hea,RX_RY_RZ_CNOT,none,circular,cnot,local,12,4,4,same_entangling_gate_count,0,2,RY,1,7,layer_000_wire_002_RY,3,-0.0023522543188290237,1.224136958711325e-05,0.0034498498733501587,0.0
random_bp,expectation_value,bcw_12q_random_bp,hea,RX_RY_RZ_CNOT,none,circular,cnot,local,12,4,4,same_entangling_gate_count,0,2,RZ,2,8,layer_000_wire_002_RZ,3,0.004817683561396291,3.8747046470797364e-05,0.006394441372683521,0.0
random_bp,expectation_value,bcw_12q_random_bp,hea,RX_RY_RZ_CNOT,none,circular,cnot,local,12,4,4,same_entangling_gate_count,0,3,RX,0,9,layer_000_wire_003_RX,3,0.0050100193185543835,2.6360083295546447e-06,0.0050100193185543835,0.0
random_bp,expectation_value,bcw_12q_random_bp,hea,RX_RY_RZ_CNOT,none,circular,cnot,local,12,4,4,same_entangling_gate_count,0,3,RY,1,10,layer_000_wire_003_RY,3,0.00039694202052305044,1.0688799144084291e-05,0.0023929644204663605,0.0
random_bp,expectation_value,bcw_12q_random_bp,hea,RX_RY_RZ_CNOT,none,circular,cnot,local,12,4,4,same_entangling_gate_count,0,3,RZ,2,11,layer_000_wire_003_RZ,3,-0.002686468576668552,3.0858967971495074e-05,0.005127402251818476,0.0
random_bp,expectation_value,bcw_12q_random_bp,hea,RX_RY_RZ_CNOT,none,circular,cnot,local,12,4,4,same_entangling_gate_count,0,4,RX,0,12,layer_000_wire_004_RX,3,0.0002903656952428753,6.162454950409697e-05,0.005712983724522396,0.0
random_bp,expectation_value,bcw_12q_random_bp,hea,RX_RY_RZ_CNOT,none,circular,cnot,local,12,4,4,same_entangling_gate_count,0,4,RY,1,13,layer_000_wire_004_RY,3,0.0024775799603618115,8.746451597134939e-06,0.0024775799603618115,0.0
random_bp,expectation_value,bcw_12q_random_bp,hea,RX_RY_RZ_CNOT,none,circular,cnot,local,12,4,4,same_entangling_gate_count,0,4,RZ,2,14,layer_000_wire_004_RZ,3,0.005596000611735745,1.1142352240810646e-05,0.005596000611735745,0.0
random_bp,expectation_value,bcw_12q_random_bp,hea,RX_RY_RZ_CNOT,none,circular,cnot,local,12,4,4,same_entangling_gate_count,0,5,RX,0,15,layer_000_wire_005_RX,3,0.0018258186754481986,1.069631416533504e-05,0.003040001636469299,0.0
random_bp,expectation_value,bcw_12q_random_bp,hea,RX_RY_RZ_CNOT,none,circular,cnot,local,12,4,4,same_entangling_gate_count,0,5,RY,1,16,layer_000_wire_005_RY,3,0.0010826868896386048,6.424350852864611e-09,0.0010826868896386048,0.0
random_bp,expectation_value,bcw_12q_random_bp,hea,RX_RY_RZ_CNOT,none,circular,cnot,local,12,4,4,same_entangling_gate_count,0,5,RZ,2,17,layer_000_wire_005_RZ,3,6.633180037760337e-05,4.657237128649309e-06,0.0014731549334429585,0.0
random_bp,expectation_value,bcw_12q_random_bp,hea,RX_RY_RZ_CNOT,none,circular,cnot,local,12,4,4,same_entangling_gate_count,0,6,RX,0,18,layer_000_wire_006_RX,3,0.001956251370981329,5.33567036468342e-05,0.004770982074363642,0.0
random_bp,expectation_value,bcw_12q_random_bp,hea,RX_RY_RZ_CNOT,none,circular,cnot,local,12,4,4,same_entangling_gate_count,0,6,RY,1,19,layer_000_wire_006_RY,3,0.0012181052523555298,4.5895647507820306e-07,0.0012181052523555298,0.0
random_bp,expectation_value,bcw_12q_random_bp,hea,RX_RY_RZ_CNOT,none,circular,cnot,local,12,4,4,same_entangling_gate_count,0,6,RZ,2,20,layer_000_wire_006_RZ,3,7.809581955401938e-05,1.328411962521276e-05,0.002595701724166778,0.0
random_bp,expectation_value,bcw_12q_random_bp,hea,RX_RY_RZ_CNOT,none,circular,cnot,local,12,4,4,same_entangling_gate_count,0,7,RX,0,21,layer_000_wire_007_RX,3,-0.002772229807512124,4.207663632779393e-06,0.002772229807512124,0.0
random_bp,expectation_value,bcw_12q_random_bp,hea,RX_RY_RZ_CNOT,none,circular,cnot,local,12,4,4,same_entangling_gate_count,0,7,RY,1,22,layer_000_wire_007_RY,3,-0.00016854639372852027,4.056316108784135e-06,0.0014095459650600268,0.0
random_bp,expectation_value,bcw_12q_random_bp,hea,RX_RY_RZ_CNOT,none,circular,cnot,local,12,4,4,same_entangling_gate_count,0,7,RZ,2,23,layer_000_wire_007_RZ,3,0.0007220671271934917,5.487762001059279e-06,0.0017434536860556394,0.0
random_bp,expectation_value,bcw_12q_random_bp,hea,RX_RY_RZ_CNOT,none,circular,cnot,local,12,4,4,same_entangling_gate_count,0,8,RX,0,24,layer_000_wire_008_RX,3,-0.0003990317796378967,8.85436629869688e-06,0.0020793134380525332,0.0
random_bp,expectation_value,bcw_12q_random_bp,hea,RX_RY_RZ_CNOT,none,circular,cnot,local,12,4,4,same_entangling_gate_count,0,8,RY,1,25,layer_000_wire_008_RY,3,-0.0014300784052715017,8.594173795636912e-06,0.0024330358624887766,0.0
random_bp,expectation_value,bcw_12q_random_bp,hea,RX_RY_RZ_CNOT,none,circular,cnot,local,12,4,4,same_entangling_gate_count,0,8,RZ,2,26,layer_000_wire_008_RZ,3,0.0011884299178607052,1.1320484862849696e-05,0.002964016855453571,0.0
random_bp,expectation_value,bcw_12q_random_bp,hea,RX_RY_RZ_CNOT,none,circular,cnot,local,12,4,4,same_entangling_gate_count,0,9,RX,0,27,layer_000_wire_009_RX,3,0.0025854739855284306,2.5237684206897992e-05,0.004482174348413178,0.0
random_bp,expectation_value,bcw_12q_random_bp,hea,RX_RY_RZ_CNOT,none,circular,cnot,local,12,4,4,same_entangling_gate_count,0,9,RY,1,28,layer_000_wire_009_RY,3,-0.000995888158281027,1.0197265604510484e-06,0.0009958881582810269,0.0
random_bp,expectation_value,bcw_12q_random_bp,hea,RX_RY_RZ_CNOT,none,circular,cnot,local,12,4,4,same_entangling_gate_count,0,9,RZ,2,29,layer_000_wire_009_RZ,3,-0.00012059836639584333,1.4016868527348536e-05,0.002831452508550204,0.0
random_bp,expectation_value,bcw_12q_random_bp,hea,RX_RY_RZ_CNOT,none,circular,cnot,local,12,4,4,same_entangling_gate_count,0,10,RX,0,30,layer_000_wire_010_RX,3,-0.0015454870999601616,1.1596963684936238e-05,0.0027273589558375697,0.0
random_bp,expectation_value,bcw_12q_random_bp,hea,RX_RY_RZ_CNOT,none,circular,cnot,local,12,4,4,same_entangling_gate_count,0,10,RY,1,31,layer_000_wire_010_RY,3,0.00017847458556184752,9.643358844903588e-07,0.0006964010387384712,0.0
random_bp,expectation_value,bcw_12q_random_bp,hea,RX_RY_RZ_CNOT,none,circular,cnot,local,12,4,4,same_entangling_gate_count,0,10,RZ,2,32,layer_000_wire_010_RZ,3,-0.0006230746132275312,1.2783654245162917e-07,0.0006230746132275312,0.0
random_bp,expectation_value,bcw_12q_random_bp,hea,RX_RY_RZ_CNOT,none,circular,cnot,local,12,4,4,same_entangling_gate_count,0,11,RX,0,33,layer_000_wire_011_RX,3,3.7119693835776656e-05,3.9851662360894275e-06,0.0015027515945980601,0.0
random_bp,expectation_value,bcw_12q_random_bp,hea,RX_RY_RZ_CNOT,none,circular,cnot,local,12,4,4,same_entangling_gate_count,0,11,RY,1,34,layer_000_wire_011_RY,3,0.0008742516408314571,6.337698097861136e-06,0.0016705819833697465,0.0
random_bp,expectation_value,bcw_12q_random_bp,hea,RX_RY_RZ_CNOT,none,circular,cnot,local,12,4,4,same_entangling_gate_count,0,11,RZ,2,35,layer_000_wire_011_RZ,3,-0.003514415556473115,6.2108087634296876e-06,0.0035144155564731153,0.0
random_bp,expectation_value,bcw_12q_random_bp,hea,RX_RY_RZ_CNOT,none,circular,cnot,local,12,4,4,same_entangling_gate_count,1,0,RX,0,36,layer_001_wire_000_RX,3,0.0013544061185073492,6.299631675893323e-07,0.001354406118507349,0.0
random_bp,expectation_value,bcw_12q_random_bp,hea,RX_RY_RZ_CNOT,none,circular,cnot,local,12,4,4,same_entangling_gate_count,1,0,RY,1,37,layer_001_wire_000_RY,3,0.005928630414097925,0.00013893399958625626,0.007619961908601696,0.0
random_bp,expectation_value,bcw_12q_random_bp,hea,RX_RY_RZ_CNOT,none,circular,cnot,local,12,4,4,same_entangling_gate_count,1,0,RZ,2,38,layer_001_wire_000_RZ,3,0.0020689291238623086,7.466317772920182e-06,0.0027734540761196313,0.0
random_bp,expectation_value,bcw_12q_random_bp,hea,RX_RY_RZ_CNOT,none,circular,cnot,local,12,4,4,same_entangling_gate_count,1,1,RX,0,39,layer_001_wire_001_RX,3,-0.0009878724560180847,3.5671939437636774e-06,0.0013933191997646324,0.0
random_bp,expectation_value,bcw_12q_random_bp,hea,RX_RY_RZ_CNOT,none,circular,cnot,local,12,4,4,same_entangling_gate_count,1,1,RY,1,40,layer_001_wire_001_RY,3,0.001521669535254329,6.492641694205646e-06,0.001526784820240429,0.0
random_bp,expectation_value,bcw_12q_random_bp,hea,RX_RY_RZ_CNOT,none,circular,cnot,local,12,4,4,same_entangling_gate_count,1,1,RZ,2,41,layer_001_wire_001_RZ,3,-0.006312574725423262,7.4764242142186735e-06,0.006312574725423262,0.0
random_bp,expectation_value,bcw_12q_random_bp,hea,RX_RY_RZ_CNOT,none,circular,cnot,local,12,4,4,same_entangling_gate_count,1,2,RX,0,42,layer_001_wire_002_RX,3,-0.0005392179699763684,3.069549288731662e-06,0.0015242945664471121,0.0
random_bp,expectation_value,bcw_12q_random_bp,hea,RX_RY_RZ_CNOT,none,circular,cnot,local,12,4,4,same_entangling_gate_count,1,2,RY,1,43,layer_001_wire_002_RY,3,-0.001959043142668211,3.382947320242972e-05,0.0037752951950073923,0.0
random_bp,expectation_value,bcw_12q_random_bp,hea,RX_RY_RZ_CNOT,none,circular,cnot,local,12,4,4,same_entangling_gate_count,1,2,RZ,2,44,layer_001_wire_002_RZ,3,0.0007478723951888323,8.42790183172512e-06,0.001941265269577493,0.0
random_bp,expectation_value,bcw_12q_random_bp,hea,RX_RY_RZ_CNOT,none,circular,cnot,local,12,4,4,same_entangling_gate_count,1,3,RX,0,45,layer_001_wire_003_RX,3,-0.0012136931365535565,1.1212998640533063e-05,0.0024661650266297195,0.0
random_bp,expectation_value,bcw_12q_random_bp,hea,RX_RY_RZ_CNOT,none,circular,cnot,local,12,4,4,same_entangling_gate_count,1,3,RY,1,46,layer_001_wire_003_RY,3,0.0008561693016952956,8.074399549260528e-07,0.0008561693016952955,0.0
random_bp,expectation_value,bcw_12q_random_bp,hea,RX_RY_RZ_CNOT,none,circular,cnot,local,12,4,4,same_entangling_gate_count,1,3,RZ,2,47,layer_001_wire_003_RZ,3,-0.0034262922639624552,1.0778040688567501e-05,0.003584368008135377,0.0
random_bp,expectation_value,bcw_12q_random_bp,hea,RX_RY_RZ_CNOT,none,circular,cnot,local,12,4,4,same_entangling_gate_count,1,4,RX,0,48,layer_001_wire_004_RX,3,0.002142374474506877,0.0001067851162345451,0.0069575475211715145,0.0
random_bp,expectation_value,bcw_12q_random_bp,hea,RX_RY_RZ_CNOT,none,circular,cnot,local,12,4,4,same_entangling_gate_count,1,4,RY,1,49,layer_001_wire_004_RY,3,-0.003675441071391696,8.580275924962682e-05,0.005901058871196051,0.0
random_bp,expectation_value,bcw_12q_random_bp,hea,RX_RY_RZ_CNOT,none,circular,cnot,local,12,4,4,same_entangling_gate_count,1,4,RZ,2,50,layer_001_wire_004_RZ,3,-0.0019996986406613498,5.301661373302222e-05,0.004872297080660598,0.0
random_bp,expectation_value,bcw_12q_random_bp,hea,RX_RY_RZ_CNOT,none,circular,cnot,local,12,4,4,same_entangling_gate_count,1,5,RX,0,51,layer_001_wire_005_RX,3,0.0014365860294757579,1.8269188590387038e-05,0.0034975740436447565,0.0
random_bp,expectation_value,bcw_12q_random_bp,hea,RX_RY_RZ_CNOT,none,circular,cnot,local,12,4,4,same_entangling_gate_count,1,5,RY,1,52,layer_001_wire_005_RY,3,0.0035027746727977925,1.7862290093728203e-05,0.003502774672797793,0.0
random_bp,expectation_value,bcw_12q_random_bp,hea,RX_RY_RZ_CNOT,none,circular,cnot,local,12,4,4,same_entangling_gate_count,1,5,RZ,2,53,layer_001_wire_005_RZ,3,0.0006644749840834902,1.1897670908523224e-05,0.002833479611333113,0.0
random_bp,expectation_value,bcw_12q_random_bp,hea,RX_RY_RZ_CNOT,none,circular,cnot,local,12,4,4,same_entangling_gate_count,1,6,RX,0,54,layer_001_wire_006_RX,3,0.003623373357542539,2.3686891892558733e-05,0.0036233733575425386,0.0
random_bp,expectation_value,bcw_12q_random_bp,hea,RX_RY_RZ_CNOT,none,circular,cnot,local,12,4,4,same_entangling_gate_count,1,6,RY,1,55,layer_001_wire_006_RY,3,0.0035729942129788684,7.045894855299358e-06,0.0035729942129788684,0.0
random_bp,expectation_value,bcw_12q_random_bp,hea,RX_RY_RZ_CNOT,none,circular,cnot,local,12,4,4,same_entangling_gate_count,1,6,RZ,2,56,layer_001_wire_006_RZ,3,0.003121504883831519,5.25314300332079e-05,0.004505301515964508,0.0
random_bp,expectation_value,bcw_12q_random_bp,hea,RX_RY_RZ_CNOT,none,circular,cnot,local,12,4,4,same_entangling_gate_count,1,7,RX,0,57,layer_001_wire_007_RX,3,-0.0015490057311680519,1.4747067709337424e-05,0.002776513024366767,0.0
random_bp,expectation_value,bcw_12q_random_bp,hea,RX_RY_RZ_CNOT,none,circular,cnot,local,12,4,4,same_entangling_gate_count,1,7,RY,1,58,layer_001_wire_007_RY,3,0.0011488190074945203,9.139774484340205e-07,0.0011488190074945203,0.0
random_bp,expectation_value,bcw_12q_random_bp,hea,RX_RY_RZ_CNOT,none,circular,cnot,local,12,4,4,same_entangling_gate_count,1,7,RZ,2,59,layer_001_wire_007_RZ,3,-0.0006537770194444192,4.016189300134946e-06,0.0016181483415729251,0.0
random_bp,expectation_value,bcw_12q_random_bp,hea,RX_RY_RZ_CNOT,none,circular,cnot,local,12,4,4,same_entangling_gate_count,1,8,RX,0,60,layer_001_wire_008_RX,3,-0.0026799253919960932,1.8604973877755535e-05,0.0029925123510863624,0.0
random_bp,expectation_value,bcw_12q_random_bp,hea,RX_RY_RZ_CNOT,none,circular,cnot,local,12,4,4,same_entangling_gate_count,1,8,RY,1,61,layer_001_wire_008_RY,3,-0.0013355482403561883,3.986177034065454e-06,0.001574982674484366,0.0
random_bp,expectation_value,bcw_12q_random_bp,hea,RX_RY_RZ_CNOT,none,circular,cnot,local,12,4,4,same_entangling_gate_count,1,8,RZ,2,62,layer_001_wire_008_RZ,3,0.00035807082499293805,4.537451015126036e-06,0.0017590921581005243,0.0
random_bp,expectation_value,bcw_12q_random_bp,hea,RX_RY_RZ_CNOT,none,circular,cnot,local,12,4,4,same_entangling_gate_count,1,9,RX,0,63,layer_001_wire_009_RX,3,0.0008539653901902341,1.7259301373514444e-05,0.0034462437476795445,0.0
random_bp,expectation_value,bcw_12q_random_bp,hea,RX_RY_RZ_CNOT,none,circular,cnot,local,12,4,4,same_entangling_gate_count,1,9,RY,1,64,layer_001_wire_009_RY,3,0.00136310974803327,6.743122565798134e-06,0.0016662580903436008,0.0
random_bp,expectation_value,bcw_12q_random_bp,hea,RX_RY_RZ_CNOT,none,circular,cnot,local,12,4,4,same_entangling_gate_count,1,9,RZ,2,65,layer_001_wire_009_RZ,3,-0.0018361786838370583,7.74323132609761e-06,0.0026330251805278143,0.0
random_bp,expectation_value,bcw_12q_random_bp,hea,RX_RY_RZ_CNOT,none,circular,cnot,local,12,4,4,same_entangling_gate_count,1,10,RX,0,66,layer_001_wire_010_RX,3,-0.00043313200289396754,8.488549663932042e-06,0.0022489254381823265,0.0
random_bp,expectation_value,bcw_12q_random_bp,hea,RX_RY_RZ_CNOT,none,circular,cnot,local,12,4,4,same_entangling_gate_count,1,10,RY,1,67,layer_001_wire_010_RY,3,-0.0022611495682178856,5.322985890016817e-06,0.002528970645272344,0.0
random_bp,expectation_value,bcw_12q_random_bp,hea,RX_RY_RZ_CNOT,none,circular,cnot,local,12,4,4,same_entangling_gate_count,1,10,RZ,2,68,layer_001_wire_010_RZ,3,0.0007960254750109325,3.2777833221365053e-06,0.0013665841410221704,0.0
random_bp,expectation_value,bcw_12q_random_bp,hea,RX_RY_RZ_CNOT,none,circular,cnot,local,12,4,4,same_entangling_gate_count,1,11,RX,0,69,layer_001_wire_011_RX,3,-0.002539331327993679,5.594984612720232e-07,0.002539331327993679,0.0
random_bp,expectation_value,bcw_12q_random_bp,hea,RX_RY_RZ_CNOT,none,circular,cnot,local,12,4,4,same_entangling_gate_count,1,11,RY,1,70,layer_001_wire_011_RY,3,0.0015010599411394954,1.1332381387609424e-05,0.0025696451616022465,0.0
random_bp,expectation_value,bcw_12q_random_bp,hea,RX_RY_RZ_CNOT,none,circular,cnot,local,12,4,4,same_entangling_gate_count,1,11,RZ,2,71,layer_001_wire_011_RZ,3,0.0002214190585735522,6.178566944627257e-07,0.0005763281235358144,0.0
random_bp,expectation_value,bcw_12q_random_bp,hea,RX_RY_RZ_CNOT,none,circular,cnot,local,12,4,4,same_entangling_gate_count,2,0,RX,0,72,layer_002_wire_000_RX,3,0.002408988457086635,1.3195358971352563e-05,0.0035932521817180693,0.0
random_bp,expectation_value,bcw_12q_random_bp,hea,RX_RY_RZ_CNOT,none,circular,cnot,local,12,4,4,same_entangling_gate_count,2,0,RY,1,73,layer_002_wire_000_RY,3,0.00567138453901885,5.9978511658495426e-05,0.006024774955853244,0.0
random_bp,expectation_value,bcw_12q_random_bp,hea,RX_RY_RZ_CNOT,none,circular,cnot,local,12,4,4,same_entangling_gate_count,2,0,RZ,2,74,layer_002_wire_000_RZ,3,-0.006159709729428902,1.751433302416806e-05,0.006159709729428901,0.0
random_bp,expectation_value,bcw_12q_random_bp,hea,RX_RY_RZ_CNOT,none,circular,cnot,local,12,4,4,same_entangling_gate_count,2,1,RX,0,75,layer_002_wire_001_RX,3,-0.00037336766296186584,1.8846148543456163e-05,0.0030683346638498473,0.0
random_bp,expectation_value,bcw_12q_random_bp,hea,RX_RY_RZ_CNOT,none,circular,cnot,local,12,4,4,same_entangling_gate_count,2,1,RY,1,76,layer_002_wire_001_RY,3,-0.0027605224004131936,7.996265280067244e-05,0.0074345930997389295,0.0
random_bp,expectation_value,bcw_12q_random_bp,hea,RX_RY_RZ_CNOT,none,circular,cnot,local,12,4,4,same_entangling_gate_count,2,1,RZ,2,77,layer_002_wire_001_RZ,3,0.004110810502598808,5.119004447686373e-06,0.004110810502598808,0.0
random_bp,expectation_value,bcw_12q_random_bp,hea,RX_RY_RZ_CNOT,none,circular,cnot,local,12,4,4,same_entangling_gate_count,2,2,RX,0,78,layer_002_wire_002_RX,3,0.0013436378815922605,3.973080910837061e-06,0.001436721226175018,0.0
random_bp,expectation_value,bcw_12q_random_bp,hea,RX_RY_RZ_CNOT,none,circular,cnot,local,12,4,4,same_entangling_gate_count,2,2,RY,1,79,layer_002_wire_002_RY,3,-0.003827565877508473,8.162073365717109e-06,0.0038275658775084732,0.0
random_bp,expectation_value,bcw_12q_random_bp,hea,RX_RY_RZ_CNOT,none,circular,cnot,local,12,4,4,same_entangling_gate_count,2,2,RZ,2,80,layer_002_wire_002_RZ,3,-0.0019185333890069708,5.7974047299897164e-05,0.005179287490039459,0.0
random_bp,expectation_value,bcw_12q_random_bp,hea,RX_RY_RZ_CNOT,none,circular,cnot,local,12,4,4,same_entangling_gate_count,2,3,RX,0,81,layer_002_wire_003_RX,3,-0.0005159636483334268,9.665408130990366e-06,0.0024746498913609007,0.0
random_bp,expectation_value,bcw_12q_random_bp,hea,RX_RY_RZ_CNOT,none,circular,cnot,local,12,4,4,same_entangling_gate_count,2,3,RY,1,82,layer_002_wire_003_RY,3,-0.001719691058845142,6.1316864860998715e-06,0.001861957512456258,0.0
random_bp,expectation_value,bcw_12q_random_bp,hea,RX_RY_RZ_CNOT,none,circular,cnot,local,12,4,4,same_entangling_gate_count,2,3,RZ,2,83,layer_002_wire_003_RZ,3,0.0017442739379942547,1.1196789623848305e-06,0.0017442739379942547,0.0
random_bp,expectation_value,bcw_12q_random_bp,hea,RX_RY_RZ_CNOT,none,circular,cnot,local,12,4,4,same_entangling_gate_count,2,4,RX,0,84,layer_002_wire_004_RX,3,-0.0015243646804796107,1.348970848049159e-06,0.0015243646804796104,0.0
random_bp,expectation_value,bcw_12q_random_bp,hea,RX_RY_RZ_CNOT,none,circular,cnot,local,12,4,4,same_entangling_gate_count,2,4,RY,1,85,layer_002_wire_004_RY,3,0.005868699139301514,3.172110841650585e-06,0.005868699139301513,0.0
random_bp,expectation_value,bcw_12q_random_bp,hea,RX_RY_RZ_CNOT,none,circular,cnot,local,12,4,4,same_entangling_gate_count,2,4,RZ,2,86,layer_002_wire_004_RZ,3,0.0002384690086436972,4.008878959727235e-06,0.0014365272877984892,0.0
random_bp,expectation_value,bcw_12q_random_bp,hea,RX_RY_RZ_CNOT,none,circular,cnot,local,12,4,4,same_entangling_gate_count,2,5,RX,0,87,layer_002_wire_005_RX,3,-0.0007710710729241374,3.924209579627527e-06,0.0012629317131060845,0.0
random_bp,expectation_value,bcw_12q_random_bp,hea,RX_RY_RZ_CNOT,none,circular,cnot,local,12,4,4,same_entangling_gate_count,2,5,RY,1,88,layer_002_wire_005_RY,3,-0.0010011442321128357,1.5555347995694512e-05,0.0026463665258877104,0.0
random_bp,expectation_value,bcw_12q_random_bp,hea,RX_RY_RZ_CNOT,none,circular,cnot,local,12,4,4,same_entangling_gate_count,2,5,RZ,2,89,layer_002_wire_005_RZ,3,0.00110745435338371,8.237996818686914e-06,0.002182543541917232,0.0
random_bp,expectation_value,bcw_12q_random_bp,hea,RX_RY_RZ_CNOT,none,circular,cnot,local,12,4,4,same_entangling_gate_count,2,6,RX,0,90,layer_002_wire_006_RX,3,-0.0002609654420389656,5.224283998452304e-08,0.00026167753172199855,0.0
random_bp,expectation_value,bcw_12q_random_bp,hea,RX_RY_RZ_CNOT,none,circular,cnot,local,12,4,4,same_entangling_gate_count,2,6,RY,1,91,layer_002_wire_006_RY,3,-0.0023086278804525405,1.6825943726905486e-05,0.003144838381102329,0.0
random_bp,expectation_value,bcw_12q_random_bp,hea,RX_RY_RZ_CNOT,none,circular,cnot,local,12,4,4,same_entangling_gate_count,2,6,RZ,2,92,layer_002_wire_006_RZ,3,-0.0030327771268162957,8.855001996984544e-06,0.0030327771268162957,0.0
random_bp,expectation_value,bcw_12q_random_bp,hea,RX_RY_RZ_CNOT,none,circular,cnot,local,12,4,4,same_entangling_gate_count,2,7,RX,0,93,layer_002_wire_007_RX,3,0.0011135108122903618,2.449149707649261e-06,0.0015668736197796986,0.0
random_bp,expectation_value,bcw_12q_random_bp,hea,RX_RY_RZ_CNOT,none,circular,cnot,local,12,4,4,same_entangling_gate_count,2,7,RY,1,94,layer_002_wire_007_RY,3,0.0015782804292412422,1.6069952140447538e-05,0.002621286420037046,0.0
random_bp,expectation_value,bcw_12q_random_bp,hea,RX_RY_RZ_CNOT,none,circular,cnot,local,12,4,4,same_entangling_gate_count,2,7,RZ,2,95,layer_002_wire_007_RZ,3,0.00233448569287093,1.7798733874582355e-06,0.00233448569287093,0.0
random_bp,expectation_value,bcw_12q_random_bp,hea,RX_RY_RZ_CNOT,none,circular,cnot,local,12,4,4,same_entangling_gate_count,2,8,RX,0,96,layer_002_wire_008_RX,3,0.0021082561375539207,8.416596401629043e-06,0.002935307913652947,0.0
random_bp,expectation_value,bcw_12q_random_bp,hea,RX_RY_RZ_CNOT,none,circular,cnot,local,12,4,4,same_entangling_gate_count,2,8,RY,1,97,layer_002_wire_008_RY,3,0.002298041671440489,1.7482712926896317e-05,0.0024526590177077734,0.0
random_bp,expectation_value,bcw_12q_random_bp,hea,RX_RY_RZ_CNOT,none,circular,cnot,local,12,4,4,same_entangling_gate_count,2,8,RZ,2,98,layer_002_wire_008_RZ,3,-0.0018027982623711105,2.042746634324034e-06,0.0018027982623711107,0.0
random_bp,expectation_value,bcw_12q_random_bp,hea,RX_RY_RZ_CNOT,none,circular,cnot,local,12,4,4,same_entangling_gate_count,2,9,RX,0,99,layer_002_wire_009_RX,3,-0.00025179381862059887,5.59485242992886e-06,0.00172927947894703,0.0
random_bp,expectation_value,bcw_12q_random_bp,hea,RX_RY_RZ_CNOT,none,circular,cnot,local,12,4,4,same_entangling_gate_count,2,9,RY,1,100,layer_002_wire_009_RY,3,0.002606496729675669,4.774729827051926e-06,0.002606496729675669,0.0
random_bp,expectation_value,bcw_12q_random_bp,hea,RX_RY_RZ_CNOT,none,circular,cnot,local,12,4,4,same_entangling_gate_count,2,9,RZ,2,101,layer_002_wire_009_RZ,3,-0.001392009946702098,3.396867224075329e-07,0.0013920099467020983,0.0
random_bp,expectation_value,bcw_12q_random_bp,hea,RX_RY_RZ_CNOT,none,circular,cnot,local,12,4,4,same_entangling_gate_count,2,10,RX,0,102,layer_002_wire_010_RX,3,-8.823292082365739e-05,1.3233199388335535e-06,0.0008716797624592042,0.0
random_bp,expectation_value,bcw_12q_random_bp,hea,RX_RY_RZ_CNOT,none,circular,cnot,local,12,4,4,same_entangling_gate_count,2,10,RY,1,103,layer_002_wire_010_RY,3,-0.0009223081202080988,7.398351617867068e-06,0.0022123615413840755,0.0
random_bp,expectation_value,bcw_12q_random_bp,hea,RX_RY_RZ_CNOT,none,circular,cnot,local,12,4,4,same_entangling_gate_count,2,10,RZ,2,104,layer_002_wire_010_RZ,3,-0.003117115229040949,2.407224028974625e-06,0.003117115229040949,0.0
random_bp,expectation_value,bcw_12q_random_bp,hea,RX_RY_RZ_CNOT,none,circular,cnot,local,12,4,4,same_entangling_gate_count,2,11,RX,0,105,layer_002_wire_011_RX,3,0.001365190841767899,2.6883237860649584e-06,0.001676710192749148,0.0
random_bp,expectation_value,bcw_12q_random_bp,hea,RX_RY_RZ_CNOT,none,circular,cnot,local,12,4,4,same_entangling_gate_count,2,11,RY,1,106,layer_002_wire_011_RY,3,0.0002994169666897064,3.309176199037339e-07,0.0005211726807972313,0.0
random_bp,expectation_value,bcw_12q_random_bp,hea,RX_RY_RZ_CNOT,none,circular,cnot,local,12,4,4,same_entangling_gate_count,2,11,RZ,2,107,layer_002_wire_011_RZ,3,0.00017211918890061486,7.02910828439046e-06,0.0018514855790955078,0.0
random_bp,expectation_value,bcw_12q_random_bp,hea,RX_RY_RZ_CNOT,none,circular,cnot,local,12,4,4,same_entangling_gate_count,3,0,RX,0,108,layer_003_wire_000_RX,3,0.00044917747708819614,1.518704090834821e-07,0.0004491774770881962,0.0
random_bp,expectation_value,bcw_12q_random_bp,hea,RX_RY_RZ_CNOT,none,circular,cnot,local,12,4,4,same_entangling_gate_count,3,0,RY,1,109,layer_003_wire_000_RY,3,0.0026425585347851126,3.968549669213983e-06,0.002642558534785113,0.0
random_bp,expectation_value,bcw_12q_random_bp,hea,RX_RY_RZ_CNOT,none,circular,cnot,local,12,4,4,same_entangling_gate_count,3,0,RZ,2,110,layer_003_wire_000_RZ,3,-3.624473044127598e-18,7.985685174837428e-37,3.624473044127598e-18,1.0
random_bp,expectation_value,bcw_12q_random_bp,hea,RX_RY_RZ_CNOT,none,circular,cnot,local,12,4,4,same_entangling_gate_count,3,1,RX,0,111,layer_003_wire_001_RX,3,0.0005780622451158428,9.170211864565373e-06,0.002086784380763283,0.0
random_bp,expectation_value,bcw_12q_random_bp,hea,RX_RY_RZ_CNOT,none,circular,cnot,local,12,4,4,same_entangling_gate_count,3,1,RY,1,112,layer_003_wire_001_RY,3,-0.001517683836999299,6.545298051388796e-05,0.005538229194251548,0.0
random_bp,expectation_value,bcw_12q_random_bp,hea,RX_RY_RZ_CNOT,none,circular,cnot,local,12,4,4,same_entangling_gate_count,3,1,RZ,2,113,layer_003_wire_001_RZ,3,3.474196044934804e-18,7.653084961380171e-34,1.891308890897839e-17,1.0
random_bp,expectation_value,bcw_12q_random_bp,hea,RX_RY_RZ_CNOT,none,circular,cnot,local,12,4,4,same_entangling_gate_count,3,2,RX,0,114,layer_003_wire_002_RX,3,0.007009126147592793,0.0001009367039467882,0.007285940795254981,0.0
random_bp,expectation_value,bcw_12q_random_bp,hea,RX_RY_RZ_CNOT,none,circular,cnot,local,12,4,4,same_entangling_gate_count,3,2,RY,1,115,layer_003_wire_002_RY,3,0.006805590710515806,7.815336895971838e-05,0.009028987901479353,0.0
random_bp,expectation_value,bcw_12q_random_bp,hea,RX_RY_RZ_CNOT,none,circular,cnot,local,12,4,4,same_entangling_gate_count,3,2,RZ,2,116,layer_003_wire_002_RZ,3,-9.413638617167038e-18,7.081148518697538e-34,1.7303887611832396e-17,1.0
random_bp,expectation_value,bcw_12q_random_bp,hea,RX_RY_RZ_CNOT,none,circular,cnot,local,12,4,4,same_entangling_gate_count,3,3,RX,0,117,layer_003_wire_003_RX,3,0.0021211060937648667,4.655969157909495e-06,0.0022152885411409885,0.0
random_bp,expectation_value,bcw_12q_random_bp,hea,RX_RY_RZ_CNOT,none,circular,cnot,local,12,4,4,same_entangling_gate_count,3,3,RY,1,118,layer_003_wire_003_RY,3,-0.0006490520474971472,2.5658646225853765e-06,0.0013024457560814695,0.0
random_bp,expectation_value,bcw_12q_random_bp,hea,RX_RY_RZ_CNOT,none,circular,cnot,local,12,4,4,same_entangling_gate_count,3,3,RZ,2,119,layer_003_wire_003_RZ,3,1.079426734415664e-18,8.1935146623544e-35,6.5279013311138795e-18,1.0
random_bp,expectation_value,bcw_12q_random_bp,hea,RX_RY_RZ_CNOT,none,circular,cnot,local,12,4,4,same_entangling_gate_count,3,4,RX,0,120,layer_003_wire_004_RX,3,0.0003171258621756334,3.940599928768607e-06,0.0013514198579705772,0.0
random_bp,expectation_value,bcw_12q_random_bp,hea,RX_RY_RZ_CNOT,none,circular,cnot,local,12,4,4,same_entangling_gate_count,3,4,RY,1,121,layer_003_wire_004_RY,3,0.001962189804596837,8.122783861493714e-06,0.0028467907537888643,0.0
random_bp,expectation_value,bcw_12q_random_bp,hea,RX_RY_RZ_CNOT,none,circular,cnot,local,12,4,4,same_entangling_gate_count,3,4,RZ,2,122,layer_003_wire_004_RZ,3,6.290387616593475e-19,2.78624477106977e-35,3.81701547931877e-18,1.0
random_bp,expectation_value,bcw_12q_random_bp,hea,RX_RY_RZ_CNOT,none,circular,cnot,local,12,4,4,same_entangling_gate_count,3,5,RX,0,123,layer_003_wire_005_RX,3,-0.002256680458883747,3.317324189474558e-05,0.0036197435784415563,0.0
random_bp,expectation_value,bcw_12q_random_bp,hea,RX_RY_RZ_CNOT,none,circular,cnot,local,12,4,4,same_entangling_gate_count,3,5,RY,1,124,layer_003_wire_005_RY,3,0.0038529067145910262,2.8700145072901882e-06,0.0038529067145910262,0.0
random_bp,expectation_value,bcw_12q_random_bp,hea,RX_RY_RZ_CNOT,none,circular,cnot,local,12,4,4,same_entangling_gate_count,3,5,RZ,2,125,layer_003_wire_005_RZ,3,-1.8594573452695237e-18,2.7631825318599813e-35,4.4894996581151685e-18,1.0
random_bp,expectation_value,bcw_12q_random_bp,hea,RX_RY_RZ_CNOT,none,circular,cnot,local,12,4,4,same_entangling_gate_count,3,6,RX,0,126,layer_003_wire_006_RX,3,-0.00025712241163228613,1.1135936045729313e-06,0.0006977828249628981,0.0
random_bp,expectation_value,bcw_12q_random_bp,hea,RX_RY_RZ_CNOT,none,circular,cnot,local,12,4,4,same_entangling_gate_count,3,6,RY,1,127,layer_003_wire_006_RY,3,0.0017406460914628052,7.913429618020248e-06,0.002681727699542003,0.0
random_bp,expectation_value,bcw_12q_random_bp,hea,RX_RY_RZ_CNOT,none,circular,cnot,local,12,4,4,same_entangling_gate_count,3,6,RZ,2,128,layer_003_wire_006_RZ,3,1.962046251808117e-18,4.977085653861187e-36,2.367721495528829e-18,1.0
random_bp,expectation_value,bcw_12q_random_bp,hea,RX_RY_RZ_CNOT,none,circular,cnot,local,12,4,4,same_entangling_gate_count,3,7,RX,0,129,layer_003_wire_007_RX,3,0.0020133966129990623,4.3986046132147536e-06,0.002179462819202566,0.0
random_bp,expectation_value,bcw_12q_random_bp,hea,RX_RY_RZ_CNOT,none,circular,cnot,local,12,4,4,same_entangling_gate_count,3,7,RY,1,130,layer_003_wire_007_RY,3,-0.0030587889896779396,5.347709677638924e-06,0.0030587889896779396,0.0
random_bp,expectation_value,bcw_12q_random_bp,hea,RX_RY_RZ_CNOT,none,circular,cnot,local,12,4,4,same_entangling_gate_count,3,7,RZ,2,131,layer_003_wire_007_RZ,3,3.1860969681629523e-18,1.901742986182257e-36,3.186096968162952e-18,1.0
random_bp,expectation_value,bcw_12q_random_bp,hea,RX_RY_RZ_CNOT,none,circular,cnot,local,12,4,4,same_entangling_gate_count,3,8,RX,0,132,layer_003_wire_008_RX,3,-0.0030963224068728695,7.340407703173006e-06,0.0030963224068728695,0.0
random_bp,expectation_value,bcw_12q_random_bp,hea,RX_RY_RZ_CNOT,none,circular,cnot,local,12,4,4,same_entangling_gate_count,3,8,RY,1,133,layer_003_wire_008_RY,3,-0.0003787949996212298,5.738340769931487e-07,0.0005499863386180009,0.0
random_bp,expectation_value,bcw_12q_random_bp,hea,RX_RY_RZ_CNOT,none,circular,cnot,local,12,4,4,same_entangling_gate_count,3,8,RZ,2,134,layer_003_wire_008_RZ,3,-5.249199404566944e-18,3.639780837281874e-35,6.254045459836825e-18,1.0
random_bp,expectation_value,bcw_12q_random_bp,hea,RX_RY_RZ_CNOT,none,circular,cnot,local,12,4,4,same_entangling_gate_count,3,9,RX,0,135,layer_003_wire_009_RX,3,-0.0004999681253433394,2.387339629850668e-06,0.0013528286496161338,0.0
random_bp,expectation_value,bcw_12q_random_bp,hea,RX_RY_RZ_CNOT,none,circular,cnot,local,12,4,4,same_entangling_gate_count,3,9,RY,1,136,layer_003_wire_009_RY,3,0.001747449193915335,6.354606070639109e-06,0.0025210231361543667,0.0
random_bp,expectation_value,bcw_12q_random_bp,hea,RX_RY_RZ_CNOT,none,circular,cnot,local,12,4,4,same_entangling_gate_count,3,9,RZ,2,137,layer_003_wire_009_RZ,3,1.817046749942961e-18,4.08912411280573e-35,5.400420314473234e-18,1.0
random_bp,expectation_value,bcw_12q_random_bp,hea,RX_RY_RZ_CNOT,none,circular,cnot,local,12,4,4,same_entangling_gate_count,3,10,RX,0,138,layer_003_wire_010_RX,3,3.7219565056716e-05,2.3843059290227907e-06,0.0011736564234280803,0.0
random_bp,expectation_value,bcw_12q_random_bp,hea,RX_RY_RZ_CNOT,none,circular,cnot,local,12,4,4,same_entangling_gate_count,3,10,RY,1,139,layer_003_wire_010_RY,3,0.003552807999251599,8.52980186850054e-06,0.0035528079992515993,0.0
random_bp,expectation_value,bcw_12q_random_bp,hea,RX_RY_RZ_CNOT,none,circular,cnot,local,12,4,4,same_entangling_gate_count,3,10,RZ,2,140,layer_003_wire_010_RZ,3,8.187276266675023e-18,1.7996266679407433e-34,1.0130714485261694e-17,1.0
random_bp,expectation_value,bcw_12q_random_bp,hea,RX_RY_RZ_CNOT,none,circular,cnot,local,12,4,4,same_entangling_gate_count,3,11,RX,0,141,layer_003_wire_011_RX,3,-0.00024065067244701902,4.184193807079516e-07,0.0005781350245819748,0.0
random_bp,expectation_value,bcw_12q_random_bp,hea,RX_RY_RZ_CNOT,none,circular,cnot,local,12,4,4,same_entangling_gate_count,3,11,RY,1,142,layer_003_wire_011_RY,3,-0.0015409800280471895,2.0246333722705813e-06,0.0015409800280471895,0.0
random_bp,expectation_value,bcw_12q_random_bp,hea,RX_RY_RZ_CNOT,none,circular,cnot,local,12,4,4,same_entangling_gate_count,3,11,RZ,2,143,layer_003_wire_011_RZ,3,-2.0296182147654782e-17,6.118901380938232e-35,2.0296182147654785e-17,1.0
random_bp,expectation_value,bcw_12q_random_bp,hea,RX_RY_RZ_CNOT,none,linear,cnot,global,12,4,4,same_entangling_gate_count,0,0,RX,0,0,layer_000_wire_000_RX,3,0.0029660877887577714,2.6870502705682727e-07,0.0029660877887577714,0.0
random_bp,expectation_value,bcw_12q_random_bp,hea,RX_RY_RZ_CNOT,none,linear,cnot,global,12,4,4,same_entangling_gate_count,0,0,RY,1,1,layer_000_wire_000_RY,3,-0.0013050677010333282,3.865140892046329e-05,0.004200637526946007,0.0
random_bp,expectation_value,bcw_12q_random_bp,hea,RX_RY_RZ_CNOT,none,linear,cnot,global,12,4,4,same_entangling_gate_count,0,0,RZ,2,2,layer_000_wire_000_RZ,3,0.0012806464935973844,6.722750362459794e-06,0.0022132634880623375,0.0
random_bp,expectation_value,bcw_12q_random_bp,hea,RX_RY_RZ_CNOT,none,linear,cnot,global,12,4,4,same_entangling_gate_count,0,1,RX,0,3,layer_000_wire_001_RX,3,0.028023566148082928,0.001176051015126561,0.028023566148082924,0.0
random_bp,expectation_value,bcw_12q_random_bp,hea,RX_RY_RZ_CNOT,none,linear,cnot,global,12,4,4,same_entangling_gate_count,0,1,RY,1,4,layer_000_wire_001_RY,3,0.005896188702776518,0.0003049495542583687,0.011158411816739518,0.0
random_bp,expectation_value,bcw_12q_random_bp,hea,RX_RY_RZ_CNOT,none,linear,cnot,global,12,4,4,same_entangling_gate_count,0,1,RZ,2,5,layer_000_wire_001_RZ,3,-0.019173143106434608,0.0013946033920093546,0.024084550264888083,0.0
random_bp,expectation_value,bcw_12q_random_bp,hea,RX_RY_RZ_CNOT,none,linear,cnot,global,12,4,4,same_entangling_gate_count,0,2,RX,0,6,layer_000_wire_002_RX,3,-0.0013697901300727695,0.00019660745949696314,0.010880334873795298,0.0
random_bp,expectation_value,bcw_12q_random_bp,hea,RX_RY_RZ_CNOT,none,linear,cnot,global,12,4,4,same_entangling_gate_count,0,2,RY,1,7,layer_000_wire_002_RY,3,0.0010214696647940767,4.832507405961907e-05,0.004975992061736253,0.0
random_bp,expectation_value,bcw_12q_random_bp,hea,RX_RY_RZ_CNOT,none,linear,cnot,global,12,4,4,same_entangling_gate_count,0,2,RZ,2,8,layer_000_wire_002_RZ,3,0.002896288923513162,0.0003046783273796526,0.014397457155409243,0.0
random_bp,expectation_value,bcw_12q_random_bp,hea,RX_RY_RZ_CNOT,none,linear,cnot,global,12,4,4,same_entangling_gate_count,0,3,RX,0,9,layer_000_wire_003_RX,3,-0.0030779598303607974,0.00010539188485347468,0.006844536626109013,0.0
random_bp,expectation_value,bcw_12q_random_bp,hea,RX_RY_RZ_CNOT,none,linear,cnot,global,12,4,4,same_entangling_gate_count,0,3,RY,1,10,layer_000_wire_003_RY,3,0.007902119472008022,2.722431464928948e-05,0.007902119472008024,0.0
random_bp,expectation_value,bcw_12q_random_bp,hea,RX_RY_RZ_CNOT,none,linear,cnot,global,12,4,4,same_entangling_gate_count,0,3,RZ,2,11,layer_000_wire_003_RZ,3,0.005319336912076422,6.937882546317992e-05,0.005319336912076422,0.0
random_bp,expectation_value,bcw_12q_random_bp,hea,RX_RY_RZ_CNOT,none,linear,cnot,global,12,4,4,same_entangling_gate_count,0,4,RX,0,12,layer_000_wire_004_RX,3,0.004040974138376624,9.11373478830466e-05,0.006001255780335772,0.0
random_bp,expectation_value,bcw_12q_random_bp,hea,RX_RY_RZ_CNOT,none,linear,cnot,global,12,4,4,same_entangling_gate_count,0,4,RY,1,13,layer_000_wire_004_RY,3,0.012115359632983439,0.00041457918285334644,0.012115359632983437,0.0
random_bp,expectation_value,bcw_12q_random_bp,hea,RX_RY_RZ_CNOT,none,linear,cnot,global,12,4,4,same_entangling_gate_count,0,4,RZ,2,14,layer_000_wire_004_RZ,3,0.016525409035996093,0.0006825755052163536,0.016525409035996093,0.0
random_bp,expectation_value,bcw_12q_random_bp,hea,RX_RY_RZ_CNOT,none,linear,cnot,global,12,4,4,same_entangling_gate_count,0,5,RX,0,15,layer_000_wire_005_RX,3,0.0023818593148682093,9.017507677507508e-05,0.006471855259292492,0.0
random_bp,expectation_value,bcw_12q_random_bp,hea,RX_RY_RZ_CNOT,none,linear,cnot,global,12,4,4,same_entangling_gate_count,0,5,RY,1,16,layer_000_wire_005_RY,3,-0.004092318455403341,3.560836943483246e-05,0.005219068517972267,0.0
random_bp,expectation_value,bcw_12q_random_bp,hea,RX_RY_RZ_CNOT,none,linear,cnot,global,12,4,4,same_entangling_gate_count,0,5,RZ,2,17,layer_000_wire_005_RZ,3,-0.0032605813299077264,4.528442996808759e-06,0.0032605813299077264,0.0
random_bp,expectation_value,bcw_12q_random_bp,hea,RX_RY_RZ_CNOT,none,linear,cnot,global,12,4,4,same_entangling_gate_count,0,6,RX,0,18,layer_000_wire_006_RX,3,-0.0006308765025353476,1.3533271461050227e-05,0.0026070167306518383,0.0
random_bp,expectation_value,bcw_12q_random_bp,hea,RX_RY_RZ_CNOT,none,linear,cnot,global,12,4,4,same_entangling_gate_count,0,6,RY,1,19,layer_000_wire_006_RY,3,0.0037226232664988443,1.5303947742872418e-05,0.004003426724892208,0.0
random_bp,expectation_value,bcw_12q_random_bp,hea,RX_RY_RZ_CNOT,none,linear,cnot,global,12,4,4,same_entangling_gate_count,0,6,RZ,2,20,layer_000_wire_006_RZ,3,-0.0029575095128172107,9.158399271598072e-05,0.006289853241265257,0.0
random_bp,expectation_value,bcw_12q_random_bp,hea,RX_RY_RZ_CNOT,none,linear,cnot,global,12,4,4,same_entangling_gate_count,0,7,RX,0,21,layer_000_wire_007_RX,3,-0.0010147178054819078,4.439295272408729e-05,0.00469882393179179,0.0
random_bp,expectation_value,bcw_12q_random_bp,hea,RX_RY_RZ_CNOT,none,linear,cnot,global,12,4,4,same_entangling_gate_count,0,7,RY,1,22,layer_000_wire_007_RY,3,-0.002856715352302976,6.654429652864516e-05,0.006214922643426384,0.0
random_bp,expectation_value,bcw_12q_random_bp,hea,RX_RY_RZ_CNOT,none,linear,cnot,global,12,4,4,same_entangling_gate_count,0,7,RZ,2,23,layer_000_wire_007_RZ,3,0.003878177737583359,5.886104478774441e-05,0.005751700868598504,0.0
random_bp,expectation_value,bcw_12q_random_bp,hea,RX_RY_RZ_CNOT,none,linear,cnot,global,12,4,4,same_entangling_gate_count,0,8,RX,0,24,layer_000_wire_008_RX,3,0.002554263764524661,0.0001146094099396337,0.007152515147801384,0.0
random_bp,expectation_value,bcw_12q_random_bp,hea,RX_RY_RZ_CNOT,none,linear,cnot,global,12,4,4,same_entangling_gate_count,0,8,RY,1,25,layer_000_wire_008_RY,3,0.0011863893413071546,1.4235102534807235e-05,0.002641090356494053,0.0
random_bp,expectation_value,bcw_12q_random_bp,hea,RX_RY_RZ_CNOT,none,linear,cnot,global,12,4,4,same_entangling_gate_count,0,8,RZ,2,26,layer_000_wire_008_RZ,3,0.003988162306861889,5.5582005882576196e-05,0.006937001533634977,0.0
random_bp,expectation_value,bcw_12q_random_bp,hea,RX_RY_RZ_CNOT,none,linear,cnot,global,12,4,4,same_entangling_gate_count,0,9,RX,0,27,layer_000_wire_009_RX,3,0.0004320557907755225,9.070007455299237e-05,0.007269450491133772,0.0
random_bp,expectation_value,bcw_12q_random_bp,hea,RX_RY_RZ_CNOT,none,linear,cnot,global,12,4,4,same_entangling_gate_count,0,9,RY,1,28,layer_000_wire_009_RY,3,0.0007829192246999434,4.0796601695143395e-06,0.001278071698305822,0.0
random_bp,expectation_value,bcw_12q_random_bp,hea,RX_RY_RZ_CNOT,none,linear,cnot,global,12,4,4,same_entangling_gate_count,0,9,RZ,2,29,layer_000_wire_009_RZ,3,0.006135344128801553,1.0773259865694156e-05,0.006135344128801554,0.0
random_bp,expectation_value,bcw_12q_random_bp,hea,RX_RY_RZ_CNOT,none,linear,cnot,global,12,4,4,same_entangling_gate_count,0,10,RX,0,30,layer_000_wire_010_RX,3,0.0014124899095663839,0.00012377480312999079,0.008229901777951201,0.0
random_bp,expectation_value,bcw_12q_random_bp,hea,RX_RY_RZ_CNOT,none,linear,cnot,global,12,4,4,same_entangling_gate_count,0,10,RY,1,31,layer_000_wire_010_RY,3,-0.004583013912445612,6.162457933477528e-05,0.005710612589733954,0.0
random_bp,expectation_value,bcw_12q_random_bp,hea,RX_RY_RZ_CNOT,none,linear,cnot,global,12,4,4,same_entangling_gate_count,0,10,RZ,2,32,layer_000_wire_010_RZ,3,-0.0024037026403306407,0.0001023505117440512,0.008375704409891967,0.0
random_bp,expectation_value,bcw_12q_random_bp,hea,RX_RY_RZ_CNOT,none,linear,cnot,global,12,4,4,same_entangling_gate_count,0,11,RX,0,33,layer_000_wire_011_RX,3,0.002540473580865417,3.267869893315546e-05,0.003747131432424716,0.0
random_bp,expectation_value,bcw_12q_random_bp,hea,RX_RY_RZ_CNOT,none,linear,cnot,global,12,4,4,same_entangling_gate_count,0,11,RY,1,34,layer_000_wire_011_RY,3,-0.004244143997273405,4.74310435182285e-05,0.005497288235326089,0.0
random_bp,expectation_value,bcw_12q_random_bp,hea,RX_RY_RZ_CNOT,none,linear,cnot,global,12,4,4,same_entangling_gate_count,0,11,RZ,2,35,layer_000_wire_011_RZ,3,-0.004954842833297898,0.00018613091234699652,0.011413154464639525,0.0
random_bp,expectation_value,bcw_12q_random_bp,hea,RX_RY_RZ_CNOT,none,linear,cnot,global,12,4,4,same_entangling_gate_count,1,0,RX,0,36,layer_001_wire_000_RX,3,0.006084084691545026,0.00024413454848834815,0.00987174008049275,0.0
random_bp,expectation_value,bcw_12q_random_bp,hea,RX_RY_RZ_CNOT,none,linear,cnot,global,12,4,4,same_entangling_gate_count,1,0,RY,1,37,layer_001_wire_000_RY,3,0.006272540126183191,7.52555839960996e-05,0.006710646368760402,0.0
random_bp,expectation_value,bcw_12q_random_bp,hea,RX_RY_RZ_CNOT,none,linear,cnot,global,12,4,4,same_entangling_gate_count,1,0,RZ,2,38,layer_001_wire_000_RZ,3,-0.0029091052189063136,0.00011604321991458096,0.007322431913594143,0.0
random_bp,expectation_value,bcw_12q_random_bp,hea,RX_RY_RZ_CNOT,none,linear,cnot,global,12,4,4,same_entangling_gate_count,1,1,RX,0,39,layer_001_wire_001_RX,3,0.017341359072849005,0.00016797651893465004,0.017341359072849005,0.0
random_bp,expectation_value,bcw_12q_random_bp,hea,RX_RY_RZ_CNOT,none,linear,cnot,global,12,4,4,same_entangling_gate_count,1,1,RY,1,40,layer_001_wire_001_RY,3,0.013588159271115688,0.0002363040195690615,0.013588159271115688,0.0
random_bp,expectation_value,bcw_12q_random_bp,hea,RX_RY_RZ_CNOT,none,linear,cnot,global,12,4,4,same_entangling_gate_count,1,1,RZ,2,41,layer_001_wire_001_RZ,3,-0.014467671180802274,0.0003827606529885499,0.014467671180802276,0.0
random_bp,expectation_value,bcw_12q_random_bp,hea,RX_RY_RZ_CNOT,none,linear,cnot,global,12,4,4,same_entangling_gate_count,1,2,RX,0,42,layer_001_wire_002_RX,3,-0.001308295718672736,1.822574419536013e-05,0.0034188828214192085,0.0
random_bp,expectation_value,bcw_12q_random_bp,hea,RX_RY_RZ_CNOT,none,linear,cnot,global,12,4,4,same_entangling_gate_count,1,2,RY,1,43,layer_001_wire_002_RY,3,0.0018710991745260672,8.896275823208202e-06,0.002467070482857087,0.0
random_bp,expectation_value,bcw_12q_random_bp,hea,RX_RY_RZ_CNOT,none,linear,cnot,global,12,4,4,same_entangling_gate_count,1,2,RZ,2,44,layer_001_wire_002_RZ,3,0.0032768187005438746,5.9531209662360135e-05,0.004806157108428854,0.0
random_bp,expectation_value,bcw_12q_random_bp,hea,RX_RY_RZ_CNOT,none,linear,cnot,global,12,4,4,same_entangling_gate_count,1,3,RX,0,45,layer_001_wire_003_RX,3,-0.012391628911357984,0.0003781803719479711,0.012391628911357984,0.0
random_bp,expectation_value,bcw_12q_random_bp,hea,RX_RY_RZ_CNOT,none,linear,cnot,global,12,4,4,same_entangling_gate_count,1,3,RY,1,46,layer_001_wire_003_RY,3,0.004343066309370397,3.3981486162872694e-05,0.004562914527078782,0.0
random_bp,expectation_value,bcw_12q_random_bp,hea,RX_RY_RZ_CNOT,none,linear,cnot,global,12,4,4,same_entangling_gate_count,1,3,RZ,2,47,layer_001_wire_003_RZ,3,-0.01549705567159151,0.0001818859736388886,0.015497055671591512,0.0
random_bp,expectation_value,bcw_12q_random_bp,hea,RX_RY_RZ_CNOT,none,linear,cnot,global,12,4,4,same_entangling_gate_count,1,4,RX,0,48,layer_001_wire_004_RX,3,-0.007095323291665412,6.466243316715668e-05,0.007686791648827136,0.0
random_bp,expectation_value,bcw_12q_random_bp,hea,RX_RY_RZ_CNOT,none,linear,cnot,global,12,4,4,same_entangling_gate_count,1,4,RY,1,49,layer_001_wire_004_RY,3,-0.005349623217569098,2.4399751954671247e-05,0.005349623217569097,0.0
random_bp,expectation_value,bcw_12q_random_bp,hea,RX_RY_RZ_CNOT,none,linear,cnot,global,12,4,4,same_entangling_gate_count,1,4,RZ,2,50,layer_001_wire_004_RZ,3,0.00783466954684462,3.360852220079936e-05,0.00783466954684462,0.0
random_bp,expectation_value,bcw_12q_random_bp,hea,RX_RY_RZ_CNOT,none,linear,cnot,global,12,4,4,same_entangling_gate_count,1,5,RX,0,51,layer_001_wire_005_RX,3,0.008203043711999942,3.090627664319382e-05,0.008203043711999942,0.0
random_bp,expectation_value,bcw_12q_random_bp,hea,RX_RY_RZ_CNOT,none,linear,cnot,global,12,4,4,same_entangling_gate_count,1,5,RY,1,52,layer_001_wire_005_RY,3,-0.004900143516747239,0.00021895979860534582,0.012200657328287004,0.0
random_bp,expectation_value,bcw_12q_random_bp,hea,RX_RY_RZ_CNOT,none,linear,cnot,global,12,4,4,same_entangling_gate_count,1,5,RZ,2,53,layer_001_wire_005_RZ,3,0.0005628336553876346,2.4154686334804527e-05,0.00357823450811651,0.0
random_bp,expectation_value,bcw_12q_random_bp,hea,RX_RY_RZ_CNOT,none,linear,cnot,global,12,4,4,same_entangling_gate_count,1,6,RX,0,54,layer_001_wire_006_RX,3,0.00014783423310463836,1.3951948215425645e-05,0.002802344682890586,0.0
random_bp,expectation_value,bcw_12q_random_bp,hea,RX_RY_RZ_CNOT,none,linear,cnot,global,12,4,4,same_entangling_gate_count,1,6,RY,1,55,layer_001_wire_006_RY,3,-0.003634361325603252,0.00010325993350991445,0.00650357871633868,0.0
random_bp,expectation_value,bcw_12q_random_bp,hea,RX_RY_RZ_CNOT,none,linear,cnot,global,12,4,4,same_entangling_gate_count,1,6,RZ,2,56,layer_001_wire_006_RZ,3,0.009369407498849992,2.6310951691016545e-05,0.009369407498849992,0.0
random_bp,expectation_value,bcw_12q_random_bp,hea,RX_RY_RZ_CNOT,none,linear,cnot,global,12,4,4,same_entangling_gate_count,1,7,RX,0,57,layer_001_wire_007_RX,3,0.001294110080434962,4.265309938514733e-05,0.004570951914804313,0.0
random_bp,expectation_value,bcw_12q_random_bp,hea,RX_RY_RZ_CNOT,none,linear,cnot,global,12,4,4,same_entangling_gate_count,1,7,RY,1,58,layer_001_wire_007_RY,3,-0.00524854100955009,8.063724779009158e-05,0.008569835618120062,0.0
random_bp,expectation_value,bcw_12q_random_bp,hea,RX_RY_RZ_CNOT,none,linear,cnot,global,12,4,4,same_entangling_gate_count,1,7,RZ,2,59,layer_001_wire_007_RZ,3,0.0035714605338830656,9.401792476985702e-05,0.008653994774677778,0.0
random_bp,expectation_value,bcw_12q_random_bp,hea,RX_RY_RZ_CNOT,none,linear,cnot,global,12,4,4,same_entangling_gate_count,1,8,RX,0,60,layer_001_wire_008_RX,3,-0.0021745926653660014,0.000101847291446042,0.008485151666678297,0.0
random_bp,expectation_value,bcw_12q_random_bp,hea,RX_RY_RZ_CNOT,none,linear,cnot,global,12,4,4,same_entangling_gate_count,1,8,RY,1,61,layer_001_wire_008_RY,3,8.390952796176151e-05,5.8447573119265196e-06,0.0018813138900431728,0.0
random_bp,expectation_value,bcw_12q_random_bp,hea,RX_RY_RZ_CNOT,none,linear,cnot,global,12,4,4,same_entangling_gate_count,1,8,RZ,2,62,layer_001_wire_008_RZ,3,-0.0038320605109394635,7.596033074753583e-05,0.007872155560000036,0.0
random_bp,expectation_value,bcw_12q_random_bp,hea,RX_RY_RZ_CNOT,none,linear,cnot,global,12,4,4,same_entangling_gate_count,1,9,RX,0,63,layer_001_wire_009_RX,3,0.0008966730373893385,2.0105188421234197e-05,0.002977048576360452,0.0
random_bp,expectation_value,bcw_12q_random_bp,hea,RX_RY_RZ_CNOT,none,linear,cnot,global,12,4,4,same_entangling_gate_count,1,9,RY,1,64,layer_001_wire_009_RY,3,0.005937361003664964,0.00012436956312524743,0.01044588674261806,0.0
random_bp,expectation_value,bcw_12q_random_bp,hea,RX_RY_RZ_CNOT,none,linear,cnot,global,12,4,4,same_entangling_gate_count,1,9,RZ,2,65,layer_001_wire_009_RZ,3,0.0012243827134342613,6.690129081307024e-05,0.005660487606722346,0.0
random_bp,expectation_value,bcw_12q_random_bp,hea,RX_RY_RZ_CNOT,none,linear,cnot,global,12,4,4,same_entangling_gate_count,1,10,RX,0,66,layer_001_wire_010_RX,3,0.0010719804525397283,1.5880708371488547e-07,0.0010719804525397283,0.0
random_bp,expectation_value,bcw_12q_random_bp,hea,RX_RY_RZ_CNOT,none,linear,cnot,global,12,4,4,same_entangling_gate_count,1,10,RY,1,67,layer_001_wire_010_RY,3,-0.0009687069412704554,8.551111026592815e-07,0.0009687069412704554,0.0
random_bp,expectation_value,bcw_12q_random_bp,hea,RX_RY_RZ_CNOT,none,linear,cnot,global,12,4,4,same_entangling_gate_count,1,10,RZ,2,68,layer_001_wire_010_RZ,3,-0.004200752542769827,8.221603018531638e-06,0.004200752542769827,0.0
random_bp,expectation_value,bcw_12q_random_bp,hea,RX_RY_RZ_CNOT,none,linear,cnot,global,12,4,4,same_entangling_gate_count,1,11,RX,0,69,layer_001_wire_011_RX,3,0.003528173368098349,1.2482202934471802e-05,0.0037680391487717496,0.0
random_bp,expectation_value,bcw_12q_random_bp,hea,RX_RY_RZ_CNOT,none,linear,cnot,global,12,4,4,same_entangling_gate_count,1,11,RY,1,70,layer_001_wire_011_RY,3,0.0008250224862164539,1.4161681235542563e-05,0.0025990508654500292,0.0
random_bp,expectation_value,bcw_12q_random_bp,hea,RX_RY_RZ_CNOT,none,linear,cnot,global,12,4,4,same_entangling_gate_count,1,11,RZ,2,71,layer_001_wire_011_RZ,3,0.011931448658739522,0.0005084337251285603,0.017290468603114468,0.0
random_bp,expectation_value,bcw_12q_random_bp,hea,RX_RY_RZ_CNOT,none,linear,cnot,global,12,4,4,same_entangling_gate_count,2,0,RX,0,72,layer_002_wire_000_RX,3,0.007224944477200908,1.9020761578514744e-05,0.007224944477200908,0.0
random_bp,expectation_value,bcw_12q_random_bp,hea,RX_RY_RZ_CNOT,none,linear,cnot,global,12,4,4,same_entangling_gate_count,2,0,RY,1,73,layer_002_wire_000_RY,3,-0.013073108928373448,0.00029690140629719405,0.013073108928373446,0.0
random_bp,expectation_value,bcw_12q_random_bp,hea,RX_RY_RZ_CNOT,none,linear,cnot,global,12,4,4,same_entangling_gate_count,2,0,RZ,2,74,layer_002_wire_000_RZ,3,8.883001611001328e-18,6.827388923158067e-34,1.688541271381802e-17,1.0
random_bp,expectation_value,bcw_12q_random_bp,hea,RX_RY_RZ_CNOT,none,linear,cnot,global,12,4,4,same_entangling_gate_count,2,1,RX,0,75,layer_002_wire_001_RX,3,-0.0030197227449564137,2.8362904367525726e-05,0.004902252413130322,0.0
random_bp,expectation_value,bcw_12q_random_bp,hea,RX_RY_RZ_CNOT,none,linear,cnot,global,12,4,4,same_entangling_gate_count,2,1,RY,1,76,layer_002_wire_001_RY,3,0.0021496209861573135,8.405768412226483e-05,0.006244603090009032,0.0
random_bp,expectation_value,bcw_12q_random_bp,hea,RX_RY_RZ_CNOT,none,linear,cnot,global,12,4,4,same_entangling_gate_count,2,1,RZ,2,77,layer_002_wire_001_RZ,3,-0.0011236733056054157,4.9848167646237275e-06,0.001412210808467906,0.0
random_bp,expectation_value,bcw_12q_random_bp,hea,RX_RY_RZ_CNOT,none,linear,cnot,global,12,4,4,same_entangling_gate_count,2,2,RX,0,78,layer_002_wire_002_RX,3,-0.011637606013340495,3.8050555066825256e-05,0.011637606013340495,0.0
random_bp,expectation_value,bcw_12q_random_bp,hea,RX_RY_RZ_CNOT,none,linear,cnot,global,12,4,4,same_entangling_gate_count,2,2,RY,1,79,layer_002_wire_002_RY,3,-0.004481616079069903,0.00015391702223721337,0.010815578554470478,0.0
random_bp,expectation_value,bcw_12q_random_bp,hea,RX_RY_RZ_CNOT,none,linear,cnot,global,12,4,4,same_entangling_gate_count,2,2,RZ,2,80,layer_002_wire_002_RZ,3,0.0033804756057473784,0.00011387470067384806,0.007387803200105069,0.0
random_bp,expectation_value,bcw_12q_random_bp,hea,RX_RY_RZ_CNOT,none,linear,cnot,global,12,4,4,same_entangling_gate_count,2,3,RX,0,81,layer_002_wire_003_RX,3,-0.002016933097411911,6.673187831008798e-07,0.002016933097411911,0.0
random_bp,expectation_value,bcw_12q_random_bp,hea,RX_RY_RZ_CNOT,none,linear,cnot,global,12,4,4,same_entangling_gate_count,2,3,RY,1,82,layer_002_wire_003_RY,3,-0.005945718297749826,8.469533509127027e-05,0.006354890104108148,0.0
random_bp,expectation_value,bcw_12q_random_bp,hea,RX_RY_RZ_CNOT,none,linear,cnot,global,12,4,4,same_entangling_gate_count,2,3,RZ,2,83,layer_002_wire_003_RZ,3,-0.0021995002681329326,1.600402711077738e-05,0.003471740825316706,0.0
random_bp,expectation_value,bcw_12q_random_bp,hea,RX_RY_RZ_CNOT,none,linear,cnot,global,12,4,4,same_entangling_gate_count,2,4,RX,0,84,layer_002_wire_004_RX,3,-0.0007879612535520628,7.358761408589158e-05,0.00659530482233684,0.0
random_bp,expectation_value,bcw_12q_random_bp,hea,RX_RY_RZ_CNOT,none,linear,cnot,global,12,4,4,same_entangling_gate_count,2,4,RY,1,85,layer_002_wire_004_RY,3,0.010134198820037608,0.0002866166124984102,0.012242503202305332,0.0
random_bp,expectation_value,bcw_12q_random_bp,hea,RX_RY_RZ_CNOT,none,linear,cnot,global,12,4,4,same_entangling_gate_count,2,4,RZ,2,86,layer_002_wire_004_RZ,3,-0.004726910581206774,4.007734475873167e-05,0.006441465207246359,0.0
random_bp,expectation_value,bcw_12q_random_bp,hea,RX_RY_RZ_CNOT,none,linear,cnot,global,12,4,4,same_entangling_gate_count,2,5,RX,0,87,layer_002_wire_005_RX,3,0.009175740292289344,7.820834385642611e-05,0.009175740292289342,0.0
random_bp,expectation_value,bcw_12q_random_bp,hea,RX_RY_RZ_CNOT,none,linear,cnot,global,12,4,4,same_entangling_gate_count,2,5,RY,1,88,layer_002_wire_005_RY,3,-0.007349799806341768,0.00013523317916458414,0.011189547268480357,0.0
random_bp,expectation_value,bcw_12q_random_bp,hea,RX_RY_RZ_CNOT,none,linear,cnot,global,12,4,4,same_entangling_gate_count,2,5,RZ,2,89,layer_002_wire_005_RZ,3,0.006163562523510234,7.675044501552085e-05,0.007162785775687606,0.0
random_bp,expectation_value,bcw_12q_random_bp,hea,RX_RY_RZ_CNOT,none,linear,cnot,global,12,4,4,same_entangling_gate_count,2,6,RX,0,90,layer_002_wire_006_RX,3,0.0032166449795496266,1.6386347672249743e-05,0.0032166449795496266,0.0
random_bp,expectation_value,bcw_12q_random_bp,hea,RX_RY_RZ_CNOT,none,linear,cnot,global,12,4,4,same_entangling_gate_count,2,6,RY,1,91,layer_002_wire_006_RY,3,-0.004384973803330014,3.355496070928989e-05,0.005641146054686239,0.0
random_bp,expectation_value,bcw_12q_random_bp,hea,RX_RY_RZ_CNOT,none,linear,cnot,global,12,4,4,same_entangling_gate_count,2,6,RZ,2,92,layer_002_wire_006_RZ,3,0.0031903987202782586,3.7308399273922914e-05,0.004456809400051093,0.0
random_bp,expectation_value,bcw_12q_random_bp,hea,RX_RY_RZ_CNOT,none,linear,cnot,global,12,4,4,same_entangling_gate_count,2,7,RX,0,93,layer_002_wire_007_RX,3,-0.0023610612968526326,1.4841202141087984e-05,0.0037525564044834946,0.0
random_bp,expectation_value,bcw_12q_random_bp,hea,RX_RY_RZ_CNOT,none,linear,cnot,global,12,4,4,same_entangling_gate_count,2,7,RY,1,94,layer_002_wire_007_RY,3,0.002048539005581473,2.3985904724138852e-05,0.0034351954908650984,0.0
random_bp,expectation_value,bcw_12q_random_bp,hea,RX_RY_RZ_CNOT,none,linear,cnot,global,12,4,4,same_entangling_gate_count,2,7,RZ,2,95,layer_002_wire_007_RZ,3,-0.0022720429427468647,3.007170937667293e-05,0.004943827114165862,0.0
random_bp,expectation_value,bcw_12q_random_bp,hea,RX_RY_RZ_CNOT,none,linear,cnot,global,12,4,4,same_entangling_gate_count,2,8,RX,0,96,layer_002_wire_008_RX,3,0.00045255691606653665,8.201871194982951e-05,0.0070876553537519175,0.0
random_bp,expectation_value,bcw_12q_random_bp,hea,RX_RY_RZ_CNOT,none,linear,cnot,global,12,4,4,same_entangling_gate_count,2,8,RY,1,97,layer_002_wire_008_RY,3,-0.002724936586457463,7.795704688676748e-06,0.0028929603534316242,0.0
random_bp,expectation_value,bcw_12q_random_bp,hea,RX_RY_RZ_CNOT,none,linear,cnot,global,12,4,4,same_entangling_gate_count,2,8,RZ,2,98,layer_002_wire_008_RZ,3,0.009818913395384782,0.0003947877534144047,0.012582045011084368,0.0
random_bp,expectation_value,bcw_12q_random_bp,hea,RX_RY_RZ_CNOT,none,linear,cnot,global,12,4,4,same_entangling_gate_count,2,9,RX,0,99,layer_002_wire_009_RX,3,0.010342106444377991,1.6762667041933018e-05,0.010342106444377991,0.0
random_bp,expectation_value,bcw_12q_random_bp,hea,RX_RY_RZ_CNOT,none,linear,cnot,global,12,4,4,same_entangling_gate_count,2,9,RY,1,100,layer_002_wire_009_RY,3,-0.0016972489782109,4.279030218412806e-05,0.005021826705512116,0.0
random_bp,expectation_value,bcw_12q_random_bp,hea,RX_RY_RZ_CNOT,none,linear,cnot,global,12,4,4,same_entangling_gate_count,2,9,RZ,2,101,layer_002_wire_009_RZ,3,-0.005452816284773475,0.00025270510261687863,0.013644560664683584,0.0
random_bp,expectation_value,bcw_12q_random_bp,hea,RX_RY_RZ_CNOT,none,linear,cnot,global,12,4,4,same_entangling_gate_count,2,10,RX,0,102,layer_002_wire_010_RX,3,0.003557478584056835,1.3477979822544421e-05,0.003659655541428168,0.0
random_bp,expectation_value,bcw_12q_random_bp,hea,RX_RY_RZ_CNOT,none,linear,cnot,global,12,4,4,same_entangling_gate_count,2,10,RY,1,103,layer_002_wire_010_RY,3,-0.0034145958107479808,8.335368580170566e-07,0.0034145958107479808,0.0
random_bp,expectation_value,bcw_12q_random_bp,hea,RX_RY_RZ_CNOT,none,linear,cnot,global,12,4,4,same_entangling_gate_count,2,10,RZ,2,104,layer_002_wire_010_RZ,3,-0.0015211117732496313,0.00010977859006743528,0.007732607543241833,0.0
random_bp,expectation_value,bcw_12q_random_bp,hea,RX_RY_RZ_CNOT,none,linear,cnot,global,12,4,4,same_entangling_gate_count,2,11,RX,0,105,layer_002_wire_011_RX,3,3.022253036328096e-06,5.4881589954708836e-05,0.005276987007052145,0.0
random_bp,expectation_value,bcw_12q_random_bp,hea,RX_RY_RZ_CNOT,none,linear,cnot,global,12,4,4,same_entangling_gate_count,2,11,RY,1,106,layer_002_wire_011_RY,3,0.006905993509031017,0.00018155521164582336,0.009774676672796375,0.0
random_bp,expectation_value,bcw_12q_random_bp,hea,RX_RY_RZ_CNOT,none,linear,cnot,global,12,4,4,same_entangling_gate_count,2,11,RZ,2,107,layer_002_wire_011_RZ,3,0.0034808044226981426,8.817893311440396e-05,0.006328584422918439,0.0
random_bp,expectation_value,bcw_12q_random_bp,hea,RX_RY_RZ_CNOT,none,linear,cnot,global,12,4,4,same_entangling_gate_count,3,0,RX,0,108,layer_003_wire_000_RX,3,3.1157259931802184e-17,5.807138621023878e-34,3.1157259931802184e-17,1.0
random_bp,expectation_value,bcw_12q_random_bp,hea,RX_RY_RZ_CNOT,none,linear,cnot,global,12,4,4,same_entangling_gate_count,3,0,RY,1,109,layer_003_wire_000_RY,3,-2.6526813153478677e-17,2.1292591205634698e-33,2.7249614601802346e-17,1.0
random_bp,expectation_value,bcw_12q_random_bp,hea,RX_RY_RZ_CNOT,none,linear,cnot,global,12,4,4,same_entangling_gate_count,3,0,RZ,2,110,layer_003_wire_000_RZ,3,-6.520602138765581e-18,1.7947357505491127e-35,6.5206021387655825e-18,1.0
random_bp,expectation_value,bcw_12q_random_bp,hea,RX_RY_RZ_CNOT,none,linear,cnot,global,12,4,4,same_entangling_gate_count,3,1,RX,0,111,layer_003_wire_001_RX,3,-0.0015724559820904714,6.559964454805724e-05,0.005496196462459982,0.0
random_bp,expectation_value,bcw_12q_random_bp,hea,RX_RY_RZ_CNOT,none,linear,cnot,global,12,4,4,same_entangling_gate_count,3,1,RY,1,112,layer_003_wire_001_RY,3,0.016582133464238966,0.0002482480963665511,0.016582133464238966,0.0
random_bp,expectation_value,bcw_12q_random_bp,hea,RX_RY_RZ_CNOT,none,linear,cnot,global,12,4,4,same_entangling_gate_count,3,1,RZ,2,113,layer_003_wire_001_RZ,3,2.688352490402294e-18,9.12448131302644e-35,7.366197610502796e-18,1.0
random_bp,expectation_value,bcw_12q_random_bp,hea,RX_RY_RZ_CNOT,none,linear,cnot,global,12,4,4,same_entangling_gate_count,3,2,RX,0,114,layer_003_wire_002_RX,3,1.4456028966473395e-18,9.410224109782686e-35,7.517135062566164e-18,1.0
random_bp,expectation_value,bcw_12q_random_bp,hea,RX_RY_RZ_CNOT,none,linear,cnot,global,12,4,4,same_entangling_gate_count,3,2,RY,1,115,layer_003_wire_002_RY,3,7.950815931560365e-18,5.498178910246112e-35,7.950815931560365e-18,1.0
random_bp,expectation_value,bcw_12q_random_bp,hea,RX_RY_RZ_CNOT,none,linear,cnot,global,12,4,4,same_entangling_gate_count,3,2,RZ,2,116,layer_003_wire_002_RZ,3,-2.8840919989329616e-18,5.5310310194505256e-34,1.6083638204892735e-17,1.0
random_bp,expectation_value,bcw_12q_random_bp,hea,RX_RY_RZ_CNOT,none,linear,cnot,global,12,4,4,same_entangling_gate_count,3,3,RX,0,117,layer_003_wire_003_RX,3,-0.019401855013890475,0.0009157455332730363,0.019401855013890475,0.0
random_bp,expectation_value,bcw_12q_random_bp,hea,RX_RY_RZ_CNOT,none,linear,cnot,global,12,4,4,same_entangling_gate_count,3,3,RY,1,118,layer_003_wire_003_RY,3,-0.011215860585981181,0.0006972489170935159,0.016588211407670545,0.0
random_bp,expectation_value,bcw_12q_random_bp,hea,RX_RY_RZ_CNOT,none,linear,cnot,global,12,4,4,same_entangling_gate_count,3,3,RZ,2,119,layer_003_wire_003_RZ,3,-1.4370489457862289e-18,7.192161208103485e-36,2.527612312320701e-18,1.0
random_bp,expectation_value,bcw_12q_random_bp,hea,RX_RY_RZ_CNOT,none,linear,cnot,global,12,4,4,same_entangling_gate_count,3,4,RX,0,120,layer_003_wire_004_RX,3,6.9027538314910454e-18,1.566150306745561e-35,6.902753831491045e-18,1.0
random_bp,expectation_value,bcw_12q_random_bp,hea,RX_RY_RZ_CNOT,none,linear,cnot,global,12,4,4,same_entangling_gate_count,3,4,RY,1,121,layer_003_wire_004_RY,3,1.120342244901688e-18,1.1323928912921369e-36,1.1926223897340549e-18,1.0
random_bp,expectation_value,bcw_12q_random_bp,hea,RX_RY_RZ_CNOT,none,linear,cnot,global,12,4,4,same_entangling_gate_count,3,4,RZ,2,122,layer_003_wire_004_RZ,3,2.8433938354996794e-19,4.776824258470617e-35,5.0700458130814275e-18,1.0
random_bp,expectation_value,bcw_12q_random_bp,hea,RX_RY_RZ_CNOT,none,linear,cnot,global,12,4,4,same_entangling_gate_count,3,5,RX,0,123,layer_003_wire_005_RX,3,-0.005845192445944258,0.00010295449941534844,0.006140124808998819,0.0
random_bp,expectation_value,bcw_12q_random_bp,hea,RX_RY_RZ_CNOT,none,linear,cnot,global,12,4,4,same_entangling_gate_count,3,5,RY,1,124,layer_003_wire_005_RY,3,-0.0011476262666271528,3.64102091523923e-05,0.004001497334888173,0.0
random_bp,expectation_value,bcw_12q_random_bp,hea,RX_RY_RZ_CNOT,none,linear,cnot,global,12,4,4,same_entangling_gate_count,3,5,RZ,2,125,layer_003_wire_005_RZ,3,3.5912085644442e-18,1.2193829731312521e-34,8.765443003964733e-18,1.0
random_bp,expectation_value,bcw_12q_random_bp,hea,RX_RY_RZ_CNOT,none,linear,cnot,global,12,4,4,same_entangling_gate_count,3,6,RX,0,126,layer_003_wire_006_RX,3,1.3010426069826053e-18,4.871248589807559e-35,5.637851296924623e-18,1.0
random_bp,expectation_value,bcw_12q_random_bp,hea,RX_RY_RZ_CNOT,none,linear,cnot,global,12,4,4,same_entangling_gate_count,3,6,RY,1,127,layer_003_wire_006_RY,3,-1.0119220276531375e-18,9.10929755597218e-35,6.794333614242494e-18,1.0
random_bp,expectation_value,bcw_12q_random_bp,hea,RX_RY_RZ_CNOT,none,linear,cnot,global,12,4,4,same_entangling_gate_count,3,6,RZ,2,128,layer_003_wire_006_RZ,3,-1.6043102148591352e-18,3.522083342722457e-35,4.482560927543476e-18,1.0
random_bp,expectation_value,bcw_12q_random_bp,hea,RX_RY_RZ_CNOT,none,linear,cnot,global,12,4,4,same_entangling_gate_count,3,7,RX,0,129,layer_003_wire_007_RX,3,-0.004690046983015255,0.00013011297343631259,0.007216997304691882,0.0
random_bp,expectation_value,bcw_12q_random_bp,hea,RX_RY_RZ_CNOT,none,linear,cnot,global,12,4,4,same_entangling_gate_count,3,7,RY,1,130,layer_003_wire_007_RY,3,-0.0029182425424368955,0.00011024994004335407,0.008901282162439732,0.0
random_bp,expectation_value,bcw_12q_random_bp,hea,RX_RY_RZ_CNOT,none,linear,cnot,global,12,4,4,same_entangling_gate_count,3,7,RZ,2,131,layer_003_wire_007_RZ,3,-3.876689862103646e-18,1.0294644768713129e-35,3.876689862103646e-18,1.0
random_bp,expectation_value,bcw_12q_random_bp,hea,RX_RY_RZ_CNOT,none,linear,cnot,global,12,4,4,same_entangling_gate_count,3,8,RX,0,132,layer_003_wire_008_RX,3,-1.6434697931259436e-17,1.1502273446460188e-33,2.0572736222912447e-17,1.0
random_bp,expectation_value,bcw_12q_random_bp,hea,RX_RY_RZ_CNOT,none,linear,cnot,global,12,4,4,same_entangling_gate_count,3,8,RY,1,133,layer_003_wire_008_RY,3,-5.059610138265688e-18,3.368183146556128e-35,5.204170427930421e-18,1.0
random_bp,expectation_value,bcw_12q_random_bp,hea,RX_RY_RZ_CNOT,none,linear,cnot,global,12,4,4,same_entangling_gate_count,3,8,RZ,2,134,layer_003_wire_008_RZ,3,-4.832778718154029e-18,2.9453393184409026e-35,4.832778718154028e-18,1.0
random_bp,expectation_value,bcw_12q_random_bp,hea,RX_RY_RZ_CNOT,none,linear,cnot,global,12,4,4,same_entangling_gate_count,3,9,RX,0,135,layer_003_wire_009_RX,3,-0.0033851747884094162,9.641018208041872e-06,0.003385174788409416,0.0
random_bp,expectation_value,bcw_12q_random_bp,hea,RX_RY_RZ_CNOT,none,linear,cnot,global,12,4,4,same_entangling_gate_count,3,9,RY,1,136,layer_003_wire_009_RY,3,-0.0008416559460832519,0.00018024775712163456,0.009362803826259808,0.0
random_bp,expectation_value,bcw_12q_random_bp,hea,RX_RY_RZ_CNOT,none,linear,cnot,global,12,4,4,same_entangling_gate_count,3,9,RZ,2,137,layer_003_wire_009_RZ,3,-3.183572380546833e-18,7.590695610242645e-35,7.202780007159149e-18,1.0
random_bp,expectation_value,bcw_12q_random_bp,hea,RX_RY_RZ_CNOT,none,linear,cnot,global,12,4,4,same_entangling_gate_count,3,10,RX,0,138,layer_003_wire_010_RX,3,8.673617379884035e-19,7.165813562612665e-35,5.782411586589357e-18,1.0
random_bp,expectation_value,bcw_12q_random_bp,hea,RX_RY_RZ_CNOT,none,linear,cnot,global,12,4,4,same_entangling_gate_count,3,10,RY,1,139,layer_003_wire_010_RY,3,6.3103954570445375e-18,7.262276132847391e-35,8.62336009168028e-18,1.0
random_bp,expectation_value,bcw_12q_random_bp,hea,RX_RY_RZ_CNOT,none,linear,cnot,global,12,4,4,same_entangling_gate_count,3,10,RZ,2,140,layer_003_wire_010_RZ,3,-2.444127873774103e-18,7.564488397953342e-36,2.541494461254083e-18,1.0
random_bp,expectation_value,bcw_12q_random_bp,hea,RX_RY_RZ_CNOT,none,linear,cnot,global,12,4,4,same_entangling_gate_count,3,11,RX,0,141,layer_003_wire_011_RX,3,-0.004804545688652752,6.433662405932012e-05,0.007325037374904767,0.0
random_bp,expectation_value,bcw_12q_random_bp,hea,RX_RY_RZ_CNOT,none,linear,cnot,global,12,4,4,same_entangling_gate_count,3,11,RY,1,142,layer_003_wire_011_RY,3,-0.017382460736159296,2.733073787625958e-05,0.017382460736159292,0.0
random_bp,expectation_value,bcw_12q_random_bp,hea,RX_RY_RZ_CNOT,none,linear,cnot,global,12,4,4,same_entangling_gate_count,3,11,RZ,2,143,layer_003_wire_011_RZ,3,-1.2794244399706466e-17,1.4900864718104354e-34,1.279424439970647e-17,1.0
random_bp,expectation_value,bcw_12q_random_bp,hea,RX_RY_RZ_CNOT,none,circular,cnot,global,12,4,4,same_entangling_gate_count,0,0,RX,0,0,layer_000_wire_000_RX,3,0.006967549116084442,0.000515764539976076,0.015466018211475571,0.0
random_bp,expectation_value,bcw_12q_random_bp,hea,RX_RY_RZ_CNOT,none,circular,cnot,global,12,4,4,same_entangling_gate_count,0,0,RY,1,1,layer_000_wire_000_RY,3,-0.0029099157382970735,4.925067094270658e-05,0.004527489793408514,0.0
random_bp,expectation_value,bcw_12q_random_bp,hea,RX_RY_RZ_CNOT,none,circular,cnot,global,12,4,4,same_entangling_gate_count,0,0,RZ,2,2,layer_000_wire_000_RZ,3,0.012234373851938329,0.0002365513514333152,0.01223437385193833,0.0
random_bp,expectation_value,bcw_12q_random_bp,hea,RX_RY_RZ_CNOT,none,circular,cnot,global,12,4,4,same_entangling_gate_count,0,1,RX,0,3,layer_000_wire_001_RX,3,-0.022032870522000775,0.0001021536831062727,0.022032870522000775,0.0
random_bp,expectation_value,bcw_12q_random_bp,hea,RX_RY_RZ_CNOT,none,circular,cnot,global,12,4,4,same_entangling_gate_count,0,1,RY,1,4,layer_000_wire_001_RY,3,-0.007835769632660252,5.128315041789101e-06,0.007835769632660252,0.0
random_bp,expectation_value,bcw_12q_random_bp,hea,RX_RY_RZ_CNOT,none,circular,cnot,global,12,4,4,same_entangling_gate_count,0,1,RZ,2,5,layer_000_wire_001_RZ,3,0.008111006917064867,0.0004923204584246725,0.016750050950628582,0.0
random_bp,expectation_value,bcw_12q_random_bp,hea,RX_RY_RZ_CNOT,none,circular,cnot,global,12,4,4,same_entangling_gate_count,0,2,RX,0,6,layer_000_wire_002_RX,3,-0.0044923977206706095,2.9520378613142637e-05,0.0056782583510371284,0.0
random_bp,expectation_value,bcw_12q_random_bp,hea,RX_RY_RZ_CNOT,none,circular,cnot,global,12,4,4,same_entangling_gate_count,0,2,RY,1,7,layer_000_wire_002_RY,3,0.004680685893598422,0.0001944170968086613,0.011089220287295866,0.0
random_bp,expectation_value,bcw_12q_random_bp,hea,RX_RY_RZ_CNOT,none,circular,cnot,global,12,4,4,same_entangling_gate_count,0,2,RZ,2,8,layer_000_wire_002_RZ,3,0.0036206203960214497,0.00026845591167509465,0.013559978881190982,0.0
random_bp,expectation_value,bcw_12q_random_bp,hea,RX_RY_RZ_CNOT,none,circular,cnot,global,12,4,4,same_entangling_gate_count,0,3,RX,0,9,layer_000_wire_003_RX,3,-0.008616912765614347,0.0001392481621369147,0.008616912765614347,0.0
random_bp,expectation_value,bcw_12q_random_bp,hea,RX_RY_RZ_CNOT,none,circular,cnot,global,12,4,4,same_entangling_gate_count,0,3,RY,1,10,layer_000_wire_003_RY,3,0.005863093636632289,0.00016366807902232284,0.007845415502982917,0.0
random_bp,expectation_value,bcw_12q_random_bp,hea,RX_RY_RZ_CNOT,none,circular,cnot,global,12,4,4,same_entangling_gate_count,0,3,RZ,2,11,layer_000_wire_003_RZ,3,0.002661849329314997,3.0335458910194254e-06,0.0026618493293149967,0.0
random_bp,expectation_value,bcw_12q_random_bp,hea,RX_RY_RZ_CNOT,none,circular,cnot,global,12,4,4,same_entangling_gate_count,0,4,RX,0,12,layer_000_wire_004_RX,3,-0.003684495854246499,0.00010997184707462508,0.006834366830687882,0.0
random_bp,expectation_value,bcw_12q_random_bp,hea,RX_RY_RZ_CNOT,none,circular,cnot,global,12,4,4,same_entangling_gate_count,0,4,RY,1,13,layer_000_wire_004_RY,3,-0.0009516433073379587,0.00012124161420167014,0.008793362897531442,0.0
random_bp,expectation_value,bcw_12q_random_bp,hea,RX_RY_RZ_CNOT,none,circular,cnot,global,12,4,4,same_entangling_gate_count,0,4,RZ,2,14,layer_000_wire_004_RZ,3,-0.003295996219513395,6.545691513284107e-05,0.005531778829654308,0.0
random_bp,expectation_value,bcw_12q_random_bp,hea,RX_RY_RZ_CNOT,none,circular,cnot,global,12,4,4,same_entangling_gate_count,0,5,RX,0,15,layer_000_wire_005_RX,3,0.006713908837415133,3.576627948675177e-05,0.006713908837415132,0.0
random_bp,expectation_value,bcw_12q_random_bp,hea,RX_RY_RZ_CNOT,none,circular,cnot,global,12,4,4,same_entangling_gate_count,0,5,RY,1,16,layer_000_wire_005_RY,3,-0.006094113717537478,7.08461804809406e-05,0.00845465471931036,0.0
random_bp,expectation_value,bcw_12q_random_bp,hea,RX_RY_RZ_CNOT,none,circular,cnot,global,12,4,4,same_entangling_gate_count,0,5,RZ,2,17,layer_000_wire_005_RZ,3,0.006274839533353952,2.199315947947899e-05,0.006274839533353952,0.0
random_bp,expectation_value,bcw_12q_random_bp,hea,RX_RY_RZ_CNOT,none,circular,cnot,global,12,4,4,same_entangling_gate_count,0,6,RX,0,18,layer_000_wire_006_RX,3,0.008308540940422889,0.00018894937174256853,0.012454776722292818,0.0
random_bp,expectation_value,bcw_12q_random_bp,hea,RX_RY_RZ_CNOT,none,circular,cnot,global,12,4,4,same_entangling_gate_count,0,6,RY,1,19,layer_000_wire_006_RY,3,-0.005178223436712953,5.498836492752494e-05,0.0055830302282020745,0.0
random_bp,expectation_value,bcw_12q_random_bp,hea,RX_RY_RZ_CNOT,none,circular,cnot,global,12,4,4,same_entangling_gate_count,0,6,RZ,2,20,layer_000_wire_006_RZ,3,0.01880255408016277,0.0005878110406534543,0.023171031983325763,0.0
random_bp,expectation_value,bcw_12q_random_bp,hea,RX_RY_RZ_CNOT,none,circular,cnot,global,12,4,4,same_entangling_gate_count,0,7,RX,0,21,layer_000_wire_007_RX,3,0.01893125628216116,0.00014364606416264561,0.01893125628216116,0.0
random_bp,expectation_value,bcw_12q_random_bp,hea,RX_RY_RZ_CNOT,none,circular,cnot,global,12,4,4,same_entangling_gate_count,0,7,RY,1,22,layer_000_wire_007_RY,3,-0.006476162848300454,0.0001289985292956836,0.010719600108631813,0.0
random_bp,expectation_value,bcw_12q_random_bp,hea,RX_RY_RZ_CNOT,none,circular,cnot,global,12,4,4,same_entangling_gate_count,0,7,RZ,2,23,layer_000_wire_007_RZ,3,0.009216317705612057,0.0017598876869421485,0.028228817209388236,0.0
random_bp,expectation_value,bcw_12q_random_bp,hea,RX_RY_RZ_CNOT,none,circular,cnot,global,12,4,4,same_entangling_gate_count,0,8,RX,0,24,layer_000_wire_008_RX,3,0.0007262973140881803,0.0001713349669015814,0.010210337598453493,0.0
random_bp,expectation_value,bcw_12q_random_bp,hea,RX_RY_RZ_CNOT,none,circular,cnot,global,12,4,4,same_entangling_gate_count,0,8,RY,1,25,layer_000_wire_008_RY,3,0.002610599119716328,2.993214548147215e-05,0.0033348247651850908,0.0
random_bp,expectation_value,bcw_12q_random_bp,hea,RX_RY_RZ_CNOT,none,circular,cnot,global,12,4,4,same_entangling_gate_count,0,8,RZ,2,26,layer_000_wire_008_RZ,3,0.005515981271613128,7.300451632326152e-05,0.007746691019391937,0.0
random_bp,expectation_value,bcw_12q_random_bp,hea,RX_RY_RZ_CNOT,none,circular,cnot,global,12,4,4,same_entangling_gate_count,0,9,RX,0,27,layer_000_wire_009_RX,3,0.009176839386136735,3.5544399337830616e-05,0.009176839386136735,0.0
random_bp,expectation_value,bcw_12q_random_bp,hea,RX_RY_RZ_CNOT,none,circular,cnot,global,12,4,4,same_entangling_gate_count,0,9,RY,1,28,layer_000_wire_009_RY,3,-0.0009130763748489766,3.51957244344095e-05,0.004182913960816758,0.0
random_bp,expectation_value,bcw_12q_random_bp,hea,RX_RY_RZ_CNOT,none,circular,cnot,global,12,4,4,same_entangling_gate_count,0,9,RZ,2,29,layer_000_wire_009_RZ,3,-0.00028372562792148464,0.00019396437050249048,0.010684828776600092,0.0
random_bp,expectation_value,bcw_12q_random_bp,hea,RX_RY_RZ_CNOT,none,circular,cnot,global,12,4,4,same_entangling_gate_count,0,10,RX,0,30,layer_000_wire_010_RX,3,0.0009709420253985967,7.779218885964456e-06,0.0018094216263161962,0.0
random_bp,expectation_value,bcw_12q_random_bp,hea,RX_RY_RZ_CNOT,none,circular,cnot,global,12,4,4,same_entangling_gate_count,0,10,RY,1,31,layer_000_wire_010_RY,3,0.0016312636854090559,4.609452453960326e-06,0.0018235194174617397,0.0
random_bp,expectation_value,bcw_12q_random_bp,hea,RX_RY_RZ_CNOT,none,circular,cnot,global,12,4,4,same_entangling_gate_count,0,10,RZ,2,32,layer_000_wire_010_RZ,3,0.0014816261527473274,2.2178507215456976e-05,0.0030663264258293,0.0
random_bp,expectation_value,bcw_12q_random_bp,hea,RX_RY_RZ_CNOT,none,circular,cnot,global,12,4,4,same_entangling_gate_count,0,11,RX,0,33,layer_000_wire_011_RX,3,-0.000193338936095298,0.0002341874756579261,0.011551916094282341,0.0
random_bp,expectation_value,bcw_12q_random_bp,hea,RX_RY_RZ_CNOT,none,circular,cnot,global,12,4,4,same_entangling_gate_count,0,11,RY,1,34,layer_000_wire_011_RY,3,-0.004467782321581761,9.046225513147365e-05,0.005830790380893191,0.0
random_bp,expectation_value,bcw_12q_random_bp,hea,RX_RY_RZ_CNOT,none,circular,cnot,global,12,4,4,same_entangling_gate_count,0,11,RZ,2,35,layer_000_wire_011_RZ,3,0.005195963993734639,0.00035792215891236644,0.015051153498762295,0.0
random_bp,expectation_value,bcw_12q_random_bp,hea,RX_RY_RZ_CNOT,none,circular,cnot,global,12,4,4,same_entangling_gate_count,1,0,RX,0,36,layer_001_wire_000_RX,3,-0.0023560671482904198,0.00013016571095156648,0.007766066681174438,0.0
random_bp,expectation_value,bcw_12q_random_bp,hea,RX_RY_RZ_CNOT,none,circular,cnot,global,12,4,4,same_entangling_gate_count,1,0,RY,1,37,layer_001_wire_000_RY,3,0.005198590413293741,3.107227048774759e-05,0.005198590413293741,0.0
random_bp,expectation_value,bcw_12q_random_bp,hea,RX_RY_RZ_CNOT,none,circular,cnot,global,12,4,4,same_entangling_gate_count,1,0,RZ,2,38,layer_001_wire_000_RZ,3,-0.0020046309180316744,5.846112453248412e-05,0.006332816378578034,0.0
random_bp,expectation_value,bcw_12q_random_bp,hea,RX_RY_RZ_CNOT,none,circular,cnot,global,12,4,4,same_entangling_gate_count,1,1,RX,0,39,layer_001_wire_001_RX,3,0.00040471472673775204,7.001493815540771e-05,0.005753038450854447,0.0
random_bp,expectation_value,bcw_12q_random_bp,hea,RX_RY_RZ_CNOT,none,circular,cnot,global,12,4,4,same_entangling_gate_count,1,1,RY,1,40,layer_001_wire_001_RY,3,0.008076093518136436,3.6581355991734806e-06,0.008076093518136436,0.0
random_bp,expectation_value,bcw_12q_random_bp,hea,RX_RY_RZ_CNOT,none,circular,cnot,global,12,4,4,same_entangling_gate_count,1,1,RZ,2,41,layer_001_wire_001_RZ,3,0.0069306960974900005,5.7742988869762703e-05,0.00693069609749,0.0
random_bp,expectation_value,bcw_12q_random_bp,hea,RX_RY_RZ_CNOT,none,circular,cnot,global,12,4,4,same_entangling_gate_count,1,2,RX,0,42,layer_001_wire_002_RX,3,0.005717206801223735,8.967389300062785e-06,0.005717206801223735,0.0
random_bp,expectation_value,bcw_12q_random_bp,hea,RX_RY_RZ_CNOT,none,circular,cnot,global,12,4,4,same_entangling_gate_count,1,2,RY,1,43,layer_001_wire_002_RY,3,-0.000341192751126213,4.877227919463522e-05,0.005196424130563889,0.0
random_bp,expectation_value,bcw_12q_random_bp,hea,RX_RY_RZ_CNOT,none,circular,cnot,global,12,4,4,same_entangling_gate_count,1,2,RZ,2,44,layer_001_wire_002_RZ,3,-0.0017735565973405058,1.7523508560146708e-05,0.003761871595714278,0.0
random_bp,expectation_value,bcw_12q_random_bp,hea,RX_RY_RZ_CNOT,none,circular,cnot,global,12,4,4,same_entangling_gate_count,1,3,RX,0,45,layer_001_wire_003_RX,3,0.0024408463402054,5.543578441098236e-05,0.006006815121981796,0.0
random_bp,expectation_value,bcw_12q_random_bp,hea,RX_RY_RZ_CNOT,none,circular,cnot,global,12,4,4,same_entangling_gate_count,1,3,RY,1,46,layer_001_wire_003_RY,3,-0.0031808123902809936,2.1461049999505746e-05,0.004421134815867141,0.0
random_bp,expectation_value,bcw_12q_random_bp,hea,RX_RY_RZ_CNOT,none,circular,cnot,global,12,4,4,same_entangling_gate_count,1,3,RZ,2,47,layer_001_wire_003_RZ,3,0.0009241619794666889,5.917064941568102e-05,0.005514432196587868,0.0
random_bp,expectation_value,bcw_12q_random_bp,hea,RX_RY_RZ_CNOT,none,circular,cnot,global,12,4,4,same_entangling_gate_count,1,4,RX,0,48,layer_001_wire_004_RX,3,-0.006136739759448479,0.00017280667047220118,0.008172737898108842,0.0
random_bp,expectation_value,bcw_12q_random_bp,hea,RX_RY_RZ_CNOT,none,circular,cnot,global,12,4,4,same_entangling_gate_count,1,4,RY,1,49,layer_001_wire_004_RY,3,0.0029671013171104917,9.710730927812334e-05,0.008573940432779302,0.0
random_bp,expectation_value,bcw_12q_random_bp,hea,RX_RY_RZ_CNOT,none,circular,cnot,global,12,4,4,same_entangling_gate_count,1,4,RZ,2,50,layer_001_wire_004_RZ,3,0.0019035930708622972,0.00015301442254029738,0.008447099208994141,0.0
random_bp,expectation_value,bcw_12q_random_bp,hea,RX_RY_RZ_CNOT,none,circular,cnot,global,12,4,4,same_entangling_gate_count,1,5,RX,0,51,layer_001_wire_005_RX,3,-0.011183958139637197,0.00020598021000686525,0.011183958139637197,0.0
random_bp,expectation_value,bcw_12q_random_bp,hea,RX_RY_RZ_CNOT,none,circular,cnot,global,12,4,4,same_entangling_gate_count,1,5,RY,1,52,layer_001_wire_005_RY,3,0.0024032050379073546,0.0001256587182733817,0.009089540249843833,0.0
random_bp,expectation_value,bcw_12q_random_bp,hea,RX_RY_RZ_CNOT,none,circular,cnot,global,12,4,4,same_entangling_gate_count,1,5,RZ,2,53,layer_001_wire_005_RZ,3,0.008739422549496615,0.00021083079339210948,0.01073358207897908,0.0
random_bp,expectation_value,bcw_12q_random_bp,hea,RX_RY_RZ_CNOT,none,circular,cnot,global,12,4,4,same_entangling_gate_count,1,6,RX,0,54,layer_001_wire_006_RX,3,0.004800668609593725,8.115341778375583e-05,0.008388187418288746,0.0
random_bp,expectation_value,bcw_12q_random_bp,hea,RX_RY_RZ_CNOT,none,circular,cnot,global,12,4,4,same_entangling_gate_count,1,6,RY,1,55,layer_001_wire_006_RY,3,0.0034585742180766282,2.7101595967118887e-06,0.0034585742180766282,0.0
random_bp,expectation_value,bcw_12q_random_bp,hea,RX_RY_RZ_CNOT,none,circular,cnot,global,12,4,4,same_entangling_gate_count,1,6,RZ,2,56,layer_001_wire_006_RZ,3,-0.005059287564552952,2.94820362708427e-05,0.005059287564552952,0.0
random_bp,expectation_value,bcw_12q_random_bp,hea,RX_RY_RZ_CNOT,none,circular,cnot,global,12,4,4,same_entangling_gate_count,1,7,RX,0,57,layer_001_wire_007_RX,3,0.005629198814315465,5.961076472435461e-05,0.007367931883696101,0.0
random_bp,expectation_value,bcw_12q_random_bp,hea,RX_RY_RZ_CNOT,none,circular,cnot,global,12,4,4,same_entangling_gate_count,1,7,RY,1,58,layer_001_wire_007_RY,3,0.0011470417719923781,5.6993058899688296e-05,0.005155349107246977,0.0
random_bp,expectation_value,bcw_12q_random_bp,hea,RX_RY_RZ_CNOT,none,circular,cnot,global,12,4,4,same_entangling_gate_count,1,7,RZ,2,59,layer_001_wire_007_RZ,3,-0.0014482622017109943,0.00018791727905157241,0.009177028494178245,0.0
random_bp,expectation_value,bcw_12q_random_bp,hea,RX_RY_RZ_CNOT,none,circular,cnot,global,12,4,4,same_entangling_gate_count,1,8,RX,0,60,layer_001_wire_008_RX,3,0.0016755922105175516,1.044574092414791e-05,0.003029979556297044,0.0
random_bp,expectation_value,bcw_12q_random_bp,hea,RX_RY_RZ_CNOT,none,circular,cnot,global,12,4,4,same_entangling_gate_count,1,8,RY,1,61,layer_001_wire_008_RY,3,0.0007693404107928319,1.543694217044158e-05,0.002610714466560797,0.0
random_bp,expectation_value,bcw_12q_random_bp,hea,RX_RY_RZ_CNOT,none,circular,cnot,global,12,4,4,same_entangling_gate_count,1,8,RZ,2,62,layer_001_wire_008_RZ,3,0.0083240942499006,6.911200309978833e-05,0.008346593838083716,0.0
random_bp,expectation_value,bcw_12q_random_bp,hea,RX_RY_RZ_CNOT,none,circular,cnot,global,12,4,4,same_entangling_gate_count,1,9,RX,0,63,layer_001_wire_009_RX,3,-0.007312266283659242,0.0003288777892196229,0.01541494471192363,0.0
random_bp,expectation_value,bcw_12q_random_bp,hea,RX_RY_RZ_CNOT,none,circular,cnot,global,12,4,4,same_entangling_gate_count,1,9,RY,1,64,layer_001_wire_009_RY,3,-0.008071743439170323,5.910719873888512e-05,0.008071743439170323,0.0
random_bp,expectation_value,bcw_12q_random_bp,hea,RX_RY_RZ_CNOT,none,circular,cnot,global,12,4,4,same_entangling_gate_count,1,9,RZ,2,65,layer_001_wire_009_RZ,3,-0.009790259526725166,8.604984654894627e-05,0.009790259526725166,0.0
random_bp,expectation_value,bcw_12q_random_bp,hea,RX_RY_RZ_CNOT,none,circular,cnot,global,12,4,4,same_entangling_gate_count,1,10,RX,0,66,layer_001_wire_010_RX,3,-0.0017770923790264167,2.2917959980645602e-05,0.003745672324857076,0.0
random_bp,expectation_value,bcw_12q_random_bp,hea,RX_RY_RZ_CNOT,none,circular,cnot,global,12,4,4,same_entangling_gate_count,1,10,RY,1,67,layer_001_wire_010_RY,3,0.012646576398433161,2.2877066053922106e-05,0.012646576398433161,0.0
random_bp,expectation_value,bcw_12q_random_bp,hea,RX_RY_RZ_CNOT,none,circular,cnot,global,12,4,4,same_entangling_gate_count,1,10,RZ,2,68,layer_001_wire_010_RZ,3,-0.0009277152500816416,6.067106806123345e-05,0.00618345397995351,0.0
random_bp,expectation_value,bcw_12q_random_bp,hea,RX_RY_RZ_CNOT,none,circular,cnot,global,12,4,4,same_entangling_gate_count,1,11,RX,0,69,layer_001_wire_011_RX,3,0.011495681881705471,8.210141292539079e-05,0.011495681881705471,0.0
random_bp,expectation_value,bcw_12q_random_bp,hea,RX_RY_RZ_CNOT,none,circular,cnot,global,12,4,4,same_entangling_gate_count,1,11,RY,1,70,layer_001_wire_011_RY,3,0.008251117174521223,8.094606113030552e-05,0.009671127435476655,0.0
random_bp,expectation_value,bcw_12q_random_bp,hea,RX_RY_RZ_CNOT,none,circular,cnot,global,12,4,4,same_entangling_gate_count,1,11,RZ,2,71,layer_001_wire_011_RZ,3,-0.0029878103110199004,0.0001732861496464073,0.009090766981200725,0.0
random_bp,expectation_value,bcw_12q_random_bp,hea,RX_RY_RZ_CNOT,none,circular,cnot,global,12,4,4,same_entangling_gate_count,2,0,RX,0,72,layer_002_wire_000_RX,3,0.007874908095278937,9.518377782383026e-07,0.00787490809527894,0.0
random_bp,expectation_value,bcw_12q_random_bp,hea,RX_RY_RZ_CNOT,none,circular,cnot,global,12,4,4,same_entangling_gate_count,2,0,RY,1,73,layer_002_wire_000_RY,3,-0.0037185374539251866,0.0003088140892275472,0.01214846465605688,0.0
random_bp,expectation_value,bcw_12q_random_bp,hea,RX_RY_RZ_CNOT,none,circular,cnot,global,12,4,4,same_entangling_gate_count,2,0,RZ,2,74,layer_002_wire_000_RZ,3,-0.0062179381556880025,0.0004915578265425616,0.015874646147544576,0.0
random_bp,expectation_value,bcw_12q_random_bp,hea,RX_RY_RZ_CNOT,none,circular,cnot,global,12,4,4,same_entangling_gate_count,2,1,RX,0,75,layer_002_wire_001_RX,3,0.005763845511396616,0.0002838764975472569,0.010953799773449048,0.0
random_bp,expectation_value,bcw_12q_random_bp,hea,RX_RY_RZ_CNOT,none,circular,cnot,global,12,4,4,same_entangling_gate_count,2,1,RY,1,76,layer_002_wire_001_RY,3,0.006848440434291421,0.0002421195247463924,0.014203948083485409,0.0
random_bp,expectation_value,bcw_12q_random_bp,hea,RX_RY_RZ_CNOT,none,circular,cnot,global,12,4,4,same_entangling_gate_count,2,1,RZ,2,77,layer_002_wire_001_RZ,3,0.003345318848288598,0.00012579205802029257,0.008973434834355571,0.0
random_bp,expectation_value,bcw_12q_random_bp,hea,RX_RY_RZ_CNOT,none,circular,cnot,global,12,4,4,same_entangling_gate_count,2,2,RX,0,78,layer_002_wire_002_RX,3,0.001214749090647187,0.00037137115126064236,0.014336037139619775,0.0
random_bp,expectation_value,bcw_12q_random_bp,hea,RX_RY_RZ_CNOT,none,circular,cnot,global,12,4,4,same_entangling_gate_count,2,2,RY,1,79,layer_002_wire_002_RY,3,-0.0046259098465400664,9.290826407405651e-05,0.005873974352275235,0.0
random_bp,expectation_value,bcw_12q_random_bp,hea,RX_RY_RZ_CNOT,none,circular,cnot,global,12,4,4,same_entangling_gate_count,2,2,RZ,2,80,layer_002_wire_002_RZ,3,-0.005589071378267055,8.249556388293211e-06,0.005589071378267055,0.0
random_bp,expectation_value,bcw_12q_random_bp,hea,RX_RY_RZ_CNOT,none,circular,cnot,global,12,4,4,same_entangling_gate_count,2,3,RX,0,81,layer_002_wire_003_RX,3,-0.015729083731278903,7.585119201983794e-05,0.015729083731278903,0.0
random_bp,expectation_value,bcw_12q_random_bp,hea,RX_RY_RZ_CNOT,none,circular,cnot,global,12,4,4,same_entangling_gate_count,2,3,RY,1,82,layer_002_wire_003_RY,3,0.009365944400833498,4.0297966132984254e-05,0.009365944400833498,0.0
random_bp,expectation_value,bcw_12q_random_bp,hea,RX_RY_RZ_CNOT,none,circular,cnot,global,12,4,4,same_entangling_gate_count,2,3,RZ,2,83,layer_002_wire_003_RZ,3,0.011969879397166571,0.00015592803343127985,0.012333383031027817,0.0
random_bp,expectation_value,bcw_12q_random_bp,hea,RX_RY_RZ_CNOT,none,circular,cnot,global,12,4,4,same_entangling_gate_count,2,4,RX,0,84,layer_002_wire_004_RX,3,-0.014126075045708135,0.0007531176370289717,0.016391980242724487,0.0
random_bp,expectation_value,bcw_12q_random_bp,hea,RX_RY_RZ_CNOT,none,circular,cnot,global,12,4,4,same_entangling_gate_count,2,4,RY,1,85,layer_002_wire_004_RY,3,-0.0036723645652102545,0.00010046421405172253,0.0089395299415258,0.0
random_bp,expectation_value,bcw_12q_random_bp,hea,RX_RY_RZ_CNOT,none,circular,cnot,global,12,4,4,same_entangling_gate_count,2,4,RZ,2,86,layer_002_wire_004_RZ,3,0.011076707145721034,0.0008400898553569671,0.018378279552168496,0.0
random_bp,expectation_value,bcw_12q_random_bp,hea,RX_RY_RZ_CNOT,none,circular,cnot,global,12,4,4,same_entangling_gate_count,2,5,RX,0,87,layer_002_wire_005_RX,3,-0.02606601844231348,0.0010347975888823691,0.026066018442313477,0.0
random_bp,expectation_value,bcw_12q_random_bp,hea,RX_RY_RZ_CNOT,none,circular,cnot,global,12,4,4,same_entangling_gate_count,2,5,RY,1,88,layer_002_wire_005_RY,3,-0.005777692940146281,0.0003438344188469546,0.015782308621783,0.0
random_bp,expectation_value,bcw_12q_random_bp,hea,RX_RY_RZ_CNOT,none,circular,cnot,global,12,4,4,same_entangling_gate_count,2,5,RZ,2,89,layer_002_wire_005_RZ,3,-0.024680771425965017,0.0002962810541866367,0.024680771425965017,0.0
random_bp,expectation_value,bcw_12q_random_bp,hea,RX_RY_RZ_CNOT,none,circular,cnot,global,12,4,4,same_entangling_gate_count,2,6,RX,0,90,layer_002_wire_006_RX,3,0.012138252641184823,0.0007412781376831686,0.017227872915233283,0.0
random_bp,expectation_value,bcw_12q_random_bp,hea,RX_RY_RZ_CNOT,none,circular,cnot,global,12,4,4,same_entangling_gate_count,2,6,RY,1,91,layer_002_wire_006_RY,3,0.005245571447295317,0.00034439162152929753,0.012036194994132771,0.0
random_bp,expectation_value,bcw_12q_random_bp,hea,RX_RY_RZ_CNOT,none,circular,cnot,global,12,4,4,same_entangling_gate_count,2,6,RZ,2,92,layer_002_wire_006_RZ,3,0.017353478337726054,0.001148957394419761,0.02312751543966977,0.0
random_bp,expectation_value,bcw_12q_random_bp,hea,RX_RY_RZ_CNOT,none,circular,cnot,global,12,4,4,same_entangling_gate_count,2,7,RX,0,93,layer_002_wire_007_RX,3,-0.0023673945913927873,8.889085514797996e-05,0.0075911622094007244,0.0
random_bp,expectation_value,bcw_12q_random_bp,hea,RX_RY_RZ_CNOT,none,circular,cnot,global,12,4,4,same_entangling_gate_count,2,7,RY,1,94,layer_002_wire_007_RY,3,-0.012826020187212475,6.407042921561944e-05,0.012826020187212475,0.0
random_bp,expectation_value,bcw_12q_random_bp,hea,RX_RY_RZ_CNOT,none,circular,cnot,global,12,4,4,same_entangling_gate_count,2,7,RZ,2,95,layer_002_wire_007_RZ,3,0.0052733333907348185,2.200944535400162e-05,0.0052733333907348185,0.0
random_bp,expectation_value,bcw_12q_random_bp,hea,RX_RY_RZ_CNOT,none,circular,cnot,global,12,4,4,same_entangling_gate_count,2,8,RX,0,96,layer_002_wire_008_RX,3,0.00572563214464737,5.076416763684829e-05,0.005725632144647369,0.0
random_bp,expectation_value,bcw_12q_random_bp,hea,RX_RY_RZ_CNOT,none,circular,cnot,global,12,4,4,same_entangling_gate_count,2,8,RY,1,97,layer_002_wire_008_RY,3,0.00363793960480922,9.345159895644619e-05,0.008607663668221511,0.0
random_bp,expectation_value,bcw_12q_random_bp,hea,RX_RY_RZ_CNOT,none,circular,cnot,global,12,4,4,same_entangling_gate_count,2,8,RZ,2,98,layer_002_wire_008_RZ,3,0.005419841361994014,0.00026245371539439927,0.011484449981382344,0.0
random_bp,expectation_value,bcw_12q_random_bp,hea,RX_RY_RZ_CNOT,none,circular,cnot,global,12,4,4,same_entangling_gate_count,2,9,RX,0,99,layer_002_wire_009_RX,3,-0.002730507606705171,8.024671715566603e-07,0.002730507606705171,0.0
random_bp,expectation_value,bcw_12q_random_bp,hea,RX_RY_RZ_CNOT,none,circular,cnot,global,12,4,4,same_entangling_gate_count,2,9,RY,1,100,layer_002_wire_009_RY,3,0.004361560557971904,0.0001291160653412016,0.008758171078128893,0.0
random_bp,expectation_value,bcw_12q_random_bp,hea,RX_RY_RZ_CNOT,none,circular,cnot,global,12,4,4,same_entangling_gate_count,2,9,RZ,2,101,layer_002_wire_009_RZ,3,-0.0011197572060777832,0.000355525663848615,0.014109952563578396,0.0
random_bp,expectation_value,bcw_12q_random_bp,hea,RX_RY_RZ_CNOT,none,circular,cnot,global,12,4,4,same_entangling_gate_count,2,10,RX,0,102,layer_002_wire_010_RX,3,0.006934960045041329,2.896750922129368e-06,0.006934960045041329,0.0
random_bp,expectation_value,bcw_12q_random_bp,hea,RX_RY_RZ_CNOT,none,circular,cnot,global,12,4,4,same_entangling_gate_count,2,10,RY,1,103,layer_002_wire_010_RY,3,0.010577794446411912,0.00027719845710619197,0.011550109584588582,0.0
random_bp,expectation_value,bcw_12q_random_bp,hea,RX_RY_RZ_CNOT,none,circular,cnot,global,12,4,4,same_entangling_gate_count,2,10,RZ,2,104,layer_002_wire_010_RZ,3,-0.0038290950766757055,3.763069204345017e-05,0.00585995698276311,0.0
random_bp,expectation_value,bcw_12q_random_bp,hea,RX_RY_RZ_CNOT,none,circular,cnot,global,12,4,4,same_entangling_gate_count,2,11,RX,0,105,layer_002_wire_011_RX,3,0.0066598702345360885,3.7584967430615806e-05,0.006835316695101863,0.0
random_bp,expectation_value,bcw_12q_random_bp,hea,RX_RY_RZ_CNOT,none,circular,cnot,global,12,4,4,same_entangling_gate_count,2,11,RY,1,106,layer_002_wire_011_RY,3,0.001289545846209429,4.799671363058876e-05,0.005530174794274136,0.0
random_bp,expectation_value,bcw_12q_random_bp,hea,RX_RY_RZ_CNOT,none,circular,cnot,global,12,4,4,same_entangling_gate_count,2,11,RZ,2,107,layer_002_wire_011_RZ,3,0.004262460585533525,6.122329338195266e-05,0.0056938249970562805,0.0
random_bp,expectation_value,bcw_12q_random_bp,hea,RX_RY_RZ_CNOT,none,circular,cnot,global,12,4,4,same_entangling_gate_count,3,0,RX,0,108,layer_003_wire_000_RX,3,0.0004630680288206199,9.323980916533706e-07,0.0008913269587873893,0.0
random_bp,expectation_value,bcw_12q_random_bp,hea,RX_RY_RZ_CNOT,none,circular,cnot,global,12,4,4,same_entangling_gate_count,3,0,RY,1,109,layer_003_wire_000_RY,3,0.000954091877194121,0.00025821526821193677,0.011483431818512732,0.0
random_bp,expectation_value,bcw_12q_random_bp,hea,RX_RY_RZ_CNOT,none,circular,cnot,global,12,4,4,same_entangling_gate_count,3,0,RZ,2,110,layer_003_wire_000_RZ,3,6.406877593141336e-18,2.786753893531993e-34,1.3986647947802193e-17,1.0
random_bp,expectation_value,bcw_12q_random_bp,hea,RX_RY_RZ_CNOT,none,circular,cnot,global,12,4,4,same_entangling_gate_count,3,1,RX,0,111,layer_003_wire_001_RX,3,-4.04768811061255e-18,2.3196421856226478e-36,4.04768811061255e-18,1.0
random_bp,expectation_value,bcw_12q_random_bp,hea,RX_RY_RZ_CNOT,none,circular,cnot,global,12,4,4,same_entangling_gate_count,3,1,RY,1,112,layer_003_wire_001_RY,3,-2.168404344971009e-19,8.665744354261904e-35,6.7220534694101275e-18,1.0
random_bp,expectation_value,bcw_12q_random_bp,hea,RX_RY_RZ_CNOT,none,circular,cnot,global,12,4,4,same_entangling_gate_count,3,1,RZ,2,113,layer_003_wire_001_RZ,3,4.587308590795533e-18,1.3414198885238938e-34,9.578194882596278e-18,1.0
random_bp,expectation_value,bcw_12q_random_bp,hea,RX_RY_RZ_CNOT,none,circular,cnot,global,12,4,4,same_entangling_gate_count,3,2,RX,0,114,layer_003_wire_002_RX,3,0.0015256162935070004,3.291989610339266e-05,0.004804922225715884,0.0
random_bp,expectation_value,bcw_12q_random_bp,hea,RX_RY_RZ_CNOT,none,circular,cnot,global,12,4,4,same_entangling_gate_count,3,2,RY,1,115,layer_003_wire_002_RY,3,-0.007311098714877541,0.0002027036767358501,0.013317445255551954,0.0
random_bp,expectation_value,bcw_12q_random_bp,hea,RX_RY_RZ_CNOT,none,circular,cnot,global,12,4,4,same_entangling_gate_count,3,2,RZ,2,116,layer_003_wire_002_RZ,3,4.7803661891873294e-18,4.099141024039366e-35,6.325605618094528e-18,1.0
random_bp,expectation_value,bcw_12q_random_bp,hea,RX_RY_RZ_CNOT,none,circular,cnot,global,12,4,4,same_entangling_gate_count,3,3,RX,0,117,layer_003_wire_003_RX,3,-1.5178830414797062e-18,2.0260820630772947e-34,1.1347982738681614e-17,1.0
random_bp,expectation_value,bcw_12q_random_bp,hea,RX_RY_RZ_CNOT,none,circular,cnot,global,12,4,4,same_entangling_gate_count,3,3,RY,1,118,layer_003_wire_003_RY,3,2.168404344971009e-19,8.421241529290868e-35,6.577493179745393e-18,1.0
random_bp,expectation_value,bcw_12q_random_bp,hea,RX_RY_RZ_CNOT,none,circular,cnot,global,12,4,4,same_entangling_gate_count,3,3,RZ,2,119,layer_003_wire_003_RZ,3,4.069298119172855e-18,1.2794449955455436e-35,4.069298119172854e-18,1.0
random_bp,expectation_value,bcw_12q_random_bp,hea,RX_RY_RZ_CNOT,none,circular,cnot,global,12,4,4,same_entangling_gate_count,3,4,RX,0,120,layer_003_wire_004_RX,3,0.000805223152715719,1.445383316403107e-06,0.0011707115804701438,0.0
random_bp,expectation_value,bcw_12q_random_bp,hea,RX_RY_RZ_CNOT,none,circular,cnot,global,12,4,4,same_entangling_gate_count,3,4,RY,1,121,layer_003_wire_004_RY,3,-0.03134604416837197,0.0027366660629707246,0.04004452285536769,0.0
random_bp,expectation_value,bcw_12q_random_bp,hea,RX_RY_RZ_CNOT,none,circular,cnot,global,12,4,4,same_entangling_gate_count,3,4,RZ,2,122,layer_003_wire_004_RZ,3,5.110336824760056e-18,2.3236137969998575e-35,5.38053478509605e-18,1.0
random_bp,expectation_value,bcw_12q_random_bp,hea,RX_RY_RZ_CNOT,none,circular,cnot,global,12,4,4,same_entangling_gate_count,3,5,RX,0,123,layer_003_wire_005_RX,3,-8.5290570902193e-18,3.9935461411935844e-35,8.529057090219302e-18,1.0
random_bp,expectation_value,bcw_12q_random_bp,hea,RX_RY_RZ_CNOT,none,circular,cnot,global,12,4,4,same_entangling_gate_count,3,5,RY,1,124,layer_003_wire_005_RY,3,-2.312964634635743e-18,9.146913375198493e-35,7.806255641895632e-18,1.0
random_bp,expectation_value,bcw_12q_random_bp,hea,RX_RY_RZ_CNOT,none,circular,cnot,global,12,4,4,same_entangling_gate_count,3,5,RZ,2,125,layer_003_wire_005_RZ,3,-2.6127945739008436e-18,4.147918916329641e-35,5.346026831913952e-18,1.0
random_bp,expectation_value,bcw_12q_random_bp,hea,RX_RY_RZ_CNOT,none,circular,cnot,global,12,4,4,same_entangling_gate_count,3,6,RX,0,126,layer_003_wire_006_RX,3,0.001779362465525206,4.417786698347498e-05,0.0052455553075955,0.0
random_bp,expectation_value,bcw_12q_random_bp,hea,RX_RY_RZ_CNOT,none,circular,cnot,global,12,4,4,same_entangling_gate_count,3,6,RY,1,127,layer_003_wire_006_RY,3,-0.0017508457128405817,6.947160955884315e-05,0.006868751630353068,0.0
random_bp,expectation_value,bcw_12q_random_bp,hea,RX_RY_RZ_CNOT,none,circular,cnot,global,12,4,4,same_entangling_gate_count,3,6,RZ,2,128,layer_003_wire_006_RZ,3,1.4974566598464426e-19,4.155502061646262e-35,4.7573259245806224e-18,1.0
random_bp,expectation_value,bcw_12q_random_bp,hea,RX_RY_RZ_CNOT,none,circular,cnot,global,12,4,4,same_entangling_gate_count,3,7,RX,0,129,layer_003_wire_007_RX,3,-1.734723475976807e-18,1.4519706221356895e-34,8.673617379884035e-18,1.0
random_bp,expectation_value,bcw_12q_random_bp,hea,RX_RY_RZ_CNOT,none,circular,cnot,global,12,4,4,same_entangling_gate_count,3,7,RY,1,130,layer_003_wire_007_RY,3,1.1926223897340549e-18,3.8908863012217717e-36,1.1926223897340549e-18,1.0
random_bp,expectation_value,bcw_12q_random_bp,hea,RX_RY_RZ_CNOT,none,circular,cnot,global,12,4,4,same_entangling_gate_count,3,7,RZ,2,131,layer_003_wire_007_RZ,3,3.1811881317628586e-18,8.84594063847684e-36,3.1811881317628586e-18,1.0
random_bp,expectation_value,bcw_12q_random_bp,hea,RX_RY_RZ_CNOT,none,circular,cnot,global,12,4,4,same_entangling_gate_count,3,8,RX,0,132,layer_003_wire_008_RX,3,-0.019292788838387306,0.0002736843616907876,0.019292788838387306,0.0
random_bp,expectation_value,bcw_12q_random_bp,hea,RX_RY_RZ_CNOT,none,circular,cnot,global,12,4,4,same_entangling_gate_count,3,8,RY,1,133,layer_003_wire_008_RY,3,0.0005478426485702394,2.5511264441179203e-05,0.0034373409505764675,0.0
random_bp,expectation_value,bcw_12q_random_bp,hea,RX_RY_RZ_CNOT,none,circular,cnot,global,12,4,4,same_entangling_gate_count,3,8,RZ,2,134,layer_003_wire_008_RZ,3,1.5291514534825063e-18,1.138462737386606e-35,2.069198462755629e-18,1.0
random_bp,expectation_value,bcw_12q_random_bp,hea,RX_RY_RZ_CNOT,none,circular,cnot,global,12,4,4,same_entangling_gate_count,3,9,RX,0,135,layer_003_wire_009_RX,3,8.890457814381136e-18,9.229981642656602e-35,8.890457814381136e-18,1.0
random_bp,expectation_value,bcw_12q_random_bp,hea,RX_RY_RZ_CNOT,none,circular,cnot,global,12,4,4,same_entangling_gate_count,3,9,RY,1,136,layer_003_wire_009_RY,3,9.251858538542972e-18,1.4018161965006051e-34,1.1564823173178714e-17,1.0
random_bp,expectation_value,bcw_12q_random_bp,hea,RX_RY_RZ_CNOT,none,circular,cnot,global,12,4,4,same_entangling_gate_count,3,9,RZ,2,137,layer_003_wire_009_RZ,3,-7.338305158704605e-18,8.970335108840336e-35,9.490627130849656e-18,1.0
random_bp,expectation_value,bcw_12q_random_bp,hea,RX_RY_RZ_CNOT,none,circular,cnot,global,12,4,4,same_entangling_gate_count,3,10,RX,0,138,layer_003_wire_010_RX,3,-0.0004015252828646757,8.968738896587358e-06,0.0023403931901580404,0.0
random_bp,expectation_value,bcw_12q_random_bp,hea,RX_RY_RZ_CNOT,none,circular,cnot,global,12,4,4,same_entangling_gate_count,3,10,RY,1,139,layer_003_wire_010_RY,3,-0.0013541534735024043,0.0007983644165689995,0.0209275957066625,0.0
random_bp,expectation_value,bcw_12q_random_bp,hea,RX_RY_RZ_CNOT,none,circular,cnot,global,12,4,4,same_entangling_gate_count,3,10,RZ,2,140,layer_003_wire_010_RZ,3,-1.7152936402049256e-18,6.034550115286359e-35,5.390287627288242e-18,1.0
random_bp,expectation_value,bcw_12q_random_bp,hea,RX_RY_RZ_CNOT,none,circular,cnot,global,12,4,4,same_entangling_gate_count,3,11,RX,0,141,layer_003_wire_011_RX,3,-5.439080898635614e-18,2.3646930066179114e-34,1.2558675164623759e-17,1.0
random_bp,expectation_value,bcw_12q_random_bp,hea,RX_RY_RZ_CNOT,none,circular,cnot,global,12,4,4,same_entangling_gate_count,3,11,RY,1,142,layer_003_wire_011_RY,3,-2.1539483160045354e-17,2.295191903125544e-34,2.1539483160045354e-17,1.0
random_bp,expectation_value,bcw_12q_random_bp,hea,RX_RY_RZ_CNOT,none,circular,cnot,global,12,4,4,same_entangling_gate_count,3,11,RZ,2,143,layer_003_wire_011_RZ,3,8.138129699714677e-18,2.3567663090481325e-34,1.005223218635134e-17,1.0
random_bp,expectation_value,bcw_12q_random_bp,hea,RX_RY_RZ_CNOT,none,linear,cnot,hamiltonian_local,12,4,4,same_entangling_gate_count,0,0,RX,0,0,layer_000_wire_000_RX,3,-0.009102582290927523,0.00019130380527312686,0.01293269070522349,0.0
random_bp,expectation_value,bcw_12q_random_bp,hea,RX_RY_RZ_CNOT,none,linear,cnot,hamiltonian_local,12,4,4,same_entangling_gate_count,0,0,RY,1,1,layer_000_wire_000_RY,3,0.015816437426059284,0.0002728176465593967,0.015816437426059284,0.0
random_bp,expectation_value,bcw_12q_random_bp,hea,RX_RY_RZ_CNOT,none,linear,cnot,hamiltonian_local,12,4,4,same_entangling_gate_count,0,0,RZ,2,2,layer_000_wire_000_RZ,3,-0.011826351669558224,8.489192644995353e-05,0.011826351669558225,0.0
random_bp,expectation_value,bcw_12q_random_bp,hea,RX_RY_RZ_CNOT,none,linear,cnot,hamiltonian_local,12,4,4,same_entangling_gate_count,0,1,RX,0,3,layer_000_wire_001_RX,3,0.018806719791190633,5.915641011758372e-05,0.018806719791190637,0.0
random_bp,expectation_value,bcw_12q_random_bp,hea,RX_RY_RZ_CNOT,none,linear,cnot,hamiltonian_local,12,4,4,same_entangling_gate_count,0,1,RY,1,4,layer_000_wire_001_RY,3,0.017206013966196854,0.00021426262153054096,0.017206013966196854,0.0
random_bp,expectation_value,bcw_12q_random_bp,hea,RX_RY_RZ_CNOT,none,linear,cnot,hamiltonian_local,12,4,4,same_entangling_gate_count,0,1,RZ,2,5,layer_000_wire_001_RZ,3,0.003820810153925239,0.0002312276050253162,0.010266271857509857,0.0
random_bp,expectation_value,bcw_12q_random_bp,hea,RX_RY_RZ_CNOT,none,linear,cnot,hamiltonian_local,12,4,4,same_entangling_gate_count,0,2,RX,0,6,layer_000_wire_002_RX,3,0.01457687083650341,0.0001992536318426195,0.014576870836503412,0.0
random_bp,expectation_value,bcw_12q_random_bp,hea,RX_RY_RZ_CNOT,none,linear,cnot,hamiltonian_local,12,4,4,same_entangling_gate_count,0,2,RY,1,7,layer_000_wire_002_RY,3,0.007306062160775935,0.00016575869314222106,0.012019663649803699,0.0
random_bp,expectation_value,bcw_12q_random_bp,hea,RX_RY_RZ_CNOT,none,linear,cnot,hamiltonian_local,12,4,4,same_entangling_gate_count,0,2,RZ,2,8,layer_000_wire_002_RZ,3,0.002315437553007973,0.0005224100306272007,0.015568706222181742,0.0
random_bp,expectation_value,bcw_12q_random_bp,hea,RX_RY_RZ_CNOT,none,linear,cnot,hamiltonian_local,12,4,4,same_entangling_gate_count,0,3,RX,0,9,layer_000_wire_003_RX,3,0.0008428907632164499,0.002832946992613687,0.03870187354235086,0.0
random_bp,expectation_value,bcw_12q_random_bp,hea,RX_RY_RZ_CNOT,none,linear,cnot,hamiltonian_local,12,4,4,same_entangling_gate_count,0,3,RY,1,10,layer_000_wire_003_RY,3,0.0030134424394212883,9.494533667265385e-06,0.0030134424394212887,0.0
random_bp,expectation_value,bcw_12q_random_bp,hea,RX_RY_RZ_CNOT,none,linear,cnot,hamiltonian_local,12,4,4,same_entangling_gate_count,0,3,RZ,2,11,layer_000_wire_003_RZ,3,0.0027981296464693883,0.0025104454107236296,0.03489690746697211,0.0
random_bp,expectation_value,bcw_12q_random_bp,hea,RX_RY_RZ_CNOT,none,linear,cnot,hamiltonian_local,12,4,4,same_entangling_gate_count,0,4,RX,0,12,layer_000_wire_004_RX,3,0.002575997580984305,0.0002311640479887813,0.010039436258770771,0.0
random_bp,expectation_value,bcw_12q_random_bp,hea,RX_RY_RZ_CNOT,none,linear,cnot,hamiltonian_local,12,4,4,same_entangling_gate_count,0,4,RY,1,13,layer_000_wire_004_RY,3,0.006649652210983379,7.511930827930888e-05,0.007059527989761074,0.0
random_bp,expectation_value,bcw_12q_random_bp,hea,RX_RY_RZ_CNOT,none,linear,cnot,hamiltonian_local,12,4,4,same_entangling_gate_count,0,4,RZ,2,14,layer_000_wire_004_RZ,3,0.00505682982179062,2.376852557580003e-05,0.0052560662937405815,0.0
random_bp,expectation_value,bcw_12q_random_bp,hea,RX_RY_RZ_CNOT,none,linear,cnot,hamiltonian_local,12,4,4,same_entangling_gate_count,0,5,RX,0,15,layer_000_wire_005_RX,3,-0.03939965244382193,0.005885260268586322,0.04980992503044496,0.0
random_bp,expectation_value,bcw_12q_random_bp,hea,RX_RY_RZ_CNOT,none,linear,cnot,hamiltonian_local,12,4,4,same_entangling_gate_count,0,5,RY,1,16,layer_000_wire_005_RY,3,0.003376398403106464,6.0779251553727415e-05,0.005836093790306846,0.0
random_bp,expectation_value,bcw_12q_random_bp,hea,RX_RY_RZ_CNOT,none,linear,cnot,hamiltonian_local,12,4,4,same_entangling_gate_count,0,5,RZ,2,17,layer_000_wire_005_RZ,3,-0.033455304380473685,0.0026181481512631438,0.03345530438047368,0.0
random_bp,expectation_value,bcw_12q_random_bp,hea,RX_RY_RZ_CNOT,none,linear,cnot,hamiltonian_local,12,4,4,same_entangling_gate_count,0,6,RX,0,18,layer_000_wire_006_RX,3,0.0023754183993479547,0.00033415511091723746,0.013269224901269425,0.0
random_bp,expectation_value,bcw_12q_random_bp,hea,RX_RY_RZ_CNOT,none,linear,cnot,hamiltonian_local,12,4,4,same_entangling_gate_count,0,6,RY,1,19,layer_000_wire_006_RY,3,0.0032826856287416235,5.2612904855240085e-06,0.003282685628741624,0.0
random_bp,expectation_value,bcw_12q_random_bp,hea,RX_RY_RZ_CNOT,none,linear,cnot,hamiltonian_local,12,4,4,same_entangling_gate_count,0,6,RZ,2,20,layer_000_wire_006_RZ,3,0.0015619980688356544,0.00036524699966779,0.014084808679689045,0.0
random_bp,expectation_value,bcw_12q_random_bp,hea,RX_RY_RZ_CNOT,none,linear,cnot,hamiltonian_local,12,4,4,same_entangling_gate_count,0,7,RX,0,21,layer_000_wire_007_RX,3,-0.0055086223164125874,0.00019072471357680217,0.011997276872348734,0.0
random_bp,expectation_value,bcw_12q_random_bp,hea,RX_RY_RZ_CNOT,none,linear,cnot,hamiltonian_local,12,4,4,same_entangling_gate_count,0,7,RY,1,22,layer_000_wire_007_RY,3,0.002991636248109551,2.5029570451354387e-05,0.0044298609011180655,0.0
random_bp,expectation_value,bcw_12q_random_bp,hea,RX_RY_RZ_CNOT,none,linear,cnot,hamiltonian_local,12,4,4,same_entangling_gate_count,0,7,RZ,2,23,layer_000_wire_007_RZ,3,-0.0076129726169372235,0.0001453964516881737,0.011148902824236993,0.0
random_bp,expectation_value,bcw_12q_random_bp,hea,RX_RY_RZ_CNOT,none,linear,cnot,hamiltonian_local,12,4,4,same_entangling_gate_count,0,8,RX,0,24,layer_000_wire_008_RX,3,-0.0008828692185291294,2.755670601373595e-05,0.004334124499962126,0.0
random_bp,expectation_value,bcw_12q_random_bp,hea,RX_RY_RZ_CNOT,none,linear,cnot,hamiltonian_local,12,4,4,same_entangling_gate_count,0,8,RY,1,25,layer_000_wire_008_RY,3,0.006100132526215229,4.4212075822549156e-05,0.006100132526215229,0.0
random_bp,expectation_value,bcw_12q_random_bp,hea,RX_RY_RZ_CNOT,none,linear,cnot,hamiltonian_local,12,4,4,same_entangling_gate_count,0,8,RZ,2,26,layer_000_wire_008_RZ,3,-0.0002465837118102122,3.2899157454325854e-05,0.004096573429254114,0.0
random_bp,expectation_value,bcw_12q_random_bp,hea,RX_RY_RZ_CNOT,none,linear,cnot,hamiltonian_local,12,4,4,same_entangling_gate_count,0,9,RX,0,27,layer_000_wire_009_RX,3,-0.010296093691528653,0.00014722739670468933,0.012761976885196038,0.0
random_bp,expectation_value,bcw_12q_random_bp,hea,RX_RY_RZ_CNOT,none,linear,cnot,hamiltonian_local,12,4,4,same_entangling_gate_count,0,9,RY,1,28,layer_000_wire_009_RY,3,-0.006769561995681917,0.00036396023675423566,0.012362473417461885,0.0
random_bp,expectation_value,bcw_12q_random_bp,hea,RX_RY_RZ_CNOT,none,linear,cnot,hamiltonian_local,12,4,4,same_entangling_gate_count,0,9,RZ,2,29,layer_000_wire_009_RZ,3,0.006565107631201566,0.00010805614751327153,0.008379919294645639,0.0
random_bp,expectation_value,bcw_12q_random_bp,hea,RX_RY_RZ_CNOT,none,linear,cnot,hamiltonian_local,12,4,4,same_entangling_gate_count,0,10,RX,0,30,layer_000_wire_010_RX,3,-0.000565649606098493,0.00019149246783844605,0.00981620425420795,0.0
random_bp,expectation_value,bcw_12q_random_bp,hea,RX_RY_RZ_CNOT,none,linear,cnot,hamiltonian_local,12,4,4,same_entangling_gate_count,0,10,RY,1,31,layer_000_wire_010_RY,3,-0.00358502393585575,4.8168351549863625e-05,0.004190143383746269,0.0
random_bp,expectation_value,bcw_12q_random_bp,hea,RX_RY_RZ_CNOT,none,linear,cnot,hamiltonian_local,12,4,4,same_entangling_gate_count,0,10,RZ,2,32,layer_000_wire_010_RZ,3,0.00148190894664626,7.405139949754348e-05,0.0062166474696955,0.0
random_bp,expectation_value,bcw_12q_random_bp,hea,RX_RY_RZ_CNOT,none,linear,cnot,hamiltonian_local,12,4,4,same_entangling_gate_count,0,11,RX,0,33,layer_000_wire_011_RX,3,-0.003204749881713849,4.066873943362226e-05,0.003994351932248272,0.0
random_bp,expectation_value,bcw_12q_random_bp,hea,RX_RY_RZ_CNOT,none,linear,cnot,hamiltonian_local,12,4,4,same_entangling_gate_count,0,11,RY,1,34,layer_000_wire_011_RY,3,-0.0007782512840256995,3.574769872759377e-06,0.0015547637912893958,0.0
random_bp,expectation_value,bcw_12q_random_bp,hea,RX_RY_RZ_CNOT,none,linear,cnot,hamiltonian_local,12,4,4,same_entangling_gate_count,0,11,RZ,2,35,layer_000_wire_011_RZ,3,-0.002301870622430738,1.061530651504788e-05,0.0031702875902189765,0.0
random_bp,expectation_value,bcw_12q_random_bp,hea,RX_RY_RZ_CNOT,none,linear,cnot,hamiltonian_local,12,4,4,same_entangling_gate_count,1,0,RX,0,36,layer_001_wire_000_RX,3,0.013250623758440508,0.00014594901681843888,0.013250623758440506,0.0
random_bp,expectation_value,bcw_12q_random_bp,hea,RX_RY_RZ_CNOT,none,linear,cnot,hamiltonian_local,12,4,4,same_entangling_gate_count,1,0,RY,1,37,layer_001_wire_000_RY,3,0.016900307796673758,0.00044547876758325495,0.017474158668329885,0.0
random_bp,expectation_value,bcw_12q_random_bp,hea,RX_RY_RZ_CNOT,none,linear,cnot,hamiltonian_local,12,4,4,same_entangling_gate_count,1,0,RZ,2,38,layer_001_wire_000_RZ,3,-0.004486175370196247,0.00012073981094907987,0.006959250972830591,0.0
random_bp,expectation_value,bcw_12q_random_bp,hea,RX_RY_RZ_CNOT,none,linear,cnot,hamiltonian_local,12,4,4,same_entangling_gate_count,1,1,RX,0,39,layer_001_wire_001_RX,3,0.010742332192034588,0.0008455794281249599,0.020478136734140097,0.0
random_bp,expectation_value,bcw_12q_random_bp,hea,RX_RY_RZ_CNOT,none,linear,cnot,hamiltonian_local,12,4,4,same_entangling_gate_count,1,1,RY,1,40,layer_001_wire_001_RY,3,-0.005595178193466542,0.00024635522626516315,0.01333454269511033,0.0
random_bp,expectation_value,bcw_12q_random_bp,hea,RX_RY_RZ_CNOT,none,linear,cnot,hamiltonian_local,12,4,4,same_entangling_gate_count,1,1,RZ,2,41,layer_001_wire_001_RZ,3,-0.017076113104110443,4.221805993185641e-05,0.017076113104110443,0.0
random_bp,expectation_value,bcw_12q_random_bp,hea,RX_RY_RZ_CNOT,none,linear,cnot,hamiltonian_local,12,4,4,same_entangling_gate_count,1,2,RX,0,42,layer_001_wire_002_RX,3,-0.012902607007872387,0.00013458363481459994,0.012902607007872387,0.0
random_bp,expectation_value,bcw_12q_random_bp,hea,RX_RY_RZ_CNOT,none,linear,cnot,hamiltonian_local,12,4,4,same_entangling_gate_count,1,2,RY,1,43,layer_001_wire_002_RY,3,-0.014775378681621845,0.0013015188046042693,0.026408245842295796,0.0
random_bp,expectation_value,bcw_12q_random_bp,hea,RX_RY_RZ_CNOT,none,linear,cnot,hamiltonian_local,12,4,4,same_entangling_gate_count,1,2,RZ,2,44,layer_001_wire_002_RZ,3,-0.017691418583219015,1.253684942977649e-05,0.017691418583219015,0.0
random_bp,expectation_value,bcw_12q_random_bp,hea,RX_RY_RZ_CNOT,none,linear,cnot,hamiltonian_local,12,4,4,same_entangling_gate_count,1,3,RX,0,45,layer_001_wire_003_RX,3,-0.009863654202131669,0.00020396029371393004,0.009863654202131669,0.0
random_bp,expectation_value,bcw_12q_random_bp,hea,RX_RY_RZ_CNOT,none,linear,cnot,hamiltonian_local,12,4,4,same_entangling_gate_count,1,3,RY,1,46,layer_001_wire_003_RY,3,-0.011657555605028718,0.000762963438294475,0.017764534799765568,0.0
random_bp,expectation_value,bcw_12q_random_bp,hea,RX_RY_RZ_CNOT,none,linear,cnot,hamiltonian_local,12,4,4,same_entangling_gate_count,1,3,RZ,2,47,layer_001_wire_003_RZ,3,-0.01927011098472344,0.0011765957735440707,0.03142460712539045,0.0
random_bp,expectation_value,bcw_12q_random_bp,hea,RX_RY_RZ_CNOT,none,linear,cnot,hamiltonian_local,12,4,4,same_entangling_gate_count,1,4,RX,0,48,layer_001_wire_004_RX,3,0.01731307681810896,0.0027664470248451615,0.03404148096565463,0.0
random_bp,expectation_value,bcw_12q_random_bp,hea,RX_RY_RZ_CNOT,none,linear,cnot,hamiltonian_local,12,4,4,same_entangling_gate_count,1,4,RY,1,49,layer_001_wire_004_RY,3,-0.003312080245735564,0.00020434036102536985,0.010820477443330296,0.0
random_bp,expectation_value,bcw_12q_random_bp,hea,RX_RY_RZ_CNOT,none,linear,cnot,hamiltonian_local,12,4,4,same_entangling_gate_count,1,4,RZ,2,50,layer_001_wire_004_RZ,3,-0.02576000610240512,0.0028954276201609537,0.032647797098947544,0.0
random_bp,expectation_value,bcw_12q_random_bp,hea,RX_RY_RZ_CNOT,none,linear,cnot,hamiltonian_local,12,4,4,same_entangling_gate_count,1,5,RX,0,51,layer_001_wire_005_RX,3,-0.027590484992646637,0.0016841991018791461,0.02759048499264664,0.0
random_bp,expectation_value,bcw_12q_random_bp,hea,RX_RY_RZ_CNOT,none,linear,cnot,hamiltonian_local,12,4,4,same_entangling_gate_count,1,5,RY,1,52,layer_001_wire_005_RY,3,0.0004294664591497242,9.735529502023603e-05,0.007021448065735875,0.0
random_bp,expectation_value,bcw_12q_random_bp,hea,RX_RY_RZ_CNOT,none,linear,cnot,hamiltonian_local,12,4,4,same_entangling_gate_count,1,5,RZ,2,53,layer_001_wire_005_RZ,3,-0.026222031708295623,0.002508081682111868,0.029803824777820884,0.0
random_bp,expectation_value,bcw_12q_random_bp,hea,RX_RY_RZ_CNOT,none,linear,cnot,hamiltonian_local,12,4,4,same_entangling_gate_count,1,6,RX,0,54,layer_001_wire_006_RX,3,-0.0028332883707846276,0.00011747925700843682,0.00801022045765515,0.0
random_bp,expectation_value,bcw_12q_random_bp,hea,RX_RY_RZ_CNOT,none,linear,cnot,hamiltonian_local,12,4,4,same_entangling_gate_count,1,6,RY,1,55,layer_001_wire_006_RY,3,-0.007440133487396804,0.00017710192658284716,0.01219867484477371,0.0
random_bp,expectation_value,bcw_12q_random_bp,hea,RX_RY_RZ_CNOT,none,linear,cnot,hamiltonian_local,12,4,4,same_entangling_gate_count,1,6,RZ,2,56,layer_001_wire_006_RZ,3,-0.0016041760978448795,0.00017392832361937742,0.009601093189429153,0.0
random_bp,expectation_value,bcw_12q_random_bp,hea,RX_RY_RZ_CNOT,none,linear,cnot,hamiltonian_local,12,4,4,same_entangling_gate_count,1,7,RX,0,57,layer_001_wire_007_RX,3,-0.005840769250518966,1.3128273010604784e-05,0.005840769250518966,0.0
random_bp,expectation_value,bcw_12q_random_bp,hea,RX_RY_RZ_CNOT,none,linear,cnot,hamiltonian_local,12,4,4,same_entangling_gate_count,1,7,RY,1,58,layer_001_wire_007_RY,3,-0.0028065643414807912,0.00010782046754785898,0.007052029456003805,0.0
random_bp,expectation_value,bcw_12q_random_bp,hea,RX_RY_RZ_CNOT,none,linear,cnot,hamiltonian_local,12,4,4,same_entangling_gate_count,1,7,RZ,2,59,layer_001_wire_007_RZ,3,0.0035806995980149662,0.0001507313062975507,0.008962720600500138,0.0
random_bp,expectation_value,bcw_12q_random_bp,hea,RX_RY_RZ_CNOT,none,linear,cnot,hamiltonian_local,12,4,4,same_entangling_gate_count,1,8,RX,0,60,layer_001_wire_008_RX,3,0.01696979346709905,0.00028412101861372495,0.016969793467099047,0.0
random_bp,expectation_value,bcw_12q_random_bp,hea,RX_RY_RZ_CNOT,none,linear,cnot,hamiltonian_local,12,4,4,same_entangling_gate_count,1,8,RY,1,61,layer_001_wire_008_RY,3,0.018697576417687503,0.0005593393992197646,0.0186975764176875,0.0
random_bp,expectation_value,bcw_12q_random_bp,hea,RX_RY_RZ_CNOT,none,linear,cnot,hamiltonian_local,12,4,4,same_entangling_gate_count,1,8,RZ,2,62,layer_001_wire_008_RZ,3,-0.007600225418195614,0.0007952219918981622,0.019163619055975734,0.0
random_bp,expectation_value,bcw_12q_random_bp,hea,RX_RY_RZ_CNOT,none,linear,cnot,hamiltonian_local,12,4,4,same_entangling_gate_count,1,9,RX,0,63,layer_001_wire_009_RX,3,-0.00616169493129445,0.0008571134682639403,0.022304315050297615,0.0
random_bp,expectation_value,bcw_12q_random_bp,hea,RX_RY_RZ_CNOT,none,linear,cnot,hamiltonian_local,12,4,4,same_entangling_gate_count,1,9,RY,1,64,layer_001_wire_009_RY,3,0.011009966569569247,0.000508519387778383,0.01450409498303782,0.0
random_bp,expectation_value,bcw_12q_random_bp,hea,RX_RY_RZ_CNOT,none,linear,cnot,hamiltonian_local,12,4,4,same_entangling_gate_count,1,9,RZ,2,65,layer_001_wire_009_RZ,3,-0.023542149334700013,0.00020804562139874582,0.023542149334700013,0.0
random_bp,expectation_value,bcw_12q_random_bp,hea,RX_RY_RZ_CNOT,none,linear,cnot,hamiltonian_local,12,4,4,same_entangling_gate_count,1,10,RX,0,66,layer_001_wire_010_RX,3,-0.005043025641855073,1.1524946256771219e-05,0.005043025641855073,0.0
random_bp,expectation_value,bcw_12q_random_bp,hea,RX_RY_RZ_CNOT,none,linear,cnot,hamiltonian_local,12,4,4,same_entangling_gate_count,1,10,RY,1,67,layer_001_wire_010_RY,3,0.0188669942293644,0.002251519321458049,0.037653751960573065,0.0
random_bp,expectation_value,bcw_12q_random_bp,hea,RX_RY_RZ_CNOT,none,linear,cnot,hamiltonian_local,12,4,4,same_entangling_gate_count,1,10,RZ,2,68,layer_001_wire_010_RZ,3,-0.0011425863342744594,1.974297367739039e-05,0.0028942982101419737,0.0
random_bp,expectation_value,bcw_12q_random_bp,hea,RX_RY_RZ_CNOT,none,linear,cnot,hamiltonian_local,12,4,4,same_entangling_gate_count,1,11,RX,0,69,layer_001_wire_011_RX,3,3.0290509558468753e-05,1.9562899670187693e-05,0.0033305620587566792,0.0
random_bp,expectation_value,bcw_12q_random_bp,hea,RX_RY_RZ_CNOT,none,linear,cnot,hamiltonian_local,12,4,4,same_entangling_gate_count,1,11,RY,1,70,layer_001_wire_011_RY,3,-0.02342570540894434,9.1624910095952e-05,0.02342570540894434,0.0
random_bp,expectation_value,bcw_12q_random_bp,hea,RX_RY_RZ_CNOT,none,linear,cnot,hamiltonian_local,12,4,4,same_entangling_gate_count,1,11,RZ,2,71,layer_001_wire_011_RZ,3,-0.01295011028852798,0.002672028911591967,0.0346784169397,0.0
random_bp,expectation_value,bcw_12q_random_bp,hea,RX_RY_RZ_CNOT,none,linear,cnot,hamiltonian_local,12,4,4,same_entangling_gate_count,2,0,RX,0,72,layer_002_wire_000_RX,3,0.004141750413680732,0.00015179858624478698,0.007912911571463418,0.0
random_bp,expectation_value,bcw_12q_random_bp,hea,RX_RY_RZ_CNOT,none,linear,cnot,hamiltonian_local,12,4,4,same_entangling_gate_count,2,0,RY,1,73,layer_002_wire_000_RY,3,0.009213294425201076,0.00020105390542528607,0.013984928999855928,0.0
random_bp,expectation_value,bcw_12q_random_bp,hea,RX_RY_RZ_CNOT,none,linear,cnot,hamiltonian_local,12,4,4,same_entangling_gate_count,2,0,RZ,2,74,layer_002_wire_000_RZ,3,8.599224731214035e-18,1.0973494546237533e-33,2.21456421941062e-17,1.0
random_bp,expectation_value,bcw_12q_random_bp,hea,RX_RY_RZ_CNOT,none,linear,cnot,hamiltonian_local,12,4,4,same_entangling_gate_count,2,1,RX,0,75,layer_002_wire_001_RX,3,0.00866023325187666,0.0008539447952355354,0.01948450811370466,0.0
random_bp,expectation_value,bcw_12q_random_bp,hea,RX_RY_RZ_CNOT,none,linear,cnot,hamiltonian_local,12,4,4,same_entangling_gate_count,2,1,RY,1,76,layer_002_wire_001_RY,3,0.00853558123615479,0.00163325663615052,0.027320828537624017,0.0
random_bp,expectation_value,bcw_12q_random_bp,hea,RX_RY_RZ_CNOT,none,linear,cnot,hamiltonian_local,12,4,4,same_entangling_gate_count,2,1,RZ,2,77,layer_002_wire_001_RZ,3,-0.013423667244503506,0.0003009347240815681,0.015018458873800466,0.0
random_bp,expectation_value,bcw_12q_random_bp,hea,RX_RY_RZ_CNOT,none,linear,cnot,hamiltonian_local,12,4,4,same_entangling_gate_count,2,2,RX,0,78,layer_002_wire_002_RX,3,-0.02166120491614168,0.0005844134519471678,0.02166120491614168,0.0
random_bp,expectation_value,bcw_12q_random_bp,hea,RX_RY_RZ_CNOT,none,linear,cnot,hamiltonian_local,12,4,4,same_entangling_gate_count,2,2,RY,1,79,layer_002_wire_002_RY,3,-0.008682881131068543,0.0007540402174847609,0.018303314140715073,0.0
random_bp,expectation_value,bcw_12q_random_bp,hea,RX_RY_RZ_CNOT,none,linear,cnot,hamiltonian_local,12,4,4,same_entangling_gate_count,2,2,RZ,2,80,layer_002_wire_002_RZ,3,0.005626646828928037,0.0004895334549881868,0.014886094794944122,0.0
random_bp,expectation_value,bcw_12q_random_bp,hea,RX_RY_RZ_CNOT,none,linear,cnot,hamiltonian_local,12,4,4,same_entangling_gate_count,2,3,RX,0,81,layer_002_wire_003_RX,3,0.0015328952046381279,0.0001553047957000422,0.009619101208802104,0.0
random_bp,expectation_value,bcw_12q_random_bp,hea,RX_RY_RZ_CNOT,none,linear,cnot,hamiltonian_local,12,4,4,same_entangling_gate_count,2,3,RY,1,82,layer_002_wire_003_RY,3,0.0055751876108852075,6.41200389065973e-05,0.007781692946709343,0.0
random_bp,expectation_value,bcw_12q_random_bp,hea,RX_RY_RZ_CNOT,none,linear,cnot,hamiltonian_local,12,4,4,same_entangling_gate_count,2,3,RZ,2,83,layer_002_wire_003_RZ,3,-0.0027147356797865636,3.934203977230072e-05,0.005494689214962868,0.0
random_bp,expectation_value,bcw_12q_random_bp,hea,RX_RY_RZ_CNOT,none,linear,cnot,hamiltonian_local,12,4,4,same_entangling_gate_count,2,4,RX,0,84,layer_002_wire_004_RX,3,-0.0068032802924251744,0.002489169029518302,0.03317356060798775,0.0
random_bp,expectation_value,bcw_12q_random_bp,hea,RX_RY_RZ_CNOT,none,linear,cnot,hamiltonian_local,12,4,4,same_entangling_gate_count,2,4,RY,1,85,layer_002_wire_004_RY,3,0.007808750177506442,7.357926500561452e-05,0.008606123284861534,0.0
random_bp,expectation_value,bcw_12q_random_bp,hea,RX_RY_RZ_CNOT,none,linear,cnot,hamiltonian_local,12,4,4,same_entangling_gate_count,2,4,RZ,2,86,layer_002_wire_004_RZ,3,0.027927659576297788,0.0008450782792172296,0.02792765957629779,0.0
random_bp,expectation_value,bcw_12q_random_bp,hea,RX_RY_RZ_CNOT,none,linear,cnot,hamiltonian_local,12,4,4,same_entangling_gate_count,2,5,RX,0,87,layer_002_wire_005_RX,3,-0.0034606556530023458,7.375315261928125e-05,0.007735425726366798,0.0
random_bp,expectation_value,bcw_12q_random_bp,hea,RX_RY_RZ_CNOT,none,linear,cnot,hamiltonian_local,12,4,4,same_entangling_gate_count,2,5,RY,1,88,layer_002_wire_005_RY,3,0.0016648773083646764,2.432905776861862e-07,0.0016648773083646764,0.0
random_bp,expectation_value,bcw_12q_random_bp,hea,RX_RY_RZ_CNOT,none,linear,cnot,hamiltonian_local,12,4,4,same_entangling_gate_count,2,5,RZ,2,89,layer_002_wire_005_RZ,3,0.0037161812836953865,0.000131647547081766,0.007529422054642761,0.0
random_bp,expectation_value,bcw_12q_random_bp,hea,RX_RY_RZ_CNOT,none,linear,cnot,hamiltonian_local,12,4,4,same_entangling_gate_count,2,6,RX,0,90,layer_002_wire_006_RX,3,-0.018082992780083643,0.001193375748904293,0.020548531401177763,0.0
random_bp,expectation_value,bcw_12q_random_bp,hea,RX_RY_RZ_CNOT,none,linear,cnot,hamiltonian_local,12,4,4,same_entangling_gate_count,2,6,RY,1,91,layer_002_wire_006_RY,3,-0.005965697159375259,0.00022224290145720849,0.009479237884542671,0.0
random_bp,expectation_value,bcw_12q_random_bp,hea,RX_RY_RZ_CNOT,none,linear,cnot,hamiltonian_local,12,4,4,same_entangling_gate_count,2,6,RZ,2,92,layer_002_wire_006_RZ,3,-0.0250408527291826,0.0007038364873479166,0.025040852729182602,0.0
random_bp,expectation_value,bcw_12q_random_bp,hea,RX_RY_RZ_CNOT,none,linear,cnot,hamiltonian_local,12,4,4,same_entangling_gate_count,2,7,RX,0,93,layer_002_wire_007_RX,3,0.0020674186589457405,1.5224647051211887e-05,0.0027315585201078377,0.0
random_bp,expectation_value,bcw_12q_random_bp,hea,RX_RY_RZ_CNOT,none,linear,cnot,hamiltonian_local,12,4,4,same_entangling_gate_count,2,7,RY,1,94,layer_002_wire_007_RY,3,0.0030268636210734052,3.373137251399244e-05,0.004052607654943671,0.0
random_bp,expectation_value,bcw_12q_random_bp,hea,RX_RY_RZ_CNOT,none,linear,cnot,hamiltonian_local,12,4,4,same_entangling_gate_count,2,7,RZ,2,95,layer_002_wire_007_RZ,3,0.0029769533896865383,1.6144642269021943e-05,0.0038775046079375253,0.0
random_bp,expectation_value,bcw_12q_random_bp,hea,RX_RY_RZ_CNOT,none,linear,cnot,hamiltonian_local,12,4,4,same_entangling_gate_count,2,8,RX,0,96,layer_002_wire_008_RX,3,-0.0014185157308787494,5.3310182171657116e-05,0.006004819137788612,0.0
random_bp,expectation_value,bcw_12q_random_bp,hea,RX_RY_RZ_CNOT,none,linear,cnot,hamiltonian_local,12,4,4,same_entangling_gate_count,2,8,RY,1,97,layer_002_wire_008_RY,3,-0.007373224749982746,0.00014995134393448983,0.011383737428442781,0.0
random_bp,expectation_value,bcw_12q_random_bp,hea,RX_RY_RZ_CNOT,none,linear,cnot,hamiltonian_local,12,4,4,same_entangling_gate_count,2,8,RZ,2,98,layer_002_wire_008_RZ,3,-0.003418031687879872,9.884111342400143e-05,0.006368926441493835,0.0
random_bp,expectation_value,bcw_12q_random_bp,hea,RX_RY_RZ_CNOT,none,linear,cnot,hamiltonian_local,12,4,4,same_entangling_gate_count,2,9,RX,0,99,layer_002_wire_009_RX,3,-0.002577011930028461,0.0002840199190741867,0.011912001068710779,0.0
random_bp,expectation_value,bcw_12q_random_bp,hea,RX_RY_RZ_CNOT,none,linear,cnot,hamiltonian_local,12,4,4,same_entangling_gate_count,2,9,RY,1,100,layer_002_wire_009_RY,3,-0.001043726548958394,2.6577991617449464e-06,0.001569875033699335,0.0
random_bp,expectation_value,bcw_12q_random_bp,hea,RX_RY_RZ_CNOT,none,linear,cnot,hamiltonian_local,12,4,4,same_entangling_gate_count,2,9,RZ,2,101,layer_002_wire_009_RZ,3,0.0032927187929397647,8.30089537359962e-05,0.007116682104922743,0.0
random_bp,expectation_value,bcw_12q_random_bp,hea,RX_RY_RZ_CNOT,none,linear,cnot,hamiltonian_local,12,4,4,same_entangling_gate_count,2,10,RX,0,102,layer_002_wire_010_RX,3,0.013390305770023375,1.789682107083357e-05,0.013390305770023375,0.0
random_bp,expectation_value,bcw_12q_random_bp,hea,RX_RY_RZ_CNOT,none,linear,cnot,hamiltonian_local,12,4,4,same_entangling_gate_count,2,10,RY,1,103,layer_002_wire_010_RY,3,-0.003699725760731624,5.1637309665996195e-05,0.004659453405630392,0.0
random_bp,expectation_value,bcw_12q_random_bp,hea,RX_RY_RZ_CNOT,none,linear,cnot,hamiltonian_local,12,4,4,same_entangling_gate_count,2,10,RZ,2,104,layer_002_wire_010_RZ,3,-0.005689861752832077,0.0002114393577763556,0.013066253531729652,0.0
random_bp,expectation_value,bcw_12q_random_bp,hea,RX_RY_RZ_CNOT,none,linear,cnot,hamiltonian_local,12,4,4,same_entangling_gate_count,2,11,RX,0,105,layer_002_wire_011_RX,3,0.0012920243079387237,2.8029247575904217e-05,0.003582332873093628,0.0
random_bp,expectation_value,bcw_12q_random_bp,hea,RX_RY_RZ_CNOT,none,linear,cnot,hamiltonian_local,12,4,4,same_entangling_gate_count,2,11,RY,1,106,layer_002_wire_011_RY,3,0.012242254043974412,0.00041456698557405824,0.01393557670749164,0.0
random_bp,expectation_value,bcw_12q_random_bp,hea,RX_RY_RZ_CNOT,none,linear,cnot,hamiltonian_local,12,4,4,same_entangling_gate_count,2,11,RZ,2,107,layer_002_wire_011_RZ,3,0.021379888105072936,0.0016315436532120188,0.03717766442938,0.0
random_bp,expectation_value,bcw_12q_random_bp,hea,RX_RY_RZ_CNOT,none,linear,cnot,hamiltonian_local,12,4,4,same_entangling_gate_count,3,0,RX,0,108,layer_003_wire_000_RX,3,5.095750210681871e-18,4.9946754966439e-35,5.673991369340807e-18,1.0
random_bp,expectation_value,bcw_12q_random_bp,hea,RX_RY_RZ_CNOT,none,linear,cnot,hamiltonian_local,12,4,4,same_entangling_gate_count,3,0,RY,1,109,layer_003_wire_000_RY,3,-5.3198186596622086e-17,5.5892091927737905e-33,7.401486830834377e-17,1.0
random_bp,expectation_value,bcw_12q_random_bp,hea,RX_RY_RZ_CNOT,none,linear,cnot,hamiltonian_local,12,4,4,same_entangling_gate_count,3,0,RZ,2,110,layer_003_wire_000_RZ,3,-2.646001493604223e-17,2.0116495212585197e-33,4.1248092213784694e-17,1.0
random_bp,expectation_value,bcw_12q_random_bp,hea,RX_RY_RZ_CNOT,none,linear,cnot,hamiltonian_local,12,4,4,same_entangling_gate_count,3,1,RX,0,111,layer_003_wire_001_RX,3,0.006652398923227058,0.00016439444465282815,0.007648392400812999,0.0
random_bp,expectation_value,bcw_12q_random_bp,hea,RX_RY_RZ_CNOT,none,linear,cnot,hamiltonian_local,12,4,4,same_entangling_gate_count,3,1,RY,1,112,layer_003_wire_001_RY,3,0.021508885947343622,0.00170752402421737,0.03823515977242733,0.0
random_bp,expectation_value,bcw_12q_random_bp,hea,RX_RY_RZ_CNOT,none,linear,cnot,hamiltonian_local,12,4,4,same_entangling_gate_count,3,1,RZ,2,113,layer_003_wire_001_RZ,3,-2.2042485672045204e-17,2.7520727936951033e-34,2.2042485672045204e-17,1.0
random_bp,expectation_value,bcw_12q_random_bp,hea,RX_RY_RZ_CNOT,none,linear,cnot,hamiltonian_local,12,4,4,same_entangling_gate_count,3,2,RX,0,114,layer_003_wire_002_RX,3,-0.005780780070645424,2.791217409769558e-05,0.005919650156424633,0.0
random_bp,expectation_value,bcw_12q_random_bp,hea,RX_RY_RZ_CNOT,none,linear,cnot,hamiltonian_local,12,4,4,same_entangling_gate_count,3,2,RY,1,115,layer_003_wire_002_RY,3,-0.004015547077378677,6.0449218924211506e-05,0.006883977149747357,0.0
random_bp,expectation_value,bcw_12q_random_bp,hea,RX_RY_RZ_CNOT,none,linear,cnot,hamiltonian_local,12,4,4,same_entangling_gate_count,3,2,RZ,2,116,layer_003_wire_002_RZ,3,7.682056025392943e-18,4.463002800000549e-34,1.8160851439695437e-17,1.0
random_bp,expectation_value,bcw_12q_random_bp,hea,RX_RY_RZ_CNOT,none,linear,cnot,hamiltonian_local,12,4,4,same_entangling_gate_count,3,3,RX,0,117,layer_003_wire_003_RX,3,0.0013665828193128954,3.6522979160027336e-06,0.0013665828193128954,0.0
random_bp,expectation_value,bcw_12q_random_bp,hea,RX_RY_RZ_CNOT,none,linear,cnot,hamiltonian_local,12,4,4,same_entangling_gate_count,3,3,RY,1,118,layer_003_wire_003_RY,3,-0.005093998815967152,0.00029501965143949034,0.014920161229437545,0.0
random_bp,expectation_value,bcw_12q_random_bp,hea,RX_RY_RZ_CNOT,none,linear,cnot,hamiltonian_local,12,4,4,same_entangling_gate_count,3,3,RZ,2,119,layer_003_wire_003_RZ,3,2.102285322308411e-19,2.7961942974896005e-34,1.2342397007861476e-17,1.0
random_bp,expectation_value,bcw_12q_random_bp,hea,RX_RY_RZ_CNOT,none,linear,cnot,hamiltonian_local,12,4,4,same_entangling_gate_count,3,4,RX,0,120,layer_003_wire_004_RX,3,0.0011336923746439864,1.0348095452338523e-05,0.002066657448930252,0.0
random_bp,expectation_value,bcw_12q_random_bp,hea,RX_RY_RZ_CNOT,none,linear,cnot,hamiltonian_local,12,4,4,same_entangling_gate_count,3,4,RY,1,121,layer_003_wire_004_RY,3,-0.002775408572925551,0.00018313896140997331,0.010688024459433293,0.0
random_bp,expectation_value,bcw_12q_random_bp,hea,RX_RY_RZ_CNOT,none,linear,cnot,hamiltonian_local,12,4,4,same_entangling_gate_count,3,4,RZ,2,122,layer_003_wire_004_RZ,3,-2.37090159834651e-17,1.1865039999897394e-33,2.37090159834651e-17,1.0
random_bp,expectation_value,bcw_12q_random_bp,hea,RX_RY_RZ_CNOT,none,linear,cnot,hamiltonian_local,12,4,4,same_entangling_gate_count,3,5,RX,0,123,layer_003_wire_005_RX,3,-0.0007242779753833918,1.0059322498589543e-05,0.0020938982929412904,0.0
random_bp,expectation_value,bcw_12q_random_bp,hea,RX_RY_RZ_CNOT,none,linear,cnot,hamiltonian_local,12,4,4,same_entangling_gate_count,3,5,RY,1,124,layer_003_wire_005_RY,3,-0.004094260997280029,7.24784123251876e-05,0.005233223615441473,0.0
random_bp,expectation_value,bcw_12q_random_bp,hea,RX_RY_RZ_CNOT,none,linear,cnot,hamiltonian_local,12,4,4,same_entangling_gate_count,3,5,RZ,2,125,layer_003_wire_005_RZ,3,-8.481692667576519e-18,4.696962607843306e-34,1.4849777401388495e-17,1.0
random_bp,expectation_value,bcw_12q_random_bp,hea,RX_RY_RZ_CNOT,none,linear,cnot,hamiltonian_local,12,4,4,same_entangling_gate_count,3,6,RX,0,126,layer_003_wire_006_RX,3,0.0008033251747897057,1.2130112559779732e-06,0.0008033251747897057,0.0
random_bp,expectation_value,bcw_12q_random_bp,hea,RX_RY_RZ_CNOT,none,linear,cnot,hamiltonian_local,12,4,4,same_entangling_gate_count,3,6,RY,1,127,layer_003_wire_006_RY,3,-0.00347961494490452,1.1253733443098467e-05,0.0034796149449045203,0.0
random_bp,expectation_value,bcw_12q_random_bp,hea,RX_RY_RZ_CNOT,none,linear,cnot,hamiltonian_local,12,4,4,same_entangling_gate_count,3,6,RZ,2,128,layer_003_wire_006_RZ,3,-8.080217492464848e-18,4.2984230978026167e-35,8.08021749246485e-18,1.0
random_bp,expectation_value,bcw_12q_random_bp,hea,RX_RY_RZ_CNOT,none,linear,cnot,hamiltonian_local,12,4,4,same_entangling_gate_count,3,7,RX,0,129,layer_003_wire_007_RX,3,0.0005274914221528599,6.775194249369183e-08,0.0005274914221528598,0.0
random_bp,expectation_value,bcw_12q_random_bp,hea,RX_RY_RZ_CNOT,none,linear,cnot,hamiltonian_local,12,4,4,same_entangling_gate_count,3,7,RY,1,130,layer_003_wire_007_RY,3,-0.01874172071790679,0.00022731366069436785,0.01874172071790679,0.0
random_bp,expectation_value,bcw_12q_random_bp,hea,RX_RY_RZ_CNOT,none,linear,cnot,hamiltonian_local,12,4,4,same_entangling_gate_count,3,7,RZ,2,131,layer_003_wire_007_RZ,3,5.918520160113578e-18,1.8801200118046348e-34,9.725164522497539e-18,1.0
random_bp,expectation_value,bcw_12q_random_bp,hea,RX_RY_RZ_CNOT,none,linear,cnot,hamiltonian_local,12,4,4,same_entangling_gate_count,3,8,RX,0,132,layer_003_wire_008_RX,3,-0.0005245309998943257,8.357793449708244e-08,0.0005245309998943257,0.0
random_bp,expectation_value,bcw_12q_random_bp,hea,RX_RY_RZ_CNOT,none,linear,cnot,hamiltonian_local,12,4,4,same_entangling_gate_count,3,8,RY,1,133,layer_003_wire_008_RY,3,-0.0030384009013637247,4.2985315863913485e-05,0.006052273494666285,0.0
random_bp,expectation_value,bcw_12q_random_bp,hea,RX_RY_RZ_CNOT,none,linear,cnot,hamiltonian_local,12,4,4,same_entangling_gate_count,3,8,RZ,2,134,layer_003_wire_008_RZ,3,1.6585959112931852e-17,9.529414186808766e-35,1.6585959112931852e-17,1.0
random_bp,expectation_value,bcw_12q_random_bp,hea,RX_RY_RZ_CNOT,none,linear,cnot,hamiltonian_local,12,4,4,same_entangling_gate_count,3,9,RX,0,135,layer_003_wire_009_RX,3,-0.0002740434403757173,2.168901012223916e-07,0.0002795665691536215,0.0
random_bp,expectation_value,bcw_12q_random_bp,hea,RX_RY_RZ_CNOT,none,linear,cnot,hamiltonian_local,12,4,4,same_entangling_gate_count,3,9,RY,1,136,layer_003_wire_009_RY,3,0.012617006710476658,0.0007304103289010638,0.01656396832213772,0.0
random_bp,expectation_value,bcw_12q_random_bp,hea,RX_RY_RZ_CNOT,none,linear,cnot,hamiltonian_local,12,4,4,same_entangling_gate_count,3,9,RZ,2,137,layer_003_wire_009_RZ,3,1.3883336172307838e-17,2.6390075316477073e-34,1.3883336172307838e-17,1.0
random_bp,expectation_value,bcw_12q_random_bp,hea,RX_RY_RZ_CNOT,none,linear,cnot,hamiltonian_local,12,4,4,same_entangling_gate_count,3,10,RX,0,138,layer_003_wire_010_RX,3,-0.00017751924575553458,6.372313965117288e-08,0.0001775192457555346,0.0
random_bp,expectation_value,bcw_12q_random_bp,hea,RX_RY_RZ_CNOT,none,linear,cnot,hamiltonian_local,12,4,4,same_entangling_gate_count,3,10,RY,1,139,layer_003_wire_010_RY,3,-0.010289467570488042,0.0011553881260538228,0.02420351381124067,0.0
random_bp,expectation_value,bcw_12q_random_bp,hea,RX_RY_RZ_CNOT,none,linear,cnot,hamiltonian_local,12,4,4,same_entangling_gate_count,3,10,RZ,2,140,layer_003_wire_010_RZ,3,-1.0773889984233252e-17,8.650250661646253e-34,2.483897840446793e-17,1.0
random_bp,expectation_value,bcw_12q_random_bp,hea,RX_RY_RZ_CNOT,none,linear,cnot,hamiltonian_local,12,4,4,same_entangling_gate_count,3,11,RX,0,141,layer_003_wire_011_RX,3,-7.614143108219831e-05,5.6641781383477476e-08,0.000195774085513104,0.0
random_bp,expectation_value,bcw_12q_random_bp,hea,RX_RY_RZ_CNOT,none,linear,cnot,hamiltonian_local,12,4,4,same_entangling_gate_count,3,11,RY,1,142,layer_003_wire_011_RY,3,-0.00256983202456911,0.0004739279428079119,0.01561289720421323,0.0
random_bp,expectation_value,bcw_12q_random_bp,hea,RX_RY_RZ_CNOT,none,linear,cnot,hamiltonian_local,12,4,4,same_entangling_gate_count,3,11,RZ,2,143,layer_003_wire_011_RZ,3,-7.751293297112661e-17,3.354977629616284e-35,7.751293297112662e-17,1.0
random_bp,expectation_value,bcw_12q_random_bp,hea,RX_RY_RZ_CNOT,none,circular,cnot,hamiltonian_local,12,4,4,same_entangling_gate_count,0,0,RX,0,0,layer_000_wire_000_RX,3,0.006145039919436994,5.276973925591181e-05,0.007206996005286288,0.0
random_bp,expectation_value,bcw_12q_random_bp,hea,RX_RY_RZ_CNOT,none,circular,cnot,hamiltonian_local,12,4,4,same_entangling_gate_count,0,0,RY,1,1,layer_000_wire_000_RY,3,-0.003144150630780127,5.015660680240802e-06,0.0031441506307801266,0.0
random_bp,expectation_value,bcw_12q_random_bp,hea,RX_RY_RZ_CNOT,none,circular,cnot,hamiltonian_local,12,4,4,same_entangling_gate_count,0,0,RZ,2,2,layer_000_wire_000_RZ,3,0.007947710960558275,3.817938365563011e-05,0.007947710960558275,0.0
random_bp,expectation_value,bcw_12q_random_bp,hea,RX_RY_RZ_CNOT,none,circular,cnot,hamiltonian_local,12,4,4,same_entangling_gate_count,0,1,RX,0,3,layer_000_wire_001_RX,3,-0.016193824464876282,0.0001808401903099101,0.016193824464876282,0.0
random_bp,expectation_value,bcw_12q_random_bp,hea,RX_RY_RZ_CNOT,none,circular,cnot,hamiltonian_local,12,4,4,same_entangling_gate_count,0,1,RY,1,4,layer_000_wire_001_RY,3,0.006096833614272051,0.0006699848913891495,0.021769633404250106,0.0
random_bp,expectation_value,bcw_12q_random_bp,hea,RX_RY_RZ_CNOT,none,circular,cnot,hamiltonian_local,12,4,4,same_entangling_gate_count,0,1,RZ,2,5,layer_000_wire_001_RZ,3,0.004281462819628519,9.629999638611926e-05,0.008268587876933981,0.0
random_bp,expectation_value,bcw_12q_random_bp,hea,RX_RY_RZ_CNOT,none,circular,cnot,hamiltonian_local,12,4,4,same_entangling_gate_count,0,2,RX,0,6,layer_000_wire_002_RX,3,0.010310708549836076,0.00017083686029030682,0.011519626510333182,0.0
random_bp,expectation_value,bcw_12q_random_bp,hea,RX_RY_RZ_CNOT,none,circular,cnot,hamiltonian_local,12,4,4,same_entangling_gate_count,0,2,RY,1,7,layer_000_wire_002_RY,3,0.007579093252220797,3.1336249459089574e-05,0.007579093252220798,0.0
random_bp,expectation_value,bcw_12q_random_bp,hea,RX_RY_RZ_CNOT,none,circular,cnot,hamiltonian_local,12,4,4,same_entangling_gate_count,0,2,RZ,2,8,layer_000_wire_002_RZ,3,-0.00468440128283327,0.00012097898058878563,0.0068872435899469545,0.0
random_bp,expectation_value,bcw_12q_random_bp,hea,RX_RY_RZ_CNOT,none,circular,cnot,hamiltonian_local,12,4,4,same_entangling_gate_count,0,3,RX,0,9,layer_000_wire_003_RX,3,0.001048565509623383,2.0159139658075413e-05,0.0037795494114267365,0.0
random_bp,expectation_value,bcw_12q_random_bp,hea,RX_RY_RZ_CNOT,none,circular,cnot,hamiltonian_local,12,4,4,same_entangling_gate_count,0,3,RY,1,10,layer_000_wire_003_RY,3,-0.002527260331169673,1.3689050027667305e-05,0.0030201021941244264,0.0
random_bp,expectation_value,bcw_12q_random_bp,hea,RX_RY_RZ_CNOT,none,circular,cnot,hamiltonian_local,12,4,4,same_entangling_gate_count,0,3,RZ,2,11,layer_000_wire_003_RZ,3,-0.0025567912554001503,2.0787919736132234e-06,0.0025567912554001503,0.0
random_bp,expectation_value,bcw_12q_random_bp,hea,RX_RY_RZ_CNOT,none,circular,cnot,hamiltonian_local,12,4,4,same_entangling_gate_count,0,4,RX,0,12,layer_000_wire_004_RX,3,0.0015906501883055464,0.00015676569705482706,0.0084550207471455,0.0
random_bp,expectation_value,bcw_12q_random_bp,hea,RX_RY_RZ_CNOT,none,circular,cnot,hamiltonian_local,12,4,4,same_entangling_gate_count,0,4,RY,1,13,layer_000_wire_004_RY,3,0.004571814668758814,2.3318052564737515e-05,0.004795311311775895,0.0
random_bp,expectation_value,bcw_12q_random_bp,hea,RX_RY_RZ_CNOT,none,circular,cnot,hamiltonian_local,12,4,4,same_entangling_gate_count,0,4,RZ,2,14,layer_000_wire_004_RZ,3,0.0074742399219023484,4.9636035826676414e-05,0.007474239921902348,0.0
random_bp,expectation_value,bcw_12q_random_bp,hea,RX_RY_RZ_CNOT,none,circular,cnot,hamiltonian_local,12,4,4,same_entangling_gate_count,0,5,RX,0,15,layer_000_wire_005_RX,3,-0.03553692256767541,0.004386202683746411,0.043876503338390604,0.0
random_bp,expectation_value,bcw_12q_random_bp,hea,RX_RY_RZ_CNOT,none,circular,cnot,hamiltonian_local,12,4,4,same_entangling_gate_count,0,5,RY,1,16,layer_000_wire_005_RY,3,0.0032819608433897482,7.101948933545267e-05,0.006268043661315825,0.0
random_bp,expectation_value,bcw_12q_random_bp,hea,RX_RY_RZ_CNOT,none,circular,cnot,hamiltonian_local,12,4,4,same_entangling_gate_count,0,5,RZ,2,17,layer_000_wire_005_RZ,3,-0.02824495898086845,0.002044799912435307,0.028244958980868453,0.0
random_bp,expectation_value,bcw_12q_random_bp,hea,RX_RY_RZ_CNOT,none,circular,cnot,hamiltonian_local,12,4,4,same_entangling_gate_count,0,6,RX,0,18,layer_000_wire_006_RX,3,0.002487493800560984,0.00047445328776863293,0.015810358226973523,0.0
random_bp,expectation_value,bcw_12q_random_bp,hea,RX_RY_RZ_CNOT,none,circular,cnot,hamiltonian_local,12,4,4,same_entangling_gate_count,0,6,RY,1,19,layer_000_wire_006_RY,3,0.0018936042821625218,6.636436786021877e-06,0.0023391629134089736,0.0
random_bp,expectation_value,bcw_12q_random_bp,hea,RX_RY_RZ_CNOT,none,circular,cnot,hamiltonian_local,12,4,4,same_entangling_gate_count,0,6,RZ,2,20,layer_000_wire_006_RZ,3,0.0027514173676852927,0.00043466257261814056,0.015072965258667352,0.0
random_bp,expectation_value,bcw_12q_random_bp,hea,RX_RY_RZ_CNOT,none,circular,cnot,hamiltonian_local,12,4,4,same_entangling_gate_count,0,7,RX,0,21,layer_000_wire_007_RX,3,-0.009655194862685386,7.130691997097082e-05,0.009655194862685386,0.0
random_bp,expectation_value,bcw_12q_random_bp,hea,RX_RY_RZ_CNOT,none,circular,cnot,hamiltonian_local,12,4,4,same_entangling_gate_count,0,7,RY,1,22,layer_000_wire_007_RY,3,0.001143880377003081,4.816904577800063e-05,0.005434699691553972,0.0
random_bp,expectation_value,bcw_12q_random_bp,hea,RX_RY_RZ_CNOT,none,circular,cnot,hamiltonian_local,12,4,4,same_entangling_gate_count,0,7,RZ,2,23,layer_000_wire_007_RZ,3,-0.0038605522231132663,0.00011835526026655705,0.007948449679412902,0.0
random_bp,expectation_value,bcw_12q_random_bp,hea,RX_RY_RZ_CNOT,none,circular,cnot,hamiltonian_local,12,4,4,same_entangling_gate_count,0,8,RX,0,24,layer_000_wire_008_RX,3,0.0001348798460139055,2.6751368895530857e-05,0.003910698945941433,0.0
random_bp,expectation_value,bcw_12q_random_bp,hea,RX_RY_RZ_CNOT,none,circular,cnot,hamiltonian_local,12,4,4,same_entangling_gate_count,0,8,RY,1,25,layer_000_wire_008_RY,3,0.0064590168733636745,8.3792677061211e-05,0.007049740701123655,0.0
random_bp,expectation_value,bcw_12q_random_bp,hea,RX_RY_RZ_CNOT,none,circular,cnot,hamiltonian_local,12,4,4,same_entangling_gate_count,0,8,RZ,2,26,layer_000_wire_008_RZ,3,-0.0005229856988453315,5.726195689141266e-05,0.005815680501339698,0.0
random_bp,expectation_value,bcw_12q_random_bp,hea,RX_RY_RZ_CNOT,none,circular,cnot,hamiltonian_local,12,4,4,same_entangling_gate_count,0,9,RX,0,27,layer_000_wire_009_RX,3,-0.014739716715320995,0.0002534785247822148,0.016883397829042215,0.0
random_bp,expectation_value,bcw_12q_random_bp,hea,RX_RY_RZ_CNOT,none,circular,cnot,hamiltonian_local,12,4,4,same_entangling_gate_count,0,9,RY,1,28,layer_000_wire_009_RY,3,-0.005395349153601213,0.00029902523590006816,0.011432821428182853,0.0
random_bp,expectation_value,bcw_12q_random_bp,hea,RX_RY_RZ_CNOT,none,circular,cnot,hamiltonian_local,12,4,4,same_entangling_gate_count,0,9,RZ,2,29,layer_000_wire_009_RZ,3,0.008481668375496,0.0002443282960663295,0.010860480297937403,0.0
random_bp,expectation_value,bcw_12q_random_bp,hea,RX_RY_RZ_CNOT,none,circular,cnot,hamiltonian_local,12,4,4,same_entangling_gate_count,0,10,RX,0,30,layer_000_wire_010_RX,3,0.0021912243104916956,8.272805168600853e-05,0.007060129869494042,0.0
random_bp,expectation_value,bcw_12q_random_bp,hea,RX_RY_RZ_CNOT,none,circular,cnot,hamiltonian_local,12,4,4,same_entangling_gate_count,0,10,RY,1,31,layer_000_wire_010_RY,3,-0.004124248854797498,0.0001277043084930839,0.007321452234560672,0.0
random_bp,expectation_value,bcw_12q_random_bp,hea,RX_RY_RZ_CNOT,none,circular,cnot,hamiltonian_local,12,4,4,same_entangling_gate_count,0,10,RZ,2,32,layer_000_wire_010_RZ,3,-0.0002447178304065029,7.239730384591236e-05,0.0059128831655777155,0.0
random_bp,expectation_value,bcw_12q_random_bp,hea,RX_RY_RZ_CNOT,none,circular,cnot,hamiltonian_local,12,4,4,same_entangling_gate_count,0,11,RX,0,33,layer_000_wire_011_RX,3,-0.003959222397489588,8.954235922857733e-06,0.003959222397489588,0.0
random_bp,expectation_value,bcw_12q_random_bp,hea,RX_RY_RZ_CNOT,none,circular,cnot,hamiltonian_local,12,4,4,same_entangling_gate_count,0,11,RY,1,34,layer_000_wire_011_RY,3,-0.0034449379687221567,2.5970562844361613e-05,0.0034449379687221567,0.0
random_bp,expectation_value,bcw_12q_random_bp,hea,RX_RY_RZ_CNOT,none,circular,cnot,hamiltonian_local,12,4,4,same_entangling_gate_count,0,11,RZ,2,35,layer_000_wire_011_RZ,3,0.006056641721755726,4.975345295013043e-05,0.006968637099284587,0.0
random_bp,expectation_value,bcw_12q_random_bp,hea,RX_RY_RZ_CNOT,none,circular,cnot,hamiltonian_local,12,4,4,same_entangling_gate_count,1,0,RX,0,36,layer_001_wire_000_RX,3,-0.01715755833834949,0.00017204923819019204,0.01715755833834949,0.0
random_bp,expectation_value,bcw_12q_random_bp,hea,RX_RY_RZ_CNOT,none,circular,cnot,hamiltonian_local,12,4,4,same_entangling_gate_count,1,0,RY,1,37,layer_001_wire_000_RY,3,0.01746472424378609,0.0017351276582348476,0.025937303447340753,0.0
random_bp,expectation_value,bcw_12q_random_bp,hea,RX_RY_RZ_CNOT,none,circular,cnot,hamiltonian_local,12,4,4,same_entangling_gate_count,1,0,RZ,2,38,layer_001_wire_000_RZ,3,0.0035576350631364943,7.297112117726053e-06,0.0035576350631364947,0.0
random_bp,expectation_value,bcw_12q_random_bp,hea,RX_RY_RZ_CNOT,none,circular,cnot,hamiltonian_local,12,4,4,same_entangling_gate_count,1,1,RX,0,39,layer_001_wire_001_RX,3,0.005406870088559513,0.0002889098024050877,0.014008149727107275,0.0
random_bp,expectation_value,bcw_12q_random_bp,hea,RX_RY_RZ_CNOT,none,circular,cnot,hamiltonian_local,12,4,4,same_entangling_gate_count,1,1,RY,1,40,layer_001_wire_001_RY,3,-0.013005011989824077,0.0003074400440170357,0.015221992613707455,0.0
random_bp,expectation_value,bcw_12q_random_bp,hea,RX_RY_RZ_CNOT,none,circular,cnot,hamiltonian_local,12,4,4,same_entangling_gate_count,1,1,RZ,2,41,layer_001_wire_001_RZ,3,-0.01097259993410139,0.00019545716271180395,0.012126320997151182,0.0
random_bp,expectation_value,bcw_12q_random_bp,hea,RX_RY_RZ_CNOT,none,circular,cnot,hamiltonian_local,12,4,4,same_entangling_gate_count,1,2,RX,0,42,layer_001_wire_002_RX,3,-0.003086924148518477,0.0001265192698675559,0.007500208035135882,0.0
random_bp,expectation_value,bcw_12q_random_bp,hea,RX_RY_RZ_CNOT,none,circular,cnot,hamiltonian_local,12,4,4,same_entangling_gate_count,1,2,RY,1,43,layer_001_wire_002_RY,3,0.002230332840863366,0.0002394741018108988,0.010423343494916491,0.0
random_bp,expectation_value,bcw_12q_random_bp,hea,RX_RY_RZ_CNOT,none,circular,cnot,hamiltonian_local,12,4,4,same_entangling_gate_count,1,2,RZ,2,44,layer_001_wire_002_RZ,3,0.0009445975069979815,0.0002463305259486945,0.012348475043361761,0.0
random_bp,expectation_value,bcw_12q_random_bp,hea,RX_RY_RZ_CNOT,none,circular,cnot,hamiltonian_local,12,4,4,same_entangling_gate_count,1,3,RX,0,45,layer_001_wire_003_RX,3,-0.002084136372846894,3.343412524562861e-05,0.0037087190167949618,0.0
random_bp,expectation_value,bcw_12q_random_bp,hea,RX_RY_RZ_CNOT,none,circular,cnot,hamiltonian_local,12,4,4,same_entangling_gate_count,1,3,RY,1,46,layer_001_wire_003_RY,3,0.0010539127753220207,0.0009373075800646782,0.021911725116486067,0.0
random_bp,expectation_value,bcw_12q_random_bp,hea,RX_RY_RZ_CNOT,none,circular,cnot,hamiltonian_local,12,4,4,same_entangling_gate_count,1,3,RZ,2,47,layer_001_wire_003_RZ,3,-0.0033551640237088117,2.463028613771314e-05,0.0034371043077106194,0.0
random_bp,expectation_value,bcw_12q_random_bp,hea,RX_RY_RZ_CNOT,none,circular,cnot,hamiltonian_local,12,4,4,same_entangling_gate_count,1,4,RX,0,48,layer_001_wire_004_RX,3,0.016667155313864118,0.002268613554439474,0.030561621107573156,0.0
random_bp,expectation_value,bcw_12q_random_bp,hea,RX_RY_RZ_CNOT,none,circular,cnot,hamiltonian_local,12,4,4,same_entangling_gate_count,1,4,RY,1,49,layer_001_wire_004_RY,3,-0.0027277723929101934,0.00014069838253535582,0.00994710946538221,0.0
random_bp,expectation_value,bcw_12q_random_bp,hea,RX_RY_RZ_CNOT,none,circular,cnot,hamiltonian_local,12,4,4,same_entangling_gate_count,1,4,RZ,2,50,layer_001_wire_004_RZ,3,-0.021120189910617135,0.0024084758566569916,0.03401954116475477,0.0
random_bp,expectation_value,bcw_12q_random_bp,hea,RX_RY_RZ_CNOT,none,circular,cnot,hamiltonian_local,12,4,4,same_entangling_gate_count,1,5,RX,0,51,layer_001_wire_005_RX,3,-0.024051299830101992,0.001430555797864357,0.024051299830101996,0.0
random_bp,expectation_value,bcw_12q_random_bp,hea,RX_RY_RZ_CNOT,none,circular,cnot,hamiltonian_local,12,4,4,same_entangling_gate_count,1,5,RY,1,52,layer_001_wire_005_RY,3,-0.0024731073401492196,3.592185547753475e-05,0.00543783083917197,0.0
random_bp,expectation_value,bcw_12q_random_bp,hea,RX_RY_RZ_CNOT,none,circular,cnot,hamiltonian_local,12,4,4,same_entangling_gate_count,1,5,RZ,2,53,layer_001_wire_005_RZ,3,-0.025236599186416887,0.0017921520867539076,0.026305710888963094,0.0
random_bp,expectation_value,bcw_12q_random_bp,hea,RX_RY_RZ_CNOT,none,circular,cnot,hamiltonian_local,12,4,4,same_entangling_gate_count,1,6,RX,0,54,layer_001_wire_006_RX,3,-0.006003039253899808,8.246865291359345e-05,0.008120430814829813,0.0
random_bp,expectation_value,bcw_12q_random_bp,hea,RX_RY_RZ_CNOT,none,circular,cnot,hamiltonian_local,12,4,4,same_entangling_gate_count,1,6,RY,1,55,layer_001_wire_006_RY,3,-0.007082210371711955,0.00012073212933154494,0.01014827277696558,0.0
random_bp,expectation_value,bcw_12q_random_bp,hea,RX_RY_RZ_CNOT,none,circular,cnot,hamiltonian_local,12,4,4,same_entangling_gate_count,1,6,RZ,2,56,layer_001_wire_006_RZ,3,-0.002981864679655818,9.58171598572988e-05,0.006335149965820884,0.0
random_bp,expectation_value,bcw_12q_random_bp,hea,RX_RY_RZ_CNOT,none,circular,cnot,hamiltonian_local,12,4,4,same_entangling_gate_count,1,7,RX,0,57,layer_001_wire_007_RX,3,-0.004861790555986207,4.422596380207781e-06,0.004861790555986207,0.0
random_bp,expectation_value,bcw_12q_random_bp,hea,RX_RY_RZ_CNOT,none,circular,cnot,hamiltonian_local,12,4,4,same_entangling_gate_count,1,7,RY,1,58,layer_001_wire_007_RY,3,-0.007163352179380817,6.720763902467886e-05,0.008153191447198385,0.0
random_bp,expectation_value,bcw_12q_random_bp,hea,RX_RY_RZ_CNOT,none,circular,cnot,hamiltonian_local,12,4,4,same_entangling_gate_count,1,7,RZ,2,59,layer_001_wire_007_RZ,3,0.0013737887236190513,0.0001034663894623763,0.007250546205298143,0.0
random_bp,expectation_value,bcw_12q_random_bp,hea,RX_RY_RZ_CNOT,none,circular,cnot,hamiltonian_local,12,4,4,same_entangling_gate_count,1,8,RX,0,60,layer_001_wire_008_RX,3,0.0167371582628038,0.0003932738301520047,0.016737158262803798,0.0
random_bp,expectation_value,bcw_12q_random_bp,hea,RX_RY_RZ_CNOT,none,circular,cnot,hamiltonian_local,12,4,4,same_entangling_gate_count,1,8,RY,1,61,layer_001_wire_008_RY,3,0.016993223137531967,0.0008015392768842142,0.021774234444975036,0.0
random_bp,expectation_value,bcw_12q_random_bp,hea,RX_RY_RZ_CNOT,none,circular,cnot,hamiltonian_local,12,4,4,same_entangling_gate_count,1,8,RZ,2,62,layer_001_wire_008_RZ,3,-0.009269789765710468,0.0007060706994542679,0.017364977722456754,0.0
random_bp,expectation_value,bcw_12q_random_bp,hea,RX_RY_RZ_CNOT,none,circular,cnot,hamiltonian_local,12,4,4,same_entangling_gate_count,1,9,RX,0,63,layer_001_wire_009_RX,3,-0.0029638392753043178,0.0006349985858415855,0.01869465368197086,0.0
random_bp,expectation_value,bcw_12q_random_bp,hea,RX_RY_RZ_CNOT,none,circular,cnot,hamiltonian_local,12,4,4,same_entangling_gate_count,1,9,RY,1,64,layer_001_wire_009_RY,3,0.008202071171869616,0.000667038009825625,0.019010677187475723,0.0
random_bp,expectation_value,bcw_12q_random_bp,hea,RX_RY_RZ_CNOT,none,circular,cnot,hamiltonian_local,12,4,4,same_entangling_gate_count,1,9,RZ,2,65,layer_001_wire_009_RZ,3,-0.021096164775818778,0.0001515755276271278,0.021096164775818774,0.0
random_bp,expectation_value,bcw_12q_random_bp,hea,RX_RY_RZ_CNOT,none,circular,cnot,hamiltonian_local,12,4,4,same_entangling_gate_count,1,10,RX,0,66,layer_001_wire_010_RX,3,-0.0035491184766483883,1.9502913464854627e-05,0.004354989844681647,0.0
random_bp,expectation_value,bcw_12q_random_bp,hea,RX_RY_RZ_CNOT,none,circular,cnot,hamiltonian_local,12,4,4,same_entangling_gate_count,1,10,RY,1,67,layer_001_wire_010_RY,3,0.02806294312577406,0.0009403076879254049,0.02806294312577406,0.0
random_bp,expectation_value,bcw_12q_random_bp,hea,RX_RY_RZ_CNOT,none,circular,cnot,hamiltonian_local,12,4,4,same_entangling_gate_count,1,10,RZ,2,68,layer_001_wire_010_RZ,3,-0.00241349257901531,1.2211171019201303e-06,0.00241349257901531,0.0
random_bp,expectation_value,bcw_12q_random_bp,hea,RX_RY_RZ_CNOT,none,circular,cnot,hamiltonian_local,12,4,4,same_entangling_gate_count,1,11,RX,0,69,layer_001_wire_011_RX,3,0.01921388180027734,0.000324111196490108,0.019366734723961047,0.0
random_bp,expectation_value,bcw_12q_random_bp,hea,RX_RY_RZ_CNOT,none,circular,cnot,hamiltonian_local,12,4,4,same_entangling_gate_count,1,11,RY,1,70,layer_001_wire_011_RY,3,-0.007946068773000676,0.00021418704274069338,0.008885126567766294,0.0
random_bp,expectation_value,bcw_12q_random_bp,hea,RX_RY_RZ_CNOT,none,circular,cnot,hamiltonian_local,12,4,4,same_entangling_gate_count,1,11,RZ,2,71,layer_001_wire_011_RZ,3,0.0007370545330639949,0.0003248974073557639,0.012500163744355227,0.0
random_bp,expectation_value,bcw_12q_random_bp,hea,RX_RY_RZ_CNOT,none,circular,cnot,hamiltonian_local,12,4,4,same_entangling_gate_count,2,0,RX,0,72,layer_002_wire_000_RX,3,-0.0009238885435470835,5.008576665091268e-05,0.005137897859808341,0.0
random_bp,expectation_value,bcw_12q_random_bp,hea,RX_RY_RZ_CNOT,none,circular,cnot,hamiltonian_local,12,4,4,same_entangling_gate_count,2,0,RY,1,73,layer_002_wire_000_RY,3,-0.003582364686989631,2.0726265893466598e-05,0.0041842923274271904,0.0
random_bp,expectation_value,bcw_12q_random_bp,hea,RX_RY_RZ_CNOT,none,circular,cnot,hamiltonian_local,12,4,4,same_entangling_gate_count,2,0,RZ,2,74,layer_002_wire_000_RZ,3,0.0001868369942957999,2.7513131361376687e-05,0.0038135766094498772,0.0
random_bp,expectation_value,bcw_12q_random_bp,hea,RX_RY_RZ_CNOT,none,circular,cnot,hamiltonian_local,12,4,4,same_entangling_gate_count,2,1,RX,0,75,layer_002_wire_001_RX,3,0.00787608852805819,0.00013974122613415071,0.01117875275547104,0.0
random_bp,expectation_value,bcw_12q_random_bp,hea,RX_RY_RZ_CNOT,none,circular,cnot,hamiltonian_local,12,4,4,same_entangling_gate_count,2,1,RY,1,76,layer_002_wire_001_RY,3,-0.003785043676409387,9.666589575268133e-06,0.0037850436764093874,0.0
random_bp,expectation_value,bcw_12q_random_bp,hea,RX_RY_RZ_CNOT,none,circular,cnot,hamiltonian_local,12,4,4,same_entangling_gate_count,2,1,RZ,2,77,layer_002_wire_001_RZ,3,-0.003937873681115303,0.00025491832367694053,0.01065915827059786,0.0
random_bp,expectation_value,bcw_12q_random_bp,hea,RX_RY_RZ_CNOT,none,circular,cnot,hamiltonian_local,12,4,4,same_entangling_gate_count,2,2,RX,0,78,layer_002_wire_002_RX,3,0.00825153929575093,6.301948200345801e-05,0.008251539295750931,0.0
random_bp,expectation_value,bcw_12q_random_bp,hea,RX_RY_RZ_CNOT,none,circular,cnot,hamiltonian_local,12,4,4,same_entangling_gate_count,2,2,RY,1,79,layer_002_wire_002_RY,3,0.0036612649299048125,0.00016545505149330247,0.008424193885899931,0.0
random_bp,expectation_value,bcw_12q_random_bp,hea,RX_RY_RZ_CNOT,none,circular,cnot,hamiltonian_local,12,4,4,same_entangling_gate_count,2,2,RZ,2,80,layer_002_wire_002_RZ,3,-0.006233895798293114,0.0001387065949638399,0.006988202385822328,0.0
random_bp,expectation_value,bcw_12q_random_bp,hea,RX_RY_RZ_CNOT,none,circular,cnot,hamiltonian_local,12,4,4,same_entangling_gate_count,2,3,RX,0,81,layer_002_wire_003_RX,3,-0.0024784037751630324,5.976071231443795e-05,0.006062725009153398,0.0
random_bp,expectation_value,bcw_12q_random_bp,hea,RX_RY_RZ_CNOT,none,circular,cnot,hamiltonian_local,12,4,4,same_entangling_gate_count,2,3,RY,1,82,layer_002_wire_003_RY,3,0.005240507036946958,3.498176838155561e-06,0.005240507036946958,0.0
random_bp,expectation_value,bcw_12q_random_bp,hea,RX_RY_RZ_CNOT,none,circular,cnot,hamiltonian_local,12,4,4,same_entangling_gate_count,2,3,RZ,2,83,layer_002_wire_003_RZ,3,-0.0045136789123765364,6.122732997149432e-05,0.006537474001715077,0.0
random_bp,expectation_value,bcw_12q_random_bp,hea,RX_RY_RZ_CNOT,none,circular,cnot,hamiltonian_local,12,4,4,same_entangling_gate_count,2,4,RX,0,84,layer_002_wire_004_RX,3,-0.008745953243582221,0.002267704695600472,0.03148593281985666,0.0
random_bp,expectation_value,bcw_12q_random_bp,hea,RX_RY_RZ_CNOT,none,circular,cnot,hamiltonian_local,12,4,4,same_entangling_gate_count,2,4,RY,1,85,layer_002_wire_004_RY,3,0.0025517136943659273,1.6602037320161096e-05,0.003982240102256426,0.0
random_bp,expectation_value,bcw_12q_random_bp,hea,RX_RY_RZ_CNOT,none,circular,cnot,hamiltonian_local,12,4,4,same_entangling_gate_count,2,4,RZ,2,86,layer_002_wire_004_RZ,3,0.0306498821551675,0.0008865007834489497,0.030649882155167504,0.0
random_bp,expectation_value,bcw_12q_random_bp,hea,RX_RY_RZ_CNOT,none,circular,cnot,hamiltonian_local,12,4,4,same_entangling_gate_count,2,5,RX,0,87,layer_002_wire_005_RX,3,-0.0026143378918655124,8.92398466367538e-05,0.007692168276502049,0.0
random_bp,expectation_value,bcw_12q_random_bp,hea,RX_RY_RZ_CNOT,none,circular,cnot,hamiltonian_local,12,4,4,same_entangling_gate_count,2,5,RY,1,88,layer_002_wire_005_RY,3,0.0019631571669189137,5.692146305605118e-05,0.006185158826539837,0.0
random_bp,expectation_value,bcw_12q_random_bp,hea,RX_RY_RZ_CNOT,none,circular,cnot,hamiltonian_local,12,4,4,same_entangling_gate_count,2,5,RZ,2,89,layer_002_wire_005_RZ,3,0.0029312853541860135,8.107518634058494e-05,0.005875059704980443,0.0
random_bp,expectation_value,bcw_12q_random_bp,hea,RX_RY_RZ_CNOT,none,circular,cnot,hamiltonian_local,12,4,4,same_entangling_gate_count,2,6,RX,0,90,layer_002_wire_006_RX,3,-0.017135259071387375,0.0009437887095779473,0.02030791931208761,0.0
random_bp,expectation_value,bcw_12q_random_bp,hea,RX_RY_RZ_CNOT,none,circular,cnot,hamiltonian_local,12,4,4,same_entangling_gate_count,2,6,RY,1,91,layer_002_wire_006_RY,3,-0.012525592546328006,0.0001210569902662379,0.012525592546328004,0.0
random_bp,expectation_value,bcw_12q_random_bp,hea,RX_RY_RZ_CNOT,none,circular,cnot,hamiltonian_local,12,4,4,same_entangling_gate_count,2,6,RZ,2,92,layer_002_wire_006_RZ,3,-0.027128190901632328,0.0004845409245053677,0.02712819090163233,0.0
random_bp,expectation_value,bcw_12q_random_bp,hea,RX_RY_RZ_CNOT,none,circular,cnot,hamiltonian_local,12,4,4,same_entangling_gate_count,2,7,RX,0,93,layer_002_wire_007_RX,3,0.0031844887776283776,2.3939388367732507e-05,0.0035582391121061706,0.0
random_bp,expectation_value,bcw_12q_random_bp,hea,RX_RY_RZ_CNOT,none,circular,cnot,hamiltonian_local,12,4,4,same_entangling_gate_count,2,7,RY,1,94,layer_002_wire_007_RY,3,0.0016005438475763883,3.5631717107818884e-05,0.0047673013525425375,0.0
random_bp,expectation_value,bcw_12q_random_bp,hea,RX_RY_RZ_CNOT,none,circular,cnot,hamiltonian_local,12,4,4,same_entangling_gate_count,2,7,RZ,2,95,layer_002_wire_007_RZ,3,0.002728873285733723,2.7961533646755368e-05,0.0035495615406163157,0.0
random_bp,expectation_value,bcw_12q_random_bp,hea,RX_RY_RZ_CNOT,none,circular,cnot,hamiltonian_local,12,4,4,same_entangling_gate_count,2,8,RX,0,96,layer_002_wire_008_RX,3,-0.0003880250232787454,4.45714311996402e-05,0.005243764435189033,0.0
random_bp,expectation_value,bcw_12q_random_bp,hea,RX_RY_RZ_CNOT,none,circular,cnot,hamiltonian_local,12,4,4,same_entangling_gate_count,2,8,RY,1,97,layer_002_wire_008_RY,3,-0.004220404637257941,7.790273675182714e-05,0.006762426320430574,0.0
random_bp,expectation_value,bcw_12q_random_bp,hea,RX_RY_RZ_CNOT,none,circular,cnot,hamiltonian_local,12,4,4,same_entangling_gate_count,2,8,RZ,2,98,layer_002_wire_008_RZ,3,-0.003829478608267041,6.092555304300539e-05,0.005731811741945837,0.0
random_bp,expectation_value,bcw_12q_random_bp,hea,RX_RY_RZ_CNOT,none,circular,cnot,hamiltonian_local,12,4,4,same_entangling_gate_count,2,9,RX,0,99,layer_002_wire_009_RX,3,-0.005217415390894624,0.000244375826759328,0.010465503436021912,0.0
random_bp,expectation_value,bcw_12q_random_bp,hea,RX_RY_RZ_CNOT,none,circular,cnot,hamiltonian_local,12,4,4,same_entangling_gate_count,2,9,RY,1,100,layer_002_wire_009_RY,3,-0.0012001620631750375,2.249678693697182e-06,0.001536511866038253,0.0
random_bp,expectation_value,bcw_12q_random_bp,hea,RX_RY_RZ_CNOT,none,circular,cnot,hamiltonian_local,12,4,4,same_entangling_gate_count,2,9,RZ,2,101,layer_002_wire_009_RZ,3,0.00453652286377298,3.842531547559463e-05,0.00481365432718616,0.0
random_bp,expectation_value,bcw_12q_random_bp,hea,RX_RY_RZ_CNOT,none,circular,cnot,hamiltonian_local,12,4,4,same_entangling_gate_count,2,10,RX,0,102,layer_002_wire_010_RX,3,-0.0005475569043174688,4.661871974426451e-05,0.004897836037528437,0.0
random_bp,expectation_value,bcw_12q_random_bp,hea,RX_RY_RZ_CNOT,none,circular,cnot,hamiltonian_local,12,4,4,same_entangling_gate_count,2,10,RY,1,103,layer_002_wire_010_RY,3,0.0024449861015737842,2.3350379028118194e-06,0.0024449861015737842,0.0
random_bp,expectation_value,bcw_12q_random_bp,hea,RX_RY_RZ_CNOT,none,circular,cnot,hamiltonian_local,12,4,4,same_entangling_gate_count,2,10,RZ,2,104,layer_002_wire_010_RZ,3,-0.007717248529043458,1.216781776818498e-05,0.007717248529043458,0.0
random_bp,expectation_value,bcw_12q_random_bp,hea,RX_RY_RZ_CNOT,none,circular,cnot,hamiltonian_local,12,4,4,same_entangling_gate_count,2,11,RX,0,105,layer_002_wire_011_RX,3,-0.002874805079480555,0.00014112476816869037,0.009104627983335228,0.0
random_bp,expectation_value,bcw_12q_random_bp,hea,RX_RY_RZ_CNOT,none,circular,cnot,hamiltonian_local,12,4,4,same_entangling_gate_count,2,11,RY,1,106,layer_002_wire_011_RY,3,0.0036398237081090106,0.00010987508917023886,0.0068257207942770395,0.0
random_bp,expectation_value,bcw_12q_random_bp,hea,RX_RY_RZ_CNOT,none,circular,cnot,hamiltonian_local,12,4,4,same_entangling_gate_count,2,11,RZ,2,107,layer_002_wire_011_RZ,3,-0.0026048121236044155,0.00017454597891388796,0.009080912762816695,0.0
random_bp,expectation_value,bcw_12q_random_bp,hea,RX_RY_RZ_CNOT,none,circular,cnot,hamiltonian_local,12,4,4,same_entangling_gate_count,3,0,RX,0,108,layer_003_wire_000_RX,3,-0.00010019874722084967,4.0050724592596266e-11,0.00010019874722084967,0.0
random_bp,expectation_value,bcw_12q_random_bp,hea,RX_RY_RZ_CNOT,none,circular,cnot,hamiltonian_local,12,4,4,same_entangling_gate_count,3,0,RY,1,109,layer_003_wire_000_RY,3,-0.00032961180472757993,2.359586191961734e-07,0.000415737480379524,0.0
random_bp,expectation_value,bcw_12q_random_bp,hea,RX_RY_RZ_CNOT,none,circular,cnot,hamiltonian_local,12,4,4,same_entangling_gate_count,3,0,RZ,2,110,layer_003_wire_000_RZ,3,-2.493510939340344e-17,1.0045943228598189e-35,2.4935109393403444e-17,1.0
random_bp,expectation_value,bcw_12q_random_bp,hea,RX_RY_RZ_CNOT,none,circular,cnot,hamiltonian_local,12,4,4,same_entangling_gate_count,3,1,RX,0,111,layer_003_wire_001_RX,3,6.5052130349130266e-18,4.474401696969955e-34,1.4600589256138125e-17,1.0
random_bp,expectation_value,bcw_12q_random_bp,hea,RX_RY_RZ_CNOT,none,circular,cnot,hamiltonian_local,12,4,4,same_entangling_gate_count,3,1,RY,1,112,layer_003_wire_001_RY,3,-8.962737959213502e-18,1.8298842192960493e-33,2.8044696194958383e-17,1.0
random_bp,expectation_value,bcw_12q_random_bp,hea,RX_RY_RZ_CNOT,none,circular,cnot,hamiltonian_local,12,4,4,same_entangling_gate_count,3,1,RZ,2,113,layer_003_wire_001_RZ,3,9.071569886175001e-20,1.7250801470833296e-35,2.921536353483697e-18,1.0
random_bp,expectation_value,bcw_12q_random_bp,hea,RX_RY_RZ_CNOT,none,circular,cnot,hamiltonian_local,12,4,4,same_entangling_gate_count,3,2,RX,0,114,layer_003_wire_002_RX,3,-0.0018766126998983656,1.940946917065686e-05,0.0033595770571401527,0.0
random_bp,expectation_value,bcw_12q_random_bp,hea,RX_RY_RZ_CNOT,none,circular,cnot,hamiltonian_local,12,4,4,same_entangling_gate_count,3,2,RY,1,115,layer_003_wire_002_RY,3,-0.0064244365213923325,0.00021760164772063282,0.013105131985723384,0.0
random_bp,expectation_value,bcw_12q_random_bp,hea,RX_RY_RZ_CNOT,none,circular,cnot,hamiltonian_local,12,4,4,same_entangling_gate_count,3,2,RZ,2,116,layer_003_wire_002_RZ,3,-1.393355875753751e-17,3.998519336570582e-34,1.7088355647886218e-17,1.0
random_bp,expectation_value,bcw_12q_random_bp,hea,RX_RY_RZ_CNOT,none,circular,cnot,hamiltonian_local,12,4,4,same_entangling_gate_count,3,3,RX,0,117,layer_003_wire_003_RX,3,0.0009824803466869196,5.6711065622665135e-06,0.0014928039274452354,0.0
random_bp,expectation_value,bcw_12q_random_bp,hea,RX_RY_RZ_CNOT,none,circular,cnot,hamiltonian_local,12,4,4,same_entangling_gate_count,3,3,RY,1,118,layer_003_wire_003_RY,3,-0.0017219230692018892,0.00020140748711392284,0.01142406871360383,0.0
random_bp,expectation_value,bcw_12q_random_bp,hea,RX_RY_RZ_CNOT,none,circular,cnot,hamiltonian_local,12,4,4,same_entangling_gate_count,3,3,RZ,2,119,layer_003_wire_003_RZ,3,-4.560354926407443e-18,5.459461016365606e-35,5.1614876430743756e-18,1.0
random_bp,expectation_value,bcw_12q_random_bp,hea,RX_RY_RZ_CNOT,none,circular,cnot,hamiltonian_local,12,4,4,same_entangling_gate_count,3,4,RX,0,120,layer_003_wire_004_RX,3,0.0011675110748475982,4.68625398250825e-06,0.0012772526878186208,0.0
random_bp,expectation_value,bcw_12q_random_bp,hea,RX_RY_RZ_CNOT,none,circular,cnot,hamiltonian_local,12,4,4,same_entangling_gate_count,3,4,RY,1,121,layer_003_wire_004_RY,3,-0.002115551880018608,0.00015227309332219364,0.00875726422739831,0.0
random_bp,expectation_value,bcw_12q_random_bp,hea,RX_RY_RZ_CNOT,none,circular,cnot,hamiltonian_local,12,4,4,same_entangling_gate_count,3,4,RZ,2,122,layer_003_wire_004_RZ,3,-5.229422025693352e-18,6.512677650560255e-35,6.6970037687753494e-18,1.0
random_bp,expectation_value,bcw_12q_random_bp,hea,RX_RY_RZ_CNOT,none,circular,cnot,hamiltonian_local,12,4,4,same_entangling_gate_count,3,5,RX,0,123,layer_003_wire_005_RX,3,0.001069950075149095,3.3719701062761186e-06,0.001179603950560174,0.0
random_bp,expectation_value,bcw_12q_random_bp,hea,RX_RY_RZ_CNOT,none,circular,cnot,hamiltonian_local,12,4,4,same_entangling_gate_count,3,5,RY,1,124,layer_003_wire_005_RY,3,-0.003957390310901021,7.441213804318012e-05,0.0056638880805292184,0.0
random_bp,expectation_value,bcw_12q_random_bp,hea,RX_RY_RZ_CNOT,none,circular,cnot,hamiltonian_local,12,4,4,same_entangling_gate_count,3,5,RZ,2,125,layer_003_wire_005_RZ,3,7.826052999170858e-18,5.382412940266976e-34,1.8610187122500215e-17,1.0
random_bp,expectation_value,bcw_12q_random_bp,hea,RX_RY_RZ_CNOT,none,circular,cnot,hamiltonian_local,12,4,4,same_entangling_gate_count,3,6,RX,0,126,layer_003_wire_006_RX,3,0.0004859073005746602,2.395384190262831e-07,0.0004859073005746602,0.0
random_bp,expectation_value,bcw_12q_random_bp,hea,RX_RY_RZ_CNOT,none,circular,cnot,hamiltonian_local,12,4,4,same_entangling_gate_count,3,6,RY,1,127,layer_003_wire_006_RY,3,-0.004155139141490419,6.869708735227134e-06,0.004155139141490419,0.0
random_bp,expectation_value,bcw_12q_random_bp,hea,RX_RY_RZ_CNOT,none,circular,cnot,hamiltonian_local,12,4,4,same_entangling_gate_count,3,6,RZ,2,128,layer_003_wire_006_RZ,3,-2.9168100253411515e-18,4.934590610794329e-35,6.0371400701673954e-18,1.0
random_bp,expectation_value,bcw_12q_random_bp,hea,RX_RY_RZ_CNOT,none,circular,cnot,hamiltonian_local,12,4,4,same_entangling_gate_count,3,7,RX,0,129,layer_003_wire_007_RX,3,0.0004104364103925943,3.076649559898204e-06,0.0012829595560333612,0.0
random_bp,expectation_value,bcw_12q_random_bp,hea,RX_RY_RZ_CNOT,none,circular,cnot,hamiltonian_local,12,4,4,same_entangling_gate_count,3,7,RY,1,130,layer_003_wire_007_RY,3,-0.01670376028439067,0.00025818247312019393,0.01791144971976183,0.0
random_bp,expectation_value,bcw_12q_random_bp,hea,RX_RY_RZ_CNOT,none,circular,cnot,hamiltonian_local,12,4,4,same_entangling_gate_count,3,7,RZ,2,131,layer_003_wire_007_RZ,3,7.099800300851319e-18,3.6798584783539318e-34,1.3093825111341499e-17,1.0
random_bp,expectation_value,bcw_12q_random_bp,hea,RX_RY_RZ_CNOT,none,circular,cnot,hamiltonian_local,12,4,4,same_entangling_gate_count,3,8,RX,0,132,layer_003_wire_008_RX,3,0.0003751724938133266,8.072314929059468e-06,0.0019552937491787692,0.0
random_bp,expectation_value,bcw_12q_random_bp,hea,RX_RY_RZ_CNOT,none,circular,cnot,hamiltonian_local,12,4,4,same_entangling_gate_count,3,8,RY,1,133,layer_003_wire_008_RY,3,-0.0009108685873850304,3.6675479391576874e-05,0.004151707851077323,0.0
random_bp,expectation_value,bcw_12q_random_bp,hea,RX_RY_RZ_CNOT,none,circular,cnot,hamiltonian_local,12,4,4,same_entangling_gate_count,3,8,RZ,2,134,layer_003_wire_008_RZ,3,9.154128707500452e-19,8.648851453373422e-34,2.2026496295028214e-17,1.0
random_bp,expectation_value,bcw_12q_random_bp,hea,RX_RY_RZ_CNOT,none,circular,cnot,hamiltonian_local,12,4,4,same_entangling_gate_count,3,9,RX,0,135,layer_003_wire_009_RX,3,0.00020081983246888037,1.834632193572941e-06,0.0011012003802064563,0.0
random_bp,expectation_value,bcw_12q_random_bp,hea,RX_RY_RZ_CNOT,none,circular,cnot,hamiltonian_local,12,4,4,same_entangling_gate_count,3,9,RY,1,136,layer_003_wire_009_RY,3,0.012216042329305586,0.0005029379382126969,0.014142155768611607,0.0
random_bp,expectation_value,bcw_12q_random_bp,hea,RX_RY_RZ_CNOT,none,circular,cnot,hamiltonian_local,12,4,4,same_entangling_gate_count,3,9,RZ,2,137,layer_003_wire_009_RZ,3,1.6351071884102177e-18,5.575097199545154e-34,1.6852835634051572e-17,1.0
random_bp,expectation_value,bcw_12q_random_bp,hea,RX_RY_RZ_CNOT,none,circular,cnot,hamiltonian_local,12,4,4,same_entangling_gate_count,3,10,RX,0,138,layer_003_wire_010_RX,3,0.0006724771254769317,1.9642310745085984e-06,0.0009124237898180313,0.0
random_bp,expectation_value,bcw_12q_random_bp,hea,RX_RY_RZ_CNOT,none,circular,cnot,hamiltonian_local,12,4,4,same_entangling_gate_count,3,10,RY,1,139,layer_003_wire_010_RY,3,0.002998253024288023,9.49558134912089e-05,0.007447999075157215,0.0
random_bp,expectation_value,bcw_12q_random_bp,hea,RX_RY_RZ_CNOT,none,circular,cnot,hamiltonian_local,12,4,4,same_entangling_gate_count,3,10,RZ,2,140,layer_003_wire_010_RZ,3,-1.1321086307591083e-17,6.702582861021428e-35,1.1321086307591082e-17,1.0
random_bp,expectation_value,bcw_12q_random_bp,hea,RX_RY_RZ_CNOT,none,circular,cnot,hamiltonian_local,12,4,4,same_entangling_gate_count,3,11,RX,0,141,layer_003_wire_011_RX,3,-0.0011827191078278528,1.4169875934405191e-06,0.0011827191078278528,0.0
random_bp,expectation_value,bcw_12q_random_bp,hea,RX_RY_RZ_CNOT,none,circular,cnot,hamiltonian_local,12,4,4,same_entangling_gate_count,3,11,RY,1,142,layer_003_wire_011_RY,3,0.0031081930156277113,7.718477207903135e-06,0.0031081930156277113,0.0
random_bp,expectation_value,bcw_12q_random_bp,hea,RX_RY_RZ_CNOT,none,circular,cnot,hamiltonian_local,12,4,4,same_entangling_gate_count,3,11,RZ,2,143,layer_003_wire_011_RZ,3,4.411885950744728e-17,2.2224647244559767e-33,4.411885950744728e-17,1.0
random_bp,expectation_value,bcw_12q_random_bp,hea,RX_RY_RZ_CNOT,none,linear,cnot,local,12,8,8,same_entangling_gate_count,0,0,RX,0,0,layer_000_wire_000_RX,3,0.0003036881751995123,1.9894901250009975e-05,0.002981561632581171,0.0
random_bp,expectation_value,bcw_12q_random_bp,hea,RX_RY_RZ_CNOT,none,linear,cnot,local,12,8,8,same_entangling_gate_count,0,0,RY,1,1,layer_000_wire_000_RY,3,0.0024849375776770247,1.7121015402634677e-05,0.0025642163924835854,0.0
random_bp,expectation_value,bcw_12q_random_bp,hea,RX_RY_RZ_CNOT,none,linear,cnot,local,12,8,8,same_entangling_gate_count,0,0,RZ,2,2,layer_000_wire_000_RZ,3,-0.0017581149421555214,2.9814798388333823e-06,0.0018124602887520942,0.0
random_bp,expectation_value,bcw_12q_random_bp,hea,RX_RY_RZ_CNOT,none,linear,cnot,local,12,8,8,same_entangling_gate_count,0,1,RX,0,3,layer_000_wire_001_RX,3,0.0020490186203017654,1.7913588790577894e-05,0.0030716128340152354,0.0
random_bp,expectation_value,bcw_12q_random_bp,hea,RX_RY_RZ_CNOT,none,linear,cnot,local,12,8,8,same_entangling_gate_count,0,1,RY,1,4,layer_000_wire_001_RY,3,-0.008076864377861056,2.544231196634734e-05,0.008076864377861056,0.0
random_bp,expectation_value,bcw_12q_random_bp,hea,RX_RY_RZ_CNOT,none,linear,cnot,local,12,8,8,same_entangling_gate_count,0,1,RZ,2,5,layer_000_wire_001_RZ,3,-0.0018586847004645633,1.3202067189506312e-05,0.002933533861741354,0.0
random_bp,expectation_value,bcw_12q_random_bp,hea,RX_RY_RZ_CNOT,none,linear,cnot,local,12,8,8,same_entangling_gate_count,0,2,RX,0,6,layer_000_wire_002_RX,3,0.002642064838058003,0.00022508685268340567,0.01058216008376879,0.0
random_bp,expectation_value,bcw_12q_random_bp,hea,RX_RY_RZ_CNOT,none,linear,cnot,local,12,8,8,same_entangling_gate_count,0,2,RY,1,7,layer_000_wire_002_RY,3,-0.0027652225210697315,3.173233851028622e-05,0.005143117162953593,0.0
random_bp,expectation_value,bcw_12q_random_bp,hea,RX_RY_RZ_CNOT,none,linear,cnot,local,12,8,8,same_entangling_gate_count,0,2,RZ,2,8,layer_000_wire_002_RZ,3,0.014863255980409822,3.0287080518137456e-05,0.014863255980409822,0.0
random_bp,expectation_value,bcw_12q_random_bp,hea,RX_RY_RZ_CNOT,none,linear,cnot,local,12,8,8,same_entangling_gate_count,0,3,RX,0,9,layer_000_wire_003_RX,3,-0.008630973104687904,0.0001161182513331187,0.011172029452142233,0.0
random_bp,expectation_value,bcw_12q_random_bp,hea,RX_RY_RZ_CNOT,none,linear,cnot,local,12,8,8,same_entangling_gate_count,0,3,RY,1,10,layer_000_wire_003_RY,3,-0.002715551787392267,0.00014856410778107935,0.008774268185577744,0.0
random_bp,expectation_value,bcw_12q_random_bp,hea,RX_RY_RZ_CNOT,none,linear,cnot,local,12,8,8,same_entangling_gate_count,0,3,RZ,2,11,layer_000_wire_003_RZ,3,0.01237424309913008,4.3768682629839345e-06,0.01237424309913008,0.0
random_bp,expectation_value,bcw_12q_random_bp,hea,RX_RY_RZ_CNOT,none,linear,cnot,local,12,8,8,same_entangling_gate_count,0,4,RX,0,12,layer_000_wire_004_RX,3,0.0015882678950516161,1.7667919643359067e-05,0.00361071078631851,0.0
random_bp,expectation_value,bcw_12q_random_bp,hea,RX_RY_RZ_CNOT,none,linear,cnot,local,12,8,8,same_entangling_gate_count,0,4,RY,1,13,layer_000_wire_004_RY,3,-0.0014211615975336287,4.48491467948663e-05,0.004624056759401536,0.0
random_bp,expectation_value,bcw_12q_random_bp,hea,RX_RY_RZ_CNOT,none,linear,cnot,local,12,8,8,same_entangling_gate_count,0,4,RZ,2,14,layer_000_wire_004_RZ,3,-0.003338161416547409,3.691788197617268e-05,0.004610220812898722,0.0
random_bp,expectation_value,bcw_12q_random_bp,hea,RX_RY_RZ_CNOT,none,linear,cnot,local,12,8,8,same_entangling_gate_count,0,5,RX,0,15,layer_000_wire_005_RX,3,-0.014493051614463825,7.39543890487171e-05,0.014493051614463825,0.0
random_bp,expectation_value,bcw_12q_random_bp,hea,RX_RY_RZ_CNOT,none,linear,cnot,local,12,8,8,same_entangling_gate_count,0,5,RY,1,16,layer_000_wire_005_RY,3,-0.00017340247611678274,6.169387828296953e-05,0.00606888960275721,0.0
random_bp,expectation_value,bcw_12q_random_bp,hea,RX_RY_RZ_CNOT,none,linear,cnot,local,12,8,8,same_entangling_gate_count,0,5,RZ,2,17,layer_000_wire_005_RZ,3,0.0009610593816436071,0.00022330309899857713,0.011787776507096193,0.0
random_bp,expectation_value,bcw_12q_random_bp,hea,RX_RY_RZ_CNOT,none,linear,cnot,local,12,8,8,same_entangling_gate_count,0,6,RX,0,18,layer_000_wire_006_RX,3,-0.0003628704265155859,2.0632067107970796e-06,0.0009470788819076762,0.0
random_bp,expectation_value,bcw_12q_random_bp,hea,RX_RY_RZ_CNOT,none,linear,cnot,local,12,8,8,same_entangling_gate_count,0,6,RY,1,19,layer_000_wire_006_RY,3,-0.0006008027267001182,1.4172999879005955e-06,0.0007139303324197106,0.0
random_bp,expectation_value,bcw_12q_random_bp,hea,RX_RY_RZ_CNOT,none,linear,cnot,local,12,8,8,same_entangling_gate_count,0,6,RZ,2,20,layer_000_wire_006_RZ,3,0.001489532308404557,1.3429561853495816e-05,0.002698690779945395,0.0
random_bp,expectation_value,bcw_12q_random_bp,hea,RX_RY_RZ_CNOT,none,linear,cnot,local,12,8,8,same_entangling_gate_count,0,7,RX,0,21,layer_000_wire_007_RX,3,0.00595274117526174,3.494122596084775e-05,0.00595274117526174,0.0
random_bp,expectation_value,bcw_12q_random_bp,hea,RX_RY_RZ_CNOT,none,linear,cnot,local,12,8,8,same_entangling_gate_count,0,7,RY,1,22,layer_000_wire_007_RY,3,0.003513129817373595,2.3390536298782752e-05,0.004762436258882102,0.0
random_bp,expectation_value,bcw_12q_random_bp,hea,RX_RY_RZ_CNOT,none,linear,cnot,local,12,8,8,same_entangling_gate_count,0,7,RZ,2,23,layer_000_wire_007_RZ,3,-0.0001150428591893786,8.26084243383907e-05,0.006591112636347763,0.0
random_bp,expectation_value,bcw_12q_random_bp,hea,RX_RY_RZ_CNOT,none,linear,cnot,local,12,8,8,same_entangling_gate_count,0,8,RX,0,24,layer_000_wire_008_RX,3,-0.0017371724721699908,3.924794026570173e-06,0.0020529015257488097,0.0
random_bp,expectation_value,bcw_12q_random_bp,hea,RX_RY_RZ_CNOT,none,linear,cnot,local,12,8,8,same_entangling_gate_count,0,8,RY,1,25,layer_000_wire_008_RY,3,-0.0010434066305303057,1.4985984613715325e-06,0.0010434066305303055,0.0
random_bp,expectation_value,bcw_12q_random_bp,hea,RX_RY_RZ_CNOT,none,linear,cnot,local,12,8,8,same_entangling_gate_count,0,8,RZ,2,26,layer_000_wire_008_RZ,3,0.000369501176874714,7.655327106353653e-06,0.0018990749692966095,0.0
random_bp,expectation_value,bcw_12q_random_bp,hea,RX_RY_RZ_CNOT,none,linear,cnot,local,12,8,8,same_entangling_gate_count,0,9,RX,0,27,layer_000_wire_009_RX,3,-0.002248453812568464,2.658566874248954e-06,0.002248453812568464,0.0
random_bp,expectation_value,bcw_12q_random_bp,hea,RX_RY_RZ_CNOT,none,linear,cnot,local,12,8,8,same_entangling_gate_count,0,9,RY,1,28,layer_000_wire_009_RY,3,-0.0014463686998512598,8.069063071721157e-06,0.0017188281634261053,0.0
random_bp,expectation_value,bcw_12q_random_bp,hea,RX_RY_RZ_CNOT,none,linear,cnot,local,12,8,8,same_entangling_gate_count,0,9,RZ,2,29,layer_000_wire_009_RZ,3,-0.0009868671184198408,7.564952510387828e-06,0.0022822594390765837,0.0
random_bp,expectation_value,bcw_12q_random_bp,hea,RX_RY_RZ_CNOT,none,linear,cnot,local,12,8,8,same_entangling_gate_count,0,10,RX,0,30,layer_000_wire_010_RX,3,-0.00039751317332208384,8.616881877301788e-06,0.0020047951814622334,0.0
random_bp,expectation_value,bcw_12q_random_bp,hea,RX_RY_RZ_CNOT,none,linear,cnot,local,12,8,8,same_entangling_gate_count,0,10,RY,1,31,layer_000_wire_010_RY,3,0.0006742530567850034,1.998468942168309e-06,0.0008633456158437308,0.0
random_bp,expectation_value,bcw_12q_random_bp,hea,RX_RY_RZ_CNOT,none,linear,cnot,local,12,8,8,same_entangling_gate_count,0,10,RZ,2,32,layer_000_wire_010_RZ,3,0.0003585785285119183,1.3327978240740823e-05,0.0026422255356785586,0.0
random_bp,expectation_value,bcw_12q_random_bp,hea,RX_RY_RZ_CNOT,none,linear,cnot,local,12,8,8,same_entangling_gate_count,0,11,RX,0,33,layer_000_wire_011_RX,3,-0.0005982168916609862,8.171142811456339e-06,0.0021636182754583293,0.0
random_bp,expectation_value,bcw_12q_random_bp,hea,RX_RY_RZ_CNOT,none,linear,cnot,local,12,8,8,same_entangling_gate_count,0,11,RY,1,34,layer_000_wire_011_RY,3,1.3423685054601164e-06,4.435722476331627e-08,0.00016025912245737762,0.0
random_bp,expectation_value,bcw_12q_random_bp,hea,RX_RY_RZ_CNOT,none,linear,cnot,local,12,8,8,same_entangling_gate_count,0,11,RZ,2,35,layer_000_wire_011_RZ,3,0.0003981216279935382,3.1892375757622885e-06,0.001228611871549961,0.0
random_bp,expectation_value,bcw_12q_random_bp,hea,RX_RY_RZ_CNOT,none,linear,cnot,local,12,8,8,same_entangling_gate_count,1,0,RX,0,36,layer_001_wire_000_RX,3,0.002697576593614497,1.0273637607967477e-05,0.002698520502363583,0.0
random_bp,expectation_value,bcw_12q_random_bp,hea,RX_RY_RZ_CNOT,none,linear,cnot,local,12,8,8,same_entangling_gate_count,1,0,RY,1,37,layer_001_wire_000_RY,3,-0.00033015974677344604,7.898588159443563e-05,0.006208815899969619,0.0
random_bp,expectation_value,bcw_12q_random_bp,hea,RX_RY_RZ_CNOT,none,linear,cnot,local,12,8,8,same_entangling_gate_count,1,0,RZ,2,38,layer_001_wire_000_RZ,3,-0.001844892409321417,8.356179160076702e-06,0.0028397172171865707,0.0
random_bp,expectation_value,bcw_12q_random_bp,hea,RX_RY_RZ_CNOT,none,linear,cnot,local,12,8,8,same_entangling_gate_count,1,1,RX,0,39,layer_001_wire_001_RX,3,0.006336699124570272,1.8846107858398024e-05,0.006336699124570273,0.0
random_bp,expectation_value,bcw_12q_random_bp,hea,RX_RY_RZ_CNOT,none,linear,cnot,local,12,8,8,same_entangling_gate_count,1,1,RY,1,40,layer_001_wire_001_RY,3,0.0039207587696196795,1.4048778542461934e-05,0.004168680145414061,0.0
random_bp,expectation_value,bcw_12q_random_bp,hea,RX_RY_RZ_CNOT,none,linear,cnot,local,12,8,8,same_entangling_gate_count,1,1,RZ,2,41,layer_001_wire_001_RZ,3,-0.004431904598324363,3.421452529450717e-05,0.00596966530525338,0.0
random_bp,expectation_value,bcw_12q_random_bp,hea,RX_RY_RZ_CNOT,none,linear,cnot,local,12,8,8,same_entangling_gate_count,1,2,RX,0,42,layer_001_wire_002_RX,3,-0.005885178036309135,6.467493673405565e-05,0.008122307775088803,0.0
random_bp,expectation_value,bcw_12q_random_bp,hea,RX_RY_RZ_CNOT,none,linear,cnot,local,12,8,8,same_entangling_gate_count,1,2,RY,1,43,layer_001_wire_002_RY,3,0.0036887362896109253,0.00013483565092750778,0.007560182435640466,0.0
random_bp,expectation_value,bcw_12q_random_bp,hea,RX_RY_RZ_CNOT,none,linear,cnot,local,12,8,8,same_entangling_gate_count,1,2,RZ,2,44,layer_001_wire_002_RZ,3,-0.0006118982457095894,0.00032374259704714725,0.013950867125446366,0.0
random_bp,expectation_value,bcw_12q_random_bp,hea,RX_RY_RZ_CNOT,none,linear,cnot,local,12,8,8,same_entangling_gate_count,1,3,RX,0,45,layer_001_wire_003_RX,3,-0.0016041840346057192,1.3985344387666853e-05,0.002329180806475818,0.0
random_bp,expectation_value,bcw_12q_random_bp,hea,RX_RY_RZ_CNOT,none,linear,cnot,local,12,8,8,same_entangling_gate_count,1,3,RY,1,46,layer_001_wire_003_RY,3,0.0040907918548172256,0.00010232546686775616,0.006410060268373755,0.0
random_bp,expectation_value,bcw_12q_random_bp,hea,RX_RY_RZ_CNOT,none,linear,cnot,local,12,8,8,same_entangling_gate_count,1,3,RZ,2,47,layer_001_wire_003_RZ,3,-0.002369725851917048,4.457360793503319e-05,0.00583313801969042,0.0
random_bp,expectation_value,bcw_12q_random_bp,hea,RX_RY_RZ_CNOT,none,linear,cnot,local,12,8,8,same_entangling_gate_count,1,4,RX,0,48,layer_001_wire_004_RX,3,0.00601669902626091,0.00015225666489489267,0.01097676204239381,0.0
random_bp,expectation_value,bcw_12q_random_bp,hea,RX_RY_RZ_CNOT,none,linear,cnot,local,12,8,8,same_entangling_gate_count,1,4,RY,1,49,layer_001_wire_004_RY,3,0.010263874344215697,2.0447941556348695e-05,0.010263874344215697,0.0
random_bp,expectation_value,bcw_12q_random_bp,hea,RX_RY_RZ_CNOT,none,linear,cnot,local,12,8,8,same_entangling_gate_count,1,4,RZ,2,50,layer_001_wire_004_RZ,3,-0.005438233565348394,0.0001312393797522888,0.007002896118383679,0.0
random_bp,expectation_value,bcw_12q_random_bp,hea,RX_RY_RZ_CNOT,none,linear,cnot,local,12,8,8,same_entangling_gate_count,1,5,RX,0,51,layer_001_wire_005_RX,3,-0.008968044749596856,0.00013245429955864005,0.010399728313407937,0.0
random_bp,expectation_value,bcw_12q_random_bp,hea,RX_RY_RZ_CNOT,none,linear,cnot,local,12,8,8,same_entangling_gate_count,1,5,RY,1,52,layer_001_wire_005_RY,3,0.000146445969823392,0.0001322564210679098,0.008784699424598795,0.0
random_bp,expectation_value,bcw_12q_random_bp,hea,RX_RY_RZ_CNOT,none,linear,cnot,local,12,8,8,same_entangling_gate_count,1,5,RZ,2,53,layer_001_wire_005_RZ,3,-0.0031192306552817826,0.00023229909275799296,0.010296957776784145,0.0
random_bp,expectation_value,bcw_12q_random_bp,hea,RX_RY_RZ_CNOT,none,linear,cnot,local,12,8,8,same_entangling_gate_count,1,6,RX,0,54,layer_001_wire_006_RX,3,-0.0010755292132279752,1.9888603507598784e-05,0.0032671620130868256,0.0
random_bp,expectation_value,bcw_12q_random_bp,hea,RX_RY_RZ_CNOT,none,linear,cnot,local,12,8,8,same_entangling_gate_count,1,6,RY,1,55,layer_001_wire_006_RY,3,-0.0029838028753887426,2.5086785823795087e-05,0.003294669539361453,0.0
random_bp,expectation_value,bcw_12q_random_bp,hea,RX_RY_RZ_CNOT,none,linear,cnot,local,12,8,8,same_entangling_gate_count,1,6,RZ,2,56,layer_001_wire_006_RZ,3,-0.005052607510873478,3.718395874662031e-05,0.005052607510873477,0.0
random_bp,expectation_value,bcw_12q_random_bp,hea,RX_RY_RZ_CNOT,none,linear,cnot,local,12,8,8,same_entangling_gate_count,1,7,RX,0,57,layer_001_wire_007_RX,3,-0.0022711759098691794,6.87323033894874e-06,0.0022711759098691794,0.0
random_bp,expectation_value,bcw_12q_random_bp,hea,RX_RY_RZ_CNOT,none,linear,cnot,local,12,8,8,same_entangling_gate_count,1,7,RY,1,58,layer_001_wire_007_RY,3,-0.0009495348042664186,1.9845822817335185e-05,0.003073329761192977,0.0
random_bp,expectation_value,bcw_12q_random_bp,hea,RX_RY_RZ_CNOT,none,linear,cnot,local,12,8,8,same_entangling_gate_count,1,7,RZ,2,59,layer_001_wire_007_RZ,3,-0.0026183257013976742,1.2371947375192288e-05,0.0026183257013976742,0.0
random_bp,expectation_value,bcw_12q_random_bp,hea,RX_RY_RZ_CNOT,none,linear,cnot,local,12,8,8,same_entangling_gate_count,1,8,RX,0,60,layer_001_wire_008_RX,3,0.00016492088700204976,2.9485758537892136e-06,0.001349529845074946,0.0
random_bp,expectation_value,bcw_12q_random_bp,hea,RX_RY_RZ_CNOT,none,linear,cnot,local,12,8,8,same_entangling_gate_count,1,8,RY,1,61,layer_001_wire_008_RY,3,0.0020281673441264535,1.819481361720171e-06,0.0020281673441264535,0.0
random_bp,expectation_value,bcw_12q_random_bp,hea,RX_RY_RZ_CNOT,none,linear,cnot,local,12,8,8,same_entangling_gate_count,1,8,RZ,2,62,layer_001_wire_008_RZ,3,0.00032797393832168377,2.5027546432230766e-06,0.0013058097290459952,0.0
random_bp,expectation_value,bcw_12q_random_bp,hea,RX_RY_RZ_CNOT,none,linear,cnot,local,12,8,8,same_entangling_gate_count,1,9,RX,0,63,layer_001_wire_009_RX,3,-0.0012390837052161034,2.5078620358146625e-06,0.0014671269447361825,0.0
random_bp,expectation_value,bcw_12q_random_bp,hea,RX_RY_RZ_CNOT,none,linear,cnot,local,12,8,8,same_entangling_gate_count,1,9,RY,1,64,layer_001_wire_009_RY,3,-0.0028208667767946807,3.6304949909635267e-08,0.0028208667767946807,0.0
random_bp,expectation_value,bcw_12q_random_bp,hea,RX_RY_RZ_CNOT,none,linear,cnot,local,12,8,8,same_entangling_gate_count,1,9,RZ,2,65,layer_001_wire_009_RZ,3,-0.002148145444567154,2.821869818816272e-07,0.002148145444567154,0.0
random_bp,expectation_value,bcw_12q_random_bp,hea,RX_RY_RZ_CNOT,none,linear,cnot,local,12,8,8,same_entangling_gate_count,1,10,RX,0,66,layer_001_wire_010_RX,3,-6.878912387577789e-05,1.547608367905998e-05,0.002980381964961524,0.0
random_bp,expectation_value,bcw_12q_random_bp,hea,RX_RY_RZ_CNOT,none,linear,cnot,local,12,8,8,same_entangling_gate_count,1,10,RY,1,67,layer_001_wire_010_RY,3,-0.00036634120687324456,2.112617965555676e-06,0.000987589924830622,0.0
random_bp,expectation_value,bcw_12q_random_bp,hea,RX_RY_RZ_CNOT,none,linear,cnot,local,12,8,8,same_entangling_gate_count,1,10,RZ,2,68,layer_001_wire_010_RZ,3,0.0022498694749486,6.7850831244961e-06,0.002752811535135298,0.0
random_bp,expectation_value,bcw_12q_random_bp,hea,RX_RY_RZ_CNOT,none,linear,cnot,local,12,8,8,same_entangling_gate_count,1,11,RX,0,69,layer_001_wire_011_RX,3,-0.0013910662352236123,7.425992801199422e-07,0.0013910662352236123,0.0
random_bp,expectation_value,bcw_12q_random_bp,hea,RX_RY_RZ_CNOT,none,linear,cnot,local,12,8,8,same_entangling_gate_count,1,11,RY,1,70,layer_001_wire_011_RY,3,0.0011796956793477887,8.744015544763166e-06,0.0025857108313873498,0.0
random_bp,expectation_value,bcw_12q_random_bp,hea,RX_RY_RZ_CNOT,none,linear,cnot,local,12,8,8,same_entangling_gate_count,1,11,RZ,2,71,layer_001_wire_011_RZ,3,-0.002393400803719709,3.021108363220723e-06,0.002393400803719709,0.0
random_bp,expectation_value,bcw_12q_random_bp,hea,RX_RY_RZ_CNOT,none,linear,cnot,local,12,8,8,same_entangling_gate_count,2,0,RX,0,72,layer_002_wire_000_RX,3,0.0002566938145513254,2.9742890622011325e-05,0.003837653450025777,0.0
random_bp,expectation_value,bcw_12q_random_bp,hea,RX_RY_RZ_CNOT,none,linear,cnot,local,12,8,8,same_entangling_gate_count,2,0,RY,1,73,layer_002_wire_000_RY,3,0.000331594515413121,2.1471237657221754e-05,0.0036479187951008064,0.0
random_bp,expectation_value,bcw_12q_random_bp,hea,RX_RY_RZ_CNOT,none,linear,cnot,local,12,8,8,same_entangling_gate_count,2,0,RZ,2,74,layer_002_wire_000_RZ,3,-0.0017727438438408024,1.7208305346971248e-05,0.0037622111192327974,0.0
random_bp,expectation_value,bcw_12q_random_bp,hea,RX_RY_RZ_CNOT,none,linear,cnot,local,12,8,8,same_entangling_gate_count,2,1,RX,0,75,layer_002_wire_001_RX,3,0.0007596154107444822,5.256796138808212e-05,0.005322820900542188,0.0
random_bp,expectation_value,bcw_12q_random_bp,hea,RX_RY_RZ_CNOT,none,linear,cnot,local,12,8,8,same_entangling_gate_count,2,1,RY,1,76,layer_002_wire_001_RY,3,0.01156798941875524,0.00029466322564335634,0.01280602076909114,0.0
random_bp,expectation_value,bcw_12q_random_bp,hea,RX_RY_RZ_CNOT,none,linear,cnot,local,12,8,8,same_entangling_gate_count,2,1,RZ,2,77,layer_002_wire_001_RZ,3,0.0034800050932658464,2.4131322083334202e-05,0.004683380577046915,0.0
random_bp,expectation_value,bcw_12q_random_bp,hea,RX_RY_RZ_CNOT,none,linear,cnot,local,12,8,8,same_entangling_gate_count,2,2,RX,0,78,layer_002_wire_002_RX,3,-0.005153517048908965,3.85524340883533e-05,0.005601942420416167,0.0
random_bp,expectation_value,bcw_12q_random_bp,hea,RX_RY_RZ_CNOT,none,linear,cnot,local,12,8,8,same_entangling_gate_count,2,2,RY,1,79,layer_002_wire_002_RY,3,0.007451240379754997,0.00013935117302561737,0.010672730560870992,0.0
random_bp,expectation_value,bcw_12q_random_bp,hea,RX_RY_RZ_CNOT,none,linear,cnot,local,12,8,8,same_entangling_gate_count,2,2,RZ,2,80,layer_002_wire_002_RZ,3,-0.007319882032203582,6.017022351282412e-07,0.0073198820322035825,0.0
random_bp,expectation_value,bcw_12q_random_bp,hea,RX_RY_RZ_CNOT,none,linear,cnot,local,12,8,8,same_entangling_gate_count,2,3,RX,0,81,layer_002_wire_003_RX,3,0.00412953319779945,2.2678105864862937e-06,0.004129533197799449,0.0
random_bp,expectation_value,bcw_12q_random_bp,hea,RX_RY_RZ_CNOT,none,linear,cnot,local,12,8,8,same_entangling_gate_count,2,3,RY,1,82,layer_002_wire_003_RY,3,-0.004989785862535368,1.0773349107287973e-05,0.004989785862535368,0.0
random_bp,expectation_value,bcw_12q_random_bp,hea,RX_RY_RZ_CNOT,none,linear,cnot,local,12,8,8,same_entangling_gate_count,2,3,RZ,2,83,layer_002_wire_003_RZ,3,-6.452794231208425e-05,9.057995386802843e-05,0.007123559149293117,0.0
random_bp,expectation_value,bcw_12q_random_bp,hea,RX_RY_RZ_CNOT,none,linear,cnot,local,12,8,8,same_entangling_gate_count,2,4,RX,0,84,layer_002_wire_004_RX,3,0.003697974866223749,1.7950207022089517e-05,0.00369797486622375,0.0
random_bp,expectation_value,bcw_12q_random_bp,hea,RX_RY_RZ_CNOT,none,linear,cnot,local,12,8,8,same_entangling_gate_count,2,4,RY,1,85,layer_002_wire_004_RY,3,0.002705034888039536,4.178333693215309e-05,0.005501343300076844,0.0
random_bp,expectation_value,bcw_12q_random_bp,hea,RX_RY_RZ_CNOT,none,linear,cnot,local,12,8,8,same_entangling_gate_count,2,4,RZ,2,86,layer_002_wire_004_RZ,3,-0.0035974249962120205,8.639050083236805e-05,0.006015016474251796,0.0
random_bp,expectation_value,bcw_12q_random_bp,hea,RX_RY_RZ_CNOT,none,linear,cnot,local,12,8,8,same_entangling_gate_count,2,5,RX,0,87,layer_002_wire_005_RX,3,0.003638947600298009,4.544113673686443e-05,0.006297133637159305,0.0
random_bp,expectation_value,bcw_12q_random_bp,hea,RX_RY_RZ_CNOT,none,linear,cnot,local,12,8,8,same_entangling_gate_count,2,5,RY,1,88,layer_002_wire_005_RY,3,-0.0019602266093242653,3.2315532484439434e-05,0.004725926118243666,0.0
random_bp,expectation_value,bcw_12q_random_bp,hea,RX_RY_RZ_CNOT,none,linear,cnot,local,12,8,8,same_entangling_gate_count,2,5,RZ,2,89,layer_002_wire_005_RZ,3,0.0009477756603406769,1.5793604353412203e-06,0.001197450948477167,0.0
random_bp,expectation_value,bcw_12q_random_bp,hea,RX_RY_RZ_CNOT,none,linear,cnot,local,12,8,8,same_entangling_gate_count,2,6,RX,0,90,layer_002_wire_006_RX,3,0.0006658101672234813,2.575153302691228e-05,0.003414946751602485,0.0
random_bp,expectation_value,bcw_12q_random_bp,hea,RX_RY_RZ_CNOT,none,linear,cnot,local,12,8,8,same_entangling_gate_count,2,6,RY,1,91,layer_002_wire_006_RY,3,0.0004903199699411143,1.0526257891087976e-05,0.0026422201401115016,0.0
random_bp,expectation_value,bcw_12q_random_bp,hea,RX_RY_RZ_CNOT,none,linear,cnot,local,12,8,8,same_entangling_gate_count,2,6,RZ,2,92,layer_002_wire_006_RZ,3,0.0038855277095615403,8.219911332888892e-06,0.00388552770956154,0.0
random_bp,expectation_value,bcw_12q_random_bp,hea,RX_RY_RZ_CNOT,none,linear,cnot,local,12,8,8,same_entangling_gate_count,2,7,RX,0,93,layer_002_wire_007_RX,3,0.0006996538759867376,2.4222807365666613e-06,0.001368193460333244,0.0
random_bp,expectation_value,bcw_12q_random_bp,hea,RX_RY_RZ_CNOT,none,linear,cnot,local,12,8,8,same_entangling_gate_count,2,7,RY,1,94,layer_002_wire_007_RY,3,0.001379779071462548,1.7508293761520022e-05,0.0027076869339825254,0.0
random_bp,expectation_value,bcw_12q_random_bp,hea,RX_RY_RZ_CNOT,none,linear,cnot,local,12,8,8,same_entangling_gate_count,2,7,RZ,2,95,layer_002_wire_007_RZ,3,0.0011078069910768346,5.988726787952645e-07,0.0011078069910768346,0.0
random_bp,expectation_value,bcw_12q_random_bp,hea,RX_RY_RZ_CNOT,none,linear,cnot,local,12,8,8,same_entangling_gate_count,2,8,RX,0,96,layer_002_wire_008_RX,3,0.0001432004558712776,5.139280079323391e-06,0.0017041811229113232,0.0
random_bp,expectation_value,bcw_12q_random_bp,hea,RX_RY_RZ_CNOT,none,linear,cnot,local,12,8,8,same_entangling_gate_count,2,8,RY,1,97,layer_002_wire_008_RY,3,0.0002574705908578198,1.513454435331292e-05,0.002900508247371522,0.0
random_bp,expectation_value,bcw_12q_random_bp,hea,RX_RY_RZ_CNOT,none,linear,cnot,local,12,8,8,same_entangling_gate_count,2,8,RZ,2,98,layer_002_wire_008_RZ,3,-0.0005488317656250262,3.3272201397455592e-06,0.001508004922102071,0.0
random_bp,expectation_value,bcw_12q_random_bp,hea,RX_RY_RZ_CNOT,none,linear,cnot,local,12,8,8,same_entangling_gate_count,2,9,RX,0,99,layer_002_wire_009_RX,3,-0.0008190079063862931,1.0812055950657008e-05,0.0022408924378376056,0.0
random_bp,expectation_value,bcw_12q_random_bp,hea,RX_RY_RZ_CNOT,none,linear,cnot,local,12,8,8,same_entangling_gate_count,2,9,RY,1,100,layer_002_wire_009_RY,3,-0.0015450751458610103,7.852404185403292e-06,0.0016887494377839636,0.0
random_bp,expectation_value,bcw_12q_random_bp,hea,RX_RY_RZ_CNOT,none,linear,cnot,local,12,8,8,same_entangling_gate_count,2,9,RZ,2,101,layer_002_wire_009_RZ,3,0.0028853857598930255,9.652692208757895e-06,0.003200183633729085,0.0
random_bp,expectation_value,bcw_12q_random_bp,hea,RX_RY_RZ_CNOT,none,linear,cnot,local,12,8,8,same_entangling_gate_count,2,10,RX,0,102,layer_002_wire_010_RX,3,0.0006970257950136005,2.6918165871404287e-06,0.0014473488400663884,0.0
random_bp,expectation_value,bcw_12q_random_bp,hea,RX_RY_RZ_CNOT,none,linear,cnot,local,12,8,8,same_entangling_gate_count,2,10,RY,1,103,layer_002_wire_010_RY,3,3.6871540961965795e-05,1.9747682996213385e-07,0.0003167252262640761,0.0
random_bp,expectation_value,bcw_12q_random_bp,hea,RX_RY_RZ_CNOT,none,linear,cnot,local,12,8,8,same_entangling_gate_count,2,10,RZ,2,104,layer_002_wire_010_RZ,3,-0.0005715075315132744,3.6987981901497047e-06,0.001580754406646424,0.0
random_bp,expectation_value,bcw_12q_random_bp,hea,RX_RY_RZ_CNOT,none,linear,cnot,local,12,8,8,same_entangling_gate_count,2,11,RX,0,105,layer_002_wire_011_RX,3,0.0006840982166877687,7.622523797884215e-06,0.00214042002752909,0.0
random_bp,expectation_value,bcw_12q_random_bp,hea,RX_RY_RZ_CNOT,none,linear,cnot,local,12,8,8,same_entangling_gate_count,2,11,RY,1,106,layer_002_wire_011_RY,3,-0.001020986449630279,6.4256666555807216e-06,0.0016105081269237986,0.0
random_bp,expectation_value,bcw_12q_random_bp,hea,RX_RY_RZ_CNOT,none,linear,cnot,local,12,8,8,same_entangling_gate_count,2,11,RZ,2,107,layer_002_wire_011_RZ,3,0.0005469449649034922,4.576671533182156e-06,0.0015977654344564213,0.0
random_bp,expectation_value,bcw_12q_random_bp,hea,RX_RY_RZ_CNOT,none,linear,cnot,local,12,8,8,same_entangling_gate_count,3,0,RX,0,108,layer_003_wire_000_RX,3,3.692322637688676e-05,1.2239026176778402e-05,0.0023666678964283784,0.0
random_bp,expectation_value,bcw_12q_random_bp,hea,RX_RY_RZ_CNOT,none,linear,cnot,local,12,8,8,same_entangling_gate_count,3,0,RY,1,109,layer_003_wire_000_RY,3,-0.009808057299540608,3.468297629495359e-06,0.009808057299540608,0.0
random_bp,expectation_value,bcw_12q_random_bp,hea,RX_RY_RZ_CNOT,none,linear,cnot,local,12,8,8,same_entangling_gate_count,3,0,RZ,2,110,layer_003_wire_000_RZ,3,0.0002134757275653492,6.4436555626914755e-06,0.0017053616904985946,0.0
random_bp,expectation_value,bcw_12q_random_bp,hea,RX_RY_RZ_CNOT,none,linear,cnot,local,12,8,8,same_entangling_gate_count,3,1,RX,0,111,layer_003_wire_001_RX,3,-0.007843216068357372,2.3589421789611597e-05,0.00784321606835737,0.0
random_bp,expectation_value,bcw_12q_random_bp,hea,RX_RY_RZ_CNOT,none,linear,cnot,local,12,8,8,same_entangling_gate_count,3,1,RY,1,112,layer_003_wire_001_RY,3,0.0011020613986216289,2.5117563401029643e-05,0.0033821626132653996,0.0
random_bp,expectation_value,bcw_12q_random_bp,hea,RX_RY_RZ_CNOT,none,linear,cnot,local,12,8,8,same_entangling_gate_count,3,1,RZ,2,113,layer_003_wire_001_RZ,3,-0.003450836421597793,7.360062832563676e-05,0.005434673220253224,0.0
random_bp,expectation_value,bcw_12q_random_bp,hea,RX_RY_RZ_CNOT,none,linear,cnot,local,12,8,8,same_entangling_gate_count,3,2,RX,0,114,layer_003_wire_002_RX,3,-0.011675407188637302,8.570481240148852e-06,0.011675407188637304,0.0
random_bp,expectation_value,bcw_12q_random_bp,hea,RX_RY_RZ_CNOT,none,linear,cnot,local,12,8,8,same_entangling_gate_count,3,2,RY,1,115,layer_003_wire_002_RY,3,-0.00232949524457708,2.9649221170459963e-06,0.00232949524457708,0.0
random_bp,expectation_value,bcw_12q_random_bp,hea,RX_RY_RZ_CNOT,none,linear,cnot,local,12,8,8,same_entangling_gate_count,3,2,RZ,2,116,layer_003_wire_002_RZ,3,-0.009151937577780904,0.000267929316001537,0.015486008661816757,0.0
random_bp,expectation_value,bcw_12q_random_bp,hea,RX_RY_RZ_CNOT,none,linear,cnot,local,12,8,8,same_entangling_gate_count,3,3,RX,0,117,layer_003_wire_003_RX,3,-0.002730594063269133,4.9737252702091635e-05,0.004518270725795975,0.0
random_bp,expectation_value,bcw_12q_random_bp,hea,RX_RY_RZ_CNOT,none,linear,cnot,local,12,8,8,same_entangling_gate_count,3,3,RY,1,118,layer_003_wire_003_RY,3,0.005604869793834292,0.0001454376109227785,0.00741013738094581,0.0
random_bp,expectation_value,bcw_12q_random_bp,hea,RX_RY_RZ_CNOT,none,linear,cnot,local,12,8,8,same_entangling_gate_count,3,3,RZ,2,119,layer_003_wire_003_RZ,3,-0.0007054259719522621,3.500822032223741e-05,0.004245976511667676,0.0
random_bp,expectation_value,bcw_12q_random_bp,hea,RX_RY_RZ_CNOT,none,linear,cnot,local,12,8,8,same_entangling_gate_count,3,4,RX,0,120,layer_003_wire_004_RX,3,-0.004847795674445305,2.744009052007453e-05,0.0048477956744453045,0.0
random_bp,expectation_value,bcw_12q_random_bp,hea,RX_RY_RZ_CNOT,none,linear,cnot,local,12,8,8,same_entangling_gate_count,3,4,RY,1,121,layer_003_wire_004_RY,3,0.006882385753809574,2.8802697917157544e-05,0.006882385753809575,0.0
random_bp,expectation_value,bcw_12q_random_bp,hea,RX_RY_RZ_CNOT,none,linear,cnot,local,12,8,8,same_entangling_gate_count,3,4,RZ,2,122,layer_003_wire_004_RZ,3,0.0009213345803146133,1.3175815453354759e-05,0.0024152640742232663,0.0
random_bp,expectation_value,bcw_12q_random_bp,hea,RX_RY_RZ_CNOT,none,linear,cnot,local,12,8,8,same_entangling_gate_count,3,5,RX,0,123,layer_003_wire_005_RX,3,-0.0033668885756521355,9.297821024738072e-05,0.006416996406562386,0.0
random_bp,expectation_value,bcw_12q_random_bp,hea,RX_RY_RZ_CNOT,none,linear,cnot,local,12,8,8,same_entangling_gate_count,3,5,RY,1,124,layer_003_wire_005_RY,3,0.0043909209327098854,1.6114310414583386e-05,0.0043909209327098854,0.0
random_bp,expectation_value,bcw_12q_random_bp,hea,RX_RY_RZ_CNOT,none,linear,cnot,local,12,8,8,same_entangling_gate_count,3,5,RZ,2,125,layer_003_wire_005_RZ,3,-0.005079606539576909,8.74892970637086e-05,0.007882470946607075,0.0
random_bp,expectation_value,bcw_12q_random_bp,hea,RX_RY_RZ_CNOT,none,linear,cnot,local,12,8,8,same_entangling_gate_count,3,6,RX,0,126,layer_003_wire_006_RX,3,0.0014208463973194977,3.52537722299483e-06,0.0017222535450978702,0.0
random_bp,expectation_value,bcw_12q_random_bp,hea,RX_RY_RZ_CNOT,none,linear,cnot,local,12,8,8,same_entangling_gate_count,3,6,RY,1,127,layer_003_wire_006_RY,3,0.003852875921085968,2.6665098990965425e-06,0.003852875921085968,0.0
random_bp,expectation_value,bcw_12q_random_bp,hea,RX_RY_RZ_CNOT,none,linear,cnot,local,12,8,8,same_entangling_gate_count,3,6,RZ,2,128,layer_003_wire_006_RZ,3,-0.0005643450911012053,7.856608566812424e-06,0.0022514116189723504,0.0
random_bp,expectation_value,bcw_12q_random_bp,hea,RX_RY_RZ_CNOT,none,linear,cnot,local,12,8,8,same_entangling_gate_count,3,7,RX,0,129,layer_003_wire_007_RX,3,0.00020546294814252077,5.699750485406047e-06,0.0017668189386427192,0.0
random_bp,expectation_value,bcw_12q_random_bp,hea,RX_RY_RZ_CNOT,none,linear,cnot,local,12,8,8,same_entangling_gate_count,3,7,RY,1,130,layer_003_wire_007_RY,3,-0.0005701924170546638,9.689935237851055e-06,0.002365070859413249,0.0
random_bp,expectation_value,bcw_12q_random_bp,hea,RX_RY_RZ_CNOT,none,linear,cnot,local,12,8,8,same_entangling_gate_count,3,7,RZ,2,131,layer_003_wire_007_RZ,3,0.0003034834634266803,5.742240016749146e-06,0.0018062834655149234,0.0
random_bp,expectation_value,bcw_12q_random_bp,hea,RX_RY_RZ_CNOT,none,linear,cnot,local,12,8,8,same_entangling_gate_count,3,8,RX,0,132,layer_003_wire_008_RX,3,0.002483550960186403,2.0771512679766537e-06,0.002483550960186403,0.0
random_bp,expectation_value,bcw_12q_random_bp,hea,RX_RY_RZ_CNOT,none,linear,cnot,local,12,8,8,same_entangling_gate_count,3,8,RY,1,133,layer_003_wire_008_RY,3,-0.0018654587095926283,6.6294421889538046e-06,0.00251502048558744,0.0
random_bp,expectation_value,bcw_12q_random_bp,hea,RX_RY_RZ_CNOT,none,linear,cnot,local,12,8,8,same_entangling_gate_count,3,8,RZ,2,134,layer_003_wire_008_RZ,3,0.001616180708399677,4.707048947023703e-06,0.0021988278371608016,0.0
random_bp,expectation_value,bcw_12q_random_bp,hea,RX_RY_RZ_CNOT,none,linear,cnot,local,12,8,8,same_entangling_gate_count,3,9,RX,0,135,layer_003_wire_009_RX,3,0.0026493200212006243,1.2655171820701075e-06,0.0026493200212006243,0.0
random_bp,expectation_value,bcw_12q_random_bp,hea,RX_RY_RZ_CNOT,none,linear,cnot,local,12,8,8,same_entangling_gate_count,3,9,RY,1,136,layer_003_wire_009_RY,3,0.0015828729288992923,6.365794188990306e-07,0.0015828729288992923,0.0
random_bp,expectation_value,bcw_12q_random_bp,hea,RX_RY_RZ_CNOT,none,linear,cnot,local,12,8,8,same_entangling_gate_count,3,9,RZ,2,137,layer_003_wire_009_RZ,3,-0.0015441921280279114,5.767069888750024e-06,0.002293197997700473,0.0
random_bp,expectation_value,bcw_12q_random_bp,hea,RX_RY_RZ_CNOT,none,linear,cnot,local,12,8,8,same_entangling_gate_count,3,10,RX,0,138,layer_003_wire_010_RX,3,0.0009636555963923471,3.7649228764129926e-06,0.0017290164594669453,0.0
random_bp,expectation_value,bcw_12q_random_bp,hea,RX_RY_RZ_CNOT,none,linear,cnot,local,12,8,8,same_entangling_gate_count,3,10,RY,1,139,layer_003_wire_010_RY,3,-0.00029872562914176344,3.7469234027818348e-06,0.0013390256534519058,0.0
random_bp,expectation_value,bcw_12q_random_bp,hea,RX_RY_RZ_CNOT,none,linear,cnot,local,12,8,8,same_entangling_gate_count,3,10,RZ,2,140,layer_003_wire_010_RZ,3,0.00025498684946259295,8.968398406280737e-06,0.0023371139685641443,0.0
random_bp,expectation_value,bcw_12q_random_bp,hea,RX_RY_RZ_CNOT,none,linear,cnot,local,12,8,8,same_entangling_gate_count,3,11,RX,0,141,layer_003_wire_011_RX,3,-0.00018598862734368855,2.761322019670993e-06,0.0012153475487705725,0.0
random_bp,expectation_value,bcw_12q_random_bp,hea,RX_RY_RZ_CNOT,none,linear,cnot,local,12,8,8,same_entangling_gate_count,3,11,RY,1,142,layer_003_wire_011_RY,3,0.0001400387014736514,5.708242378284374e-06,0.0016993859541569283,0.0
random_bp,expectation_value,bcw_12q_random_bp,hea,RX_RY_RZ_CNOT,none,linear,cnot,local,12,8,8,same_entangling_gate_count,3,11,RZ,2,143,layer_003_wire_011_RZ,3,0.0007728116056759309,8.300767324631708e-07,0.0009116263310992315,0.0
random_bp,expectation_value,bcw_12q_random_bp,hea,RX_RY_RZ_CNOT,none,linear,cnot,local,12,8,8,same_entangling_gate_count,4,0,RX,0,144,layer_004_wire_000_RX,3,0.0036034290677168083,4.063080237065976e-06,0.0036034290677168083,0.0
random_bp,expectation_value,bcw_12q_random_bp,hea,RX_RY_RZ_CNOT,none,linear,cnot,local,12,8,8,same_entangling_gate_count,4,0,RY,1,145,layer_004_wire_000_RY,3,-0.0031099662471007583,0.00011389210434228377,0.007175970555889699,0.0
random_bp,expectation_value,bcw_12q_random_bp,hea,RX_RY_RZ_CNOT,none,linear,cnot,local,12,8,8,same_entangling_gate_count,4,0,RZ,2,146,layer_004_wire_000_RZ,3,-0.004885581624768203,6.860480094493731e-05,0.007416907300221543,0.0
random_bp,expectation_value,bcw_12q_random_bp,hea,RX_RY_RZ_CNOT,none,linear,cnot,local,12,8,8,same_entangling_gate_count,4,1,RX,0,147,layer_004_wire_001_RX,3,-0.004036733729372349,0.0001865314902596409,0.009167234702518656,0.0
random_bp,expectation_value,bcw_12q_random_bp,hea,RX_RY_RZ_CNOT,none,linear,cnot,local,12,8,8,same_entangling_gate_count,4,1,RY,1,148,layer_004_wire_001_RY,3,-0.01628045580536309,9.91566000878185e-05,0.01628045580536309,0.0
random_bp,expectation_value,bcw_12q_random_bp,hea,RX_RY_RZ_CNOT,none,linear,cnot,local,12,8,8,same_entangling_gate_count,4,1,RZ,2,149,layer_004_wire_001_RZ,3,0.0006446512421358196,0.00012095191966182375,0.008680532852525418,0.0
random_bp,expectation_value,bcw_12q_random_bp,hea,RX_RY_RZ_CNOT,none,linear,cnot,local,12,8,8,same_entangling_gate_count,4,2,RX,0,150,layer_004_wire_002_RX,3,-0.003815128668781256,1.5426342029495466e-05,0.0038151286687812566,0.0
random_bp,expectation_value,bcw_12q_random_bp,hea,RX_RY_RZ_CNOT,none,linear,cnot,local,12,8,8,same_entangling_gate_count,4,2,RY,1,151,layer_004_wire_002_RY,3,0.0017878940982206703,0.00013783120696641562,0.008290014683521304,0.0
random_bp,expectation_value,bcw_12q_random_bp,hea,RX_RY_RZ_CNOT,none,linear,cnot,local,12,8,8,same_entangling_gate_count,4,2,RZ,2,152,layer_004_wire_002_RZ,3,-0.004396014990313127,1.4840819237067582e-05,0.004396014990313126,0.0
random_bp,expectation_value,bcw_12q_random_bp,hea,RX_RY_RZ_CNOT,none,linear,cnot,local,12,8,8,same_entangling_gate_count,4,3,RX,0,153,layer_004_wire_003_RX,3,-0.0007082778401748795,0.00010626572728101989,0.007667353819703913,0.0
random_bp,expectation_value,bcw_12q_random_bp,hea,RX_RY_RZ_CNOT,none,linear,cnot,local,12,8,8,same_entangling_gate_count,4,3,RY,1,154,layer_004_wire_003_RY,3,-0.0012882726421008309,0.00012078203404099514,0.00872172936943926,0.0
random_bp,expectation_value,bcw_12q_random_bp,hea,RX_RY_RZ_CNOT,none,linear,cnot,local,12,8,8,same_entangling_gate_count,4,3,RZ,2,155,layer_004_wire_003_RZ,3,-0.0005533968986245668,0.0001530076281201972,0.008966658684531578,0.0
random_bp,expectation_value,bcw_12q_random_bp,hea,RX_RY_RZ_CNOT,none,linear,cnot,local,12,8,8,same_entangling_gate_count,4,4,RX,0,156,layer_004_wire_004_RX,3,-0.003727318497507082,2.8872012065666497e-05,0.004275268830243313,0.0
random_bp,expectation_value,bcw_12q_random_bp,hea,RX_RY_RZ_CNOT,none,linear,cnot,local,12,8,8,same_entangling_gate_count,4,4,RY,1,157,layer_004_wire_004_RY,3,-0.0025132424121763596,2.9203453123160322e-05,0.004968299328371396,0.0
random_bp,expectation_value,bcw_12q_random_bp,hea,RX_RY_RZ_CNOT,none,linear,cnot,local,12,8,8,same_entangling_gate_count,4,4,RZ,2,158,layer_004_wire_004_RZ,3,0.0030759435060885958,9.600822096796443e-06,0.0030759435060885958,0.0
random_bp,expectation_value,bcw_12q_random_bp,hea,RX_RY_RZ_CNOT,none,linear,cnot,local,12,8,8,same_entangling_gate_count,4,5,RX,0,159,layer_004_wire_005_RX,3,-0.0028505698612727105,4.320811135096597e-05,0.0057289761438019835,0.0
random_bp,expectation_value,bcw_12q_random_bp,hea,RX_RY_RZ_CNOT,none,linear,cnot,local,12,8,8,same_entangling_gate_count,4,5,RY,1,160,layer_004_wire_005_RY,3,0.003275549217778644,1.7101795665655982e-05,0.004013349085185352,0.0
random_bp,expectation_value,bcw_12q_random_bp,hea,RX_RY_RZ_CNOT,none,linear,cnot,local,12,8,8,same_entangling_gate_count,4,5,RZ,2,161,layer_004_wire_005_RZ,3,0.0024263312879615625,2.0264557921859446e-05,0.0026547984101611913,0.0
random_bp,expectation_value,bcw_12q_random_bp,hea,RX_RY_RZ_CNOT,none,linear,cnot,local,12,8,8,same_entangling_gate_count,4,6,RX,0,162,layer_004_wire_006_RX,3,0.0013214432120377585,7.080990033903715e-06,0.00212405329549018,0.0
random_bp,expectation_value,bcw_12q_random_bp,hea,RX_RY_RZ_CNOT,none,linear,cnot,local,12,8,8,same_entangling_gate_count,4,6,RY,1,163,layer_004_wire_006_RY,3,-0.0008107458405791138,1.0805481232051908e-05,0.0027108912772691764,0.0
random_bp,expectation_value,bcw_12q_random_bp,hea,RX_RY_RZ_CNOT,none,linear,cnot,local,12,8,8,same_entangling_gate_count,4,6,RZ,2,164,layer_004_wire_006_RZ,3,-7.990946864609185e-05,2.485060624013487e-06,0.0011843986543913973,0.0
random_bp,expectation_value,bcw_12q_random_bp,hea,RX_RY_RZ_CNOT,none,linear,cnot,local,12,8,8,same_entangling_gate_count,4,7,RX,0,165,layer_004_wire_007_RX,3,0.0007002021293791278,6.601764546500753e-07,0.0007427944422918513,0.0
random_bp,expectation_value,bcw_12q_random_bp,hea,RX_RY_RZ_CNOT,none,linear,cnot,local,12,8,8,same_entangling_gate_count,4,7,RY,1,166,layer_004_wire_007_RY,3,0.001223274909490235,1.2151204360655076e-05,0.0030235181071380872,0.0
random_bp,expectation_value,bcw_12q_random_bp,hea,RX_RY_RZ_CNOT,none,linear,cnot,local,12,8,8,same_entangling_gate_count,4,7,RZ,2,167,layer_004_wire_007_RZ,3,-7.031127056134163e-05,2.2267970307410536e-07,0.0003711517829603907,0.0
random_bp,expectation_value,bcw_12q_random_bp,hea,RX_RY_RZ_CNOT,none,linear,cnot,local,12,8,8,same_entangling_gate_count,4,8,RX,0,168,layer_004_wire_008_RX,3,-0.0014202570647490144,2.270638043039782e-06,0.0014229487752677264,0.0
random_bp,expectation_value,bcw_12q_random_bp,hea,RX_RY_RZ_CNOT,none,linear,cnot,local,12,8,8,same_entangling_gate_count,4,8,RY,1,169,layer_004_wire_008_RY,3,0.0010598368183054904,3.967952344517304e-06,0.0018206274717662103,0.0
random_bp,expectation_value,bcw_12q_random_bp,hea,RX_RY_RZ_CNOT,none,linear,cnot,local,12,8,8,same_entangling_gate_count,4,8,RZ,2,170,layer_004_wire_008_RZ,3,-0.00011528853298180318,2.012411050025467e-06,0.0011191426922394143,0.0
random_bp,expectation_value,bcw_12q_random_bp,hea,RX_RY_RZ_CNOT,none,linear,cnot,local,12,8,8,same_entangling_gate_count,4,9,RX,0,171,layer_004_wire_009_RX,3,-0.0008590179810714973,1.8092465291131889e-06,0.001243252981719542,0.0
random_bp,expectation_value,bcw_12q_random_bp,hea,RX_RY_RZ_CNOT,none,linear,cnot,local,12,8,8,same_entangling_gate_count,4,9,RY,1,172,layer_004_wire_009_RY,3,0.0005065899058079404,1.3775796708266204e-06,0.0010413383984878373,0.0
random_bp,expectation_value,bcw_12q_random_bp,hea,RX_RY_RZ_CNOT,none,linear,cnot,local,12,8,8,same_entangling_gate_count,4,9,RZ,2,173,layer_004_wire_009_RZ,3,-0.000986098757604199,3.362804405842078e-06,0.001275546024296719,0.0
random_bp,expectation_value,bcw_12q_random_bp,hea,RX_RY_RZ_CNOT,none,linear,cnot,local,12,8,8,same_entangling_gate_count,4,10,RX,0,174,layer_004_wire_010_RX,3,-0.0002688569884251641,4.265387658188305e-06,0.0013920142326431437,0.0
random_bp,expectation_value,bcw_12q_random_bp,hea,RX_RY_RZ_CNOT,none,linear,cnot,local,12,8,8,same_entangling_gate_count,4,10,RY,1,175,layer_004_wire_010_RY,3,-0.00021757463823917348,1.0852182114362447e-06,0.000808253883703332,0.0
random_bp,expectation_value,bcw_12q_random_bp,hea,RX_RY_RZ_CNOT,none,linear,cnot,local,12,8,8,same_entangling_gate_count,4,10,RZ,2,176,layer_004_wire_010_RZ,3,-0.0013692108031825524,1.8499297514698812e-06,0.0013692108031825524,0.0
random_bp,expectation_value,bcw_12q_random_bp,hea,RX_RY_RZ_CNOT,none,linear,cnot,local,12,8,8,same_entangling_gate_count,4,11,RX,0,177,layer_004_wire_011_RX,3,0.0009352872458199223,1.7350718863898389e-06,0.0013253833002077372,0.0
random_bp,expectation_value,bcw_12q_random_bp,hea,RX_RY_RZ_CNOT,none,linear,cnot,local,12,8,8,same_entangling_gate_count,4,11,RY,1,178,layer_004_wire_011_RY,3,0.00023263935715313192,1.0314993098629653e-06,0.0007042189512929554,0.0
random_bp,expectation_value,bcw_12q_random_bp,hea,RX_RY_RZ_CNOT,none,linear,cnot,local,12,8,8,same_entangling_gate_count,4,11,RZ,2,179,layer_004_wire_011_RZ,3,0.0015448924999351236,2.976301550881953e-06,0.0018022304241090928,0.0
random_bp,expectation_value,bcw_12q_random_bp,hea,RX_RY_RZ_CNOT,none,linear,cnot,local,12,8,8,same_entangling_gate_count,5,0,RX,0,180,layer_005_wire_000_RX,3,0.0036795782673593657,0.00017883662690356485,0.008845765095148242,0.0
random_bp,expectation_value,bcw_12q_random_bp,hea,RX_RY_RZ_CNOT,none,linear,cnot,local,12,8,8,same_entangling_gate_count,5,0,RY,1,181,layer_005_wire_000_RY,3,0.004195373078091314,6.435642169781347e-05,0.00716026832959217,0.0
random_bp,expectation_value,bcw_12q_random_bp,hea,RX_RY_RZ_CNOT,none,linear,cnot,local,12,8,8,same_entangling_gate_count,5,0,RZ,2,182,layer_005_wire_000_RZ,3,0.003539216919525341,0.000248594967958287,0.012265289670551583,0.0
random_bp,expectation_value,bcw_12q_random_bp,hea,RX_RY_RZ_CNOT,none,linear,cnot,local,12,8,8,same_entangling_gate_count,5,1,RX,0,183,layer_005_wire_001_RX,3,-0.0006004353265762802,8.682733174042421e-05,0.007275926884193821,0.0
random_bp,expectation_value,bcw_12q_random_bp,hea,RX_RY_RZ_CNOT,none,linear,cnot,local,12,8,8,same_entangling_gate_count,5,1,RY,1,184,layer_005_wire_001_RY,3,0.00017630229106135572,1.2548044279618879e-05,0.002572712270365871,0.0
random_bp,expectation_value,bcw_12q_random_bp,hea,RX_RY_RZ_CNOT,none,linear,cnot,local,12,8,8,same_entangling_gate_count,5,1,RZ,2,185,layer_005_wire_001_RZ,3,-0.004364772514511022,0.00012708587624647938,0.010031243738322893,0.0
random_bp,expectation_value,bcw_12q_random_bp,hea,RX_RY_RZ_CNOT,none,linear,cnot,local,12,8,8,same_entangling_gate_count,5,2,RX,0,186,layer_005_wire_002_RX,3,-0.001657716789936324,0.000128961097299564,0.008709772980523613,0.0
random_bp,expectation_value,bcw_12q_random_bp,hea,RX_RY_RZ_CNOT,none,linear,cnot,local,12,8,8,same_entangling_gate_count,5,2,RY,1,187,layer_005_wire_002_RY,3,-0.001658459101977794,7.074627227169784e-05,0.00560430603442042,0.0
random_bp,expectation_value,bcw_12q_random_bp,hea,RX_RY_RZ_CNOT,none,linear,cnot,local,12,8,8,same_entangling_gate_count,5,2,RZ,2,188,layer_005_wire_002_RZ,3,-0.0036493381261559843,0.00010198443312961673,0.008806901506530136,0.0
random_bp,expectation_value,bcw_12q_random_bp,hea,RX_RY_RZ_CNOT,none,linear,cnot,local,12,8,8,same_entangling_gate_count,5,3,RX,0,189,layer_005_wire_003_RX,3,0.009586638262799183,4.0625137592331014e-05,0.009586638262799181,0.0
random_bp,expectation_value,bcw_12q_random_bp,hea,RX_RY_RZ_CNOT,none,linear,cnot,local,12,8,8,same_entangling_gate_count,5,3,RY,1,190,layer_005_wire_003_RY,3,0.0031801597283643655,1.3716064370711044e-05,0.0038981953131609812,0.0
random_bp,expectation_value,bcw_12q_random_bp,hea,RX_RY_RZ_CNOT,none,linear,cnot,local,12,8,8,same_entangling_gate_count,5,3,RZ,2,191,layer_005_wire_003_RZ,3,0.0037289386789904236,6.871142934498854e-05,0.0051378254214121755,0.0
random_bp,expectation_value,bcw_12q_random_bp,hea,RX_RY_RZ_CNOT,none,linear,cnot,local,12,8,8,same_entangling_gate_count,5,4,RX,0,192,layer_005_wire_004_RX,3,0.0011685191216382047,1.204924435095306e-05,0.0028136552484941957,0.0
random_bp,expectation_value,bcw_12q_random_bp,hea,RX_RY_RZ_CNOT,none,linear,cnot,local,12,8,8,same_entangling_gate_count,5,4,RY,1,193,layer_005_wire_004_RY,3,-0.004542088695683521,1.5679633269901646e-05,0.004542088695683521,0.0
random_bp,expectation_value,bcw_12q_random_bp,hea,RX_RY_RZ_CNOT,none,linear,cnot,local,12,8,8,same_entangling_gate_count,5,4,RZ,2,194,layer_005_wire_004_RZ,3,0.0005038035695884638,1.2285896444645442e-05,0.0025300057857208513,0.0
random_bp,expectation_value,bcw_12q_random_bp,hea,RX_RY_RZ_CNOT,none,linear,cnot,local,12,8,8,same_entangling_gate_count,5,5,RX,0,195,layer_005_wire_005_RX,3,0.001312577547668291,1.3437521391110825e-06,0.0013274192187858276,0.0
random_bp,expectation_value,bcw_12q_random_bp,hea,RX_RY_RZ_CNOT,none,linear,cnot,local,12,8,8,same_entangling_gate_count,5,5,RY,1,196,layer_005_wire_005_RY,3,0.0031996120245708247,4.9881675686825654e-06,0.0031996120245708242,0.0
random_bp,expectation_value,bcw_12q_random_bp,hea,RX_RY_RZ_CNOT,none,linear,cnot,local,12,8,8,same_entangling_gate_count,5,5,RZ,2,197,layer_005_wire_005_RZ,3,-0.0003421072213078477,4.074413391322262e-06,0.001439336954150964,0.0
random_bp,expectation_value,bcw_12q_random_bp,hea,RX_RY_RZ_CNOT,none,linear,cnot,local,12,8,8,same_entangling_gate_count,5,6,RX,0,198,layer_005_wire_006_RX,3,-0.0010496707071986932,1.850098542158975e-05,0.0028561359194186563,0.0
random_bp,expectation_value,bcw_12q_random_bp,hea,RX_RY_RZ_CNOT,none,linear,cnot,local,12,8,8,same_entangling_gate_count,5,6,RY,1,199,layer_005_wire_006_RY,3,-0.0006625441222256928,5.834103518876759e-07,0.0006625441222256928,0.0
random_bp,expectation_value,bcw_12q_random_bp,hea,RX_RY_RZ_CNOT,none,linear,cnot,local,12,8,8,same_entangling_gate_count,5,6,RZ,2,200,layer_005_wire_006_RZ,3,-0.004441511212445319,1.5089014544119458e-06,0.0044415112124453196,0.0
random_bp,expectation_value,bcw_12q_random_bp,hea,RX_RY_RZ_CNOT,none,linear,cnot,local,12,8,8,same_entangling_gate_count,5,7,RX,0,201,layer_005_wire_007_RX,3,0.0028687301229158436,2.2803562883741307e-06,0.002868730122915844,0.0
random_bp,expectation_value,bcw_12q_random_bp,hea,RX_RY_RZ_CNOT,none,linear,cnot,local,12,8,8,same_entangling_gate_count,5,7,RY,1,202,layer_005_wire_007_RY,3,-0.0004487268516196999,1.1529417512726165e-05,0.002463926016789748,0.0
random_bp,expectation_value,bcw_12q_random_bp,hea,RX_RY_RZ_CNOT,none,linear,cnot,local,12,8,8,same_entangling_gate_count,5,7,RZ,2,203,layer_005_wire_007_RZ,3,0.0006581389209473537,1.1863397975135023e-05,0.002491503193253722,0.0
random_bp,expectation_value,bcw_12q_random_bp,hea,RX_RY_RZ_CNOT,none,linear,cnot,local,12,8,8,same_entangling_gate_count,5,8,RX,0,204,layer_005_wire_008_RX,3,0.0005316176629648881,8.426038182900098e-06,0.002031414322434822,0.0
random_bp,expectation_value,bcw_12q_random_bp,hea,RX_RY_RZ_CNOT,none,linear,cnot,local,12,8,8,same_entangling_gate_count,5,8,RY,1,205,layer_005_wire_008_RY,3,0.0006416626696754383,1.6217431014815522e-06,0.0009760744449893716,0.0
random_bp,expectation_value,bcw_12q_random_bp,hea,RX_RY_RZ_CNOT,none,linear,cnot,local,12,8,8,same_entangling_gate_count,5,8,RZ,2,206,layer_005_wire_008_RZ,3,0.002414139083141341,1.4103303575483066e-06,0.002414139083141341,0.0
random_bp,expectation_value,bcw_12q_random_bp,hea,RX_RY_RZ_CNOT,none,linear,cnot,local,12,8,8,same_entangling_gate_count,5,9,RX,0,207,layer_005_wire_009_RX,3,-0.0037581394457320786,2.4726607889669886e-06,0.0037581394457320786,0.0
random_bp,expectation_value,bcw_12q_random_bp,hea,RX_RY_RZ_CNOT,none,linear,cnot,local,12,8,8,same_entangling_gate_count,5,9,RY,1,208,layer_005_wire_009_RY,3,-0.0003206155879019999,6.808531365348373e-06,0.001901551047420678,0.0
random_bp,expectation_value,bcw_12q_random_bp,hea,RX_RY_RZ_CNOT,none,linear,cnot,local,12,8,8,same_entangling_gate_count,5,9,RZ,2,209,layer_005_wire_009_RZ,3,0.000729365221575671,1.900736556845512e-06,0.0012975663115017799,0.0
random_bp,expectation_value,bcw_12q_random_bp,hea,RX_RY_RZ_CNOT,none,linear,cnot,local,12,8,8,same_entangling_gate_count,5,10,RX,0,210,layer_005_wire_010_RX,3,-0.0002813886035563956,2.1138789149746615e-06,0.0012130215971156275,0.0
random_bp,expectation_value,bcw_12q_random_bp,hea,RX_RY_RZ_CNOT,none,linear,cnot,local,12,8,8,same_entangling_gate_count,5,10,RY,1,211,layer_005_wire_010_RY,3,0.0003315448373564443,3.1723808702325908e-06,0.0014786954865590666,0.0
random_bp,expectation_value,bcw_12q_random_bp,hea,RX_RY_RZ_CNOT,none,linear,cnot,local,12,8,8,same_entangling_gate_count,5,10,RZ,2,212,layer_005_wire_010_RZ,3,0.00011707303959427933,1.6061138541673951e-06,0.0009330977262451649,0.0
random_bp,expectation_value,bcw_12q_random_bp,hea,RX_RY_RZ_CNOT,none,linear,cnot,local,12,8,8,same_entangling_gate_count,5,11,RX,0,213,layer_005_wire_011_RX,3,-0.0008943743979791192,1.6759402140424015e-06,0.0011359786217781931,0.0
random_bp,expectation_value,bcw_12q_random_bp,hea,RX_RY_RZ_CNOT,none,linear,cnot,local,12,8,8,same_entangling_gate_count,5,11,RY,1,214,layer_005_wire_011_RY,3,-0.0005310632267542893,8.534969597633473e-07,0.0008784756136019463,0.0
random_bp,expectation_value,bcw_12q_random_bp,hea,RX_RY_RZ_CNOT,none,linear,cnot,local,12,8,8,same_entangling_gate_count,5,11,RZ,2,215,layer_005_wire_011_RZ,3,-0.0009447251360217219,2.630927390999477e-06,0.0014233747788056008,0.0
random_bp,expectation_value,bcw_12q_random_bp,hea,RX_RY_RZ_CNOT,none,linear,cnot,local,12,8,8,same_entangling_gate_count,6,0,RX,0,216,layer_006_wire_000_RX,3,-0.0017105986083842703,0.00012772836967435823,0.00812569043391872,0.0
random_bp,expectation_value,bcw_12q_random_bp,hea,RX_RY_RZ_CNOT,none,linear,cnot,local,12,8,8,same_entangling_gate_count,6,0,RY,1,217,layer_006_wire_000_RY,3,0.0006306516789415964,8.620374239366252e-05,0.007357238408611054,0.0
random_bp,expectation_value,bcw_12q_random_bp,hea,RX_RY_RZ_CNOT,none,linear,cnot,local,12,8,8,same_entangling_gate_count,6,0,RZ,2,218,layer_006_wire_000_RZ,3,-0.007929124156238181,0.0002509130447792007,0.014707323434873349,0.0
random_bp,expectation_value,bcw_12q_random_bp,hea,RX_RY_RZ_CNOT,none,linear,cnot,local,12,8,8,same_entangling_gate_count,6,1,RX,0,219,layer_006_wire_001_RX,3,0.00769844213794565,3.4602351287352944e-05,0.00769844213794565,0.0
random_bp,expectation_value,bcw_12q_random_bp,hea,RX_RY_RZ_CNOT,none,linear,cnot,local,12,8,8,same_entangling_gate_count,6,1,RY,1,220,layer_006_wire_001_RY,3,0.013668645330045906,1.4522921615055499e-05,0.013668645330045906,0.0
random_bp,expectation_value,bcw_12q_random_bp,hea,RX_RY_RZ_CNOT,none,linear,cnot,local,12,8,8,same_entangling_gate_count,6,1,RZ,2,221,layer_006_wire_001_RZ,3,0.003494242991882202,0.00010483514156662468,0.008817475361056036,0.0
random_bp,expectation_value,bcw_12q_random_bp,hea,RX_RY_RZ_CNOT,none,linear,cnot,local,12,8,8,same_entangling_gate_count,6,2,RX,0,222,layer_006_wire_002_RX,3,-0.004237520399897977,8.769956335151125e-05,0.006970532045224232,0.0
random_bp,expectation_value,bcw_12q_random_bp,hea,RX_RY_RZ_CNOT,none,linear,cnot,local,12,8,8,same_entangling_gate_count,6,2,RY,1,223,layer_006_wire_002_RY,3,0.003259510904484112,2.3119979692067038e-05,0.0032595109044841115,0.0
random_bp,expectation_value,bcw_12q_random_bp,hea,RX_RY_RZ_CNOT,none,linear,cnot,local,12,8,8,same_entangling_gate_count,6,2,RZ,2,224,layer_006_wire_002_RZ,3,-0.003284155393051266,3.1607959629687655e-05,0.005398381195570283,0.0
random_bp,expectation_value,bcw_12q_random_bp,hea,RX_RY_RZ_CNOT,none,linear,cnot,local,12,8,8,same_entangling_gate_count,6,3,RX,0,225,layer_006_wire_003_RX,3,0.0028019497644496323,1.4421027054589967e-06,0.0028019497644496323,0.0
random_bp,expectation_value,bcw_12q_random_bp,hea,RX_RY_RZ_CNOT,none,linear,cnot,local,12,8,8,same_entangling_gate_count,6,3,RY,1,226,layer_006_wire_003_RY,3,-0.00228192796419097,3.93812226751568e-07,0.00228192796419097,0.0
random_bp,expectation_value,bcw_12q_random_bp,hea,RX_RY_RZ_CNOT,none,linear,cnot,local,12,8,8,same_entangling_gate_count,6,3,RZ,2,227,layer_006_wire_003_RZ,3,-0.000672055754602816,2.5824531636054155e-05,0.0036681760624415988,0.0
random_bp,expectation_value,bcw_12q_random_bp,hea,RX_RY_RZ_CNOT,none,linear,cnot,local,12,8,8,same_entangling_gate_count,6,4,RX,0,228,layer_006_wire_004_RX,3,0.0027852053538976206,3.562412161786844e-06,0.0027852053538976206,0.0
random_bp,expectation_value,bcw_12q_random_bp,hea,RX_RY_RZ_CNOT,none,linear,cnot,local,12,8,8,same_entangling_gate_count,6,4,RY,1,229,layer_006_wire_004_RY,3,0.00264125515985005,2.3786625659960754e-06,0.00264125515985005,0.0
random_bp,expectation_value,bcw_12q_random_bp,hea,RX_RY_RZ_CNOT,none,linear,cnot,local,12,8,8,same_entangling_gate_count,6,4,RZ,2,230,layer_006_wire_004_RZ,3,0.00011210579831354324,3.27115716708005e-05,0.004413508447964486,0.0
random_bp,expectation_value,bcw_12q_random_bp,hea,RX_RY_RZ_CNOT,none,linear,cnot,local,12,8,8,same_entangling_gate_count,6,5,RX,0,231,layer_006_wire_005_RX,3,0.0008140453775850686,1.6607018025983212e-06,0.0011057339785740378,0.0
random_bp,expectation_value,bcw_12q_random_bp,hea,RX_RY_RZ_CNOT,none,linear,cnot,local,12,8,8,same_entangling_gate_count,6,5,RY,1,232,layer_006_wire_005_RY,3,0.002276389216208141,4.3186619615462924e-06,0.002276389216208141,0.0
random_bp,expectation_value,bcw_12q_random_bp,hea,RX_RY_RZ_CNOT,none,linear,cnot,local,12,8,8,same_entangling_gate_count,6,5,RZ,2,233,layer_006_wire_005_RZ,3,7.684117065663939e-05,8.283276413580848e-06,0.0019709501828346,0.0
random_bp,expectation_value,bcw_12q_random_bp,hea,RX_RY_RZ_CNOT,none,linear,cnot,local,12,8,8,same_entangling_gate_count,6,6,RX,0,234,layer_006_wire_006_RX,3,-0.00012339855891941958,2.032852972908286e-06,0.0009774792998539644,0.0
random_bp,expectation_value,bcw_12q_random_bp,hea,RX_RY_RZ_CNOT,none,linear,cnot,local,12,8,8,same_entangling_gate_count,6,6,RY,1,235,layer_006_wire_006_RY,3,0.003432096279971361,8.912502644027341e-06,0.003432096279971361,0.0
random_bp,expectation_value,bcw_12q_random_bp,hea,RX_RY_RZ_CNOT,none,linear,cnot,local,12,8,8,same_entangling_gate_count,6,6,RZ,2,236,layer_006_wire_006_RZ,3,8.587253821345565e-05,5.471070011738886e-06,0.001769115740300503,0.0
random_bp,expectation_value,bcw_12q_random_bp,hea,RX_RY_RZ_CNOT,none,linear,cnot,local,12,8,8,same_entangling_gate_count,6,7,RX,0,237,layer_006_wire_007_RX,3,-0.000618016313696927,8.95317956920348e-06,0.002344754471076386,0.0
random_bp,expectation_value,bcw_12q_random_bp,hea,RX_RY_RZ_CNOT,none,linear,cnot,local,12,8,8,same_entangling_gate_count,6,7,RY,1,238,layer_006_wire_007_RY,3,0.0012394587523188066,7.624712951152356e-06,0.0018751089840335561,0.0
random_bp,expectation_value,bcw_12q_random_bp,hea,RX_RY_RZ_CNOT,none,linear,cnot,local,12,8,8,same_entangling_gate_count,6,7,RZ,2,239,layer_006_wire_007_RZ,3,0.00011038817811874675,2.140791312070999e-06,0.0011269189713622645,0.0
random_bp,expectation_value,bcw_12q_random_bp,hea,RX_RY_RZ_CNOT,none,linear,cnot,local,12,8,8,same_entangling_gate_count,6,8,RX,0,240,layer_006_wire_008_RX,3,0.00021018487645857003,1.3298641879869183e-06,0.0008029361576677294,0.0
random_bp,expectation_value,bcw_12q_random_bp,hea,RX_RY_RZ_CNOT,none,linear,cnot,local,12,8,8,same_entangling_gate_count,6,8,RY,1,241,layer_006_wire_008_RY,3,0.00020657256158891591,7.27830399412639e-06,0.0021273606396752776,0.0
random_bp,expectation_value,bcw_12q_random_bp,hea,RX_RY_RZ_CNOT,none,linear,cnot,local,12,8,8,same_entangling_gate_count,6,8,RZ,2,242,layer_006_wire_008_RZ,3,0.0008198941067437211,1.3169233414787692e-06,0.0011559206629186381,0.0
random_bp,expectation_value,bcw_12q_random_bp,hea,RX_RY_RZ_CNOT,none,linear,cnot,local,12,8,8,same_entangling_gate_count,6,9,RX,0,243,layer_006_wire_009_RX,3,-0.0006023738035796169,6.026095891223573e-07,0.0007840685445696692,0.0
random_bp,expectation_value,bcw_12q_random_bp,hea,RX_RY_RZ_CNOT,none,linear,cnot,local,12,8,8,same_entangling_gate_count,6,9,RY,1,244,layer_006_wire_009_RY,3,0.00029415655385569097,5.479375523470183e-07,0.0004715746207914529,0.0
random_bp,expectation_value,bcw_12q_random_bp,hea,RX_RY_RZ_CNOT,none,linear,cnot,local,12,8,8,same_entangling_gate_count,6,9,RZ,2,245,layer_006_wire_009_RZ,3,-0.0008126057899854712,3.859660453470792e-07,0.0008126057899854712,0.0
random_bp,expectation_value,bcw_12q_random_bp,hea,RX_RY_RZ_CNOT,none,linear,cnot,local,12,8,8,same_entangling_gate_count,6,10,RX,0,246,layer_006_wire_010_RX,3,-0.0009851357453593062,3.299602449051461e-06,0.0013839677671704754,0.0
random_bp,expectation_value,bcw_12q_random_bp,hea,RX_RY_RZ_CNOT,none,linear,cnot,local,12,8,8,same_entangling_gate_count,6,10,RY,1,247,layer_006_wire_010_RY,3,0.0002778752565815741,3.054392185500125e-07,0.0005041936226631181,0.0
random_bp,expectation_value,bcw_12q_random_bp,hea,RX_RY_RZ_CNOT,none,linear,cnot,local,12,8,8,same_entangling_gate_count,6,10,RZ,2,248,layer_006_wire_010_RZ,3,-3.074383256766882e-05,2.550053092338002e-07,0.0003395721301867768,0.0
random_bp,expectation_value,bcw_12q_random_bp,hea,RX_RY_RZ_CNOT,none,linear,cnot,local,12,8,8,same_entangling_gate_count,6,11,RX,0,249,layer_006_wire_011_RX,3,-0.0012973264950766011,2.1500627382401195e-06,0.0012973264950766011,0.0
random_bp,expectation_value,bcw_12q_random_bp,hea,RX_RY_RZ_CNOT,none,linear,cnot,local,12,8,8,same_entangling_gate_count,6,11,RY,1,250,layer_006_wire_011_RY,3,0.0005611122167484843,2.5354730391977656e-07,0.0005611122167484843,0.0
random_bp,expectation_value,bcw_12q_random_bp,hea,RX_RY_RZ_CNOT,none,linear,cnot,local,12,8,8,same_entangling_gate_count,6,11,RZ,2,251,layer_006_wire_011_RZ,3,-0.0007723247847633695,3.682129071225569e-06,0.0013381284126400732,0.0
random_bp,expectation_value,bcw_12q_random_bp,hea,RX_RY_RZ_CNOT,none,linear,cnot,local,12,8,8,same_entangling_gate_count,7,0,RX,0,252,layer_007_wire_000_RX,3,-0.008446312881978132,2.4909831820061536e-05,0.008446312881978132,0.0
random_bp,expectation_value,bcw_12q_random_bp,hea,RX_RY_RZ_CNOT,none,linear,cnot,local,12,8,8,same_entangling_gate_count,7,0,RY,1,253,layer_007_wire_000_RY,3,-8.286850211213902e-05,0.00013107801565246643,0.008612015136016215,0.0
random_bp,expectation_value,bcw_12q_random_bp,hea,RX_RY_RZ_CNOT,none,linear,cnot,local,12,8,8,same_entangling_gate_count,7,0,RZ,2,254,layer_007_wire_000_RZ,3,-1.9396132575256172e-18,1.5021171077258837e-34,8.660539044785045e-18,1.0
random_bp,expectation_value,bcw_12q_random_bp,hea,RX_RY_RZ_CNOT,none,linear,cnot,local,12,8,8,same_entangling_gate_count,7,1,RX,0,255,layer_007_wire_001_RX,3,-0.000337057054810584,3.2606308826948806e-06,0.0013705913704972884,0.0
random_bp,expectation_value,bcw_12q_random_bp,hea,RX_RY_RZ_CNOT,none,linear,cnot,local,12,8,8,same_entangling_gate_count,7,1,RY,1,256,layer_007_wire_001_RY,3,-0.014740515631492665,5.278294399097459e-05,0.014740515631492665,0.0
random_bp,expectation_value,bcw_12q_random_bp,hea,RX_RY_RZ_CNOT,none,linear,cnot,local,12,8,8,same_entangling_gate_count,7,1,RZ,2,257,layer_007_wire_001_RZ,3,1.408344198844934e-17,2.6552264080414406e-34,1.710154453341316e-17,1.0
random_bp,expectation_value,bcw_12q_random_bp,hea,RX_RY_RZ_CNOT,none,linear,cnot,local,12,8,8,same_entangling_gate_count,7,2,RX,0,258,layer_007_wire_002_RX,3,0.0008903382586650621,9.289912855383153e-07,0.0009281899960610116,0.0
random_bp,expectation_value,bcw_12q_random_bp,hea,RX_RY_RZ_CNOT,none,linear,cnot,local,12,8,8,same_entangling_gate_count,7,2,RY,1,259,layer_007_wire_002_RY,3,0.0021980444831550283,2.2223521620702555e-06,0.0021980444831550283,0.0
random_bp,expectation_value,bcw_12q_random_bp,hea,RX_RY_RZ_CNOT,none,linear,cnot,local,12,8,8,same_entangling_gate_count,7,2,RZ,2,260,layer_007_wire_002_RZ,3,-1.064679245845365e-17,8.670956955051924e-35,1.064679245845365e-17,1.0
random_bp,expectation_value,bcw_12q_random_bp,hea,RX_RY_RZ_CNOT,none,linear,cnot,local,12,8,8,same_entangling_gate_count,7,3,RX,0,261,layer_007_wire_003_RX,3,-0.002070578242962435,4.34017039950906e-06,0.0022613962260531395,0.0
random_bp,expectation_value,bcw_12q_random_bp,hea,RX_RY_RZ_CNOT,none,linear,cnot,local,12,8,8,same_entangling_gate_count,7,3,RY,1,262,layer_007_wire_003_RY,3,-0.005518016735628818,7.570444963429982e-06,0.005518016735628818,0.0
random_bp,expectation_value,bcw_12q_random_bp,hea,RX_RY_RZ_CNOT,none,linear,cnot,local,12,8,8,same_entangling_gate_count,7,3,RZ,2,263,layer_007_wire_003_RZ,3,-1.5915404338298953e-18,7.71506185273716e-35,6.059435977198503e-18,1.0
random_bp,expectation_value,bcw_12q_random_bp,hea,RX_RY_RZ_CNOT,none,linear,cnot,local,12,8,8,same_entangling_gate_count,7,4,RX,0,264,layer_007_wire_004_RX,3,0.002023468236533413,1.2107730714420876e-05,0.0032054986844866806,0.0
random_bp,expectation_value,bcw_12q_random_bp,hea,RX_RY_RZ_CNOT,none,linear,cnot,local,12,8,8,same_entangling_gate_count,7,4,RY,1,265,layer_007_wire_004_RY,3,-0.0024570704783102694,1.015591188384181e-05,0.0031614639563521275,0.0
random_bp,expectation_value,bcw_12q_random_bp,hea,RX_RY_RZ_CNOT,none,linear,cnot,local,12,8,8,same_entangling_gate_count,7,4,RZ,2,266,layer_007_wire_004_RZ,3,1.637281488615139e-18,5.319010536133955e-36,2.29172119003193e-18,1.0
random_bp,expectation_value,bcw_12q_random_bp,hea,RX_RY_RZ_CNOT,none,linear,cnot,local,12,8,8,same_entangling_gate_count,7,5,RX,0,267,layer_007_wire_005_RX,3,0.0017193964318325341,1.1735259539204681e-05,0.002107259244274224,0.0
random_bp,expectation_value,bcw_12q_random_bp,hea,RX_RY_RZ_CNOT,none,linear,cnot,local,12,8,8,same_entangling_gate_count,7,5,RY,1,268,layer_007_wire_005_RY,3,-0.0009316145322751558,1.8878521247324337e-05,0.003000732989351728,0.0
random_bp,expectation_value,bcw_12q_random_bp,hea,RX_RY_RZ_CNOT,none,linear,cnot,local,12,8,8,same_entangling_gate_count,7,5,RZ,2,269,layer_007_wire_005_RZ,3,-1.582656673542794e-18,6.873313399315472e-36,2.4977925981821407e-18,1.0
random_bp,expectation_value,bcw_12q_random_bp,hea,RX_RY_RZ_CNOT,none,linear,cnot,local,12,8,8,same_entangling_gate_count,7,6,RX,0,270,layer_007_wire_006_RX,3,0.00020629039604641043,3.881500023682545e-06,0.0014019061007768995,0.0
random_bp,expectation_value,bcw_12q_random_bp,hea,RX_RY_RZ_CNOT,none,linear,cnot,local,12,8,8,same_entangling_gate_count,7,6,RY,1,271,layer_007_wire_006_RY,3,0.0022643375931749804,1.0853184159186174e-05,0.00284003352884271,0.0
random_bp,expectation_value,bcw_12q_random_bp,hea,RX_RY_RZ_CNOT,none,linear,cnot,local,12,8,8,same_entangling_gate_count,7,6,RZ,2,272,layer_007_wire_006_RZ,3,3.992867466530902e-18,2.7027164192121514e-35,4.887369909654102e-18,1.0
random_bp,expectation_value,bcw_12q_random_bp,hea,RX_RY_RZ_CNOT,none,linear,cnot,local,12,8,8,same_entangling_gate_count,7,7,RX,0,273,layer_007_wire_007_RX,3,-0.0016161193976886247,3.2339397668333247e-06,0.0018546436636107477,0.0
random_bp,expectation_value,bcw_12q_random_bp,hea,RX_RY_RZ_CNOT,none,linear,cnot,local,12,8,8,same_entangling_gate_count,7,7,RY,1,274,layer_007_wire_007_RY,3,-0.0016139511571772788,5.3205368391594764e-06,0.001898661239090203,0.0
random_bp,expectation_value,bcw_12q_random_bp,hea,RX_RY_RZ_CNOT,none,linear,cnot,local,12,8,8,same_entangling_gate_count,7,7,RZ,2,275,layer_007_wire_007_RZ,3,-4.099375387467126e-19,2.3560326892195983e-36,1.0208432894108615e-18,1.0
random_bp,expectation_value,bcw_12q_random_bp,hea,RX_RY_RZ_CNOT,none,linear,cnot,local,12,8,8,same_entangling_gate_count,7,8,RX,0,276,layer_007_wire_008_RX,3,0.0006648052185604217,2.269301738649749e-06,0.0011193049041151668,0.0
random_bp,expectation_value,bcw_12q_random_bp,hea,RX_RY_RZ_CNOT,none,linear,cnot,local,12,8,8,same_entangling_gate_count,7,8,RY,1,277,layer_007_wire_008_RY,3,-0.0025055840193009874,1.7548092075643522e-06,0.0025055840193009874,0.0
random_bp,expectation_value,bcw_12q_random_bp,hea,RX_RY_RZ_CNOT,none,linear,cnot,local,12,8,8,same_entangling_gate_count,7,8,RZ,2,278,layer_007_wire_008_RZ,3,-3.2103641425106416e-18,3.2897235908760527e-35,3.4075935007026863e-18,1.0
random_bp,expectation_value,bcw_12q_random_bp,hea,RX_RY_RZ_CNOT,none,linear,cnot,local,12,8,8,same_entangling_gate_count,7,9,RX,0,279,layer_007_wire_009_RX,3,0.0020307609940165027,2.945062547337794e-06,0.0020307609940165027,0.0
random_bp,expectation_value,bcw_12q_random_bp,hea,RX_RY_RZ_CNOT,none,linear,cnot,local,12,8,8,same_entangling_gate_count,7,9,RY,1,280,layer_007_wire_009_RY,3,0.00015285970512670906,9.183615701166556e-06,0.0022818836627737436,0.0
random_bp,expectation_value,bcw_12q_random_bp,hea,RX_RY_RZ_CNOT,none,linear,cnot,local,12,8,8,same_entangling_gate_count,7,9,RZ,2,281,layer_007_wire_009_RZ,3,1.9222106136164e-18,5.467369012923582e-36,2.0990498439134772e-18,1.0
random_bp,expectation_value,bcw_12q_random_bp,hea,RX_RY_RZ_CNOT,none,linear,cnot,local,12,8,8,same_entangling_gate_count,7,10,RX,0,282,layer_007_wire_010_RX,3,0.0006866875127708358,3.2562554147135574e-06,0.0013841930873575027,0.0
random_bp,expectation_value,bcw_12q_random_bp,hea,RX_RY_RZ_CNOT,none,linear,cnot,local,12,8,8,same_entangling_gate_count,7,10,RY,1,283,layer_007_wire_010_RY,3,0.0006702868729238549,5.677666696076697e-06,0.0019149333357461346,0.0
random_bp,expectation_value,bcw_12q_random_bp,hea,RX_RY_RZ_CNOT,none,linear,cnot,local,12,8,8,same_entangling_gate_count,7,10,RZ,2,284,layer_007_wire_010_RZ,3,2.408659805078188e-18,1.4609100846353729e-35,3.4680381796711033e-18,1.0
random_bp,expectation_value,bcw_12q_random_bp,hea,RX_RY_RZ_CNOT,none,linear,cnot,local,12,8,8,same_entangling_gate_count,7,11,RX,0,285,layer_007_wire_011_RX,3,0.0004675706741565798,8.848809724180959e-08,0.00046757067415657973,0.0
random_bp,expectation_value,bcw_12q_random_bp,hea,RX_RY_RZ_CNOT,none,linear,cnot,local,12,8,8,same_entangling_gate_count,7,11,RY,1,286,layer_007_wire_011_RY,3,0.00016534089390368226,4.345814155760258e-07,0.0004338444656790338,0.0
random_bp,expectation_value,bcw_12q_random_bp,hea,RX_RY_RZ_CNOT,none,linear,cnot,local,12,8,8,same_entangling_gate_count,7,11,RZ,2,287,layer_007_wire_011_RZ,3,-8.85041495495583e-18,3.796661973553183e-34,1.6109124861733217e-17,1.0
random_bp,expectation_value,bcw_12q_random_bp,hea,RX_RY_RZ_CNOT,none,circular,cnot,local,12,8,7,same_entangling_gate_count,0,0,RX,0,0,layer_000_wire_000_RX,3,0.001993655412565671,5.671501627695142e-07,0.001993655412565671,0.0
random_bp,expectation_value,bcw_12q_random_bp,hea,RX_RY_RZ_CNOT,none,circular,cnot,local,12,8,7,same_entangling_gate_count,0,0,RY,1,1,layer_000_wire_000_RY,3,-0.0016840876188276804,1.7593604966602797e-06,0.0016840876188276802,0.0
random_bp,expectation_value,bcw_12q_random_bp,hea,RX_RY_RZ_CNOT,none,circular,cnot,local,12,8,7,same_entangling_gate_count,0,0,RZ,2,2,layer_000_wire_000_RZ,3,0.0016664313918605925,2.6291954458939692e-06,0.001770793609136917,0.0
random_bp,expectation_value,bcw_12q_random_bp,hea,RX_RY_RZ_CNOT,none,circular,cnot,local,12,8,7,same_entangling_gate_count,0,1,RX,0,3,layer_000_wire_001_RX,3,-0.0009057636505900909,5.0870136400678e-06,0.0014316121775543704,0.0
random_bp,expectation_value,bcw_12q_random_bp,hea,RX_RY_RZ_CNOT,none,circular,cnot,local,12,8,7,same_entangling_gate_count,0,1,RY,1,4,layer_000_wire_001_RY,3,0.0006901391077320143,1.4352946373258895e-05,0.0026833247633023835,0.0
random_bp,expectation_value,bcw_12q_random_bp,hea,RX_RY_RZ_CNOT,none,circular,cnot,local,12,8,7,same_entangling_gate_count,0,1,RZ,2,5,layer_000_wire_001_RZ,3,0.0017425015594201474,6.8862187939239945e-06,0.0018719923248225404,0.0
random_bp,expectation_value,bcw_12q_random_bp,hea,RX_RY_RZ_CNOT,none,circular,cnot,local,12,8,7,same_entangling_gate_count,0,2,RX,0,6,layer_000_wire_002_RX,3,-0.0010576263403554056,1.1374303391899309e-05,0.0027066639207454727,0.0
random_bp,expectation_value,bcw_12q_random_bp,hea,RX_RY_RZ_CNOT,none,circular,cnot,local,12,8,7,same_entangling_gate_count,0,2,RY,1,7,layer_000_wire_002_RY,3,0.0001407504710898836,1.0275252014210505e-06,0.0008265606069458015,0.0
random_bp,expectation_value,bcw_12q_random_bp,hea,RX_RY_RZ_CNOT,none,circular,cnot,local,12,8,7,same_entangling_gate_count,0,2,RZ,2,8,layer_000_wire_002_RZ,3,-0.0011486364803061464,3.223513296544496e-06,0.0017559432033141514,0.0
random_bp,expectation_value,bcw_12q_random_bp,hea,RX_RY_RZ_CNOT,none,circular,cnot,local,12,8,7,same_entangling_gate_count,0,3,RX,0,9,layer_000_wire_003_RX,3,0.0017315863591875389,5.973963960900483e-06,0.0019093895692865867,0.0
random_bp,expectation_value,bcw_12q_random_bp,hea,RX_RY_RZ_CNOT,none,circular,cnot,local,12,8,7,same_entangling_gate_count,0,3,RY,1,10,layer_000_wire_003_RY,3,-0.0006144921199186415,3.3448799528812307e-06,0.0011809730296804455,0.0
random_bp,expectation_value,bcw_12q_random_bp,hea,RX_RY_RZ_CNOT,none,circular,cnot,local,12,8,7,same_entangling_gate_count,0,3,RZ,2,11,layer_000_wire_003_RZ,3,-0.001304381950868848,5.319090489838291e-06,0.0014890733831219203,0.0
random_bp,expectation_value,bcw_12q_random_bp,hea,RX_RY_RZ_CNOT,none,circular,cnot,local,12,8,7,same_entangling_gate_count,0,4,RX,0,12,layer_000_wire_004_RX,3,0.003647979819311158,2.200541303917611e-05,0.003647979819311158,0.0
random_bp,expectation_value,bcw_12q_random_bp,hea,RX_RY_RZ_CNOT,none,circular,cnot,local,12,8,7,same_entangling_gate_count,0,4,RY,1,13,layer_000_wire_004_RY,3,0.0009067293907344013,2.0935478691183581e-07,0.0009067293907344013,0.0
random_bp,expectation_value,bcw_12q_random_bp,hea,RX_RY_RZ_CNOT,none,circular,cnot,local,12,8,7,same_entangling_gate_count,0,4,RZ,2,14,layer_000_wire_004_RZ,3,0.0005558350348464754,6.890232309737672e-06,0.0018011571138412212,0.0
random_bp,expectation_value,bcw_12q_random_bp,hea,RX_RY_RZ_CNOT,none,circular,cnot,local,12,8,7,same_entangling_gate_count,0,5,RX,0,15,layer_000_wire_005_RX,3,0.00013240932268446942,1.014680335497898e-05,0.0023331720507232096,0.0
random_bp,expectation_value,bcw_12q_random_bp,hea,RX_RY_RZ_CNOT,none,circular,cnot,local,12,8,7,same_entangling_gate_count,0,5,RY,1,16,layer_000_wire_005_RY,3,0.0005158646906528342,4.971425813532914e-07,0.0006244176108888255,0.0
random_bp,expectation_value,bcw_12q_random_bp,hea,RX_RY_RZ_CNOT,none,circular,cnot,local,12,8,7,same_entangling_gate_count,0,5,RZ,2,17,layer_000_wire_005_RZ,3,0.0012452044434869015,2.426820687573135e-06,0.0012452044434869015,0.0
random_bp,expectation_value,bcw_12q_random_bp,hea,RX_RY_RZ_CNOT,none,circular,cnot,local,12,8,7,same_entangling_gate_count,0,6,RX,0,18,layer_000_wire_006_RX,3,-0.001324951132650611,4.490800193930297e-06,0.0020725570976898246,0.0
random_bp,expectation_value,bcw_12q_random_bp,hea,RX_RY_RZ_CNOT,none,circular,cnot,local,12,8,7,same_entangling_gate_count,0,6,RY,1,19,layer_000_wire_006_RY,3,0.0008747240938564581,8.564742977142272e-07,0.000874724093856458,0.0
random_bp,expectation_value,bcw_12q_random_bp,hea,RX_RY_RZ_CNOT,none,circular,cnot,local,12,8,7,same_entangling_gate_count,0,6,RZ,2,20,layer_000_wire_006_RZ,3,-0.0006988470510734525,2.874462336405457e-06,0.0015378311855961536,0.0
random_bp,expectation_value,bcw_12q_random_bp,hea,RX_RY_RZ_CNOT,none,circular,cnot,local,12,8,7,same_entangling_gate_count,0,7,RX,0,21,layer_000_wire_007_RX,3,0.0005111541576453508,6.523410852327795e-06,0.0019041378867640294,0.0
random_bp,expectation_value,bcw_12q_random_bp,hea,RX_RY_RZ_CNOT,none,circular,cnot,local,12,8,7,same_entangling_gate_count,0,7,RY,1,22,layer_000_wire_007_RY,3,0.0015405687792291935,2.83589110741477e-06,0.0015405687792291933,0.0
random_bp,expectation_value,bcw_12q_random_bp,hea,RX_RY_RZ_CNOT,none,circular,cnot,local,12,8,7,same_entangling_gate_count,0,7,RZ,2,23,layer_000_wire_007_RZ,3,-0.0014015727676214952,1.5296120029687228e-06,0.0014015727676214952,0.0
random_bp,expectation_value,bcw_12q_random_bp,hea,RX_RY_RZ_CNOT,none,circular,cnot,local,12,8,7,same_entangling_gate_count,0,8,RX,0,24,layer_000_wire_008_RX,3,0.0015600000617962775,1.0318527212466184e-05,0.0020985056446698722,0.0
random_bp,expectation_value,bcw_12q_random_bp,hea,RX_RY_RZ_CNOT,none,circular,cnot,local,12,8,7,same_entangling_gate_count,0,8,RY,1,25,layer_000_wire_008_RY,3,0.001377130854681476,4.7397524332794224e-05,0.004820632216153089,0.0
random_bp,expectation_value,bcw_12q_random_bp,hea,RX_RY_RZ_CNOT,none,circular,cnot,local,12,8,7,same_entangling_gate_count,0,8,RZ,2,26,layer_000_wire_008_RZ,3,0.0004891578023328679,2.5797887336615684e-05,0.00378983299411247,0.0
random_bp,expectation_value,bcw_12q_random_bp,hea,RX_RY_RZ_CNOT,none,circular,cnot,local,12,8,7,same_entangling_gate_count,0,9,RX,0,27,layer_000_wire_009_RX,3,-0.0008465110905571968,5.733075629538436e-07,0.0008514055234125731,0.0
random_bp,expectation_value,bcw_12q_random_bp,hea,RX_RY_RZ_CNOT,none,circular,cnot,local,12,8,7,same_entangling_gate_count,0,9,RY,1,28,layer_000_wire_009_RY,3,-0.0014351058507760532,3.839070376876203e-06,0.001959840943713601,0.0
random_bp,expectation_value,bcw_12q_random_bp,hea,RX_RY_RZ_CNOT,none,circular,cnot,local,12,8,7,same_entangling_gate_count,0,9,RZ,2,29,layer_000_wire_009_RZ,3,0.0028482311633838105,8.326566881489893e-06,0.002848231163383811,0.0
random_bp,expectation_value,bcw_12q_random_bp,hea,RX_RY_RZ_CNOT,none,circular,cnot,local,12,8,7,same_entangling_gate_count,0,10,RX,0,30,layer_000_wire_010_RX,3,0.00232198420416546,2.632962391753568e-07,0.00232198420416546,0.0
random_bp,expectation_value,bcw_12q_random_bp,hea,RX_RY_RZ_CNOT,none,circular,cnot,local,12,8,7,same_entangling_gate_count,0,10,RY,1,31,layer_000_wire_010_RY,3,-0.0012760335654110964,3.7090673124578485e-08,0.0012760335654110964,0.0
random_bp,expectation_value,bcw_12q_random_bp,hea,RX_RY_RZ_CNOT,none,circular,cnot,local,12,8,7,same_entangling_gate_count,0,10,RZ,2,32,layer_000_wire_010_RZ,3,0.0005580162838231303,1.5874604310485932e-06,0.0011527656353618636,0.0
random_bp,expectation_value,bcw_12q_random_bp,hea,RX_RY_RZ_CNOT,none,circular,cnot,local,12,8,7,same_entangling_gate_count,0,11,RX,0,33,layer_000_wire_011_RX,3,0.001914912940893423,4.143038795786666e-06,0.0019149129408934232,0.0
random_bp,expectation_value,bcw_12q_random_bp,hea,RX_RY_RZ_CNOT,none,circular,cnot,local,12,8,7,same_entangling_gate_count,0,11,RY,1,34,layer_000_wire_011_RY,3,0.0002522414251326572,8.892893594706986e-07,0.0008097552731907242,0.0
random_bp,expectation_value,bcw_12q_random_bp,hea,RX_RY_RZ_CNOT,none,circular,cnot,local,12,8,7,same_entangling_gate_count,0,11,RZ,2,35,layer_000_wire_011_RZ,3,-0.0001924138201500903,1.3947552820977613e-05,0.002548378969456392,0.0
random_bp,expectation_value,bcw_12q_random_bp,hea,RX_RY_RZ_CNOT,none,circular,cnot,local,12,8,7,same_entangling_gate_count,1,0,RX,0,36,layer_001_wire_000_RX,3,-0.0018340203383287082,8.452819679713918e-06,0.0027907461282325676,0.0
random_bp,expectation_value,bcw_12q_random_bp,hea,RX_RY_RZ_CNOT,none,circular,cnot,local,12,8,7,same_entangling_gate_count,1,0,RY,1,37,layer_001_wire_000_RY,3,0.0030481686122043957,1.4626745885963516e-06,0.0030481686122043957,0.0
random_bp,expectation_value,bcw_12q_random_bp,hea,RX_RY_RZ_CNOT,none,circular,cnot,local,12,8,7,same_entangling_gate_count,1,0,RZ,2,38,layer_001_wire_000_RZ,3,-0.00010901734535371729,1.1925494482084114e-06,0.0008201341826672759,0.0
random_bp,expectation_value,bcw_12q_random_bp,hea,RX_RY_RZ_CNOT,none,circular,cnot,local,12,8,7,same_entangling_gate_count,1,1,RX,0,39,layer_001_wire_001_RX,3,-0.0019934823612684604,6.678264054368724e-06,0.002640477688882167,0.0
random_bp,expectation_value,bcw_12q_random_bp,hea,RX_RY_RZ_CNOT,none,circular,cnot,local,12,8,7,same_entangling_gate_count,1,1,RY,1,40,layer_001_wire_001_RY,3,-0.00443236224412447,7.113363202723683e-06,0.00443236224412447,0.0
random_bp,expectation_value,bcw_12q_random_bp,hea,RX_RY_RZ_CNOT,none,circular,cnot,local,12,8,7,same_entangling_gate_count,1,1,RZ,2,41,layer_001_wire_001_RZ,3,0.00158793316744224,4.689599043034396e-06,0.0020493002221924905,0.0
random_bp,expectation_value,bcw_12q_random_bp,hea,RX_RY_RZ_CNOT,none,circular,cnot,local,12,8,7,same_entangling_gate_count,1,2,RX,0,42,layer_001_wire_002_RX,3,0.001213358653753833,1.8051143755591828e-06,0.001265597466617168,0.0
random_bp,expectation_value,bcw_12q_random_bp,hea,RX_RY_RZ_CNOT,none,circular,cnot,local,12,8,7,same_entangling_gate_count,1,2,RY,1,43,layer_001_wire_002_RY,3,0.0007076498952813518,2.5160202044844475e-06,0.0009765185297783238,0.0
random_bp,expectation_value,bcw_12q_random_bp,hea,RX_RY_RZ_CNOT,none,circular,cnot,local,12,8,7,same_entangling_gate_count,1,2,RZ,2,44,layer_001_wire_002_RZ,3,0.0006882940712107182,1.718281608348404e-05,0.003055232555574583,0.0
random_bp,expectation_value,bcw_12q_random_bp,hea,RX_RY_RZ_CNOT,none,circular,cnot,local,12,8,7,same_entangling_gate_count,1,3,RX,0,45,layer_001_wire_003_RX,3,-0.0002446167188459138,2.3165288524030727e-07,0.00033311278523315003,0.0
random_bp,expectation_value,bcw_12q_random_bp,hea,RX_RY_RZ_CNOT,none,circular,cnot,local,12,8,7,same_entangling_gate_count,1,3,RY,1,46,layer_001_wire_003_RY,3,-0.0008748737492283836,1.2197369106967222e-05,0.00238018855506076,0.0
random_bp,expectation_value,bcw_12q_random_bp,hea,RX_RY_RZ_CNOT,none,circular,cnot,local,12,8,7,same_entangling_gate_count,1,3,RZ,2,47,layer_001_wire_003_RZ,3,-0.0008569851287387042,8.799810919458924e-07,0.0008887940345842477,0.0
random_bp,expectation_value,bcw_12q_random_bp,hea,RX_RY_RZ_CNOT,none,circular,cnot,local,12,8,7,same_entangling_gate_count,1,4,RX,0,48,layer_001_wire_004_RX,3,0.000397889994342959,2.0426163716958443e-06,0.00112254354656955,0.0
random_bp,expectation_value,bcw_12q_random_bp,hea,RX_RY_RZ_CNOT,none,circular,cnot,local,12,8,7,same_entangling_gate_count,1,4,RY,1,49,layer_001_wire_004_RY,3,-0.001393892782865728,8.64792967243433e-06,0.0021139303879641864,0.0
random_bp,expectation_value,bcw_12q_random_bp,hea,RX_RY_RZ_CNOT,none,circular,cnot,local,12,8,7,same_entangling_gate_count,1,4,RZ,2,50,layer_001_wire_004_RZ,3,-0.000684157361424367,3.3660602479931514e-06,0.0015237306828773049,0.0
random_bp,expectation_value,bcw_12q_random_bp,hea,RX_RY_RZ_CNOT,none,circular,cnot,local,12,8,7,same_entangling_gate_count,1,5,RX,0,51,layer_001_wire_005_RX,3,0.0025529301014428555,1.7985510578615014e-06,0.0025529301014428555,0.0
random_bp,expectation_value,bcw_12q_random_bp,hea,RX_RY_RZ_CNOT,none,circular,cnot,local,12,8,7,same_entangling_gate_count,1,5,RY,1,52,layer_001_wire_005_RY,3,-0.004000396817869132,2.4316706966792475e-06,0.0040003968178691325,0.0
random_bp,expectation_value,bcw_12q_random_bp,hea,RX_RY_RZ_CNOT,none,circular,cnot,local,12,8,7,same_entangling_gate_count,1,5,RZ,2,53,layer_001_wire_005_RZ,3,0.0017768490763528544,2.9366903220708255e-06,0.0017768490763528549,0.0
random_bp,expectation_value,bcw_12q_random_bp,hea,RX_RY_RZ_CNOT,none,circular,cnot,local,12,8,7,same_entangling_gate_count,1,6,RX,0,54,layer_001_wire_006_RX,3,-0.0004476968264241581,3.3742846981867604e-06,0.0015179494403734846,0.0
random_bp,expectation_value,bcw_12q_random_bp,hea,RX_RY_RZ_CNOT,none,circular,cnot,local,12,8,7,same_entangling_gate_count,1,6,RY,1,55,layer_001_wire_006_RY,3,0.0004093988498408858,1.7703839039215208e-06,0.0008858536917078606,0.0
random_bp,expectation_value,bcw_12q_random_bp,hea,RX_RY_RZ_CNOT,none,circular,cnot,local,12,8,7,same_entangling_gate_count,1,6,RZ,2,56,layer_001_wire_006_RZ,3,-0.0018239343536001619,2.191111131986466e-05,0.003315042544093301,0.0
random_bp,expectation_value,bcw_12q_random_bp,hea,RX_RY_RZ_CNOT,none,circular,cnot,local,12,8,7,same_entangling_gate_count,1,7,RX,0,57,layer_001_wire_007_RX,3,-0.0035860748292821957,3.031105857106627e-06,0.0035860748292821953,0.0
random_bp,expectation_value,bcw_12q_random_bp,hea,RX_RY_RZ_CNOT,none,circular,cnot,local,12,8,7,same_entangling_gate_count,1,7,RY,1,58,layer_001_wire_007_RY,3,0.00023223204628157088,3.1632585589481633e-06,0.0012505758124790713,0.0
random_bp,expectation_value,bcw_12q_random_bp,hea,RX_RY_RZ_CNOT,none,circular,cnot,local,12,8,7,same_entangling_gate_count,1,7,RZ,2,59,layer_001_wire_007_RZ,3,-0.00032994899183113864,1.97845247830859e-05,0.0032029570242772328,0.0
random_bp,expectation_value,bcw_12q_random_bp,hea,RX_RY_RZ_CNOT,none,circular,cnot,local,12,8,7,same_entangling_gate_count,1,8,RX,0,60,layer_001_wire_008_RX,3,0.00041665112285305074,2.534765527770278e-05,0.003934405429854034,0.0
random_bp,expectation_value,bcw_12q_random_bp,hea,RX_RY_RZ_CNOT,none,circular,cnot,local,12,8,7,same_entangling_gate_count,1,8,RY,1,61,layer_001_wire_008_RY,3,0.0012986530671919945,8.55628319874693e-06,0.002046878306605991,0.0
random_bp,expectation_value,bcw_12q_random_bp,hea,RX_RY_RZ_CNOT,none,circular,cnot,local,12,8,7,same_entangling_gate_count,1,8,RZ,2,62,layer_001_wire_008_RZ,3,-0.00012065548382174602,2.1642462443305648e-05,0.0035278181359757275,0.0
random_bp,expectation_value,bcw_12q_random_bp,hea,RX_RY_RZ_CNOT,none,circular,cnot,local,12,8,7,same_entangling_gate_count,1,9,RX,0,63,layer_001_wire_009_RX,3,0.004293896551232031,4.2477240508389995e-06,0.004293896551232031,0.0
random_bp,expectation_value,bcw_12q_random_bp,hea,RX_RY_RZ_CNOT,none,circular,cnot,local,12,8,7,same_entangling_gate_count,1,9,RY,1,64,layer_001_wire_009_RY,3,-0.0007594062059483933,1.0589650538127314e-05,0.0026020030357652942,0.0
random_bp,expectation_value,bcw_12q_random_bp,hea,RX_RY_RZ_CNOT,none,circular,cnot,local,12,8,7,same_entangling_gate_count,1,9,RZ,2,65,layer_001_wire_009_RZ,3,0.0010734300974482502,5.290010469801484e-06,0.0015645329348228218,0.0
random_bp,expectation_value,bcw_12q_random_bp,hea,RX_RY_RZ_CNOT,none,circular,cnot,local,12,8,7,same_entangling_gate_count,1,10,RX,0,66,layer_001_wire_010_RX,3,0.00037917012599261073,8.616106038376708e-06,0.0021328251600416757,0.0
random_bp,expectation_value,bcw_12q_random_bp,hea,RX_RY_RZ_CNOT,none,circular,cnot,local,12,8,7,same_entangling_gate_count,1,10,RY,1,67,layer_001_wire_010_RY,3,-0.00031825990592927755,6.667657888754822e-06,0.0020679165926104194,0.0
random_bp,expectation_value,bcw_12q_random_bp,hea,RX_RY_RZ_CNOT,none,circular,cnot,local,12,8,7,same_entangling_gate_count,1,10,RZ,2,68,layer_001_wire_010_RZ,3,0.0012694813652918727,1.598739953588651e-06,0.0012694813652918727,0.0
random_bp,expectation_value,bcw_12q_random_bp,hea,RX_RY_RZ_CNOT,none,circular,cnot,local,12,8,7,same_entangling_gate_count,1,11,RX,0,69,layer_001_wire_011_RX,3,0.0019912957305941153,1.6618049935059786e-06,0.001991295730594115,0.0
random_bp,expectation_value,bcw_12q_random_bp,hea,RX_RY_RZ_CNOT,none,circular,cnot,local,12,8,7,same_entangling_gate_count,1,11,RY,1,70,layer_001_wire_011_RY,3,0.0016602245933398437,6.3050842527168855e-06,0.001978719371572668,0.0
random_bp,expectation_value,bcw_12q_random_bp,hea,RX_RY_RZ_CNOT,none,circular,cnot,local,12,8,7,same_entangling_gate_count,1,11,RZ,2,71,layer_001_wire_011_RZ,3,-0.0002924374684125761,1.9192087943937657e-05,0.0032310462323680614,0.0
random_bp,expectation_value,bcw_12q_random_bp,hea,RX_RY_RZ_CNOT,none,circular,cnot,local,12,8,7,same_entangling_gate_count,2,0,RX,0,72,layer_002_wire_000_RX,3,-0.0019893695619752584,9.646289449525682e-07,0.001989369561975258,0.0
random_bp,expectation_value,bcw_12q_random_bp,hea,RX_RY_RZ_CNOT,none,circular,cnot,local,12,8,7,same_entangling_gate_count,2,0,RY,1,73,layer_002_wire_000_RY,3,0.0011271496964709532,1.8298140766597083e-06,0.0013506563267543393,0.0
random_bp,expectation_value,bcw_12q_random_bp,hea,RX_RY_RZ_CNOT,none,circular,cnot,local,12,8,7,same_entangling_gate_count,2,0,RZ,2,74,layer_002_wire_000_RZ,3,-0.00047191283388812685,3.3292366014405185e-06,0.001233095426337316,0.0
random_bp,expectation_value,bcw_12q_random_bp,hea,RX_RY_RZ_CNOT,none,circular,cnot,local,12,8,7,same_entangling_gate_count,2,1,RX,0,75,layer_002_wire_001_RX,3,-0.0005922887257177789,6.121576905766221e-06,0.0016204840408096056,0.0
random_bp,expectation_value,bcw_12q_random_bp,hea,RX_RY_RZ_CNOT,none,circular,cnot,local,12,8,7,same_entangling_gate_count,2,1,RY,1,76,layer_002_wire_001_RY,3,-0.0030243662587471484,1.8754698602021752e-05,0.003447360373145513,0.0
random_bp,expectation_value,bcw_12q_random_bp,hea,RX_RY_RZ_CNOT,none,circular,cnot,local,12,8,7,same_entangling_gate_count,2,1,RZ,2,77,layer_002_wire_001_RZ,3,-0.0013390164090528551,7.566317181019032e-06,0.0025090021989928346,0.0
random_bp,expectation_value,bcw_12q_random_bp,hea,RX_RY_RZ_CNOT,none,circular,cnot,local,12,8,7,same_entangling_gate_count,2,2,RX,0,78,layer_002_wire_002_RX,3,0.0009099362625940682,3.502966678276241e-06,0.0011489677908533059,0.0
random_bp,expectation_value,bcw_12q_random_bp,hea,RX_RY_RZ_CNOT,none,circular,cnot,local,12,8,7,same_entangling_gate_count,2,2,RY,1,79,layer_002_wire_002_RY,3,0.0006802413305350036,3.312003297737364e-05,0.00402727784821758,0.0
random_bp,expectation_value,bcw_12q_random_bp,hea,RX_RY_RZ_CNOT,none,circular,cnot,local,12,8,7,same_entangling_gate_count,2,2,RZ,2,80,layer_002_wire_002_RZ,3,-0.0017491362409339125,3.3124419507789228e-06,0.0017491362409339125,0.0
random_bp,expectation_value,bcw_12q_random_bp,hea,RX_RY_RZ_CNOT,none,circular,cnot,local,12,8,7,same_entangling_gate_count,2,3,RX,0,81,layer_002_wire_003_RX,3,-0.00037103805280928805,2.278736566849226e-06,0.0012278350781322117,0.0
random_bp,expectation_value,bcw_12q_random_bp,hea,RX_RY_RZ_CNOT,none,circular,cnot,local,12,8,7,same_entangling_gate_count,2,3,RY,1,82,layer_002_wire_003_RY,3,0.0014007057238960559,6.5189834154111086e-06,0.0024204604127346786,0.0
random_bp,expectation_value,bcw_12q_random_bp,hea,RX_RY_RZ_CNOT,none,circular,cnot,local,12,8,7,same_entangling_gate_count,2,3,RZ,2,83,layer_002_wire_003_RZ,3,0.00022081319625973035,1.1779705995293869e-06,0.0009083286929920586,0.0
random_bp,expectation_value,bcw_12q_random_bp,hea,RX_RY_RZ_CNOT,none,circular,cnot,local,12,8,7,same_entangling_gate_count,2,4,RX,0,84,layer_002_wire_004_RX,3,-0.0027781662992037667,7.988014961432975e-06,0.0027781662992037667,0.0
random_bp,expectation_value,bcw_12q_random_bp,hea,RX_RY_RZ_CNOT,none,circular,cnot,local,12,8,7,same_entangling_gate_count,2,4,RY,1,85,layer_002_wire_004_RY,3,0.0012391965020378903,2.471902907004844e-06,0.0014781570907401026,0.0
random_bp,expectation_value,bcw_12q_random_bp,hea,RX_RY_RZ_CNOT,none,circular,cnot,local,12,8,7,same_entangling_gate_count,2,4,RZ,2,86,layer_002_wire_004_RZ,3,0.001046579763457891,1.6776546372374153e-05,0.002728974014642693,0.0
random_bp,expectation_value,bcw_12q_random_bp,hea,RX_RY_RZ_CNOT,none,circular,cnot,local,12,8,7,same_entangling_gate_count,2,5,RX,0,87,layer_002_wire_005_RX,3,-0.0014153002196981433,4.435345615944275e-06,0.001511971278680225,0.0
random_bp,expectation_value,bcw_12q_random_bp,hea,RX_RY_RZ_CNOT,none,circular,cnot,local,12,8,7,same_entangling_gate_count,2,5,RY,1,88,layer_002_wire_005_RY,3,-0.00032458355346517314,1.812637339334527e-06,0.0011421883491904339,0.0
random_bp,expectation_value,bcw_12q_random_bp,hea,RX_RY_RZ_CNOT,none,circular,cnot,local,12,8,7,same_entangling_gate_count,2,5,RZ,2,89,layer_002_wire_005_RZ,3,0.0002786417042513797,6.35068993648601e-06,0.001771820041695439,0.0
random_bp,expectation_value,bcw_12q_random_bp,hea,RX_RY_RZ_CNOT,none,circular,cnot,local,12,8,7,same_entangling_gate_count,2,6,RX,0,90,layer_002_wire_006_RX,3,0.00034854253417346335,1.2726726315473709e-05,0.0025095615622286265,0.0
random_bp,expectation_value,bcw_12q_random_bp,hea,RX_RY_RZ_CNOT,none,circular,cnot,local,12,8,7,same_entangling_gate_count,2,6,RY,1,91,layer_002_wire_006_RY,3,-0.002110907794356248,6.0641976972291435e-06,0.002469616585433977,0.0
random_bp,expectation_value,bcw_12q_random_bp,hea,RX_RY_RZ_CNOT,none,circular,cnot,local,12,8,7,same_entangling_gate_count,2,6,RZ,2,92,layer_002_wire_006_RZ,3,-0.0009753330834985531,1.3289787197301838e-06,0.001149978638703062,0.0
random_bp,expectation_value,bcw_12q_random_bp,hea,RX_RY_RZ_CNOT,none,circular,cnot,local,12,8,7,same_entangling_gate_count,2,7,RX,0,93,layer_002_wire_007_RX,3,0.002588958778257919,4.665537351671106e-05,0.005665516887871883,0.0
random_bp,expectation_value,bcw_12q_random_bp,hea,RX_RY_RZ_CNOT,none,circular,cnot,local,12,8,7,same_entangling_gate_count,2,7,RY,1,94,layer_002_wire_007_RY,3,0.0021051669024825,1.005967382926039e-05,0.002730940344317768,0.0
random_bp,expectation_value,bcw_12q_random_bp,hea,RX_RY_RZ_CNOT,none,circular,cnot,local,12,8,7,same_entangling_gate_count,2,7,RZ,2,95,layer_002_wire_007_RZ,3,0.001895016102643584,3.3123191067785774e-05,0.004897195849264781,0.0
random_bp,expectation_value,bcw_12q_random_bp,hea,RX_RY_RZ_CNOT,none,circular,cnot,local,12,8,7,same_entangling_gate_count,2,8,RX,0,96,layer_002_wire_008_RX,3,-0.0011098959848109208,7.792883546738895e-06,0.0024868995173258327,0.0
random_bp,expectation_value,bcw_12q_random_bp,hea,RX_RY_RZ_CNOT,none,circular,cnot,local,12,8,7,same_entangling_gate_count,2,8,RY,1,97,layer_002_wire_008_RY,3,-0.000794188030677954,3.6805521607168737e-06,0.0012407017776459616,0.0
random_bp,expectation_value,bcw_12q_random_bp,hea,RX_RY_RZ_CNOT,none,circular,cnot,local,12,8,7,same_entangling_gate_count,2,8,RZ,2,98,layer_002_wire_008_RZ,3,0.0003063780156491848,4.626830922520172e-06,0.0015235350167448385,0.0
random_bp,expectation_value,bcw_12q_random_bp,hea,RX_RY_RZ_CNOT,none,circular,cnot,local,12,8,7,same_entangling_gate_count,2,9,RX,0,99,layer_002_wire_009_RX,3,-0.001280695161516747,2.0738782180135484e-06,0.001280695161516747,0.0
random_bp,expectation_value,bcw_12q_random_bp,hea,RX_RY_RZ_CNOT,none,circular,cnot,local,12,8,7,same_entangling_gate_count,2,9,RY,1,100,layer_002_wire_009_RY,3,0.0010485918938032165,3.2025771677643303e-06,0.0016793115708525024,0.0
random_bp,expectation_value,bcw_12q_random_bp,hea,RX_RY_RZ_CNOT,none,circular,cnot,local,12,8,7,same_entangling_gate_count,2,9,RZ,2,101,layer_002_wire_009_RZ,3,0.00037621368851103814,1.599840991881052e-06,0.0010971295170110987,0.0
random_bp,expectation_value,bcw_12q_random_bp,hea,RX_RY_RZ_CNOT,none,circular,cnot,local,12,8,7,same_entangling_gate_count,2,10,RX,0,102,layer_002_wire_010_RX,3,0.001097494142234905,7.781551050351455e-06,0.0025072172939550365,0.0
random_bp,expectation_value,bcw_12q_random_bp,hea,RX_RY_RZ_CNOT,none,circular,cnot,local,12,8,7,same_entangling_gate_count,2,10,RY,1,103,layer_002_wire_010_RY,3,0.0012401928413992406,1.3733532732877425e-05,0.0032440933802131704,0.0
random_bp,expectation_value,bcw_12q_random_bp,hea,RX_RY_RZ_CNOT,none,circular,cnot,local,12,8,7,same_entangling_gate_count,2,10,RZ,2,104,layer_002_wire_010_RZ,3,0.0017503092963030088,1.3891493233878526e-05,0.003412538616824945,0.0
random_bp,expectation_value,bcw_12q_random_bp,hea,RX_RY_RZ_CNOT,none,circular,cnot,local,12,8,7,same_entangling_gate_count,2,11,RX,0,105,layer_002_wire_011_RX,3,0.002196473106728476,1.9747348612738513e-06,0.0021964731067284755,0.0
random_bp,expectation_value,bcw_12q_random_bp,hea,RX_RY_RZ_CNOT,none,circular,cnot,local,12,8,7,same_entangling_gate_count,2,11,RY,1,106,layer_002_wire_011_RY,3,0.0005654899111300951,3.6215874297227014e-06,0.001569264384914143,0.0
random_bp,expectation_value,bcw_12q_random_bp,hea,RX_RY_RZ_CNOT,none,circular,cnot,local,12,8,7,same_entangling_gate_count,2,11,RZ,2,107,layer_002_wire_011_RZ,3,0.0016400412640072248,1.2259998745238492e-05,0.0030600890673900664,0.0
random_bp,expectation_value,bcw_12q_random_bp,hea,RX_RY_RZ_CNOT,none,circular,cnot,local,12,8,7,same_entangling_gate_count,3,0,RX,0,108,layer_003_wire_000_RX,3,-0.001356033038263167,5.367805250117742e-06,0.0016204594975237152,0.0
random_bp,expectation_value,bcw_12q_random_bp,hea,RX_RY_RZ_CNOT,none,circular,cnot,local,12,8,7,same_entangling_gate_count,3,0,RY,1,109,layer_003_wire_000_RY,3,-0.0012946668367932158,7.126702885616732e-06,0.0018696803415314616,0.0
random_bp,expectation_value,bcw_12q_random_bp,hea,RX_RY_RZ_CNOT,none,circular,cnot,local,12,8,7,same_entangling_gate_count,3,0,RZ,2,110,layer_003_wire_000_RZ,3,-0.0013554485721030967,5.59648253703736e-06,0.001617764987736047,0.0
random_bp,expectation_value,bcw_12q_random_bp,hea,RX_RY_RZ_CNOT,none,circular,cnot,local,12,8,7,same_entangling_gate_count,3,1,RX,0,111,layer_003_wire_001_RX,3,0.0023977753313809335,5.867098805458899e-06,0.002397775331380934,0.0
random_bp,expectation_value,bcw_12q_random_bp,hea,RX_RY_RZ_CNOT,none,circular,cnot,local,12,8,7,same_entangling_gate_count,3,1,RY,1,112,layer_003_wire_001_RY,3,0.0022909888761055083,5.729491774554384e-07,0.0022909888761055083,0.0
random_bp,expectation_value,bcw_12q_random_bp,hea,RX_RY_RZ_CNOT,none,circular,cnot,local,12,8,7,same_entangling_gate_count,3,1,RZ,2,113,layer_003_wire_001_RZ,3,0.0013038969650086018,2.54773734228302e-06,0.0016572447372452358,0.0
random_bp,expectation_value,bcw_12q_random_bp,hea,RX_RY_RZ_CNOT,none,circular,cnot,local,12,8,7,same_entangling_gate_count,3,2,RX,0,114,layer_003_wire_002_RX,3,0.0015795174807100335,3.529333308891359e-06,0.0015795174807100333,0.0
random_bp,expectation_value,bcw_12q_random_bp,hea,RX_RY_RZ_CNOT,none,circular,cnot,local,12,8,7,same_entangling_gate_count,3,2,RY,1,115,layer_003_wire_002_RY,3,0.0032988842300633666,2.5888945954912776e-05,0.004169627534370742,0.0
random_bp,expectation_value,bcw_12q_random_bp,hea,RX_RY_RZ_CNOT,none,circular,cnot,local,12,8,7,same_entangling_gate_count,3,2,RZ,2,116,layer_003_wire_002_RZ,3,-0.0013737719036710561,1.7830102209370545e-05,0.0033591452509889454,0.0
random_bp,expectation_value,bcw_12q_random_bp,hea,RX_RY_RZ_CNOT,none,circular,cnot,local,12,8,7,same_entangling_gate_count,3,3,RX,0,117,layer_003_wire_003_RX,3,-0.001154291521416121,5.418049850783101e-06,0.002168208058323243,0.0
random_bp,expectation_value,bcw_12q_random_bp,hea,RX_RY_RZ_CNOT,none,circular,cnot,local,12,8,7,same_entangling_gate_count,3,3,RY,1,118,layer_003_wire_003_RY,3,0.0013440798360155996,2.7496454910640057e-05,0.004483536880543976,0.0
random_bp,expectation_value,bcw_12q_random_bp,hea,RX_RY_RZ_CNOT,none,circular,cnot,local,12,8,7,same_entangling_gate_count,3,3,RZ,2,119,layer_003_wire_003_RZ,3,0.0007383747255750048,7.829359609332529e-09,0.0007383747255750049,0.0
random_bp,expectation_value,bcw_12q_random_bp,hea,RX_RY_RZ_CNOT,none,circular,cnot,local,12,8,7,same_entangling_gate_count,3,4,RX,0,120,layer_003_wire_004_RX,3,8.339920370311e-05,2.164231747300732e-05,0.0035411788898354903,0.0
random_bp,expectation_value,bcw_12q_random_bp,hea,RX_RY_RZ_CNOT,none,circular,cnot,local,12,8,7,same_entangling_gate_count,3,4,RY,1,121,layer_003_wire_004_RY,3,0.0011336756511743436,1.2971101028981057e-05,0.0026664291928734144,0.0
random_bp,expectation_value,bcw_12q_random_bp,hea,RX_RY_RZ_CNOT,none,circular,cnot,local,12,8,7,same_entangling_gate_count,3,4,RZ,2,122,layer_003_wire_004_RZ,3,0.002178000486090578,8.842865133923712e-06,0.002178000486090578,0.0
random_bp,expectation_value,bcw_12q_random_bp,hea,RX_RY_RZ_CNOT,none,circular,cnot,local,12,8,7,same_entangling_gate_count,3,5,RX,0,123,layer_003_wire_005_RX,3,-0.0012657053852547714,2.2457731693020004e-06,0.0015745285391582896,0.0
random_bp,expectation_value,bcw_12q_random_bp,hea,RX_RY_RZ_CNOT,none,circular,cnot,local,12,8,7,same_entangling_gate_count,3,5,RY,1,124,layer_003_wire_005_RY,3,0.0006039945291961804,7.322414129962766e-06,0.002185773338780179,0.0
random_bp,expectation_value,bcw_12q_random_bp,hea,RX_RY_RZ_CNOT,none,circular,cnot,local,12,8,7,same_entangling_gate_count,3,5,RZ,2,125,layer_003_wire_005_RZ,3,-0.0007420374460055707,1.5464919468866268e-06,0.0011212872348353353,0.0
random_bp,expectation_value,bcw_12q_random_bp,hea,RX_RY_RZ_CNOT,none,circular,cnot,local,12,8,7,same_entangling_gate_count,3,6,RX,0,126,layer_003_wire_006_RX,3,-0.0005460604179378707,2.303459669496798e-06,0.0011690602616576194,0.0
random_bp,expectation_value,bcw_12q_random_bp,hea,RX_RY_RZ_CNOT,none,circular,cnot,local,12,8,7,same_entangling_gate_count,3,6,RY,1,127,layer_003_wire_006_RY,3,-0.0014214871458177647,4.045511745611146e-07,0.001421487145817765,0.0
random_bp,expectation_value,bcw_12q_random_bp,hea,RX_RY_RZ_CNOT,none,circular,cnot,local,12,8,7,same_entangling_gate_count,3,6,RZ,2,128,layer_003_wire_006_RZ,3,-0.0011522014303798306,9.00524151372741e-07,0.0011522014303798306,0.0
random_bp,expectation_value,bcw_12q_random_bp,hea,RX_RY_RZ_CNOT,none,circular,cnot,local,12,8,7,same_entangling_gate_count,3,7,RX,0,129,layer_003_wire_007_RX,3,-0.0011843558345610936,1.0652640785813508e-06,0.0011843558345610936,0.0
random_bp,expectation_value,bcw_12q_random_bp,hea,RX_RY_RZ_CNOT,none,circular,cnot,local,12,8,7,same_entangling_gate_count,3,7,RY,1,130,layer_003_wire_007_RY,3,0.0006374638487250782,3.699631798359295e-06,0.00132612403249483,0.0
random_bp,expectation_value,bcw_12q_random_bp,hea,RX_RY_RZ_CNOT,none,circular,cnot,local,12,8,7,same_entangling_gate_count,3,7,RZ,2,131,layer_003_wire_007_RZ,3,-0.0026109566971849177,1.6647406842103194e-05,0.002806300970513696,0.0
random_bp,expectation_value,bcw_12q_random_bp,hea,RX_RY_RZ_CNOT,none,circular,cnot,local,12,8,7,same_entangling_gate_count,3,8,RX,0,132,layer_003_wire_008_RX,3,0.0020189688053520987,1.0376583360665982e-05,0.003142119425015261,0.0
random_bp,expectation_value,bcw_12q_random_bp,hea,RX_RY_RZ_CNOT,none,circular,cnot,local,12,8,7,same_entangling_gate_count,3,8,RY,1,133,layer_003_wire_008_RY,3,0.0018554028948065133,7.616556041855625e-06,0.002740761957746434,0.0
random_bp,expectation_value,bcw_12q_random_bp,hea,RX_RY_RZ_CNOT,none,circular,cnot,local,12,8,7,same_entangling_gate_count,3,8,RZ,2,134,layer_003_wire_008_RZ,3,-0.0011556303097656827,1.8343007289339302e-05,0.0028824304182303866,0.0
random_bp,expectation_value,bcw_12q_random_bp,hea,RX_RY_RZ_CNOT,none,circular,cnot,local,12,8,7,same_entangling_gate_count,3,9,RX,0,135,layer_003_wire_009_RX,3,0.003923147380803829,1.702075466778067e-05,0.003923147380803829,0.0
random_bp,expectation_value,bcw_12q_random_bp,hea,RX_RY_RZ_CNOT,none,circular,cnot,local,12,8,7,same_entangling_gate_count,3,9,RY,1,136,layer_003_wire_009_RY,3,0.0016551620977074185,5.1507814684397736e-06,0.0022924751635497067,0.0
random_bp,expectation_value,bcw_12q_random_bp,hea,RX_RY_RZ_CNOT,none,circular,cnot,local,12,8,7,same_entangling_gate_count,3,9,RZ,2,137,layer_003_wire_009_RZ,3,-0.0019857592074008722,1.0253514199739615e-06,0.0019857592074008722,0.0
random_bp,expectation_value,bcw_12q_random_bp,hea,RX_RY_RZ_CNOT,none,circular,cnot,local,12,8,7,same_entangling_gate_count,3,10,RX,0,138,layer_003_wire_010_RX,3,6.925038981445424e-06,1.5270347608179272e-06,0.0009408019297050736,0.0
random_bp,expectation_value,bcw_12q_random_bp,hea,RX_RY_RZ_CNOT,none,circular,cnot,local,12,8,7,same_entangling_gate_count,3,10,RY,1,139,layer_003_wire_010_RY,3,0.00017473647650716013,8.239813156859912e-07,0.000638503868943868,0.0
random_bp,expectation_value,bcw_12q_random_bp,hea,RX_RY_RZ_CNOT,none,circular,cnot,local,12,8,7,same_entangling_gate_count,3,10,RZ,2,140,layer_003_wire_010_RZ,3,9.299151113335738e-05,6.369912504644443e-07,0.0006431287131816226,0.0
random_bp,expectation_value,bcw_12q_random_bp,hea,RX_RY_RZ_CNOT,none,circular,cnot,local,12,8,7,same_entangling_gate_count,3,11,RX,0,141,layer_003_wire_011_RX,3,-0.00016817263527256834,2.236987740040554e-05,0.0035665782759501685,0.0
random_bp,expectation_value,bcw_12q_random_bp,hea,RX_RY_RZ_CNOT,none,circular,cnot,local,12,8,7,same_entangling_gate_count,3,11,RY,1,142,layer_003_wire_011_RY,3,-0.0024830672118761666,2.555859744119807e-05,0.004509584327992289,0.0
random_bp,expectation_value,bcw_12q_random_bp,hea,RX_RY_RZ_CNOT,none,circular,cnot,local,12,8,7,same_entangling_gate_count,3,11,RZ,2,143,layer_003_wire_011_RZ,3,0.0028701898187691688,3.6873245250178887e-06,0.0028701898187691688,0.0
random_bp,expectation_value,bcw_12q_random_bp,hea,RX_RY_RZ_CNOT,none,circular,cnot,local,12,8,7,same_entangling_gate_count,4,0,RX,0,144,layer_004_wire_000_RX,3,0.0004987283348592206,5.13574130631509e-05,0.00564702959500266,0.0
random_bp,expectation_value,bcw_12q_random_bp,hea,RX_RY_RZ_CNOT,none,circular,cnot,local,12,8,7,same_entangling_gate_count,4,0,RY,1,145,layer_004_wire_000_RY,3,-0.0016037031762905097,2.6207600520143715e-05,0.004475342376362314,0.0
random_bp,expectation_value,bcw_12q_random_bp,hea,RX_RY_RZ_CNOT,none,circular,cnot,local,12,8,7,same_entangling_gate_count,4,0,RZ,2,146,layer_004_wire_000_RZ,3,-0.005335699117048171,4.477245141956063e-06,0.005335699117048172,0.0
random_bp,expectation_value,bcw_12q_random_bp,hea,RX_RY_RZ_CNOT,none,circular,cnot,local,12,8,7,same_entangling_gate_count,4,1,RX,0,147,layer_004_wire_001_RX,3,-0.001454619248057078,9.468972954422062e-06,0.002736629245550657,0.0
random_bp,expectation_value,bcw_12q_random_bp,hea,RX_RY_RZ_CNOT,none,circular,cnot,local,12,8,7,same_entangling_gate_count,4,1,RY,1,148,layer_004_wire_001_RY,3,-0.0017523414271502732,1.5896852590926785e-06,0.0017523414271502734,0.0
random_bp,expectation_value,bcw_12q_random_bp,hea,RX_RY_RZ_CNOT,none,circular,cnot,local,12,8,7,same_entangling_gate_count,4,1,RZ,2,149,layer_004_wire_001_RZ,3,-0.0016098734412853882,1.472541918972823e-06,0.0016098734412853882,0.0
random_bp,expectation_value,bcw_12q_random_bp,hea,RX_RY_RZ_CNOT,none,circular,cnot,local,12,8,7,same_entangling_gate_count,4,2,RX,0,150,layer_004_wire_002_RX,3,-0.0021684145793887714,1.316329528064434e-05,0.0034828665312787374,0.0
random_bp,expectation_value,bcw_12q_random_bp,hea,RX_RY_RZ_CNOT,none,circular,cnot,local,12,8,7,same_entangling_gate_count,4,2,RY,1,151,layer_004_wire_002_RY,3,-0.001000538331000651,2.448264085312901e-06,0.0010820813504196288,0.0
random_bp,expectation_value,bcw_12q_random_bp,hea,RX_RY_RZ_CNOT,none,circular,cnot,local,12,8,7,same_entangling_gate_count,4,2,RZ,2,152,layer_004_wire_002_RZ,3,-0.0019463353310806616,7.113397981819286e-06,0.0026967804085208957,0.0
random_bp,expectation_value,bcw_12q_random_bp,hea,RX_RY_RZ_CNOT,none,circular,cnot,local,12,8,7,same_entangling_gate_count,4,3,RX,0,153,layer_004_wire_003_RX,3,-0.0012959191019326101,6.909384519626873e-06,0.002056264132852826,0.0
random_bp,expectation_value,bcw_12q_random_bp,hea,RX_RY_RZ_CNOT,none,circular,cnot,local,12,8,7,same_entangling_gate_count,4,3,RY,1,154,layer_004_wire_003_RY,3,-0.0004816595799616993,1.0438219713952734e-05,0.0024729705272718556,0.0
random_bp,expectation_value,bcw_12q_random_bp,hea,RX_RY_RZ_CNOT,none,circular,cnot,local,12,8,7,same_entangling_gate_count,4,3,RZ,2,155,layer_004_wire_003_RZ,3,-0.0017553307543398933,2.7509791504564766e-06,0.0017553307543398931,0.0
random_bp,expectation_value,bcw_12q_random_bp,hea,RX_RY_RZ_CNOT,none,circular,cnot,local,12,8,7,same_entangling_gate_count,4,4,RX,0,156,layer_004_wire_004_RX,3,0.003916004046564658,1.7595742948979722e-05,0.003916004046564658,0.0
random_bp,expectation_value,bcw_12q_random_bp,hea,RX_RY_RZ_CNOT,none,circular,cnot,local,12,8,7,same_entangling_gate_count,4,4,RY,1,157,layer_004_wire_004_RY,3,-0.0014422220393404991,1.958433536637729e-05,0.0037933455905388596,0.0
random_bp,expectation_value,bcw_12q_random_bp,hea,RX_RY_RZ_CNOT,none,circular,cnot,local,12,8,7,same_entangling_gate_count,4,4,RZ,2,158,layer_004_wire_004_RZ,3,0.002785511260073722,5.043693418660114e-06,0.002785511260073722,0.0
random_bp,expectation_value,bcw_12q_random_bp,hea,RX_RY_RZ_CNOT,none,circular,cnot,local,12,8,7,same_entangling_gate_count,4,5,RX,0,159,layer_004_wire_005_RX,3,0.0016765057833516648,3.515942818474057e-07,0.0016765057833516648,0.0
random_bp,expectation_value,bcw_12q_random_bp,hea,RX_RY_RZ_CNOT,none,circular,cnot,local,12,8,7,same_entangling_gate_count,4,5,RY,1,160,layer_004_wire_005_RY,3,0.0018914151231038349,2.5924592497700423e-05,0.004447649572711726,0.0
random_bp,expectation_value,bcw_12q_random_bp,hea,RX_RY_RZ_CNOT,none,circular,cnot,local,12,8,7,same_entangling_gate_count,4,5,RZ,2,161,layer_004_wire_005_RZ,3,-0.0012795775143845146,2.1127248374809146e-05,0.0030581520943859936,0.0
random_bp,expectation_value,bcw_12q_random_bp,hea,RX_RY_RZ_CNOT,none,circular,cnot,local,12,8,7,same_entangling_gate_count,4,6,RX,0,162,layer_004_wire_006_RX,3,0.0009680710435290602,2.5517088761989393e-05,0.003886835409331485,0.0
random_bp,expectation_value,bcw_12q_random_bp,hea,RX_RY_RZ_CNOT,none,circular,cnot,local,12,8,7,same_entangling_gate_count,4,6,RY,1,163,layer_004_wire_006_RY,3,-0.00012785598996098077,3.968618488550641e-06,0.001490720717410851,0.0
random_bp,expectation_value,bcw_12q_random_bp,hea,RX_RY_RZ_CNOT,none,circular,cnot,local,12,8,7,same_entangling_gate_count,4,6,RZ,2,164,layer_004_wire_006_RZ,3,-0.004738313792304918,3.002101765639637e-06,0.004738313792304918,0.0
random_bp,expectation_value,bcw_12q_random_bp,hea,RX_RY_RZ_CNOT,none,circular,cnot,local,12,8,7,same_entangling_gate_count,4,7,RX,0,165,layer_004_wire_007_RX,3,-0.00020178426241127618,9.382060791976299e-06,0.002231984568830452,0.0
random_bp,expectation_value,bcw_12q_random_bp,hea,RX_RY_RZ_CNOT,none,circular,cnot,local,12,8,7,same_entangling_gate_count,4,7,RY,1,166,layer_004_wire_007_RY,3,0.0037770135143498224,1.1658791648809124e-05,0.0037770135143498224,0.0
random_bp,expectation_value,bcw_12q_random_bp,hea,RX_RY_RZ_CNOT,none,circular,cnot,local,12,8,7,same_entangling_gate_count,4,7,RZ,2,167,layer_004_wire_007_RZ,3,0.00033042703009047547,4.231995127746574e-06,0.001377383064927096,0.0
random_bp,expectation_value,bcw_12q_random_bp,hea,RX_RY_RZ_CNOT,none,circular,cnot,local,12,8,7,same_entangling_gate_count,4,8,RX,0,168,layer_004_wire_008_RX,3,0.002585990154819836,4.730248245272506e-06,0.002585990154819836,0.0
random_bp,expectation_value,bcw_12q_random_bp,hea,RX_RY_RZ_CNOT,none,circular,cnot,local,12,8,7,same_entangling_gate_count,4,8,RY,1,169,layer_004_wire_008_RY,3,-0.003325982070005793,4.948601472925697e-07,0.003325982070005793,0.0
random_bp,expectation_value,bcw_12q_random_bp,hea,RX_RY_RZ_CNOT,none,circular,cnot,local,12,8,7,same_entangling_gate_count,4,8,RZ,2,170,layer_004_wire_008_RZ,3,0.0005269031331280104,5.6449482629198014e-06,0.0016229875431811914,0.0
random_bp,expectation_value,bcw_12q_random_bp,hea,RX_RY_RZ_CNOT,none,circular,cnot,local,12,8,7,same_entangling_gate_count,4,9,RX,0,171,layer_004_wire_009_RX,3,-0.0006237664551644234,2.269439293589728e-06,0.0013142296845315322,0.0
random_bp,expectation_value,bcw_12q_random_bp,hea,RX_RY_RZ_CNOT,none,circular,cnot,local,12,8,7,same_entangling_gate_count,4,9,RY,1,172,layer_004_wire_009_RY,3,0.0021753624172402212,1.3721786318796986e-06,0.0021753624172402212,0.0
random_bp,expectation_value,bcw_12q_random_bp,hea,RX_RY_RZ_CNOT,none,circular,cnot,local,12,8,7,same_entangling_gate_count,4,9,RZ,2,173,layer_004_wire_009_RZ,3,-0.0007651086034732471,2.116768295380018e-06,0.0009838662124809015,0.0
random_bp,expectation_value,bcw_12q_random_bp,hea,RX_RY_RZ_CNOT,none,circular,cnot,local,12,8,7,same_entangling_gate_count,4,10,RX,0,174,layer_004_wire_010_RX,3,0.000999329960699853,1.6597256584088781e-06,0.0010718876238025156,0.0
random_bp,expectation_value,bcw_12q_random_bp,hea,RX_RY_RZ_CNOT,none,circular,cnot,local,12,8,7,same_entangling_gate_count,4,10,RY,1,175,layer_004_wire_010_RY,3,0.0011311096608113348,6.242746897879744e-06,0.0015447901140090688,0.0
random_bp,expectation_value,bcw_12q_random_bp,hea,RX_RY_RZ_CNOT,none,circular,cnot,local,12,8,7,same_entangling_gate_count,4,10,RZ,2,176,layer_004_wire_010_RZ,3,-0.0004462425190291378,1.4279759679047533e-06,0.0010032417749690165,0.0
random_bp,expectation_value,bcw_12q_random_bp,hea,RX_RY_RZ_CNOT,none,circular,cnot,local,12,8,7,same_entangling_gate_count,4,11,RX,0,177,layer_004_wire_011_RX,3,0.0009847578442720346,8.767722444533605e-06,0.0022055772168686335,0.0
random_bp,expectation_value,bcw_12q_random_bp,hea,RX_RY_RZ_CNOT,none,circular,cnot,local,12,8,7,same_entangling_gate_count,4,11,RY,1,178,layer_004_wire_011_RY,3,-0.0014380399322690457,2.4662802404978235e-05,0.004218360035768409,0.0
random_bp,expectation_value,bcw_12q_random_bp,hea,RX_RY_RZ_CNOT,none,circular,cnot,local,12,8,7,same_entangling_gate_count,4,11,RZ,2,179,layer_004_wire_011_RZ,3,0.0015216698953549614,3.9991226833922527e-07,0.0015216698953549612,0.0
random_bp,expectation_value,bcw_12q_random_bp,hea,RX_RY_RZ_CNOT,none,circular,cnot,local,12,8,7,same_entangling_gate_count,5,0,RX,0,180,layer_005_wire_000_RX,3,-0.0053670120670435304,1.0133145163036926e-05,0.0053670120670435304,0.0
random_bp,expectation_value,bcw_12q_random_bp,hea,RX_RY_RZ_CNOT,none,circular,cnot,local,12,8,7,same_entangling_gate_count,5,0,RY,1,181,layer_005_wire_000_RY,3,-0.0008776225793431744,1.792770174716745e-05,0.0035280671763512662,0.0
random_bp,expectation_value,bcw_12q_random_bp,hea,RX_RY_RZ_CNOT,none,circular,cnot,local,12,8,7,same_entangling_gate_count,5,0,RZ,2,182,layer_005_wire_000_RZ,3,0.0001497850871665647,1.349645090500956e-05,0.0027758900331861045,0.0
random_bp,expectation_value,bcw_12q_random_bp,hea,RX_RY_RZ_CNOT,none,circular,cnot,local,12,8,7,same_entangling_gate_count,5,1,RX,0,183,layer_005_wire_001_RX,3,-0.002865510322119829,7.23396621823682e-07,0.002865510322119829,0.0
random_bp,expectation_value,bcw_12q_random_bp,hea,RX_RY_RZ_CNOT,none,circular,cnot,local,12,8,7,same_entangling_gate_count,5,1,RY,1,184,layer_005_wire_001_RY,3,-0.0007966221643377077,1.1444267850033483e-05,0.0024728706512758985,0.0
random_bp,expectation_value,bcw_12q_random_bp,hea,RX_RY_RZ_CNOT,none,circular,cnot,local,12,8,7,same_entangling_gate_count,5,1,RZ,2,185,layer_005_wire_001_RZ,3,0.0008872492378780561,1.2107883595953415e-05,0.002802297137607275,0.0
random_bp,expectation_value,bcw_12q_random_bp,hea,RX_RY_RZ_CNOT,none,circular,cnot,local,12,8,7,same_entangling_gate_count,5,2,RX,0,186,layer_005_wire_002_RX,3,-0.0027475631194552475,7.802275088801626e-06,0.003063160379687223,0.0
random_bp,expectation_value,bcw_12q_random_bp,hea,RX_RY_RZ_CNOT,none,circular,cnot,local,12,8,7,same_entangling_gate_count,5,2,RY,1,187,layer_005_wire_002_RY,3,0.0007819004226907499,1.7369932494568544e-05,0.002787200296212321,0.0
random_bp,expectation_value,bcw_12q_random_bp,hea,RX_RY_RZ_CNOT,none,circular,cnot,local,12,8,7,same_entangling_gate_count,5,2,RZ,2,188,layer_005_wire_002_RZ,3,0.001107307302602725,2.6277832416803285e-05,0.0042018208986175495,0.0
random_bp,expectation_value,bcw_12q_random_bp,hea,RX_RY_RZ_CNOT,none,circular,cnot,local,12,8,7,same_entangling_gate_count,5,3,RX,0,189,layer_005_wire_003_RX,3,0.0002896471678575259,9.76869075479272e-06,0.002154967468017623,0.0
random_bp,expectation_value,bcw_12q_random_bp,hea,RX_RY_RZ_CNOT,none,circular,cnot,local,12,8,7,same_entangling_gate_count,5,3,RY,1,190,layer_005_wire_003_RY,3,0.0001326277497595953,1.2489199067240595e-06,0.0008977719132842275,0.0
random_bp,expectation_value,bcw_12q_random_bp,hea,RX_RY_RZ_CNOT,none,circular,cnot,local,12,8,7,same_entangling_gate_count,5,3,RZ,2,191,layer_005_wire_003_RZ,3,-0.002493032803318216,7.202974941621265e-06,0.002493032803318216,0.0
random_bp,expectation_value,bcw_12q_random_bp,hea,RX_RY_RZ_CNOT,none,circular,cnot,local,12,8,7,same_entangling_gate_count,5,4,RX,0,192,layer_005_wire_004_RX,3,0.0004273288055813255,8.24882039378283e-07,0.0007983714461365412,0.0
random_bp,expectation_value,bcw_12q_random_bp,hea,RX_RY_RZ_CNOT,none,circular,cnot,local,12,8,7,same_entangling_gate_count,5,4,RY,1,193,layer_005_wire_004_RY,3,0.0008071321718988313,1.709368227038593e-06,0.0009917872055362055,0.0
random_bp,expectation_value,bcw_12q_random_bp,hea,RX_RY_RZ_CNOT,none,circular,cnot,local,12,8,7,same_entangling_gate_count,5,4,RZ,2,194,layer_005_wire_004_RZ,3,0.0018502458618814238,2.0750923579105494e-06,0.0018502458618814242,0.0
random_bp,expectation_value,bcw_12q_random_bp,hea,RX_RY_RZ_CNOT,none,circular,cnot,local,12,8,7,same_entangling_gate_count,5,5,RX,0,195,layer_005_wire_005_RX,3,0.005060455129958177,8.529280889706976e-07,0.005060455129958177,0.0
random_bp,expectation_value,bcw_12q_random_bp,hea,RX_RY_RZ_CNOT,none,circular,cnot,local,12,8,7,same_entangling_gate_count,5,5,RY,1,196,layer_005_wire_005_RY,3,-0.001776776256219571,3.550452481351772e-06,0.002042765660756237,0.0
random_bp,expectation_value,bcw_12q_random_bp,hea,RX_RY_RZ_CNOT,none,circular,cnot,local,12,8,7,same_entangling_gate_count,5,5,RZ,2,197,layer_005_wire_005_RZ,3,0.0017766825192446732,8.409877237368953e-06,0.0028132365741568312,0.0
random_bp,expectation_value,bcw_12q_random_bp,hea,RX_RY_RZ_CNOT,none,circular,cnot,local,12,8,7,same_entangling_gate_count,5,6,RX,0,198,layer_005_wire_006_RX,3,-0.0004762491454109539,2.5243423026393786e-06,0.0013609782124752647,0.0
random_bp,expectation_value,bcw_12q_random_bp,hea,RX_RY_RZ_CNOT,none,circular,cnot,local,12,8,7,same_entangling_gate_count,5,6,RY,1,199,layer_005_wire_006_RY,3,-0.0007432295802515731,7.283953063074276e-06,0.0021918019527704326,0.0
random_bp,expectation_value,bcw_12q_random_bp,hea,RX_RY_RZ_CNOT,none,circular,cnot,local,12,8,7,same_entangling_gate_count,5,6,RZ,2,200,layer_005_wire_006_RZ,3,0.0011482445880624135,4.3727032176990864e-07,0.0011482445880624137,0.0
random_bp,expectation_value,bcw_12q_random_bp,hea,RX_RY_RZ_CNOT,none,circular,cnot,local,12,8,7,same_entangling_gate_count,5,7,RX,0,201,layer_005_wire_007_RX,3,4.422168035054108e-05,5.1951256705300425e-06,0.0015243191670225042,0.0
random_bp,expectation_value,bcw_12q_random_bp,hea,RX_RY_RZ_CNOT,none,circular,cnot,local,12,8,7,same_entangling_gate_count,5,7,RY,1,202,layer_005_wire_007_RY,3,0.0011156039668267432,1.3657094035758436e-05,0.0026899745995416315,0.0
random_bp,expectation_value,bcw_12q_random_bp,hea,RX_RY_RZ_CNOT,none,circular,cnot,local,12,8,7,same_entangling_gate_count,5,7,RZ,2,203,layer_005_wire_007_RZ,3,0.0016647106271940645,3.0290601248395965e-06,0.0017408754748208203,0.0
random_bp,expectation_value,bcw_12q_random_bp,hea,RX_RY_RZ_CNOT,none,circular,cnot,local,12,8,7,same_entangling_gate_count,5,8,RX,0,204,layer_005_wire_008_RX,3,0.0017779364146336201,3.58800591435186e-06,0.0019259601359800779,0.0
random_bp,expectation_value,bcw_12q_random_bp,hea,RX_RY_RZ_CNOT,none,circular,cnot,local,12,8,7,same_entangling_gate_count,5,8,RY,1,205,layer_005_wire_008_RY,3,0.0022311223374579586,7.309429148553904e-06,0.0028028381847548206,0.0
random_bp,expectation_value,bcw_12q_random_bp,hea,RX_RY_RZ_CNOT,none,circular,cnot,local,12,8,7,same_entangling_gate_count,5,8,RZ,2,206,layer_005_wire_008_RZ,3,-0.0005175486156658297,1.8392575419628126e-06,0.0009843057636148456,0.0
random_bp,expectation_value,bcw_12q_random_bp,hea,RX_RY_RZ_CNOT,none,circular,cnot,local,12,8,7,same_entangling_gate_count,5,9,RX,0,207,layer_005_wire_009_RX,3,0.0018329142172055658,1.2709076001203723e-05,0.002261742479621747,0.0
random_bp,expectation_value,bcw_12q_random_bp,hea,RX_RY_RZ_CNOT,none,circular,cnot,local,12,8,7,same_entangling_gate_count,5,9,RY,1,208,layer_005_wire_009_RY,3,0.002554982806682162,1.3394857160821642e-06,0.0025549828066821615,0.0
random_bp,expectation_value,bcw_12q_random_bp,hea,RX_RY_RZ_CNOT,none,circular,cnot,local,12,8,7,same_entangling_gate_count,5,9,RZ,2,209,layer_005_wire_009_RZ,3,-4.2378401558807995e-05,1.5270115990749141e-06,0.000932690361514968,0.0
random_bp,expectation_value,bcw_12q_random_bp,hea,RX_RY_RZ_CNOT,none,circular,cnot,local,12,8,7,same_entangling_gate_count,5,10,RX,0,210,layer_005_wire_010_RX,3,-0.0026856563383705467,1.515981072529309e-05,0.0026856563383705467,0.0
random_bp,expectation_value,bcw_12q_random_bp,hea,RX_RY_RZ_CNOT,none,circular,cnot,local,12,8,7,same_entangling_gate_count,5,10,RY,1,211,layer_005_wire_010_RY,3,-0.0006780173877406874,7.866442630977185e-06,0.0019260921688603137,0.0
random_bp,expectation_value,bcw_12q_random_bp,hea,RX_RY_RZ_CNOT,none,circular,cnot,local,12,8,7,same_entangling_gate_count,5,10,RZ,2,212,layer_005_wire_010_RZ,3,0.0003570463176483196,2.591332496582692e-06,0.0012629229181710569,0.0
random_bp,expectation_value,bcw_12q_random_bp,hea,RX_RY_RZ_CNOT,none,circular,cnot,local,12,8,7,same_entangling_gate_count,5,11,RX,0,213,layer_005_wire_011_RX,3,-2.9443239077581174e-05,6.851321347708498e-06,0.0018920234230193767,0.0
random_bp,expectation_value,bcw_12q_random_bp,hea,RX_RY_RZ_CNOT,none,circular,cnot,local,12,8,7,same_entangling_gate_count,5,11,RY,1,214,layer_005_wire_011_RY,3,0.0018859790206872192,1.8400047790740712e-06,0.0018859790206872194,0.0
random_bp,expectation_value,bcw_12q_random_bp,hea,RX_RY_RZ_CNOT,none,circular,cnot,local,12,8,7,same_entangling_gate_count,5,11,RZ,2,215,layer_005_wire_011_RZ,3,-0.0006475098982780049,9.722998029762797e-07,0.0007917192576289634,0.0
random_bp,expectation_value,bcw_12q_random_bp,hea,RX_RY_RZ_CNOT,none,circular,cnot,local,12,8,7,same_entangling_gate_count,6,0,RX,0,216,layer_006_wire_000_RX,3,-0.0010773518191678458,5.784531108739144e-05,0.005132628010961684,0.0
random_bp,expectation_value,bcw_12q_random_bp,hea,RX_RY_RZ_CNOT,none,circular,cnot,local,12,8,7,same_entangling_gate_count,6,0,RY,1,217,layer_006_wire_000_RY,3,0.0003361116231502784,4.940432231252131e-05,0.0052434540041084885,0.0
random_bp,expectation_value,bcw_12q_random_bp,hea,RX_RY_RZ_CNOT,none,circular,cnot,local,12,8,7,same_entangling_gate_count,6,0,RZ,2,218,layer_006_wire_000_RZ,3,7.543909370961781e-18,6.21232199263193e-35,7.543909370961781e-18,1.0
random_bp,expectation_value,bcw_12q_random_bp,hea,RX_RY_RZ_CNOT,none,circular,cnot,local,12,8,7,same_entangling_gate_count,6,1,RX,0,219,layer_006_wire_001_RX,3,0.0017727973691726818,5.993175539076716e-07,0.0017727973691726816,0.0
random_bp,expectation_value,bcw_12q_random_bp,hea,RX_RY_RZ_CNOT,none,circular,cnot,local,12,8,7,same_entangling_gate_count,6,1,RY,1,220,layer_006_wire_001_RY,3,-0.0008547623456261161,3.836510117965805e-05,0.004520222082883708,0.0
random_bp,expectation_value,bcw_12q_random_bp,hea,RX_RY_RZ_CNOT,none,circular,cnot,local,12,8,7,same_entangling_gate_count,6,1,RZ,2,221,layer_006_wire_001_RZ,3,-1.884722252501833e-18,1.1511598700575923e-34,7.218440836103118e-18,1.0
random_bp,expectation_value,bcw_12q_random_bp,hea,RX_RY_RZ_CNOT,none,circular,cnot,local,12,8,7,same_entangling_gate_count,6,2,RX,0,222,layer_006_wire_002_RX,3,0.0011713912109358082,6.606364388169644e-07,0.0011713912109358082,0.0
random_bp,expectation_value,bcw_12q_random_bp,hea,RX_RY_RZ_CNOT,none,circular,cnot,local,12,8,7,same_entangling_gate_count,6,2,RY,1,223,layer_006_wire_002_RY,3,-0.0017895112483154924,2.0230419103998106e-05,0.0031684144339360677,0.0
random_bp,expectation_value,bcw_12q_random_bp,hea,RX_RY_RZ_CNOT,none,circular,cnot,local,12,8,7,same_entangling_gate_count,6,2,RZ,2,224,layer_006_wire_002_RZ,3,5.731485853532456e-18,3.5307266379028735e-35,5.8149709235479334e-18,1.0
random_bp,expectation_value,bcw_12q_random_bp,hea,RX_RY_RZ_CNOT,none,circular,cnot,local,12,8,7,same_entangling_gate_count,6,3,RX,0,225,layer_006_wire_003_RX,3,-0.00011782642935516768,9.091519291956462e-08,0.00027049806432421505,0.0
random_bp,expectation_value,bcw_12q_random_bp,hea,RX_RY_RZ_CNOT,none,circular,cnot,local,12,8,7,same_entangling_gate_count,6,3,RY,1,226,layer_006_wire_003_RY,3,-0.0008526164764009351,2.810345859130616e-05,0.0038797063226127214,0.0
random_bp,expectation_value,bcw_12q_random_bp,hea,RX_RY_RZ_CNOT,none,circular,cnot,local,12,8,7,same_entangling_gate_count,6,3,RZ,2,227,layer_006_wire_003_RZ,3,-3.0855412508147263e-18,9.042451659153846e-35,6.996092152188933e-18,1.0
random_bp,expectation_value,bcw_12q_random_bp,hea,RX_RY_RZ_CNOT,none,circular,cnot,local,12,8,7,same_entangling_gate_count,6,4,RX,0,228,layer_006_wire_004_RX,3,0.0022285392119214364,1.956065452948177e-07,0.0022285392119214364,0.0
random_bp,expectation_value,bcw_12q_random_bp,hea,RX_RY_RZ_CNOT,none,circular,cnot,local,12,8,7,same_entangling_gate_count,6,4,RY,1,229,layer_006_wire_004_RY,3,0.0052073400667655215,1.9158843619425526e-05,0.0052073400667655215,0.0
random_bp,expectation_value,bcw_12q_random_bp,hea,RX_RY_RZ_CNOT,none,circular,cnot,local,12,8,7,same_entangling_gate_count,6,4,RZ,2,230,layer_006_wire_004_RZ,3,-3.126395713804641e-18,5.574941840155685e-35,6.21279405382342e-18,1.0
random_bp,expectation_value,bcw_12q_random_bp,hea,RX_RY_RZ_CNOT,none,circular,cnot,local,12,8,7,same_entangling_gate_count,6,5,RX,0,231,layer_006_wire_005_RX,3,0.0022709685942742105,1.0726224575468146e-05,0.0032462786742158346,0.0
random_bp,expectation_value,bcw_12q_random_bp,hea,RX_RY_RZ_CNOT,none,circular,cnot,local,12,8,7,same_entangling_gate_count,6,5,RY,1,232,layer_006_wire_005_RY,3,-0.001503038038831616,1.2335507881387824e-05,0.002201054802787629,0.0
random_bp,expectation_value,bcw_12q_random_bp,hea,RX_RY_RZ_CNOT,none,circular,cnot,local,12,8,7,same_entangling_gate_count,6,5,RZ,2,233,layer_006_wire_005_RZ,3,-3.364205250071507e-19,1.091730145534795e-36,8.590934873769071e-19,1.0
random_bp,expectation_value,bcw_12q_random_bp,hea,RX_RY_RZ_CNOT,none,circular,cnot,local,12,8,7,same_entangling_gate_count,6,6,RX,0,234,layer_006_wire_006_RX,3,0.0006135144271607371,3.396711023531047e-06,0.0012234942322755672,0.0
random_bp,expectation_value,bcw_12q_random_bp,hea,RX_RY_RZ_CNOT,none,circular,cnot,local,12,8,7,same_entangling_gate_count,6,6,RY,1,235,layer_006_wire_006_RY,3,0.00044661358632462525,2.1964205102031896e-06,0.0011471397247892411,0.0
random_bp,expectation_value,bcw_12q_random_bp,hea,RX_RY_RZ_CNOT,none,circular,cnot,local,12,8,7,same_entangling_gate_count,6,6,RZ,2,236,layer_006_wire_006_RZ,3,5.69517430681784e-20,1.3145408514276355e-35,2.465839492922127e-18,1.0
random_bp,expectation_value,bcw_12q_random_bp,hea,RX_RY_RZ_CNOT,none,circular,cnot,local,12,8,7,same_entangling_gate_count,6,7,RX,0,237,layer_006_wire_007_RX,3,-0.00011697190725788454,4.390003095108634e-07,0.00045223857160644755,0.0
random_bp,expectation_value,bcw_12q_random_bp,hea,RX_RY_RZ_CNOT,none,circular,cnot,local,12,8,7,same_entangling_gate_count,6,7,RY,1,238,layer_006_wire_007_RY,3,0.0010072348504078586,1.4410535994711118e-05,0.003251273273375785,0.0
random_bp,expectation_value,bcw_12q_random_bp,hea,RX_RY_RZ_CNOT,none,circular,cnot,local,12,8,7,same_entangling_gate_count,6,7,RZ,2,239,layer_006_wire_007_RZ,3,-1.3817662141249826e-18,4.499324284884026e-36,2.0536667514635482e-18,1.0
random_bp,expectation_value,bcw_12q_random_bp,hea,RX_RY_RZ_CNOT,none,circular,cnot,local,12,8,7,same_entangling_gate_count,6,8,RX,0,240,layer_006_wire_008_RX,3,0.0030901799941828244,1.2742606796128637e-05,0.003757917135685431,0.0
random_bp,expectation_value,bcw_12q_random_bp,hea,RX_RY_RZ_CNOT,none,circular,cnot,local,12,8,7,same_entangling_gate_count,6,8,RY,1,241,layer_006_wire_008_RY,3,-0.0002648515856043926,7.257445448457189e-07,0.0006265287062176188,0.0
random_bp,expectation_value,bcw_12q_random_bp,hea,RX_RY_RZ_CNOT,none,circular,cnot,local,12,8,7,same_entangling_gate_count,6,8,RZ,2,242,layer_006_wire_008_RZ,3,2.091352584487807e-18,7.242840095330816e-36,2.604072535019063e-18,1.0
random_bp,expectation_value,bcw_12q_random_bp,hea,RX_RY_RZ_CNOT,none,circular,cnot,local,12,8,7,same_entangling_gate_count,6,9,RX,0,243,layer_006_wire_009_RX,3,0.0001543992135237408,1.293459177545335e-07,0.0002490571207382579,0.0
random_bp,expectation_value,bcw_12q_random_bp,hea,RX_RY_RZ_CNOT,none,circular,cnot,local,12,8,7,same_entangling_gate_count,6,9,RY,1,244,layer_006_wire_009_RY,3,-0.000685075080222063,7.470658200352331e-06,0.0022386350949357772,0.0
random_bp,expectation_value,bcw_12q_random_bp,hea,RX_RY_RZ_CNOT,none,circular,cnot,local,12,8,7,same_entangling_gate_count,6,9,RZ,2,245,layer_006_wire_009_RZ,3,-4.329117880356012e-18,9.779828056811988e-36,4.329117880356012e-18,1.0
random_bp,expectation_value,bcw_12q_random_bp,hea,RX_RY_RZ_CNOT,none,circular,cnot,local,12,8,7,same_entangling_gate_count,6,10,RX,0,246,layer_006_wire_010_RX,3,-0.00031229991392360925,9.85966956140484e-07,0.0006553062803841733,0.0
random_bp,expectation_value,bcw_12q_random_bp,hea,RX_RY_RZ_CNOT,none,circular,cnot,local,12,8,7,same_entangling_gate_count,6,10,RY,1,247,layer_006_wire_010_RY,3,0.0004428471090073147,1.2149814561483636e-05,0.002797122640996062,0.0
random_bp,expectation_value,bcw_12q_random_bp,hea,RX_RY_RZ_CNOT,none,circular,cnot,local,12,8,7,same_entangling_gate_count,6,10,RZ,2,248,layer_006_wire_010_RZ,3,-1.5676062471079692e-18,1.432262798822311e-35,2.3866524197599012e-18,1.0
random_bp,expectation_value,bcw_12q_random_bp,hea,RX_RY_RZ_CNOT,none,circular,cnot,local,12,8,7,same_entangling_gate_count,6,11,RX,0,249,layer_006_wire_011_RX,3,-0.0009341869827055241,5.878679103754078e-07,0.0009341869827055241,0.0
random_bp,expectation_value,bcw_12q_random_bp,hea,RX_RY_RZ_CNOT,none,circular,cnot,local,12,8,7,same_entangling_gate_count,6,11,RY,1,250,layer_006_wire_011_RY,3,-0.0017052977351880627,1.339096695983686e-05,0.003381813832914049,0.0
random_bp,expectation_value,bcw_12q_random_bp,hea,RX_RY_RZ_CNOT,none,circular,cnot,local,12,8,7,same_entangling_gate_count,6,11,RZ,2,251,layer_006_wire_011_RZ,3,-6.045026384499881e-19,1.8981925813974533e-34,9.933563459445753e-18,1.0
random_bp,expectation_value,bcw_12q_random_bp,hea,RX_RY_RZ_CNOT,none,linear,cnot,global,12,8,8,same_entangling_gate_count,0,0,RX,0,0,layer_000_wire_000_RX,3,-0.0009173714664688598,0.0001715751863979419,0.010192296032519409,0.0
random_bp,expectation_value,bcw_12q_random_bp,hea,RX_RY_RZ_CNOT,none,linear,cnot,global,12,8,8,same_entangling_gate_count,0,0,RY,1,1,layer_000_wire_000_RY,3,-0.0028428789727652616,8.350473126927755e-06,0.0031481849241848394,0.0
random_bp,expectation_value,bcw_12q_random_bp,hea,RX_RY_RZ_CNOT,none,linear,cnot,global,12,8,8,same_entangling_gate_count,0,0,RZ,2,2,layer_000_wire_000_RZ,3,-0.007625313190452712,1.4338199138064078e-05,0.007625313190452712,0.0
random_bp,expectation_value,bcw_12q_random_bp,hea,RX_RY_RZ_CNOT,none,linear,cnot,global,12,8,8,same_entangling_gate_count,0,1,RX,0,3,layer_000_wire_001_RX,3,-0.009776529818362597,9.836211941920298e-06,0.009776529818362597,0.0
random_bp,expectation_value,bcw_12q_random_bp,hea,RX_RY_RZ_CNOT,none,linear,cnot,global,12,8,8,same_entangling_gate_count,0,1,RY,1,4,layer_000_wire_001_RY,3,-0.010096617072457544,9.467824635675027e-06,0.010096617072457544,0.0
random_bp,expectation_value,bcw_12q_random_bp,hea,RX_RY_RZ_CNOT,none,linear,cnot,global,12,8,8,same_entangling_gate_count,0,1,RZ,2,5,layer_000_wire_001_RZ,3,0.0005707290922058346,6.114743036448296e-05,0.0061353013572393355,0.0
random_bp,expectation_value,bcw_12q_random_bp,hea,RX_RY_RZ_CNOT,none,linear,cnot,global,12,8,8,same_entangling_gate_count,0,2,RX,0,6,layer_000_wire_002_RX,3,-0.0016816739092159571,2.4803969268349433e-05,0.003380252262618226,0.0
random_bp,expectation_value,bcw_12q_random_bp,hea,RX_RY_RZ_CNOT,none,linear,cnot,global,12,8,8,same_entangling_gate_count,0,2,RY,1,7,layer_000_wire_002_RY,3,0.0032077668704950566,2.528746898080889e-05,0.004499119792574041,0.0
random_bp,expectation_value,bcw_12q_random_bp,hea,RX_RY_RZ_CNOT,none,linear,cnot,global,12,8,8,same_entangling_gate_count,0,2,RZ,2,8,layer_000_wire_002_RZ,3,-0.0017997606613746045,1.4782232127373526e-05,0.0031295843561821904,0.0
random_bp,expectation_value,bcw_12q_random_bp,hea,RX_RY_RZ_CNOT,none,linear,cnot,global,12,8,8,same_entangling_gate_count,0,3,RX,0,9,layer_000_wire_003_RX,3,0.0018936437629747188,0.00010591100362153871,0.006983227476954178,0.0
random_bp,expectation_value,bcw_12q_random_bp,hea,RX_RY_RZ_CNOT,none,linear,cnot,global,12,8,8,same_entangling_gate_count,0,3,RY,1,10,layer_000_wire_003_RY,3,0.008355591813343036,3.633286190050524e-05,0.008355591813343036,0.0
random_bp,expectation_value,bcw_12q_random_bp,hea,RX_RY_RZ_CNOT,none,linear,cnot,global,12,8,8,same_entangling_gate_count,0,3,RZ,2,11,layer_000_wire_003_RZ,3,0.0004727981468989626,0.00014402546258047983,0.009386866677969868,0.0
random_bp,expectation_value,bcw_12q_random_bp,hea,RX_RY_RZ_CNOT,none,linear,cnot,global,12,8,8,same_entangling_gate_count,0,4,RX,0,12,layer_000_wire_004_RX,3,-0.0055337716626648725,0.00027272611656730555,0.01402167839463562,0.0
random_bp,expectation_value,bcw_12q_random_bp,hea,RX_RY_RZ_CNOT,none,linear,cnot,global,12,8,8,same_entangling_gate_count,0,4,RY,1,13,layer_000_wire_004_RY,3,-0.002164629507784838,3.08925720043476e-06,0.002164629507784838,0.0
random_bp,expectation_value,bcw_12q_random_bp,hea,RX_RY_RZ_CNOT,none,linear,cnot,global,12,8,8,same_entangling_gate_count,0,4,RZ,2,14,layer_000_wire_004_RZ,3,0.001095457502275403,0.0002059425120200407,0.010267210524760798,0.0
random_bp,expectation_value,bcw_12q_random_bp,hea,RX_RY_RZ_CNOT,none,linear,cnot,global,12,8,8,same_entangling_gate_count,0,5,RX,0,15,layer_000_wire_005_RX,3,-0.011156993815723859,9.941013006452153e-07,0.011156993815723859,0.0
random_bp,expectation_value,bcw_12q_random_bp,hea,RX_RY_RZ_CNOT,none,linear,cnot,global,12,8,8,same_entangling_gate_count,0,5,RY,1,16,layer_000_wire_005_RY,3,0.003980939668673182,8.752764846112688e-05,0.008386155141196512,0.0
random_bp,expectation_value,bcw_12q_random_bp,hea,RX_RY_RZ_CNOT,none,linear,cnot,global,12,8,8,same_entangling_gate_count,0,5,RZ,2,17,layer_000_wire_005_RZ,3,0.0015518916762625994,0.0001626800740015382,0.009299586450504696,0.0
random_bp,expectation_value,bcw_12q_random_bp,hea,RX_RY_RZ_CNOT,none,linear,cnot,global,12,8,8,same_entangling_gate_count,0,6,RX,0,18,layer_000_wire_006_RX,3,-4.14298982873082e-05,0.00016156901791093662,0.008900026893007862,0.0
random_bp,expectation_value,bcw_12q_random_bp,hea,RX_RY_RZ_CNOT,none,linear,cnot,global,12,8,8,same_entangling_gate_count,0,6,RY,1,19,layer_000_wire_006_RY,3,-0.008055503868264091,0.0001730752377367769,0.008837645903069,0.0
random_bp,expectation_value,bcw_12q_random_bp,hea,RX_RY_RZ_CNOT,none,linear,cnot,global,12,8,8,same_entangling_gate_count,0,6,RZ,2,20,layer_000_wire_006_RZ,3,-0.0024476934448298465,0.0001614733505398632,0.010200634147423485,0.0
random_bp,expectation_value,bcw_12q_random_bp,hea,RX_RY_RZ_CNOT,none,linear,cnot,global,12,8,8,same_entangling_gate_count,0,7,RX,0,21,layer_000_wire_007_RX,3,0.003012163344779399,3.66932998375342e-05,0.004199824555839927,0.0
random_bp,expectation_value,bcw_12q_random_bp,hea,RX_RY_RZ_CNOT,none,linear,cnot,global,12,8,8,same_entangling_gate_count,0,7,RY,1,22,layer_000_wire_007_RY,3,0.0019453284472442421,5.466004365767757e-06,0.0024470040203936638,0.0
random_bp,expectation_value,bcw_12q_random_bp,hea,RX_RY_RZ_CNOT,none,linear,cnot,global,12,8,8,same_entangling_gate_count,0,7,RZ,2,23,layer_000_wire_007_RZ,3,0.0002525023745009211,3.310529237612475e-05,0.0045026667955070775,0.0
random_bp,expectation_value,bcw_12q_random_bp,hea,RX_RY_RZ_CNOT,none,linear,cnot,global,12,8,8,same_entangling_gate_count,0,8,RX,0,24,layer_000_wire_008_RX,3,-0.004080993720630043,5.953384944530992e-05,0.006796518176444634,0.0
random_bp,expectation_value,bcw_12q_random_bp,hea,RX_RY_RZ_CNOT,none,linear,cnot,global,12,8,8,same_entangling_gate_count,0,8,RY,1,25,layer_000_wire_008_RY,3,0.005615944933624476,4.239098592777851e-05,0.005615944933624477,0.0
random_bp,expectation_value,bcw_12q_random_bp,hea,RX_RY_RZ_CNOT,none,linear,cnot,global,12,8,8,same_entangling_gate_count,0,8,RZ,2,26,layer_000_wire_008_RZ,3,0.005330370644617774,1.7355190358477382e-06,0.005330370644617774,0.0
random_bp,expectation_value,bcw_12q_random_bp,hea,RX_RY_RZ_CNOT,none,linear,cnot,global,12,8,8,same_entangling_gate_count,0,9,RX,0,27,layer_000_wire_009_RX,3,-0.006541249529679925,0.0001139230864633706,0.010218162393571102,0.0
random_bp,expectation_value,bcw_12q_random_bp,hea,RX_RY_RZ_CNOT,none,linear,cnot,global,12,8,8,same_entangling_gate_count,0,9,RY,1,28,layer_000_wire_009_RY,3,0.0055661684251115204,6.138186570283277e-05,0.00556616842511152,0.0
random_bp,expectation_value,bcw_12q_random_bp,hea,RX_RY_RZ_CNOT,none,linear,cnot,global,12,8,8,same_entangling_gate_count,0,9,RZ,2,29,layer_000_wire_009_RZ,3,0.003521781588775196,0.00012659830565038254,0.009789356719402903,0.0
random_bp,expectation_value,bcw_12q_random_bp,hea,RX_RY_RZ_CNOT,none,linear,cnot,global,12,8,8,same_entangling_gate_count,0,10,RX,0,30,layer_000_wire_010_RX,3,-0.004165352011806175,0.00031863725004026457,0.012352735662895192,0.0
random_bp,expectation_value,bcw_12q_random_bp,hea,RX_RY_RZ_CNOT,none,linear,cnot,global,12,8,8,same_entangling_gate_count,0,10,RY,1,31,layer_000_wire_010_RY,3,-0.003807336200781286,3.260313167376582e-06,0.003807336200781286,0.0
random_bp,expectation_value,bcw_12q_random_bp,hea,RX_RY_RZ_CNOT,none,linear,cnot,global,12,8,8,same_entangling_gate_count,0,10,RZ,2,32,layer_000_wire_010_RZ,3,-0.0056356326907305975,8.475968449900627e-05,0.006590406575606895,0.0
random_bp,expectation_value,bcw_12q_random_bp,hea,RX_RY_RZ_CNOT,none,linear,cnot,global,12,8,8,same_entangling_gate_count,0,11,RX,0,33,layer_000_wire_011_RX,3,0.005924471984041406,5.7980791939129045e-05,0.007498811687994786,0.0
random_bp,expectation_value,bcw_12q_random_bp,hea,RX_RY_RZ_CNOT,none,linear,cnot,global,12,8,8,same_entangling_gate_count,0,11,RY,1,34,layer_000_wire_011_RY,3,-0.0011957324524812594,1.3896638492050769e-05,0.0025169368793344703,0.0
random_bp,expectation_value,bcw_12q_random_bp,hea,RX_RY_RZ_CNOT,none,linear,cnot,global,12,8,8,same_entangling_gate_count,0,11,RZ,2,35,layer_000_wire_011_RZ,3,-0.011922979542082185,0.0002968246220024294,0.013754954455651008,0.0
random_bp,expectation_value,bcw_12q_random_bp,hea,RX_RY_RZ_CNOT,none,linear,cnot,global,12,8,8,same_entangling_gate_count,1,0,RX,0,36,layer_001_wire_000_RX,3,0.0009821913183370953,0.0003071249371540861,0.012982843081793082,0.0
random_bp,expectation_value,bcw_12q_random_bp,hea,RX_RY_RZ_CNOT,none,linear,cnot,global,12,8,8,same_entangling_gate_count,1,0,RY,1,37,layer_001_wire_000_RY,3,0.0028544773565138877,7.291956293820623e-05,0.006500178106382517,0.0
random_bp,expectation_value,bcw_12q_random_bp,hea,RX_RY_RZ_CNOT,none,linear,cnot,global,12,8,8,same_entangling_gate_count,1,0,RZ,2,38,layer_001_wire_000_RZ,3,0.004549505648795884,0.00012210121768439585,0.0069707082201953706,0.0
random_bp,expectation_value,bcw_12q_random_bp,hea,RX_RY_RZ_CNOT,none,linear,cnot,global,12,8,8,same_entangling_gate_count,1,1,RX,0,39,layer_001_wire_001_RX,3,6.358230810396548e-07,6.400277563212195e-05,0.0060817517194710164,0.0
random_bp,expectation_value,bcw_12q_random_bp,hea,RX_RY_RZ_CNOT,none,linear,cnot,global,12,8,8,same_entangling_gate_count,1,1,RY,1,40,layer_001_wire_001_RY,3,-0.005826706955992022,4.9204977871620855e-05,0.005826706955992022,0.0
random_bp,expectation_value,bcw_12q_random_bp,hea,RX_RY_RZ_CNOT,none,linear,cnot,global,12,8,8,same_entangling_gate_count,1,1,RZ,2,41,layer_001_wire_001_RZ,3,-0.0034285958389125523,5.6906530939112256e-05,0.006492101098357655,0.0
random_bp,expectation_value,bcw_12q_random_bp,hea,RX_RY_RZ_CNOT,none,linear,cnot,global,12,8,8,same_entangling_gate_count,1,2,RX,0,42,layer_001_wire_002_RX,3,0.0016602356354977312,1.1036954038076818e-05,0.002890020106216132,0.0
random_bp,expectation_value,bcw_12q_random_bp,hea,RX_RY_RZ_CNOT,none,linear,cnot,global,12,8,8,same_entangling_gate_count,1,2,RY,1,43,layer_001_wire_002_RY,3,-0.00010490427570042805,0.00030539635575697703,0.012997534789054228,0.0
random_bp,expectation_value,bcw_12q_random_bp,hea,RX_RY_RZ_CNOT,none,linear,cnot,global,12,8,8,same_entangling_gate_count,1,2,RZ,2,44,layer_001_wire_002_RZ,3,-0.0008588018554434518,6.266073217532836e-07,0.0008588018554434518,0.0
random_bp,expectation_value,bcw_12q_random_bp,hea,RX_RY_RZ_CNOT,none,linear,cnot,global,12,8,8,same_entangling_gate_count,1,3,RX,0,45,layer_001_wire_003_RX,3,-0.002137855910142497,3.0948016794038728e-06,0.002137855910142497,0.0
random_bp,expectation_value,bcw_12q_random_bp,hea,RX_RY_RZ_CNOT,none,linear,cnot,global,12,8,8,same_entangling_gate_count,1,3,RY,1,46,layer_001_wire_003_RY,3,-0.0003836150138900982,0.00038161117874156074,0.014525035793632615,0.0
random_bp,expectation_value,bcw_12q_random_bp,hea,RX_RY_RZ_CNOT,none,linear,cnot,global,12,8,8,same_entangling_gate_count,1,3,RZ,2,47,layer_001_wire_003_RZ,3,-0.0021127340096411245,1.0194388395996748e-05,0.0026464605198628886,0.0
random_bp,expectation_value,bcw_12q_random_bp,hea,RX_RY_RZ_CNOT,none,linear,cnot,global,12,8,8,same_entangling_gate_count,1,4,RX,0,48,layer_001_wire_004_RX,3,0.0032944693849277524,0.00014753321817708798,0.008741905233954243,0.0
random_bp,expectation_value,bcw_12q_random_bp,hea,RX_RY_RZ_CNOT,none,linear,cnot,global,12,8,8,same_entangling_gate_count,1,4,RY,1,49,layer_001_wire_004_RY,3,-0.005579514203071467,4.2846290849617424e-05,0.0068879900559728644,0.0
random_bp,expectation_value,bcw_12q_random_bp,hea,RX_RY_RZ_CNOT,none,linear,cnot,global,12,8,8,same_entangling_gate_count,1,4,RZ,2,50,layer_001_wire_004_RZ,3,-0.0028290688511378665,0.00015320375366015482,0.008517388762088842,0.0
random_bp,expectation_value,bcw_12q_random_bp,hea,RX_RY_RZ_CNOT,none,linear,cnot,global,12,8,8,same_entangling_gate_count,1,5,RX,0,51,layer_001_wire_005_RX,3,-0.01659655875596507,0.00018267285008040756,0.01659655875596507,0.0
random_bp,expectation_value,bcw_12q_random_bp,hea,RX_RY_RZ_CNOT,none,linear,cnot,global,12,8,8,same_entangling_gate_count,1,5,RY,1,52,layer_001_wire_005_RY,3,-0.00044747401427457236,5.03535274368505e-07,0.0006744381887461822,0.0
random_bp,expectation_value,bcw_12q_random_bp,hea,RX_RY_RZ_CNOT,none,linear,cnot,global,12,8,8,same_entangling_gate_count,1,5,RZ,2,53,layer_001_wire_005_RZ,3,0.0019327385769743102,0.0004140098622799046,0.014959823723943519,0.0
random_bp,expectation_value,bcw_12q_random_bp,hea,RX_RY_RZ_CNOT,none,linear,cnot,global,12,8,8,same_entangling_gate_count,1,6,RX,0,54,layer_001_wire_006_RX,3,0.0029216503394081375,3.430480883650296e-06,0.002921650339408137,0.0
random_bp,expectation_value,bcw_12q_random_bp,hea,RX_RY_RZ_CNOT,none,linear,cnot,global,12,8,8,same_entangling_gate_count,1,6,RY,1,55,layer_001_wire_006_RY,3,0.004481844959198952,0.00025686660060826344,0.010759503583455496,0.0
random_bp,expectation_value,bcw_12q_random_bp,hea,RX_RY_RZ_CNOT,none,linear,cnot,global,12,8,8,same_entangling_gate_count,1,6,RZ,2,56,layer_001_wire_006_RZ,3,0.0071267587225107825,5.348291474896965e-05,0.00746573317301328,0.0
random_bp,expectation_value,bcw_12q_random_bp,hea,RX_RY_RZ_CNOT,none,linear,cnot,global,12,8,8,same_entangling_gate_count,1,7,RX,0,57,layer_001_wire_007_RX,3,0.0019744599052605445,8.770475502077626e-06,0.0028826626294963464,0.0
random_bp,expectation_value,bcw_12q_random_bp,hea,RX_RY_RZ_CNOT,none,linear,cnot,global,12,8,8,same_entangling_gate_count,1,7,RY,1,58,layer_001_wire_007_RY,3,-0.0024752302458857754,0.00018941459446089902,0.011402147561017496,0.0
random_bp,expectation_value,bcw_12q_random_bp,hea,RX_RY_RZ_CNOT,none,linear,cnot,global,12,8,8,same_entangling_gate_count,1,7,RZ,2,59,layer_001_wire_007_RZ,3,-0.0007930316327400828,6.412258977604027e-06,0.002156289578507291,0.0
random_bp,expectation_value,bcw_12q_random_bp,hea,RX_RY_RZ_CNOT,none,linear,cnot,global,12,8,8,same_entangling_gate_count,1,8,RX,0,60,layer_001_wire_008_RX,3,-0.0022632897421094845,7.999824801651899e-05,0.006959970929264362,0.0
random_bp,expectation_value,bcw_12q_random_bp,hea,RX_RY_RZ_CNOT,none,linear,cnot,global,12,8,8,same_entangling_gate_count,1,8,RY,1,61,layer_001_wire_008_RY,3,-0.005406305533862479,0.0003873549456698744,0.013368576964474459,0.0
random_bp,expectation_value,bcw_12q_random_bp,hea,RX_RY_RZ_CNOT,none,linear,cnot,global,12,8,8,same_entangling_gate_count,1,8,RZ,2,62,layer_001_wire_008_RZ,3,0.0006898195167400342,0.000263567500949535,0.011530498808506135,0.0
random_bp,expectation_value,bcw_12q_random_bp,hea,RX_RY_RZ_CNOT,none,linear,cnot,global,12,8,8,same_entangling_gate_count,1,9,RX,0,63,layer_001_wire_009_RX,3,0.001830807031730091,0.0001151165239708401,0.007506384921192596,0.0
random_bp,expectation_value,bcw_12q_random_bp,hea,RX_RY_RZ_CNOT,none,linear,cnot,global,12,8,8,same_entangling_gate_count,1,9,RY,1,64,layer_001_wire_009_RY,3,-0.008598891488589243,0.00016282134320295152,0.012062487218991863,0.0
random_bp,expectation_value,bcw_12q_random_bp,hea,RX_RY_RZ_CNOT,none,linear,cnot,global,12,8,8,same_entangling_gate_count,1,9,RZ,2,65,layer_001_wire_009_RZ,3,-0.004163673282445604,4.022028230169586e-05,0.0060118207049280475,0.0
random_bp,expectation_value,bcw_12q_random_bp,hea,RX_RY_RZ_CNOT,none,linear,cnot,global,12,8,8,same_entangling_gate_count,1,10,RX,0,66,layer_001_wire_010_RX,3,0.007421022126675314,8.695831175312619e-06,0.007421022126675313,0.0
random_bp,expectation_value,bcw_12q_random_bp,hea,RX_RY_RZ_CNOT,none,linear,cnot,global,12,8,8,same_entangling_gate_count,1,10,RY,1,67,layer_001_wire_010_RY,3,-0.009478064892225753,0.00015187220079290316,0.011112561387078829,0.0
random_bp,expectation_value,bcw_12q_random_bp,hea,RX_RY_RZ_CNOT,none,linear,cnot,global,12,8,8,same_entangling_gate_count,1,10,RZ,2,68,layer_001_wire_010_RZ,3,-0.002186489687029772,3.569429276805476e-05,0.003791078082117301,0.0
random_bp,expectation_value,bcw_12q_random_bp,hea,RX_RY_RZ_CNOT,none,linear,cnot,global,12,8,8,same_entangling_gate_count,1,11,RX,0,69,layer_001_wire_011_RX,3,0.0006315622136330741,6.732068055085003e-06,0.0019896447339164294,0.0
random_bp,expectation_value,bcw_12q_random_bp,hea,RX_RY_RZ_CNOT,none,linear,cnot,global,12,8,8,same_entangling_gate_count,1,11,RY,1,70,layer_001_wire_011_RY,3,0.0002879543508124511,0.0005856164295693548,0.0184396937235078,0.0
random_bp,expectation_value,bcw_12q_random_bp,hea,RX_RY_RZ_CNOT,none,linear,cnot,global,12,8,8,same_entangling_gate_count,1,11,RZ,2,71,layer_001_wire_011_RZ,3,-0.002015292352481949,4.2810458573983545e-06,0.0022500570715726464,0.0
random_bp,expectation_value,bcw_12q_random_bp,hea,RX_RY_RZ_CNOT,none,linear,cnot,global,12,8,8,same_entangling_gate_count,2,0,RX,0,72,layer_002_wire_000_RX,3,0.0009110217805351098,0.0002465068233234206,0.011729783953171286,0.0
random_bp,expectation_value,bcw_12q_random_bp,hea,RX_RY_RZ_CNOT,none,linear,cnot,global,12,8,8,same_entangling_gate_count,2,0,RY,1,73,layer_002_wire_000_RY,3,0.0021927241624818514,1.543250893006805e-05,0.003456502017510164,0.0
random_bp,expectation_value,bcw_12q_random_bp,hea,RX_RY_RZ_CNOT,none,linear,cnot,global,12,8,8,same_entangling_gate_count,2,0,RZ,2,74,layer_002_wire_000_RZ,3,0.002850764724328245,0.00018601634902257517,0.011437618221813016,0.0
random_bp,expectation_value,bcw_12q_random_bp,hea,RX_RY_RZ_CNOT,none,linear,cnot,global,12,8,8,same_entangling_gate_count,2,1,RX,0,75,layer_002_wire_001_RX,3,0.007096820684402129,4.173193094923188e-05,0.007096820684402128,0.0
random_bp,expectation_value,bcw_12q_random_bp,hea,RX_RY_RZ_CNOT,none,linear,cnot,global,12,8,8,same_entangling_gate_count,2,1,RY,1,76,layer_002_wire_001_RY,3,-0.009798923986555325,1.8873752712512674e-05,0.009798923986555325,0.0
random_bp,expectation_value,bcw_12q_random_bp,hea,RX_RY_RZ_CNOT,none,linear,cnot,global,12,8,8,same_entangling_gate_count,2,1,RZ,2,77,layer_002_wire_001_RZ,3,-0.0021936061516361757,0.00015542358589044474,0.008616274540402787,0.0
random_bp,expectation_value,bcw_12q_random_bp,hea,RX_RY_RZ_CNOT,none,linear,cnot,global,12,8,8,same_entangling_gate_count,2,2,RX,0,78,layer_002_wire_002_RX,3,-0.00960909889753429,4.814056081079094e-05,0.009609098897534292,0.0
random_bp,expectation_value,bcw_12q_random_bp,hea,RX_RY_RZ_CNOT,none,linear,cnot,global,12,8,8,same_entangling_gate_count,2,2,RY,1,79,layer_002_wire_002_RY,3,0.0022260411966643786,5.370490528234335e-05,0.005469495617000989,0.0
random_bp,expectation_value,bcw_12q_random_bp,hea,RX_RY_RZ_CNOT,none,linear,cnot,global,12,8,8,same_entangling_gate_count,2,2,RZ,2,80,layer_002_wire_002_RZ,3,-0.0006212228840646658,6.135331133934088e-05,0.00548611579563095,0.0
random_bp,expectation_value,bcw_12q_random_bp,hea,RX_RY_RZ_CNOT,none,linear,cnot,global,12,8,8,same_entangling_gate_count,2,3,RX,0,81,layer_002_wire_003_RX,3,-0.0005673926181960394,0.00024189422055447978,0.010852215477011115,0.0
random_bp,expectation_value,bcw_12q_random_bp,hea,RX_RY_RZ_CNOT,none,linear,cnot,global,12,8,8,same_entangling_gate_count,2,3,RY,1,82,layer_002_wire_003_RY,3,-0.011250804617541596,1.9407218418030277e-05,0.011250804617541596,0.0
random_bp,expectation_value,bcw_12q_random_bp,hea,RX_RY_RZ_CNOT,none,linear,cnot,global,12,8,8,same_entangling_gate_count,2,3,RZ,2,83,layer_002_wire_003_RZ,3,-0.0015219693815060938,0.00014628451213267188,0.008166844922707094,0.0
random_bp,expectation_value,bcw_12q_random_bp,hea,RX_RY_RZ_CNOT,none,linear,cnot,global,12,8,8,same_entangling_gate_count,2,4,RX,0,84,layer_002_wire_004_RX,3,-0.0011272896282274333,2.354982885574939e-05,0.003943867207050747,0.0
random_bp,expectation_value,bcw_12q_random_bp,hea,RX_RY_RZ_CNOT,none,linear,cnot,global,12,8,8,same_entangling_gate_count,2,4,RY,1,85,layer_002_wire_004_RY,3,0.00041282288991206464,2.6102141093676143e-06,0.0013805128547938336,0.0
random_bp,expectation_value,bcw_12q_random_bp,hea,RX_RY_RZ_CNOT,none,linear,cnot,global,12,8,8,same_entangling_gate_count,2,4,RZ,2,86,layer_002_wire_004_RZ,3,0.00016043704625680897,2.5265652492944498e-05,0.0038627913273371604,0.0
random_bp,expectation_value,bcw_12q_random_bp,hea,RX_RY_RZ_CNOT,none,linear,cnot,global,12,8,8,same_entangling_gate_count,2,5,RX,0,87,layer_002_wire_005_RX,3,-0.003667510428600677,4.9331868829117896e-05,0.004396048379796534,0.0
random_bp,expectation_value,bcw_12q_random_bp,hea,RX_RY_RZ_CNOT,none,linear,cnot,global,12,8,8,same_entangling_gate_count,2,5,RY,1,88,layer_002_wire_005_RY,3,0.0008783072681410986,0.0001676890997615612,0.009827231135351446,0.0
random_bp,expectation_value,bcw_12q_random_bp,hea,RX_RY_RZ_CNOT,none,linear,cnot,global,12,8,8,same_entangling_gate_count,2,5,RZ,2,89,layer_002_wire_005_RZ,3,-0.008979573286121985,1.5005020267932699e-06,0.008979573286121985,0.0
random_bp,expectation_value,bcw_12q_random_bp,hea,RX_RY_RZ_CNOT,none,linear,cnot,global,12,8,8,same_entangling_gate_count,2,6,RX,0,90,layer_002_wire_006_RX,3,-0.008116455602414198,0.00014045368521417318,0.011662103337129049,0.0
random_bp,expectation_value,bcw_12q_random_bp,hea,RX_RY_RZ_CNOT,none,linear,cnot,global,12,8,8,same_entangling_gate_count,2,6,RY,1,91,layer_002_wire_006_RY,3,0.0015393674776597152,9.81316256845094e-06,0.0021898687899637565,0.0
random_bp,expectation_value,bcw_12q_random_bp,hea,RX_RY_RZ_CNOT,none,linear,cnot,global,12,8,8,same_entangling_gate_count,2,6,RZ,2,92,layer_002_wire_006_RZ,3,-0.002568195835206282,4.2217637842725996e-05,0.005305813256910091,0.0
random_bp,expectation_value,bcw_12q_random_bp,hea,RX_RY_RZ_CNOT,none,linear,cnot,global,12,8,8,same_entangling_gate_count,2,7,RX,0,93,layer_002_wire_007_RX,3,0.005995914231692512,3.244615831112398e-05,0.005995914231692513,0.0
random_bp,expectation_value,bcw_12q_random_bp,hea,RX_RY_RZ_CNOT,none,linear,cnot,global,12,8,8,same_entangling_gate_count,2,7,RY,1,94,layer_002_wire_007_RY,3,0.0049511074767556165,0.0001500289842513469,0.010232275897156357,0.0
random_bp,expectation_value,bcw_12q_random_bp,hea,RX_RY_RZ_CNOT,none,linear,cnot,global,12,8,8,same_entangling_gate_count,2,7,RZ,2,95,layer_002_wire_007_RZ,3,0.00871158562995418,2.260712791864664e-05,0.00871158562995418,0.0
random_bp,expectation_value,bcw_12q_random_bp,hea,RX_RY_RZ_CNOT,none,linear,cnot,global,12,8,8,same_entangling_gate_count,2,8,RX,0,96,layer_002_wire_008_RX,3,0.0023187464261985465,0.00023021606469820127,0.011472888555012273,0.0
random_bp,expectation_value,bcw_12q_random_bp,hea,RX_RY_RZ_CNOT,none,linear,cnot,global,12,8,8,same_entangling_gate_count,2,8,RY,1,97,layer_002_wire_008_RY,3,0.0007756965299047895,0.0005849155016908984,0.018746940473161586,0.0
random_bp,expectation_value,bcw_12q_random_bp,hea,RX_RY_RZ_CNOT,none,linear,cnot,global,12,8,8,same_entangling_gate_count,2,8,RZ,2,98,layer_002_wire_008_RZ,3,-0.005755000985889525,2.565386600701836e-05,0.005755000985889526,0.0
random_bp,expectation_value,bcw_12q_random_bp,hea,RX_RY_RZ_CNOT,none,linear,cnot,global,12,8,8,same_entangling_gate_count,2,9,RX,0,99,layer_002_wire_009_RX,3,0.003371409572821161,0.00032204791023347,0.012670548909945387,0.0
random_bp,expectation_value,bcw_12q_random_bp,hea,RX_RY_RZ_CNOT,none,linear,cnot,global,12,8,8,same_entangling_gate_count,2,9,RY,1,100,layer_002_wire_009_RY,3,-0.008634525538978406,0.00014957681514616628,0.010397929449460037,0.0
random_bp,expectation_value,bcw_12q_random_bp,hea,RX_RY_RZ_CNOT,none,linear,cnot,global,12,8,8,same_entangling_gate_count,2,9,RZ,2,101,layer_002_wire_009_RZ,3,0.004609202910172365,0.00010933726037079488,0.0078007224592042445,0.0
random_bp,expectation_value,bcw_12q_random_bp,hea,RX_RY_RZ_CNOT,none,linear,cnot,global,12,8,8,same_entangling_gate_count,2,10,RX,0,102,layer_002_wire_010_RX,3,0.0047641622575069435,8.733015459045368e-05,0.006340563831606656,0.0
random_bp,expectation_value,bcw_12q_random_bp,hea,RX_RY_RZ_CNOT,none,linear,cnot,global,12,8,8,same_entangling_gate_count,2,10,RY,1,103,layer_002_wire_010_RY,3,0.0025489164192304425,0.00013281991067773117,0.007611919978226749,0.0
random_bp,expectation_value,bcw_12q_random_bp,hea,RX_RY_RZ_CNOT,none,linear,cnot,global,12,8,8,same_entangling_gate_count,2,10,RZ,2,104,layer_002_wire_010_RZ,3,-0.004725188752419687,7.769060245828177e-05,0.00586021832765335,0.0
random_bp,expectation_value,bcw_12q_random_bp,hea,RX_RY_RZ_CNOT,none,linear,cnot,global,12,8,8,same_entangling_gate_count,2,11,RX,0,105,layer_002_wire_011_RX,3,0.0028832508287492597,3.5313262739097635e-05,0.004367058066934055,0.0
random_bp,expectation_value,bcw_12q_random_bp,hea,RX_RY_RZ_CNOT,none,linear,cnot,global,12,8,8,same_entangling_gate_count,2,11,RY,1,106,layer_002_wire_011_RY,3,0.002371218581901415,6.480998314560624e-05,0.005406017709929836,0.0
random_bp,expectation_value,bcw_12q_random_bp,hea,RX_RY_RZ_CNOT,none,linear,cnot,global,12,8,8,same_entangling_gate_count,2,11,RZ,2,107,layer_002_wire_011_RZ,3,-0.004183564230726538,0.00011855384642456141,0.009438346029497778,0.0
random_bp,expectation_value,bcw_12q_random_bp,hea,RX_RY_RZ_CNOT,none,linear,cnot,global,12,8,8,same_entangling_gate_count,3,0,RX,0,108,layer_003_wire_000_RX,3,0.004918750010641943,8.425085034125622e-05,0.00817212112881186,0.0
random_bp,expectation_value,bcw_12q_random_bp,hea,RX_RY_RZ_CNOT,none,linear,cnot,global,12,8,8,same_entangling_gate_count,3,0,RY,1,109,layer_003_wire_000_RY,3,-0.010824911345990782,2.124165019050468e-05,0.010824911345990782,0.0
random_bp,expectation_value,bcw_12q_random_bp,hea,RX_RY_RZ_CNOT,none,linear,cnot,global,12,8,8,same_entangling_gate_count,3,0,RZ,2,110,layer_003_wire_000_RZ,3,-0.00047473185227785413,0.0001394088554566484,0.008924180795819553,0.0
random_bp,expectation_value,bcw_12q_random_bp,hea,RX_RY_RZ_CNOT,none,linear,cnot,global,12,8,8,same_entangling_gate_count,3,1,RX,0,111,layer_003_wire_001_RX,3,0.006937654545672211,5.856821892757443e-05,0.006937654545672211,0.0
random_bp,expectation_value,bcw_12q_random_bp,hea,RX_RY_RZ_CNOT,none,linear,cnot,global,12,8,8,same_entangling_gate_count,3,1,RY,1,112,layer_003_wire_001_RY,3,0.003198901932058901,1.842524955227211e-05,0.0035053482190951,0.0
random_bp,expectation_value,bcw_12q_random_bp,hea,RX_RY_RZ_CNOT,none,linear,cnot,global,12,8,8,same_entangling_gate_count,3,1,RZ,2,113,layer_003_wire_001_RZ,3,0.002009643023603397,0.00013085848607762046,0.007851734172523562,0.0
random_bp,expectation_value,bcw_12q_random_bp,hea,RX_RY_RZ_CNOT,none,linear,cnot,global,12,8,8,same_entangling_gate_count,3,2,RX,0,114,layer_003_wire_002_RX,3,-0.0059048879273122514,1.2716724426784107e-06,0.0059048879273122514,0.0
random_bp,expectation_value,bcw_12q_random_bp,hea,RX_RY_RZ_CNOT,none,linear,cnot,global,12,8,8,same_entangling_gate_count,3,2,RY,1,115,layer_003_wire_002_RY,3,-0.0017447693438209647,1.1191960420963441e-05,0.003067887194145767,0.0
random_bp,expectation_value,bcw_12q_random_bp,hea,RX_RY_RZ_CNOT,none,linear,cnot,global,12,8,8,same_entangling_gate_count,3,2,RZ,2,116,layer_003_wire_002_RZ,3,0.0004794078740035755,0.00014503397680474102,0.009200773125124033,0.0
random_bp,expectation_value,bcw_12q_random_bp,hea,RX_RY_RZ_CNOT,none,linear,cnot,global,12,8,8,same_entangling_gate_count,3,3,RX,0,117,layer_003_wire_003_RX,3,-0.005714652678624383,0.00011982540803815521,0.006519408715182103,0.0
random_bp,expectation_value,bcw_12q_random_bp,hea,RX_RY_RZ_CNOT,none,linear,cnot,global,12,8,8,same_entangling_gate_count,3,3,RY,1,118,layer_003_wire_003_RY,3,-0.005198715374458638,6.84213847083056e-05,0.00564224844360058,0.0
random_bp,expectation_value,bcw_12q_random_bp,hea,RX_RY_RZ_CNOT,none,linear,cnot,global,12,8,8,same_entangling_gate_count,3,3,RZ,2,119,layer_003_wire_003_RZ,3,0.007360831290684406,7.348561683692115e-05,0.008084198213024174,0.0
random_bp,expectation_value,bcw_12q_random_bp,hea,RX_RY_RZ_CNOT,none,linear,cnot,global,12,8,8,same_entangling_gate_count,3,4,RX,0,120,layer_003_wire_004_RX,3,-0.007682680107484709,0.00022823388338180038,0.013984567794751828,0.0
random_bp,expectation_value,bcw_12q_random_bp,hea,RX_RY_RZ_CNOT,none,linear,cnot,global,12,8,8,same_entangling_gate_count,3,4,RY,1,121,layer_003_wire_004_RY,3,-0.004713773233930528,2.325058175405248e-05,0.005234500249418662,0.0
random_bp,expectation_value,bcw_12q_random_bp,hea,RX_RY_RZ_CNOT,none,linear,cnot,global,12,8,8,same_entangling_gate_count,3,4,RZ,2,122,layer_003_wire_004_RZ,3,0.0022096716449306938,0.0004064274421887126,0.015905713379878957,0.0
random_bp,expectation_value,bcw_12q_random_bp,hea,RX_RY_RZ_CNOT,none,linear,cnot,global,12,8,8,same_entangling_gate_count,3,5,RX,0,123,layer_003_wire_005_RX,3,-0.0026473486613115067,1.2098192971887114e-07,0.0026473486613115067,0.0
random_bp,expectation_value,bcw_12q_random_bp,hea,RX_RY_RZ_CNOT,none,linear,cnot,global,12,8,8,same_entangling_gate_count,3,5,RY,1,124,layer_003_wire_005_RY,3,-0.004445885775482401,6.258234815726909e-05,0.006799021899542874,0.0
random_bp,expectation_value,bcw_12q_random_bp,hea,RX_RY_RZ_CNOT,none,linear,cnot,global,12,8,8,same_entangling_gate_count,3,5,RZ,2,125,layer_003_wire_005_RZ,3,-0.0029596936413927772,1.0225918721732529e-06,0.0029596936413927772,0.0
random_bp,expectation_value,bcw_12q_random_bp,hea,RX_RY_RZ_CNOT,none,linear,cnot,global,12,8,8,same_entangling_gate_count,3,6,RX,0,126,layer_003_wire_006_RX,3,0.00033216073428485185,6.663726412419091e-05,0.006347281797604173,0.0
random_bp,expectation_value,bcw_12q_random_bp,hea,RX_RY_RZ_CNOT,none,linear,cnot,global,12,8,8,same_entangling_gate_count,3,6,RY,1,127,layer_003_wire_006_RY,3,0.0007697378478383858,0.00013367308321605704,0.009095126665868276,0.0
random_bp,expectation_value,bcw_12q_random_bp,hea,RX_RY_RZ_CNOT,none,linear,cnot,global,12,8,8,same_entangling_gate_count,3,6,RZ,2,128,layer_003_wire_006_RZ,3,-0.004854925550708933,7.480055906172308e-05,0.008003910227862737,0.0
random_bp,expectation_value,bcw_12q_random_bp,hea,RX_RY_RZ_CNOT,none,linear,cnot,global,12,8,8,same_entangling_gate_count,3,7,RX,0,129,layer_003_wire_007_RX,3,0.004041865287903568,0.00014910693432696864,0.00785622219413729,0.0
random_bp,expectation_value,bcw_12q_random_bp,hea,RX_RY_RZ_CNOT,none,linear,cnot,global,12,8,8,same_entangling_gate_count,3,7,RY,1,130,layer_003_wire_007_RY,3,-0.007424979968397338,4.638953175831512e-05,0.007424979968397337,0.0
random_bp,expectation_value,bcw_12q_random_bp,hea,RX_RY_RZ_CNOT,none,linear,cnot,global,12,8,8,same_entangling_gate_count,3,7,RZ,2,131,layer_003_wire_007_RZ,3,0.0014518990464699182,3.7772322264703384e-05,0.00511149592982366,0.0
random_bp,expectation_value,bcw_12q_random_bp,hea,RX_RY_RZ_CNOT,none,linear,cnot,global,12,8,8,same_entangling_gate_count,3,8,RX,0,132,layer_003_wire_008_RX,3,-0.007891451198718176,1.1046209349831276e-05,0.007891451198718176,0.0
random_bp,expectation_value,bcw_12q_random_bp,hea,RX_RY_RZ_CNOT,none,linear,cnot,global,12,8,8,same_entangling_gate_count,3,8,RY,1,133,layer_003_wire_008_RY,3,-0.008424386356407625,0.00017601727929969946,0.00854007931071835,0.0
random_bp,expectation_value,bcw_12q_random_bp,hea,RX_RY_RZ_CNOT,none,linear,cnot,global,12,8,8,same_entangling_gate_count,3,8,RZ,2,134,layer_003_wire_008_RZ,3,0.011935970412815352,0.00013832972264091892,0.01193597041281535,0.0
random_bp,expectation_value,bcw_12q_random_bp,hea,RX_RY_RZ_CNOT,none,linear,cnot,global,12,8,8,same_entangling_gate_count,3,9,RX,0,135,layer_003_wire_009_RX,3,0.0009431222546658932,8.843953146741513e-07,0.0009431222546658932,0.0
random_bp,expectation_value,bcw_12q_random_bp,hea,RX_RY_RZ_CNOT,none,linear,cnot,global,12,8,8,same_entangling_gate_count,3,9,RY,1,136,layer_003_wire_009_RY,3,0.004449446124957493,0.00035999249663633346,0.013054751774440548,0.0
random_bp,expectation_value,bcw_12q_random_bp,hea,RX_RY_RZ_CNOT,none,linear,cnot,global,12,8,8,same_entangling_gate_count,3,9,RZ,2,137,layer_003_wire_009_RZ,3,0.003823374316841795,9.983708022658089e-05,0.00629514794454427,0.0
random_bp,expectation_value,bcw_12q_random_bp,hea,RX_RY_RZ_CNOT,none,linear,cnot,global,12,8,8,same_entangling_gate_count,3,10,RX,0,138,layer_003_wire_010_RX,3,0.0046236758576795305,0.0004973549725053358,0.01760016958890581,0.0
random_bp,expectation_value,bcw_12q_random_bp,hea,RX_RY_RZ_CNOT,none,linear,cnot,global,12,8,8,same_entangling_gate_count,3,10,RY,1,139,layer_003_wire_010_RY,3,0.00457082376819827,5.9502651739462393e-05,0.005267309994409282,0.0
random_bp,expectation_value,bcw_12q_random_bp,hea,RX_RY_RZ_CNOT,none,linear,cnot,global,12,8,8,same_entangling_gate_count,3,10,RZ,2,140,layer_003_wire_010_RZ,3,0.00010103406132472119,0.00038808449724087377,0.01351945038234355,0.0
random_bp,expectation_value,bcw_12q_random_bp,hea,RX_RY_RZ_CNOT,none,linear,cnot,global,12,8,8,same_entangling_gate_count,3,11,RX,0,141,layer_003_wire_011_RX,3,0.0022000642541617323,8.489981368984104e-05,0.006064730910352302,0.0
random_bp,expectation_value,bcw_12q_random_bp,hea,RX_RY_RZ_CNOT,none,linear,cnot,global,12,8,8,same_entangling_gate_count,3,11,RY,1,142,layer_003_wire_011_RY,3,-0.0127186318595189,7.48438299001479e-05,0.0127186318595189,0.0
random_bp,expectation_value,bcw_12q_random_bp,hea,RX_RY_RZ_CNOT,none,linear,cnot,global,12,8,8,same_entangling_gate_count,3,11,RZ,2,143,layer_003_wire_011_RZ,3,-0.003580585530218805,2.6001313152425215e-05,0.0036140668125603918,0.0
random_bp,expectation_value,bcw_12q_random_bp,hea,RX_RY_RZ_CNOT,none,linear,cnot,global,12,8,8,same_entangling_gate_count,4,0,RX,0,144,layer_004_wire_000_RX,3,0.0066464120809884035,1.866818632931512e-05,0.0066464120809884035,0.0
random_bp,expectation_value,bcw_12q_random_bp,hea,RX_RY_RZ_CNOT,none,linear,cnot,global,12,8,8,same_entangling_gate_count,4,0,RY,1,145,layer_004_wire_000_RY,3,-0.009757435372288717,0.00011370366487124643,0.011080136277544297,0.0
random_bp,expectation_value,bcw_12q_random_bp,hea,RX_RY_RZ_CNOT,none,linear,cnot,global,12,8,8,same_entangling_gate_count,4,0,RZ,2,146,layer_004_wire_000_RZ,3,-0.004826552452163427,8.103066507545299e-05,0.008166325112680279,0.0
random_bp,expectation_value,bcw_12q_random_bp,hea,RX_RY_RZ_CNOT,none,linear,cnot,global,12,8,8,same_entangling_gate_count,4,1,RX,0,147,layer_004_wire_001_RX,3,-0.001997733348147823,0.00020914827800896907,0.009932709788847095,0.0
random_bp,expectation_value,bcw_12q_random_bp,hea,RX_RY_RZ_CNOT,none,linear,cnot,global,12,8,8,same_entangling_gate_count,4,1,RY,1,148,layer_004_wire_001_RY,3,-0.013666996786955495,8.880061899860562e-06,0.013666996786955495,0.0
random_bp,expectation_value,bcw_12q_random_bp,hea,RX_RY_RZ_CNOT,none,linear,cnot,global,12,8,8,same_entangling_gate_count,4,1,RZ,2,149,layer_004_wire_001_RZ,3,0.0009939216631011918,6.5292991193933276e-06,0.0022962258027306123,0.0
random_bp,expectation_value,bcw_12q_random_bp,hea,RX_RY_RZ_CNOT,none,linear,cnot,global,12,8,8,same_entangling_gate_count,4,2,RX,0,150,layer_004_wire_002_RX,3,-0.003437007870430112,9.867835302352021e-05,0.008774854597870219,0.0
random_bp,expectation_value,bcw_12q_random_bp,hea,RX_RY_RZ_CNOT,none,linear,cnot,global,12,8,8,same_entangling_gate_count,4,2,RY,1,151,layer_004_wire_002_RY,3,-0.002565993966966476,5.3744628947760456e-05,0.004968022465209454,0.0
random_bp,expectation_value,bcw_12q_random_bp,hea,RX_RY_RZ_CNOT,none,linear,cnot,global,12,8,8,same_entangling_gate_count,4,2,RZ,2,152,layer_004_wire_002_RZ,3,-0.0010048992712875311,9.31803329119012e-05,0.007212803431020401,0.0
random_bp,expectation_value,bcw_12q_random_bp,hea,RX_RY_RZ_CNOT,none,linear,cnot,global,12,8,8,same_entangling_gate_count,4,3,RX,0,153,layer_004_wire_003_RX,3,-0.006014374338511103,2.4185958674104863e-05,0.006014374338511104,0.0
random_bp,expectation_value,bcw_12q_random_bp,hea,RX_RY_RZ_CNOT,none,linear,cnot,global,12,8,8,same_entangling_gate_count,4,3,RY,1,154,layer_004_wire_003_RY,3,0.0017547715414564955,3.9901953576926294e-05,0.004715424567814099,0.0
random_bp,expectation_value,bcw_12q_random_bp,hea,RX_RY_RZ_CNOT,none,linear,cnot,global,12,8,8,same_entangling_gate_count,4,3,RZ,2,155,layer_004_wire_003_RZ,3,0.0008188460919936196,6.653569092865053e-05,0.005635958831373096,0.0
random_bp,expectation_value,bcw_12q_random_bp,hea,RX_RY_RZ_CNOT,none,linear,cnot,global,12,8,8,same_entangling_gate_count,4,4,RX,0,156,layer_004_wire_004_RX,3,0.007023259693292696,6.139572715925073e-05,0.007843522815071682,0.0
random_bp,expectation_value,bcw_12q_random_bp,hea,RX_RY_RZ_CNOT,none,linear,cnot,global,12,8,8,same_entangling_gate_count,4,4,RY,1,157,layer_004_wire_004_RY,3,0.008425656784825979,0.0005071872299942788,0.016647984222480185,0.0
random_bp,expectation_value,bcw_12q_random_bp,hea,RX_RY_RZ_CNOT,none,linear,cnot,global,12,8,8,same_entangling_gate_count,4,4,RZ,2,158,layer_004_wire_004_RZ,3,0.0022261014011616693,8.488398338774201e-05,0.006816264455650944,0.0
random_bp,expectation_value,bcw_12q_random_bp,hea,RX_RY_RZ_CNOT,none,linear,cnot,global,12,8,8,same_entangling_gate_count,4,5,RX,0,159,layer_004_wire_005_RX,3,0.00015487013752135117,2.9346562051931045e-05,0.003882589658613317,0.0
random_bp,expectation_value,bcw_12q_random_bp,hea,RX_RY_RZ_CNOT,none,linear,cnot,global,12,8,8,same_entangling_gate_count,4,5,RY,1,160,layer_004_wire_005_RY,3,-0.0032330470093755994,1.0371969241422732e-05,0.003233047009375599,0.0
random_bp,expectation_value,bcw_12q_random_bp,hea,RX_RY_RZ_CNOT,none,linear,cnot,global,12,8,8,same_entangling_gate_count,4,5,RZ,2,161,layer_004_wire_005_RZ,3,0.0067736549793479695,5.0272855821725054e-05,0.0074879360299016096,0.0
random_bp,expectation_value,bcw_12q_random_bp,hea,RX_RY_RZ_CNOT,none,linear,cnot,global,12,8,8,same_entangling_gate_count,4,6,RX,0,162,layer_004_wire_006_RX,3,0.00015682958316250942,0.0001272450867623578,0.00824858407315113,0.0
random_bp,expectation_value,bcw_12q_random_bp,hea,RX_RY_RZ_CNOT,none,linear,cnot,global,12,8,8,same_entangling_gate_count,4,6,RY,1,163,layer_004_wire_006_RY,3,-0.00347981422265817,0.00011161912812169693,0.006975052052586718,0.0
random_bp,expectation_value,bcw_12q_random_bp,hea,RX_RY_RZ_CNOT,none,linear,cnot,global,12,8,8,same_entangling_gate_count,4,6,RZ,2,164,layer_004_wire_006_RZ,3,-0.009603699685774679,2.0098231325839014e-05,0.009603699685774679,0.0
random_bp,expectation_value,bcw_12q_random_bp,hea,RX_RY_RZ_CNOT,none,linear,cnot,global,12,8,8,same_entangling_gate_count,4,7,RX,0,165,layer_004_wire_007_RX,3,0.009833909704982637,0.0001303479624856953,0.01033870810599931,0.0
random_bp,expectation_value,bcw_12q_random_bp,hea,RX_RY_RZ_CNOT,none,linear,cnot,global,12,8,8,same_entangling_gate_count,4,7,RY,1,166,layer_004_wire_007_RY,3,-0.006185467204196578,2.8227110954609716e-05,0.006185467204196579,0.0
random_bp,expectation_value,bcw_12q_random_bp,hea,RX_RY_RZ_CNOT,none,linear,cnot,global,12,8,8,same_entangling_gate_count,4,7,RZ,2,167,layer_004_wire_007_RZ,3,0.010244354074085643,7.520476799479189e-05,0.010244354074085643,0.0
random_bp,expectation_value,bcw_12q_random_bp,hea,RX_RY_RZ_CNOT,none,linear,cnot,global,12,8,8,same_entangling_gate_count,4,8,RX,0,168,layer_004_wire_008_RX,3,-0.007343164190235313,7.385176558146318e-05,0.007343164190235312,0.0
random_bp,expectation_value,bcw_12q_random_bp,hea,RX_RY_RZ_CNOT,none,linear,cnot,global,12,8,8,same_entangling_gate_count,4,8,RY,1,169,layer_004_wire_008_RY,3,-0.0031210274305435645,0.000508327663122295,0.01561712204210832,0.0
random_bp,expectation_value,bcw_12q_random_bp,hea,RX_RY_RZ_CNOT,none,linear,cnot,global,12,8,8,same_entangling_gate_count,4,8,RZ,2,170,layer_004_wire_008_RZ,3,-0.0064701559072100935,9.583272087187794e-05,0.0065831584873098,0.0
random_bp,expectation_value,bcw_12q_random_bp,hea,RX_RY_RZ_CNOT,none,linear,cnot,global,12,8,8,same_entangling_gate_count,4,9,RX,0,171,layer_004_wire_009_RX,3,0.006126803966192424,0.0001905610023540067,0.011804945777150527,0.0
random_bp,expectation_value,bcw_12q_random_bp,hea,RX_RY_RZ_CNOT,none,linear,cnot,global,12,8,8,same_entangling_gate_count,4,9,RY,1,172,layer_004_wire_009_RY,3,-0.008701378852807466,3.0859035812580214e-05,0.008701378852807466,0.0
random_bp,expectation_value,bcw_12q_random_bp,hea,RX_RY_RZ_CNOT,none,linear,cnot,global,12,8,8,same_entangling_gate_count,4,9,RZ,2,173,layer_004_wire_009_RZ,3,0.011891725047314726,4.8263881051531464e-05,0.011891725047314726,0.0
random_bp,expectation_value,bcw_12q_random_bp,hea,RX_RY_RZ_CNOT,none,linear,cnot,global,12,8,8,same_entangling_gate_count,4,10,RX,0,174,layer_004_wire_010_RX,3,-0.0009166312481451956,0.00014987490526635435,0.009507463418643738,0.0
random_bp,expectation_value,bcw_12q_random_bp,hea,RX_RY_RZ_CNOT,none,linear,cnot,global,12,8,8,same_entangling_gate_count,4,10,RY,1,175,layer_004_wire_010_RY,3,-0.009828350292999628,0.00015841307100346086,0.009828350292999628,0.0
random_bp,expectation_value,bcw_12q_random_bp,hea,RX_RY_RZ_CNOT,none,linear,cnot,global,12,8,8,same_entangling_gate_count,4,10,RZ,2,176,layer_004_wire_010_RZ,3,0.005141210306279373,0.000287196190975316,0.014261998973958717,0.0
random_bp,expectation_value,bcw_12q_random_bp,hea,RX_RY_RZ_CNOT,none,linear,cnot,global,12,8,8,same_entangling_gate_count,4,11,RX,0,177,layer_004_wire_011_RX,3,-0.00303936018775422,0.0001932084696597442,0.011636088140259715,0.0
random_bp,expectation_value,bcw_12q_random_bp,hea,RX_RY_RZ_CNOT,none,linear,cnot,global,12,8,8,same_entangling_gate_count,4,11,RY,1,178,layer_004_wire_011_RY,3,0.0017251020765029015,6.483736164915688e-06,0.0025095296147205955,0.0
random_bp,expectation_value,bcw_12q_random_bp,hea,RX_RY_RZ_CNOT,none,linear,cnot,global,12,8,8,same_entangling_gate_count,4,11,RZ,2,179,layer_004_wire_011_RZ,3,0.0037734509287065286,0.00016351768615946024,0.010959181607768513,0.0
random_bp,expectation_value,bcw_12q_random_bp,hea,RX_RY_RZ_CNOT,none,linear,cnot,global,12,8,8,same_entangling_gate_count,5,0,RX,0,180,layer_005_wire_000_RX,3,-0.0044246964204743885,7.965885193813588e-05,0.006656862433089598,0.0
random_bp,expectation_value,bcw_12q_random_bp,hea,RX_RY_RZ_CNOT,none,linear,cnot,global,12,8,8,same_entangling_gate_count,5,0,RY,1,181,layer_005_wire_000_RY,3,0.002973353762920537,7.820618569001357e-05,0.006003826154652174,0.0
random_bp,expectation_value,bcw_12q_random_bp,hea,RX_RY_RZ_CNOT,none,linear,cnot,global,12,8,8,same_entangling_gate_count,5,0,RZ,2,182,layer_005_wire_000_RZ,3,-0.0035669917728645747,0.00010711658759741545,0.007763010795329863,0.0
random_bp,expectation_value,bcw_12q_random_bp,hea,RX_RY_RZ_CNOT,none,linear,cnot,global,12,8,8,same_entangling_gate_count,5,1,RX,0,183,layer_005_wire_001_RX,3,0.007578117140952128,0.00012637420105072366,0.009307831581941558,0.0
random_bp,expectation_value,bcw_12q_random_bp,hea,RX_RY_RZ_CNOT,none,linear,cnot,global,12,8,8,same_entangling_gate_count,5,1,RY,1,184,layer_005_wire_001_RY,3,-0.0067547021819632826,0.00020611181113375536,0.008771802671366308,0.0
random_bp,expectation_value,bcw_12q_random_bp,hea,RX_RY_RZ_CNOT,none,linear,cnot,global,12,8,8,same_entangling_gate_count,5,1,RZ,2,185,layer_005_wire_001_RZ,3,-0.0016149989730286068,1.8732270027717904e-05,0.003558831033921104,0.0
random_bp,expectation_value,bcw_12q_random_bp,hea,RX_RY_RZ_CNOT,none,linear,cnot,global,12,8,8,same_entangling_gate_count,5,2,RX,0,186,layer_005_wire_002_RX,3,0.0023068925787371637,0.00020077121272118605,0.011477732967477715,0.0
random_bp,expectation_value,bcw_12q_random_bp,hea,RX_RY_RZ_CNOT,none,linear,cnot,global,12,8,8,same_entangling_gate_count,5,2,RY,1,187,layer_005_wire_002_RY,3,-0.003638664915596711,1.7676904050919383e-06,0.003638664915596711,0.0
random_bp,expectation_value,bcw_12q_random_bp,hea,RX_RY_RZ_CNOT,none,linear,cnot,global,12,8,8,same_entangling_gate_count,5,2,RZ,2,188,layer_005_wire_002_RZ,3,0.00906827184900707,0.00011556431428958345,0.011119742526470537,0.0
random_bp,expectation_value,bcw_12q_random_bp,hea,RX_RY_RZ_CNOT,none,linear,cnot,global,12,8,8,same_entangling_gate_count,5,3,RX,0,189,layer_005_wire_003_RX,3,0.0015007132846995837,0.00013367082642015655,0.00835641969013381,0.0
random_bp,expectation_value,bcw_12q_random_bp,hea,RX_RY_RZ_CNOT,none,linear,cnot,global,12,8,8,same_entangling_gate_count,5,3,RY,1,190,layer_005_wire_003_RY,3,-0.007125636030178894,0.00023491588620212897,0.013722385872499491,0.0
random_bp,expectation_value,bcw_12q_random_bp,hea,RX_RY_RZ_CNOT,none,linear,cnot,global,12,8,8,same_entangling_gate_count,5,3,RZ,2,191,layer_005_wire_003_RZ,3,-0.0022453261255831643,0.00011270243949922378,0.0074061390872374065,0.0
random_bp,expectation_value,bcw_12q_random_bp,hea,RX_RY_RZ_CNOT,none,linear,cnot,global,12,8,8,same_entangling_gate_count,5,4,RX,0,192,layer_005_wire_004_RX,3,0.0005314938574983868,7.583112250101726e-05,0.00597003096448536,0.0
random_bp,expectation_value,bcw_12q_random_bp,hea,RX_RY_RZ_CNOT,none,linear,cnot,global,12,8,8,same_entangling_gate_count,5,4,RY,1,193,layer_005_wire_004_RY,3,-0.005224094816353437,0.00023635201707115095,0.011639842040300196,0.0
random_bp,expectation_value,bcw_12q_random_bp,hea,RX_RY_RZ_CNOT,none,linear,cnot,global,12,8,8,same_entangling_gate_count,5,4,RZ,2,194,layer_005_wire_004_RZ,3,0.008824193910720313,8.712268297637317e-05,0.008824193910720314,0.0
random_bp,expectation_value,bcw_12q_random_bp,hea,RX_RY_RZ_CNOT,none,linear,cnot,global,12,8,8,same_entangling_gate_count,5,5,RX,0,195,layer_005_wire_005_RX,3,-0.007980146182136362,0.0001287329647683145,0.010174013938531162,0.0
random_bp,expectation_value,bcw_12q_random_bp,hea,RX_RY_RZ_CNOT,none,linear,cnot,global,12,8,8,same_entangling_gate_count,5,5,RY,1,196,layer_005_wire_005_RY,3,0.008044482422043387,1.6306346146868733e-05,0.008044482422043387,0.0
random_bp,expectation_value,bcw_12q_random_bp,hea,RX_RY_RZ_CNOT,none,linear,cnot,global,12,8,8,same_entangling_gate_count,5,5,RZ,2,197,layer_005_wire_005_RZ,3,0.006609947059041458,8.573068014735293e-05,0.008902352293752216,0.0
random_bp,expectation_value,bcw_12q_random_bp,hea,RX_RY_RZ_CNOT,none,linear,cnot,global,12,8,8,same_entangling_gate_count,5,6,RX,0,198,layer_005_wire_006_RX,3,-0.009057485334628431,3.028175073265977e-05,0.009057485334628431,0.0
random_bp,expectation_value,bcw_12q_random_bp,hea,RX_RY_RZ_CNOT,none,linear,cnot,global,12,8,8,same_entangling_gate_count,5,6,RY,1,199,layer_005_wire_006_RY,3,0.007819004614137641,8.297986103431163e-05,0.00781900461413764,0.0
random_bp,expectation_value,bcw_12q_random_bp,hea,RX_RY_RZ_CNOT,none,linear,cnot,global,12,8,8,same_entangling_gate_count,5,6,RZ,2,200,layer_005_wire_006_RZ,3,0.00017044228437569875,2.038390278832509e-05,0.0032171626920458572,0.0
random_bp,expectation_value,bcw_12q_random_bp,hea,RX_RY_RZ_CNOT,none,linear,cnot,global,12,8,8,same_entangling_gate_count,5,7,RX,0,201,layer_005_wire_007_RX,3,-0.005637861176910106,2.2587034336862837e-05,0.005637861176910106,0.0
random_bp,expectation_value,bcw_12q_random_bp,hea,RX_RY_RZ_CNOT,none,linear,cnot,global,12,8,8,same_entangling_gate_count,5,7,RY,1,202,layer_005_wire_007_RY,3,1.3041657891711743e-05,4.543391461010802e-07,0.000508407189560219,0.0
random_bp,expectation_value,bcw_12q_random_bp,hea,RX_RY_RZ_CNOT,none,linear,cnot,global,12,8,8,same_entangling_gate_count,5,7,RZ,2,203,layer_005_wire_007_RZ,3,0.013173587250005045,8.800053302099062e-05,0.013173587250005045,0.0
random_bp,expectation_value,bcw_12q_random_bp,hea,RX_RY_RZ_CNOT,none,linear,cnot,global,12,8,8,same_entangling_gate_count,5,8,RX,0,204,layer_005_wire_008_RX,3,0.0011770725789694925,0.0001716340412366501,0.010298880035491467,0.0
random_bp,expectation_value,bcw_12q_random_bp,hea,RX_RY_RZ_CNOT,none,linear,cnot,global,12,8,8,same_entangling_gate_count,5,8,RY,1,205,layer_005_wire_008_RY,3,-0.0028487106308710828,1.853371516799182e-05,0.0032624061927407355,0.0
random_bp,expectation_value,bcw_12q_random_bp,hea,RX_RY_RZ_CNOT,none,linear,cnot,global,12,8,8,same_entangling_gate_count,5,8,RZ,2,206,layer_005_wire_008_RZ,3,0.003573168900305556,8.428343660294165e-05,0.007706525726602429,0.0
random_bp,expectation_value,bcw_12q_random_bp,hea,RX_RY_RZ_CNOT,none,linear,cnot,global,12,8,8,same_entangling_gate_count,5,9,RX,0,207,layer_005_wire_009_RX,3,-0.0034223271455662094,3.4919486540319774e-05,0.004208790950705045,0.0
random_bp,expectation_value,bcw_12q_random_bp,hea,RX_RY_RZ_CNOT,none,linear,cnot,global,12,8,8,same_entangling_gate_count,5,9,RY,1,208,layer_005_wire_009_RY,3,0.003937407416497165,4.157541459924813e-05,0.006160143005818334,0.0
random_bp,expectation_value,bcw_12q_random_bp,hea,RX_RY_RZ_CNOT,none,linear,cnot,global,12,8,8,same_entangling_gate_count,5,9,RZ,2,209,layer_005_wire_009_RZ,3,0.010641630757825732,7.360192896216338e-05,0.010641630757825732,0.0
random_bp,expectation_value,bcw_12q_random_bp,hea,RX_RY_RZ_CNOT,none,linear,cnot,global,12,8,8,same_entangling_gate_count,5,10,RX,0,210,layer_005_wire_010_RX,3,-0.0056567687912306855,8.314330785904926e-05,0.0071026954840131065,0.0
random_bp,expectation_value,bcw_12q_random_bp,hea,RX_RY_RZ_CNOT,none,linear,cnot,global,12,8,8,same_entangling_gate_count,5,10,RY,1,211,layer_005_wire_010_RY,3,0.004455726932988382,0.00014983172252331143,0.008630008423659056,0.0
random_bp,expectation_value,bcw_12q_random_bp,hea,RX_RY_RZ_CNOT,none,linear,cnot,global,12,8,8,same_entangling_gate_count,5,10,RZ,2,212,layer_005_wire_010_RZ,3,-0.00257815764749805,0.0005600078256337937,0.017293814598522677,0.0
random_bp,expectation_value,bcw_12q_random_bp,hea,RX_RY_RZ_CNOT,none,linear,cnot,global,12,8,8,same_entangling_gate_count,5,11,RX,0,213,layer_005_wire_011_RX,3,-0.0030674253705415566,6.4453610397624e-05,0.0065266452450675775,0.0
random_bp,expectation_value,bcw_12q_random_bp,hea,RX_RY_RZ_CNOT,none,linear,cnot,global,12,8,8,same_entangling_gate_count,5,11,RY,1,214,layer_005_wire_011_RY,3,0.01610382058451061,0.00016039739443565957,0.01610382058451061,0.0
random_bp,expectation_value,bcw_12q_random_bp,hea,RX_RY_RZ_CNOT,none,linear,cnot,global,12,8,8,same_entangling_gate_count,5,11,RZ,2,215,layer_005_wire_011_RZ,3,-0.010740308524907623,2.0305709808379797e-05,0.010740308524907623,0.0
random_bp,expectation_value,bcw_12q_random_bp,hea,RX_RY_RZ_CNOT,none,linear,cnot,global,12,8,8,same_entangling_gate_count,6,0,RX,0,216,layer_006_wire_000_RX,3,-0.003324456754274123,2.337071181905678e-05,0.004785409376904638,0.0
random_bp,expectation_value,bcw_12q_random_bp,hea,RX_RY_RZ_CNOT,none,linear,cnot,global,12,8,8,same_entangling_gate_count,6,0,RY,1,217,layer_006_wire_000_RY,3,-0.002256349145021949,0.0006269874058633278,0.017139702544844152,0.0
random_bp,expectation_value,bcw_12q_random_bp,hea,RX_RY_RZ_CNOT,none,linear,cnot,global,12,8,8,same_entangling_gate_count,6,0,RZ,2,218,layer_006_wire_000_RZ,3,-3.669690226177738e-18,6.710071999504895e-35,6.052895672597085e-18,1.0
random_bp,expectation_value,bcw_12q_random_bp,hea,RX_RY_RZ_CNOT,none,linear,cnot,global,12,8,8,same_entangling_gate_count,6,1,RX,0,219,layer_006_wire_001_RX,3,0.00011258583710977398,0.00033517388830033013,0.013671133368421117,0.0
random_bp,expectation_value,bcw_12q_random_bp,hea,RX_RY_RZ_CNOT,none,linear,cnot,global,12,8,8,same_entangling_gate_count,6,1,RY,1,220,layer_006_wire_001_RY,3,0.0032724374981716164,0.00011123648986679982,0.006988856970542435,0.0
random_bp,expectation_value,bcw_12q_random_bp,hea,RX_RY_RZ_CNOT,none,linear,cnot,global,12,8,8,same_entangling_gate_count,6,1,RZ,2,221,layer_006_wire_001_RZ,3,-0.0028981625992188947,0.00017399380043848722,0.011101081457964805,0.0
random_bp,expectation_value,bcw_12q_random_bp,hea,RX_RY_RZ_CNOT,none,linear,cnot,global,12,8,8,same_entangling_gate_count,6,2,RX,0,222,layer_006_wire_002_RX,3,0.0035052923146625488,6.252814830637644e-05,0.006473469053478354,0.0
random_bp,expectation_value,bcw_12q_random_bp,hea,RX_RY_RZ_CNOT,none,linear,cnot,global,12,8,8,same_entangling_gate_count,6,2,RY,1,223,layer_006_wire_002_RY,3,-0.004974820667184915,9.189640444352896e-05,0.008284981918648519,0.0
random_bp,expectation_value,bcw_12q_random_bp,hea,RX_RY_RZ_CNOT,none,linear,cnot,global,12,8,8,same_entangling_gate_count,6,2,RZ,2,224,layer_006_wire_002_RZ,3,-0.004359616000245141,8.519902273163959e-05,0.00785136283273632,0.0
random_bp,expectation_value,bcw_12q_random_bp,hea,RX_RY_RZ_CNOT,none,linear,cnot,global,12,8,8,same_entangling_gate_count,6,3,RX,0,225,layer_006_wire_003_RX,3,0.0073904335043786405,5.8368603222043504e-05,0.0073904335043786405,0.0
random_bp,expectation_value,bcw_12q_random_bp,hea,RX_RY_RZ_CNOT,none,linear,cnot,global,12,8,8,same_entangling_gate_count,6,3,RY,1,226,layer_006_wire_003_RY,3,0.009413653626703579,6.685204718232275e-05,0.009413653626703579,0.0
random_bp,expectation_value,bcw_12q_random_bp,hea,RX_RY_RZ_CNOT,none,linear,cnot,global,12,8,8,same_entangling_gate_count,6,3,RZ,2,227,layer_006_wire_003_RZ,3,-0.0011638701470964158,0.00026750283265936493,0.011981351074900115,0.0
random_bp,expectation_value,bcw_12q_random_bp,hea,RX_RY_RZ_CNOT,none,linear,cnot,global,12,8,8,same_entangling_gate_count,6,4,RX,0,228,layer_006_wire_004_RX,3,0.004876253426321671,2.4916897749913658e-05,0.004876253426321671,0.0
random_bp,expectation_value,bcw_12q_random_bp,hea,RX_RY_RZ_CNOT,none,linear,cnot,global,12,8,8,same_entangling_gate_count,6,4,RY,1,229,layer_006_wire_004_RY,3,-0.00735390688122735,5.5767620911303896e-05,0.007912650895275678,0.0
random_bp,expectation_value,bcw_12q_random_bp,hea,RX_RY_RZ_CNOT,none,linear,cnot,global,12,8,8,same_entangling_gate_count,6,4,RZ,2,230,layer_006_wire_004_RZ,3,0.008264605045341347,0.00021588324654280374,0.011147006434914578,0.0
random_bp,expectation_value,bcw_12q_random_bp,hea,RX_RY_RZ_CNOT,none,linear,cnot,global,12,8,8,same_entangling_gate_count,6,5,RX,0,231,layer_006_wire_005_RX,3,0.001824576509312437,3.287347536482206e-05,0.004628733430985793,0.0
random_bp,expectation_value,bcw_12q_random_bp,hea,RX_RY_RZ_CNOT,none,linear,cnot,global,12,8,8,same_entangling_gate_count,6,5,RY,1,232,layer_006_wire_005_RY,3,0.0038607812664452575,3.986526927899084e-05,0.00435460223669166,0.0
random_bp,expectation_value,bcw_12q_random_bp,hea,RX_RY_RZ_CNOT,none,linear,cnot,global,12,8,8,same_entangling_gate_count,6,5,RZ,2,233,layer_006_wire_005_RZ,3,-0.0025982640899751275,0.0003179551948332289,0.01196011204541024,0.0
random_bp,expectation_value,bcw_12q_random_bp,hea,RX_RY_RZ_CNOT,none,linear,cnot,global,12,8,8,same_entangling_gate_count,6,6,RX,0,234,layer_006_wire_006_RX,3,-0.003346192499894148,4.103149408354006e-05,0.005408332634723589,0.0
random_bp,expectation_value,bcw_12q_random_bp,hea,RX_RY_RZ_CNOT,none,linear,cnot,global,12,8,8,same_entangling_gate_count,6,6,RY,1,235,layer_006_wire_006_RY,3,0.007603650699671564,6.741563779748033e-05,0.008842789387117892,0.0
random_bp,expectation_value,bcw_12q_random_bp,hea,RX_RY_RZ_CNOT,none,linear,cnot,global,12,8,8,same_entangling_gate_count,6,6,RZ,2,236,layer_006_wire_006_RZ,3,0.0011212390953153186,0.00019833888560327577,0.010897724004586851,0.0
random_bp,expectation_value,bcw_12q_random_bp,hea,RX_RY_RZ_CNOT,none,linear,cnot,global,12,8,8,same_entangling_gate_count,6,7,RX,0,237,layer_006_wire_007_RX,3,0.010327111874209023,6.117049144592856e-05,0.010327111874209023,0.0
random_bp,expectation_value,bcw_12q_random_bp,hea,RX_RY_RZ_CNOT,none,linear,cnot,global,12,8,8,same_entangling_gate_count,6,7,RY,1,238,layer_006_wire_007_RY,3,-0.0035517078732122433,6.97115612807353e-05,0.0053689750621971595,0.0
random_bp,expectation_value,bcw_12q_random_bp,hea,RX_RY_RZ_CNOT,none,linear,cnot,global,12,8,8,same_entangling_gate_count,6,7,RZ,2,239,layer_006_wire_007_RZ,3,-0.005888760327585423,5.221913090161161e-05,0.005888760327585424,0.0
random_bp,expectation_value,bcw_12q_random_bp,hea,RX_RY_RZ_CNOT,none,linear,cnot,global,12,8,8,same_entangling_gate_count,6,8,RX,0,240,layer_006_wire_008_RX,3,-0.007076374210932079,1.937176652649782e-05,0.007076374210932078,0.0
random_bp,expectation_value,bcw_12q_random_bp,hea,RX_RY_RZ_CNOT,none,linear,cnot,global,12,8,8,same_entangling_gate_count,6,8,RY,1,241,layer_006_wire_008_RY,3,0.009483597532983565,3.7529235911396964e-05,0.009483597532983565,0.0
random_bp,expectation_value,bcw_12q_random_bp,hea,RX_RY_RZ_CNOT,none,linear,cnot,global,12,8,8,same_entangling_gate_count,6,8,RZ,2,242,layer_006_wire_008_RZ,3,-0.0018378741005474878,1.556666137816463e-05,0.0024150212090058207,0.0
random_bp,expectation_value,bcw_12q_random_bp,hea,RX_RY_RZ_CNOT,none,linear,cnot,global,12,8,8,same_entangling_gate_count,6,9,RX,0,243,layer_006_wire_009_RX,3,-0.00840741399434896,4.2968541866983974e-05,0.00840741399434896,0.0
random_bp,expectation_value,bcw_12q_random_bp,hea,RX_RY_RZ_CNOT,none,linear,cnot,global,12,8,8,same_entangling_gate_count,6,9,RY,1,244,layer_006_wire_009_RY,3,0.0006019070235955607,9.812568812239878e-05,0.007645001968751706,0.0
random_bp,expectation_value,bcw_12q_random_bp,hea,RX_RY_RZ_CNOT,none,linear,cnot,global,12,8,8,same_entangling_gate_count,6,9,RZ,2,245,layer_006_wire_009_RZ,3,-0.005556320465349776,8.553908989589328e-05,0.007119921259984209,0.0
random_bp,expectation_value,bcw_12q_random_bp,hea,RX_RY_RZ_CNOT,none,linear,cnot,global,12,8,8,same_entangling_gate_count,6,10,RX,0,246,layer_006_wire_010_RX,3,0.00946479193103885,7.611683263870239e-05,0.00946479193103885,0.0
random_bp,expectation_value,bcw_12q_random_bp,hea,RX_RY_RZ_CNOT,none,linear,cnot,global,12,8,8,same_entangling_gate_count,6,10,RY,1,247,layer_006_wire_010_RY,3,0.00030903487439851163,4.6121469813193667e-05,0.00460602555677186,0.0
random_bp,expectation_value,bcw_12q_random_bp,hea,RX_RY_RZ_CNOT,none,linear,cnot,global,12,8,8,same_entangling_gate_count,6,10,RZ,2,248,layer_006_wire_010_RZ,3,0.010963346537343198,0.00022032439263187334,0.01388428369609983,0.0
random_bp,expectation_value,bcw_12q_random_bp,hea,RX_RY_RZ_CNOT,none,linear,cnot,global,12,8,8,same_entangling_gate_count,6,11,RX,0,249,layer_006_wire_011_RX,3,-0.0018235381915650073,0.00012510953041874835,0.00843534042372316,0.0
random_bp,expectation_value,bcw_12q_random_bp,hea,RX_RY_RZ_CNOT,none,linear,cnot,global,12,8,8,same_entangling_gate_count,6,11,RY,1,250,layer_006_wire_011_RY,3,-0.002346648669808374,0.0001553358539427785,0.008805231711810581,0.0
random_bp,expectation_value,bcw_12q_random_bp,hea,RX_RY_RZ_CNOT,none,linear,cnot,global,12,8,8,same_entangling_gate_count,6,11,RZ,2,251,layer_006_wire_011_RZ,3,0.0039828463561635856,8.687152081358683e-05,0.00756000430105194,0.0
random_bp,expectation_value,bcw_12q_random_bp,hea,RX_RY_RZ_CNOT,none,linear,cnot,global,12,8,8,same_entangling_gate_count,7,0,RX,0,252,layer_007_wire_000_RX,3,3.0899761915836876e-18,4.5988277740044943e-35,5.077680174473779e-18,1.0
random_bp,expectation_value,bcw_12q_random_bp,hea,RX_RY_RZ_CNOT,none,linear,cnot,global,12,8,8,same_entangling_gate_count,7,0,RY,1,253,layer_007_wire_000_RY,3,-1.0715531471398403e-17,1.0316236380678962e-34,1.0715531471398402e-17,1.0
random_bp,expectation_value,bcw_12q_random_bp,hea,RX_RY_RZ_CNOT,none,linear,cnot,global,12,8,8,same_entangling_gate_count,7,0,RZ,2,254,layer_007_wire_000_RZ,3,2.5438558711482423e-18,1.2463906767931015e-34,7.913312383664213e-18,1.0
random_bp,expectation_value,bcw_12q_random_bp,hea,RX_RY_RZ_CNOT,none,linear,cnot,global,12,8,8,same_entangling_gate_count,7,1,RX,0,255,layer_007_wire_001_RX,3,0.01095093590242481,0.00011248924020565955,0.011252979178201122,0.0
random_bp,expectation_value,bcw_12q_random_bp,hea,RX_RY_RZ_CNOT,none,linear,cnot,global,12,8,8,same_entangling_gate_count,7,1,RY,1,256,layer_007_wire_001_RY,3,0.006978630206477012,0.00020435442874472922,0.00864926034238763,0.0
random_bp,expectation_value,bcw_12q_random_bp,hea,RX_RY_RZ_CNOT,none,linear,cnot,global,12,8,8,same_entangling_gate_count,7,1,RZ,2,257,layer_007_wire_001_RZ,3,9.223927928306873e-19,1.9053046856496142e-34,1.0581229248873002e-17,1.0
random_bp,expectation_value,bcw_12q_random_bp,hea,RX_RY_RZ_CNOT,none,linear,cnot,global,12,8,8,same_entangling_gate_count,7,2,RX,0,258,layer_007_wire_002_RX,3,-1.3371826793987889e-18,4.141658429397193e-36,1.9154238380577246e-18,1.0
random_bp,expectation_value,bcw_12q_random_bp,hea,RX_RY_RZ_CNOT,none,linear,cnot,global,12,8,8,same_entangling_gate_count,7,2,RY,1,259,layer_007_wire_002_RY,3,-2.421384851884293e-18,2.9661640785749056e-36,2.421384851884293e-18,1.0
random_bp,expectation_value,bcw_12q_random_bp,hea,RX_RY_RZ_CNOT,none,linear,cnot,global,12,8,8,same_entangling_gate_count,7,2,RZ,2,260,layer_007_wire_002_RZ,3,4.265304768635367e-18,2.5508636191441103e-35,4.9856327033379134e-18,1.0
random_bp,expectation_value,bcw_12q_random_bp,hea,RX_RY_RZ_CNOT,none,linear,cnot,global,12,8,8,same_entangling_gate_count,7,3,RX,0,261,layer_007_wire_003_RX,3,-0.004908860895684222,3.421080681935873e-05,0.005996027199966604,0.0
random_bp,expectation_value,bcw_12q_random_bp,hea,RX_RY_RZ_CNOT,none,linear,cnot,global,12,8,8,same_entangling_gate_count,7,3,RY,1,262,layer_007_wire_003_RY,3,-0.0007705546456254679,0.00021816749363240398,0.010412873096853967,0.0
random_bp,expectation_value,bcw_12q_random_bp,hea,RX_RY_RZ_CNOT,none,linear,cnot,global,12,8,8,same_entangling_gate_count,7,3,RZ,2,263,layer_007_wire_003_RZ,3,3.1969213779414324e-18,8.182780050786663e-35,7.914425173063544e-18,1.0
random_bp,expectation_value,bcw_12q_random_bp,hea,RX_RY_RZ_CNOT,none,linear,cnot,global,12,8,8,same_entangling_gate_count,7,4,RX,0,264,layer_007_wire_004_RX,3,-1.0444480928277026e-17,3.9312449406000037e-35,1.0444480928277026e-17,1.0
random_bp,expectation_value,bcw_12q_random_bp,hea,RX_RY_RZ_CNOT,none,linear,cnot,global,12,8,8,same_entangling_gate_count,7,4,RY,1,265,layer_007_wire_004_RY,3,2.8912057932946786e-18,2.58295292020684e-35,3.469446951953614e-18,1.0
random_bp,expectation_value,bcw_12q_random_bp,hea,RX_RY_RZ_CNOT,none,linear,cnot,global,12,8,8,same_entangling_gate_count,7,4,RZ,2,266,layer_007_wire_004_RZ,3,-9.24700553576746e-19,3.244215172943296e-35,4.049913948007765e-18,1.0
random_bp,expectation_value,bcw_12q_random_bp,hea,RX_RY_RZ_CNOT,none,linear,cnot,global,12,8,8,same_entangling_gate_count,7,5,RX,0,267,layer_007_wire_005_RX,3,-0.00426399602308402,1.3090431325902366e-05,0.00426399602308402,0.0
random_bp,expectation_value,bcw_12q_random_bp,hea,RX_RY_RZ_CNOT,none,linear,cnot,global,12,8,8,same_entangling_gate_count,7,5,RY,1,268,layer_007_wire_005_RY,3,-0.0017071212386502808,0.00036882119136757557,0.013378738371047354,0.0
random_bp,expectation_value,bcw_12q_random_bp,hea,RX_RY_RZ_CNOT,none,linear,cnot,global,12,8,8,same_entangling_gate_count,7,5,RZ,2,269,layer_007_wire_005_RZ,3,3.060953921364105e-18,4.4785355130948206e-35,4.122423649912398e-18,1.0
random_bp,expectation_value,bcw_12q_random_bp,hea,RX_RY_RZ_CNOT,none,linear,cnot,global,12,8,8,same_entangling_gate_count,7,6,RX,0,270,layer_007_wire_006_RX,3,-1.9109063290057016e-18,3.290116852455425e-35,4.80211212230038e-18,1.0
random_bp,expectation_value,bcw_12q_random_bp,hea,RX_RY_RZ_CNOT,none,linear,cnot,global,12,8,8,same_entangling_gate_count,7,6,RY,1,271,layer_007_wire_006_RY,3,3.6140072416183488e-19,5.2818879496948116e-36,1.5178830414797062e-18,1.0
random_bp,expectation_value,bcw_12q_random_bp,hea,RX_RY_RZ_CNOT,none,linear,cnot,global,12,8,8,same_entangling_gate_count,7,6,RZ,2,272,layer_007_wire_006_RZ,3,1.8986471784338296e-18,7.271658800646322e-35,6.805984798922891e-18,1.0
random_bp,expectation_value,bcw_12q_random_bp,hea,RX_RY_RZ_CNOT,none,linear,cnot,global,12,8,8,same_entangling_gate_count,7,7,RX,0,273,layer_007_wire_007_RX,3,-0.0016465673948023681,0.00024617724983106294,0.011210679587817038,0.0
random_bp,expectation_value,bcw_12q_random_bp,hea,RX_RY_RZ_CNOT,none,linear,cnot,global,12,8,8,same_entangling_gate_count,7,7,RY,1,274,layer_007_wire_007_RY,3,0.0002485908601592736,0.00015115839985739132,0.008292026014418212,0.0
random_bp,expectation_value,bcw_12q_random_bp,hea,RX_RY_RZ_CNOT,none,linear,cnot,global,12,8,8,same_entangling_gate_count,7,7,RZ,2,275,layer_007_wire_007_RZ,3,9.842556207184275e-19,1.2857245532670689e-35,3.032889155532794e-18,1.0
random_bp,expectation_value,bcw_12q_random_bp,hea,RX_RY_RZ_CNOT,none,linear,cnot,global,12,8,8,same_entangling_gate_count,7,8,RX,0,276,layer_007_wire_008_RX,3,5.195135409826375e-18,1.7282215903651837e-36,5.195135409826375e-18,1.0
random_bp,expectation_value,bcw_12q_random_bp,hea,RX_RY_RZ_CNOT,none,linear,cnot,global,12,8,8,same_entangling_gate_count,7,8,RY,1,277,layer_007_wire_008_RY,3,5.5881586973523705e-18,1.0337450380291458e-34,9.156990848450489e-18,1.0
random_bp,expectation_value,bcw_12q_random_bp,hea,RX_RY_RZ_CNOT,none,linear,cnot,global,12,8,8,same_entangling_gate_count,7,8,RZ,2,278,layer_007_wire_008_RZ,3,-2.5301657930079096e-18,1.6710585468318214e-35,2.610577068358165e-18,1.0
random_bp,expectation_value,bcw_12q_random_bp,hea,RX_RY_RZ_CNOT,none,linear,cnot,global,12,8,8,same_entangling_gate_count,7,9,RX,0,279,layer_007_wire_009_RX,3,0.005322710133969436,9.776543536123939e-05,0.006939109775881077,0.0
random_bp,expectation_value,bcw_12q_random_bp,hea,RX_RY_RZ_CNOT,none,linear,cnot,global,12,8,8,same_entangling_gate_count,7,9,RY,1,280,layer_007_wire_009_RY,3,0.010132894294788022,1.9865675879273664e-05,0.010132894294788022,0.0
random_bp,expectation_value,bcw_12q_random_bp,hea,RX_RY_RZ_CNOT,none,linear,cnot,global,12,8,8,same_entangling_gate_count,7,9,RZ,2,281,layer_007_wire_009_RZ,3,-8.82704023977238e-19,1.7074589922094456e-35,3.2781203275800454e-18,1.0
random_bp,expectation_value,bcw_12q_random_bp,hea,RX_RY_RZ_CNOT,none,linear,cnot,global,12,8,8,same_entangling_gate_count,7,10,RX,0,282,layer_007_wire_010_RX,3,1.2179204404253833e-17,2.7087308157448247e-35,1.2179204404253833e-17,1.0
random_bp,expectation_value,bcw_12q_random_bp,hea,RX_RY_RZ_CNOT,none,linear,cnot,global,12,8,8,same_entangling_gate_count,7,10,RY,1,283,layer_007_wire_010_RY,3,-9.86623976961809e-18,7.660696684308848e-35,1.0010800059282824e-17,1.0
random_bp,expectation_value,bcw_12q_random_bp,hea,RX_RY_RZ_CNOT,none,linear,cnot,global,12,8,8,same_entangling_gate_count,7,10,RZ,2,284,layer_007_wire_010_RZ,3,6.081975533166639e-18,4.882864285898575e-35,6.08197553316664e-18,1.0
random_bp,expectation_value,bcw_12q_random_bp,hea,RX_RY_RZ_CNOT,none,linear,cnot,global,12,8,8,same_entangling_gate_count,7,11,RX,0,285,layer_007_wire_011_RX,3,0.004480556731915631,1.2147442200693391e-05,0.0044805567319156315,0.0
random_bp,expectation_value,bcw_12q_random_bp,hea,RX_RY_RZ_CNOT,none,linear,cnot,global,12,8,8,same_entangling_gate_count,7,11,RY,1,286,layer_007_wire_011_RY,3,-0.0007125183945179024,7.421352663414053e-05,0.0068637857581725845,0.0
random_bp,expectation_value,bcw_12q_random_bp,hea,RX_RY_RZ_CNOT,none,linear,cnot,global,12,8,8,same_entangling_gate_count,7,11,RZ,2,287,layer_007_wire_011_RZ,3,-7.225281678153245e-18,1.6475743024835214e-34,1.0646732518612559e-17,1.0
random_bp,expectation_value,bcw_12q_random_bp,hea,RX_RY_RZ_CNOT,none,circular,cnot,global,12,8,7,same_entangling_gate_count,0,0,RX,0,0,layer_000_wire_000_RX,3,0.012955961334429344,0.00017352786094257654,0.01295596133442934,0.0
random_bp,expectation_value,bcw_12q_random_bp,hea,RX_RY_RZ_CNOT,none,circular,cnot,global,12,8,7,same_entangling_gate_count,0,0,RY,1,1,layer_000_wire_000_RY,3,0.0035446767971382812,4.707390586594765e-05,0.00410006266975571,0.0
random_bp,expectation_value,bcw_12q_random_bp,hea,RX_RY_RZ_CNOT,none,circular,cnot,global,12,8,7,same_entangling_gate_count,0,0,RZ,2,2,layer_000_wire_000_RZ,3,0.0010250429138189629,8.305193864517569e-05,0.0072691433881549765,0.0
random_bp,expectation_value,bcw_12q_random_bp,hea,RX_RY_RZ_CNOT,none,circular,cnot,global,12,8,7,same_entangling_gate_count,0,1,RX,0,3,layer_000_wire_001_RX,3,0.006198737145367234,7.614450750611581e-06,0.006198737145367235,0.0
random_bp,expectation_value,bcw_12q_random_bp,hea,RX_RY_RZ_CNOT,none,circular,cnot,global,12,8,7,same_entangling_gate_count,0,1,RY,1,4,layer_000_wire_001_RY,3,0.001086202091636448,0.00017269502593545376,0.009494367946789699,0.0
random_bp,expectation_value,bcw_12q_random_bp,hea,RX_RY_RZ_CNOT,none,circular,cnot,global,12,8,7,same_entangling_gate_count,0,1,RZ,2,5,layer_000_wire_001_RZ,3,-0.003547680710795969,7.392759745541947e-05,0.007013543219847197,0.0
random_bp,expectation_value,bcw_12q_random_bp,hea,RX_RY_RZ_CNOT,none,circular,cnot,global,12,8,7,same_entangling_gate_count,0,2,RX,0,6,layer_000_wire_002_RX,3,-0.002759447683803827,3.330094354313112e-05,0.004931654751671705,0.0
random_bp,expectation_value,bcw_12q_random_bp,hea,RX_RY_RZ_CNOT,none,circular,cnot,global,12,8,7,same_entangling_gate_count,0,2,RY,1,7,layer_000_wire_002_RY,3,-0.002578634993255805,7.773181763275145e-06,0.002578634993255805,0.0
random_bp,expectation_value,bcw_12q_random_bp,hea,RX_RY_RZ_CNOT,none,circular,cnot,global,12,8,7,same_entangling_gate_count,0,2,RZ,2,8,layer_000_wire_002_RZ,3,0.005072999689349008,1.919477924442546e-05,0.005072999689349008,0.0
random_bp,expectation_value,bcw_12q_random_bp,hea,RX_RY_RZ_CNOT,none,circular,cnot,global,12,8,7,same_entangling_gate_count,0,3,RX,0,9,layer_000_wire_003_RX,3,-0.008144393617714088,0.00023891759057678214,0.013827504202563914,0.0
random_bp,expectation_value,bcw_12q_random_bp,hea,RX_RY_RZ_CNOT,none,circular,cnot,global,12,8,7,same_entangling_gate_count,0,3,RY,1,10,layer_000_wire_003_RY,3,-0.0006613423544108864,3.966714712540827e-05,0.004575205048089205,0.0
random_bp,expectation_value,bcw_12q_random_bp,hea,RX_RY_RZ_CNOT,none,circular,cnot,global,12,8,7,same_entangling_gate_count,0,3,RZ,2,11,layer_000_wire_003_RZ,3,0.010074276497521142,0.0001270305558397619,0.010357884104485446,0.0
random_bp,expectation_value,bcw_12q_random_bp,hea,RX_RY_RZ_CNOT,none,circular,cnot,global,12,8,7,same_entangling_gate_count,0,4,RX,0,12,layer_000_wire_004_RX,3,-0.006383051842631441,9.311329950145269e-05,0.0077506152484430125,0.0
random_bp,expectation_value,bcw_12q_random_bp,hea,RX_RY_RZ_CNOT,none,circular,cnot,global,12,8,7,same_entangling_gate_count,0,4,RY,1,13,layer_000_wire_004_RY,3,-0.0006759861429465274,3.644424193213252e-05,0.004841854939656661,0.0
random_bp,expectation_value,bcw_12q_random_bp,hea,RX_RY_RZ_CNOT,none,circular,cnot,global,12,8,7,same_entangling_gate_count,0,4,RZ,2,14,layer_000_wire_004_RZ,3,0.0039413016314113125,0.00010569298029665784,0.007590564222526106,0.0
random_bp,expectation_value,bcw_12q_random_bp,hea,RX_RY_RZ_CNOT,none,circular,cnot,global,12,8,7,same_entangling_gate_count,0,5,RX,0,15,layer_000_wire_005_RX,3,-0.0035267386637222176,0.00021723894813443443,0.012400655234247368,0.0
random_bp,expectation_value,bcw_12q_random_bp,hea,RX_RY_RZ_CNOT,none,circular,cnot,global,12,8,7,same_entangling_gate_count,0,5,RY,1,16,layer_000_wire_005_RY,3,0.0069943645705913176,1.2683847270848682e-05,0.0069943645705913176,0.0
random_bp,expectation_value,bcw_12q_random_bp,hea,RX_RY_RZ_CNOT,none,circular,cnot,global,12,8,7,same_entangling_gate_count,0,5,RZ,2,17,layer_000_wire_005_RZ,3,-0.005618296182720193,6.68136705541511e-05,0.008036115123608911,0.0
random_bp,expectation_value,bcw_12q_random_bp,hea,RX_RY_RZ_CNOT,none,circular,cnot,global,12,8,7,same_entangling_gate_count,0,6,RX,0,18,layer_000_wire_006_RX,3,-4.6630334736446656e-05,0.00021936513602866653,0.01140479744424546,0.0
random_bp,expectation_value,bcw_12q_random_bp,hea,RX_RY_RZ_CNOT,none,circular,cnot,global,12,8,7,same_entangling_gate_count,0,6,RY,1,19,layer_000_wire_006_RY,3,-0.002547208628770675,5.266976560092865e-05,0.005650485064165837,0.0
random_bp,expectation_value,bcw_12q_random_bp,hea,RX_RY_RZ_CNOT,none,circular,cnot,global,12,8,7,same_entangling_gate_count,0,6,RZ,2,20,layer_000_wire_006_RZ,3,-0.008309660997973,1.1719763843242156e-05,0.008309660997973,0.0
random_bp,expectation_value,bcw_12q_random_bp,hea,RX_RY_RZ_CNOT,none,circular,cnot,global,12,8,7,same_entangling_gate_count,0,7,RX,0,21,layer_000_wire_007_RX,3,0.0002099405548894144,2.072515045781495e-05,0.0035699426486400163,0.0
random_bp,expectation_value,bcw_12q_random_bp,hea,RX_RY_RZ_CNOT,none,circular,cnot,global,12,8,7,same_entangling_gate_count,0,7,RY,1,22,layer_000_wire_007_RY,3,-0.004097720199090899,6.61676900924539e-06,0.004097720199090898,0.0
random_bp,expectation_value,bcw_12q_random_bp,hea,RX_RY_RZ_CNOT,none,circular,cnot,global,12,8,7,same_entangling_gate_count,0,7,RZ,2,23,layer_000_wire_007_RZ,3,0.0012445430059837756,8.021004473490577e-05,0.006253640740897748,0.0
random_bp,expectation_value,bcw_12q_random_bp,hea,RX_RY_RZ_CNOT,none,circular,cnot,global,12,8,7,same_entangling_gate_count,0,8,RX,0,24,layer_000_wire_008_RX,3,0.005895455156203255,1.9666330278412892e-06,0.005895455156203255,0.0
random_bp,expectation_value,bcw_12q_random_bp,hea,RX_RY_RZ_CNOT,none,circular,cnot,global,12,8,7,same_entangling_gate_count,0,8,RY,1,25,layer_000_wire_008_RY,3,-0.004218342690969255,9.546844132550696e-05,0.008916321624968965,0.0
random_bp,expectation_value,bcw_12q_random_bp,hea,RX_RY_RZ_CNOT,none,circular,cnot,global,12,8,7,same_entangling_gate_count,0,8,RZ,2,26,layer_000_wire_008_RZ,3,0.0005179039113562623,9.265073955493242e-05,0.007056432019254071,0.0
random_bp,expectation_value,bcw_12q_random_bp,hea,RX_RY_RZ_CNOT,none,circular,cnot,global,12,8,7,same_entangling_gate_count,0,9,RX,0,27,layer_000_wire_009_RX,3,0.0091639390451975,1.3865361329184503e-06,0.0091639390451975,0.0
random_bp,expectation_value,bcw_12q_random_bp,hea,RX_RY_RZ_CNOT,none,circular,cnot,global,12,8,7,same_entangling_gate_count,0,9,RY,1,28,layer_000_wire_009_RY,3,-0.0008370366978177642,1.8496488251504157e-06,0.0011260918087585934,0.0
random_bp,expectation_value,bcw_12q_random_bp,hea,RX_RY_RZ_CNOT,none,circular,cnot,global,12,8,7,same_entangling_gate_count,0,9,RZ,2,29,layer_000_wire_009_RZ,3,0.0032407680781769625,0.00011864603501526212,0.00946387794812222,0.0
random_bp,expectation_value,bcw_12q_random_bp,hea,RX_RY_RZ_CNOT,none,circular,cnot,global,12,8,7,same_entangling_gate_count,0,10,RX,0,30,layer_000_wire_010_RX,3,-0.009022158149822466,7.25071225228379e-05,0.009022158149822466,0.0
random_bp,expectation_value,bcw_12q_random_bp,hea,RX_RY_RZ_CNOT,none,circular,cnot,global,12,8,7,same_entangling_gate_count,0,10,RY,1,31,layer_000_wire_010_RY,3,-0.004418592925306925,0.0001777235427810739,0.008688785557508578,0.0
random_bp,expectation_value,bcw_12q_random_bp,hea,RX_RY_RZ_CNOT,none,circular,cnot,global,12,8,7,same_entangling_gate_count,0,10,RZ,2,32,layer_000_wire_010_RZ,3,-0.005354906668506445,2.644468482024444e-05,0.005675234858849185,0.0
random_bp,expectation_value,bcw_12q_random_bp,hea,RX_RY_RZ_CNOT,none,circular,cnot,global,12,8,7,same_entangling_gate_count,0,11,RX,0,33,layer_000_wire_011_RX,3,-0.010519342361933453,0.00012093725016358115,0.011906257060905782,0.0
random_bp,expectation_value,bcw_12q_random_bp,hea,RX_RY_RZ_CNOT,none,circular,cnot,global,12,8,7,same_entangling_gate_count,0,11,RY,1,34,layer_000_wire_011_RY,3,0.0014702048601041592,9.159789144888424e-07,0.0014702048601041592,0.0
random_bp,expectation_value,bcw_12q_random_bp,hea,RX_RY_RZ_CNOT,none,circular,cnot,global,12,8,7,same_entangling_gate_count,0,11,RZ,2,35,layer_000_wire_011_RZ,3,0.006017354199582567,7.334235099899544e-05,0.008338512747708719,0.0
random_bp,expectation_value,bcw_12q_random_bp,hea,RX_RY_RZ_CNOT,none,circular,cnot,global,12,8,7,same_entangling_gate_count,1,0,RX,0,36,layer_001_wire_000_RX,3,-0.003245286448848416,0.00019819342622123064,0.011368413240148345,0.0
random_bp,expectation_value,bcw_12q_random_bp,hea,RX_RY_RZ_CNOT,none,circular,cnot,global,12,8,7,same_entangling_gate_count,1,0,RY,1,37,layer_001_wire_000_RY,3,-0.012509413360246567,6.789962094365154e-05,0.012509413360246567,0.0
random_bp,expectation_value,bcw_12q_random_bp,hea,RX_RY_RZ_CNOT,none,circular,cnot,global,12,8,7,same_entangling_gate_count,1,0,RZ,2,38,layer_001_wire_000_RZ,3,0.0076576664783382445,0.0002980210286719241,0.011505212046433807,0.0
random_bp,expectation_value,bcw_12q_random_bp,hea,RX_RY_RZ_CNOT,none,circular,cnot,global,12,8,7,same_entangling_gate_count,1,1,RX,0,39,layer_001_wire_001_RX,3,0.006965165724239768,0.00018433255062551984,0.01267002893937167,0.0
random_bp,expectation_value,bcw_12q_random_bp,hea,RX_RY_RZ_CNOT,none,circular,cnot,global,12,8,7,same_entangling_gate_count,1,1,RY,1,40,layer_001_wire_001_RY,3,-0.006398449260512254,4.982923357625578e-06,0.006398449260512254,0.0
random_bp,expectation_value,bcw_12q_random_bp,hea,RX_RY_RZ_CNOT,none,circular,cnot,global,12,8,7,same_entangling_gate_count,1,1,RZ,2,41,layer_001_wire_001_RZ,3,-0.006411399335442594,7.93579293663984e-05,0.008855478774124804,0.0
random_bp,expectation_value,bcw_12q_random_bp,hea,RX_RY_RZ_CNOT,none,circular,cnot,global,12,8,7,same_entangling_gate_count,1,2,RX,0,42,layer_001_wire_002_RX,3,-0.0027073132912299553,1.0781742424423231e-05,0.0029660256916950955,0.0
random_bp,expectation_value,bcw_12q_random_bp,hea,RX_RY_RZ_CNOT,none,circular,cnot,global,12,8,7,same_entangling_gate_count,1,2,RY,1,43,layer_001_wire_002_RY,3,0.0002912967313295021,0.00012606911403896753,0.008034400829053804,0.0
random_bp,expectation_value,bcw_12q_random_bp,hea,RX_RY_RZ_CNOT,none,circular,cnot,global,12,8,7,same_entangling_gate_count,1,2,RZ,2,44,layer_001_wire_002_RZ,3,-0.004866813142551189,0.00012045925281158537,0.007640971714590802,0.0
random_bp,expectation_value,bcw_12q_random_bp,hea,RX_RY_RZ_CNOT,none,circular,cnot,global,12,8,7,same_entangling_gate_count,1,3,RX,0,45,layer_001_wire_003_RX,3,0.000854479689863827,9.482871736025899e-07,0.000854479689863827,0.0
random_bp,expectation_value,bcw_12q_random_bp,hea,RX_RY_RZ_CNOT,none,circular,cnot,global,12,8,7,same_entangling_gate_count,1,3,RY,1,46,layer_001_wire_003_RY,3,-0.0018784522761345112,0.0002718327594766839,0.012236949872334509,0.0
random_bp,expectation_value,bcw_12q_random_bp,hea,RX_RY_RZ_CNOT,none,circular,cnot,global,12,8,7,same_entangling_gate_count,1,3,RZ,2,47,layer_001_wire_003_RZ,3,0.0008957925737021642,0.00016827602758002222,0.008738981188917845,0.0
random_bp,expectation_value,bcw_12q_random_bp,hea,RX_RY_RZ_CNOT,none,circular,cnot,global,12,8,7,same_entangling_gate_count,1,4,RX,0,48,layer_001_wire_004_RX,3,0.0012722805454675233,0.00011927941455128677,0.008649324348006512,0.0
random_bp,expectation_value,bcw_12q_random_bp,hea,RX_RY_RZ_CNOT,none,circular,cnot,global,12,8,7,same_entangling_gate_count,1,4,RY,1,49,layer_001_wire_004_RY,3,-0.0016496883805061156,1.6898567914475433e-05,0.0036916339208946294,0.0
random_bp,expectation_value,bcw_12q_random_bp,hea,RX_RY_RZ_CNOT,none,circular,cnot,global,12,8,7,same_entangling_gate_count,1,4,RZ,2,50,layer_001_wire_004_RZ,3,-0.010276092253188953,0.00023715832779253683,0.014830010453661932,0.0
random_bp,expectation_value,bcw_12q_random_bp,hea,RX_RY_RZ_CNOT,none,circular,cnot,global,12,8,7,same_entangling_gate_count,1,5,RX,0,51,layer_001_wire_005_RX,3,-0.003263590494918594,0.0002169364679507769,0.00994660976453095,0.0
random_bp,expectation_value,bcw_12q_random_bp,hea,RX_RY_RZ_CNOT,none,circular,cnot,global,12,8,7,same_entangling_gate_count,1,5,RY,1,52,layer_001_wire_005_RY,3,0.0007555263905118864,8.924732414141219e-05,0.007332322630842997,0.0
random_bp,expectation_value,bcw_12q_random_bp,hea,RX_RY_RZ_CNOT,none,circular,cnot,global,12,8,7,same_entangling_gate_count,1,5,RZ,2,53,layer_001_wire_005_RZ,3,-0.0072524878670462535,0.00026145826176999886,0.013587726052198155,0.0
random_bp,expectation_value,bcw_12q_random_bp,hea,RX_RY_RZ_CNOT,none,circular,cnot,global,12,8,7,same_entangling_gate_count,1,6,RX,0,54,layer_001_wire_006_RX,3,0.005042853461593251,0.000275579224034931,0.010795204203893084,0.0
random_bp,expectation_value,bcw_12q_random_bp,hea,RX_RY_RZ_CNOT,none,circular,cnot,global,12,8,7,same_entangling_gate_count,1,6,RY,1,55,layer_001_wire_006_RY,3,-0.005694882731402596,0.0001609738487941629,0.010403137104440649,0.0
random_bp,expectation_value,bcw_12q_random_bp,hea,RX_RY_RZ_CNOT,none,circular,cnot,global,12,8,7,same_entangling_gate_count,1,6,RZ,2,56,layer_001_wire_006_RZ,3,0.0026462623173644007,0.00047344921132008423,0.015511114733535147,0.0
random_bp,expectation_value,bcw_12q_random_bp,hea,RX_RY_RZ_CNOT,none,circular,cnot,global,12,8,7,same_entangling_gate_count,1,7,RX,0,57,layer_001_wire_007_RX,3,0.00045304474458231,8.349397359123874e-05,0.00687800666273963,0.0
random_bp,expectation_value,bcw_12q_random_bp,hea,RX_RY_RZ_CNOT,none,circular,cnot,global,12,8,7,same_entangling_gate_count,1,7,RY,1,58,layer_001_wire_007_RY,3,0.001987880072121708,0.00022054404348648208,0.010211210812633894,0.0
random_bp,expectation_value,bcw_12q_random_bp,hea,RX_RY_RZ_CNOT,none,circular,cnot,global,12,8,7,same_entangling_gate_count,1,7,RZ,2,59,layer_001_wire_007_RZ,3,0.002777280639189097,6.726434217710928e-05,0.005303282865464082,0.0
random_bp,expectation_value,bcw_12q_random_bp,hea,RX_RY_RZ_CNOT,none,circular,cnot,global,12,8,7,same_entangling_gate_count,1,8,RX,0,60,layer_001_wire_008_RX,3,0.001524950980444788,9.434003217087556e-06,0.0022338280063477598,0.0
random_bp,expectation_value,bcw_12q_random_bp,hea,RX_RY_RZ_CNOT,none,circular,cnot,global,12,8,7,same_entangling_gate_count,1,8,RY,1,61,layer_001_wire_008_RY,3,0.007494647624077731,0.0001726543378618049,0.012612940053290446,0.0
random_bp,expectation_value,bcw_12q_random_bp,hea,RX_RY_RZ_CNOT,none,circular,cnot,global,12,8,7,same_entangling_gate_count,1,8,RZ,2,62,layer_001_wire_008_RZ,3,-0.0005657603307817338,7.063454961146439e-05,0.005760849269484072,0.0
random_bp,expectation_value,bcw_12q_random_bp,hea,RX_RY_RZ_CNOT,none,circular,cnot,global,12,8,7,same_entangling_gate_count,1,9,RX,0,63,layer_001_wire_009_RX,3,-0.004771946806140816,2.5874000587147233e-05,0.004771946806140816,0.0
random_bp,expectation_value,bcw_12q_random_bp,hea,RX_RY_RZ_CNOT,none,circular,cnot,global,12,8,7,same_entangling_gate_count,1,9,RY,1,64,layer_001_wire_009_RY,3,0.005499332299439474,0.00010420841076747649,0.006908321281139993,0.0
random_bp,expectation_value,bcw_12q_random_bp,hea,RX_RY_RZ_CNOT,none,circular,cnot,global,12,8,7,same_entangling_gate_count,1,9,RZ,2,65,layer_001_wire_009_RZ,3,-0.000674473854324141,0.0003181597513941791,0.013106981134201829,0.0
random_bp,expectation_value,bcw_12q_random_bp,hea,RX_RY_RZ_CNOT,none,circular,cnot,global,12,8,7,same_entangling_gate_count,1,10,RX,0,66,layer_001_wire_010_RX,3,-0.0016147350671771635,3.393347512601233e-05,0.0038615406794882136,0.0
random_bp,expectation_value,bcw_12q_random_bp,hea,RX_RY_RZ_CNOT,none,circular,cnot,global,12,8,7,same_entangling_gate_count,1,10,RY,1,67,layer_001_wire_010_RY,3,0.00025032103300584065,1.981227639528845e-05,0.002968607693622323,0.0
random_bp,expectation_value,bcw_12q_random_bp,hea,RX_RY_RZ_CNOT,none,circular,cnot,global,12,8,7,same_entangling_gate_count,1,10,RZ,2,68,layer_001_wire_010_RZ,3,-0.0001439910873716095,0.00011884814720059366,0.007682148923906497,0.0
random_bp,expectation_value,bcw_12q_random_bp,hea,RX_RY_RZ_CNOT,none,circular,cnot,global,12,8,7,same_entangling_gate_count,1,11,RX,0,69,layer_001_wire_011_RX,3,0.007517370935466435,3.64895067228061e-07,0.007517370935466435,0.0
random_bp,expectation_value,bcw_12q_random_bp,hea,RX_RY_RZ_CNOT,none,circular,cnot,global,12,8,7,same_entangling_gate_count,1,11,RY,1,70,layer_001_wire_011_RY,3,0.007289364941532026,8.272700976950228e-06,0.007289364941532026,0.0
random_bp,expectation_value,bcw_12q_random_bp,hea,RX_RY_RZ_CNOT,none,circular,cnot,global,12,8,7,same_entangling_gate_count,1,11,RZ,2,71,layer_001_wire_011_RZ,3,0.0066408964937157726,6.274921870169351e-06,0.0066408964937157726,0.0
random_bp,expectation_value,bcw_12q_random_bp,hea,RX_RY_RZ_CNOT,none,circular,cnot,global,12,8,7,same_entangling_gate_count,2,0,RX,0,72,layer_002_wire_000_RX,3,-0.00011808295724435061,0.00011226699281957171,0.007381397285599619,0.0
random_bp,expectation_value,bcw_12q_random_bp,hea,RX_RY_RZ_CNOT,none,circular,cnot,global,12,8,7,same_entangling_gate_count,2,0,RY,1,73,layer_002_wire_000_RY,3,0.006396454634476908,2.670212534264685e-05,0.006396454634476908,0.0
random_bp,expectation_value,bcw_12q_random_bp,hea,RX_RY_RZ_CNOT,none,circular,cnot,global,12,8,7,same_entangling_gate_count,2,0,RZ,2,74,layer_002_wire_000_RZ,3,-0.0002466303457184997,0.00014420550182607397,0.00916136561522224,0.0
random_bp,expectation_value,bcw_12q_random_bp,hea,RX_RY_RZ_CNOT,none,circular,cnot,global,12,8,7,same_entangling_gate_count,2,1,RX,0,75,layer_002_wire_001_RX,3,-0.007698556217225753,7.75934038273431e-06,0.007698556217225753,0.0
random_bp,expectation_value,bcw_12q_random_bp,hea,RX_RY_RZ_CNOT,none,circular,cnot,global,12,8,7,same_entangling_gate_count,2,1,RY,1,76,layer_002_wire_001_RY,3,-0.0019156519744671593,3.0296082632749594e-05,0.004095296696843081,0.0
random_bp,expectation_value,bcw_12q_random_bp,hea,RX_RY_RZ_CNOT,none,circular,cnot,global,12,8,7,same_entangling_gate_count,2,1,RZ,2,77,layer_002_wire_001_RZ,3,-0.0019710864242096044,0.00013389183936660007,0.008002455416117939,0.0
random_bp,expectation_value,bcw_12q_random_bp,hea,RX_RY_RZ_CNOT,none,circular,cnot,global,12,8,7,same_entangling_gate_count,2,2,RX,0,78,layer_002_wire_002_RX,3,-0.006586152480108477,2.0321328652763974e-05,0.006586152480108476,0.0
random_bp,expectation_value,bcw_12q_random_bp,hea,RX_RY_RZ_CNOT,none,circular,cnot,global,12,8,7,same_entangling_gate_count,2,2,RY,1,79,layer_002_wire_002_RY,3,-0.0032028979054468335,0.000397325414285014,0.013204330490241861,0.0
random_bp,expectation_value,bcw_12q_random_bp,hea,RX_RY_RZ_CNOT,none,circular,cnot,global,12,8,7,same_entangling_gate_count,2,2,RZ,2,80,layer_002_wire_002_RZ,3,-0.006338013850806822,9.441451353506074e-06,0.006338013850806822,0.0
random_bp,expectation_value,bcw_12q_random_bp,hea,RX_RY_RZ_CNOT,none,circular,cnot,global,12,8,7,same_entangling_gate_count,2,3,RX,0,81,layer_002_wire_003_RX,3,0.004094199265924716,0.00010594141407902027,0.009158489316235629,0.0
random_bp,expectation_value,bcw_12q_random_bp,hea,RX_RY_RZ_CNOT,none,circular,cnot,global,12,8,7,same_entangling_gate_count,2,3,RY,1,82,layer_002_wire_003_RY,3,0.010589401145281318,0.00021354403896084077,0.013377078893881402,0.0
random_bp,expectation_value,bcw_12q_random_bp,hea,RX_RY_RZ_CNOT,none,circular,cnot,global,12,8,7,same_entangling_gate_count,2,3,RZ,2,83,layer_002_wire_003_RZ,3,-0.0003675030394292111,0.00012781701931460098,0.007740214669909058,0.0
random_bp,expectation_value,bcw_12q_random_bp,hea,RX_RY_RZ_CNOT,none,circular,cnot,global,12,8,7,same_entangling_gate_count,2,4,RX,0,84,layer_002_wire_004_RX,3,0.007992867759354476,7.446676593189627e-06,0.007992867759354476,0.0
random_bp,expectation_value,bcw_12q_random_bp,hea,RX_RY_RZ_CNOT,none,circular,cnot,global,12,8,7,same_entangling_gate_count,2,4,RY,1,85,layer_002_wire_004_RY,3,0.00919038296206195,2.1102704012245963e-06,0.00919038296206195,0.0
random_bp,expectation_value,bcw_12q_random_bp,hea,RX_RY_RZ_CNOT,none,circular,cnot,global,12,8,7,same_entangling_gate_count,2,4,RZ,2,86,layer_002_wire_004_RZ,3,0.002372364544266381,5.2554528786426516e-05,0.004749487020586094,0.0
random_bp,expectation_value,bcw_12q_random_bp,hea,RX_RY_RZ_CNOT,none,circular,cnot,global,12,8,7,same_entangling_gate_count,2,5,RX,0,87,layer_002_wire_005_RX,3,0.011738604541841077,9.570069452590346e-06,0.011738604541841077,0.0
random_bp,expectation_value,bcw_12q_random_bp,hea,RX_RY_RZ_CNOT,none,circular,cnot,global,12,8,7,same_entangling_gate_count,2,5,RY,1,88,layer_002_wire_005_RY,3,0.005515668650837886,0.00016535831734379845,0.011488903905899678,0.0
random_bp,expectation_value,bcw_12q_random_bp,hea,RX_RY_RZ_CNOT,none,circular,cnot,global,12,8,7,same_entangling_gate_count,2,5,RZ,2,89,layer_002_wire_005_RZ,3,0.018580485656336555,1.5428040553276004e-05,0.018580485656336555,0.0
random_bp,expectation_value,bcw_12q_random_bp,hea,RX_RY_RZ_CNOT,none,circular,cnot,global,12,8,7,same_entangling_gate_count,2,6,RX,0,90,layer_002_wire_006_RX,3,0.000592139564851506,0.00011815102691274359,0.008237686773742162,0.0
random_bp,expectation_value,bcw_12q_random_bp,hea,RX_RY_RZ_CNOT,none,circular,cnot,global,12,8,7,same_entangling_gate_count,2,6,RY,1,91,layer_002_wire_006_RY,3,-0.0008870803284021537,0.00033431601059352164,0.014368181439743083,0.0
random_bp,expectation_value,bcw_12q_random_bp,hea,RX_RY_RZ_CNOT,none,circular,cnot,global,12,8,7,same_entangling_gate_count,2,6,RZ,2,92,layer_002_wire_006_RZ,3,-0.009412621740695477,0.00016780066567404503,0.009412621740695477,0.0
random_bp,expectation_value,bcw_12q_random_bp,hea,RX_RY_RZ_CNOT,none,circular,cnot,global,12,8,7,same_entangling_gate_count,2,7,RX,0,93,layer_002_wire_007_RX,3,-0.0003577728701931847,9.843766674530113e-06,0.0022141092712925177,0.0
random_bp,expectation_value,bcw_12q_random_bp,hea,RX_RY_RZ_CNOT,none,circular,cnot,global,12,8,7,same_entangling_gate_count,2,7,RY,1,94,layer_002_wire_007_RY,3,-0.008447953116133803,0.0001746080022735558,0.012967580681360441,0.0
random_bp,expectation_value,bcw_12q_random_bp,hea,RX_RY_RZ_CNOT,none,circular,cnot,global,12,8,7,same_entangling_gate_count,2,7,RZ,2,95,layer_002_wire_007_RZ,3,0.0009393029860100197,3.859143594831714e-05,0.004673111701987892,0.0
random_bp,expectation_value,bcw_12q_random_bp,hea,RX_RY_RZ_CNOT,none,circular,cnot,global,12,8,7,same_entangling_gate_count,2,8,RX,0,96,layer_002_wire_008_RX,3,0.013387295900293247,4.8514837322914506e-05,0.013387295900293248,0.0
random_bp,expectation_value,bcw_12q_random_bp,hea,RX_RY_RZ_CNOT,none,circular,cnot,global,12,8,7,same_entangling_gate_count,2,8,RY,1,97,layer_002_wire_008_RY,3,-3.872797432890674e-05,3.4463810071967606e-05,0.0045102114566872254,0.0
random_bp,expectation_value,bcw_12q_random_bp,hea,RX_RY_RZ_CNOT,none,circular,cnot,global,12,8,7,same_entangling_gate_count,2,8,RZ,2,98,layer_002_wire_008_RZ,3,-0.010379336865950016,4.604888531683364e-05,0.010379336865950016,0.0
random_bp,expectation_value,bcw_12q_random_bp,hea,RX_RY_RZ_CNOT,none,circular,cnot,global,12,8,7,same_entangling_gate_count,2,9,RX,0,99,layer_002_wire_009_RX,3,-0.001599384839467462,7.570690753299048e-06,0.0025478120102617233,0.0
random_bp,expectation_value,bcw_12q_random_bp,hea,RX_RY_RZ_CNOT,none,circular,cnot,global,12,8,7,same_entangling_gate_count,2,9,RY,1,100,layer_002_wire_009_RY,3,-0.0017475361906634243,0.00012982400230327317,0.008829141074445464,0.0
random_bp,expectation_value,bcw_12q_random_bp,hea,RX_RY_RZ_CNOT,none,circular,cnot,global,12,8,7,same_entangling_gate_count,2,9,RZ,2,101,layer_002_wire_009_RZ,3,0.0003895901476850105,0.0001519024541061863,0.009591270052820977,0.0
random_bp,expectation_value,bcw_12q_random_bp,hea,RX_RY_RZ_CNOT,none,circular,cnot,global,12,8,7,same_entangling_gate_count,2,10,RX,0,102,layer_002_wire_010_RX,3,-0.0008426209696865148,0.00012785836579796511,0.008152298992750948,0.0
random_bp,expectation_value,bcw_12q_random_bp,hea,RX_RY_RZ_CNOT,none,circular,cnot,global,12,8,7,same_entangling_gate_count,2,10,RY,1,103,layer_002_wire_010_RY,3,-0.0009565085605727354,3.579503383228727e-05,0.004268452851601392,0.0
random_bp,expectation_value,bcw_12q_random_bp,hea,RX_RY_RZ_CNOT,none,circular,cnot,global,12,8,7,same_entangling_gate_count,2,10,RZ,2,104,layer_002_wire_010_RZ,3,-0.004201026398489516,4.588547798223836e-05,0.004493668547687609,0.0
random_bp,expectation_value,bcw_12q_random_bp,hea,RX_RY_RZ_CNOT,none,circular,cnot,global,12,8,7,same_entangling_gate_count,2,11,RX,0,105,layer_002_wire_011_RX,3,-0.005441149693375622,8.433935212006329e-06,0.005441149693375621,0.0
random_bp,expectation_value,bcw_12q_random_bp,hea,RX_RY_RZ_CNOT,none,circular,cnot,global,12,8,7,same_entangling_gate_count,2,11,RY,1,106,layer_002_wire_011_RY,3,0.010944595074510033,1.344247364131975e-05,0.010944595074510033,0.0
random_bp,expectation_value,bcw_12q_random_bp,hea,RX_RY_RZ_CNOT,none,circular,cnot,global,12,8,7,same_entangling_gate_count,2,11,RZ,2,107,layer_002_wire_011_RZ,3,0.004076159568736855,3.061915271033852e-06,0.004076159568736855,0.0
random_bp,expectation_value,bcw_12q_random_bp,hea,RX_RY_RZ_CNOT,none,circular,cnot,global,12,8,7,same_entangling_gate_count,3,0,RX,0,108,layer_003_wire_000_RX,3,0.0066112345883541125,3.6457408490889694e-05,0.006793704294767739,0.0
random_bp,expectation_value,bcw_12q_random_bp,hea,RX_RY_RZ_CNOT,none,circular,cnot,global,12,8,7,same_entangling_gate_count,3,0,RY,1,109,layer_003_wire_000_RY,3,-0.004228422795741095,1.8415598350371572e-05,0.0042284227957410945,0.0
random_bp,expectation_value,bcw_12q_random_bp,hea,RX_RY_RZ_CNOT,none,circular,cnot,global,12,8,7,same_entangling_gate_count,3,0,RZ,2,110,layer_003_wire_000_RZ,3,0.00018854745637413706,9.348973566838186e-05,0.006632536217645295,0.0
random_bp,expectation_value,bcw_12q_random_bp,hea,RX_RY_RZ_CNOT,none,circular,cnot,global,12,8,7,same_entangling_gate_count,3,1,RX,0,111,layer_003_wire_001_RX,3,0.002144379596348343,3.587551204712814e-06,0.002144379596348343,0.0
random_bp,expectation_value,bcw_12q_random_bp,hea,RX_RY_RZ_CNOT,none,circular,cnot,global,12,8,7,same_entangling_gate_count,3,1,RY,1,112,layer_003_wire_001_RY,3,0.004719565434134441,5.7807127915123884e-05,0.006579536234292384,0.0
random_bp,expectation_value,bcw_12q_random_bp,hea,RX_RY_RZ_CNOT,none,circular,cnot,global,12,8,7,same_entangling_gate_count,3,1,RZ,2,113,layer_003_wire_001_RZ,3,0.00464636356788749,9.19374731081138e-05,0.005889069143481872,0.0
random_bp,expectation_value,bcw_12q_random_bp,hea,RX_RY_RZ_CNOT,none,circular,cnot,global,12,8,7,same_entangling_gate_count,3,2,RX,0,114,layer_003_wire_002_RX,3,0.008701754260038504,4.35682455186244e-07,0.008701754260038504,0.0
random_bp,expectation_value,bcw_12q_random_bp,hea,RX_RY_RZ_CNOT,none,circular,cnot,global,12,8,7,same_entangling_gate_count,3,2,RY,1,115,layer_003_wire_002_RY,3,0.005186013391493885,4.921631982466771e-05,0.005186013391493885,0.0
random_bp,expectation_value,bcw_12q_random_bp,hea,RX_RY_RZ_CNOT,none,circular,cnot,global,12,8,7,same_entangling_gate_count,3,2,RZ,2,116,layer_003_wire_002_RZ,3,0.011148155370785846,0.00023029551698571714,0.01397935808420296,0.0
random_bp,expectation_value,bcw_12q_random_bp,hea,RX_RY_RZ_CNOT,none,circular,cnot,global,12,8,7,same_entangling_gate_count,3,3,RX,0,117,layer_003_wire_003_RX,3,-0.008835557706816412,6.744643010152032e-05,0.008906228064122546,0.0
random_bp,expectation_value,bcw_12q_random_bp,hea,RX_RY_RZ_CNOT,none,circular,cnot,global,12,8,7,same_entangling_gate_count,3,3,RY,1,118,layer_003_wire_003_RY,3,-0.002470714041349395,3.27985681081633e-05,0.005097715795520451,0.0
random_bp,expectation_value,bcw_12q_random_bp,hea,RX_RY_RZ_CNOT,none,circular,cnot,global,12,8,7,same_entangling_gate_count,3,3,RZ,2,119,layer_003_wire_003_RZ,3,0.010048659445150505,1.1421992665859257e-05,0.010048659445150506,0.0
random_bp,expectation_value,bcw_12q_random_bp,hea,RX_RY_RZ_CNOT,none,circular,cnot,global,12,8,7,same_entangling_gate_count,3,4,RX,0,120,layer_003_wire_004_RX,3,-0.000808644671884799,3.083699005374816e-05,0.0037310449184059465,0.0
random_bp,expectation_value,bcw_12q_random_bp,hea,RX_RY_RZ_CNOT,none,circular,cnot,global,12,8,7,same_entangling_gate_count,3,4,RY,1,121,layer_003_wire_004_RY,3,0.006986713527880114,7.486388976089845e-05,0.007954382039389696,0.0
random_bp,expectation_value,bcw_12q_random_bp,hea,RX_RY_RZ_CNOT,none,circular,cnot,global,12,8,7,same_entangling_gate_count,3,4,RZ,2,122,layer_003_wire_004_RZ,3,-0.0090256366680323,9.598423438159042e-05,0.009025636668032298,0.0
random_bp,expectation_value,bcw_12q_random_bp,hea,RX_RY_RZ_CNOT,none,circular,cnot,global,12,8,7,same_entangling_gate_count,3,5,RX,0,123,layer_003_wire_005_RX,3,0.005948216025008507,0.0003087321588976077,0.015240161124252069,0.0
random_bp,expectation_value,bcw_12q_random_bp,hea,RX_RY_RZ_CNOT,none,circular,cnot,global,12,8,7,same_entangling_gate_count,3,5,RY,1,124,layer_003_wire_005_RY,3,-0.003323425240409241,4.926189864627354e-05,0.006041202363449877,0.0
random_bp,expectation_value,bcw_12q_random_bp,hea,RX_RY_RZ_CNOT,none,circular,cnot,global,12,8,7,same_entangling_gate_count,3,5,RZ,2,125,layer_003_wire_005_RZ,3,0.005365082987001528,2.252329132878177e-05,0.0053650829870015284,0.0
random_bp,expectation_value,bcw_12q_random_bp,hea,RX_RY_RZ_CNOT,none,circular,cnot,global,12,8,7,same_entangling_gate_count,3,6,RX,0,126,layer_003_wire_006_RX,3,-0.009716909544248774,7.89773310870384e-05,0.009716909544248774,0.0
random_bp,expectation_value,bcw_12q_random_bp,hea,RX_RY_RZ_CNOT,none,circular,cnot,global,12,8,7,same_entangling_gate_count,3,6,RY,1,127,layer_003_wire_006_RY,3,0.010048550203175294,1.2311505308538794e-05,0.010048550203175294,0.0
random_bp,expectation_value,bcw_12q_random_bp,hea,RX_RY_RZ_CNOT,none,circular,cnot,global,12,8,7,same_entangling_gate_count,3,6,RZ,2,128,layer_003_wire_006_RZ,3,-0.005024316763964823,9.168528963764267e-05,0.006937069131260867,0.0
random_bp,expectation_value,bcw_12q_random_bp,hea,RX_RY_RZ_CNOT,none,circular,cnot,global,12,8,7,same_entangling_gate_count,3,7,RX,0,129,layer_003_wire_007_RX,3,-0.0015523589641768041,3.0309338871410944e-05,0.004556824567416303,0.0
random_bp,expectation_value,bcw_12q_random_bp,hea,RX_RY_RZ_CNOT,none,circular,cnot,global,12,8,7,same_entangling_gate_count,3,7,RY,1,130,layer_003_wire_007_RY,3,0.0021694295927235964,0.0003865674331191541,0.01568716233258882,0.0
random_bp,expectation_value,bcw_12q_random_bp,hea,RX_RY_RZ_CNOT,none,circular,cnot,global,12,8,7,same_entangling_gate_count,3,7,RZ,2,131,layer_003_wire_007_RZ,3,-0.00011133557695347171,2.049960806670166e-05,0.0034791425292585495,0.0
random_bp,expectation_value,bcw_12q_random_bp,hea,RX_RY_RZ_CNOT,none,circular,cnot,global,12,8,7,same_entangling_gate_count,3,8,RX,0,132,layer_003_wire_008_RX,3,0.0007335061557963326,3.447959699169892e-05,0.004616252352934704,0.0
random_bp,expectation_value,bcw_12q_random_bp,hea,RX_RY_RZ_CNOT,none,circular,cnot,global,12,8,7,same_entangling_gate_count,3,8,RY,1,133,layer_003_wire_008_RY,3,-0.012429220101482683,5.314965328055218e-06,0.012429220101482683,0.0
random_bp,expectation_value,bcw_12q_random_bp,hea,RX_RY_RZ_CNOT,none,circular,cnot,global,12,8,7,same_entangling_gate_count,3,8,RZ,2,134,layer_003_wire_008_RZ,3,-0.0055238076328474935,7.581978805290735e-05,0.007969656622293967,0.0
random_bp,expectation_value,bcw_12q_random_bp,hea,RX_RY_RZ_CNOT,none,circular,cnot,global,12,8,7,same_entangling_gate_count,3,9,RX,0,135,layer_003_wire_009_RX,3,-0.005846302811904429,9.230474131969305e-05,0.00929187518258944,0.0
random_bp,expectation_value,bcw_12q_random_bp,hea,RX_RY_RZ_CNOT,none,circular,cnot,global,12,8,7,same_entangling_gate_count,3,9,RY,1,136,layer_003_wire_009_RY,3,-0.0007899582375791026,0.00021588933637891475,0.010660102223833928,0.0
random_bp,expectation_value,bcw_12q_random_bp,hea,RX_RY_RZ_CNOT,none,circular,cnot,global,12,8,7,same_entangling_gate_count,3,9,RZ,2,137,layer_003_wire_009_RZ,3,0.011132034814383717,0.0002250124626167624,0.012748030656186996,0.0
random_bp,expectation_value,bcw_12q_random_bp,hea,RX_RY_RZ_CNOT,none,circular,cnot,global,12,8,7,same_entangling_gate_count,3,10,RX,0,138,layer_003_wire_010_RX,3,-0.004636963682880172,0.00011201680987557156,0.008163376694981659,0.0
random_bp,expectation_value,bcw_12q_random_bp,hea,RX_RY_RZ_CNOT,none,circular,cnot,global,12,8,7,same_entangling_gate_count,3,10,RY,1,139,layer_003_wire_010_RY,3,0.007243480644055111,1.137256652945597e-05,0.007243480644055111,0.0
random_bp,expectation_value,bcw_12q_random_bp,hea,RX_RY_RZ_CNOT,none,circular,cnot,global,12,8,7,same_entangling_gate_count,3,10,RZ,2,140,layer_003_wire_010_RZ,3,-0.00958873719573172,3.0309456209627984e-05,0.00958873719573172,0.0
random_bp,expectation_value,bcw_12q_random_bp,hea,RX_RY_RZ_CNOT,none,circular,cnot,global,12,8,7,same_entangling_gate_count,3,11,RX,0,141,layer_003_wire_011_RX,3,0.014018242028420079,5.0255112411748366e-05,0.014018242028420079,0.0
random_bp,expectation_value,bcw_12q_random_bp,hea,RX_RY_RZ_CNOT,none,circular,cnot,global,12,8,7,same_entangling_gate_count,3,11,RY,1,142,layer_003_wire_011_RY,3,0.0053151725234779085,0.00010468509797875841,0.009017365286574227,0.0
random_bp,expectation_value,bcw_12q_random_bp,hea,RX_RY_RZ_CNOT,none,circular,cnot,global,12,8,7,same_entangling_gate_count,3,11,RZ,2,143,layer_003_wire_011_RZ,3,-0.0021286123739973567,0.00029528329949602935,0.013001496432802623,0.0
random_bp,expectation_value,bcw_12q_random_bp,hea,RX_RY_RZ_CNOT,none,circular,cnot,global,12,8,7,same_entangling_gate_count,4,0,RX,0,144,layer_004_wire_000_RX,3,-0.0070189589947228,8.687515434585693e-05,0.007266677341506364,0.0
random_bp,expectation_value,bcw_12q_random_bp,hea,RX_RY_RZ_CNOT,none,circular,cnot,global,12,8,7,same_entangling_gate_count,4,0,RY,1,145,layer_004_wire_000_RY,3,6.836080306934361e-05,7.337450849158306e-05,0.006035583856146822,0.0
random_bp,expectation_value,bcw_12q_random_bp,hea,RX_RY_RZ_CNOT,none,circular,cnot,global,12,8,7,same_entangling_gate_count,4,0,RZ,2,146,layer_004_wire_000_RZ,3,0.0013266282312808537,0.000250147030845064,0.012558205727129235,0.0
random_bp,expectation_value,bcw_12q_random_bp,hea,RX_RY_RZ_CNOT,none,circular,cnot,global,12,8,7,same_entangling_gate_count,4,1,RX,0,147,layer_004_wire_001_RX,3,0.0012259683181456748,2.698448055152491e-05,0.0034568482642725897,0.0
random_bp,expectation_value,bcw_12q_random_bp,hea,RX_RY_RZ_CNOT,none,circular,cnot,global,12,8,7,same_entangling_gate_count,4,1,RY,1,148,layer_004_wire_001_RY,3,0.005840911041838337,3.4697423480978864e-05,0.0058409110418383365,0.0
random_bp,expectation_value,bcw_12q_random_bp,hea,RX_RY_RZ_CNOT,none,circular,cnot,global,12,8,7,same_entangling_gate_count,4,1,RZ,2,149,layer_004_wire_001_RZ,3,-0.0035507279631088687,3.8815081402427774e-05,0.004392977725617947,0.0
random_bp,expectation_value,bcw_12q_random_bp,hea,RX_RY_RZ_CNOT,none,circular,cnot,global,12,8,7,same_entangling_gate_count,4,2,RX,0,150,layer_004_wire_002_RX,3,0.013276348132126924,9.613687167614164e-05,0.013276348132126923,0.0
random_bp,expectation_value,bcw_12q_random_bp,hea,RX_RY_RZ_CNOT,none,circular,cnot,global,12,8,7,same_entangling_gate_count,4,2,RY,1,151,layer_004_wire_002_RY,3,0.0016457740725294686,8.334730753539177e-05,0.006529042454856332,0.0
random_bp,expectation_value,bcw_12q_random_bp,hea,RX_RY_RZ_CNOT,none,circular,cnot,global,12,8,7,same_entangling_gate_count,4,2,RZ,2,152,layer_004_wire_002_RZ,3,0.012806576359382801,4.5303074794615166e-05,0.012806576359382801,0.0
random_bp,expectation_value,bcw_12q_random_bp,hea,RX_RY_RZ_CNOT,none,circular,cnot,global,12,8,7,same_entangling_gate_count,4,3,RX,0,153,layer_004_wire_003_RX,3,0.003878879321518723,0.00044096047067529193,0.016474877243676352,0.0
random_bp,expectation_value,bcw_12q_random_bp,hea,RX_RY_RZ_CNOT,none,circular,cnot,global,12,8,7,same_entangling_gate_count,4,3,RY,1,154,layer_004_wire_003_RY,3,0.012055597546781531,0.00024667974431496017,0.01610706104982058,0.0
random_bp,expectation_value,bcw_12q_random_bp,hea,RX_RY_RZ_CNOT,none,circular,cnot,global,12,8,7,same_entangling_gate_count,4,3,RZ,2,155,layer_004_wire_003_RZ,3,-0.0009624632974559295,0.0004813391730910286,0.01653874560780761,0.0
random_bp,expectation_value,bcw_12q_random_bp,hea,RX_RY_RZ_CNOT,none,circular,cnot,global,12,8,7,same_entangling_gate_count,4,4,RX,0,156,layer_004_wire_004_RX,3,0.0007812823165497954,0.0003438260449984389,0.014270897537822761,0.0
random_bp,expectation_value,bcw_12q_random_bp,hea,RX_RY_RZ_CNOT,none,circular,cnot,global,12,8,7,same_entangling_gate_count,4,4,RY,1,157,layer_004_wire_004_RY,3,0.004942104833845911,5.885235868418549e-05,0.007519897896691279,0.0
random_bp,expectation_value,bcw_12q_random_bp,hea,RX_RY_RZ_CNOT,none,circular,cnot,global,12,8,7,same_entangling_gate_count,4,4,RZ,2,158,layer_004_wire_004_RZ,3,-0.004125247398601795,1.3957869162716309e-05,0.004125247398601795,0.0
random_bp,expectation_value,bcw_12q_random_bp,hea,RX_RY_RZ_CNOT,none,circular,cnot,global,12,8,7,same_entangling_gate_count,4,5,RX,0,159,layer_004_wire_005_RX,3,0.0067497309446406025,0.0001945299829538231,0.009683082244913982,0.0
random_bp,expectation_value,bcw_12q_random_bp,hea,RX_RY_RZ_CNOT,none,circular,cnot,global,12,8,7,same_entangling_gate_count,4,5,RY,1,160,layer_004_wire_005_RY,3,-0.005368456821020514,1.5768403197524615e-05,0.0053684568210205135,0.0
random_bp,expectation_value,bcw_12q_random_bp,hea,RX_RY_RZ_CNOT,none,circular,cnot,global,12,8,7,same_entangling_gate_count,4,5,RZ,2,161,layer_004_wire_005_RZ,3,-0.005466824917121086,4.992983908555603e-05,0.0066158139404859295,0.0
random_bp,expectation_value,bcw_12q_random_bp,hea,RX_RY_RZ_CNOT,none,circular,cnot,global,12,8,7,same_entangling_gate_count,4,6,RX,0,162,layer_004_wire_006_RX,3,-0.0026401938679109847,5.234309508396948e-05,0.005623419597544372,0.0
random_bp,expectation_value,bcw_12q_random_bp,hea,RX_RY_RZ_CNOT,none,circular,cnot,global,12,8,7,same_entangling_gate_count,4,6,RY,1,163,layer_004_wire_006_RY,3,-0.002691390574579495,0.0001858898598626834,0.00898570686724364,0.0
random_bp,expectation_value,bcw_12q_random_bp,hea,RX_RY_RZ_CNOT,none,circular,cnot,global,12,8,7,same_entangling_gate_count,4,6,RZ,2,164,layer_004_wire_006_RZ,3,0.008886154916979807,2.2307122261041433e-06,0.008886154916979807,0.0
random_bp,expectation_value,bcw_12q_random_bp,hea,RX_RY_RZ_CNOT,none,circular,cnot,global,12,8,7,same_entangling_gate_count,4,7,RX,0,165,layer_004_wire_007_RX,3,-0.0017427265636961716,2.2023314774308943e-05,0.0030875115718526085,0.0
random_bp,expectation_value,bcw_12q_random_bp,hea,RX_RY_RZ_CNOT,none,circular,cnot,global,12,8,7,same_entangling_gate_count,4,7,RY,1,166,layer_004_wire_007_RY,3,-0.011999950491977749,2.3690689159884062e-05,0.01199995049197775,0.0
random_bp,expectation_value,bcw_12q_random_bp,hea,RX_RY_RZ_CNOT,none,circular,cnot,global,12,8,7,same_entangling_gate_count,4,7,RZ,2,167,layer_004_wire_007_RZ,3,-4.36639707453116e-05,7.143411364453021e-06,0.0019337648282678737,0.0
random_bp,expectation_value,bcw_12q_random_bp,hea,RX_RY_RZ_CNOT,none,circular,cnot,global,12,8,7,same_entangling_gate_count,4,8,RX,0,168,layer_004_wire_008_RX,3,0.0028704005682634714,0.00013107563521448429,0.008585831699967413,0.0
random_bp,expectation_value,bcw_12q_random_bp,hea,RX_RY_RZ_CNOT,none,circular,cnot,global,12,8,7,same_entangling_gate_count,4,8,RY,1,169,layer_004_wire_008_RY,3,0.0010700583896851156,1.3945701610529322e-06,0.0010700583896851156,0.0
random_bp,expectation_value,bcw_12q_random_bp,hea,RX_RY_RZ_CNOT,none,circular,cnot,global,12,8,7,same_entangling_gate_count,4,8,RZ,2,170,layer_004_wire_008_RZ,3,0.004604369089622549,0.0002183279753306481,0.012852095013376997,0.0
random_bp,expectation_value,bcw_12q_random_bp,hea,RX_RY_RZ_CNOT,none,circular,cnot,global,12,8,7,same_entangling_gate_count,4,9,RX,0,171,layer_004_wire_009_RX,3,-0.00040906419581729836,8.745719647251451e-05,0.007051813267357914,0.0
random_bp,expectation_value,bcw_12q_random_bp,hea,RX_RY_RZ_CNOT,none,circular,cnot,global,12,8,7,same_entangling_gate_count,4,9,RY,1,172,layer_004_wire_009_RY,3,0.006834823954516072,2.9680674582226478e-05,0.0068348239545160715,0.0
random_bp,expectation_value,bcw_12q_random_bp,hea,RX_RY_RZ_CNOT,none,circular,cnot,global,12,8,7,same_entangling_gate_count,4,9,RZ,2,173,layer_004_wire_009_RZ,3,0.0109845559525986,0.00014014118957090887,0.010984555952598602,0.0
random_bp,expectation_value,bcw_12q_random_bp,hea,RX_RY_RZ_CNOT,none,circular,cnot,global,12,8,7,same_entangling_gate_count,4,10,RX,0,174,layer_004_wire_010_RX,3,-0.004059037129932269,8.322679754376606e-05,0.008295635459398253,0.0
random_bp,expectation_value,bcw_12q_random_bp,hea,RX_RY_RZ_CNOT,none,circular,cnot,global,12,8,7,same_entangling_gate_count,4,10,RY,1,175,layer_004_wire_010_RY,3,0.002174464654572097,0.00010126240715252011,0.008001918162830725,0.0
random_bp,expectation_value,bcw_12q_random_bp,hea,RX_RY_RZ_CNOT,none,circular,cnot,global,12,8,7,same_entangling_gate_count,4,10,RZ,2,176,layer_004_wire_010_RZ,3,0.005749380908104772,2.3761041496037992e-07,0.005749380908104771,0.0
random_bp,expectation_value,bcw_12q_random_bp,hea,RX_RY_RZ_CNOT,none,circular,cnot,global,12,8,7,same_entangling_gate_count,4,11,RX,0,177,layer_004_wire_011_RX,3,-0.0011573246147756993,0.00014860330999128695,0.008606534103424369,0.0
random_bp,expectation_value,bcw_12q_random_bp,hea,RX_RY_RZ_CNOT,none,circular,cnot,global,12,8,7,same_entangling_gate_count,4,11,RY,1,178,layer_004_wire_011_RY,3,0.01318636276492193,5.581468312284534e-05,0.01318636276492193,0.0
random_bp,expectation_value,bcw_12q_random_bp,hea,RX_RY_RZ_CNOT,none,circular,cnot,global,12,8,7,same_entangling_gate_count,4,11,RZ,2,179,layer_004_wire_011_RZ,3,0.0009474168492287515,0.0002573630705216103,0.011882675932641787,0.0
random_bp,expectation_value,bcw_12q_random_bp,hea,RX_RY_RZ_CNOT,none,circular,cnot,global,12,8,7,same_entangling_gate_count,5,0,RX,0,180,layer_005_wire_000_RX,3,-3.7708340697773825e-06,9.419910859292234e-05,0.007411435323568305,0.0
random_bp,expectation_value,bcw_12q_random_bp,hea,RX_RY_RZ_CNOT,none,circular,cnot,global,12,8,7,same_entangling_gate_count,5,0,RY,1,181,layer_005_wire_000_RY,3,-0.0049886240308597615,5.750263114801845e-05,0.005400540016477165,0.0
random_bp,expectation_value,bcw_12q_random_bp,hea,RX_RY_RZ_CNOT,none,circular,cnot,global,12,8,7,same_entangling_gate_count,5,0,RZ,2,182,layer_005_wire_000_RZ,3,0.006448987964745441,8.859971435855837e-05,0.009374672933045992,0.0
random_bp,expectation_value,bcw_12q_random_bp,hea,RX_RY_RZ_CNOT,none,circular,cnot,global,12,8,7,same_entangling_gate_count,5,1,RX,0,183,layer_005_wire_001_RX,3,-0.008111601343528852,0.0004390251824696883,0.018065319310018323,0.0
random_bp,expectation_value,bcw_12q_random_bp,hea,RX_RY_RZ_CNOT,none,circular,cnot,global,12,8,7,same_entangling_gate_count,5,1,RY,1,184,layer_005_wire_001_RY,3,0.0036832669770431687,5.825677123615056e-05,0.007048851042716055,0.0
random_bp,expectation_value,bcw_12q_random_bp,hea,RX_RY_RZ_CNOT,none,circular,cnot,global,12,8,7,same_entangling_gate_count,5,1,RZ,2,185,layer_005_wire_001_RZ,3,0.0005680768575668602,0.0004939857905880305,0.016023800855580687,0.0
random_bp,expectation_value,bcw_12q_random_bp,hea,RX_RY_RZ_CNOT,none,circular,cnot,global,12,8,7,same_entangling_gate_count,5,2,RX,0,186,layer_005_wire_002_RX,3,-0.007022471623255829,7.264512755505397e-05,0.007419310856425187,0.0
random_bp,expectation_value,bcw_12q_random_bp,hea,RX_RY_RZ_CNOT,none,circular,cnot,global,12,8,7,same_entangling_gate_count,5,2,RY,1,187,layer_005_wire_002_RY,3,0.009208330226819281,0.0004278407070180778,0.01791800369808291,0.0
random_bp,expectation_value,bcw_12q_random_bp,hea,RX_RY_RZ_CNOT,none,circular,cnot,global,12,8,7,same_entangling_gate_count,5,2,RZ,2,188,layer_005_wire_002_RZ,3,-0.004017487686301557,0.00012984359088881556,0.007427568889515909,0.0
random_bp,expectation_value,bcw_12q_random_bp,hea,RX_RY_RZ_CNOT,none,circular,cnot,global,12,8,7,same_entangling_gate_count,5,3,RX,0,189,layer_005_wire_003_RX,3,0.0015157362707714245,0.0002467031271233414,0.010864052021995469,0.0
random_bp,expectation_value,bcw_12q_random_bp,hea,RX_RY_RZ_CNOT,none,circular,cnot,global,12,8,7,same_entangling_gate_count,5,3,RY,1,190,layer_005_wire_003_RY,3,-0.0020581175191237617,1.725514697861204e-05,0.003713126868857417,0.0
random_bp,expectation_value,bcw_12q_random_bp,hea,RX_RY_RZ_CNOT,none,circular,cnot,global,12,8,7,same_entangling_gate_count,5,3,RZ,2,191,layer_005_wire_003_RZ,3,0.005068841916500436,5.6225857757129455e-05,0.006894442733110508,0.0
random_bp,expectation_value,bcw_12q_random_bp,hea,RX_RY_RZ_CNOT,none,circular,cnot,global,12,8,7,same_entangling_gate_count,5,4,RX,0,192,layer_005_wire_004_RX,3,-0.001212982428991817,4.874454191017804e-05,0.005297561920860601,0.0
random_bp,expectation_value,bcw_12q_random_bp,hea,RX_RY_RZ_CNOT,none,circular,cnot,global,12,8,7,same_entangling_gate_count,5,4,RY,1,193,layer_005_wire_004_RY,3,0.0009940555265550502,0.00030198518637519685,0.01202200361450609,0.0
random_bp,expectation_value,bcw_12q_random_bp,hea,RX_RY_RZ_CNOT,none,circular,cnot,global,12,8,7,same_entangling_gate_count,5,4,RZ,2,194,layer_005_wire_004_RZ,3,-0.00015684263266146654,0.00014148653276404644,0.009129514659186606,0.0
random_bp,expectation_value,bcw_12q_random_bp,hea,RX_RY_RZ_CNOT,none,circular,cnot,global,12,8,7,same_entangling_gate_count,5,5,RX,0,195,layer_005_wire_005_RX,3,-0.003556723769130253,5.49956547612702e-06,0.0035567237691302525,0.0
random_bp,expectation_value,bcw_12q_random_bp,hea,RX_RY_RZ_CNOT,none,circular,cnot,global,12,8,7,same_entangling_gate_count,5,5,RY,1,196,layer_005_wire_005_RY,3,0.0017272141848110253,0.0001301428348128586,0.008196198433314568,0.0
random_bp,expectation_value,bcw_12q_random_bp,hea,RX_RY_RZ_CNOT,none,circular,cnot,global,12,8,7,same_entangling_gate_count,5,5,RZ,2,197,layer_005_wire_005_RZ,3,-0.006557509861036467,0.0001866958723588162,0.008399555408712844,0.0
random_bp,expectation_value,bcw_12q_random_bp,hea,RX_RY_RZ_CNOT,none,circular,cnot,global,12,8,7,same_entangling_gate_count,5,6,RX,0,198,layer_005_wire_006_RX,3,-0.002168642260522711,0.00015229170759760693,0.00899537536888567,0.0
random_bp,expectation_value,bcw_12q_random_bp,hea,RX_RY_RZ_CNOT,none,circular,cnot,global,12,8,7,same_entangling_gate_count,5,6,RY,1,199,layer_005_wire_006_RY,3,0.0067227567757756615,3.6770993033362634e-05,0.0067227567757756615,0.0
random_bp,expectation_value,bcw_12q_random_bp,hea,RX_RY_RZ_CNOT,none,circular,cnot,global,12,8,7,same_entangling_gate_count,5,6,RZ,2,200,layer_005_wire_006_RZ,3,-0.012086601441187632,1.3441777281629278e-05,0.012086601441187632,0.0
random_bp,expectation_value,bcw_12q_random_bp,hea,RX_RY_RZ_CNOT,none,circular,cnot,global,12,8,7,same_entangling_gate_count,5,7,RX,0,201,layer_005_wire_007_RX,3,-0.003370879069713579,0.00012304461954342822,0.007273936408409811,0.0
random_bp,expectation_value,bcw_12q_random_bp,hea,RX_RY_RZ_CNOT,none,circular,cnot,global,12,8,7,same_entangling_gate_count,5,7,RY,1,202,layer_005_wire_007_RY,3,-0.00332167731179033,0.0003837840062888592,0.01614811737986634,0.0
random_bp,expectation_value,bcw_12q_random_bp,hea,RX_RY_RZ_CNOT,none,circular,cnot,global,12,8,7,same_entangling_gate_count,5,7,RZ,2,203,layer_005_wire_007_RZ,3,0.004245940197769289,0.00016318290780097217,0.01113725995202626,0.0
random_bp,expectation_value,bcw_12q_random_bp,hea,RX_RY_RZ_CNOT,none,circular,cnot,global,12,8,7,same_entangling_gate_count,5,8,RX,0,204,layer_005_wire_008_RX,3,-0.006954311442918276,0.00017581634915401988,0.010614837671568539,0.0
random_bp,expectation_value,bcw_12q_random_bp,hea,RX_RY_RZ_CNOT,none,circular,cnot,global,12,8,7,same_entangling_gate_count,5,8,RY,1,205,layer_005_wire_008_RY,3,-0.006571098610608875,0.0002124303547807461,0.013158991399132623,0.0
random_bp,expectation_value,bcw_12q_random_bp,hea,RX_RY_RZ_CNOT,none,circular,cnot,global,12,8,7,same_entangling_gate_count,5,8,RZ,2,206,layer_005_wire_008_RZ,3,0.014607901977575785,4.2334657273855044e-05,0.014607901977575785,0.0
random_bp,expectation_value,bcw_12q_random_bp,hea,RX_RY_RZ_CNOT,none,circular,cnot,global,12,8,7,same_entangling_gate_count,5,9,RX,0,207,layer_005_wire_009_RX,3,2.3884068520611985e-05,0.00010037254168888283,0.007463330550169,0.0
random_bp,expectation_value,bcw_12q_random_bp,hea,RX_RY_RZ_CNOT,none,circular,cnot,global,12,8,7,same_entangling_gate_count,5,9,RY,1,208,layer_005_wire_009_RY,3,-0.012585612778456767,2.5943608987374904e-05,0.012585612778456767,0.0
random_bp,expectation_value,bcw_12q_random_bp,hea,RX_RY_RZ_CNOT,none,circular,cnot,global,12,8,7,same_entangling_gate_count,5,9,RZ,2,209,layer_005_wire_009_RZ,3,-0.006216845943835373,0.0004890148096585892,0.01469850983497678,0.0
random_bp,expectation_value,bcw_12q_random_bp,hea,RX_RY_RZ_CNOT,none,circular,cnot,global,12,8,7,same_entangling_gate_count,5,10,RX,0,210,layer_005_wire_010_RX,3,0.007679216473254989,8.047410879726575e-05,0.007887769127030875,0.0
random_bp,expectation_value,bcw_12q_random_bp,hea,RX_RY_RZ_CNOT,none,circular,cnot,global,12,8,7,same_entangling_gate_count,5,10,RY,1,211,layer_005_wire_010_RY,3,-0.010333413756564009,0.0001387145015055828,0.01033341375656401,0.0
random_bp,expectation_value,bcw_12q_random_bp,hea,RX_RY_RZ_CNOT,none,circular,cnot,global,12,8,7,same_entangling_gate_count,5,10,RZ,2,212,layer_005_wire_010_RZ,3,0.0034152045537424996,8.602036856671818e-05,0.006909068433989179,0.0
random_bp,expectation_value,bcw_12q_random_bp,hea,RX_RY_RZ_CNOT,none,circular,cnot,global,12,8,7,same_entangling_gate_count,5,11,RX,0,213,layer_005_wire_011_RX,3,0.016770317316419574,3.918461207143583e-05,0.016770317316419574,0.0
random_bp,expectation_value,bcw_12q_random_bp,hea,RX_RY_RZ_CNOT,none,circular,cnot,global,12,8,7,same_entangling_gate_count,5,11,RY,1,214,layer_005_wire_011_RY,3,-0.0034171408851852852,1.606865884396792e-05,0.004081867430653203,0.0
random_bp,expectation_value,bcw_12q_random_bp,hea,RX_RY_RZ_CNOT,none,circular,cnot,global,12,8,7,same_entangling_gate_count,5,11,RZ,2,215,layer_005_wire_011_RZ,3,0.006551156300876625,0.00024809143970049827,0.014114332213163966,0.0
random_bp,expectation_value,bcw_12q_random_bp,hea,RX_RY_RZ_CNOT,none,circular,cnot,global,12,8,7,same_entangling_gate_count,6,0,RX,0,216,layer_006_wire_000_RX,3,-0.006799102150551725,0.00017152242562739592,0.009131402447680218,0.0
random_bp,expectation_value,bcw_12q_random_bp,hea,RX_RY_RZ_CNOT,none,circular,cnot,global,12,8,7,same_entangling_gate_count,6,0,RY,1,217,layer_006_wire_000_RY,3,0.007210251210351865,8.443952703534898e-05,0.009470877112848696,0.0
random_bp,expectation_value,bcw_12q_random_bp,hea,RX_RY_RZ_CNOT,none,circular,cnot,global,12,8,7,same_entangling_gate_count,6,0,RZ,2,218,layer_006_wire_000_RZ,3,-2.0125178680270676e-18,4.600345499734907e-35,4.438202590127418e-18,1.0
random_bp,expectation_value,bcw_12q_random_bp,hea,RX_RY_RZ_CNOT,none,circular,cnot,global,12,8,7,same_entangling_gate_count,6,1,RX,0,219,layer_006_wire_001_RX,3,-7.451631181311832e-18,8.946211490120011e-35,9.764595815947574e-18,1.0
random_bp,expectation_value,bcw_12q_random_bp,hea,RX_RY_RZ_CNOT,none,circular,cnot,global,12,8,7,same_entangling_gate_count,6,1,RY,1,220,layer_006_wire_001_RY,3,8.271559074253995e-18,1.4331927121179444e-34,1.1966881478808755e-17,1.0
random_bp,expectation_value,bcw_12q_random_bp,hea,RX_RY_RZ_CNOT,none,circular,cnot,global,12,8,7,same_entangling_gate_count,6,1,RZ,2,221,layer_006_wire_001_RZ,3,5.485801004422878e-18,2.692292802146551e-34,1.0724583644160245e-17,1.0
random_bp,expectation_value,bcw_12q_random_bp,hea,RX_RY_RZ_CNOT,none,circular,cnot,global,12,8,7,same_entangling_gate_count,6,2,RX,0,222,layer_006_wire_002_RX,3,-0.009287915996825664,0.00023749821050188035,0.010938506101263137,0.0
random_bp,expectation_value,bcw_12q_random_bp,hea,RX_RY_RZ_CNOT,none,circular,cnot,global,12,8,7,same_entangling_gate_count,6,2,RY,1,223,layer_006_wire_002_RY,3,-0.011572841373014064,0.0007055525333617658,0.021337953625746798,0.0
random_bp,expectation_value,bcw_12q_random_bp,hea,RX_RY_RZ_CNOT,none,circular,cnot,global,12,8,7,same_entangling_gate_count,6,2,RZ,2,224,layer_006_wire_002_RZ,3,8.187941204776333e-18,3.2540439679411964e-36,8.187941204776333e-18,1.0
random_bp,expectation_value,bcw_12q_random_bp,hea,RX_RY_RZ_CNOT,none,circular,cnot,global,12,8,7,same_entangling_gate_count,6,3,RX,0,225,layer_006_wire_003_RX,3,9.045182499412921e-18,5.5746021142613896e-36,9.045182499412921e-18,1.0
random_bp,expectation_value,bcw_12q_random_bp,hea,RX_RY_RZ_CNOT,none,circular,cnot,global,12,8,7,same_entangling_gate_count,6,3,RY,1,226,layer_006_wire_003_RY,3,-3.6070192198035e-18,2.746158918822519e-34,1.2858877758346472e-17,1.0
random_bp,expectation_value,bcw_12q_random_bp,hea,RX_RY_RZ_CNOT,none,circular,cnot,global,12,8,7,same_entangling_gate_count,6,3,RZ,2,227,layer_006_wire_003_RZ,3,-9.27169891949932e-18,9.141900001401913e-35,9.677989765951719e-18,1.0
random_bp,expectation_value,bcw_12q_random_bp,hea,RX_RY_RZ_CNOT,none,circular,cnot,global,12,8,7,same_entangling_gate_count,6,4,RX,0,228,layer_006_wire_004_RX,3,-0.007312169368707183,6.927412277268827e-05,0.007991753215733085,0.0
random_bp,expectation_value,bcw_12q_random_bp,hea,RX_RY_RZ_CNOT,none,circular,cnot,global,12,8,7,same_entangling_gate_count,6,4,RY,1,229,layer_006_wire_004_RY,3,0.007694904945337366,4.1767435242777354e-05,0.007694904945337366,0.0
random_bp,expectation_value,bcw_12q_random_bp,hea,RX_RY_RZ_CNOT,none,circular,cnot,global,12,8,7,same_entangling_gate_count,6,4,RZ,2,230,layer_006_wire_004_RZ,3,-1.1687536942634175e-18,1.1030268618145644e-35,2.5288352351371642e-18,1.0
random_bp,expectation_value,bcw_12q_random_bp,hea,RX_RY_RZ_CNOT,none,circular,cnot,global,12,8,7,same_entangling_gate_count,6,5,RX,0,231,layer_006_wire_005_RX,3,-6.375334649667366e-19,5.567559192663847e-35,5.14487812162262e-18,1.0
random_bp,expectation_value,bcw_12q_random_bp,hea,RX_RY_RZ_CNOT,none,circular,cnot,global,12,8,7,same_entangling_gate_count,6,5,RY,1,232,layer_006_wire_005_RY,3,-3.3546739876006565e-18,1.343758270552075e-35,3.9329151462595924e-18,1.0
random_bp,expectation_value,bcw_12q_random_bp,hea,RX_RY_RZ_CNOT,none,circular,cnot,global,12,8,7,same_entangling_gate_count,6,5,RZ,2,233,layer_006_wire_005_RZ,3,-4.608723655740508e-19,2.963861629934976e-37,5.604665274856854e-19,1.0
random_bp,expectation_value,bcw_12q_random_bp,hea,RX_RY_RZ_CNOT,none,circular,cnot,global,12,8,7,same_entangling_gate_count,6,6,RX,0,234,layer_006_wire_006_RX,3,0.0020286754180023213,3.976025079223435e-05,0.005336504477889221,0.0
random_bp,expectation_value,bcw_12q_random_bp,hea,RX_RY_RZ_CNOT,none,circular,cnot,global,12,8,7,same_entangling_gate_count,6,6,RY,1,235,layer_006_wire_006_RY,3,0.006100202539746653,0.000440656139594913,0.01381741175905768,0.0
random_bp,expectation_value,bcw_12q_random_bp,hea,RX_RY_RZ_CNOT,none,circular,cnot,global,12,8,7,same_entangling_gate_count,6,6,RZ,2,236,layer_006_wire_006_RZ,3,2.820133287670973e-18,1.0464097204860089e-35,2.820133287670973e-18,1.0
random_bp,expectation_value,bcw_12q_random_bp,hea,RX_RY_RZ_CNOT,none,circular,cnot,global,12,8,7,same_entangling_gate_count,6,7,RX,0,237,layer_006_wire_007_RX,3,-4.0092892836703543e-19,5.5780000276192346e-36,1.557411245684907e-18,1.0
random_bp,expectation_value,bcw_12q_random_bp,hea,RX_RY_RZ_CNOT,none,circular,cnot,global,12,8,7,same_entangling_gate_count,6,7,RY,1,238,layer_006_wire_007_RY,3,1.9322233248449347e-18,2.2091140585104462e-35,3.522386511157008e-18,1.0
random_bp,expectation_value,bcw_12q_random_bp,hea,RX_RY_RZ_CNOT,none,circular,cnot,global,12,8,7,same_entangling_gate_count,6,7,RZ,2,239,layer_006_wire_007_RZ,3,-1.1531799733483816e-18,9.580354647841977e-36,2.5492141216887954e-18,1.0
random_bp,expectation_value,bcw_12q_random_bp,hea,RX_RY_RZ_CNOT,none,circular,cnot,global,12,8,7,same_entangling_gate_count,6,8,RX,0,240,layer_006_wire_008_RX,3,-0.013635104005641819,1.833656565668145e-05,0.01363510400564182,0.0
random_bp,expectation_value,bcw_12q_random_bp,hea,RX_RY_RZ_CNOT,none,circular,cnot,global,12,8,7,same_entangling_gate_count,6,8,RY,1,241,layer_006_wire_008_RY,3,-0.005749567304162623,0.00014523285393901544,0.011181061650713026,0.0
random_bp,expectation_value,bcw_12q_random_bp,hea,RX_RY_RZ_CNOT,none,circular,cnot,global,12,8,7,same_entangling_gate_count,6,8,RZ,2,242,layer_006_wire_008_RZ,3,-1.6206628385903749e-18,6.263113438387864e-35,6.095778410212347e-18,1.0
random_bp,expectation_value,bcw_12q_random_bp,hea,RX_RY_RZ_CNOT,none,circular,cnot,global,12,8,7,same_entangling_gate_count,6,9,RX,0,243,layer_006_wire_009_RX,3,-6.263949817103427e-18,1.8943031632914572e-34,1.0889879086374912e-17,1.0
random_bp,expectation_value,bcw_12q_random_bp,hea,RX_RY_RZ_CNOT,none,circular,cnot,global,12,8,7,same_entangling_gate_count,6,9,RY,1,244,layer_006_wire_009_RY,3,2.142428667921877e-18,3.3253820656279937e-35,3.63998291866748e-18,1.0
random_bp,expectation_value,bcw_12q_random_bp,hea,RX_RY_RZ_CNOT,none,circular,cnot,global,12,8,7,same_entangling_gate_count,6,9,RZ,2,245,layer_006_wire_009_RZ,3,-1.1301563982020346e-18,5.758675512866707e-35,5.433487059149292e-18,1.0
random_bp,expectation_value,bcw_12q_random_bp,hea,RX_RY_RZ_CNOT,none,circular,cnot,global,12,8,7,same_entangling_gate_count,6,10,RX,0,246,layer_006_wire_010_RX,3,0.0006928421920425233,5.7954629167529675e-05,0.00539112205201164,0.0
random_bp,expectation_value,bcw_12q_random_bp,hea,RX_RY_RZ_CNOT,none,circular,cnot,global,12,8,7,same_entangling_gate_count,6,10,RY,1,247,layer_006_wire_010_RY,3,0.004292251555672567,1.0932605339634316e-05,0.004292251555672567,0.0
random_bp,expectation_value,bcw_12q_random_bp,hea,RX_RY_RZ_CNOT,none,circular,cnot,global,12,8,7,same_entangling_gate_count,6,10,RZ,2,248,layer_006_wire_010_RZ,3,-1.2610042143015156e-18,4.75079912012689e-36,2.080934286885546e-18,1.0
random_bp,expectation_value,bcw_12q_random_bp,hea,RX_RY_RZ_CNOT,none,circular,cnot,global,12,8,7,same_entangling_gate_count,6,11,RX,0,249,layer_006_wire_011_RX,3,-6.8892013043349766e-18,5.656552896790415e-34,1.961050679483156e-17,1.0
random_bp,expectation_value,bcw_12q_random_bp,hea,RX_RY_RZ_CNOT,none,circular,cnot,global,12,8,7,same_entangling_gate_count,6,11,RY,1,250,layer_006_wire_011_RY,3,2.181392183495575e-17,6.404246626823196e-34,2.297040415227362e-17,1.0
random_bp,expectation_value,bcw_12q_random_bp,hea,RX_RY_RZ_CNOT,none,circular,cnot,global,12,8,7,same_entangling_gate_count,6,11,RZ,2,251,layer_006_wire_011_RZ,3,-4.397743196936712e-19,5.166846305708592e-37,5.0395409935368615e-19,1.0
random_bp,expectation_value,bcw_12q_random_bp,hea,RX_RY_RZ_CNOT,none,linear,cnot,hamiltonian_local,12,8,8,same_entangling_gate_count,0,0,RX,0,0,layer_000_wire_000_RX,3,-0.0001583909781282776,3.36371728169186e-06,0.0014607229390522132,0.0
random_bp,expectation_value,bcw_12q_random_bp,hea,RX_RY_RZ_CNOT,none,linear,cnot,hamiltonian_local,12,8,8,same_entangling_gate_count,0,0,RY,1,1,layer_000_wire_000_RY,3,0.0027635505886325104,1.4829866346449696e-05,0.002763550588632511,0.0
random_bp,expectation_value,bcw_12q_random_bp,hea,RX_RY_RZ_CNOT,none,linear,cnot,hamiltonian_local,12,8,8,same_entangling_gate_count,0,0,RZ,2,2,layer_000_wire_000_RZ,3,-0.0008599076100369151,1.0788297285197023e-05,0.0021768973888622,0.0
random_bp,expectation_value,bcw_12q_random_bp,hea,RX_RY_RZ_CNOT,none,linear,cnot,hamiltonian_local,12,8,8,same_entangling_gate_count,0,1,RX,0,3,layer_000_wire_001_RX,3,-0.0003889141216306227,9.24715196905227e-05,0.006558084924234263,0.0
random_bp,expectation_value,bcw_12q_random_bp,hea,RX_RY_RZ_CNOT,none,linear,cnot,hamiltonian_local,12,8,8,same_entangling_gate_count,0,1,RY,1,4,layer_000_wire_001_RY,3,0.00040142889066366425,2.1119717809215698e-05,0.003659817754185372,0.0
random_bp,expectation_value,bcw_12q_random_bp,hea,RX_RY_RZ_CNOT,none,linear,cnot,hamiltonian_local,12,8,8,same_entangling_gate_count,0,1,RZ,2,5,layer_000_wire_001_RZ,3,0.006637917364999234,1.852651399717002e-05,0.006637917364999233,0.0
random_bp,expectation_value,bcw_12q_random_bp,hea,RX_RY_RZ_CNOT,none,linear,cnot,hamiltonian_local,12,8,8,same_entangling_gate_count,0,2,RX,0,6,layer_000_wire_002_RX,3,-0.0046279960309279855,9.833892879935717e-06,0.0046279960309279855,0.0
random_bp,expectation_value,bcw_12q_random_bp,hea,RX_RY_RZ_CNOT,none,linear,cnot,hamiltonian_local,12,8,8,same_entangling_gate_count,0,2,RY,1,7,layer_000_wire_002_RY,3,-0.001044111975381703,2.150074553436412e-05,0.0031992595513514756,0.0
random_bp,expectation_value,bcw_12q_random_bp,hea,RX_RY_RZ_CNOT,none,linear,cnot,hamiltonian_local,12,8,8,same_entangling_gate_count,0,2,RZ,2,8,layer_000_wire_002_RZ,3,-0.0006208205624244232,4.6121871332416525e-05,0.005317185445137704,0.0
random_bp,expectation_value,bcw_12q_random_bp,hea,RX_RY_RZ_CNOT,none,linear,cnot,hamiltonian_local,12,8,8,same_entangling_gate_count,0,3,RX,0,9,layer_000_wire_003_RX,3,0.004758543994547053,0.00011737925428052833,0.009882225124376962,0.0
random_bp,expectation_value,bcw_12q_random_bp,hea,RX_RY_RZ_CNOT,none,linear,cnot,hamiltonian_local,12,8,8,same_entangling_gate_count,0,3,RY,1,10,layer_000_wire_003_RY,3,-0.000615197040554555,3.9293230369610586e-05,0.004912253646343492,0.0
random_bp,expectation_value,bcw_12q_random_bp,hea,RX_RY_RZ_CNOT,none,linear,cnot,hamiltonian_local,12,8,8,same_entangling_gate_count,0,3,RZ,2,11,layer_000_wire_003_RZ,3,-0.0045636006941866345,8.989429590020208e-05,0.008614865989732037,0.0
random_bp,expectation_value,bcw_12q_random_bp,hea,RX_RY_RZ_CNOT,none,linear,cnot,hamiltonian_local,12,8,8,same_entangling_gate_count,0,4,RX,0,12,layer_000_wire_004_RX,3,-0.0022446479141713114,0.0001054549285694201,0.008158163088520432,0.0
random_bp,expectation_value,bcw_12q_random_bp,hea,RX_RY_RZ_CNOT,none,linear,cnot,hamiltonian_local,12,8,8,same_entangling_gate_count,0,4,RY,1,13,layer_000_wire_004_RY,3,-0.0016026374278408388,1.7041097344726436e-06,0.0016026374278408388,0.0
random_bp,expectation_value,bcw_12q_random_bp,hea,RX_RY_RZ_CNOT,none,linear,cnot,hamiltonian_local,12,8,8,same_entangling_gate_count,0,4,RZ,2,14,layer_000_wire_004_RZ,3,0.00535913465808449,1.8503393367916778e-05,0.005359134658084489,0.0
random_bp,expectation_value,bcw_12q_random_bp,hea,RX_RY_RZ_CNOT,none,linear,cnot,hamiltonian_local,12,8,8,same_entangling_gate_count,0,5,RX,0,15,layer_000_wire_005_RX,3,-0.0050628336407935876,0.00030090029519375756,0.014288171341503326,0.0
random_bp,expectation_value,bcw_12q_random_bp,hea,RX_RY_RZ_CNOT,none,linear,cnot,hamiltonian_local,12,8,8,same_entangling_gate_count,0,5,RY,1,16,layer_000_wire_005_RY,3,-0.001791986685303044,1.658072176040329e-05,0.003731637451802354,0.0
random_bp,expectation_value,bcw_12q_random_bp,hea,RX_RY_RZ_CNOT,none,linear,cnot,hamiltonian_local,12,8,8,same_entangling_gate_count,0,5,RZ,2,17,layer_000_wire_005_RZ,3,-0.0038155021963034255,0.00011088441279250735,0.006819912384375828,0.0
random_bp,expectation_value,bcw_12q_random_bp,hea,RX_RY_RZ_CNOT,none,linear,cnot,hamiltonian_local,12,8,8,same_entangling_gate_count,0,6,RX,0,18,layer_000_wire_006_RX,3,-0.005389502127218438,1.9650726637452638e-05,0.005389502127218438,0.0
random_bp,expectation_value,bcw_12q_random_bp,hea,RX_RY_RZ_CNOT,none,linear,cnot,hamiltonian_local,12,8,8,same_entangling_gate_count,0,6,RY,1,19,layer_000_wire_006_RY,3,-0.004465347645493046,2.1066756571761997e-05,0.004622108208512951,0.0
random_bp,expectation_value,bcw_12q_random_bp,hea,RX_RY_RZ_CNOT,none,linear,cnot,hamiltonian_local,12,8,8,same_entangling_gate_count,0,6,RZ,2,20,layer_000_wire_006_RZ,3,-0.00047727964240790524,9.988027841364916e-05,0.006743029225713068,0.0
random_bp,expectation_value,bcw_12q_random_bp,hea,RX_RY_RZ_CNOT,none,linear,cnot,hamiltonian_local,12,8,8,same_entangling_gate_count,0,7,RX,0,21,layer_000_wire_007_RX,3,-0.0006456654826961844,0.00011821433387310006,0.008366895385023129,0.0
random_bp,expectation_value,bcw_12q_random_bp,hea,RX_RY_RZ_CNOT,none,linear,cnot,hamiltonian_local,12,8,8,same_entangling_gate_count,0,7,RY,1,22,layer_000_wire_007_RY,3,-0.0015317220928170562,0.00015702583040649263,0.00898880619527054,0.0
random_bp,expectation_value,bcw_12q_random_bp,hea,RX_RY_RZ_CNOT,none,linear,cnot,hamiltonian_local,12,8,8,same_entangling_gate_count,0,7,RZ,2,23,layer_000_wire_007_RZ,3,-0.0006910651554083852,0.00019775506436907223,0.010472035743268578,0.0
random_bp,expectation_value,bcw_12q_random_bp,hea,RX_RY_RZ_CNOT,none,linear,cnot,hamiltonian_local,12,8,8,same_entangling_gate_count,0,8,RX,0,24,layer_000_wire_008_RX,3,-0.002323953604903728,0.00010229603251177377,0.00800982498599836,0.0
random_bp,expectation_value,bcw_12q_random_bp,hea,RX_RY_RZ_CNOT,none,linear,cnot,hamiltonian_local,12,8,8,same_entangling_gate_count,0,8,RY,1,25,layer_000_wire_008_RY,3,-0.0010039223467698196,3.647361566004384e-06,0.0015935826449755986,0.0
random_bp,expectation_value,bcw_12q_random_bp,hea,RX_RY_RZ_CNOT,none,linear,cnot,hamiltonian_local,12,8,8,same_entangling_gate_count,0,8,RZ,2,26,layer_000_wire_008_RZ,3,0.0011927082992008293,8.240547800948092e-05,0.006444931297865463,0.0
random_bp,expectation_value,bcw_12q_random_bp,hea,RX_RY_RZ_CNOT,none,linear,cnot,hamiltonian_local,12,8,8,same_entangling_gate_count,0,9,RX,0,27,layer_000_wire_009_RX,3,0.0018449957176472913,1.0398620012680018e-05,0.0025926285091424288,0.0
random_bp,expectation_value,bcw_12q_random_bp,hea,RX_RY_RZ_CNOT,none,linear,cnot,hamiltonian_local,12,8,8,same_entangling_gate_count,0,9,RY,1,28,layer_000_wire_009_RY,3,0.002387959638197483,2.3134869618498226e-05,0.00289711986124842,0.0
random_bp,expectation_value,bcw_12q_random_bp,hea,RX_RY_RZ_CNOT,none,linear,cnot,hamiltonian_local,12,8,8,same_entangling_gate_count,0,9,RZ,2,29,layer_000_wire_009_RZ,3,-0.000497647237848295,1.1837972043079722e-05,0.0027444455009556583,0.0
random_bp,expectation_value,bcw_12q_random_bp,hea,RX_RY_RZ_CNOT,none,linear,cnot,hamiltonian_local,12,8,8,same_entangling_gate_count,0,10,RX,0,30,layer_000_wire_010_RX,3,-0.0021960023714030323,8.596741433156367e-06,0.002839917745923301,0.0
random_bp,expectation_value,bcw_12q_random_bp,hea,RX_RY_RZ_CNOT,none,linear,cnot,hamiltonian_local,12,8,8,same_entangling_gate_count,0,10,RY,1,31,layer_000_wire_010_RY,3,-0.0006964974439862947,1.8494779851218147e-06,0.000817100748707765,0.0
random_bp,expectation_value,bcw_12q_random_bp,hea,RX_RY_RZ_CNOT,none,linear,cnot,hamiltonian_local,12,8,8,same_entangling_gate_count,0,10,RZ,2,32,layer_000_wire_010_RZ,3,-0.003416204547364067,1.179166608568497e-05,0.0034162045473640668,0.0
random_bp,expectation_value,bcw_12q_random_bp,hea,RX_RY_RZ_CNOT,none,linear,cnot,hamiltonian_local,12,8,8,same_entangling_gate_count,0,11,RX,0,33,layer_000_wire_011_RX,3,0.0021563106300523725,1.4289790997858635e-05,0.0026997622250737245,0.0
random_bp,expectation_value,bcw_12q_random_bp,hea,RX_RY_RZ_CNOT,none,linear,cnot,hamiltonian_local,12,8,8,same_entangling_gate_count,0,11,RY,1,34,layer_000_wire_011_RY,3,0.0001406601352105935,1.8360109420752656e-06,0.0009712895930135973,0.0
random_bp,expectation_value,bcw_12q_random_bp,hea,RX_RY_RZ_CNOT,none,linear,cnot,hamiltonian_local,12,8,8,same_entangling_gate_count,0,11,RZ,2,35,layer_000_wire_011_RZ,3,-0.0015337898322506222,2.511570173294007e-05,0.003894459259095698,0.0
random_bp,expectation_value,bcw_12q_random_bp,hea,RX_RY_RZ_CNOT,none,linear,cnot,hamiltonian_local,12,8,8,same_entangling_gate_count,1,0,RX,0,36,layer_001_wire_000_RX,3,0.009085133097490242,4.271604168921279e-05,0.00908513309749024,0.0
random_bp,expectation_value,bcw_12q_random_bp,hea,RX_RY_RZ_CNOT,none,linear,cnot,hamiltonian_local,12,8,8,same_entangling_gate_count,1,0,RY,1,37,layer_001_wire_000_RY,3,-0.00045076821837198786,0.0004301959825647044,0.015574014532090119,0.0
random_bp,expectation_value,bcw_12q_random_bp,hea,RX_RY_RZ_CNOT,none,linear,cnot,hamiltonian_local,12,8,8,same_entangling_gate_count,1,0,RZ,2,38,layer_001_wire_000_RZ,3,-0.003882365177590945,5.984525955643332e-05,0.0061263262555512924,0.0
random_bp,expectation_value,bcw_12q_random_bp,hea,RX_RY_RZ_CNOT,none,linear,cnot,hamiltonian_local,12,8,8,same_entangling_gate_count,1,1,RX,0,39,layer_001_wire_001_RX,3,-0.004983361252335951,2.6797377643639156e-05,0.005276402618866798,0.0
random_bp,expectation_value,bcw_12q_random_bp,hea,RX_RY_RZ_CNOT,none,linear,cnot,hamiltonian_local,12,8,8,same_entangling_gate_count,1,1,RY,1,40,layer_001_wire_001_RY,3,0.0038478591910836163,6.791747326964417e-05,0.0074038975518212384,0.0
random_bp,expectation_value,bcw_12q_random_bp,hea,RX_RY_RZ_CNOT,none,linear,cnot,hamiltonian_local,12,8,8,same_entangling_gate_count,1,1,RZ,2,41,layer_001_wire_001_RZ,3,0.01027854852980714,2.074934577884405e-05,0.01027854852980714,0.0
random_bp,expectation_value,bcw_12q_random_bp,hea,RX_RY_RZ_CNOT,none,linear,cnot,hamiltonian_local,12,8,8,same_entangling_gate_count,1,2,RX,0,42,layer_001_wire_002_RX,3,-0.0036206787531503875,2.505916831572697e-05,0.004906732758077715,0.0
random_bp,expectation_value,bcw_12q_random_bp,hea,RX_RY_RZ_CNOT,none,linear,cnot,hamiltonian_local,12,8,8,same_entangling_gate_count,1,2,RY,1,43,layer_001_wire_002_RY,3,-0.0033124950480208646,0.00016161831120010004,0.009249782331761151,0.0
random_bp,expectation_value,bcw_12q_random_bp,hea,RX_RY_RZ_CNOT,none,linear,cnot,hamiltonian_local,12,8,8,same_entangling_gate_count,1,2,RZ,2,44,layer_001_wire_002_RZ,3,-0.000528534326123596,1.6165857126866494e-05,0.0029168885465690932,0.0
random_bp,expectation_value,bcw_12q_random_bp,hea,RX_RY_RZ_CNOT,none,linear,cnot,hamiltonian_local,12,8,8,same_entangling_gate_count,1,3,RX,0,45,layer_001_wire_003_RX,3,-0.0027146447872017916,3.0871917697385928e-06,0.0027146447872017916,0.0
random_bp,expectation_value,bcw_12q_random_bp,hea,RX_RY_RZ_CNOT,none,linear,cnot,hamiltonian_local,12,8,8,same_entangling_gate_count,1,3,RY,1,46,layer_001_wire_003_RY,3,-0.009098425474455385,2.2735924085914875e-06,0.009098425474455385,0.0
random_bp,expectation_value,bcw_12q_random_bp,hea,RX_RY_RZ_CNOT,none,linear,cnot,hamiltonian_local,12,8,8,same_entangling_gate_count,1,3,RZ,2,47,layer_001_wire_003_RZ,3,0.0013645622945849868,2.908658719014018e-05,0.004146992875527863,0.0
random_bp,expectation_value,bcw_12q_random_bp,hea,RX_RY_RZ_CNOT,none,linear,cnot,hamiltonian_local,12,8,8,same_entangling_gate_count,1,4,RX,0,48,layer_001_wire_004_RX,3,0.006613911981588599,0.00010802460015941325,0.009866233531050117,0.0
random_bp,expectation_value,bcw_12q_random_bp,hea,RX_RY_RZ_CNOT,none,linear,cnot,hamiltonian_local,12,8,8,same_entangling_gate_count,1,4,RY,1,49,layer_001_wire_004_RY,3,-0.004345599426707271,5.292461963597489e-05,0.00631453607664778,0.0
random_bp,expectation_value,bcw_12q_random_bp,hea,RX_RY_RZ_CNOT,none,linear,cnot,hamiltonian_local,12,8,8,same_entangling_gate_count,1,4,RZ,2,50,layer_001_wire_004_RZ,3,-0.010109503497415046,1.5195487141448185e-05,0.010109503497415046,0.0
random_bp,expectation_value,bcw_12q_random_bp,hea,RX_RY_RZ_CNOT,none,linear,cnot,hamiltonian_local,12,8,8,same_entangling_gate_count,1,5,RX,0,51,layer_001_wire_005_RX,3,-0.00493902894136064,1.6749755838809e-05,0.00493902894136064,0.0
random_bp,expectation_value,bcw_12q_random_bp,hea,RX_RY_RZ_CNOT,none,linear,cnot,hamiltonian_local,12,8,8,same_entangling_gate_count,1,5,RY,1,52,layer_001_wire_005_RY,3,0.0011630428666468866,0.00012225046231386386,0.008054366624542088,0.0
random_bp,expectation_value,bcw_12q_random_bp,hea,RX_RY_RZ_CNOT,none,linear,cnot,hamiltonian_local,12,8,8,same_entangling_gate_count,1,5,RZ,2,53,layer_001_wire_005_RZ,3,-0.0050988823846472965,3.91273563420681e-05,0.0050988823846472965,0.0
random_bp,expectation_value,bcw_12q_random_bp,hea,RX_RY_RZ_CNOT,none,linear,cnot,hamiltonian_local,12,8,8,same_entangling_gate_count,1,6,RX,0,54,layer_001_wire_006_RX,3,-0.0055735449853251354,2.4037038771703628e-05,0.005573544985325135,0.0
random_bp,expectation_value,bcw_12q_random_bp,hea,RX_RY_RZ_CNOT,none,linear,cnot,hamiltonian_local,12,8,8,same_entangling_gate_count,1,6,RY,1,55,layer_001_wire_006_RY,3,-0.0059614292730292145,3.946055389875368e-05,0.0059614292730292145,0.0
random_bp,expectation_value,bcw_12q_random_bp,hea,RX_RY_RZ_CNOT,none,linear,cnot,hamiltonian_local,12,8,8,same_entangling_gate_count,1,6,RZ,2,56,layer_001_wire_006_RZ,3,-0.006234548842457437,2.866423173584016e-05,0.006234548842457437,0.0
random_bp,expectation_value,bcw_12q_random_bp,hea,RX_RY_RZ_CNOT,none,linear,cnot,hamiltonian_local,12,8,8,same_entangling_gate_count,1,7,RX,0,57,layer_001_wire_007_RX,3,-0.0020450805353044105,3.584728572864639e-05,0.005223561992407697,0.0
random_bp,expectation_value,bcw_12q_random_bp,hea,RX_RY_RZ_CNOT,none,linear,cnot,hamiltonian_local,12,8,8,same_entangling_gate_count,1,7,RY,1,58,layer_001_wire_007_RY,3,0.0037677489811048723,6.940782879720386e-07,0.0037677489811048723,0.0
random_bp,expectation_value,bcw_12q_random_bp,hea,RX_RY_RZ_CNOT,none,linear,cnot,hamiltonian_local,12,8,8,same_entangling_gate_count,1,7,RZ,2,59,layer_001_wire_007_RZ,3,-0.0006317050361665582,3.2645547360471574e-05,0.0040164153015020704,0.0
random_bp,expectation_value,bcw_12q_random_bp,hea,RX_RY_RZ_CNOT,none,linear,cnot,hamiltonian_local,12,8,8,same_entangling_gate_count,1,8,RX,0,60,layer_001_wire_008_RX,3,-0.0002551935200367167,0.00010242823223511908,0.007821464698196159,0.0
random_bp,expectation_value,bcw_12q_random_bp,hea,RX_RY_RZ_CNOT,none,linear,cnot,hamiltonian_local,12,8,8,same_entangling_gate_count,1,8,RY,1,61,layer_001_wire_008_RY,3,-0.0037687293455001265,8.114087621730637e-06,0.0037687293455001265,0.0
random_bp,expectation_value,bcw_12q_random_bp,hea,RX_RY_RZ_CNOT,none,linear,cnot,hamiltonian_local,12,8,8,same_entangling_gate_count,1,8,RZ,2,62,layer_001_wire_008_RZ,3,-0.0037798653521606924,0.00017391192552065364,0.011080804402403013,0.0
random_bp,expectation_value,bcw_12q_random_bp,hea,RX_RY_RZ_CNOT,none,linear,cnot,hamiltonian_local,12,8,8,same_entangling_gate_count,1,9,RX,0,63,layer_001_wire_009_RX,3,0.00026169343499490415,2.1897626458683608e-05,0.0033641597508608672,0.0
random_bp,expectation_value,bcw_12q_random_bp,hea,RX_RY_RZ_CNOT,none,linear,cnot,hamiltonian_local,12,8,8,same_entangling_gate_count,1,9,RY,1,64,layer_001_wire_009_RY,3,0.003371125066672146,0.00014000738325758126,0.008783212282440719,0.0
random_bp,expectation_value,bcw_12q_random_bp,hea,RX_RY_RZ_CNOT,none,linear,cnot,hamiltonian_local,12,8,8,same_entangling_gate_count,1,9,RZ,2,65,layer_001_wire_009_RZ,3,0.0007298253338765125,1.212768104329935e-05,0.0028006428492581867,0.0
random_bp,expectation_value,bcw_12q_random_bp,hea,RX_RY_RZ_CNOT,none,linear,cnot,hamiltonian_local,12,8,8,same_entangling_gate_count,1,10,RX,0,66,layer_001_wire_010_RX,3,0.0006404552599846962,1.1497626672554427e-05,0.0022700357047836673,0.0
random_bp,expectation_value,bcw_12q_random_bp,hea,RX_RY_RZ_CNOT,none,linear,cnot,hamiltonian_local,12,8,8,same_entangling_gate_count,1,10,RY,1,67,layer_001_wire_010_RY,3,-0.0025815535667059646,5.368823011082962e-06,0.0025966315381079907,0.0
random_bp,expectation_value,bcw_12q_random_bp,hea,RX_RY_RZ_CNOT,none,linear,cnot,hamiltonian_local,12,8,8,same_entangling_gate_count,1,10,RZ,2,68,layer_001_wire_010_RZ,3,-0.007660858095878483,7.733291873947874e-05,0.007984752697264166,0.0
random_bp,expectation_value,bcw_12q_random_bp,hea,RX_RY_RZ_CNOT,none,linear,cnot,hamiltonian_local,12,8,8,same_entangling_gate_count,1,11,RX,0,69,layer_001_wire_011_RX,3,-0.00040200847633560066,8.698805111198193e-06,0.002194644420829693,0.0
random_bp,expectation_value,bcw_12q_random_bp,hea,RX_RY_RZ_CNOT,none,linear,cnot,hamiltonian_local,12,8,8,same_entangling_gate_count,1,11,RY,1,70,layer_001_wire_011_RY,3,-0.004575270455836893,0.00013934853185618872,0.009232331598796738,0.0
random_bp,expectation_value,bcw_12q_random_bp,hea,RX_RY_RZ_CNOT,none,linear,cnot,hamiltonian_local,12,8,8,same_entangling_gate_count,1,11,RZ,2,71,layer_001_wire_011_RZ,3,-0.0010996728707297287,1.1943642308395796e-05,0.002480435794945937,0.0
random_bp,expectation_value,bcw_12q_random_bp,hea,RX_RY_RZ_CNOT,none,linear,cnot,hamiltonian_local,12,8,8,same_entangling_gate_count,2,0,RX,0,72,layer_002_wire_000_RX,3,0.003350599229816411,1.5894318859148755e-05,0.004182031378668159,0.0
random_bp,expectation_value,bcw_12q_random_bp,hea,RX_RY_RZ_CNOT,none,linear,cnot,hamiltonian_local,12,8,8,same_entangling_gate_count,2,0,RY,1,73,layer_002_wire_000_RY,3,-0.0005991532909717465,0.00015637176873025625,0.008608254172522041,0.0
random_bp,expectation_value,bcw_12q_random_bp,hea,RX_RY_RZ_CNOT,none,linear,cnot,hamiltonian_local,12,8,8,same_entangling_gate_count,2,0,RZ,2,74,layer_002_wire_000_RZ,3,0.004424464233613162,8.249544677898747e-06,0.004424464233613162,0.0
random_bp,expectation_value,bcw_12q_random_bp,hea,RX_RY_RZ_CNOT,none,linear,cnot,hamiltonian_local,12,8,8,same_entangling_gate_count,2,1,RX,0,75,layer_002_wire_001_RX,3,-0.0013757094506708185,3.576727577257033e-05,0.00482744957745514,0.0
random_bp,expectation_value,bcw_12q_random_bp,hea,RX_RY_RZ_CNOT,none,linear,cnot,hamiltonian_local,12,8,8,same_entangling_gate_count,2,1,RY,1,76,layer_002_wire_001_RY,3,0.0016537036652712802,0.00012089732741115786,0.008525179175568914,0.0
random_bp,expectation_value,bcw_12q_random_bp,hea,RX_RY_RZ_CNOT,none,linear,cnot,hamiltonian_local,12,8,8,same_entangling_gate_count,2,1,RZ,2,77,layer_002_wire_001_RZ,3,0.0012488289407771298,7.633313572630048e-05,0.0068452851639345105,0.0
random_bp,expectation_value,bcw_12q_random_bp,hea,RX_RY_RZ_CNOT,none,linear,cnot,hamiltonian_local,12,8,8,same_entangling_gate_count,2,2,RX,0,78,layer_002_wire_002_RX,3,-0.004138504613168851,4.516145183141802e-06,0.004138504613168851,0.0
random_bp,expectation_value,bcw_12q_random_bp,hea,RX_RY_RZ_CNOT,none,linear,cnot,hamiltonian_local,12,8,8,same_entangling_gate_count,2,2,RY,1,79,layer_002_wire_002_RY,3,-0.0029729568983815967,1.2872414486037972e-05,0.003684658634881511,0.0
random_bp,expectation_value,bcw_12q_random_bp,hea,RX_RY_RZ_CNOT,none,linear,cnot,hamiltonian_local,12,8,8,same_entangling_gate_count,2,2,RZ,2,80,layer_002_wire_002_RZ,3,0.008531417037562439,9.297335426525533e-06,0.008531417037562439,0.0
random_bp,expectation_value,bcw_12q_random_bp,hea,RX_RY_RZ_CNOT,none,linear,cnot,hamiltonian_local,12,8,8,same_entangling_gate_count,2,3,RX,0,81,layer_002_wire_003_RX,3,-0.00139412695332178,3.027512543842649e-05,0.004503462518056128,0.0
random_bp,expectation_value,bcw_12q_random_bp,hea,RX_RY_RZ_CNOT,none,linear,cnot,hamiltonian_local,12,8,8,same_entangling_gate_count,2,3,RY,1,82,layer_002_wire_003_RY,3,-0.010730245899236162,3.493035803460781e-05,0.010730245899236162,0.0
random_bp,expectation_value,bcw_12q_random_bp,hea,RX_RY_RZ_CNOT,none,linear,cnot,hamiltonian_local,12,8,8,same_entangling_gate_count,2,3,RZ,2,83,layer_002_wire_003_RZ,3,-0.003122436524902898,1.6020138201615204e-05,0.003815738647637547,0.0
random_bp,expectation_value,bcw_12q_random_bp,hea,RX_RY_RZ_CNOT,none,linear,cnot,hamiltonian_local,12,8,8,same_entangling_gate_count,2,4,RX,0,84,layer_002_wire_004_RX,3,0.005505023079966713,0.00017575223184271364,0.01053902948815822,0.0
random_bp,expectation_value,bcw_12q_random_bp,hea,RX_RY_RZ_CNOT,none,linear,cnot,hamiltonian_local,12,8,8,same_entangling_gate_count,2,4,RY,1,85,layer_002_wire_004_RY,3,0.007035757881762219,1.1255668342985154e-06,0.007035757881762219,0.0
random_bp,expectation_value,bcw_12q_random_bp,hea,RX_RY_RZ_CNOT,none,linear,cnot,hamiltonian_local,12,8,8,same_entangling_gate_count,2,4,RZ,2,86,layer_002_wire_004_RZ,3,0.008559513124530798,9.51196086249606e-05,0.009296438614758781,0.0
random_bp,expectation_value,bcw_12q_random_bp,hea,RX_RY_RZ_CNOT,none,linear,cnot,hamiltonian_local,12,8,8,same_entangling_gate_count,2,5,RX,0,87,layer_002_wire_005_RX,3,-0.0035481959840349157,6.583395070602465e-05,0.006658656471313387,0.0
random_bp,expectation_value,bcw_12q_random_bp,hea,RX_RY_RZ_CNOT,none,linear,cnot,hamiltonian_local,12,8,8,same_entangling_gate_count,2,5,RY,1,88,layer_002_wire_005_RY,3,0.004136625942377084,5.014012660577283e-05,0.006795460323497299,0.0
random_bp,expectation_value,bcw_12q_random_bp,hea,RX_RY_RZ_CNOT,none,linear,cnot,hamiltonian_local,12,8,8,same_entangling_gate_count,2,5,RZ,2,89,layer_002_wire_005_RZ,3,-0.005399208563676032,3.3064027146839144e-06,0.005399208563676032,0.0
random_bp,expectation_value,bcw_12q_random_bp,hea,RX_RY_RZ_CNOT,none,linear,cnot,hamiltonian_local,12,8,8,same_entangling_gate_count,2,6,RX,0,90,layer_002_wire_006_RX,3,-0.006001487059333895,2.206271597480039e-05,0.006001487059333894,0.0
random_bp,expectation_value,bcw_12q_random_bp,hea,RX_RY_RZ_CNOT,none,linear,cnot,hamiltonian_local,12,8,8,same_entangling_gate_count,2,6,RY,1,91,layer_002_wire_006_RY,3,0.01200575213244582,6.715462927047111e-05,0.01200575213244582,0.0
random_bp,expectation_value,bcw_12q_random_bp,hea,RX_RY_RZ_CNOT,none,linear,cnot,hamiltonian_local,12,8,8,same_entangling_gate_count,2,6,RZ,2,92,layer_002_wire_006_RZ,3,-0.0019309168946964172,4.448033966176884e-05,0.005260399870734161,0.0
random_bp,expectation_value,bcw_12q_random_bp,hea,RX_RY_RZ_CNOT,none,linear,cnot,hamiltonian_local,12,8,8,same_entangling_gate_count,2,7,RX,0,93,layer_002_wire_007_RX,3,0.005122124195000175,1.351441191706285e-05,0.005122124195000175,0.0
random_bp,expectation_value,bcw_12q_random_bp,hea,RX_RY_RZ_CNOT,none,linear,cnot,hamiltonian_local,12,8,8,same_entangling_gate_count,2,7,RY,1,94,layer_002_wire_007_RY,3,0.0015982643217312797,1.4918348041234926e-05,0.0034974284102742615,0.0
random_bp,expectation_value,bcw_12q_random_bp,hea,RX_RY_RZ_CNOT,none,linear,cnot,hamiltonian_local,12,8,8,same_entangling_gate_count,2,7,RZ,2,95,layer_002_wire_007_RZ,3,0.00252042976606016,3.3909866720679266e-05,0.004415294895045297,0.0
random_bp,expectation_value,bcw_12q_random_bp,hea,RX_RY_RZ_CNOT,none,linear,cnot,hamiltonian_local,12,8,8,same_entangling_gate_count,2,8,RX,0,96,layer_002_wire_008_RX,3,0.0006680045218008853,4.618946377640332e-06,0.0017349679339063856,0.0
random_bp,expectation_value,bcw_12q_random_bp,hea,RX_RY_RZ_CNOT,none,linear,cnot,hamiltonian_local,12,8,8,same_entangling_gate_count,2,8,RY,1,97,layer_002_wire_008_RY,3,0.0012720790761975836,1.2085222422923038e-05,0.0029219530814836724,0.0
random_bp,expectation_value,bcw_12q_random_bp,hea,RX_RY_RZ_CNOT,none,linear,cnot,hamiltonian_local,12,8,8,same_entangling_gate_count,2,8,RZ,2,98,layer_002_wire_008_RZ,3,0.0014427389108468995,8.851446320755625e-06,0.001800906605745424,0.0
random_bp,expectation_value,bcw_12q_random_bp,hea,RX_RY_RZ_CNOT,none,linear,cnot,hamiltonian_local,12,8,8,same_entangling_gate_count,2,9,RX,0,99,layer_002_wire_009_RX,3,0.0017142068229924635,1.6584534903932433e-05,0.0031916892408587094,0.0
random_bp,expectation_value,bcw_12q_random_bp,hea,RX_RY_RZ_CNOT,none,linear,cnot,hamiltonian_local,12,8,8,same_entangling_gate_count,2,9,RY,1,100,layer_002_wire_009_RY,3,0.0034090621151282832,4.704322765886486e-05,0.0049747250981937744,0.0
random_bp,expectation_value,bcw_12q_random_bp,hea,RX_RY_RZ_CNOT,none,linear,cnot,hamiltonian_local,12,8,8,same_entangling_gate_count,2,9,RZ,2,101,layer_002_wire_009_RZ,3,-0.0014744694269327775,1.4223397934649268e-07,0.0014744694269327775,0.0
random_bp,expectation_value,bcw_12q_random_bp,hea,RX_RY_RZ_CNOT,none,linear,cnot,hamiltonian_local,12,8,8,same_entangling_gate_count,2,10,RX,0,102,layer_002_wire_010_RX,3,0.0015045644790830383,1.4717171716932096e-05,0.0024515045675869394,0.0
random_bp,expectation_value,bcw_12q_random_bp,hea,RX_RY_RZ_CNOT,none,linear,cnot,hamiltonian_local,12,8,8,same_entangling_gate_count,2,10,RY,1,103,layer_002_wire_010_RY,3,-0.0010546951336044231,4.520368634924838e-05,0.004818845038582501,0.0
random_bp,expectation_value,bcw_12q_random_bp,hea,RX_RY_RZ_CNOT,none,linear,cnot,hamiltonian_local,12,8,8,same_entangling_gate_count,2,10,RZ,2,104,layer_002_wire_010_RZ,3,0.0016913482293228344,1.331443644668844e-05,0.0032271810292089586,0.0
random_bp,expectation_value,bcw_12q_random_bp,hea,RX_RY_RZ_CNOT,none,linear,cnot,hamiltonian_local,12,8,8,same_entangling_gate_count,2,11,RX,0,105,layer_002_wire_011_RX,3,0.002243734368404221,5.311358127267187e-06,0.002509432768374642,0.0
random_bp,expectation_value,bcw_12q_random_bp,hea,RX_RY_RZ_CNOT,none,linear,cnot,hamiltonian_local,12,8,8,same_entangling_gate_count,2,11,RY,1,106,layer_002_wire_011_RY,3,0.0060743307718552405,1.710961134774236e-05,0.00607433077185524,0.0
random_bp,expectation_value,bcw_12q_random_bp,hea,RX_RY_RZ_CNOT,none,linear,cnot,hamiltonian_local,12,8,8,same_entangling_gate_count,2,11,RZ,2,107,layer_002_wire_011_RZ,3,0.00375097700948621,5.034391648035782e-05,0.004211270420668043,0.0
random_bp,expectation_value,bcw_12q_random_bp,hea,RX_RY_RZ_CNOT,none,linear,cnot,hamiltonian_local,12,8,8,same_entangling_gate_count,3,0,RX,0,108,layer_003_wire_000_RX,3,0.00144836779653315,4.87229530967732e-05,0.005856136061050906,0.0
random_bp,expectation_value,bcw_12q_random_bp,hea,RX_RY_RZ_CNOT,none,linear,cnot,hamiltonian_local,12,8,8,same_entangling_gate_count,3,0,RY,1,109,layer_003_wire_000_RY,3,0.0004412532579647884,6.716912510812345e-05,0.00596055124149292,0.0
random_bp,expectation_value,bcw_12q_random_bp,hea,RX_RY_RZ_CNOT,none,linear,cnot,hamiltonian_local,12,8,8,same_entangling_gate_count,3,0,RZ,2,110,layer_003_wire_000_RZ,3,0.0022998597470161447,4.6631570595538986e-05,0.00601306120749425,0.0
random_bp,expectation_value,bcw_12q_random_bp,hea,RX_RY_RZ_CNOT,none,linear,cnot,hamiltonian_local,12,8,8,same_entangling_gate_count,3,1,RX,0,111,layer_003_wire_001_RX,3,-0.0014589588629084246,4.989230543574164e-05,0.005262102394099366,0.0
random_bp,expectation_value,bcw_12q_random_bp,hea,RX_RY_RZ_CNOT,none,linear,cnot,hamiltonian_local,12,8,8,same_entangling_gate_count,3,1,RY,1,112,layer_003_wire_001_RY,3,-0.0015940089338348277,1.6456765762704467e-05,0.002571954189518864,0.0
random_bp,expectation_value,bcw_12q_random_bp,hea,RX_RY_RZ_CNOT,none,linear,cnot,hamiltonian_local,12,8,8,same_entangling_gate_count,3,1,RZ,2,113,layer_003_wire_001_RZ,3,-0.00016657313702591898,5.3663739244883065e-05,0.0055308277465687,0.0
random_bp,expectation_value,bcw_12q_random_bp,hea,RX_RY_RZ_CNOT,none,linear,cnot,hamiltonian_local,12,8,8,same_entangling_gate_count,3,2,RX,0,114,layer_003_wire_002_RX,3,-0.0035550649234971964,6.645676657370133e-05,0.007406695198961315,0.0
random_bp,expectation_value,bcw_12q_random_bp,hea,RX_RY_RZ_CNOT,none,linear,cnot,hamiltonian_local,12,8,8,same_entangling_gate_count,3,2,RY,1,115,layer_003_wire_002_RY,3,0.008371767411689282,1.9941649504765974e-05,0.008371767411689284,0.0
random_bp,expectation_value,bcw_12q_random_bp,hea,RX_RY_RZ_CNOT,none,linear,cnot,hamiltonian_local,12,8,8,same_entangling_gate_count,3,2,RZ,2,116,layer_003_wire_002_RZ,3,0.001999173812029867,7.364161046621106e-05,0.0059392215753273385,0.0
random_bp,expectation_value,bcw_12q_random_bp,hea,RX_RY_RZ_CNOT,none,linear,cnot,hamiltonian_local,12,8,8,same_entangling_gate_count,3,3,RX,0,117,layer_003_wire_003_RX,3,0.002461903439456673,9.160466679760185e-05,0.008026758182493146,0.0
random_bp,expectation_value,bcw_12q_random_bp,hea,RX_RY_RZ_CNOT,none,linear,cnot,hamiltonian_local,12,8,8,same_entangling_gate_count,3,3,RY,1,118,layer_003_wire_003_RY,3,0.0005168779127354859,3.3400176596574595e-05,0.0041715631312462245,0.0
random_bp,expectation_value,bcw_12q_random_bp,hea,RX_RY_RZ_CNOT,none,linear,cnot,hamiltonian_local,12,8,8,same_entangling_gate_count,3,3,RZ,2,119,layer_003_wire_003_RZ,3,0.0005287411923259101,4.7339504600806264e-05,0.004971752371365221,0.0
random_bp,expectation_value,bcw_12q_random_bp,hea,RX_RY_RZ_CNOT,none,linear,cnot,hamiltonian_local,12,8,8,same_entangling_gate_count,3,4,RX,0,120,layer_003_wire_004_RX,3,0.003935566869213311,4.863005377355031e-05,0.006659530275454267,0.0
random_bp,expectation_value,bcw_12q_random_bp,hea,RX_RY_RZ_CNOT,none,linear,cnot,hamiltonian_local,12,8,8,same_entangling_gate_count,3,4,RY,1,121,layer_003_wire_004_RY,3,0.0021579388742838223,5.3329189883903615e-05,0.00627978587512971,0.0
random_bp,expectation_value,bcw_12q_random_bp,hea,RX_RY_RZ_CNOT,none,linear,cnot,hamiltonian_local,12,8,8,same_entangling_gate_count,3,4,RZ,2,122,layer_003_wire_004_RZ,3,-0.0020628499995021415,0.00011620278260432977,0.00840028332699552,0.0
random_bp,expectation_value,bcw_12q_random_bp,hea,RX_RY_RZ_CNOT,none,linear,cnot,hamiltonian_local,12,8,8,same_entangling_gate_count,3,5,RX,0,123,layer_003_wire_005_RX,3,-0.0017303654991276721,0.00018023571953425097,0.009380923182602918,0.0
random_bp,expectation_value,bcw_12q_random_bp,hea,RX_RY_RZ_CNOT,none,linear,cnot,hamiltonian_local,12,8,8,same_entangling_gate_count,3,5,RY,1,124,layer_003_wire_005_RY,3,-0.0025908537671702155,6.133200584528454e-05,0.006573287183350984,0.0
random_bp,expectation_value,bcw_12q_random_bp,hea,RX_RY_RZ_CNOT,none,linear,cnot,hamiltonian_local,12,8,8,same_entangling_gate_count,3,5,RZ,2,125,layer_003_wire_005_RZ,3,-0.004502037992347747,9.91603438856484e-05,0.006736922115882901,0.0
random_bp,expectation_value,bcw_12q_random_bp,hea,RX_RY_RZ_CNOT,none,linear,cnot,hamiltonian_local,12,8,8,same_entangling_gate_count,3,6,RX,0,126,layer_003_wire_006_RX,3,0.0010503086996466145,8.320245717795481e-06,0.0023991383358319975,0.0
random_bp,expectation_value,bcw_12q_random_bp,hea,RX_RY_RZ_CNOT,none,linear,cnot,hamiltonian_local,12,8,8,same_entangling_gate_count,3,6,RY,1,127,layer_003_wire_006_RY,3,0.0019328439959866394,7.575223728857659e-06,0.0019557942344654855,0.0
random_bp,expectation_value,bcw_12q_random_bp,hea,RX_RY_RZ_CNOT,none,linear,cnot,hamiltonian_local,12,8,8,same_entangling_gate_count,3,6,RZ,2,128,layer_003_wire_006_RZ,3,0.0017467893650505927,1.2514821028657734e-06,0.0017467893650505927,0.0
random_bp,expectation_value,bcw_12q_random_bp,hea,RX_RY_RZ_CNOT,none,linear,cnot,hamiltonian_local,12,8,8,same_entangling_gate_count,3,7,RX,0,129,layer_003_wire_007_RX,3,-0.0008873672526197797,5.019625473194239e-05,0.00479070401970398,0.0
random_bp,expectation_value,bcw_12q_random_bp,hea,RX_RY_RZ_CNOT,none,linear,cnot,hamiltonian_local,12,8,8,same_entangling_gate_count,3,7,RY,1,130,layer_003_wire_007_RY,3,0.0006763583196776859,6.131487688460404e-06,0.002105798523988564,0.0
random_bp,expectation_value,bcw_12q_random_bp,hea,RX_RY_RZ_CNOT,none,linear,cnot,hamiltonian_local,12,8,8,same_entangling_gate_count,3,7,RZ,2,131,layer_003_wire_007_RZ,3,0.0007019150968197046,3.351588091281798e-05,0.004416975824679928,0.0
random_bp,expectation_value,bcw_12q_random_bp,hea,RX_RY_RZ_CNOT,none,linear,cnot,hamiltonian_local,12,8,8,same_entangling_gate_count,3,8,RX,0,132,layer_003_wire_008_RX,3,0.0012269000979042881,1.2337923592104857e-05,0.002423791984349701,0.0
random_bp,expectation_value,bcw_12q_random_bp,hea,RX_RY_RZ_CNOT,none,linear,cnot,hamiltonian_local,12,8,8,same_entangling_gate_count,3,8,RY,1,133,layer_003_wire_008_RY,3,0.0013041358149087725,1.0952371463213992e-05,0.0021127906125016243,0.0
random_bp,expectation_value,bcw_12q_random_bp,hea,RX_RY_RZ_CNOT,none,linear,cnot,hamiltonian_local,12,8,8,same_entangling_gate_count,3,8,RZ,2,134,layer_003_wire_008_RZ,3,0.00018480196258499257,2.0294551778596246e-05,0.003405525564671025,0.0
random_bp,expectation_value,bcw_12q_random_bp,hea,RX_RY_RZ_CNOT,none,linear,cnot,hamiltonian_local,12,8,8,same_entangling_gate_count,3,9,RX,0,135,layer_003_wire_009_RX,3,0.0011893564748167466,7.52626362061817e-05,0.0064508514008307415,0.0
random_bp,expectation_value,bcw_12q_random_bp,hea,RX_RY_RZ_CNOT,none,linear,cnot,hamiltonian_local,12,8,8,same_entangling_gate_count,3,9,RY,1,136,layer_003_wire_009_RY,3,0.0032189204322768854,6.483403058876315e-06,0.003218920432276886,0.0
random_bp,expectation_value,bcw_12q_random_bp,hea,RX_RY_RZ_CNOT,none,linear,cnot,hamiltonian_local,12,8,8,same_entangling_gate_count,3,9,RZ,2,137,layer_003_wire_009_RZ,3,-0.0011515559961555741,5.247641018894485e-05,0.005612270198892602,0.0
random_bp,expectation_value,bcw_12q_random_bp,hea,RX_RY_RZ_CNOT,none,linear,cnot,hamiltonian_local,12,8,8,same_entangling_gate_count,3,10,RX,0,138,layer_003_wire_010_RX,3,-0.0064243370282708115,0.00011308534666543002,0.006431080033882851,0.0
random_bp,expectation_value,bcw_12q_random_bp,hea,RX_RY_RZ_CNOT,none,linear,cnot,hamiltonian_local,12,8,8,same_entangling_gate_count,3,10,RY,1,139,layer_003_wire_010_RY,3,-0.00042441248641335587,8.776640392792418e-06,0.0024206769563851313,0.0
random_bp,expectation_value,bcw_12q_random_bp,hea,RX_RY_RZ_CNOT,none,linear,cnot,hamiltonian_local,12,8,8,same_entangling_gate_count,3,10,RZ,2,140,layer_003_wire_010_RZ,3,-0.009243060790792273,8.299597047855237e-05,0.009243060790792273,0.0
random_bp,expectation_value,bcw_12q_random_bp,hea,RX_RY_RZ_CNOT,none,linear,cnot,hamiltonian_local,12,8,8,same_entangling_gate_count,3,11,RX,0,141,layer_003_wire_011_RX,3,0.003009991603656032,5.847400199733712e-05,0.006282866893655332,0.0
random_bp,expectation_value,bcw_12q_random_bp,hea,RX_RY_RZ_CNOT,none,linear,cnot,hamiltonian_local,12,8,8,same_entangling_gate_count,3,11,RY,1,142,layer_003_wire_011_RY,3,0.0018165702523912346,4.0732278678928115e-06,0.0019076745727569348,0.0
random_bp,expectation_value,bcw_12q_random_bp,hea,RX_RY_RZ_CNOT,none,linear,cnot,hamiltonian_local,12,8,8,same_entangling_gate_count,3,11,RZ,2,143,layer_003_wire_011_RZ,3,0.0029570081417296073,2.138653961696568e-06,0.0029570081417296078,0.0
random_bp,expectation_value,bcw_12q_random_bp,hea,RX_RY_RZ_CNOT,none,linear,cnot,hamiltonian_local,12,8,8,same_entangling_gate_count,4,0,RX,0,144,layer_004_wire_000_RX,3,0.00344377958857305,3.468591937515385e-05,0.00396663019655943,0.0
random_bp,expectation_value,bcw_12q_random_bp,hea,RX_RY_RZ_CNOT,none,linear,cnot,hamiltonian_local,12,8,8,same_entangling_gate_count,4,0,RY,1,145,layer_004_wire_000_RY,3,-0.004471900369258789,5.511518391726571e-05,0.00690143511129488,0.0
random_bp,expectation_value,bcw_12q_random_bp,hea,RX_RY_RZ_CNOT,none,linear,cnot,hamiltonian_local,12,8,8,same_entangling_gate_count,4,0,RZ,2,146,layer_004_wire_000_RZ,3,-0.0036085459137849877,4.2640035376466715e-05,0.003866459796544096,0.0
random_bp,expectation_value,bcw_12q_random_bp,hea,RX_RY_RZ_CNOT,none,linear,cnot,hamiltonian_local,12,8,8,same_entangling_gate_count,4,1,RX,0,147,layer_004_wire_001_RX,3,0.007746120924061323,5.45966656741156e-05,0.008243160618753775,0.0
random_bp,expectation_value,bcw_12q_random_bp,hea,RX_RY_RZ_CNOT,none,linear,cnot,hamiltonian_local,12,8,8,same_entangling_gate_count,4,1,RY,1,148,layer_004_wire_001_RY,3,-0.0038349167357000233,5.552780275397049e-05,0.006764069805625457,0.0
random_bp,expectation_value,bcw_12q_random_bp,hea,RX_RY_RZ_CNOT,none,linear,cnot,hamiltonian_local,12,8,8,same_entangling_gate_count,4,1,RZ,2,149,layer_004_wire_001_RZ,3,0.0038533376393828115,0.00010681355472917549,0.008804267890264754,0.0
random_bp,expectation_value,bcw_12q_random_bp,hea,RX_RY_RZ_CNOT,none,linear,cnot,hamiltonian_local,12,8,8,same_entangling_gate_count,4,2,RX,0,150,layer_004_wire_002_RX,3,-0.001305849333607809,0.0002499312513496442,0.01222519041341235,0.0
random_bp,expectation_value,bcw_12q_random_bp,hea,RX_RY_RZ_CNOT,none,linear,cnot,hamiltonian_local,12,8,8,same_entangling_gate_count,4,2,RY,1,151,layer_004_wire_002_RY,3,-0.00024155494500509387,7.398827904900183e-05,0.006331622080600354,0.0
random_bp,expectation_value,bcw_12q_random_bp,hea,RX_RY_RZ_CNOT,none,linear,cnot,hamiltonian_local,12,8,8,same_entangling_gate_count,4,2,RZ,2,152,layer_004_wire_002_RZ,3,-0.0003843948382465522,0.0003114737918126918,0.013434952875902089,0.0
random_bp,expectation_value,bcw_12q_random_bp,hea,RX_RY_RZ_CNOT,none,linear,cnot,hamiltonian_local,12,8,8,same_entangling_gate_count,4,3,RX,0,153,layer_004_wire_003_RX,3,0.001366873952817161,1.8539572298409844e-07,0.0013668739528171607,0.0
random_bp,expectation_value,bcw_12q_random_bp,hea,RX_RY_RZ_CNOT,none,linear,cnot,hamiltonian_local,12,8,8,same_entangling_gate_count,4,3,RY,1,154,layer_004_wire_003_RY,3,-0.0004599642732911772,3.561261610654182e-05,0.004701926602814824,0.0
random_bp,expectation_value,bcw_12q_random_bp,hea,RX_RY_RZ_CNOT,none,linear,cnot,hamiltonian_local,12,8,8,same_entangling_gate_count,4,3,RZ,2,155,layer_004_wire_003_RZ,3,0.006333288945483362,4.366001476138794e-05,0.006333288945483362,0.0
random_bp,expectation_value,bcw_12q_random_bp,hea,RX_RY_RZ_CNOT,none,linear,cnot,hamiltonian_local,12,8,8,same_entangling_gate_count,4,4,RX,0,156,layer_004_wire_004_RX,3,-0.002216314915254036,7.464186155167499e-05,0.007320926297110287,0.0
random_bp,expectation_value,bcw_12q_random_bp,hea,RX_RY_RZ_CNOT,none,linear,cnot,hamiltonian_local,12,8,8,same_entangling_gate_count,4,4,RY,1,157,layer_004_wire_004_RY,3,-0.0019146179224033312,0.00024000008397345667,0.010505303492794821,0.0
random_bp,expectation_value,bcw_12q_random_bp,hea,RX_RY_RZ_CNOT,none,linear,cnot,hamiltonian_local,12,8,8,same_entangling_gate_count,4,4,RZ,2,158,layer_004_wire_004_RZ,3,0.008949491014603758,1.126624125800393e-05,0.008949491014603758,0.0
random_bp,expectation_value,bcw_12q_random_bp,hea,RX_RY_RZ_CNOT,none,linear,cnot,hamiltonian_local,12,8,8,same_entangling_gate_count,4,5,RX,0,159,layer_004_wire_005_RX,3,0.0007713701386633576,0.00016980227279352457,0.009068136223490246,0.0
random_bp,expectation_value,bcw_12q_random_bp,hea,RX_RY_RZ_CNOT,none,linear,cnot,hamiltonian_local,12,8,8,same_entangling_gate_count,4,5,RY,1,160,layer_004_wire_005_RY,3,-0.001091726427503206,2.4214945142824087e-05,0.0034824415947288436,0.0
random_bp,expectation_value,bcw_12q_random_bp,hea,RX_RY_RZ_CNOT,none,linear,cnot,hamiltonian_local,12,8,8,same_entangling_gate_count,4,5,RZ,2,161,layer_004_wire_005_RZ,3,0.003876903853519109,0.00012897945359876926,0.007755647835770626,0.0
random_bp,expectation_value,bcw_12q_random_bp,hea,RX_RY_RZ_CNOT,none,linear,cnot,hamiltonian_local,12,8,8,same_entangling_gate_count,4,6,RX,0,162,layer_004_wire_006_RX,3,0.0011261652238430942,7.35389112351756e-05,0.006098377676456816,0.0
random_bp,expectation_value,bcw_12q_random_bp,hea,RX_RY_RZ_CNOT,none,linear,cnot,hamiltonian_local,12,8,8,same_entangling_gate_count,4,6,RY,1,163,layer_004_wire_006_RY,3,0.002083052817575043,6.9250841232315975e-06,0.002083052817575043,0.0
random_bp,expectation_value,bcw_12q_random_bp,hea,RX_RY_RZ_CNOT,none,linear,cnot,hamiltonian_local,12,8,8,same_entangling_gate_count,4,6,RZ,2,164,layer_004_wire_006_RZ,3,0.0015119542875909248,2.299003115900662e-05,0.0032214998043511114,0.0
random_bp,expectation_value,bcw_12q_random_bp,hea,RX_RY_RZ_CNOT,none,linear,cnot,hamiltonian_local,12,8,8,same_entangling_gate_count,4,7,RX,0,165,layer_004_wire_007_RX,3,0.0008574831342270765,4.760341267871377e-05,0.005114713347997294,0.0
random_bp,expectation_value,bcw_12q_random_bp,hea,RX_RY_RZ_CNOT,none,linear,cnot,hamiltonian_local,12,8,8,same_entangling_gate_count,4,7,RY,1,166,layer_004_wire_007_RY,3,0.00025894533015737996,4.276824198770806e-06,0.0016355309549020744,0.0
random_bp,expectation_value,bcw_12q_random_bp,hea,RX_RY_RZ_CNOT,none,linear,cnot,hamiltonian_local,12,8,8,same_entangling_gate_count,4,7,RZ,2,167,layer_004_wire_007_RZ,3,0.003827995107077078,2.846229763138463e-05,0.005356800144439532,0.0
random_bp,expectation_value,bcw_12q_random_bp,hea,RX_RY_RZ_CNOT,none,linear,cnot,hamiltonian_local,12,8,8,same_entangling_gate_count,4,8,RX,0,168,layer_004_wire_008_RX,3,-0.006809291361680763,0.00011246885113508096,0.008230348905136887,0.0
random_bp,expectation_value,bcw_12q_random_bp,hea,RX_RY_RZ_CNOT,none,linear,cnot,hamiltonian_local,12,8,8,same_entangling_gate_count,4,8,RY,1,169,layer_004_wire_008_RY,3,-0.0004076686315239585,4.092242661275074e-05,0.004786724709811588,0.0
random_bp,expectation_value,bcw_12q_random_bp,hea,RX_RY_RZ_CNOT,none,linear,cnot,hamiltonian_local,12,8,8,same_entangling_gate_count,4,8,RZ,2,170,layer_004_wire_008_RZ,3,-0.00046142263272494943,4.782247726826551e-05,0.005134109406333204,0.0
random_bp,expectation_value,bcw_12q_random_bp,hea,RX_RY_RZ_CNOT,none,linear,cnot,hamiltonian_local,12,8,8,same_entangling_gate_count,4,9,RX,0,171,layer_004_wire_009_RX,3,0.000862107381661729,1.5904851604479007e-06,0.001100135072321476,0.0
random_bp,expectation_value,bcw_12q_random_bp,hea,RX_RY_RZ_CNOT,none,linear,cnot,hamiltonian_local,12,8,8,same_entangling_gate_count,4,9,RY,1,172,layer_004_wire_009_RY,3,0.0003534020462418821,1.0467151542717345e-05,0.0023895405852667004,0.0
random_bp,expectation_value,bcw_12q_random_bp,hea,RX_RY_RZ_CNOT,none,linear,cnot,hamiltonian_local,12,8,8,same_entangling_gate_count,4,9,RZ,2,173,layer_004_wire_009_RZ,3,-0.0012752577012516207,1.2343949824564729e-05,0.0028032663089248757,0.0
random_bp,expectation_value,bcw_12q_random_bp,hea,RX_RY_RZ_CNOT,none,linear,cnot,hamiltonian_local,12,8,8,same_entangling_gate_count,4,10,RX,0,174,layer_004_wire_010_RX,3,-0.0004957230392967672,1.702520220341059e-05,0.003004622638054812,0.0
random_bp,expectation_value,bcw_12q_random_bp,hea,RX_RY_RZ_CNOT,none,linear,cnot,hamiltonian_local,12,8,8,same_entangling_gate_count,4,10,RY,1,175,layer_004_wire_010_RY,3,-0.0011214460101253497,8.719366832389198e-07,0.00112144601012535,0.0
random_bp,expectation_value,bcw_12q_random_bp,hea,RX_RY_RZ_CNOT,none,linear,cnot,hamiltonian_local,12,8,8,same_entangling_gate_count,4,10,RZ,2,176,layer_004_wire_010_RZ,3,0.00540089519899297,1.900822876188018e-06,0.005400895198992971,0.0
random_bp,expectation_value,bcw_12q_random_bp,hea,RX_RY_RZ_CNOT,none,linear,cnot,hamiltonian_local,12,8,8,same_entangling_gate_count,4,11,RX,0,177,layer_004_wire_011_RX,3,-0.00019511602060668645,2.9210312657086273e-05,0.004012652377691922,0.0
random_bp,expectation_value,bcw_12q_random_bp,hea,RX_RY_RZ_CNOT,none,linear,cnot,hamiltonian_local,12,8,8,same_entangling_gate_count,4,11,RY,1,178,layer_004_wire_011_RY,3,-0.0011515623196292277,1.6351332525084497e-06,0.0013410917964608293,0.0
random_bp,expectation_value,bcw_12q_random_bp,hea,RX_RY_RZ_CNOT,none,linear,cnot,hamiltonian_local,12,8,8,same_entangling_gate_count,4,11,RZ,2,179,layer_004_wire_011_RZ,3,0.00319041019360809,3.898585997899019e-05,0.005146124136278058,0.0
random_bp,expectation_value,bcw_12q_random_bp,hea,RX_RY_RZ_CNOT,none,linear,cnot,hamiltonian_local,12,8,8,same_entangling_gate_count,5,0,RX,0,180,layer_005_wire_000_RX,3,-0.001358235523324155,5.1588852824845304e-05,0.005019643093285891,0.0
random_bp,expectation_value,bcw_12q_random_bp,hea,RX_RY_RZ_CNOT,none,linear,cnot,hamiltonian_local,12,8,8,same_entangling_gate_count,5,0,RY,1,181,layer_005_wire_000_RY,3,-0.00028828242025080703,0.0001289292610216621,0.007698151226198405,0.0
random_bp,expectation_value,bcw_12q_random_bp,hea,RX_RY_RZ_CNOT,none,linear,cnot,hamiltonian_local,12,8,8,same_entangling_gate_count,5,0,RZ,2,182,layer_005_wire_000_RZ,3,-0.0023232210043997565,1.351316666231325e-05,0.003302287362302026,0.0
random_bp,expectation_value,bcw_12q_random_bp,hea,RX_RY_RZ_CNOT,none,linear,cnot,hamiltonian_local,12,8,8,same_entangling_gate_count,5,1,RX,0,183,layer_005_wire_001_RX,3,-0.001810540566110525,9.16903158795121e-07,0.001810540566110525,0.0
random_bp,expectation_value,bcw_12q_random_bp,hea,RX_RY_RZ_CNOT,none,linear,cnot,hamiltonian_local,12,8,8,same_entangling_gate_count,5,1,RY,1,184,layer_005_wire_001_RY,3,0.0038865579559448993,2.5314014427469767e-06,0.0038865579559448997,0.0
random_bp,expectation_value,bcw_12q_random_bp,hea,RX_RY_RZ_CNOT,none,linear,cnot,hamiltonian_local,12,8,8,same_entangling_gate_count,5,1,RZ,2,185,layer_005_wire_001_RZ,3,0.0012604115343871477,4.0286889202930804e-05,0.004379811315080288,0.0
random_bp,expectation_value,bcw_12q_random_bp,hea,RX_RY_RZ_CNOT,none,linear,cnot,hamiltonian_local,12,8,8,same_entangling_gate_count,5,2,RX,0,186,layer_005_wire_002_RX,3,0.010693730986426507,5.391905205564351e-05,0.010693730986426507,0.0
random_bp,expectation_value,bcw_12q_random_bp,hea,RX_RY_RZ_CNOT,none,linear,cnot,hamiltonian_local,12,8,8,same_entangling_gate_count,5,2,RY,1,187,layer_005_wire_002_RY,3,0.0007011941592725739,0.00024327108667246216,0.011507813907300114,0.0
random_bp,expectation_value,bcw_12q_random_bp,hea,RX_RY_RZ_CNOT,none,linear,cnot,hamiltonian_local,12,8,8,same_entangling_gate_count,5,2,RZ,2,188,layer_005_wire_002_RZ,3,0.005237153974616226,0.00013116449835868566,0.007085496676737941,0.0
random_bp,expectation_value,bcw_12q_random_bp,hea,RX_RY_RZ_CNOT,none,linear,cnot,hamiltonian_local,12,8,8,same_entangling_gate_count,5,3,RX,0,189,layer_005_wire_003_RX,3,-0.0003552445188499426,0.00010899897162149875,0.007421869798756452,0.0
random_bp,expectation_value,bcw_12q_random_bp,hea,RX_RY_RZ_CNOT,none,linear,cnot,hamiltonian_local,12,8,8,same_entangling_gate_count,5,3,RY,1,190,layer_005_wire_003_RY,3,0.004220481214086457,6.868326460226102e-06,0.004220481214086458,0.0
random_bp,expectation_value,bcw_12q_random_bp,hea,RX_RY_RZ_CNOT,none,linear,cnot,hamiltonian_local,12,8,8,same_entangling_gate_count,5,3,RZ,2,191,layer_005_wire_003_RZ,3,0.00839855023279039,2.5845846520925295e-05,0.00839855023279039,0.0
random_bp,expectation_value,bcw_12q_random_bp,hea,RX_RY_RZ_CNOT,none,linear,cnot,hamiltonian_local,12,8,8,same_entangling_gate_count,5,4,RX,0,192,layer_005_wire_004_RX,3,-0.007076922780789602,2.3497394127570128e-05,0.007076922780789602,0.0
random_bp,expectation_value,bcw_12q_random_bp,hea,RX_RY_RZ_CNOT,none,linear,cnot,hamiltonian_local,12,8,8,same_entangling_gate_count,5,4,RY,1,193,layer_005_wire_004_RY,3,0.0013136412058074214,0.00017363361702659792,0.009463431321006355,0.0
random_bp,expectation_value,bcw_12q_random_bp,hea,RX_RY_RZ_CNOT,none,linear,cnot,hamiltonian_local,12,8,8,same_entangling_gate_count,5,4,RZ,2,194,layer_005_wire_004_RZ,3,0.0011786100511797484,0.00010469675303488343,0.007457526217914484,0.0
random_bp,expectation_value,bcw_12q_random_bp,hea,RX_RY_RZ_CNOT,none,linear,cnot,hamiltonian_local,12,8,8,same_entangling_gate_count,5,5,RX,0,195,layer_005_wire_005_RX,3,-0.006920617327947342,6.295509558830035e-05,0.006920617327947341,0.0
random_bp,expectation_value,bcw_12q_random_bp,hea,RX_RY_RZ_CNOT,none,linear,cnot,hamiltonian_local,12,8,8,same_entangling_gate_count,5,5,RY,1,196,layer_005_wire_005_RY,3,0.002624744070340077,5.714499097654317e-05,0.00499564157286133,0.0
random_bp,expectation_value,bcw_12q_random_bp,hea,RX_RY_RZ_CNOT,none,linear,cnot,hamiltonian_local,12,8,8,same_entangling_gate_count,5,5,RZ,2,197,layer_005_wire_005_RZ,3,-0.008217078000045779,8.373380801530628e-05,0.00821707800004578,0.0
random_bp,expectation_value,bcw_12q_random_bp,hea,RX_RY_RZ_CNOT,none,linear,cnot,hamiltonian_local,12,8,8,same_entangling_gate_count,5,6,RX,0,198,layer_005_wire_006_RX,3,0.001165973962577108,2.4487937678701115e-05,0.0036782903754527265,0.0
random_bp,expectation_value,bcw_12q_random_bp,hea,RX_RY_RZ_CNOT,none,linear,cnot,hamiltonian_local,12,8,8,same_entangling_gate_count,5,6,RY,1,199,layer_005_wire_006_RY,3,0.004361352337585255,1.793788475223208e-05,0.004361352337585255,0.0
random_bp,expectation_value,bcw_12q_random_bp,hea,RX_RY_RZ_CNOT,none,linear,cnot,hamiltonian_local,12,8,8,same_entangling_gate_count,5,6,RZ,2,200,layer_005_wire_006_RZ,3,-0.001867191999473708,3.8018407036765195e-05,0.00510533299250918,0.0
random_bp,expectation_value,bcw_12q_random_bp,hea,RX_RY_RZ_CNOT,none,linear,cnot,hamiltonian_local,12,8,8,same_entangling_gate_count,5,7,RX,0,201,layer_005_wire_007_RX,3,0.0011141570238190812,3.446607783759675e-05,0.004141276235853325,0.0
random_bp,expectation_value,bcw_12q_random_bp,hea,RX_RY_RZ_CNOT,none,linear,cnot,hamiltonian_local,12,8,8,same_entangling_gate_count,5,7,RY,1,202,layer_005_wire_007_RY,3,-0.0004224165530500179,1.3586991069728588e-05,0.0029329594514321167,0.0
random_bp,expectation_value,bcw_12q_random_bp,hea,RX_RY_RZ_CNOT,none,linear,cnot,hamiltonian_local,12,8,8,same_entangling_gate_count,5,7,RZ,2,203,layer_005_wire_007_RZ,3,-0.0023106522417574694,3.6046547365504756e-05,0.0038324365006609054,0.0
random_bp,expectation_value,bcw_12q_random_bp,hea,RX_RY_RZ_CNOT,none,linear,cnot,hamiltonian_local,12,8,8,same_entangling_gate_count,5,8,RX,0,204,layer_005_wire_008_RX,3,0.002849119581275038,2.41332042610214e-05,0.004174956359146761,0.0
random_bp,expectation_value,bcw_12q_random_bp,hea,RX_RY_RZ_CNOT,none,linear,cnot,hamiltonian_local,12,8,8,same_entangling_gate_count,5,8,RY,1,205,layer_005_wire_008_RY,3,-0.005706870899068068,7.877167557002176e-08,0.005706870899068068,0.0
random_bp,expectation_value,bcw_12q_random_bp,hea,RX_RY_RZ_CNOT,none,linear,cnot,hamiltonian_local,12,8,8,same_entangling_gate_count,5,8,RZ,2,206,layer_005_wire_008_RZ,3,-0.0007396416270770327,7.032322865321524e-05,0.006367795046371985,0.0
random_bp,expectation_value,bcw_12q_random_bp,hea,RX_RY_RZ_CNOT,none,linear,cnot,hamiltonian_local,12,8,8,same_entangling_gate_count,5,9,RX,0,207,layer_005_wire_009_RX,3,0.006034753385269138,0.0001191873835650498,0.008502897345968175,0.0
random_bp,expectation_value,bcw_12q_random_bp,hea,RX_RY_RZ_CNOT,none,linear,cnot,hamiltonian_local,12,8,8,same_entangling_gate_count,5,9,RY,1,208,layer_005_wire_009_RY,3,0.0019493441567942937,4.577779419141842e-05,0.005632558522426466,0.0
random_bp,expectation_value,bcw_12q_random_bp,hea,RX_RY_RZ_CNOT,none,linear,cnot,hamiltonian_local,12,8,8,same_entangling_gate_count,5,9,RZ,2,209,layer_005_wire_009_RZ,3,-0.002615206353290898,5.422032682183764e-05,0.005218664336931152,0.0
random_bp,expectation_value,bcw_12q_random_bp,hea,RX_RY_RZ_CNOT,none,linear,cnot,hamiltonian_local,12,8,8,same_entangling_gate_count,5,10,RX,0,210,layer_005_wire_010_RX,3,0.0065595192517048035,2.367008610652401e-05,0.0065595192517048035,0.0
random_bp,expectation_value,bcw_12q_random_bp,hea,RX_RY_RZ_CNOT,none,linear,cnot,hamiltonian_local,12,8,8,same_entangling_gate_count,5,10,RY,1,211,layer_005_wire_010_RY,3,-0.004517682995321895,5.682527504173481e-05,0.007293697367431747,0.0
random_bp,expectation_value,bcw_12q_random_bp,hea,RX_RY_RZ_CNOT,none,linear,cnot,hamiltonian_local,12,8,8,same_entangling_gate_count,5,10,RZ,2,212,layer_005_wire_010_RZ,3,0.0027833386682150876,6.362152579099258e-05,0.005793837832216195,0.0
random_bp,expectation_value,bcw_12q_random_bp,hea,RX_RY_RZ_CNOT,none,linear,cnot,hamiltonian_local,12,8,8,same_entangling_gate_count,5,11,RX,0,213,layer_005_wire_011_RX,3,0.0026413988845559204,1.450378632344257e-05,0.0029678676571199976,0.0
random_bp,expectation_value,bcw_12q_random_bp,hea,RX_RY_RZ_CNOT,none,linear,cnot,hamiltonian_local,12,8,8,same_entangling_gate_count,5,11,RY,1,214,layer_005_wire_011_RY,3,0.0018820591129969197,1.976933487004359e-05,0.0031775768924448855,0.0
random_bp,expectation_value,bcw_12q_random_bp,hea,RX_RY_RZ_CNOT,none,linear,cnot,hamiltonian_local,12,8,8,same_entangling_gate_count,5,11,RZ,2,215,layer_005_wire_011_RZ,3,0.0011292493436732436,2.5454793632965404e-05,0.0034652728254007197,0.0
random_bp,expectation_value,bcw_12q_random_bp,hea,RX_RY_RZ_CNOT,none,linear,cnot,hamiltonian_local,12,8,8,same_entangling_gate_count,6,0,RX,0,216,layer_006_wire_000_RX,3,0.002537601166423541,0.00012107051841178834,0.008352476186601952,0.0
random_bp,expectation_value,bcw_12q_random_bp,hea,RX_RY_RZ_CNOT,none,linear,cnot,hamiltonian_local,12,8,8,same_entangling_gate_count,6,0,RY,1,217,layer_006_wire_000_RY,3,0.002450760366814564,1.001418706767041e-05,0.0024507603668145637,0.0
random_bp,expectation_value,bcw_12q_random_bp,hea,RX_RY_RZ_CNOT,none,linear,cnot,hamiltonian_local,12,8,8,same_entangling_gate_count,6,0,RZ,2,218,layer_006_wire_000_RZ,3,-9.00590226170325e-19,1.0694443058750588e-34,7.030825535838718e-18,1.0
random_bp,expectation_value,bcw_12q_random_bp,hea,RX_RY_RZ_CNOT,none,linear,cnot,hamiltonian_local,12,8,8,same_entangling_gate_count,6,1,RX,0,219,layer_006_wire_001_RX,3,-0.0006103017175636094,2.282115850863342e-05,0.0033528637721805614,0.0
random_bp,expectation_value,bcw_12q_random_bp,hea,RX_RY_RZ_CNOT,none,linear,cnot,hamiltonian_local,12,8,8,same_entangling_gate_count,6,1,RY,1,220,layer_006_wire_001_RY,3,0.0028654549093827942,6.712648497456292e-05,0.005806441886248158,0.0
random_bp,expectation_value,bcw_12q_random_bp,hea,RX_RY_RZ_CNOT,none,linear,cnot,hamiltonian_local,12,8,8,same_entangling_gate_count,6,1,RZ,2,221,layer_006_wire_001_RZ,3,-0.0014250923584398223,2.601607178639206e-06,0.0016337124996443672,0.0
random_bp,expectation_value,bcw_12q_random_bp,hea,RX_RY_RZ_CNOT,none,linear,cnot,hamiltonian_local,12,8,8,same_entangling_gate_count,6,2,RX,0,222,layer_006_wire_002_RX,3,-0.00468221900201619,8.84347976644889e-05,0.007008313567504889,0.0
random_bp,expectation_value,bcw_12q_random_bp,hea,RX_RY_RZ_CNOT,none,linear,cnot,hamiltonian_local,12,8,8,same_entangling_gate_count,6,2,RY,1,223,layer_006_wire_002_RY,3,-0.004258589343254347,3.128188778446727e-05,0.004258589343254347,0.0
random_bp,expectation_value,bcw_12q_random_bp,hea,RX_RY_RZ_CNOT,none,linear,cnot,hamiltonian_local,12,8,8,same_entangling_gate_count,6,2,RZ,2,224,layer_006_wire_002_RZ,3,0.005576236014738457,5.3160680451906226e-05,0.005576236014738458,0.0
random_bp,expectation_value,bcw_12q_random_bp,hea,RX_RY_RZ_CNOT,none,linear,cnot,hamiltonian_local,12,8,8,same_entangling_gate_count,6,3,RX,0,225,layer_006_wire_003_RX,3,-0.008558881782242053,3.981326131043192e-05,0.008558881782242053,0.0
random_bp,expectation_value,bcw_12q_random_bp,hea,RX_RY_RZ_CNOT,none,linear,cnot,hamiltonian_local,12,8,8,same_entangling_gate_count,6,3,RY,1,226,layer_006_wire_003_RY,3,0.0011629822044946403,6.791275696556752e-05,0.0067287545601928955,0.0
random_bp,expectation_value,bcw_12q_random_bp,hea,RX_RY_RZ_CNOT,none,linear,cnot,hamiltonian_local,12,8,8,same_entangling_gate_count,6,3,RZ,2,227,layer_006_wire_003_RZ,3,-0.0031140129071566113,0.0003328791266014678,0.013719420713335461,0.0
random_bp,expectation_value,bcw_12q_random_bp,hea,RX_RY_RZ_CNOT,none,linear,cnot,hamiltonian_local,12,8,8,same_entangling_gate_count,6,4,RX,0,228,layer_006_wire_004_RX,3,-0.0037658305726383347,0.00032742828363841386,0.015025747657300593,0.0
random_bp,expectation_value,bcw_12q_random_bp,hea,RX_RY_RZ_CNOT,none,linear,cnot,hamiltonian_local,12,8,8,same_entangling_gate_count,6,4,RY,1,229,layer_006_wire_004_RY,3,0.0003705003018230771,4.130801579410178e-05,0.004774172847000264,0.0
random_bp,expectation_value,bcw_12q_random_bp,hea,RX_RY_RZ_CNOT,none,linear,cnot,hamiltonian_local,12,8,8,same_entangling_gate_count,6,4,RZ,2,230,layer_006_wire_004_RZ,3,-0.001206855274707014,0.000145027106791268,0.009337892432591508,0.0
random_bp,expectation_value,bcw_12q_random_bp,hea,RX_RY_RZ_CNOT,none,linear,cnot,hamiltonian_local,12,8,8,same_entangling_gate_count,6,5,RX,0,231,layer_006_wire_005_RX,3,0.0029933047035821626,3.639286719603733e-05,0.004362453763852193,0.0
random_bp,expectation_value,bcw_12q_random_bp,hea,RX_RY_RZ_CNOT,none,linear,cnot,hamiltonian_local,12,8,8,same_entangling_gate_count,6,5,RY,1,232,layer_006_wire_005_RY,3,0.004472500652896415,7.333624182399745e-05,0.005100258000991178,0.0
random_bp,expectation_value,bcw_12q_random_bp,hea,RX_RY_RZ_CNOT,none,linear,cnot,hamiltonian_local,12,8,8,same_entangling_gate_count,6,5,RZ,2,233,layer_006_wire_005_RZ,3,0.002818408695352619,1.794877167433319e-05,0.0037136871568477533,0.0
random_bp,expectation_value,bcw_12q_random_bp,hea,RX_RY_RZ_CNOT,none,linear,cnot,hamiltonian_local,12,8,8,same_entangling_gate_count,6,6,RX,0,234,layer_006_wire_006_RX,3,-0.0031004354914997622,2.725755034435753e-05,0.005048079661203774,0.0
random_bp,expectation_value,bcw_12q_random_bp,hea,RX_RY_RZ_CNOT,none,linear,cnot,hamiltonian_local,12,8,8,same_entangling_gate_count,6,6,RY,1,235,layer_006_wire_006_RY,3,-0.00047708950309303217,6.3507592764424836e-06,0.0017475857412819554,0.0
random_bp,expectation_value,bcw_12q_random_bp,hea,RX_RY_RZ_CNOT,none,linear,cnot,hamiltonian_local,12,8,8,same_entangling_gate_count,6,6,RZ,2,236,layer_006_wire_006_RZ,3,-0.0002713075293693814,2.1628022579235113e-05,0.0034313660667260938,0.0
random_bp,expectation_value,bcw_12q_random_bp,hea,RX_RY_RZ_CNOT,none,linear,cnot,hamiltonian_local,12,8,8,same_entangling_gate_count,6,7,RX,0,237,layer_006_wire_007_RX,3,0.0001816184295777631,2.08202633468032e-06,0.001031758808040915,0.0
random_bp,expectation_value,bcw_12q_random_bp,hea,RX_RY_RZ_CNOT,none,linear,cnot,hamiltonian_local,12,8,8,same_entangling_gate_count,6,7,RY,1,238,layer_006_wire_007_RY,3,-0.0017676363399421798,1.7828420022854685e-05,0.003776132765640117,0.0
random_bp,expectation_value,bcw_12q_random_bp,hea,RX_RY_RZ_CNOT,none,linear,cnot,hamiltonian_local,12,8,8,same_entangling_gate_count,6,7,RZ,2,239,layer_006_wire_007_RZ,3,0.004582641621666708,0.00025791388002544826,0.012137511173290053,0.0
random_bp,expectation_value,bcw_12q_random_bp,hea,RX_RY_RZ_CNOT,none,linear,cnot,hamiltonian_local,12,8,8,same_entangling_gate_count,6,8,RX,0,240,layer_006_wire_008_RX,3,0.0025567358769237585,3.3997056547319603e-06,0.0025567358769237585,0.0
random_bp,expectation_value,bcw_12q_random_bp,hea,RX_RY_RZ_CNOT,none,linear,cnot,hamiltonian_local,12,8,8,same_entangling_gate_count,6,8,RY,1,241,layer_006_wire_008_RY,3,-0.0009699916419708672,7.512600506076526e-06,0.0024303278926183724,0.0
random_bp,expectation_value,bcw_12q_random_bp,hea,RX_RY_RZ_CNOT,none,linear,cnot,hamiltonian_local,12,8,8,same_entangling_gate_count,6,8,RZ,2,242,layer_006_wire_008_RZ,3,-0.00016948394103499448,9.500160763758582e-07,0.000734671584920245,0.0
random_bp,expectation_value,bcw_12q_random_bp,hea,RX_RY_RZ_CNOT,none,linear,cnot,hamiltonian_local,12,8,8,same_entangling_gate_count,6,9,RX,0,243,layer_006_wire_009_RX,3,0.0018205170947414992,0.0001392346892268525,0.008147853347284807,0.0
random_bp,expectation_value,bcw_12q_random_bp,hea,RX_RY_RZ_CNOT,none,linear,cnot,hamiltonian_local,12,8,8,same_entangling_gate_count,6,9,RY,1,244,layer_006_wire_009_RY,3,0.001587797426798202,1.0860003126936566e-06,0.001587797426798202,0.0
random_bp,expectation_value,bcw_12q_random_bp,hea,RX_RY_RZ_CNOT,none,linear,cnot,hamiltonian_local,12,8,8,same_entangling_gate_count,6,9,RZ,2,245,layer_006_wire_009_RZ,3,0.0030969300691268114,0.000133201438086719,0.008357554096785241,0.0
random_bp,expectation_value,bcw_12q_random_bp,hea,RX_RY_RZ_CNOT,none,linear,cnot,hamiltonian_local,12,8,8,same_entangling_gate_count,6,10,RX,0,246,layer_006_wire_010_RX,3,0.0040843506018267105,9.439953154581003e-06,0.0040843506018267105,0.0
random_bp,expectation_value,bcw_12q_random_bp,hea,RX_RY_RZ_CNOT,none,linear,cnot,hamiltonian_local,12,8,8,same_entangling_gate_count,6,10,RY,1,247,layer_006_wire_010_RY,3,0.000332158253670532,1.931124306504939e-06,0.000956929009442093,0.0
random_bp,expectation_value,bcw_12q_random_bp,hea,RX_RY_RZ_CNOT,none,linear,cnot,hamiltonian_local,12,8,8,same_entangling_gate_count,6,10,RZ,2,248,layer_006_wire_010_RZ,3,0.003376634305446543,8.382681941221242e-06,0.003376634305446543,0.0
random_bp,expectation_value,bcw_12q_random_bp,hea,RX_RY_RZ_CNOT,none,linear,cnot,hamiltonian_local,12,8,8,same_entangling_gate_count,6,11,RX,0,249,layer_006_wire_011_RX,3,-0.0015340214171608796,4.3866461031124755e-06,0.0017220315238932144,0.0
random_bp,expectation_value,bcw_12q_random_bp,hea,RX_RY_RZ_CNOT,none,linear,cnot,hamiltonian_local,12,8,8,same_entangling_gate_count,6,11,RY,1,250,layer_006_wire_011_RY,3,0.000950082540030697,6.408654617337292e-08,0.000950082540030697,0.0
random_bp,expectation_value,bcw_12q_random_bp,hea,RX_RY_RZ_CNOT,none,linear,cnot,hamiltonian_local,12,8,8,same_entangling_gate_count,6,11,RZ,2,251,layer_006_wire_011_RZ,3,-0.0005674128657708534,1.0683713318661431e-05,0.0022403952753185523,0.0
random_bp,expectation_value,bcw_12q_random_bp,hea,RX_RY_RZ_CNOT,none,linear,cnot,hamiltonian_local,12,8,8,same_entangling_gate_count,7,0,RX,0,252,layer_007_wire_000_RX,3,4.445228907190568e-18,1.3765038848128987e-35,4.445228907190568e-18,1.0
random_bp,expectation_value,bcw_12q_random_bp,hea,RX_RY_RZ_CNOT,none,linear,cnot,hamiltonian_local,12,8,8,same_entangling_gate_count,7,0,RY,1,253,layer_007_wire_000_RY,3,-9.75781955236954e-18,1.2219028677927514e-33,2.3201926491189795e-17,1.0
random_bp,expectation_value,bcw_12q_random_bp,hea,RX_RY_RZ_CNOT,none,linear,cnot,hamiltonian_local,12,8,8,same_entangling_gate_count,7,0,RZ,2,254,layer_007_wire_000_RZ,3,3.803624807853669e-18,7.70656356118734e-35,8.025459171893254e-18,1.0
random_bp,expectation_value,bcw_12q_random_bp,hea,RX_RY_RZ_CNOT,none,linear,cnot,hamiltonian_local,12,8,8,same_entangling_gate_count,7,1,RX,0,255,layer_007_wire_001_RX,3,0.002582265245394229,2.6860307462451875e-05,0.0036526658268383225,0.0
random_bp,expectation_value,bcw_12q_random_bp,hea,RX_RY_RZ_CNOT,none,linear,cnot,hamiltonian_local,12,8,8,same_entangling_gate_count,7,1,RY,1,256,layer_007_wire_001_RY,3,-0.004814000304816667,4.5959879533374386e-05,0.006472531450423429,0.0
random_bp,expectation_value,bcw_12q_random_bp,hea,RX_RY_RZ_CNOT,none,linear,cnot,hamiltonian_local,12,8,8,same_entangling_gate_count,7,1,RZ,2,257,layer_007_wire_001_RZ,3,-1.6012727439472998e-17,4.196349290805881e-35,1.6012727439472998e-17,1.0
random_bp,expectation_value,bcw_12q_random_bp,hea,RX_RY_RZ_CNOT,none,linear,cnot,hamiltonian_local,12,8,8,same_entangling_gate_count,7,2,RX,0,258,layer_007_wire_002_RX,3,-0.0034588528666227086,2.8199339307860934e-05,0.004060357971688021,0.0
random_bp,expectation_value,bcw_12q_random_bp,hea,RX_RY_RZ_CNOT,none,linear,cnot,hamiltonian_local,12,8,8,same_entangling_gate_count,7,2,RY,1,259,layer_007_wire_002_RY,3,0.005184504468383538,1.4478078028708175e-05,0.005184504468383538,0.0
random_bp,expectation_value,bcw_12q_random_bp,hea,RX_RY_RZ_CNOT,none,linear,cnot,hamiltonian_local,12,8,8,same_entangling_gate_count,7,2,RZ,2,260,layer_007_wire_002_RZ,3,-9.749852315638159e-18,4.614467874559195e-34,1.3217459738224424e-17,1.0
random_bp,expectation_value,bcw_12q_random_bp,hea,RX_RY_RZ_CNOT,none,linear,cnot,hamiltonian_local,12,8,8,same_entangling_gate_count,7,3,RX,0,261,layer_007_wire_003_RX,3,0.0006272433652567144,5.835609314314466e-07,0.0007971403980879739,0.0
random_bp,expectation_value,bcw_12q_random_bp,hea,RX_RY_RZ_CNOT,none,linear,cnot,hamiltonian_local,12,8,8,same_entangling_gate_count,7,3,RY,1,262,layer_007_wire_003_RY,3,0.0011414563641479,4.301163620489485e-05,0.004971764264276272,0.0
random_bp,expectation_value,bcw_12q_random_bp,hea,RX_RY_RZ_CNOT,none,linear,cnot,hamiltonian_local,12,8,8,same_entangling_gate_count,7,3,RZ,2,263,layer_007_wire_003_RZ,3,1.2741479937443278e-17,1.3904291123311475e-34,1.2741479937443276e-17,1.0
random_bp,expectation_value,bcw_12q_random_bp,hea,RX_RY_RZ_CNOT,none,linear,cnot,hamiltonian_local,12,8,8,same_entangling_gate_count,7,4,RX,0,264,layer_007_wire_004_RX,3,0.00013674115078379703,9.330860847934756e-06,0.002368131129044215,0.0
random_bp,expectation_value,bcw_12q_random_bp,hea,RX_RY_RZ_CNOT,none,linear,cnot,hamiltonian_local,12,8,8,same_entangling_gate_count,7,4,RY,1,265,layer_007_wire_004_RY,3,-0.002587571155233036,6.162749756788502e-06,0.0025875711552330355,0.0
random_bp,expectation_value,bcw_12q_random_bp,hea,RX_RY_RZ_CNOT,none,linear,cnot,hamiltonian_local,12,8,8,same_entangling_gate_count,7,4,RZ,2,266,layer_007_wire_004_RZ,3,-3.2232311962435875e-18,3.757420623859353e-35,5.047184695361472e-18,1.0
random_bp,expectation_value,bcw_12q_random_bp,hea,RX_RY_RZ_CNOT,none,linear,cnot,hamiltonian_local,12,8,8,same_entangling_gate_count,7,5,RX,0,267,layer_007_wire_005_RX,3,-0.00019777560970242572,8.433962650608397e-08,0.0001977756097024257,0.0
random_bp,expectation_value,bcw_12q_random_bp,hea,RX_RY_RZ_CNOT,none,linear,cnot,hamiltonian_local,12,8,8,same_entangling_gate_count,7,5,RY,1,268,layer_007_wire_005_RY,3,-0.0020634333940461763,5.642029649089447e-06,0.0025120018634778606,0.0
random_bp,expectation_value,bcw_12q_random_bp,hea,RX_RY_RZ_CNOT,none,linear,cnot,hamiltonian_local,12,8,8,same_entangling_gate_count,7,5,RZ,2,269,layer_007_wire_005_RZ,3,5.885069253652544e-18,7.24279201475041e-35,6.9022408216075374e-18,1.0
random_bp,expectation_value,bcw_12q_random_bp,hea,RX_RY_RZ_CNOT,none,linear,cnot,hamiltonian_local,12,8,8,same_entangling_gate_count,7,6,RX,0,270,layer_007_wire_006_RX,3,-0.0009997891524549042,2.0369150531053567e-06,0.0013946452138651492,0.0
random_bp,expectation_value,bcw_12q_random_bp,hea,RX_RY_RZ_CNOT,none,linear,cnot,hamiltonian_local,12,8,8,same_entangling_gate_count,7,6,RY,1,271,layer_007_wire_006_RY,3,-8.854799329393353e-05,3.786892314263178e-06,0.0012963723010705496,0.3333333333333333
random_bp,expectation_value,bcw_12q_random_bp,hea,RX_RY_RZ_CNOT,none,linear,cnot,hamiltonian_local,12,8,8,same_entangling_gate_count,7,6,RZ,2,272,layer_007_wire_006_RZ,3,1.1319657101495296e-18,1.209933062046203e-34,8.772197468829106e-18,1.0
random_bp,expectation_value,bcw_12q_random_bp,hea,RX_RY_RZ_CNOT,none,linear,cnot,hamiltonian_local,12,8,8,same_entangling_gate_count,7,7,RX,0,273,layer_007_wire_007_RX,3,-0.0003360889417193093,5.121502450452968e-07,0.0006623844917000666,0.0
random_bp,expectation_value,bcw_12q_random_bp,hea,RX_RY_RZ_CNOT,none,linear,cnot,hamiltonian_local,12,8,8,same_entangling_gate_count,7,7,RY,1,274,layer_007_wire_007_RY,3,0.0009376921515072934,8.250093042331913e-06,0.0024884307298569048,0.0
random_bp,expectation_value,bcw_12q_random_bp,hea,RX_RY_RZ_CNOT,none,linear,cnot,hamiltonian_local,12,8,8,same_entangling_gate_count,7,7,RZ,2,275,layer_007_wire_007_RZ,3,-5.021004369035155e-18,2.376342125192535e-35,5.021004369035155e-18,1.0
random_bp,expectation_value,bcw_12q_random_bp,hea,RX_RY_RZ_CNOT,none,linear,cnot,hamiltonian_local,12,8,8,same_entangling_gate_count,7,8,RX,0,276,layer_007_wire_008_RX,3,0.00036598605182311167,2.2989908462324645e-07,0.0003659860518231116,0.0
random_bp,expectation_value,bcw_12q_random_bp,hea,RX_RY_RZ_CNOT,none,linear,cnot,hamiltonian_local,12,8,8,same_entangling_gate_count,7,8,RY,1,277,layer_007_wire_008_RY,3,-0.006263369486620351,8.171185490891635e-05,0.006997350918671733,0.0
random_bp,expectation_value,bcw_12q_random_bp,hea,RX_RY_RZ_CNOT,none,linear,cnot,hamiltonian_local,12,8,8,same_entangling_gate_count,7,8,RZ,2,278,layer_007_wire_008_RZ,3,-9.645023632962103e-18,3.1557905755020985e-34,1.0662410261959906e-17,1.0
random_bp,expectation_value,bcw_12q_random_bp,hea,RX_RY_RZ_CNOT,none,linear,cnot,hamiltonian_local,12,8,8,same_entangling_gate_count,7,9,RX,0,279,layer_007_wire_009_RX,3,-0.0014210552593886443,5.319305394059483e-06,0.0014210552593886443,0.0
random_bp,expectation_value,bcw_12q_random_bp,hea,RX_RY_RZ_CNOT,none,linear,cnot,hamiltonian_local,12,8,8,same_entangling_gate_count,7,9,RY,1,280,layer_007_wire_009_RY,3,0.0017702677387283474,5.328226731209333e-07,0.0017702677387283474,0.0
random_bp,expectation_value,bcw_12q_random_bp,hea,RX_RY_RZ_CNOT,none,linear,cnot,hamiltonian_local,12,8,8,same_entangling_gate_count,7,9,RZ,2,281,layer_007_wire_009_RZ,3,1.0663562402076015e-17,6.207471690428269e-34,1.8127422681549074e-17,1.0
random_bp,expectation_value,bcw_12q_random_bp,hea,RX_RY_RZ_CNOT,none,linear,cnot,hamiltonian_local,12,8,8,same_entangling_gate_count,7,10,RX,0,282,layer_007_wire_010_RX,3,-0.0010418686170702784,5.573373424362416e-07,0.0010418686170702784,0.0
random_bp,expectation_value,bcw_12q_random_bp,hea,RX_RY_RZ_CNOT,none,linear,cnot,hamiltonian_local,12,8,8,same_entangling_gate_count,7,10,RY,1,283,layer_007_wire_010_RY,3,-0.00014160426761759392,6.598962053945822e-06,0.0019214048469546748,0.0
random_bp,expectation_value,bcw_12q_random_bp,hea,RX_RY_RZ_CNOT,none,linear,cnot,hamiltonian_local,12,8,8,same_entangling_gate_count,7,10,RZ,2,284,layer_007_wire_010_RZ,3,1.639729924073004e-17,2.56614402438657e-34,1.639729924073004e-17,1.0
random_bp,expectation_value,bcw_12q_random_bp,hea,RX_RY_RZ_CNOT,none,linear,cnot,hamiltonian_local,12,8,8,same_entangling_gate_count,7,11,RX,0,285,layer_007_wire_011_RX,3,0.0003378611512981586,4.521194641121002e-07,0.00040448957766573383,0.0
random_bp,expectation_value,bcw_12q_random_bp,hea,RX_RY_RZ_CNOT,none,linear,cnot,hamiltonian_local,12,8,8,same_entangling_gate_count,7,11,RY,1,286,layer_007_wire_011_RY,3,-0.0008389763654275293,2.2443325355481525e-06,0.0013815586474242097,0.0
random_bp,expectation_value,bcw_12q_random_bp,hea,RX_RY_RZ_CNOT,none,linear,cnot,hamiltonian_local,12,8,8,same_entangling_gate_count,7,11,RZ,2,287,layer_007_wire_011_RZ,3,-1.7882470171114382e-17,4.903083604864646e-34,1.7882470171114382e-17,1.0
random_bp,expectation_value,bcw_12q_random_bp,hea,RX_RY_RZ_CNOT,none,circular,cnot,hamiltonian_local,12,8,7,same_entangling_gate_count,0,0,RX,0,0,layer_000_wire_000_RX,3,-0.0002470656611028503,2.0684678596116843e-05,0.0035814598299834,0.0
random_bp,expectation_value,bcw_12q_random_bp,hea,RX_RY_RZ_CNOT,none,circular,cnot,hamiltonian_local,12,8,7,same_entangling_gate_count,0,0,RY,1,1,layer_000_wire_000_RY,3,-0.00034914338101444737,6.871190646385551e-06,0.0018827655088236594,0.0
random_bp,expectation_value,bcw_12q_random_bp,hea,RX_RY_RZ_CNOT,none,circular,cnot,hamiltonian_local,12,8,7,same_entangling_gate_count,0,0,RZ,2,2,layer_000_wire_000_RZ,3,-0.0016350457396514348,4.0337229429424167e-07,0.0016350457396514348,0.0
random_bp,expectation_value,bcw_12q_random_bp,hea,RX_RY_RZ_CNOT,none,circular,cnot,hamiltonian_local,12,8,7,same_entangling_gate_count,0,1,RX,0,3,layer_000_wire_001_RX,3,-0.00013469794764156066,9.363822262650101e-07,0.000766369098692193,0.0
random_bp,expectation_value,bcw_12q_random_bp,hea,RX_RY_RZ_CNOT,none,circular,cnot,hamiltonian_local,12,8,7,same_entangling_gate_count,0,1,RY,1,4,layer_000_wire_001_RY,3,-0.00703126885624567,1.2016596354681693e-05,0.007031268856245669,0.0
random_bp,expectation_value,bcw_12q_random_bp,hea,RX_RY_RZ_CNOT,none,circular,cnot,hamiltonian_local,12,8,7,same_entangling_gate_count,0,1,RZ,2,5,layer_000_wire_001_RZ,3,-0.002151490143560037,8.72850842717626e-06,0.0021514901435600365,0.0
random_bp,expectation_value,bcw_12q_random_bp,hea,RX_RY_RZ_CNOT,none,circular,cnot,hamiltonian_local,12,8,7,same_entangling_gate_count,0,2,RX,0,6,layer_000_wire_002_RX,3,-0.005229795528692427,9.847002171273718e-05,0.00787268426177054,0.0
random_bp,expectation_value,bcw_12q_random_bp,hea,RX_RY_RZ_CNOT,none,circular,cnot,hamiltonian_local,12,8,7,same_entangling_gate_count,0,2,RY,1,7,layer_000_wire_002_RY,3,-0.004609709377622255,1.586971088128306e-05,0.004609709377622255,0.0
random_bp,expectation_value,bcw_12q_random_bp,hea,RX_RY_RZ_CNOT,none,circular,cnot,hamiltonian_local,12,8,7,same_entangling_gate_count,0,2,RZ,2,8,layer_000_wire_002_RZ,3,0.0028091190993207067,1.4017814296004105e-05,0.0034741335858457616,0.0
random_bp,expectation_value,bcw_12q_random_bp,hea,RX_RY_RZ_CNOT,none,circular,cnot,hamiltonian_local,12,8,7,same_entangling_gate_count,0,3,RX,0,9,layer_000_wire_003_RX,3,0.0044351982324313,2.2344115829310236e-05,0.0044351982324313,0.0
random_bp,expectation_value,bcw_12q_random_bp,hea,RX_RY_RZ_CNOT,none,circular,cnot,hamiltonian_local,12,8,7,same_entangling_gate_count,0,3,RY,1,10,layer_000_wire_003_RY,3,0.0019064020076755635,7.315011531025259e-06,0.0027161974254117593,0.0
random_bp,expectation_value,bcw_12q_random_bp,hea,RX_RY_RZ_CNOT,none,circular,cnot,hamiltonian_local,12,8,7,same_entangling_gate_count,0,3,RZ,2,11,layer_000_wire_003_RZ,3,-0.004118574072237506,1.420119439759525e-05,0.004118574072237507,0.0
random_bp,expectation_value,bcw_12q_random_bp,hea,RX_RY_RZ_CNOT,none,circular,cnot,hamiltonian_local,12,8,7,same_entangling_gate_count,0,4,RX,0,12,layer_000_wire_004_RX,3,0.004928585006635141,5.2827208082037296e-06,0.004928585006635141,0.0
random_bp,expectation_value,bcw_12q_random_bp,hea,RX_RY_RZ_CNOT,none,circular,cnot,hamiltonian_local,12,8,7,same_entangling_gate_count,0,4,RY,1,13,layer_000_wire_004_RY,3,-0.0006611205086109327,6.642528891281626e-07,0.0007115495395491975,0.0
random_bp,expectation_value,bcw_12q_random_bp,hea,RX_RY_RZ_CNOT,none,circular,cnot,hamiltonian_local,12,8,7,same_entangling_gate_count,0,4,RZ,2,14,layer_000_wire_004_RZ,3,-0.0031566716440974817,1.7989559613174797e-05,0.0037323057910441763,0.0
random_bp,expectation_value,bcw_12q_random_bp,hea,RX_RY_RZ_CNOT,none,circular,cnot,hamiltonian_local,12,8,7,same_entangling_gate_count,0,5,RX,0,15,layer_000_wire_005_RX,3,0.002240760979655498,7.323106466740764e-06,0.0022407609796554983,0.0
random_bp,expectation_value,bcw_12q_random_bp,hea,RX_RY_RZ_CNOT,none,circular,cnot,hamiltonian_local,12,8,7,same_entangling_gate_count,0,5,RY,1,16,layer_000_wire_005_RY,3,-0.0010966405881243013,5.544468048405424e-06,0.0016195882781642208,0.0
random_bp,expectation_value,bcw_12q_random_bp,hea,RX_RY_RZ_CNOT,none,circular,cnot,hamiltonian_local,12,8,7,same_entangling_gate_count,0,5,RZ,2,17,layer_000_wire_005_RZ,3,0.0005534668041735996,5.1575855784388185e-06,0.001562064142322922,0.0
random_bp,expectation_value,bcw_12q_random_bp,hea,RX_RY_RZ_CNOT,none,circular,cnot,hamiltonian_local,12,8,7,same_entangling_gate_count,0,6,RX,0,18,layer_000_wire_006_RX,3,-0.0029184914345240266,8.661489450434328e-05,0.007814841031371755,0.0
random_bp,expectation_value,bcw_12q_random_bp,hea,RX_RY_RZ_CNOT,none,circular,cnot,hamiltonian_local,12,8,7,same_entangling_gate_count,0,6,RY,1,19,layer_000_wire_006_RY,3,-0.0032908118480788335,4.811364316734692e-06,0.003290811848078834,0.0
random_bp,expectation_value,bcw_12q_random_bp,hea,RX_RY_RZ_CNOT,none,circular,cnot,hamiltonian_local,12,8,7,same_entangling_gate_count,0,6,RZ,2,20,layer_000_wire_006_RZ,3,-0.0018135202491449567,8.165809284461017e-05,0.006012890582811163,0.0
random_bp,expectation_value,bcw_12q_random_bp,hea,RX_RY_RZ_CNOT,none,circular,cnot,hamiltonian_local,12,8,7,same_entangling_gate_count,0,7,RX,0,21,layer_000_wire_007_RX,3,-0.0014701096509781822,6.187401388564831e-06,0.0016855670621030196,0.0
random_bp,expectation_value,bcw_12q_random_bp,hea,RX_RY_RZ_CNOT,none,circular,cnot,hamiltonian_local,12,8,7,same_entangling_gate_count,0,7,RY,1,22,layer_000_wire_007_RY,3,-0.00473838663216564,5.597559838723608e-06,0.00473838663216564,0.0
random_bp,expectation_value,bcw_12q_random_bp,hea,RX_RY_RZ_CNOT,none,circular,cnot,hamiltonian_local,12,8,7,same_entangling_gate_count,0,7,RZ,2,23,layer_000_wire_007_RZ,3,0.007684764031816135,0.00019629654470434816,0.008629063034457157,0.0
random_bp,expectation_value,bcw_12q_random_bp,hea,RX_RY_RZ_CNOT,none,circular,cnot,hamiltonian_local,12,8,7,same_entangling_gate_count,0,8,RX,0,24,layer_000_wire_008_RX,3,0.0022842086967467985,1.2828282035142441e-05,0.002316526343211038,0.0
random_bp,expectation_value,bcw_12q_random_bp,hea,RX_RY_RZ_CNOT,none,circular,cnot,hamiltonian_local,12,8,7,same_entangling_gate_count,0,8,RY,1,25,layer_000_wire_008_RY,3,0.0003694283474570168,3.2667232912721367e-06,0.0011999194536274915,0.0
random_bp,expectation_value,bcw_12q_random_bp,hea,RX_RY_RZ_CNOT,none,circular,cnot,hamiltonian_local,12,8,7,same_entangling_gate_count,0,8,RZ,2,26,layer_000_wire_008_RZ,3,0.0009881053516601166,4.67674404127868e-06,0.0013726273060810836,0.0
random_bp,expectation_value,bcw_12q_random_bp,hea,RX_RY_RZ_CNOT,none,circular,cnot,hamiltonian_local,12,8,7,same_entangling_gate_count,0,9,RX,0,27,layer_000_wire_009_RX,3,0.003770503621646675,9.692633345593117e-06,0.0037705036216466744,0.0
random_bp,expectation_value,bcw_12q_random_bp,hea,RX_RY_RZ_CNOT,none,circular,cnot,hamiltonian_local,12,8,7,same_entangling_gate_count,0,9,RY,1,28,layer_000_wire_009_RY,3,7.835823316708801e-05,8.261014476567092e-06,0.0020504373706211007,0.0
random_bp,expectation_value,bcw_12q_random_bp,hea,RX_RY_RZ_CNOT,none,circular,cnot,hamiltonian_local,12,8,7,same_entangling_gate_count,0,9,RZ,2,29,layer_000_wire_009_RZ,3,-3.409027164309438e-05,1.2228366769063856e-05,0.0023525671928235977,0.0
random_bp,expectation_value,bcw_12q_random_bp,hea,RX_RY_RZ_CNOT,none,circular,cnot,hamiltonian_local,12,8,7,same_entangling_gate_count,0,10,RX,0,30,layer_000_wire_010_RX,3,-0.0037338819271970736,2.7859466497869944e-05,0.004693232919083663,0.0
random_bp,expectation_value,bcw_12q_random_bp,hea,RX_RY_RZ_CNOT,none,circular,cnot,hamiltonian_local,12,8,7,same_entangling_gate_count,0,10,RY,1,31,layer_000_wire_010_RY,3,-0.0038127953417898836,2.4808016466927936e-05,0.003812795341789883,0.0
random_bp,expectation_value,bcw_12q_random_bp,hea,RX_RY_RZ_CNOT,none,circular,cnot,hamiltonian_local,12,8,7,same_entangling_gate_count,0,10,RZ,2,32,layer_000_wire_010_RZ,3,-0.002496704208036302,1.3349765054556687e-05,0.0035796746047938306,0.0
random_bp,expectation_value,bcw_12q_random_bp,hea,RX_RY_RZ_CNOT,none,circular,cnot,hamiltonian_local,12,8,7,same_entangling_gate_count,0,11,RX,0,33,layer_000_wire_011_RX,3,-0.001890907811063801,4.906265084370422e-05,0.005886571277073539,0.0
random_bp,expectation_value,bcw_12q_random_bp,hea,RX_RY_RZ_CNOT,none,circular,cnot,hamiltonian_local,12,8,7,same_entangling_gate_count,0,11,RY,1,34,layer_000_wire_011_RY,3,0.0003687729833593313,2.2702023661414996e-06,0.0011599180893683647,0.0
random_bp,expectation_value,bcw_12q_random_bp,hea,RX_RY_RZ_CNOT,none,circular,cnot,hamiltonian_local,12,8,7,same_entangling_gate_count,0,11,RZ,2,35,layer_000_wire_011_RZ,3,-0.0012663999919555453,1.532346820451808e-05,0.0034322420735995404,0.0
random_bp,expectation_value,bcw_12q_random_bp,hea,RX_RY_RZ_CNOT,none,circular,cnot,hamiltonian_local,12,8,7,same_entangling_gate_count,1,0,RX,0,36,layer_001_wire_000_RX,3,-0.0015514145233320445,6.1002578989757264e-05,0.005396401192884616,0.0
random_bp,expectation_value,bcw_12q_random_bp,hea,RX_RY_RZ_CNOT,none,circular,cnot,hamiltonian_local,12,8,7,same_entangling_gate_count,1,0,RY,1,37,layer_001_wire_000_RY,3,0.0030011156730758845,3.236847199558098e-05,0.004142095668093511,0.0
random_bp,expectation_value,bcw_12q_random_bp,hea,RX_RY_RZ_CNOT,none,circular,cnot,hamiltonian_local,12,8,7,same_entangling_gate_count,1,0,RZ,2,38,layer_001_wire_000_RZ,3,0.0005870425824361055,6.070301204496042e-06,0.0016810053259448952,0.0
random_bp,expectation_value,bcw_12q_random_bp,hea,RX_RY_RZ_CNOT,none,circular,cnot,hamiltonian_local,12,8,7,same_entangling_gate_count,1,1,RX,0,39,layer_001_wire_001_RX,3,0.0019138599154942745,5.894318231366359e-06,0.0019138599154942745,0.0
random_bp,expectation_value,bcw_12q_random_bp,hea,RX_RY_RZ_CNOT,none,circular,cnot,hamiltonian_local,12,8,7,same_entangling_gate_count,1,1,RY,1,40,layer_001_wire_001_RY,3,5.191113621687564e-05,1.3735734067014539e-05,0.002651510324293,0.0
random_bp,expectation_value,bcw_12q_random_bp,hea,RX_RY_RZ_CNOT,none,circular,cnot,hamiltonian_local,12,8,7,same_entangling_gate_count,1,1,RZ,2,41,layer_001_wire_001_RZ,3,-0.00443278479863568,5.265106988098e-06,0.00443278479863568,0.0
random_bp,expectation_value,bcw_12q_random_bp,hea,RX_RY_RZ_CNOT,none,circular,cnot,hamiltonian_local,12,8,7,same_entangling_gate_count,1,2,RX,0,42,layer_001_wire_002_RX,3,-0.0012423112710407687,3.1201238576649493e-06,0.0016661170385938529,0.0
random_bp,expectation_value,bcw_12q_random_bp,hea,RX_RY_RZ_CNOT,none,circular,cnot,hamiltonian_local,12,8,7,same_entangling_gate_count,1,2,RY,1,43,layer_001_wire_002_RY,3,0.0013604005750898018,3.109164541856517e-06,0.0017492491158983563,0.0
random_bp,expectation_value,bcw_12q_random_bp,hea,RX_RY_RZ_CNOT,none,circular,cnot,hamiltonian_local,12,8,7,same_entangling_gate_count,1,2,RZ,2,44,layer_001_wire_002_RZ,3,0.004289524036773669,2.6988750094825967e-05,0.005032238472177667,0.0
random_bp,expectation_value,bcw_12q_random_bp,hea,RX_RY_RZ_CNOT,none,circular,cnot,hamiltonian_local,12,8,7,same_entangling_gate_count,1,3,RX,0,45,layer_001_wire_003_RX,3,0.00010163385972236216,1.047794638628085e-05,0.0023220867177358054,0.0
random_bp,expectation_value,bcw_12q_random_bp,hea,RX_RY_RZ_CNOT,none,circular,cnot,hamiltonian_local,12,8,7,same_entangling_gate_count,1,3,RY,1,46,layer_001_wire_003_RY,3,-0.0026119705124916784,1.6759268097767138e-05,0.0028139918513017236,0.0
random_bp,expectation_value,bcw_12q_random_bp,hea,RX_RY_RZ_CNOT,none,circular,cnot,hamiltonian_local,12,8,7,same_entangling_gate_count,1,3,RZ,2,47,layer_001_wire_003_RZ,3,0.0023286012080567468,1.3678032382733083e-06,0.0023286012080567468,0.0
random_bp,expectation_value,bcw_12q_random_bp,hea,RX_RY_RZ_CNOT,none,circular,cnot,hamiltonian_local,12,8,7,same_entangling_gate_count,1,4,RX,0,48,layer_001_wire_004_RX,3,-0.0013251807212744252,8.872140703471946e-06,0.0018511156500865187,0.0
random_bp,expectation_value,bcw_12q_random_bp,hea,RX_RY_RZ_CNOT,none,circular,cnot,hamiltonian_local,12,8,7,same_entangling_gate_count,1,4,RY,1,49,layer_001_wire_004_RY,3,0.0012928268895935333,3.178077031023735e-05,0.004124932071142715,0.0
random_bp,expectation_value,bcw_12q_random_bp,hea,RX_RY_RZ_CNOT,none,circular,cnot,hamiltonian_local,12,8,7,same_entangling_gate_count,1,4,RZ,2,50,layer_001_wire_004_RZ,3,0.0009837437208384046,3.6388827694612337e-05,0.004453313691500201,0.0
random_bp,expectation_value,bcw_12q_random_bp,hea,RX_RY_RZ_CNOT,none,circular,cnot,hamiltonian_local,12,8,7,same_entangling_gate_count,1,5,RX,0,51,layer_001_wire_005_RX,3,-0.0019844129425973227,2.9268010622805443e-05,0.003497980730402724,0.0
random_bp,expectation_value,bcw_12q_random_bp,hea,RX_RY_RZ_CNOT,none,circular,cnot,hamiltonian_local,12,8,7,same_entangling_gate_count,1,5,RY,1,52,layer_001_wire_005_RY,3,-0.0046860486886844775,3.547269377270266e-05,0.005466903810066366,0.0
random_bp,expectation_value,bcw_12q_random_bp,hea,RX_RY_RZ_CNOT,none,circular,cnot,hamiltonian_local,12,8,7,same_entangling_gate_count,1,5,RZ,2,53,layer_001_wire_005_RZ,3,-7.405209285616369e-05,1.017113156868994e-05,0.0021677542193515634,0.0
random_bp,expectation_value,bcw_12q_random_bp,hea,RX_RY_RZ_CNOT,none,circular,cnot,hamiltonian_local,12,8,7,same_entangling_gate_count,1,6,RX,0,54,layer_001_wire_006_RX,3,-0.003516200119317977,7.214675705016493e-05,0.007230904082959151,0.0
random_bp,expectation_value,bcw_12q_random_bp,hea,RX_RY_RZ_CNOT,none,circular,cnot,hamiltonian_local,12,8,7,same_entangling_gate_count,1,6,RY,1,55,layer_001_wire_006_RY,3,-0.0015633975352816706,2.9224499926198717e-06,0.0015633975352816708,0.0
random_bp,expectation_value,bcw_12q_random_bp,hea,RX_RY_RZ_CNOT,none,circular,cnot,hamiltonian_local,12,8,7,same_entangling_gate_count,1,6,RZ,2,56,layer_001_wire_006_RZ,3,-0.000807997671794498,0.00011019993705772706,0.00809960006116277,0.0
random_bp,expectation_value,bcw_12q_random_bp,hea,RX_RY_RZ_CNOT,none,circular,cnot,hamiltonian_local,12,8,7,same_entangling_gate_count,1,7,RX,0,57,layer_001_wire_007_RX,3,0.0018826045064586796,8.985529667544369e-05,0.007786489624070307,0.0
random_bp,expectation_value,bcw_12q_random_bp,hea,RX_RY_RZ_CNOT,none,circular,cnot,hamiltonian_local,12,8,7,same_entangling_gate_count,1,7,RY,1,58,layer_001_wire_007_RY,3,-0.0003458620338262354,2.2995886960055524e-05,0.0034335051376802477,0.0
random_bp,expectation_value,bcw_12q_random_bp,hea,RX_RY_RZ_CNOT,none,circular,cnot,hamiltonian_local,12,8,7,same_entangling_gate_count,1,7,RZ,2,59,layer_001_wire_007_RZ,3,0.003328332294889427,1.0540277906612762e-05,0.003580754814862509,0.0
random_bp,expectation_value,bcw_12q_random_bp,hea,RX_RY_RZ_CNOT,none,circular,cnot,hamiltonian_local,12,8,7,same_entangling_gate_count,1,8,RX,0,60,layer_001_wire_008_RX,3,0.0003412776190530025,3.1582466353368e-05,0.004341708792543923,0.0
random_bp,expectation_value,bcw_12q_random_bp,hea,RX_RY_RZ_CNOT,none,circular,cnot,hamiltonian_local,12,8,7,same_entangling_gate_count,1,8,RY,1,61,layer_001_wire_008_RY,3,0.0032319993530316973,9.095910247908267e-05,0.006251292731741686,0.0
random_bp,expectation_value,bcw_12q_random_bp,hea,RX_RY_RZ_CNOT,none,circular,cnot,hamiltonian_local,12,8,7,same_entangling_gate_count,1,8,RZ,2,62,layer_001_wire_008_RZ,3,-0.0009870840728484324,1.5995232159806853e-05,0.0026893707457565606,0.0
random_bp,expectation_value,bcw_12q_random_bp,hea,RX_RY_RZ_CNOT,none,circular,cnot,hamiltonian_local,12,8,7,same_entangling_gate_count,1,9,RX,0,63,layer_001_wire_009_RX,3,-0.004424065427892812,2.9558890333228577e-05,0.0049316127442993124,0.0
random_bp,expectation_value,bcw_12q_random_bp,hea,RX_RY_RZ_CNOT,none,circular,cnot,hamiltonian_local,12,8,7,same_entangling_gate_count,1,9,RY,1,64,layer_001_wire_009_RY,3,-0.0008890246438685177,2.2245192935157178e-05,0.003924056952205078,0.0
random_bp,expectation_value,bcw_12q_random_bp,hea,RX_RY_RZ_CNOT,none,circular,cnot,hamiltonian_local,12,8,7,same_entangling_gate_count,1,9,RZ,2,65,layer_001_wire_009_RZ,3,0.0024224638885210806,1.8909031660354867e-06,0.0024224638885210806,0.0
random_bp,expectation_value,bcw_12q_random_bp,hea,RX_RY_RZ_CNOT,none,circular,cnot,hamiltonian_local,12,8,7,same_entangling_gate_count,1,10,RX,0,66,layer_001_wire_010_RX,3,-0.0005958502930736458,3.6972577382800816e-06,0.0012597315513734034,0.0
random_bp,expectation_value,bcw_12q_random_bp,hea,RX_RY_RZ_CNOT,none,circular,cnot,hamiltonian_local,12,8,7,same_entangling_gate_count,1,10,RY,1,67,layer_001_wire_010_RY,3,4.343457355367614e-05,2.1548092501589285e-05,0.0032887885246615854,0.0
random_bp,expectation_value,bcw_12q_random_bp,hea,RX_RY_RZ_CNOT,none,circular,cnot,hamiltonian_local,12,8,7,same_entangling_gate_count,1,10,RZ,2,68,layer_001_wire_010_RZ,3,-0.007461976727374239,3.5497441372812006e-05,0.007461976727374239,0.0
random_bp,expectation_value,bcw_12q_random_bp,hea,RX_RY_RZ_CNOT,none,circular,cnot,hamiltonian_local,12,8,7,same_entangling_gate_count,1,11,RX,0,69,layer_001_wire_011_RX,3,0.002503294185283029,5.763502838164592e-05,0.004897750840509112,0.0
random_bp,expectation_value,bcw_12q_random_bp,hea,RX_RY_RZ_CNOT,none,circular,cnot,hamiltonian_local,12,8,7,same_entangling_gate_count,1,11,RY,1,70,layer_001_wire_011_RY,3,-0.0006177856519067092,0.0001025618933441628,0.007586761045746629,0.0
random_bp,expectation_value,bcw_12q_random_bp,hea,RX_RY_RZ_CNOT,none,circular,cnot,hamiltonian_local,12,8,7,same_entangling_gate_count,1,11,RZ,2,71,layer_001_wire_011_RZ,3,-0.0018565139226082907,3.2853583251457704e-06,0.0018565139226082907,0.0
random_bp,expectation_value,bcw_12q_random_bp,hea,RX_RY_RZ_CNOT,none,circular,cnot,hamiltonian_local,12,8,7,same_entangling_gate_count,2,0,RX,0,72,layer_002_wire_000_RX,3,-0.0012113970914877474,1.8033135158070165e-07,0.0012113970914877474,0.0
random_bp,expectation_value,bcw_12q_random_bp,hea,RX_RY_RZ_CNOT,none,circular,cnot,hamiltonian_local,12,8,7,same_entangling_gate_count,2,0,RY,1,73,layer_002_wire_000_RY,3,-0.005198034478669373,4.054198800817919e-05,0.005838002728667469,0.0
random_bp,expectation_value,bcw_12q_random_bp,hea,RX_RY_RZ_CNOT,none,circular,cnot,hamiltonian_local,12,8,7,same_entangling_gate_count,2,0,RZ,2,74,layer_002_wire_000_RZ,3,0.002837326336252028,4.275199065528255e-06,0.0028373263362520286,0.0
random_bp,expectation_value,bcw_12q_random_bp,hea,RX_RY_RZ_CNOT,none,circular,cnot,hamiltonian_local,12,8,7,same_entangling_gate_count,2,1,RX,0,75,layer_002_wire_001_RX,3,-0.0012412404217925213,2.438645497884378e-05,0.0032318395563742165,0.0
random_bp,expectation_value,bcw_12q_random_bp,hea,RX_RY_RZ_CNOT,none,circular,cnot,hamiltonian_local,12,8,7,same_entangling_gate_count,2,1,RY,1,76,layer_002_wire_001_RY,3,0.0021664430575746452,3.1960837807329865e-06,0.0021664430575746452,0.0
random_bp,expectation_value,bcw_12q_random_bp,hea,RX_RY_RZ_CNOT,none,circular,cnot,hamiltonian_local,12,8,7,same_entangling_gate_count,2,1,RZ,2,77,layer_002_wire_001_RZ,3,0.0014611818837420056,6.990581327353645e-05,0.005600307750846766,0.0
random_bp,expectation_value,bcw_12q_random_bp,hea,RX_RY_RZ_CNOT,none,circular,cnot,hamiltonian_local,12,8,7,same_entangling_gate_count,2,2,RX,0,78,layer_002_wire_002_RX,3,0.00037620427200493745,1.1481108612656213e-05,0.002329665019976259,0.0
random_bp,expectation_value,bcw_12q_random_bp,hea,RX_RY_RZ_CNOT,none,circular,cnot,hamiltonian_local,12,8,7,same_entangling_gate_count,2,2,RY,1,79,layer_002_wire_002_RY,3,0.0020581094312435238,2.44030617073993e-07,0.0020581094312435238,0.0
random_bp,expectation_value,bcw_12q_random_bp,hea,RX_RY_RZ_CNOT,none,circular,cnot,hamiltonian_local,12,8,7,same_entangling_gate_count,2,2,RZ,2,80,layer_002_wire_002_RZ,3,0.000360288142862208,4.149122139238597e-06,0.0015091290321073017,0.0
random_bp,expectation_value,bcw_12q_random_bp,hea,RX_RY_RZ_CNOT,none,circular,cnot,hamiltonian_local,12,8,7,same_entangling_gate_count,2,3,RX,0,81,layer_002_wire_003_RX,3,0.0015544801209512941,2.658874634057653e-05,0.0033514586479586965,0.0
random_bp,expectation_value,bcw_12q_random_bp,hea,RX_RY_RZ_CNOT,none,circular,cnot,hamiltonian_local,12,8,7,same_entangling_gate_count,2,3,RY,1,82,layer_002_wire_003_RY,3,-0.0012166510748126231,1.90946014514656e-06,0.0014347863216225035,0.0
random_bp,expectation_value,bcw_12q_random_bp,hea,RX_RY_RZ_CNOT,none,circular,cnot,hamiltonian_local,12,8,7,same_entangling_gate_count,2,3,RZ,2,83,layer_002_wire_003_RZ,3,-0.0018182795353088262,8.304418544751614e-06,0.0020604938469810097,0.0
random_bp,expectation_value,bcw_12q_random_bp,hea,RX_RY_RZ_CNOT,none,circular,cnot,hamiltonian_local,12,8,7,same_entangling_gate_count,2,4,RX,0,84,layer_002_wire_004_RX,3,-0.0031134164706541996,4.133497187176771e-06,0.003113416470654199,0.0
random_bp,expectation_value,bcw_12q_random_bp,hea,RX_RY_RZ_CNOT,none,circular,cnot,hamiltonian_local,12,8,7,same_entangling_gate_count,2,4,RY,1,85,layer_002_wire_004_RY,3,-0.0020998081997706257,1.9645163829225276e-06,0.0020998081997706257,0.0
random_bp,expectation_value,bcw_12q_random_bp,hea,RX_RY_RZ_CNOT,none,circular,cnot,hamiltonian_local,12,8,7,same_entangling_gate_count,2,4,RZ,2,86,layer_002_wire_004_RZ,3,0.0010273233467605603,1.3659452515864863e-05,0.002714958776845069,0.0
random_bp,expectation_value,bcw_12q_random_bp,hea,RX_RY_RZ_CNOT,none,circular,cnot,hamiltonian_local,12,8,7,same_entangling_gate_count,2,5,RX,0,87,layer_002_wire_005_RX,3,-0.0013589604782537127,3.068184394214055e-05,0.0037971289914111397,0.0
random_bp,expectation_value,bcw_12q_random_bp,hea,RX_RY_RZ_CNOT,none,circular,cnot,hamiltonian_local,12,8,7,same_entangling_gate_count,2,5,RY,1,88,layer_002_wire_005_RY,3,0.00027121062135938216,1.2232344457043058e-05,0.0027359271505087296,0.0
random_bp,expectation_value,bcw_12q_random_bp,hea,RX_RY_RZ_CNOT,none,circular,cnot,hamiltonian_local,12,8,7,same_entangling_gate_count,2,5,RZ,2,89,layer_002_wire_005_RZ,3,0.0017975889494446738,3.5551839838496204e-05,0.005144386529497822,0.0
random_bp,expectation_value,bcw_12q_random_bp,hea,RX_RY_RZ_CNOT,none,circular,cnot,hamiltonian_local,12,8,7,same_entangling_gate_count,2,6,RX,0,90,layer_002_wire_006_RX,3,-0.0002710027734844141,2.716308636987512e-05,0.004090730130269748,0.0
random_bp,expectation_value,bcw_12q_random_bp,hea,RX_RY_RZ_CNOT,none,circular,cnot,hamiltonian_local,12,8,7,same_entangling_gate_count,2,6,RY,1,91,layer_002_wire_006_RY,3,-0.0016375291579449913,6.0044152107759e-05,0.006498245016949265,0.0
random_bp,expectation_value,bcw_12q_random_bp,hea,RX_RY_RZ_CNOT,none,circular,cnot,hamiltonian_local,12,8,7,same_entangling_gate_count,2,6,RZ,2,92,layer_002_wire_006_RZ,3,0.0005054331798953439,2.958077032892902e-05,0.0036604523568945307,0.0
random_bp,expectation_value,bcw_12q_random_bp,hea,RX_RY_RZ_CNOT,none,circular,cnot,hamiltonian_local,12,8,7,same_entangling_gate_count,2,7,RX,0,93,layer_002_wire_007_RX,3,-0.0038630200053591988,4.7588610375699324e-05,0.006296257481853205,0.0
random_bp,expectation_value,bcw_12q_random_bp,hea,RX_RY_RZ_CNOT,none,circular,cnot,hamiltonian_local,12,8,7,same_entangling_gate_count,2,7,RY,1,94,layer_002_wire_007_RY,3,0.011457499850976136,0.00011829057372232653,0.011457499850976138,0.0
random_bp,expectation_value,bcw_12q_random_bp,hea,RX_RY_RZ_CNOT,none,circular,cnot,hamiltonian_local,12,8,7,same_entangling_gate_count,2,7,RZ,2,95,layer_002_wire_007_RZ,3,-0.0027468034790037194,3.102430879547984e-05,0.005191498903224395,0.0
random_bp,expectation_value,bcw_12q_random_bp,hea,RX_RY_RZ_CNOT,none,circular,cnot,hamiltonian_local,12,8,7,same_entangling_gate_count,2,8,RX,0,96,layer_002_wire_008_RX,3,0.002956840943512967,3.265436034712784e-05,0.003408283536866586,0.0
random_bp,expectation_value,bcw_12q_random_bp,hea,RX_RY_RZ_CNOT,none,circular,cnot,hamiltonian_local,12,8,7,same_entangling_gate_count,2,8,RY,1,97,layer_002_wire_008_RY,3,0.003700246390812308,5.3846779060820005e-05,0.005029649023123744,0.0
random_bp,expectation_value,bcw_12q_random_bp,hea,RX_RY_RZ_CNOT,none,circular,cnot,hamiltonian_local,12,8,7,same_entangling_gate_count,2,8,RZ,2,98,layer_002_wire_008_RZ,3,-0.0016876668977401108,4.142337230187913e-05,0.0043410541824877935,0.0
random_bp,expectation_value,bcw_12q_random_bp,hea,RX_RY_RZ_CNOT,none,circular,cnot,hamiltonian_local,12,8,7,same_entangling_gate_count,2,9,RX,0,99,layer_002_wire_009_RX,3,0.0012815383059295558,7.965205858486344e-06,0.0024543048062517863,0.0
random_bp,expectation_value,bcw_12q_random_bp,hea,RX_RY_RZ_CNOT,none,circular,cnot,hamiltonian_local,12,8,7,same_entangling_gate_count,2,9,RY,1,100,layer_002_wire_009_RY,3,-0.0008809058358925407,9.489081997389776e-06,0.0026649175657754817,0.0
random_bp,expectation_value,bcw_12q_random_bp,hea,RX_RY_RZ_CNOT,none,circular,cnot,hamiltonian_local,12,8,7,same_entangling_gate_count,2,9,RZ,2,101,layer_002_wire_009_RZ,3,0.0035794059830570667,5.288400858275411e-06,0.003579405983057066,0.0
random_bp,expectation_value,bcw_12q_random_bp,hea,RX_RY_RZ_CNOT,none,circular,cnot,hamiltonian_local,12,8,7,same_entangling_gate_count,2,10,RX,0,102,layer_002_wire_010_RX,3,0.0018656665481974121,6.695370064263996e-05,0.006147466997824178,0.0
random_bp,expectation_value,bcw_12q_random_bp,hea,RX_RY_RZ_CNOT,none,circular,cnot,hamiltonian_local,12,8,7,same_entangling_gate_count,2,10,RY,1,103,layer_002_wire_010_RY,3,0.007673947048259968,1.7879155547722397e-05,0.007673947048259967,0.0
random_bp,expectation_value,bcw_12q_random_bp,hea,RX_RY_RZ_CNOT,none,circular,cnot,hamiltonian_local,12,8,7,same_entangling_gate_count,2,10,RZ,2,104,layer_002_wire_010_RZ,3,-0.004556959798860033,1.7536678014818104e-05,0.004556959798860034,0.0
random_bp,expectation_value,bcw_12q_random_bp,hea,RX_RY_RZ_CNOT,none,circular,cnot,hamiltonian_local,12,8,7,same_entangling_gate_count,2,11,RX,0,105,layer_002_wire_011_RX,3,-0.00140646440768083,1.5188468265640809e-05,0.002523966749672197,0.0
random_bp,expectation_value,bcw_12q_random_bp,hea,RX_RY_RZ_CNOT,none,circular,cnot,hamiltonian_local,12,8,7,same_entangling_gate_count,2,11,RY,1,106,layer_002_wire_011_RY,3,-0.00022639536112175392,2.8889241069488547e-05,0.004050494368026951,0.0
random_bp,expectation_value,bcw_12q_random_bp,hea,RX_RY_RZ_CNOT,none,circular,cnot,hamiltonian_local,12,8,7,same_entangling_gate_count,2,11,RZ,2,107,layer_002_wire_011_RZ,3,0.00038202945126828043,3.1445812255820365e-05,0.0037848781057874758,0.0
random_bp,expectation_value,bcw_12q_random_bp,hea,RX_RY_RZ_CNOT,none,circular,cnot,hamiltonian_local,12,8,7,same_entangling_gate_count,3,0,RX,0,108,layer_003_wire_000_RX,3,-0.001512190957318113,1.9973273322371517e-05,0.002935008790059169,0.0
random_bp,expectation_value,bcw_12q_random_bp,hea,RX_RY_RZ_CNOT,none,circular,cnot,hamiltonian_local,12,8,7,same_entangling_gate_count,3,0,RY,1,109,layer_003_wire_000_RY,3,-0.002823463775336671,4.2374275658555255e-06,0.002823463775336671,0.0
random_bp,expectation_value,bcw_12q_random_bp,hea,RX_RY_RZ_CNOT,none,circular,cnot,hamiltonian_local,12,8,7,same_entangling_gate_count,3,0,RZ,2,110,layer_003_wire_000_RZ,3,0.002190383639383311,1.471972850903745e-05,0.0029955066503490717,0.0
random_bp,expectation_value,bcw_12q_random_bp,hea,RX_RY_RZ_CNOT,none,circular,cnot,hamiltonian_local,12,8,7,same_entangling_gate_count,3,1,RX,0,111,layer_003_wire_001_RX,3,-0.0007219477083744684,1.034689516228416e-05,0.0027144038116738694,0.0
random_bp,expectation_value,bcw_12q_random_bp,hea,RX_RY_RZ_CNOT,none,circular,cnot,hamiltonian_local,12,8,7,same_entangling_gate_count,3,1,RY,1,112,layer_003_wire_001_RY,3,0.002355461233586406,9.269652571648258e-05,0.006625335887233348,0.0
random_bp,expectation_value,bcw_12q_random_bp,hea,RX_RY_RZ_CNOT,none,circular,cnot,hamiltonian_local,12,8,7,same_entangling_gate_count,3,1,RZ,2,113,layer_003_wire_001_RZ,3,-0.0007745819258890285,1.188092859303969e-05,0.0029105783614372326,0.0
random_bp,expectation_value,bcw_12q_random_bp,hea,RX_RY_RZ_CNOT,none,circular,cnot,hamiltonian_local,12,8,7,same_entangling_gate_count,3,2,RX,0,114,layer_003_wire_002_RX,3,-0.004640739161200601,2.2952422945286676e-05,0.004640739161200602,0.0
random_bp,expectation_value,bcw_12q_random_bp,hea,RX_RY_RZ_CNOT,none,circular,cnot,hamiltonian_local,12,8,7,same_entangling_gate_count,3,2,RY,1,115,layer_003_wire_002_RY,3,0.0009383858402672832,4.78296067376203e-05,0.005204463513210317,0.0
random_bp,expectation_value,bcw_12q_random_bp,hea,RX_RY_RZ_CNOT,none,circular,cnot,hamiltonian_local,12,8,7,same_entangling_gate_count,3,2,RZ,2,116,layer_003_wire_002_RZ,3,0.0006018348607539732,5.817099857120312e-05,0.005245314955930255,0.0
random_bp,expectation_value,bcw_12q_random_bp,hea,RX_RY_RZ_CNOT,none,circular,cnot,hamiltonian_local,12,8,7,same_entangling_gate_count,3,3,RX,0,117,layer_003_wire_003_RX,3,-0.005510101386343866,4.1101014732712065e-05,0.006224843653264582,0.0
random_bp,expectation_value,bcw_12q_random_bp,hea,RX_RY_RZ_CNOT,none,circular,cnot,hamiltonian_local,12,8,7,same_entangling_gate_count,3,3,RY,1,118,layer_003_wire_003_RY,3,0.002448636685641805,5.897900968105253e-06,0.0024486366856418056,0.0
random_bp,expectation_value,bcw_12q_random_bp,hea,RX_RY_RZ_CNOT,none,circular,cnot,hamiltonian_local,12,8,7,same_entangling_gate_count,3,3,RZ,2,119,layer_003_wire_003_RZ,3,0.005944098265815049,3.0110635556523725e-05,0.005944098265815049,0.0
random_bp,expectation_value,bcw_12q_random_bp,hea,RX_RY_RZ_CNOT,none,circular,cnot,hamiltonian_local,12,8,7,same_entangling_gate_count,3,4,RX,0,120,layer_003_wire_004_RX,3,-0.0003989528429657208,9.166961482515331e-06,0.002347924950287299,0.0
random_bp,expectation_value,bcw_12q_random_bp,hea,RX_RY_RZ_CNOT,none,circular,cnot,hamiltonian_local,12,8,7,same_entangling_gate_count,3,4,RY,1,121,layer_003_wire_004_RY,3,-0.004634872825321825,5.49681060270419e-05,0.0051978344178775756,0.0
random_bp,expectation_value,bcw_12q_random_bp,hea,RX_RY_RZ_CNOT,none,circular,cnot,hamiltonian_local,12,8,7,same_entangling_gate_count,3,4,RZ,2,122,layer_003_wire_004_RZ,3,-0.0004827444879563082,5.825828644852525e-06,0.0019407639947184075,0.0
random_bp,expectation_value,bcw_12q_random_bp,hea,RX_RY_RZ_CNOT,none,circular,cnot,hamiltonian_local,12,8,7,same_entangling_gate_count,3,5,RX,0,123,layer_003_wire_005_RX,3,-0.003784143750611039,7.0198772841428314e-06,0.003784143750611039,0.0
random_bp,expectation_value,bcw_12q_random_bp,hea,RX_RY_RZ_CNOT,none,circular,cnot,hamiltonian_local,12,8,7,same_entangling_gate_count,3,5,RY,1,124,layer_003_wire_005_RY,3,0.004692791094958527,0.000152533123816831,0.009895159603335304,0.0
random_bp,expectation_value,bcw_12q_random_bp,hea,RX_RY_RZ_CNOT,none,circular,cnot,hamiltonian_local,12,8,7,same_entangling_gate_count,3,5,RZ,2,125,layer_003_wire_005_RZ,3,0.00591257734275738,0.00015218559168201414,0.00793788793832032,0.0
random_bp,expectation_value,bcw_12q_random_bp,hea,RX_RY_RZ_CNOT,none,circular,cnot,hamiltonian_local,12,8,7,same_entangling_gate_count,3,6,RX,0,126,layer_003_wire_006_RX,3,-0.0018589276227808987,5.6086110524066785e-05,0.005396099793775442,0.0
random_bp,expectation_value,bcw_12q_random_bp,hea,RX_RY_RZ_CNOT,none,circular,cnot,hamiltonian_local,12,8,7,same_entangling_gate_count,3,6,RY,1,127,layer_003_wire_006_RY,3,-0.0035562846934996924,4.89946663189375e-06,0.003556284693499692,0.0
random_bp,expectation_value,bcw_12q_random_bp,hea,RX_RY_RZ_CNOT,none,circular,cnot,hamiltonian_local,12,8,7,same_entangling_gate_count,3,6,RZ,2,128,layer_003_wire_006_RZ,3,-0.0018367272667195655,6.978635757049853e-05,0.005476637473029976,0.0
random_bp,expectation_value,bcw_12q_random_bp,hea,RX_RY_RZ_CNOT,none,circular,cnot,hamiltonian_local,12,8,7,same_entangling_gate_count,3,7,RX,0,129,layer_003_wire_007_RX,3,0.0015519447416150597,4.65909657564388e-06,0.0017602041512051988,0.0
random_bp,expectation_value,bcw_12q_random_bp,hea,RX_RY_RZ_CNOT,none,circular,cnot,hamiltonian_local,12,8,7,same_entangling_gate_count,3,7,RY,1,130,layer_003_wire_007_RY,3,0.003720002655081967,4.7301575938957414e-05,0.0044597950548727954,0.0
random_bp,expectation_value,bcw_12q_random_bp,hea,RX_RY_RZ_CNOT,none,circular,cnot,hamiltonian_local,12,8,7,same_entangling_gate_count,3,7,RZ,2,131,layer_003_wire_007_RZ,3,0.0010326280862544618,1.4988395414852082e-05,0.0028336278929996087,0.0
random_bp,expectation_value,bcw_12q_random_bp,hea,RX_RY_RZ_CNOT,none,circular,cnot,hamiltonian_local,12,8,7,same_entangling_gate_count,3,8,RX,0,132,layer_003_wire_008_RX,3,-0.0014076997518007819,5.997808744902166e-05,0.005661778960978918,0.0
random_bp,expectation_value,bcw_12q_random_bp,hea,RX_RY_RZ_CNOT,none,circular,cnot,hamiltonian_local,12,8,7,same_entangling_gate_count,3,8,RY,1,133,layer_003_wire_008_RY,3,-0.0006696724486753968,5.100325538251492e-06,0.0014804126915124265,0.0
random_bp,expectation_value,bcw_12q_random_bp,hea,RX_RY_RZ_CNOT,none,circular,cnot,hamiltonian_local,12,8,7,same_entangling_gate_count,3,8,RZ,2,134,layer_003_wire_008_RZ,3,0.004646207713778957,1.7848445949822696e-05,0.004646207713778956,0.0
random_bp,expectation_value,bcw_12q_random_bp,hea,RX_RY_RZ_CNOT,none,circular,cnot,hamiltonian_local,12,8,7,same_entangling_gate_count,3,9,RX,0,135,layer_003_wire_009_RX,3,-0.005721437227932126,6.727656635834317e-05,0.005721437227932125,0.0
random_bp,expectation_value,bcw_12q_random_bp,hea,RX_RY_RZ_CNOT,none,circular,cnot,hamiltonian_local,12,8,7,same_entangling_gate_count,3,9,RY,1,136,layer_003_wire_009_RY,3,-0.001557189094939269,8.828061214069986e-06,0.002797737283207207,0.0
random_bp,expectation_value,bcw_12q_random_bp,hea,RX_RY_RZ_CNOT,none,circular,cnot,hamiltonian_local,12,8,7,same_entangling_gate_count,3,9,RZ,2,137,layer_003_wire_009_RZ,3,0.006181319906100002,5.5666655930653074e-05,0.0061813199061000025,0.0
random_bp,expectation_value,bcw_12q_random_bp,hea,RX_RY_RZ_CNOT,none,circular,cnot,hamiltonian_local,12,8,7,same_entangling_gate_count,3,10,RX,0,138,layer_003_wire_010_RX,3,-0.0005210250239390856,7.290626625397947e-05,0.006297681327904425,0.0
random_bp,expectation_value,bcw_12q_random_bp,hea,RX_RY_RZ_CNOT,none,circular,cnot,hamiltonian_local,12,8,7,same_entangling_gate_count,3,10,RY,1,139,layer_003_wire_010_RY,3,-0.002944786643590233,8.873579387253602e-06,0.002944786643590233,0.0
random_bp,expectation_value,bcw_12q_random_bp,hea,RX_RY_RZ_CNOT,none,circular,cnot,hamiltonian_local,12,8,7,same_entangling_gate_count,3,10,RZ,2,140,layer_003_wire_010_RZ,3,0.0038438426674183546,8.413631035142205e-05,0.008320768485349002,0.0
random_bp,expectation_value,bcw_12q_random_bp,hea,RX_RY_RZ_CNOT,none,circular,cnot,hamiltonian_local,12,8,7,same_entangling_gate_count,3,11,RX,0,141,layer_003_wire_011_RX,3,-0.0007549205170376961,4.328866629008197e-05,0.004699240093378149,0.0
random_bp,expectation_value,bcw_12q_random_bp,hea,RX_RY_RZ_CNOT,none,circular,cnot,hamiltonian_local,12,8,7,same_entangling_gate_count,3,11,RY,1,142,layer_003_wire_011_RY,3,0.0012654659133903758,2.582142771316716e-05,0.0036751274448016693,0.0
random_bp,expectation_value,bcw_12q_random_bp,hea,RX_RY_RZ_CNOT,none,circular,cnot,hamiltonian_local,12,8,7,same_entangling_gate_count,3,11,RZ,2,143,layer_003_wire_011_RZ,3,0.001524288062216539,1.9497861381084265e-05,0.003857780303961229,0.0
random_bp,expectation_value,bcw_12q_random_bp,hea,RX_RY_RZ_CNOT,none,circular,cnot,hamiltonian_local,12,8,7,same_entangling_gate_count,4,0,RX,0,144,layer_004_wire_000_RX,3,-0.0012793686146977102,1.5805239638001464e-05,0.0033850533207999112,0.0
random_bp,expectation_value,bcw_12q_random_bp,hea,RX_RY_RZ_CNOT,none,circular,cnot,hamiltonian_local,12,8,7,same_entangling_gate_count,4,0,RY,1,145,layer_004_wire_000_RY,3,-0.0006020321373459599,1.9444013940051244e-05,0.0031135685935644573,0.0
random_bp,expectation_value,bcw_12q_random_bp,hea,RX_RY_RZ_CNOT,none,circular,cnot,hamiltonian_local,12,8,7,same_entangling_gate_count,4,0,RZ,2,146,layer_004_wire_000_RZ,3,0.0029691484771611756,7.163604444584917e-08,0.002969148477161175,0.0
random_bp,expectation_value,bcw_12q_random_bp,hea,RX_RY_RZ_CNOT,none,circular,cnot,hamiltonian_local,12,8,7,same_entangling_gate_count,4,1,RX,0,147,layer_004_wire_001_RX,3,0.00029699527846337105,1.7033100828982761e-06,0.000904758353891227,0.0
random_bp,expectation_value,bcw_12q_random_bp,hea,RX_RY_RZ_CNOT,none,circular,cnot,hamiltonian_local,12,8,7,same_entangling_gate_count,4,1,RY,1,148,layer_004_wire_001_RY,3,-0.0012063113834819752,4.25937724472587e-06,0.0019350285901622744,0.0
random_bp,expectation_value,bcw_12q_random_bp,hea,RX_RY_RZ_CNOT,none,circular,cnot,hamiltonian_local,12,8,7,same_entangling_gate_count,4,1,RZ,2,149,layer_004_wire_001_RZ,3,0.002502398426885702,1.0951042723371477e-05,0.0029089270786412757,0.0
random_bp,expectation_value,bcw_12q_random_bp,hea,RX_RY_RZ_CNOT,none,circular,cnot,hamiltonian_local,12,8,7,same_entangling_gate_count,4,2,RX,0,150,layer_004_wire_002_RX,3,-0.0048626020512377984,2.7960230794874795e-05,0.0048626020512377984,0.0
random_bp,expectation_value,bcw_12q_random_bp,hea,RX_RY_RZ_CNOT,none,circular,cnot,hamiltonian_local,12,8,7,same_entangling_gate_count,4,2,RY,1,151,layer_004_wire_002_RY,3,-0.0015597254882520953,2.748204051904111e-06,0.0015597254882520953,0.0
random_bp,expectation_value,bcw_12q_random_bp,hea,RX_RY_RZ_CNOT,none,circular,cnot,hamiltonian_local,12,8,7,same_entangling_gate_count,4,2,RZ,2,152,layer_004_wire_002_RZ,3,-0.004506802922090956,8.191079606017648e-06,0.004506802922090956,0.0
random_bp,expectation_value,bcw_12q_random_bp,hea,RX_RY_RZ_CNOT,none,circular,cnot,hamiltonian_local,12,8,7,same_entangling_gate_count,4,3,RX,0,153,layer_004_wire_003_RX,3,-0.0012852884217308866,1.2755797336986816e-05,0.0031348925863427975,0.0
random_bp,expectation_value,bcw_12q_random_bp,hea,RX_RY_RZ_CNOT,none,circular,cnot,hamiltonian_local,12,8,7,same_entangling_gate_count,4,3,RY,1,154,layer_004_wire_003_RY,3,0.00111594302005849,4.306347316171403e-06,0.001960509950445669,0.0
random_bp,expectation_value,bcw_12q_random_bp,hea,RX_RY_RZ_CNOT,none,circular,cnot,hamiltonian_local,12,8,7,same_entangling_gate_count,4,3,RZ,2,155,layer_004_wire_003_RZ,3,-0.004213988629461825,4.3383019603421736e-07,0.004213988629461825,0.0
random_bp,expectation_value,bcw_12q_random_bp,hea,RX_RY_RZ_CNOT,none,circular,cnot,hamiltonian_local,12,8,7,same_entangling_gate_count,4,4,RX,0,156,layer_004_wire_004_RX,3,-0.006236586172782099,1.576578996487211e-05,0.006236586172782099,0.0
random_bp,expectation_value,bcw_12q_random_bp,hea,RX_RY_RZ_CNOT,none,circular,cnot,hamiltonian_local,12,8,7,same_entangling_gate_count,4,4,RY,1,157,layer_004_wire_004_RY,3,-0.006137894088665913,9.678439474297432e-06,0.006137894088665913,0.0
random_bp,expectation_value,bcw_12q_random_bp,hea,RX_RY_RZ_CNOT,none,circular,cnot,hamiltonian_local,12,8,7,same_entangling_gate_count,4,4,RZ,2,158,layer_004_wire_004_RZ,3,-0.00952383199167899,0.00012661987265263013,0.00952383199167899,0.0
random_bp,expectation_value,bcw_12q_random_bp,hea,RX_RY_RZ_CNOT,none,circular,cnot,hamiltonian_local,12,8,7,same_entangling_gate_count,4,5,RX,0,159,layer_004_wire_005_RX,3,0.005459881276222048,4.0325089667783836e-05,0.0066983663396561815,0.0
random_bp,expectation_value,bcw_12q_random_bp,hea,RX_RY_RZ_CNOT,none,circular,cnot,hamiltonian_local,12,8,7,same_entangling_gate_count,4,5,RY,1,160,layer_004_wire_005_RY,3,-5.583959563771213e-05,5.611203990421638e-05,0.005303319502688503,0.0
random_bp,expectation_value,bcw_12q_random_bp,hea,RX_RY_RZ_CNOT,none,circular,cnot,hamiltonian_local,12,8,7,same_entangling_gate_count,4,5,RZ,2,161,layer_004_wire_005_RZ,3,-0.00029631915721813453,3.394847075061847e-05,0.004278123673711323,0.0
random_bp,expectation_value,bcw_12q_random_bp,hea,RX_RY_RZ_CNOT,none,circular,cnot,hamiltonian_local,12,8,7,same_entangling_gate_count,4,6,RX,0,162,layer_004_wire_006_RX,3,0.0016267309612554937,2.105063974484191e-05,0.003550867461320023,0.0
random_bp,expectation_value,bcw_12q_random_bp,hea,RX_RY_RZ_CNOT,none,circular,cnot,hamiltonian_local,12,8,7,same_entangling_gate_count,4,6,RY,1,163,layer_004_wire_006_RY,3,0.001312072609293999,2.8156979620464665e-05,0.003786973026558463,0.0
random_bp,expectation_value,bcw_12q_random_bp,hea,RX_RY_RZ_CNOT,none,circular,cnot,hamiltonian_local,12,8,7,same_entangling_gate_count,4,6,RZ,2,164,layer_004_wire_006_RZ,3,-0.001055739223683185,2.652326561764915e-05,0.003431750611500061,0.0
random_bp,expectation_value,bcw_12q_random_bp,hea,RX_RY_RZ_CNOT,none,circular,cnot,hamiltonian_local,12,8,7,same_entangling_gate_count,4,7,RX,0,165,layer_004_wire_007_RX,3,-5.031522118502472e-05,2.8462355670458752e-05,0.0036074581978671745,0.0
random_bp,expectation_value,bcw_12q_random_bp,hea,RX_RY_RZ_CNOT,none,circular,cnot,hamiltonian_local,12,8,7,same_entangling_gate_count,4,7,RY,1,166,layer_004_wire_007_RY,3,-0.0019432774922678428,2.6707468717173314e-05,0.003287149282576382,0.0
random_bp,expectation_value,bcw_12q_random_bp,hea,RX_RY_RZ_CNOT,none,circular,cnot,hamiltonian_local,12,8,7,same_entangling_gate_count,4,7,RZ,2,167,layer_004_wire_007_RZ,3,-0.0053619844210110075,6.216508025035901e-07,0.0053619844210110075,0.0
random_bp,expectation_value,bcw_12q_random_bp,hea,RX_RY_RZ_CNOT,none,circular,cnot,hamiltonian_local,12,8,7,same_entangling_gate_count,4,8,RX,0,168,layer_004_wire_008_RX,3,0.0010926820696526033,0.00013896936875953313,0.008600203433862391,0.0
random_bp,expectation_value,bcw_12q_random_bp,hea,RX_RY_RZ_CNOT,none,circular,cnot,hamiltonian_local,12,8,7,same_entangling_gate_count,4,8,RY,1,169,layer_004_wire_008_RY,3,-0.00404851291386878,7.401927958189028e-05,0.005272325251927811,0.0
random_bp,expectation_value,bcw_12q_random_bp,hea,RX_RY_RZ_CNOT,none,circular,cnot,hamiltonian_local,12,8,7,same_entangling_gate_count,4,8,RZ,2,170,layer_004_wire_008_RZ,3,0.005519580937768073,8.648995893591538e-05,0.008939738585211191,0.0
random_bp,expectation_value,bcw_12q_random_bp,hea,RX_RY_RZ_CNOT,none,circular,cnot,hamiltonian_local,12,8,7,same_entangling_gate_count,4,9,RX,0,171,layer_004_wire_009_RX,3,0.004471925367782991,3.0282225994055723e-05,0.004471925367782991,0.0
random_bp,expectation_value,bcw_12q_random_bp,hea,RX_RY_RZ_CNOT,none,circular,cnot,hamiltonian_local,12,8,7,same_entangling_gate_count,4,9,RY,1,172,layer_004_wire_009_RY,3,-0.001667621858932601,2.969417677887442e-06,0.0017303109658588637,0.0
random_bp,expectation_value,bcw_12q_random_bp,hea,RX_RY_RZ_CNOT,none,circular,cnot,hamiltonian_local,12,8,7,same_entangling_gate_count,4,9,RZ,2,173,layer_004_wire_009_RZ,3,-0.003952361191953797,7.726316273536515e-05,0.005714220848688675,0.0
random_bp,expectation_value,bcw_12q_random_bp,hea,RX_RY_RZ_CNOT,none,circular,cnot,hamiltonian_local,12,8,7,same_entangling_gate_count,4,10,RX,0,174,layer_004_wire_010_RX,3,-0.0014131404397872728,4.859869506669357e-06,0.0017269715274682417,0.0
random_bp,expectation_value,bcw_12q_random_bp,hea,RX_RY_RZ_CNOT,none,circular,cnot,hamiltonian_local,12,8,7,same_entangling_gate_count,4,10,RY,1,175,layer_004_wire_010_RY,3,0.0009382321886063888,3.234221086706972e-06,0.0016611541716469367,0.0
random_bp,expectation_value,bcw_12q_random_bp,hea,RX_RY_RZ_CNOT,none,circular,cnot,hamiltonian_local,12,8,7,same_entangling_gate_count,4,10,RZ,2,176,layer_004_wire_010_RZ,3,0.0018833718080779748,2.9878118326417276e-06,0.001883371808077975,0.0
random_bp,expectation_value,bcw_12q_random_bp,hea,RX_RY_RZ_CNOT,none,circular,cnot,hamiltonian_local,12,8,7,same_entangling_gate_count,4,11,RX,0,177,layer_004_wire_011_RX,3,4.441369793289154e-06,1.3713967781218298e-05,0.002486314959300643,0.0
random_bp,expectation_value,bcw_12q_random_bp,hea,RX_RY_RZ_CNOT,none,circular,cnot,hamiltonian_local,12,8,7,same_entangling_gate_count,4,11,RY,1,178,layer_004_wire_011_RY,3,-0.0005469213058595818,1.7765192822532376e-05,0.003092052433602137,0.0
random_bp,expectation_value,bcw_12q_random_bp,hea,RX_RY_RZ_CNOT,none,circular,cnot,hamiltonian_local,12,8,7,same_entangling_gate_count,4,11,RZ,2,179,layer_004_wire_011_RZ,3,0.0012192635251168605,5.150667310549407e-06,0.0017040453954643559,0.0
random_bp,expectation_value,bcw_12q_random_bp,hea,RX_RY_RZ_CNOT,none,circular,cnot,hamiltonian_local,12,8,7,same_entangling_gate_count,5,0,RX,0,180,layer_005_wire_000_RX,3,0.0009619206203956466,4.371842313387981e-06,0.0019207513831192298,0.0
random_bp,expectation_value,bcw_12q_random_bp,hea,RX_RY_RZ_CNOT,none,circular,cnot,hamiltonian_local,12,8,7,same_entangling_gate_count,5,0,RY,1,181,layer_005_wire_000_RY,3,-0.0021005524706083577,1.4714014739694459e-05,0.002495280334655011,0.0
random_bp,expectation_value,bcw_12q_random_bp,hea,RX_RY_RZ_CNOT,none,circular,cnot,hamiltonian_local,12,8,7,same_entangling_gate_count,5,0,RZ,2,182,layer_005_wire_000_RZ,3,-0.00251039087078512,9.785102253099967e-07,0.00251039087078512,0.0
random_bp,expectation_value,bcw_12q_random_bp,hea,RX_RY_RZ_CNOT,none,circular,cnot,hamiltonian_local,12,8,7,same_entangling_gate_count,5,1,RX,0,183,layer_005_wire_001_RX,3,0.0006387422385673314,1.2932932406652571e-05,0.0024766961103359973,0.0
random_bp,expectation_value,bcw_12q_random_bp,hea,RX_RY_RZ_CNOT,none,circular,cnot,hamiltonian_local,12,8,7,same_entangling_gate_count,5,1,RY,1,184,layer_005_wire_001_RY,3,-0.003343854618181821,1.7251343099357825e-05,0.004304505860784785,0.0
random_bp,expectation_value,bcw_12q_random_bp,hea,RX_RY_RZ_CNOT,none,circular,cnot,hamiltonian_local,12,8,7,same_entangling_gate_count,5,1,RZ,2,185,layer_005_wire_001_RZ,3,0.0005144518446699383,1.0624302434734181e-05,0.002612419975812326,0.0
random_bp,expectation_value,bcw_12q_random_bp,hea,RX_RY_RZ_CNOT,none,circular,cnot,hamiltonian_local,12,8,7,same_entangling_gate_count,5,2,RX,0,186,layer_005_wire_002_RX,3,-0.0017854653118622265,6.406581503794434e-05,0.005480906218172106,0.0
random_bp,expectation_value,bcw_12q_random_bp,hea,RX_RY_RZ_CNOT,none,circular,cnot,hamiltonian_local,12,8,7,same_entangling_gate_count,5,2,RY,1,187,layer_005_wire_002_RY,3,0.004892825294215253,1.84735880971215e-05,0.004892825294215253,0.0
random_bp,expectation_value,bcw_12q_random_bp,hea,RX_RY_RZ_CNOT,none,circular,cnot,hamiltonian_local,12,8,7,same_entangling_gate_count,5,2,RZ,2,188,layer_005_wire_002_RZ,3,0.002690448930989406,1.538378338839428e-05,0.002826602808046304,0.0
random_bp,expectation_value,bcw_12q_random_bp,hea,RX_RY_RZ_CNOT,none,circular,cnot,hamiltonian_local,12,8,7,same_entangling_gate_count,5,3,RX,0,189,layer_005_wire_003_RX,3,0.0012708190338636314,1.2792322097862721e-06,0.0012708190338636312,0.0
random_bp,expectation_value,bcw_12q_random_bp,hea,RX_RY_RZ_CNOT,none,circular,cnot,hamiltonian_local,12,8,7,same_entangling_gate_count,5,3,RY,1,190,layer_005_wire_003_RY,3,-0.005504257138830526,6.928601372396801e-06,0.005504257138830526,0.0
random_bp,expectation_value,bcw_12q_random_bp,hea,RX_RY_RZ_CNOT,none,circular,cnot,hamiltonian_local,12,8,7,same_entangling_gate_count,5,3,RZ,2,191,layer_005_wire_003_RZ,3,-3.796004804056832e-05,2.0419109502922675e-07,0.0003459032971799411,0.0
random_bp,expectation_value,bcw_12q_random_bp,hea,RX_RY_RZ_CNOT,none,circular,cnot,hamiltonian_local,12,8,7,same_entangling_gate_count,5,4,RX,0,192,layer_005_wire_004_RX,3,-0.0040625248631990405,4.258791138936998e-05,0.004452143198581546,0.0
random_bp,expectation_value,bcw_12q_random_bp,hea,RX_RY_RZ_CNOT,none,circular,cnot,hamiltonian_local,12,8,7,same_entangling_gate_count,5,4,RY,1,193,layer_005_wire_004_RY,3,2.5498320318349853e-05,2.8618136164217643e-05,0.004076047159424158,0.0
random_bp,expectation_value,bcw_12q_random_bp,hea,RX_RY_RZ_CNOT,none,circular,cnot,hamiltonian_local,12,8,7,same_entangling_gate_count,5,4,RZ,2,194,layer_005_wire_004_RZ,3,0.0007306245481090935,9.792297314283433e-05,0.006967085787131768,0.0
random_bp,expectation_value,bcw_12q_random_bp,hea,RX_RY_RZ_CNOT,none,circular,cnot,hamiltonian_local,12,8,7,same_entangling_gate_count,5,5,RX,0,195,layer_005_wire_005_RX,3,-0.004259839899238587,3.131696586372535e-05,0.00539589710286856,0.0
random_bp,expectation_value,bcw_12q_random_bp,hea,RX_RY_RZ_CNOT,none,circular,cnot,hamiltonian_local,12,8,7,same_entangling_gate_count,5,5,RY,1,196,layer_005_wire_005_RY,3,-0.0038386111889780385,0.00013420732740450852,0.00759837859315814,0.0
random_bp,expectation_value,bcw_12q_random_bp,hea,RX_RY_RZ_CNOT,none,circular,cnot,hamiltonian_local,12,8,7,same_entangling_gate_count,5,5,RZ,2,197,layer_005_wire_005_RZ,3,-0.002891114795810707,1.0760609488295932e-05,0.0034882921983283564,0.0
random_bp,expectation_value,bcw_12q_random_bp,hea,RX_RY_RZ_CNOT,none,circular,cnot,hamiltonian_local,12,8,7,same_entangling_gate_count,5,6,RX,0,198,layer_005_wire_006_RX,3,0.005474601981323827,3.6223832585870726e-05,0.005474601981323828,0.0
random_bp,expectation_value,bcw_12q_random_bp,hea,RX_RY_RZ_CNOT,none,circular,cnot,hamiltonian_local,12,8,7,same_entangling_gate_count,5,6,RY,1,199,layer_005_wire_006_RY,3,-0.0032950733347844497,2.5576815634983714e-05,0.0043931053102689265,0.0
random_bp,expectation_value,bcw_12q_random_bp,hea,RX_RY_RZ_CNOT,none,circular,cnot,hamiltonian_local,12,8,7,same_entangling_gate_count,5,6,RZ,2,200,layer_005_wire_006_RZ,3,0.004711984486531385,4.061621925795142e-05,0.004711984486531386,0.0
random_bp,expectation_value,bcw_12q_random_bp,hea,RX_RY_RZ_CNOT,none,circular,cnot,hamiltonian_local,12,8,7,same_entangling_gate_count,5,7,RX,0,201,layer_005_wire_007_RX,3,0.0007382744117506015,1.0239273794196582e-05,0.0026671386069131594,0.0
random_bp,expectation_value,bcw_12q_random_bp,hea,RX_RY_RZ_CNOT,none,circular,cnot,hamiltonian_local,12,8,7,same_entangling_gate_count,5,7,RY,1,202,layer_005_wire_007_RY,3,-0.0010997266362879963,4.822996561744803e-06,0.0013978903667999103,0.0
random_bp,expectation_value,bcw_12q_random_bp,hea,RX_RY_RZ_CNOT,none,circular,cnot,hamiltonian_local,12,8,7,same_entangling_gate_count,5,7,RZ,2,203,layer_005_wire_007_RZ,3,0.000724408162795686,8.144547885164144e-06,0.0024363869516538226,0.0
random_bp,expectation_value,bcw_12q_random_bp,hea,RX_RY_RZ_CNOT,none,circular,cnot,hamiltonian_local,12,8,7,same_entangling_gate_count,5,8,RX,0,204,layer_005_wire_008_RX,3,0.0004708762715608379,8.090623655167238e-06,0.0018880444748873564,0.0
random_bp,expectation_value,bcw_12q_random_bp,hea,RX_RY_RZ_CNOT,none,circular,cnot,hamiltonian_local,12,8,7,same_entangling_gate_count,5,8,RY,1,205,layer_005_wire_008_RY,3,-0.0006305421943554337,1.7114772758854718e-05,0.002944206169820248,0.0
random_bp,expectation_value,bcw_12q_random_bp,hea,RX_RY_RZ_CNOT,none,circular,cnot,hamiltonian_local,12,8,7,same_entangling_gate_count,5,8,RZ,2,206,layer_005_wire_008_RZ,3,0.0004929779006577141,3.6296850369598693e-06,0.0016309142639741668,0.0
random_bp,expectation_value,bcw_12q_random_bp,hea,RX_RY_RZ_CNOT,none,circular,cnot,hamiltonian_local,12,8,7,same_entangling_gate_count,5,9,RX,0,207,layer_005_wire_009_RX,3,0.00104678992420636,0.00014685149086482194,0.00872821688433194,0.0
random_bp,expectation_value,bcw_12q_random_bp,hea,RX_RY_RZ_CNOT,none,circular,cnot,hamiltonian_local,12,8,7,same_entangling_gate_count,5,9,RY,1,208,layer_005_wire_009_RY,3,0.0018373203431086053,1.4439496434174348e-06,0.001837320343108605,0.0
random_bp,expectation_value,bcw_12q_random_bp,hea,RX_RY_RZ_CNOT,none,circular,cnot,hamiltonian_local,12,8,7,same_entangling_gate_count,5,9,RZ,2,209,layer_005_wire_009_RZ,3,0.0029049653910588284,2.115251855801061e-05,0.0038925535303332083,0.0
random_bp,expectation_value,bcw_12q_random_bp,hea,RX_RY_RZ_CNOT,none,circular,cnot,hamiltonian_local,12,8,7,same_entangling_gate_count,5,10,RX,0,210,layer_005_wire_010_RX,3,0.005751452738386454,2.457435465020935e-05,0.005751452738386454,0.0
random_bp,expectation_value,bcw_12q_random_bp,hea,RX_RY_RZ_CNOT,none,circular,cnot,hamiltonian_local,12,8,7,same_entangling_gate_count,5,10,RY,1,211,layer_005_wire_010_RY,3,0.0008625522116928692,6.430627411071128e-06,0.0019210749792148742,0.0
random_bp,expectation_value,bcw_12q_random_bp,hea,RX_RY_RZ_CNOT,none,circular,cnot,hamiltonian_local,12,8,7,same_entangling_gate_count,5,10,RZ,2,212,layer_005_wire_010_RZ,3,0.0053883167878781245,8.504822780244365e-05,0.007515034205332085,0.0
random_bp,expectation_value,bcw_12q_random_bp,hea,RX_RY_RZ_CNOT,none,circular,cnot,hamiltonian_local,12,8,7,same_entangling_gate_count,5,11,RX,0,213,layer_005_wire_011_RX,3,-0.002572634530908011,1.4475208342125866e-05,0.0034829977903026526,0.0
random_bp,expectation_value,bcw_12q_random_bp,hea,RX_RY_RZ_CNOT,none,circular,cnot,hamiltonian_local,12,8,7,same_entangling_gate_count,5,11,RY,1,214,layer_005_wire_011_RY,3,0.00012547751363223,1.8943163607659806e-06,0.0011005425438710195,0.0
random_bp,expectation_value,bcw_12q_random_bp,hea,RX_RY_RZ_CNOT,none,circular,cnot,hamiltonian_local,12,8,7,same_entangling_gate_count,5,11,RZ,2,215,layer_005_wire_011_RZ,3,-0.0022328692406586243,3.8745768667893926e-05,0.0055303071269769966,0.0
random_bp,expectation_value,bcw_12q_random_bp,hea,RX_RY_RZ_CNOT,none,circular,cnot,hamiltonian_local,12,8,7,same_entangling_gate_count,6,0,RX,0,216,layer_006_wire_000_RX,3,0.0008236091428372309,7.900973723992496e-07,0.0008559917994869617,0.0
random_bp,expectation_value,bcw_12q_random_bp,hea,RX_RY_RZ_CNOT,none,circular,cnot,hamiltonian_local,12,8,7,same_entangling_gate_count,6,0,RY,1,217,layer_006_wire_000_RY,3,0.0001959350833583603,9.811056697208734e-06,0.0023635995182509618,0.0
random_bp,expectation_value,bcw_12q_random_bp,hea,RX_RY_RZ_CNOT,none,circular,cnot,hamiltonian_local,12,8,7,same_entangling_gate_count,6,0,RZ,2,218,layer_006_wire_000_RZ,3,1.9306040799731947e-18,6.321974827505468e-35,6.1199697186385816e-18,1.0
random_bp,expectation_value,bcw_12q_random_bp,hea,RX_RY_RZ_CNOT,none,circular,cnot,hamiltonian_local,12,8,7,same_entangling_gate_count,6,1,RX,0,219,layer_006_wire_001_RX,3,-2.8912057932946836e-19,3.1622365362920633e-34,1.1853943752508181e-17,1.0
random_bp,expectation_value,bcw_12q_random_bp,hea,RX_RY_RZ_CNOT,none,circular,cnot,hamiltonian_local,12,8,7,same_entangling_gate_count,6,1,RY,1,220,layer_006_wire_001_RY,3,-1.8070036208091738e-18,3.838380886885043e-35,4.119968255444917e-18,1.0
random_bp,expectation_value,bcw_12q_random_bp,hea,RX_RY_RZ_CNOT,none,circular,cnot,hamiltonian_local,12,8,7,same_entangling_gate_count,6,1,RZ,2,221,layer_006_wire_001_RZ,3,-7.386630535237243e-19,6.505127865162682e-36,1.6534360696545024e-18,1.0
random_bp,expectation_value,bcw_12q_random_bp,hea,RX_RY_RZ_CNOT,none,circular,cnot,hamiltonian_local,12,8,7,same_entangling_gate_count,6,2,RX,0,222,layer_006_wire_002_RX,3,0.003091448978960285,7.46048014064427e-07,0.003091448978960285,0.0
random_bp,expectation_value,bcw_12q_random_bp,hea,RX_RY_RZ_CNOT,none,circular,cnot,hamiltonian_local,12,8,7,same_entangling_gate_count,6,2,RY,1,223,layer_006_wire_002_RY,3,-0.0025859357569389223,2.5087167265781632e-06,0.0025859357569389223,0.0
random_bp,expectation_value,bcw_12q_random_bp,hea,RX_RY_RZ_CNOT,none,circular,cnot,hamiltonian_local,12,8,7,same_entangling_gate_count,6,2,RZ,2,224,layer_006_wire_002_RZ,3,-1.2836216907887484e-18,1.0444868640545474e-35,2.8780778192698786e-18,1.0
random_bp,expectation_value,bcw_12q_random_bp,hea,RX_RY_RZ_CNOT,none,circular,cnot,hamiltonian_local,12,8,7,same_entangling_gate_count,6,3,RX,0,225,layer_006_wire_003_RX,3,-0.00036010857290816653,2.6420998693927395e-07,0.0005057809290692025,0.0
random_bp,expectation_value,bcw_12q_random_bp,hea,RX_RY_RZ_CNOT,none,circular,cnot,hamiltonian_local,12,8,7,same_entangling_gate_count,6,3,RY,1,226,layer_006_wire_003_RY,3,-0.0007907703972490894,2.6202130817006883e-05,0.0042040198026062564,0.0
random_bp,expectation_value,bcw_12q_random_bp,hea,RX_RY_RZ_CNOT,none,circular,cnot,hamiltonian_local,12,8,7,same_entangling_gate_count,6,3,RZ,2,227,layer_006_wire_003_RZ,3,-3.7144124725248045e-18,5.529752434642467e-35,5.650872178705193e-18,1.0
random_bp,expectation_value,bcw_12q_random_bp,hea,RX_RY_RZ_CNOT,none,circular,cnot,hamiltonian_local,12,8,7,same_entangling_gate_count,6,4,RX,0,228,layer_006_wire_004_RX,3,0.0010238852293579935,3.266055726697218e-06,0.0016196699848430689,0.0
random_bp,expectation_value,bcw_12q_random_bp,hea,RX_RY_RZ_CNOT,none,circular,cnot,hamiltonian_local,12,8,7,same_entangling_gate_count,6,4,RY,1,229,layer_006_wire_004_RY,3,0.0030475832004635854,6.439585924863384e-06,0.003047583200463585,0.0
random_bp,expectation_value,bcw_12q_random_bp,hea,RX_RY_RZ_CNOT,none,circular,cnot,hamiltonian_local,12,8,7,same_entangling_gate_count,6,4,RZ,2,230,layer_006_wire_004_RZ,3,-1.472169963479237e-18,9.220953098876645e-36,2.0407600059685176e-18,1.0
random_bp,expectation_value,bcw_12q_random_bp,hea,RX_RY_RZ_CNOT,none,circular,cnot,hamiltonian_local,12,8,7,same_entangling_gate_count,6,5,RX,0,231,layer_006_wire_005_RX,3,0.0008736636810294916,1.4980193574906135e-06,0.0011862784516019425,0.0
random_bp,expectation_value,bcw_12q_random_bp,hea,RX_RY_RZ_CNOT,none,circular,cnot,hamiltonian_local,12,8,7,same_entangling_gate_count,6,5,RY,1,232,layer_006_wire_005_RY,3,-0.004052670443178919,1.2083633922349832e-05,0.004052670443178919,0.0
random_bp,expectation_value,bcw_12q_random_bp,hea,RX_RY_RZ_CNOT,none,circular,cnot,hamiltonian_local,12,8,7,same_entangling_gate_count,6,5,RZ,2,233,layer_006_wire_005_RZ,3,-2.356415448841189e-18,1.272253684935446e-35,2.3564154488411887e-18,1.0
random_bp,expectation_value,bcw_12q_random_bp,hea,RX_RY_RZ_CNOT,none,circular,cnot,hamiltonian_local,12,8,7,same_entangling_gate_count,6,6,RX,0,234,layer_006_wire_006_RX,3,-0.00028170968649438054,3.2280835371128417e-06,0.001191108891899881,0.0
random_bp,expectation_value,bcw_12q_random_bp,hea,RX_RY_RZ_CNOT,none,circular,cnot,hamiltonian_local,12,8,7,same_entangling_gate_count,6,6,RY,1,235,layer_006_wire_006_RY,3,-0.0027429935233379676,3.279834192498238e-05,0.0034938963270213334,0.0
random_bp,expectation_value,bcw_12q_random_bp,hea,RX_RY_RZ_CNOT,none,circular,cnot,hamiltonian_local,12,8,7,same_entangling_gate_count,6,6,RZ,2,236,layer_006_wire_006_RZ,3,-6.226859918055713e-18,1.190007954745554e-34,7.356341704097248e-18,1.0
random_bp,expectation_value,bcw_12q_random_bp,hea,RX_RY_RZ_CNOT,none,circular,cnot,hamiltonian_local,12,8,7,same_entangling_gate_count,6,7,RX,0,237,layer_006_wire_007_RX,3,0.0010879062201583412,1.8301041368912764e-05,0.0035449695960069597,0.0
random_bp,expectation_value,bcw_12q_random_bp,hea,RX_RY_RZ_CNOT,none,circular,cnot,hamiltonian_local,12,8,7,same_entangling_gate_count,6,7,RY,1,238,layer_006_wire_007_RY,3,-0.00327108477302803,6.45975855961524e-05,0.005644204194939687,0.0
random_bp,expectation_value,bcw_12q_random_bp,hea,RX_RY_RZ_CNOT,none,circular,cnot,hamiltonian_local,12,8,7,same_entangling_gate_count,6,7,RZ,2,239,layer_006_wire_007_RZ,3,2.7043078422951035e-18,1.5078522447314446e-35,2.704307842295104e-18,1.0
random_bp,expectation_value,bcw_12q_random_bp,hea,RX_RY_RZ_CNOT,none,circular,cnot,hamiltonian_local,12,8,7,same_entangling_gate_count,6,8,RX,0,240,layer_006_wire_008_RX,3,0.00027769332876367473,1.5321551174972154e-06,0.0010376933074838313,0.0
random_bp,expectation_value,bcw_12q_random_bp,hea,RX_RY_RZ_CNOT,none,circular,cnot,hamiltonian_local,12,8,7,same_entangling_gate_count,6,8,RY,1,241,layer_006_wire_008_RY,3,0.003289577200373589,5.766637053135621e-05,0.006282404009134569,0.0
random_bp,expectation_value,bcw_12q_random_bp,hea,RX_RY_RZ_CNOT,none,circular,cnot,hamiltonian_local,12,8,7,same_entangling_gate_count,6,8,RZ,2,242,layer_006_wire_008_RZ,3,2.893037220431563e-18,1.5161004028048985e-34,1.0307062981417948e-17,1.0
random_bp,expectation_value,bcw_12q_random_bp,hea,RX_RY_RZ_CNOT,none,circular,cnot,hamiltonian_local,12,8,7,same_entangling_gate_count,6,9,RX,0,243,layer_006_wire_009_RX,3,-0.0007222234159324026,1.858868888697006e-06,0.0009003131051816281,0.0
random_bp,expectation_value,bcw_12q_random_bp,hea,RX_RY_RZ_CNOT,none,circular,cnot,hamiltonian_local,12,8,7,same_entangling_gate_count,6,9,RY,1,244,layer_006_wire_009_RY,3,-0.001287784574514711,9.60916988101378e-06,0.002235386072790629,0.0
random_bp,expectation_value,bcw_12q_random_bp,hea,RX_RY_RZ_CNOT,none,circular,cnot,hamiltonian_local,12,8,7,same_entangling_gate_count,6,9,RZ,2,245,layer_006_wire_009_RZ,3,-5.919647458200857e-18,4.961646467119113e-35,6.906441586129031e-18,1.0
random_bp,expectation_value,bcw_12q_random_bp,hea,RX_RY_RZ_CNOT,none,circular,cnot,hamiltonian_local,12,8,7,same_entangling_gate_count,6,10,RX,0,246,layer_006_wire_010_RX,3,0.00013551506985461396,5.239397659820822e-06,0.0017168136602896192,0.0
random_bp,expectation_value,bcw_12q_random_bp,hea,RX_RY_RZ_CNOT,none,circular,cnot,hamiltonian_local,12,8,7,same_entangling_gate_count,6,10,RY,1,247,layer_006_wire_010_RY,3,-0.000687852134141274,5.083587025737949e-06,0.001503242033517013,0.0
random_bp,expectation_value,bcw_12q_random_bp,hea,RX_RY_RZ_CNOT,none,circular,cnot,hamiltonian_local,12,8,7,same_entangling_gate_count,6,10,RZ,2,248,layer_006_wire_010_RZ,3,6.797308812516416e-18,6.226595496858219e-34,1.6597598736120222e-17,1.0
random_bp,expectation_value,bcw_12q_random_bp,hea,RX_RY_RZ_CNOT,none,circular,cnot,hamiltonian_local,12,8,7,same_entangling_gate_count,6,11,RX,0,249,layer_006_wire_011_RX,3,-0.0010121283614079116,3.1111404227682754e-06,0.0016950973208797564,0.0
random_bp,expectation_value,bcw_12q_random_bp,hea,RX_RY_RZ_CNOT,none,circular,cnot,hamiltonian_local,12,8,7,same_entangling_gate_count,6,11,RY,1,250,layer_006_wire_011_RY,3,-0.0008301064937167317,4.504690394176628e-05,0.004876685699756848,0.0
random_bp,expectation_value,bcw_12q_random_bp,hea,RX_RY_RZ_CNOT,none,circular,cnot,hamiltonian_local,12,8,7,same_entangling_gate_count,6,11,RZ,2,251,layer_006_wire_011_RZ,3,-1.2612740346811158e-17,8.549806448659906e-34,2.1545003528029764e-17,1.0
