epoch,training_loss,validation_loss,accuracy,f1,roc_auc,grad_norm,spatial_grad_variance,near_zero_ratio,depth,n_entangling_gates,entangler_strength,scheduler_action,mutation_status,n_commits,n_rollbacks,proposed_action,vetoed,is_solved,is_converged,is_true_bp,is_local_min,is_ambiguous,is_dead_layer,dead_layers,te_p_solved
0,0.6933411884470184,0.6733411884470184,0.028507879891764065,0.027937722293928782,0.5142539399458821,0.03574341866843103,0.006647869871181237,0.4839051238174536,2,16,1.0,keep,none,0,0,keep,False,False,False,False,False,False,False,[],0.0015517426073615723
1,0.6719533200006927,0.6519533200006927,0.05936615206940887,0.05817882902802069,0.5296830760347044,0.03574341866843103,0.006647869871181237,0.4839051238174536,2,16,1.0,keep,none,0,0,keep,False,False,False,False,False,False,False,[],0.001882291350607175
2,0.6425125575138739,0.6225125575138739,0.10184308539334319,0.09980622368547633,0.5509215426966716,0.03574341866843103,0.006647869871181237,0.4839051238174536,2,16,1.0,keep,none,0,0,keep,False,False,False,False,False,False,False,[],0.002840117109141004
3,0.6206325188049668,0.6006325188049668,0.13341145750257277,0.1307432283525213,0.5667057287512864,0.03574341866843103,0.006647869871181237,0.4839051238174536,2,16,1.0,keep,none,0,0,keep,False,False,False,False,False,False,False,[],0.0043477795415890474
4,0.5994120352942496,0.5794120352942496,0.16402822782535054,0.16074766326884352,0.5820141139126753,0.03574341866843103,0.006647869871181237,0.4839051238174536,2,16,1.0,keep,none,0,0,keep,False,False,False,False,False,False,False,[],0.00663600116341744
5,0.5853886688139033,0.5653886688139033,0.18426104629360374,0.18057582536773165,0.5921305231468019,0.03574341866843103,0.006647869871181237,0.4839051238174536,2,16,1.0,keep,none,0,0,keep,False,False,False,False,False,False,False,[],0.00929545539715514
6,0.5643456450521713,0.5443456450521713,0.21462177888880207,0.21032934331102604,0.607310889444401,0.03574341866843103,0.006647869871181237,0.4839051238174536,2,16,1.0,keep,none,0,0,keep,False,False,False,False,False,False,False,[],0.013615837995141001
7,0.5544339954071615,0.5344339954071615,0.2289222400704639,0.22434379526905462,0.6144611200352319,0.03574341866843103,0.006647869871181237,0.4839051238174536,2,16,1.0,keep,none,0,0,keep,False,False,False,False,False,False,False,[],0.017927499845602893
8,0.537280469842843,0.5172804698428429,0.2536712309293855,0.24859780631079778,0.6268356154646928,0.03574341866843103,0.006647869871181237,0.4839051238174536,2,16,1.0,keep,none,0,0,keep,False,False,False,False,False,False,False,[],0.02437219378500208
9,0.537280469842843,0.5172804698428429,0.2536712309293855,0.24859780631079778,0.6268356154646928,0.03574341866843103,0.006647869871181237,0.4839051238174536,2,16,1.0,keep,none,0,0,keep,False,False,False,False,False,False,False,[],0.028239010148641594
10,0.537280469842843,0.5172804698428429,0.2536712309293855,0.24859780631079778,0.6268356154646928,0.03574341866843103,0.006647869871181237,0.4839051238174536,2,16,1.0,propose_reduce_entanglement,in_progress,0,0,propose_reduce_entanglement,False,False,False,False,False,False,False,[],0.0305590999668253
11,0.537280469842843,0.5172804698428429,0.2536712309293855,0.24859780631079778,0.6268356154646928,0.03369550300984756,0.006084799795861529,0.4845128280201135,2,14,0.9045084971874737,keep,in_progress,0,0,keep,False,False,False,False,False,False,False,[],0.031951153857735524
12,0.537280469842843,0.5172804698428429,0.2536712309293855,0.24859780631079778,0.6268356154646928,0.028333990209582906,0.004691913391492947,0.4861038182777832,2,10,0.6545084971874737,keep,in_progress,0,0,keep,False,False,False,False,False,False,False,[],0.03278638619228166
13,0.537280469842843,0.5172804698428429,0.2536712309293855,0.24859780631079778,0.6268356154646928,0.02170679592622054,0.003146168384254821,0.4880703903878029,2,6,0.34549150281252633,keep,in_progress,0,0,keep,False,False,False,False,False,False,False,[],0.03328752559300934
14,0.537280469842843,0.5172804698428429,0.2536712309293855,0.24859780631079778,0.6268356154646928,0.016345283125955887,0.002055781952159252,0.48966138064547265,2,2,0.09549150281252633,keep,in_progress,0,0,keep,False,False,False,False,True,False,False,[],0.03358820923344595
15,0.537280469842843,0.5172804698428429,0.2536712309293855,0.24859780631079778,0.6268356154646928,0.014297367467372415,0.0016817928305074296,0.49026908484813253,2,0,0.0,keep,committed,1,0,keep,False,False,False,False,True,False,False,[],0.03376861941770792
16,0.537280469842843,0.5172804698428429,0.2536712309293855,0.24859780631079778,0.6268356154646928,0.014297367467372415,0.0016817928305074296,0.49026908484813253,2,0,0.0,keep,none,1,0,keep,False,False,False,False,True,False,False,[],0.0338768655282651
17,0.537280469842843,0.5172804698428429,0.2536712309293855,0.24859780631079778,0.6268356154646928,0.014297367467372415,0.0016817928305074296,0.49026908484813253,2,0,0.0,keep,none,1,0,keep,False,False,False,False,True,False,False,[],0.0339418131945994
18,0.537280469842843,0.5172804698428429,0.2536712309293855,0.24859780631079778,0.6268356154646928,0.014297367467372415,0.0016817928305074296,0.49026908484813253,2,0,0.0,keep,none,1,0,keep,False,False,False,False,True,False,False,[],0.033980781794399985
19,0.537280469842843,0.5172804698428429,0.2536712309293855,0.24859780631079778,0.6268356154646928,0.014297367467372415,0.0016817928305074296,0.49026908484813253,2,0,0.0,keep,none,1,0,keep,False,False,False,False,True,False,False,[],0.03400416295428033
20,0.537280469842843,0.5172804698428429,0.2536712309293855,0.24859780631079778,0.6268356154646928,0.014297367467372415,0.0016817928305074296,0.49026908484813253,2,0,0.0,keep,none,1,0,keep,False,False,False,False,True,False,False,[],0.03401819165020854
21,0.537280469842843,0.5172804698428429,0.2536712309293855,0.24859780631079778,0.6268356154646928,0.014297367467372415,0.0016817928305074296,0.49026908484813253,2,0,0.0,keep,none,1,0,keep,False,False,False,False,True,False,False,[],0.03402660886776547
22,0.537280469842843,0.5172804698428429,0.2536712309293855,0.24859780631079778,0.6268356154646928,0.014297367467372415,0.0016817928305074296,0.49026908484813253,2,0,0.0,keep,none,1,0,keep,False,False,False,False,True,False,False,[],0.034031659198299626
23,0.537280469842843,0.5172804698428429,0.2536712309293855,0.24859780631079778,0.6268356154646928,0.014297367467372415,0.0016817928305074296,0.49026908484813253,2,0,0.0,keep,none,1,0,keep,False,False,False,False,True,False,False,[],0.03403468939662012
24,0.537280469842843,0.5172804698428429,0.2536712309293855,0.24859780631079778,0.6268356154646928,0.014297367467372415,0.0016817928305074296,0.49026908484813253,2,0,0.0,keep,none,1,0,keep,False,False,False,False,True,False,False,[],0.034036507515612414
25,0.537280469842843,0.5172804698428429,0.2536712309293855,0.24859780631079778,0.6268356154646928,0.014297367467372415,0.0016817928305074296,0.49026908484813253,2,0,0.0,keep,none,1,0,keep,False,False,False,False,True,False,False,[],0.034037598387007796
26,0.537280469842843,0.5172804698428429,0.2536712309293855,0.24859780631079778,0.6268356154646928,0.014297367467372415,0.0016817928305074296,0.49026908484813253,2,0,0.0,keep,none,1,0,keep,False,False,False,False,True,False,False,[],0.034038252909845024
27,0.537280469842843,0.5172804698428429,0.2536712309293855,0.24859780631079778,0.6268356154646928,0.014297367467372415,0.0016817928305074296,0.49026908484813253,2,0,0.0,keep,none,1,0,keep,False,False,False,False,True,False,False,[],0.03403864562354736
28,0.537280469842843,0.5172804698428429,0.2536712309293855,0.24859780631079778,0.6268356154646928,0.014297367467372415,0.0016817928305074296,0.49026908484813253,2,0,0.0,keep,none,1,0,keep,False,False,False,False,True,False,False,[],0.03403888125176876
29,0.537280469842843,0.5172804698428429,0.2536712309293855,0.24859780631079778,0.6268356154646928,0.014297367467372415,0.0016817928305074296,0.49026908484813253,2,0,0.0,keep,none,1,0,keep,False,False,False,False,True,False,False,[],0.0340390226287016
30,0.537280469842843,0.5172804698428429,0.2536712309293855,0.24859780631079778,0.6268356154646928,0.014297367467372415,0.0016817928305074296,0.49026908484813253,2,0,0.0,keep,none,1,0,keep,False,False,False,False,True,False,False,[],0.03403910745486131
31,0.537280469842843,0.5172804698428429,0.2536712309293855,0.24859780631079778,0.6268356154646928,0.014297367467372415,0.0016817928305074296,0.49026908484813253,2,0,0.0,keep,none,1,0,keep,False,False,False,False,True,False,False,[],0.03403915835055713
32,0.537280469842843,0.5172804698428429,0.2536712309293855,0.24859780631079778,0.6268356154646928,0.014297367467372415,0.0016817928305074296,0.49026908484813253,2,0,0.0,keep,none,1,0,keep,False,False,False,False,True,False,False,[],0.03403918888797462
33,0.537280469842843,0.5172804698428429,0.2536712309293855,0.24859780631079778,0.6268356154646928,0.014297367467372415,0.0016817928305074296,0.49026908484813253,2,0,0.0,keep,none,1,0,keep,False,False,False,False,True,False,False,[],0.03403920721042512
34,0.537280469842843,0.5172804698428429,0.2536712309293855,0.24859780631079778,0.6268356154646928,0.014297367467372415,0.0016817928305074296,0.49026908484813253,2,0,0.0,keep,none,1,0,keep,False,False,False,False,True,False,False,[],0.03403921820389542
35,0.537280469842843,0.5172804698428429,0.2536712309293855,0.24859780631079778,0.6268356154646928,0.014297367467372415,0.0016817928305074296,0.49026908484813253,2,0,0.0,keep,none,1,0,keep,False,False,False,False,True,False,False,[],0.0340392247999776
36,0.537280469842843,0.5172804698428429,0.2536712309293855,0.24859780631079778,0.6268356154646928,0.014297367467372415,0.0016817928305074296,0.49026908484813253,2,0,0.0,keep,none,1,0,keep,False,False,False,False,True,False,False,[],0.0340392287576269
37,0.537280469842843,0.5172804698428429,0.2536712309293855,0.24859780631079778,0.6268356154646928,0.014297367467372415,0.0016817928305074296,0.49026908484813253,2,0,0.0,keep,none,1,0,keep,False,False,False,False,True,False,False,[],0.034039231132216484
38,0.537280469842843,0.5172804698428429,0.2536712309293855,0.24859780631079778,0.6268356154646928,0.014297367467372415,0.0016817928305074296,0.49026908484813253,2,0,0.0,keep,none,1,0,keep,False,False,False,False,True,False,False,[],0.034039232556970236
39,0.537280469842843,0.5172804698428429,0.2536712309293855,0.24859780631079778,0.6268356154646928,0.014297367467372415,0.0016817928305074296,0.49026908484813253,2,0,0.0,keep,none,1,0,keep,False,False,False,False,True,False,False,[],0.03403923341182249
40,0.537280469842843,0.5172804698428429,0.2536712309293855,0.24859780631079778,0.6268356154646928,0.014297367467372415,0.0016817928305074296,0.49026908484813253,2,0,0.0,keep,none,1,0,keep,False,False,False,False,True,False,False,[],0.03403923392473384
41,0.537280469842843,0.5172804698428429,0.2536712309293855,0.24859780631079778,0.6268356154646928,0.014297367467372415,0.0016817928305074296,0.49026908484813253,2,0,0.0,keep,none,1,0,keep,False,False,False,False,True,False,False,[],0.03403923423248065
42,0.537280469842843,0.5172804698428429,0.2536712309293855,0.24859780631079778,0.6268356154646928,0.014297367467372415,0.0016817928305074296,0.49026908484813253,2,0,0.0,keep,none,1,0,keep,False,False,False,False,True,False,False,[],0.034039234417128736
43,0.537280469842843,0.5172804698428429,0.2536712309293855,0.24859780631079778,0.6268356154646928,0.014297367467372415,0.0016817928305074296,0.49026908484813253,2,0,0.0,keep,none,1,0,keep,False,False,False,False,True,False,False,[],0.034039234527917586
44,0.537280469842843,0.5172804698428429,0.2536712309293855,0.24859780631079778,0.6268356154646928,0.014297367467372415,0.0016817928305074296,0.49026908484813253,2,0,0.0,keep,none,1,0,keep,False,False,False,False,True,False,False,[],0.0340392345943909
45,0.537280469842843,0.5172804698428429,0.2536712309293855,0.24859780631079778,0.6268356154646928,0.014297367467372415,0.0016817928305074296,0.49026908484813253,2,0,0.0,keep,none,1,0,keep,False,False,False,False,True,False,False,[],0.034039234634274884
46,0.537280469842843,0.5172804698428429,0.2536712309293855,0.24859780631079778,0.6268356154646928,0.014297367467372415,0.0016817928305074296,0.49026908484813253,2,0,0.0,keep,none,1,0,keep,False,False,False,False,True,False,False,[],0.03403923465820528
47,0.537280469842843,0.5172804698428429,0.2536712309293855,0.24859780631079778,0.6268356154646928,0.014297367467372415,0.0016817928305074296,0.49026908484813253,2,0,0.0,keep,none,1,0,keep,False,False,False,False,True,False,False,[],0.03403923467256351
48,0.537280469842843,0.5172804698428429,0.2536712309293855,0.24859780631079778,0.6268356154646928,0.014297367467372415,0.0016817928305074296,0.49026908484813253,2,0,0.0,keep,none,1,0,keep,False,False,False,False,True,False,False,[],0.034039234681178455
49,0.537280469842843,0.5172804698428429,0.2536712309293855,0.24859780631079778,0.6268356154646928,0.014297367467372415,0.0016817928305074296,0.49026908484813253,2,0,0.0,keep,none,1,0,keep,False,False,False,False,True,False,False,[],0.03403923468634742
50,0.537280469842843,0.5172804698428429,0.2536712309293855,0.24859780631079778,0.6268356154646928,0.014297367467372415,0.0016817928305074296,0.49026908484813253,2,0,0.0,keep,none,1,0,keep,False,False,False,False,True,False,False,[],0.0340392346894488
51,0.537280469842843,0.5172804698428429,0.2536712309293855,0.24859780631079778,0.6268356154646928,0.014297367467372415,0.0016817928305074296,0.49026908484813253,2,0,0.0,keep,none,1,0,keep,False,False,False,False,True,False,False,[],0.03403923469130962
52,0.537280469842843,0.5172804698428429,0.2536712309293855,0.24859780631079778,0.6268356154646928,0.014297367467372415,0.0016817928305074296,0.49026908484813253,2,0,0.0,keep,none,1,0,keep,False,False,False,False,True,False,False,[],0.03403923469242612
53,0.537280469842843,0.5172804698428429,0.2536712309293855,0.24859780631079778,0.6268356154646928,0.014297367467372415,0.0016817928305074296,0.49026908484813253,2,0,0.0,keep,none,1,0,keep,False,False,False,False,True,False,False,[],0.03403923469309601
54,0.537280469842843,0.5172804698428429,0.2536712309293855,0.24859780631079778,0.6268356154646928,0.014297367467372415,0.0016817928305074296,0.49026908484813253,2,0,0.0,keep,none,1,0,keep,False,False,False,False,True,False,False,[],0.034039234693497955
55,0.537280469842843,0.5172804698428429,0.2536712309293855,0.24859780631079778,0.6268356154646928,0.014297367467372415,0.0016817928305074296,0.49026908484813253,2,0,0.0,keep,none,1,0,keep,False,False,False,False,True,False,False,[],0.034039234693739116
56,0.537280469842843,0.5172804698428429,0.2536712309293855,0.24859780631079778,0.6268356154646928,0.014297367467372415,0.0016817928305074296,0.49026908484813253,2,0,0.0,keep,none,1,0,keep,False,False,False,False,True,False,False,[],0.03403923469388381
57,0.537280469842843,0.5172804698428429,0.2536712309293855,0.24859780631079778,0.6268356154646928,0.014297367467372415,0.0016817928305074296,0.49026908484813253,2,0,0.0,keep,none,1,0,keep,False,False,False,False,True,False,False,[],0.03403923469397063
58,0.537280469842843,0.5172804698428429,0.2536712309293855,0.24859780631079778,0.6268356154646928,0.014297367467372415,0.0016817928305074296,0.49026908484813253,2,0,0.0,keep,none,1,0,keep,False,False,False,False,True,False,False,[],0.03403923469402272
59,0.537280469842843,0.5172804698428429,0.2536712309293855,0.24859780631079778,0.6268356154646928,0.014297367467372415,0.0016817928305074296,0.49026908484813253,2,0,0.0,keep,none,1,0,keep,False,False,False,False,True,False,False,[],0.034039234694053976
60,0.537280469842843,0.5172804698428429,0.2536712309293855,0.24859780631079778,0.6268356154646928,0.014297367467372415,0.0016817928305074296,0.49026908484813253,2,0,0.0,keep,none,1,0,keep,False,False,False,False,True,False,False,[],0.03403923469407273
61,0.537280469842843,0.5172804698428429,0.2536712309293855,0.24859780631079778,0.6268356154646928,0.014297367467372415,0.0016817928305074296,0.49026908484813253,2,0,0.0,keep,none,1,0,keep,False,False,False,False,True,False,False,[],0.034039234694083986
62,0.537280469842843,0.5172804698428429,0.2536712309293855,0.24859780631079778,0.6268356154646928,0.014297367467372415,0.0016817928305074296,0.49026908484813253,2,0,0.0,keep,none,1,0,keep,False,False,False,False,True,False,False,[],0.03403923469409074
63,0.5402246299158592,0.5202246299158592,0.24942341665580847,0.2444349483226923,0.6247117083279042,0.014297367467372415,0.0016817928305074296,0.49026908484813253,2,0,0.0,keep,none,1,0,keep,False,False,False,False,True,False,False,[],0.033285682636913234
64,0.537280469842843,0.5172804698428429,0.2536712309293855,0.24859780631079778,0.6268356154646928,0.014297367467372415,0.0016817928305074296,0.49026908484813253,2,0,0.0,keep,none,1,0,keep,False,False,False,False,True,False,False,[],0.033587103459788284
65,0.537280469842843,0.5172804698428429,0.2536712309293855,0.24859780631079778,0.6268356154646928,0.014297367467372415,0.0016817928305074296,0.49026908484813253,2,0,0.0,keep,none,1,0,keep,False,False,False,False,True,False,False,[],0.03376795595351331
66,0.537280469842843,0.5172804698428429,0.2536712309293855,0.24859780631079778,0.6268356154646928,0.014297367467372415,0.0016817928305074296,0.49026908484813253,2,0,0.0,keep,none,1,0,keep,False,False,False,False,True,False,False,[],0.03387646744974833
67,0.537280469842843,0.5172804698428429,0.2536712309293855,0.24859780631079778,0.6268356154646928,0.014297367467372415,0.0016817928305074296,0.49026908484813253,2,0,0.0,keep,none,1,0,keep,False,False,False,False,True,False,False,[],0.033941574347489345
68,0.537280469842843,0.5172804698428429,0.2536712309293855,0.24859780631079778,0.6268356154646928,0.014297367467372415,0.0016817928305074296,0.49026908484813253,2,0,0.0,keep,none,1,0,keep,False,False,False,False,True,False,False,[],0.03398063848613395
69,0.537280469842843,0.5172804698428429,0.2536712309293855,0.24859780631079778,0.6268356154646928,0.014297367467372415,0.0016817928305074296,0.49026908484813253,2,0,0.0,keep,none,1,0,keep,False,False,False,False,True,False,False,[],0.034004076969320715
70,0.537280469842843,0.5172804698428429,0.2536712309293855,0.24859780631079778,0.6268356154646928,0.014297367467372415,0.0016817928305074296,0.49026908484813253,2,0,0.0,keep,none,1,0,keep,False,False,False,False,True,False,False,[],0.034018140059232774
71,0.537280469842843,0.5172804698428429,0.2536712309293855,0.24859780631079778,0.6268356154646928,0.014297367467372415,0.0016817928305074296,0.49026908484813253,2,0,0.0,keep,none,1,0,keep,False,False,False,False,True,False,False,[],0.034026577913180006
72,0.537280469842843,0.5172804698428429,0.2536712309293855,0.24859780631079778,0.6268356154646928,0.014297367467372415,0.0016817928305074296,0.49026908484813253,2,0,0.0,keep,none,1,0,keep,False,False,False,False,True,False,False,[],0.03403164062554835
73,0.537280469842843,0.5172804698428429,0.2536712309293855,0.24859780631079778,0.6268356154646928,0.014297367467372415,0.0016817928305074296,0.49026908484813253,2,0,0.0,keep,none,1,0,keep,False,False,False,False,True,False,False,[],0.03403467825296935
74,0.537280469842843,0.5172804698428429,0.2536712309293855,0.24859780631079778,0.6268356154646928,0.014297367467372415,0.0016817928305074296,0.49026908484813253,2,0,0.0,keep,none,1,0,keep,False,False,False,False,True,False,False,[],0.03403650082942196
75,0.537280469842843,0.5172804698428429,0.2536712309293855,0.24859780631079778,0.6268356154646928,0.014297367467372415,0.0016817928305074296,0.49026908484813253,2,0,0.0,keep,none,1,0,keep,False,False,False,False,True,False,False,[],0.03403759437529352
76,0.537280469842843,0.5172804698428429,0.2536712309293855,0.24859780631079778,0.6268356154646928,0.014297367467372415,0.0016817928305074296,0.49026908484813253,2,0,0.0,keep,none,1,0,keep,False,False,False,False,True,False,False,[],0.03403825050281646
77,0.537280469842843,0.5172804698428429,0.2536712309293855,0.24859780631079778,0.6268356154646928,0.014297367467372415,0.0016817928305074296,0.49026908484813253,2,0,0.0,keep,none,1,0,keep,False,False,False,False,True,False,False,[],0.034038644179330224
78,0.537280469842843,0.5172804698428429,0.2536712309293855,0.24859780631079778,0.6268356154646928,0.014297367467372415,0.0016817928305074296,0.49026908484813253,2,0,0.0,keep,none,1,0,keep,False,False,False,False,True,False,False,[],0.03403888038523848
79,0.537280469842843,0.5172804698428429,0.2536712309293855,0.24859780631079778,0.6268356154646928,0.014297367467372415,0.0016817928305074296,0.49026908484813253,2,0,0.0,keep,none,1,0,keep,False,False,False,False,True,False,False,[],0.034039022108783436
80,0.537280469842843,0.5172804698428429,0.2536712309293855,0.24859780631079778,0.6268356154646928,0.014297367467372415,0.0016817928305074296,0.49026908484813253,2,0,0.0,keep,none,1,0,keep,False,False,False,False,True,False,False,[],0.034039107142910405
81,0.537280469842843,0.5172804698428429,0.2536712309293855,0.24859780631079778,0.6268356154646928,0.014297367467372415,0.0016817928305074296,0.49026908484813253,2,0,0.0,keep,none,1,0,keep,False,False,False,False,True,False,False,[],0.03403915816338659
82,0.537280469842843,0.5172804698428429,0.2536712309293855,0.24859780631079778,0.6268356154646928,0.014297367467372415,0.0016817928305074296,0.49026908484813253,2,0,0.0,keep,none,1,0,keep,False,False,False,False,True,False,False,[],0.034039188775672295
83,0.537280469842843,0.5172804698428429,0.2536712309293855,0.24859780631079778,0.6268356154646928,0.014297367467372415,0.0016817928305074296,0.49026908484813253,2,0,0.0,keep,none,1,0,keep,False,False,False,False,True,False,False,[],0.034039207143043725
84,0.537280469842843,0.5172804698428429,0.2536712309293855,0.24859780631079778,0.6268356154646928,0.014297367467372415,0.0016817928305074296,0.49026908484813253,2,0,0.0,keep,none,1,0,keep,False,False,False,False,True,False,False,[],0.03403921816346658
85,0.537280469842843,0.5172804698428429,0.2536712309293855,0.24859780631079778,0.6268356154646928,0.014297367467372415,0.0016817928305074296,0.49026908484813253,2,0,0.0,keep,none,1,0,keep,False,False,False,False,True,False,False,[],0.03403922477572029
86,0.537280469842843,0.5172804698428429,0.2536712309293855,0.24859780631079778,0.6268356154646928,0.014297367467372415,0.0016817928305074296,0.49026908484813253,2,0,0.0,keep,none,1,0,keep,False,False,False,False,True,False,False,[],0.03403922874307252
87,0.537280469842843,0.5172804698428429,0.2536712309293855,0.24859780631079778,0.6268356154646928,0.014297367467372415,0.0016817928305074296,0.49026908484813253,2,0,0.0,keep,none,1,0,keep,False,False,False,False,True,False,False,[],0.03403923112348386
88,0.537280469842843,0.5172804698428429,0.2536712309293855,0.24859780631079778,0.6268356154646928,0.014297367467372415,0.0016817928305074296,0.49026908484813253,2,0,0.0,keep,none,1,0,keep,False,False,False,False,True,False,False,[],0.03403923255173066
89,0.537280469842843,0.5172804698428429,0.2536712309293855,0.24859780631079778,0.6268356154646928,0.014297367467372415,0.0016817928305074296,0.49026908484813253,2,0,0.0,keep,none,1,0,keep,False,False,False,False,True,False,False,[],0.03403923340867874
90,0.538367221955187,0.518367221955187,0.2521032723197417,0.24706120687334687,0.6260516361598709,0.014297367467372415,0.0016817928305074296,0.49026908484813253,2,0,0.0,keep,none,1,0,keep,False,False,False,False,True,False,False,[],0.033756246875241015
91,0.537280469842843,0.5172804698428429,0.2536712309293855,0.24859780631079778,0.6268356154646928,0.014297367467372415,0.0016817928305074296,0.49026908484813253,2,0,0.0,keep,none,1,0,keep,False,False,False,False,True,False,False,[],0.03386944200278495
92,0.537280469842843,0.5172804698428429,0.2536712309293855,0.24859780631079778,0.6268356154646928,0.014297367467372415,0.0016817928305074296,0.49026908484813253,2,0,0.0,keep,none,1,0,keep,False,False,False,False,True,False,False,[],0.033937359079311315
93,0.537280469842843,0.5172804698428429,0.2536712309293855,0.24859780631079778,0.6268356154646928,0.014297367467372415,0.0016817928305074296,0.49026908484813253,2,0,0.0,keep,none,1,0,keep,False,False,False,False,True,False,False,[],0.033978109325227136
94,0.537280469842843,0.5172804698428429,0.2536712309293855,0.24859780631079778,0.6268356154646928,0.014297367467372415,0.0016817928305074296,0.49026908484813253,2,0,0.0,keep,none,1,0,keep,False,False,False,False,True,False,False,[],0.034002559472776625
95,0.537280469842843,0.5172804698428429,0.2536712309293855,0.24859780631079778,0.6268356154646928,0.014297367467372415,0.0016817928305074296,0.49026908484813253,2,0,0.0,keep,none,1,0,keep,False,False,False,False,True,False,False,[],0.03401722956130632
96,0.537280469842843,0.5172804698428429,0.2536712309293855,0.24859780631079778,0.6268356154646928,0.014297367467372415,0.0016817928305074296,0.49026908484813253,2,0,0.0,keep,none,1,0,keep,False,False,False,False,True,False,False,[],0.034026031614424135
97,0.537280469842843,0.5172804698428429,0.2536712309293855,0.24859780631079778,0.6268356154646928,0.014297367467372415,0.0016817928305074296,0.49026908484813253,2,0,0.0,keep,none,1,0,keep,False,False,False,False,True,False,False,[],0.03403131284629483
98,0.537280469842843,0.5172804698428429,0.2536712309293855,0.24859780631079778,0.6268356154646928,0.014297367467372415,0.0016817928305074296,0.49026908484813253,2,0,0.0,keep,none,1,0,keep,False,False,False,False,True,False,False,[],0.03403448158541724
99,0.537280469842843,0.5172804698428429,0.2536712309293855,0.24859780631079778,0.6268356154646928,0.014297367467372415,0.0016817928305074296,0.49026908484813253,2,0,0.0,keep,none,1,0,keep,False,False,False,False,True,False,False,[],0.03403638282889069
100,0.537280469842843,0.5172804698428429,0.2536712309293855,0.24859780631079778,0.6268356154646928,0.014297367467372415,0.0016817928305074296,0.49026908484813253,2,0,0.0,keep,none,1,0,keep,False,False,False,False,True,False,False,[],0.034037523574974755
101,0.537280469842843,0.5172804698428429,0.2536712309293855,0.24859780631079778,0.6268356154646928,0.014297367467372415,0.0016817928305074296,0.49026908484813253,2,0,0.0,keep,none,1,0,keep,False,False,False,False,True,False,False,[],0.0340382080226252
102,0.537280469842843,0.5172804698428429,0.2536712309293855,0.24859780631079778,0.6268356154646928,0.014297367467372415,0.0016817928305074296,0.49026908484813253,2,0,0.0,keep,none,1,0,keep,False,False,False,False,True,False,False,[],0.034038618691215466
103,0.537280469842843,0.5172804698428429,0.2536712309293855,0.24859780631079778,0.6268356154646928,0.014297367467372415,0.0016817928305074296,0.49026908484813253,2,0,0.0,keep,none,1,0,keep,False,False,False,False,True,False,False,[],0.03403886509236963
104,0.537280469842843,0.5172804698428429,0.2536712309293855,0.24859780631079778,0.6268356154646928,0.014297367467372415,0.0016817928305074296,0.49026908484813253,2,0,0.0,keep,none,1,0,keep,False,False,False,False,True,False,False,[],0.03403901293306212
105,0.537280469842843,0.5172804698428429,0.2536712309293855,0.24859780631079778,0.6268356154646928,0.014297367467372415,0.0016817928305074296,0.49026908484813253,2,0,0.0,keep,none,1,0,keep,False,False,False,False,True,False,False,[],0.034039101637477615
106,0.537280469842843,0.5172804698428429,0.2536712309293855,0.24859780631079778,0.6268356154646928,0.014297367467372415,0.0016817928305074296,0.49026908484813253,2,0,0.0,keep,none,1,0,keep,False,False,False,False,True,False,False,[],0.034039154860126916
107,0.537280469842843,0.5172804698428429,0.2536712309293855,0.24859780631079778,0.6268356154646928,0.014297367467372415,0.0016817928305074296,0.49026908484813253,2,0,0.0,keep,none,1,0,keep,False,False,False,False,True,False,False,[],0.034039186793716494
108,0.537280469842843,0.5172804698428429,0.2536712309293855,0.24859780631079778,0.6268356154646928,0.014297367467372415,0.0016817928305074296,0.49026908484813253,2,0,0.0,keep,none,1,0,keep,False,False,False,False,True,False,False,[],0.03403920595387024
109,0.537280469842843,0.5172804698428429,0.2536712309293855,0.24859780631079778,0.6268356154646928,0.014297367467372415,0.0016817928305074296,0.49026908484813253,2,0,0.0,keep,none,1,0,keep,False,False,False,False,True,False,False,[],0.03403921744996249
110,0.537280469842843,0.5172804698428429,0.2536712309293855,0.24859780631079778,0.6268356154646928,0.014297367467372415,0.0016817928305074296,0.49026908484813253,2,0,0.0,keep,none,1,0,keep,False,False,False,False,True,False,False,[],0.03403922434761784
111,0.537280469842843,0.5172804698428429,0.2536712309293855,0.24859780631079778,0.6268356154646928,0.014297367467372415,0.0016817928305074296,0.49026908484813253,2,0,0.0,keep,none,1,0,keep,False,False,False,False,True,False,False,[],0.03403922848621105
112,0.537280469842843,0.5172804698428429,0.2536712309293855,0.24859780631079778,0.6268356154646928,0.014297367467372415,0.0016817928305074296,0.49026908484813253,2,0,0.0,keep,none,1,0,keep,False,False,False,False,True,False,False,[],0.03403923096936697
113,0.537280469842843,0.5172804698428429,0.2536712309293855,0.24859780631079778,0.6268356154646928,0.014297367467372415,0.0016817928305074296,0.49026908484813253,2,0,0.0,keep,none,1,0,keep,False,False,False,False,True,False,False,[],0.03403923245926053
114,0.537280469842843,0.5172804698428429,0.2536712309293855,0.24859780631079778,0.6268356154646928,0.014297367467372415,0.0016817928305074296,0.49026908484813253,2,0,0.0,keep,none,1,0,keep,False,False,False,False,True,False,False,[],0.03403923335319666
115,0.537280469842843,0.5172804698428429,0.2536712309293855,0.24859780631079778,0.6268356154646928,0.014297367467372415,0.0016817928305074296,0.49026908484813253,2,0,0.0,keep,none,1,0,keep,False,False,False,False,True,False,False,[],0.03403923388955834
116,0.537280469842843,0.5172804698428429,0.2536712309293855,0.24859780631079778,0.6268356154646928,0.014297367467372415,0.0016817928305074296,0.49026908484813253,2,0,0.0,keep,none,1,0,keep,False,False,False,False,True,False,False,[],0.03403923421137535
117,0.537280469842843,0.5172804698428429,0.2536712309293855,0.24859780631079778,0.6268356154646928,0.014297367467372415,0.0016817928305074296,0.49026908484813253,2,0,0.0,keep,none,1,0,keep,False,False,False,False,True,False,False,[],0.03403923440446555
118,0.537280469842843,0.5172804698428429,0.2536712309293855,0.24859780631079778,0.6268356154646928,0.014297367467372415,0.0016817928305074296,0.49026908484813253,2,0,0.0,keep,none,1,0,keep,False,False,False,False,True,False,False,[],0.03403923452031968
119,0.537280469842843,0.5172804698428429,0.2536712309293855,0.24859780631079778,0.6268356154646928,0.014297367467372415,0.0016817928305074296,0.49026908484813253,2,0,0.0,keep,none,1,0,keep,False,False,False,False,True,False,False,[],0.03403923458983215
120,0.537280469842843,0.5172804698428429,0.2536712309293855,0.24859780631079778,0.6268356154646928,0.014297367467372415,0.0016817928305074296,0.49026908484813253,2,0,0.0,keep,none,1,0,keep,False,False,False,False,True,False,False,[],0.034039234631539635
121,0.5399459945707209,0.5199459945707209,0.24982542985035228,0.24482892125334524,0.6249127149251761,0.014297367467372415,0.0016817928305074296,0.49026908484813253,2,0,0.0,keep,none,1,0,keep,False,False,False,False,True,False,False,[],0.03335523590493486
122,0.537280469842843,0.5172804698428429,0.2536712309293855,0.24859780631079778,0.6268356154646928,0.014297367467372415,0.0016817928305074296,0.49026908484813253,2,0,0.0,keep,none,1,0,keep,False,False,False,False,True,False,False,[],0.03362883542060126
123,0.537280469842843,0.5172804698428429,0.2536712309293855,0.24859780631079778,0.6268356154646928,0.014297367467372415,0.0016817928305074296,0.49026908484813253,2,0,0.0,keep,none,1,0,keep,False,False,False,False,True,False,False,[],0.0337929951300011
124,0.537280469842843,0.5172804698428429,0.2536712309293855,0.24859780631079778,0.6268356154646928,0.014297367467372415,0.0016817928305074296,0.49026908484813253,2,0,0.0,keep,none,1,0,keep,False,False,False,False,True,False,False,[],0.03389149095564101
125,0.537280469842843,0.5172804698428429,0.2536712309293855,0.24859780631079778,0.6268356154646928,0.014297367467372415,0.0016817928305074296,0.49026908484813253,2,0,0.0,keep,none,1,0,keep,False,False,False,False,True,False,False,[],0.03395058845102495
126,0.537280469842843,0.5172804698428429,0.2536712309293855,0.24859780631079778,0.6268356154646928,0.014297367467372415,0.0016817928305074296,0.49026908484813253,2,0,0.0,keep,none,1,0,keep,False,False,False,False,True,False,False,[],0.033986046948255313
127,0.537280469842843,0.5172804698428429,0.2536712309293855,0.24859780631079778,0.6268356154646928,0.014297367467372415,0.0016817928305074296,0.49026908484813253,2,0,0.0,keep,none,1,0,keep,False,False,False,False,True,False,False,[],0.034007322046593534
128,0.537280469842843,0.5172804698428429,0.2536712309293855,0.24859780631079778,0.6268356154646928,0.014297367467372415,0.0016817928305074296,0.49026908484813253,2,0,0.0,keep,none,1,0,keep,False,False,False,False,True,False,False,[],0.03402008710559647
129,0.537280469842843,0.5172804698428429,0.2536712309293855,0.24859780631079778,0.6268356154646928,0.014297367467372415,0.0016817928305074296,0.49026908484813253,2,0,0.0,keep,none,1,0,keep,False,False,False,False,True,False,False,[],0.034027746140998225
130,0.537280469842843,0.5172804698428429,0.2536712309293855,0.24859780631079778,0.6268356154646928,0.014297367467372415,0.0016817928305074296,0.49026908484813253,2,0,0.0,keep,none,1,0,keep,False,False,False,False,True,False,False,[],0.03403234156223928
131,0.537280469842843,0.5172804698428429,0.2536712309293855,0.24859780631079778,0.6268356154646928,0.014297367467372415,0.0016817928305074296,0.49026908484813253,2,0,0.0,keep,none,1,0,keep,False,False,False,False,True,False,False,[],0.03403509881498391
132,0.537280469842843,0.5172804698428429,0.2536712309293855,0.24859780631079778,0.6268356154646928,0.014297367467372415,0.0016817928305074296,0.49026908484813253,2,0,0.0,keep,none,1,0,keep,False,False,False,False,True,False,False,[],0.03403675316663069
133,0.537280469842843,0.5172804698428429,0.2536712309293855,0.24859780631079778,0.6268356154646928,0.014297367467372415,0.0016817928305074296,0.49026908484813253,2,0,0.0,keep,none,1,0,keep,False,False,False,False,True,False,False,[],0.03403774577761876
134,0.537280469842843,0.5172804698428429,0.2536712309293855,0.24859780631079778,0.6268356154646928,0.014297367467372415,0.0016817928305074296,0.49026908484813253,2,0,0.0,keep,none,1,0,keep,False,False,False,False,True,False,False,[],0.0340383413442116
135,0.537280469842843,0.5172804698428429,0.2536712309293855,0.24859780631079778,0.6268356154646928,0.014297367467372415,0.0016817928305074296,0.49026908484813253,2,0,0.0,keep,none,1,0,keep,False,False,False,False,True,False,False,[],0.034038698684167305
136,0.537280469842843,0.5172804698428429,0.2536712309293855,0.24859780631079778,0.6268356154646928,0.014297367467372415,0.0016817928305074296,0.49026908484813253,2,0,0.0,keep,none,1,0,keep,False,False,False,False,True,False,False,[],0.03403891308814073
137,0.537280469842843,0.5172804698428429,0.2536712309293855,0.24859780631079778,0.6268356154646928,0.014297367467372415,0.0016817928305074296,0.49026908484813253,2,0,0.0,keep,none,1,0,keep,False,False,False,False,True,False,False,[],0.03403904173052478
138,0.537280469842843,0.5172804698428429,0.2536712309293855,0.24859780631079778,0.6268356154646928,0.014297367467372415,0.0016817928305074296,0.49026908484813253,2,0,0.0,keep,none,1,0,keep,False,False,False,False,True,False,False,[],0.034039118915955215
139,0.537280469842843,0.5172804698428429,0.2536712309293855,0.24859780631079778,0.6268356154646928,0.014297367467372415,0.0016817928305074296,0.49026908484813253,2,0,0.0,keep,none,1,0,keep,False,False,False,False,True,False,False,[],0.03403916522721347
140,0.537280469842843,0.5172804698428429,0.2536712309293855,0.24859780631079778,0.6268356154646928,0.014297367467372415,0.0016817928305074296,0.49026908484813253,2,0,0.0,keep,none,1,0,keep,False,False,False,False,True,False,False,[],0.034039193013968426
141,0.537280469842843,0.5172804698428429,0.2536712309293855,0.24859780631079778,0.6268356154646928,0.014297367467372415,0.0016817928305074296,0.49026908484813253,2,0,0.0,keep,none,1,0,keep,False,False,False,False,True,False,False,[],0.0340392096860214
142,0.537280469842843,0.5172804698428429,0.2536712309293855,0.24859780631079778,0.6268356154646928,0.014297367467372415,0.0016817928305074296,0.49026908484813253,2,0,0.0,keep,none,1,0,keep,False,False,False,False,True,False,False,[],0.034039219689253185
143,0.537280469842843,0.5172804698428429,0.2536712309293855,0.24859780631079778,0.6268356154646928,0.014297367467372415,0.0016817928305074296,0.49026908484813253,2,0,0.0,keep,none,1,0,keep,False,False,False,False,True,False,False,[],0.034039225691192256
144,0.537280469842843,0.5172804698428429,0.2536712309293855,0.24859780631079778,0.6268356154646928,0.014297367467372415,0.0016817928305074296,0.49026908484813253,2,0,0.0,keep,none,1,0,keep,False,False,False,False,True,False,False,[],0.0340392292923557
145,0.537280469842843,0.5172804698428429,0.2536712309293855,0.24859780631079778,0.6268356154646928,0.014297367467372415,0.0016817928305074296,0.49026908484813253,2,0,0.0,keep,none,1,0,keep,False,False,False,False,True,False,False,[],0.034039231453053764
146,0.537280469842843,0.5172804698428429,0.2536712309293855,0.24859780631079778,0.6268356154646928,0.014297367467372415,0.0016817928305074296,0.49026908484813253,2,0,0.0,keep,none,1,0,keep,False,False,False,False,True,False,False,[],0.034039232749472605
147,0.537280469842843,0.5172804698428429,0.2536712309293855,0.24859780631079778,0.6268356154646928,0.014297367467372415,0.0016817928305074296,0.49026908484813253,2,0,0.0,keep,none,1,0,keep,False,False,False,False,True,False,False,[],0.03403923352732391
148,0.537280469842843,0.5172804698428429,0.2536712309293855,0.24859780631079778,0.6268356154646928,0.014297367467372415,0.0016817928305074296,0.49026908484813253,2,0,0.0,keep,none,1,0,keep,False,False,False,False,True,False,False,[],0.03403923399403469
149,0.537280469842843,0.5172804698428429,0.2536712309293855,0.24859780631079778,0.6268356154646928,0.014297367467372415,0.0016817928305074296,0.49026908484813253,2,0,0.0,keep,none,1,0,keep,False,False,False,False,True,False,False,[],0.03403923427406116
150,0.537280469842843,0.5172804698428429,0.2536712309293855,0.24859780631079778,0.6268356154646928,0.014297367467372415,0.0016817928305074296,0.49026908484813253,2,0,0.0,keep,none,1,0,keep,False,False,False,False,True,False,False,[],0.034039234442077036
151,0.537280469842843,0.5172804698428429,0.2536712309293855,0.24859780631079778,0.6268356154646928,0.014297367467372415,0.0016817928305074296,0.49026908484813253,2,0,0.0,keep,none,1,0,keep,False,False,False,False,True,False,False,[],0.034039234542886564
152,0.537280469842843,0.5172804698428429,0.2536712309293855,0.24859780631079778,0.6268356154646928,0.014297367467372415,0.0016817928305074296,0.49026908484813253,2,0,0.0,keep,none,1,0,keep,False,False,False,False,True,False,False,[],0.034039234603372284
153,0.537280469842843,0.5172804698428429,0.2536712309293855,0.24859780631079778,0.6268356154646928,0.014297367467372415,0.0016817928305074296,0.49026908484813253,2,0,0.0,keep,none,1,0,keep,False,False,False,False,True,False,False,[],0.03403923463966371
154,0.537280469842843,0.5172804698428429,0.2536712309293855,0.24859780631079778,0.6268356154646928,0.014297367467372415,0.0016817928305074296,0.49026908484813253,2,0,0.0,keep,none,1,0,keep,False,False,False,False,True,False,False,[],0.03403923466143857
155,0.537280469842843,0.5172804698428429,0.2536712309293855,0.24859780631079778,0.6268356154646928,0.014297367467372415,0.0016817928305074296,0.49026908484813253,2,0,0.0,keep,none,1,0,keep,False,False,False,False,True,False,False,[],0.03403923467450349
156,0.537280469842843,0.5172804698428429,0.2536712309293855,0.24859780631079778,0.6268356154646928,0.014297367467372415,0.0016817928305074296,0.49026908484813253,2,0,0.0,keep,none,1,0,keep,False,False,False,False,True,False,False,[],0.03403923468234244
157,0.537280469842843,0.5172804698428429,0.2536712309293855,0.24859780631079778,0.6268356154646928,0.014297367467372415,0.0016817928305074296,0.49026908484813253,2,0,0.0,keep,none,1,0,keep,False,False,False,False,True,False,False,[],0.03403923468704581
158,0.537280469842843,0.5172804698428429,0.2536712309293855,0.24859780631079778,0.6268356154646928,0.014297367467372415,0.0016817928305074296,0.49026908484813253,2,0,0.0,keep,none,1,0,keep,False,False,False,False,True,False,False,[],0.03403923468986783
159,0.537280469842843,0.5172804698428429,0.2536712309293855,0.24859780631079778,0.6268356154646928,0.014297367467372415,0.0016817928305074296,0.49026908484813253,2,0,0.0,keep,none,1,0,keep,False,False,False,False,True,False,False,[],0.034039234691561046
160,0.537280469842843,0.5172804698428429,0.2536712309293855,0.24859780631079778,0.6268356154646928,0.014297367467372415,0.0016817928305074296,0.49026908484813253,2,0,0.0,keep,none,1,0,keep,False,False,False,False,True,False,False,[],0.03403923469257697
161,0.537280469842843,0.5172804698428429,0.2536712309293855,0.24859780631079778,0.6268356154646928,0.014297367467372415,0.0016817928305074296,0.49026908484813253,2,0,0.0,keep,none,1,0,keep,False,False,False,False,True,False,False,[],0.034039234693186524
162,0.537280469842843,0.5172804698428429,0.2536712309293855,0.24859780631079778,0.6268356154646928,0.014297367467372415,0.0016817928305074296,0.49026908484813253,2,0,0.0,keep,none,1,0,keep,False,False,False,False,True,False,False,[],0.03403923469355226
163,0.537280469842843,0.5172804698428429,0.2536712309293855,0.24859780631079778,0.6268356154646928,0.014297367467372415,0.0016817928305074296,0.49026908484813253,2,0,0.0,keep,none,1,0,keep,False,False,False,False,True,False,False,[],0.0340392346937717
164,0.537280469842843,0.5172804698428429,0.2536712309293855,0.24859780631079778,0.6268356154646928,0.014297367467372415,0.0016817928305074296,0.49026908484813253,2,0,0.0,keep,none,1,0,keep,False,False,False,False,True,False,False,[],0.03403923469390337
165,0.537280469842843,0.5172804698428429,0.2536712309293855,0.24859780631079778,0.6268356154646928,0.014297367467372415,0.0016817928305074296,0.49026908484813253,2,0,0.0,keep,none,1,0,keep,False,False,False,False,True,False,False,[],0.034039234693982366
166,0.537280469842843,0.5172804698428429,0.2536712309293855,0.24859780631079778,0.6268356154646928,0.014297367467372415,0.0016817928305074296,0.49026908484813253,2,0,0.0,keep,none,1,0,keep,False,False,False,False,True,False,False,[],0.034039234694029766
167,0.537280469842843,0.5172804698428429,0.2536712309293855,0.24859780631079778,0.6268356154646928,0.014297367467372415,0.0016817928305074296,0.49026908484813253,2,0,0.0,keep,none,1,0,keep,False,False,False,False,True,False,False,[],0.0340392346940582
168,0.537280469842843,0.5172804698428429,0.2536712309293855,0.24859780631079778,0.6268356154646928,0.014297367467372415,0.0016817928305074296,0.49026908484813253,2,0,0.0,keep,none,1,0,keep,False,False,False,False,True,False,False,[],0.034039234694075264
169,0.537280469842843,0.5172804698428429,0.2536712309293855,0.24859780631079778,0.6268356154646928,0.014297367467372415,0.0016817928305074296,0.49026908484813253,2,0,0.0,keep,none,1,0,keep,False,False,False,False,True,False,False,[],0.034039234694085506
170,0.537280469842843,0.5172804698428429,0.2536712309293855,0.24859780631079778,0.6268356154646928,0.014297367467372415,0.0016817928305074296,0.49026908484813253,2,0,0.0,keep,none,1,0,keep,False,False,False,False,True,False,False,[],0.03403923469409165
171,0.537280469842843,0.5172804698428429,0.2536712309293855,0.24859780631079778,0.6268356154646928,0.014297367467372415,0.0016817928305074296,0.49026908484813253,2,0,0.0,keep,none,1,0,keep,False,False,False,False,True,False,False,[],0.03403923469409533
172,0.537280469842843,0.5172804698428429,0.2536712309293855,0.24859780631079778,0.6268356154646928,0.014297367467372415,0.0016817928305074296,0.49026908484813253,2,0,0.0,keep,none,1,0,keep,False,False,False,False,True,False,False,[],0.034039234694097545
173,0.537280469842843,0.5172804698428429,0.2536712309293855,0.24859780631079778,0.6268356154646928,0.014297367467372415,0.0016817928305074296,0.49026908484813253,2,0,0.0,keep,none,1,0,keep,False,False,False,False,True,False,False,[],0.03403923469409887
174,0.537280469842843,0.5172804698428429,0.2536712309293855,0.24859780631079778,0.6268356154646928,0.014297367467372415,0.0016817928305074296,0.49026908484813253,2,0,0.0,keep,none,1,0,keep,False,False,False,False,True,False,False,[],0.03403923469409967
175,0.537280469842843,0.5172804698428429,0.2536712309293855,0.24859780631079778,0.6268356154646928,0.014297367467372415,0.0016817928305074296,0.49026908484813253,2,0,0.0,keep,none,1,0,keep,False,False,False,False,True,False,False,[],0.03403923469410015
176,0.537280469842843,0.5172804698428429,0.2536712309293855,0.24859780631079778,0.6268356154646928,0.014297367467372415,0.0016817928305074296,0.49026908484813253,2,0,0.0,keep,none,1,0,keep,False,False,False,False,True,False,False,[],0.03403923469410043
177,0.537280469842843,0.5172804698428429,0.2536712309293855,0.24859780631079778,0.6268356154646928,0.014297367467372415,0.0016817928305074296,0.49026908484813253,2,0,0.0,keep,none,1,0,keep,False,False,False,False,True,False,False,[],0.034039234694100605
178,0.537280469842843,0.5172804698428429,0.2536712309293855,0.24859780631079778,0.6268356154646928,0.014297367467372415,0.0016817928305074296,0.49026908484813253,2,0,0.0,keep,none,1,0,keep,False,False,False,False,True,False,False,[],0.03403923469410071
179,0.537280469842843,0.5172804698428429,0.2536712309293855,0.24859780631079778,0.6268356154646928,0.014297367467372415,0.0016817928305074296,0.49026908484813253,2,0,0.0,keep,none,1,0,keep,False,False,False,False,True,False,False,[],0.03403923469410077
180,0.537280469842843,0.5172804698428429,0.2536712309293855,0.24859780631079778,0.6268356154646928,0.014297367467372415,0.0016817928305074296,0.49026908484813253,2,0,0.0,keep,none,1,0,keep,False,False,False,False,True,False,False,[],0.034039234694100806
181,0.537280469842843,0.5172804698428429,0.2536712309293855,0.24859780631079778,0.6268356154646928,0.014297367467372415,0.0016817928305074296,0.49026908484813253,2,0,0.0,keep,none,1,0,keep,False,False,False,False,True,False,False,[],0.03403923469410083
182,0.537280469842843,0.5172804698428429,0.2536712309293855,0.24859780631079778,0.6268356154646928,0.014297367467372415,0.0016817928305074296,0.49026908484813253,2,0,0.0,keep,none,1,0,keep,False,False,False,False,True,False,False,[],0.03403923469410084
183,0.537280469842843,0.5172804698428429,0.2536712309293855,0.24859780631079778,0.6268356154646928,0.014297367467372415,0.0016817928305074296,0.49026908484813253,2,0,0.0,keep,none,1,0,keep,False,False,False,False,True,False,False,[],0.03403923469410085
184,0.537280469842843,0.5172804698428429,0.2536712309293855,0.24859780631079778,0.6268356154646928,0.014297367467372415,0.0016817928305074296,0.49026908484813253,2,0,0.0,keep,none,1,0,keep,False,False,False,False,True,False,False,[],0.034039234694100855
185,0.537280469842843,0.5172804698428429,0.2536712309293855,0.24859780631079778,0.6268356154646928,0.014297367467372415,0.0016817928305074296,0.49026908484813253,2,0,0.0,keep,none,1,0,keep,False,False,False,False,True,False,False,[],0.034039234694100855
186,0.537280469842843,0.5172804698428429,0.2536712309293855,0.24859780631079778,0.6268356154646928,0.014297367467372415,0.0016817928305074296,0.49026908484813253,2,0,0.0,keep,none,1,0,keep,False,False,False,False,True,False,False,[],0.034039234694100855
187,0.537280469842843,0.5172804698428429,0.2536712309293855,0.24859780631079778,0.6268356154646928,0.014297367467372415,0.0016817928305074296,0.49026908484813253,2,0,0.0,keep,none,1,0,keep,False,False,False,False,True,False,False,[],0.034039234694100855
188,0.537280469842843,0.5172804698428429,0.2536712309293855,0.24859780631079778,0.6268356154646928,0.014297367467372415,0.0016817928305074296,0.49026908484813253,2,0,0.0,keep,none,1,0,keep,False,False,False,False,True,False,False,[],0.034039234694100855
189,0.537280469842843,0.5172804698428429,0.2536712309293855,0.24859780631079778,0.6268356154646928,0.014297367467372415,0.0016817928305074296,0.49026908484813253,2,0,0.0,keep,none,1,0,keep,False,False,False,False,True,False,False,[],0.034039234694100855
190,0.537280469842843,0.5172804698428429,0.2536712309293855,0.24859780631079778,0.6268356154646928,0.014297367467372415,0.0016817928305074296,0.49026908484813253,2,0,0.0,keep,none,1,0,keep,False,False,False,False,True,False,False,[],0.034039234694100855
191,0.5429348541693925,0.5229348541693924,0.24551312340298315,0.24060286093492347,0.6227565617014916,0.014297367467372415,0.0016817928305074296,0.49026908484813253,2,0,0.0,keep,none,1,0,keep,False,False,False,False,True,False,False,[],0.03262776062591113
192,0.537280469842843,0.5172804698428429,0.2536712309293855,0.24859780631079778,0.6268356154646928,0.014297367467372415,0.0016817928305074296,0.49026908484813253,2,0,0.0,keep,none,1,0,keep,False,False,False,False,True,False,False,[],0.03319235025318702
193,0.537280469842843,0.5172804698428429,0.2536712309293855,0.24859780631079778,0.6268356154646928,0.014297367467372415,0.0016817928305074296,0.49026908484813253,2,0,0.0,keep,none,1,0,keep,False,False,False,False,True,False,False,[],0.03353110402955256
194,0.537280469842843,0.5172804698428429,0.2536712309293855,0.24859780631079778,0.6268356154646928,0.014297367467372415,0.0016817928305074296,0.49026908484813253,2,0,0.0,keep,none,1,0,keep,False,False,False,False,True,False,False,[],0.03373435629537188
195,0.537280469842843,0.5172804698428429,0.2536712309293855,0.24859780631079778,0.6268356154646928,0.014297367467372415,0.0016817928305074296,0.49026908484813253,2,0,0.0,keep,none,1,0,keep,False,False,False,False,True,False,False,[],0.03385630765486347
196,0.5415961205823623,0.5215961205823623,0.24744463918285642,0.2424957463991993,0.6237223195914282,0.014297367467372415,0.0016817928305074296,0.49026908484813253,2,0,0.0,keep,none,1,0,keep,False,False,False,False,True,False,False,[],0.03283881215826851
197,0.537280469842843,0.5172804698428429,0.2536712309293855,0.24859780631079778,0.6268356154646928,0.014297367467372415,0.0016817928305074296,0.49026908484813253,2,0,0.0,keep,none,1,0,keep,False,False,False,False,True,False,False,[],0.03331898117260145
198,0.537280469842843,0.5172804698428429,0.2536712309293855,0.24859780631079778,0.6268356154646928,0.014297367467372415,0.0016817928305074296,0.49026908484813253,2,0,0.0,keep,none,1,0,keep,False,False,False,False,True,False,False,[],0.033607082581201216
199,0.537280469842843,0.5172804698428429,0.2536712309293855,0.24859780631079778,0.6268356154646928,0.014297367467372415,0.0016817928305074296,0.49026908484813253,2,0,0.0,keep,none,1,0,keep,False,False,False,False,True,False,False,[],0.03377994342636107
200,0.537280469842843,0.5172804698428429,0.2536712309293855,0.24859780631079778,0.6268356154646928,0.014297367467372415,0.0016817928305074296,0.49026908484813253,2,0,0.0,keep,none,1,0,keep,False,False,False,False,True,False,False,[],0.03388365993345699
201,0.537280469842843,0.5172804698428429,0.2536712309293855,0.24859780631079778,0.6268356154646928,0.014297367467372415,0.0016817928305074296,0.49026908484813253,2,0,0.0,keep,none,1,0,keep,False,False,False,False,True,False,False,[],0.03394588983771454
202,0.537280469842843,0.5172804698428429,0.2536712309293855,0.24859780631079778,0.6268356154646928,0.014297367467372415,0.0016817928305074296,0.49026908484813253,2,0,0.0,keep,none,1,0,keep,False,False,False,False,True,False,False,[],0.03398322778026907
203,0.537280469842843,0.5172804698428429,0.2536712309293855,0.24859780631079778,0.6268356154646928,0.014297367467372415,0.0016817928305074296,0.49026908484813253,2,0,0.0,keep,none,1,0,keep,False,False,False,False,True,False,False,[],0.03400563054580179
204,0.537280469842843,0.5172804698428429,0.2536712309293855,0.24859780631079778,0.6268356154646928,0.014297367467372415,0.0016817928305074296,0.49026908484813253,2,0,0.0,keep,none,1,0,keep,False,False,False,False,True,False,False,[],0.03401907220512142
205,0.537280469842843,0.5172804698428429,0.2536712309293855,0.24859780631079778,0.6268356154646928,0.014297367467372415,0.0016817928305074296,0.49026908484813253,2,0,0.0,keep,none,1,0,keep,False,False,False,False,True,False,False,[],0.034027137200713195
206,0.537280469842843,0.5172804698428429,0.2536712309293855,0.24859780631079778,0.6268356154646928,0.014297367467372415,0.0016817928305074296,0.49026908484813253,2,0,0.0,keep,none,1,0,keep,False,False,False,False,True,False,False,[],0.03403197619806826
207,0.537280469842843,0.5172804698428429,0.2536712309293855,0.24859780631079778,0.6268356154646928,0.014297367467372415,0.0016817928305074296,0.49026908484813253,2,0,0.0,keep,none,1,0,keep,False,False,False,False,True,False,False,[],0.0340348795964813
208,0.537280469842843,0.5172804698428429,0.2536712309293855,0.24859780631079778,0.6268356154646928,0.014297367467372415,0.0016817928305074296,0.49026908484813253,2,0,0.0,keep,none,1,0,keep,False,False,False,False,True,False,False,[],0.034036621635529125
209,0.537280469842843,0.5172804698428429,0.2536712309293855,0.24859780631079778,0.6268356154646928,0.014297367467372415,0.0016817928305074296,0.49026908484813253,2,0,0.0,keep,none,1,0,keep,False,False,False,False,True,False,False,[],0.03403766685895782
210,0.537280469842843,0.5172804698428429,0.2536712309293855,0.24859780631079778,0.6268356154646928,0.014297367467372415,0.0016817928305074296,0.49026908484813253,2,0,0.0,keep,none,1,0,keep,False,False,False,False,True,False,False,[],0.034038293993015035
211,0.537280469842843,0.5172804698428429,0.2536712309293855,0.24859780631079778,0.6268356154646928,0.014297367467372415,0.0016817928305074296,0.49026908484813253,2,0,0.0,keep,none,1,0,keep,False,False,False,False,True,False,False,[],0.03403867027344937
212,0.537280469842843,0.5172804698428429,0.2536712309293855,0.24859780631079778,0.6268356154646928,0.014297367467372415,0.0016817928305074296,0.49026908484813253,2,0,0.0,keep,none,1,0,keep,False,False,False,False,True,False,False,[],0.03403889604170997
213,0.537280469842843,0.5172804698428429,0.2536712309293855,0.24859780631079778,0.6268356154646928,0.014297367467372415,0.0016817928305074296,0.49026908484813253,2,0,0.0,keep,none,1,0,keep,False,False,False,False,True,False,False,[],0.03403903150266632
214,0.537280469842843,0.5172804698428429,0.2536712309293855,0.24859780631079778,0.6268356154646928,0.014297367467372415,0.0016817928305074296,0.49026908484813253,2,0,0.0,keep,none,1,0,keep,False,False,False,False,True,False,False,[],0.03403911277924014
215,0.537280469842843,0.5172804698428429,0.2536712309293855,0.24859780631079778,0.6268356154646928,0.014297367467372415,0.0016817928305074296,0.49026908484813253,2,0,0.0,keep,none,1,0,keep,False,False,False,False,True,False,False,[],0.03403916154518443
216,0.537280469842843,0.5172804698428429,0.2536712309293855,0.24859780631079778,0.6268356154646928,0.014297367467372415,0.0016817928305074296,0.49026908484813253,2,0,0.0,keep,none,1,0,keep,False,False,False,False,True,False,False,[],0.034039190804751006
217,0.537280469842843,0.5172804698428429,0.2536712309293855,0.24859780631079778,0.6268356154646928,0.014297367467372415,0.0016817928305074296,0.49026908484813253,2,0,0.0,keep,none,1,0,keep,False,False,False,False,True,False,False,[],0.03403920836049095
218,0.537280469842843,0.5172804698428429,0.2536712309293855,0.24859780631079778,0.6268356154646928,0.014297367467372415,0.0016817928305074296,0.49026908484813253,2,0,0.0,keep,none,1,0,keep,False,False,False,False,True,False,False,[],0.034039218893934915
219,0.537280469842843,0.5172804698428429,0.2536712309293855,0.24859780631079778,0.6268356154646928,0.014297367467372415,0.0016817928305074296,0.49026908484813253,2,0,0.0,keep,none,1,0,keep,False,False,False,False,True,False,False,[],0.034039225214001295
220,0.537280469842843,0.5172804698428429,0.2536712309293855,0.24859780631079778,0.6268356154646928,0.014297367467372415,0.0016817928305074296,0.49026908484813253,2,0,0.0,keep,none,1,0,keep,False,False,False,False,True,False,False,[],0.03403922900604112
221,0.537280469842843,0.5172804698428429,0.2536712309293855,0.24859780631079778,0.6268356154646928,0.014297367467372415,0.0016817928305074296,0.49026908484813253,2,0,0.0,keep,none,1,0,keep,False,False,False,False,True,False,False,[],0.03403923128126502
222,0.537280469842843,0.5172804698428429,0.2536712309293855,0.24859780631079778,0.6268356154646928,0.014297367467372415,0.0016817928305074296,0.49026908484813253,2,0,0.0,keep,none,1,0,keep,False,False,False,False,True,False,False,[],0.03403923264639936
223,0.537280469842843,0.5172804698428429,0.2536712309293855,0.24859780631079778,0.6268356154646928,0.014297367467372415,0.0016817928305074296,0.49026908484813253,2,0,0.0,keep,none,1,0,keep,False,False,False,False,True,False,False,[],0.03403923346547996
224,0.537280469842843,0.5172804698428429,0.2536712309293855,0.24859780631079778,0.6268356154646928,0.014297367467372415,0.0016817928305074296,0.49026908484813253,2,0,0.0,keep,none,1,0,keep,False,False,False,False,True,False,False,[],0.03403923395692832
225,0.537280469842843,0.5172804698428429,0.2536712309293855,0.24859780631079778,0.6268356154646928,0.014297367467372415,0.0016817928305074296,0.49026908484813253,2,0,0.0,keep,none,1,0,keep,False,False,False,False,True,False,False,[],0.03403923425179734
226,0.537280469842843,0.5172804698428429,0.2536712309293855,0.24859780631079778,0.6268356154646928,0.014297367467372415,0.0016817928305074296,0.49026908484813253,2,0,0.0,keep,none,1,0,keep,False,False,False,False,True,False,False,[],0.03403923442871875
227,0.537280469842843,0.5172804698428429,0.2536712309293855,0.24859780631079778,0.6268356154646928,0.014297367467372415,0.0016817928305074296,0.49026908484813253,2,0,0.0,keep,none,1,0,keep,False,False,False,False,True,False,False,[],0.03403923453487159
228,0.537280469842843,0.5172804698428429,0.2536712309293855,0.24859780631079778,0.6268356154646928,0.014297367467372415,0.0016817928305074296,0.49026908484813253,2,0,0.0,keep,none,1,0,keep,False,False,False,False,True,False,False,[],0.0340392345985633
229,0.537280469842843,0.5172804698428429,0.2536712309293855,0.24859780631079778,0.6268356154646928,0.014297367467372415,0.0016817928305074296,0.49026908484813253,2,0,0.0,keep,none,1,0,keep,False,False,False,False,True,False,False,[],0.034039234636778326
230,0.537280469842843,0.5172804698428429,0.2536712309293855,0.24859780631079778,0.6268356154646928,0.014297367467372415,0.0016817928305074296,0.49026908484813253,2,0,0.0,keep,none,1,0,keep,False,False,False,False,True,False,False,[],0.03403923465970734
231,0.537280469842843,0.5172804698428429,0.2536712309293855,0.24859780631079778,0.6268356154646928,0.014297367467372415,0.0016817928305074296,0.49026908484813253,2,0,0.0,keep,none,1,0,keep,False,False,False,False,True,False,False,[],0.03403923467346475
232,0.537280469842843,0.5172804698428429,0.2536712309293855,0.24859780631079778,0.6268356154646928,0.014297367467372415,0.0016817928305074296,0.49026908484813253,2,0,0.0,keep,none,1,0,keep,False,False,False,False,True,False,False,[],0.034039234681719197
233,0.537280469842843,0.5172804698428429,0.2536712309293855,0.24859780631079778,0.6268356154646928,0.014297367467372415,0.0016817928305074296,0.49026908484813253,2,0,0.0,keep,none,1,0,keep,False,False,False,False,True,False,False,[],0.03403923468667186
234,0.537280469842843,0.5172804698428429,0.2536712309293855,0.24859780631079778,0.6268356154646928,0.014297367467372415,0.0016817928305074296,0.49026908484813253,2,0,0.0,keep,none,1,0,keep,False,False,False,False,True,False,False,[],0.03403923468964346
235,0.537280469842843,0.5172804698428429,0.2536712309293855,0.24859780631079778,0.6268356154646928,0.014297367467372415,0.0016817928305074296,0.49026908484813253,2,0,0.0,keep,none,1,0,keep,False,False,False,False,True,False,False,[],0.034039234691426425
236,0.537280469842843,0.5172804698428429,0.2536712309293855,0.24859780631079778,0.6268356154646928,0.014297367467372415,0.0016817928305074296,0.49026908484813253,2,0,0.0,keep,none,1,0,keep,False,False,False,False,True,False,False,[],0.0340392346924962
237,0.537280469842843,0.5172804698428429,0.2536712309293855,0.24859780631079778,0.6268356154646928,0.014297367467372415,0.0016817928305074296,0.49026908484813253,2,0,0.0,keep,none,1,0,keep,False,False,False,False,True,False,False,[],0.03403923469313806
238,0.537280469842843,0.5172804698428429,0.2536712309293855,0.24859780631079778,0.6268356154646928,0.014297367467372415,0.0016817928305074296,0.49026908484813253,2,0,0.0,keep,none,1,0,keep,False,False,False,False,True,False,False,[],0.034039234693523185
239,0.537280469842843,0.5172804698428429,0.2536712309293855,0.24859780631079778,0.6268356154646928,0.014297367467372415,0.0016817928305074296,0.49026908484813253,2,0,0.0,keep,none,1,0,keep,False,False,False,False,True,False,False,[],0.03403923469375426
240,0.537280469842843,0.5172804698428429,0.2536712309293855,0.24859780631079778,0.6268356154646928,0.014297367467372415,0.0016817928305074296,0.49026908484813253,2,0,0.0,keep,none,1,0,keep,False,False,False,False,True,False,False,[],0.034039234693892896
241,0.537280469842843,0.5172804698428429,0.2536712309293855,0.24859780631079778,0.6268356154646928,0.014297367467372415,0.0016817928305074296,0.49026908484813253,2,0,0.0,keep,none,1,0,keep,False,False,False,False,True,False,False,[],0.03403923469397608
242,0.537280469842843,0.5172804698428429,0.2536712309293855,0.24859780631079778,0.6268356154646928,0.014297367467372415,0.0016817928305074296,0.49026908484813253,2,0,0.0,keep,none,1,0,keep,False,False,False,False,True,False,False,[],0.03403923469402599
243,0.537280469842843,0.5172804698428429,0.2536712309293855,0.24859780631079778,0.6268356154646928,0.014297367467372415,0.0016817928305074296,0.49026908484813253,2,0,0.0,keep,none,1,0,keep,False,False,False,False,True,False,False,[],0.03403923469405594
244,0.537280469842843,0.5172804698428429,0.2536712309293855,0.24859780631079778,0.6268356154646928,0.014297367467372415,0.0016817928305074296,0.49026908484813253,2,0,0.0,keep,none,1,0,keep,False,False,False,False,True,False,False,[],0.03403923469407391
245,0.537280469842843,0.5172804698428429,0.2536712309293855,0.24859780631079778,0.6268356154646928,0.014297367467372415,0.0016817928305074296,0.49026908484813253,2,0,0.0,keep,none,1,0,keep,False,False,False,False,True,False,False,[],0.034039234694084694
246,0.537280469842843,0.5172804698428429,0.2536712309293855,0.24859780631079778,0.6268356154646928,0.014297367467372415,0.0016817928305074296,0.49026908484813253,2,0,0.0,keep,none,1,0,keep,False,False,False,False,True,False,False,[],0.03403923469409116
247,0.537280469842843,0.5172804698428429,0.2536712309293855,0.24859780631079778,0.6268356154646928,0.014297367467372415,0.0016817928305074296,0.49026908484813253,2,0,0.0,keep,none,1,0,keep,False,False,False,False,True,False,False,[],0.03403923469409504
248,0.537280469842843,0.5172804698428429,0.2536712309293855,0.24859780631079778,0.6268356154646928,0.014297367467372415,0.0016817928305074296,0.49026908484813253,2,0,0.0,keep,none,1,0,keep,False,False,False,False,True,False,False,[],0.03403923469409737
249,0.537280469842843,0.5172804698428429,0.2536712309293855,0.24859780631079778,0.6268356154646928,0.014297367467372415,0.0016817928305074296,0.49026908484813253,2,0,0.0,keep,none,1,0,keep,False,False,False,False,True,False,False,[],0.034039234694098766
250,0.537280469842843,0.5172804698428429,0.2536712309293855,0.24859780631079778,0.6268356154646928,0.014297367467372415,0.0016817928305074296,0.49026908484813253,2,0,0.0,keep,none,1,0,keep,False,False,False,False,True,False,False,[],0.034039234694099606
251,0.537280469842843,0.5172804698428429,0.2536712309293855,0.24859780631079778,0.6268356154646928,0.014297367467372415,0.0016817928305074296,0.49026908484813253,2,0,0.0,keep,none,1,0,keep,False,False,False,False,True,False,False,[],0.034039234694100105
252,0.537280469842843,0.5172804698428429,0.2536712309293855,0.24859780631079778,0.6268356154646928,0.014297367467372415,0.0016817928305074296,0.49026908484813253,2,0,0.0,keep,none,1,0,keep,False,False,False,False,True,False,False,[],0.03403923469410041
253,0.537280469842843,0.5172804698428429,0.2536712309293855,0.24859780631079778,0.6268356154646928,0.014297367467372415,0.0016817928305074296,0.49026908484813253,2,0,0.0,keep,none,1,0,keep,False,False,False,False,True,False,False,[],0.03403923469410059
254,0.537280469842843,0.5172804698428429,0.2536712309293855,0.24859780631079778,0.6268356154646928,0.014297367467372415,0.0016817928305074296,0.49026908484813253,2,0,0.0,keep,none,1,0,keep,False,False,False,False,True,False,False,[],0.0340392346941007
255,0.537280469842843,0.5172804698428429,0.2536712309293855,0.24859780631079778,0.6268356154646928,0.014297367467372415,0.0016817928305074296,0.49026908484813253,2,0,0.0,keep,none,1,0,keep,False,False,False,False,True,False,False,[],0.034039234694100765
256,0.537280469842843,0.5172804698428429,0.2536712309293855,0.24859780631079778,0.6268356154646928,0.014297367467372415,0.0016817928305074296,0.49026908484813253,2,0,0.0,keep,none,1,0,keep,False,False,False,False,True,False,False,[],0.034039234694100806
257,0.537280469842843,0.5172804698428429,0.2536712309293855,0.24859780631079778,0.6268356154646928,0.014297367467372415,0.0016817928305074296,0.49026908484813253,2,0,0.0,keep,none,1,0,keep,False,False,False,False,True,False,False,[],0.03403923469410083
258,0.537280469842843,0.5172804698428429,0.2536712309293855,0.24859780631079778,0.6268356154646928,0.014297367467372415,0.0016817928305074296,0.49026908484813253,2,0,0.0,keep,none,1,0,keep,False,False,False,False,True,False,False,[],0.03403923469410084
259,0.537280469842843,0.5172804698428429,0.2536712309293855,0.24859780631079778,0.6268356154646928,0.014297367467372415,0.0016817928305074296,0.49026908484813253,2,0,0.0,keep,none,1,0,keep,False,False,False,False,True,False,False,[],0.03403923469410085
260,0.537280469842843,0.5172804698428429,0.2536712309293855,0.24859780631079778,0.6268356154646928,0.014297367467372415,0.0016817928305074296,0.49026908484813253,2,0,0.0,keep,none,1,0,keep,False,False,False,False,True,False,False,[],0.034039234694100855
261,0.537280469842843,0.5172804698428429,0.2536712309293855,0.24859780631079778,0.6268356154646928,0.014297367467372415,0.0016817928305074296,0.49026908484813253,2,0,0.0,keep,none,1,0,keep,False,False,False,False,True,False,False,[],0.034039234694100855
262,0.537280469842843,0.5172804698428429,0.2536712309293855,0.24859780631079778,0.6268356154646928,0.014297367467372415,0.0016817928305074296,0.49026908484813253,2,0,0.0,keep,none,1,0,keep,False,False,False,False,True,False,False,[],0.034039234694100855
263,0.537280469842843,0.5172804698428429,0.2536712309293855,0.24859780631079778,0.6268356154646928,0.014297367467372415,0.0016817928305074296,0.49026908484813253,2,0,0.0,keep,none,1,0,keep,False,False,False,False,True,False,False,[],0.034039234694100855
264,0.537280469842843,0.5172804698428429,0.2536712309293855,0.24859780631079778,0.6268356154646928,0.014297367467372415,0.0016817928305074296,0.49026908484813253,2,0,0.0,keep,none,1,0,keep,False,False,False,False,True,False,False,[],0.034039234694100855
265,0.537280469842843,0.5172804698428429,0.2536712309293855,0.24859780631079778,0.6268356154646928,0.014297367467372415,0.0016817928305074296,0.49026908484813253,2,0,0.0,keep,none,1,0,keep,False,False,False,False,True,False,False,[],0.034039234694100855
266,0.537280469842843,0.5172804698428429,0.2536712309293855,0.24859780631079778,0.6268356154646928,0.014297367467372415,0.0016817928305074296,0.49026908484813253,2,0,0.0,keep,none,1,0,keep,False,False,False,False,True,False,False,[],0.034039234694100855
267,0.5396605559615619,0.5196605559615619,0.2502372587482876,0.24523251357332185,0.6251186293741438,0.014297367467372415,0.0016817928305074296,0.49026908484813253,2,0,0.0,keep,none,1,0,keep,False,False,False,False,True,False,False,[],0.03342686440795368
268,0.5382209819443676,0.5182209819443676,0.2523142664198996,0.24726798109150164,0.6261571332099498,0.014297367467372415,0.0016817928305074296,0.49026908484813253,2,0,0.0,keep,none,1,0,keep,False,False,False,False,True,False,False,[],0.03342657268426282
269,0.5388267988919252,0.5188267988919252,0.2514401978186046,0.24641139386223251,0.6257200989093024,0.014297367467372415,0.0016817928305074296,0.49026908484813253,2,0,0.0,keep,none,1,0,keep,False,False,False,False,True,False,False,[],0.033270693886953306
270,0.537280469842843,0.5172804698428429,0.2536712309293855,0.24859780631079778,0.6268356154646928,0.014297367467372415,0.0016817928305074296,0.49026908484813253,2,0,0.0,keep,none,1,0,keep,False,False,False,False,True,False,False,[],0.03357811020981233
271,0.537280469842843,0.5172804698428429,0.2536712309293855,0.24859780631079778,0.6268356154646928,0.014297367467372415,0.0016817928305074296,0.49026908484813253,2,0,0.0,keep,none,1,0,keep,False,False,False,False,True,False,False,[],0.033762560003527745
272,0.537280469842843,0.5172804698428429,0.2536712309293855,0.24859780631079778,0.6268356154646928,0.014297367467372415,0.0016817928305074296,0.49026908484813253,2,0,0.0,keep,none,1,0,keep,False,False,False,False,True,False,False,[],0.033873229879756994
273,0.537280469842843,0.5172804698428429,0.2536712309293855,0.24859780631079778,0.6268356154646928,0.014297367467372415,0.0016817928305074296,0.49026908484813253,2,0,0.0,keep,none,1,0,keep,False,False,False,False,True,False,False,[],0.033939631805494544
274,0.537280469842843,0.5172804698428429,0.2536712309293855,0.24859780631079778,0.6268356154646928,0.014297367467372415,0.0016817928305074296,0.49026908484813253,2,0,0.0,keep,none,1,0,keep,False,False,False,False,True,False,False,[],0.03397947296093707
275,0.537280469842843,0.5172804698428429,0.2536712309293855,0.24859780631079778,0.6268356154646928,0.014297367467372415,0.0016817928305074296,0.49026908484813253,2,0,0.0,keep,none,1,0,keep,False,False,False,False,True,False,False,[],0.03400337765420259
276,0.537280469842843,0.5172804698428429,0.2536712309293855,0.24859780631079778,0.6268356154646928,0.014297367467372415,0.0016817928305074296,0.49026908484813253,2,0,0.0,keep,none,1,0,keep,False,False,False,False,True,False,False,[],0.0340177204701619
277,0.537280469842843,0.5172804698428429,0.2536712309293855,0.24859780631079778,0.6268356154646928,0.014297367467372415,0.0016817928305074296,0.49026908484813253,2,0,0.0,keep,none,1,0,keep,False,False,False,False,True,False,False,[],0.03402632615973748
278,0.537280469842843,0.5172804698428429,0.2536712309293855,0.24859780631079778,0.6268356154646928,0.014297367467372415,0.0016817928305074296,0.49026908484813253,2,0,0.0,keep,none,1,0,keep,False,False,False,False,True,False,False,[],0.034031489573482836
279,0.537280469842843,0.5172804698428429,0.2536712309293855,0.24859780631079778,0.6268356154646928,0.014297367467372415,0.0016817928305074296,0.49026908484813253,2,0,0.0,keep,none,1,0,keep,False,False,False,False,True,False,False,[],0.03403458762173005
280,0.537280469842843,0.5172804698428429,0.2536712309293855,0.24859780631079778,0.6268356154646928,0.014297367467372415,0.0016817928305074296,0.49026908484813253,2,0,0.0,keep,none,1,0,keep,False,False,False,False,True,False,False,[],0.034036446450678375
281,0.537280469842843,0.5172804698428429,0.2536712309293855,0.24859780631079778,0.6268356154646928,0.014297367467372415,0.0016817928305074296,0.49026908484813253,2,0,0.0,keep,none,1,0,keep,False,False,False,False,True,False,False,[],0.03403756174804737
282,0.537280469842843,0.5172804698428429,0.2536712309293855,0.24859780631079778,0.6268356154646928,0.014297367467372415,0.0016817928305074296,0.49026908484813253,2,0,0.0,keep,none,1,0,keep,False,False,False,False,True,False,False,[],0.034038230926468765
283,0.537280469842843,0.5172804698428429,0.2536712309293855,0.24859780631079778,0.6268356154646928,0.014297367467372415,0.0016817928305074296,0.49026908484813253,2,0,0.0,keep,none,1,0,keep,False,False,False,False,True,False,False,[],0.03403863243352161
284,0.537280469842843,0.5172804698428429,0.2536712309293855,0.24859780631079778,0.6268356154646928,0.014297367467372415,0.0016817928305074296,0.49026908484813253,2,0,0.0,keep,none,1,0,keep,False,False,False,False,True,False,False,[],0.03403887333775331
285,0.5384192419949474,0.5184192419949474,0.252028218157629,0.2469876537944764,0.6260141090788145,0.014297367467372415,0.0016817928305074296,0.49026908484813253,2,0,0.0,keep,none,1,0,keep,False,False,False,False,True,False,False,[],0.033742628339212065
286,0.537280469842843,0.5172804698428429,0.2536712309293855,0.24859780631079778,0.6268356154646928,0.014297367467372415,0.0016817928305074296,0.49026908484813253,2,0,0.0,keep,none,1,0,keep,False,False,False,False,True,False,False,[],0.03386127088116758
287,0.537280469842843,0.5172804698428429,0.2536712309293855,0.24859780631079778,0.6268356154646928,0.014297367467372415,0.0016817928305074296,0.49026908484813253,2,0,0.0,keep,none,1,0,keep,False,False,False,False,True,False,False,[],0.03393245640634089
288,0.537280469842843,0.5172804698428429,0.2536712309293855,0.24859780631079778,0.6268356154646928,0.014297367467372415,0.0016817928305074296,0.49026908484813253,2,0,0.0,keep,none,1,0,keep,False,False,False,False,True,False,False,[],0.03397516772144488
289,0.537280469842843,0.5172804698428429,0.2536712309293855,0.24859780631079778,0.6268356154646928,0.014297367467372415,0.0016817928305074296,0.49026908484813253,2,0,0.0,keep,none,1,0,keep,False,False,False,False,True,False,False,[],0.03400079451050727
290,0.537280469842843,0.5172804698428429,0.2536712309293855,0.24859780631079778,0.6268356154646928,0.014297367467372415,0.0016817928305074296,0.49026908484813253,2,0,0.0,keep,none,1,0,keep,False,False,False,False,True,False,False,[],0.0340161705839447
291,0.537280469842843,0.5172804698428429,0.2536712309293855,0.24859780631079778,0.6268356154646928,0.014297367467372415,0.0016817928305074296,0.49026908484813253,2,0,0.0,keep,none,1,0,keep,False,False,False,False,True,False,False,[],0.03402539622800717
292,0.537280469842843,0.5172804698428429,0.2536712309293855,0.24859780631079778,0.6268356154646928,0.014297367467372415,0.0016817928305074296,0.49026908484813253,2,0,0.0,keep,none,1,0,keep,False,False,False,False,True,False,False,[],0.03403093161444465
293,0.537280469842843,0.5172804698428429,0.2536712309293855,0.24859780631079778,0.6268356154646928,0.014297367467372415,0.0016817928305074296,0.49026908484813253,2,0,0.0,keep,none,1,0,keep,False,False,False,False,True,False,False,[],0.034034252846307136
294,0.537280469842843,0.5172804698428429,0.2536712309293855,0.24859780631079778,0.6268356154646928,0.014297367467372415,0.0016817928305074296,0.49026908484813253,2,0,0.0,keep,none,1,0,keep,False,False,False,False,True,False,False,[],0.034036245585424625
295,0.5390707680186415,0.5190707680186415,0.25108820080992433,0.24606643679372583,0.6255441004049622,0.014297367467372415,0.0016817928305074296,0.49026908484813253,2,0,0.0,keep,none,1,0,keep,False,False,False,False,True,False,False,[],0.033574289881067275
296,0.537280469842843,0.5172804698428429,0.2536712309293855,0.24859780631079778,0.6268356154646928,0.014297367467372415,0.0016817928305074296,0.49026908484813253,2,0,0.0,keep,none,1,0,keep,False,False,False,False,True,False,False,[],0.03376026780628071
297,0.537280469842843,0.5172804698428429,0.2536712309293855,0.24859780631079778,0.6268356154646928,0.014297367467372415,0.0016817928305074296,0.49026908484813253,2,0,0.0,keep,none,1,0,keep,False,False,False,False,True,False,False,[],0.033871854561408773
298,0.537280469842843,0.5172804698428429,0.2536712309293855,0.24859780631079778,0.6268356154646928,0.014297367467372415,0.0016817928305074296,0.49026908484813253,2,0,0.0,keep,none,1,0,keep,False,False,False,False,True,False,False,[],0.03393880661448561
299,0.537280469842843,0.5172804698428429,0.2536712309293855,0.24859780631079778,0.6268356154646928,0.014297367467372415,0.0016817928305074296,0.49026908484813253,2,0,0.0,keep,none,1,0,keep,False,False,False,False,True,False,False,[],0.033978977846331714
300,0.537280469842843,0.5172804698428429,0.2536712309293855,0.24859780631079778,0.6268356154646928,0.014297367467372415,0.0016817928305074296,0.49026908484813253,2,0,0.0,keep,none,1,0,keep,False,False,False,False,True,False,False,[],0.034003080585439376
301,0.537280469842843,0.5172804698428429,0.2536712309293855,0.24859780631079778,0.6268356154646928,0.014297367467372415,0.0016817928305074296,0.49026908484813253,2,0,0.0,keep,none,1,0,keep,False,False,False,False,True,False,False,[],0.03401754222890397
302,0.537280469842843,0.5172804698428429,0.2536712309293855,0.24859780631079778,0.6268356154646928,0.014297367467372415,0.0016817928305074296,0.49026908484813253,2,0,0.0,keep,none,1,0,keep,False,False,False,False,True,False,False,[],0.03402621921498273
303,0.537280469842843,0.5172804698428429,0.2536712309293855,0.24859780631079778,0.6268356154646928,0.014297367467372415,0.0016817928305074296,0.49026908484813253,2,0,0.0,keep,none,1,0,keep,False,False,False,False,True,False,False,[],0.034031425406629984
304,0.537280469842843,0.5172804698428429,0.2536712309293855,0.24859780631079778,0.6268356154646928,0.014297367467372415,0.0016817928305074296,0.49026908484813253,2,0,0.0,keep,none,1,0,keep,False,False,False,False,True,False,False,[],0.03403454912161834
305,0.537280469842843,0.5172804698428429,0.2536712309293855,0.24859780631079778,0.6268356154646928,0.014297367467372415,0.0016817928305074296,0.49026908484813253,2,0,0.0,keep,none,1,0,keep,False,False,False,False,True,False,False,[],0.03403642335061135
306,0.537280469842843,0.5172804698428429,0.2536712309293855,0.24859780631079778,0.6268356154646928,0.014297367467372415,0.0016817928305074296,0.49026908484813253,2,0,0.0,keep,none,1,0,keep,False,False,False,False,True,False,False,[],0.034037547888007155
307,0.537280469842843,0.5172804698428429,0.2536712309293855,0.24859780631079778,0.6268356154646928,0.014297367467372415,0.0016817928305074296,0.49026908484813253,2,0,0.0,keep,none,1,0,keep,False,False,False,False,True,False,False,[],0.03403822261044464
308,0.537280469842843,0.5172804698428429,0.2536712309293855,0.24859780631079778,0.6268356154646928,0.014297367467372415,0.0016817928305074296,0.49026908484813253,2,0,0.0,keep,none,1,0,keep,False,False,False,False,True,False,False,[],0.03403862744390713
309,0.537280469842843,0.5172804698428429,0.2536712309293855,0.24859780631079778,0.6268356154646928,0.014297367467372415,0.0016817928305074296,0.49026908484813253,2,0,0.0,keep,none,1,0,keep,False,False,False,False,True,False,False,[],0.034038870343984624
310,0.537280469842843,0.5172804698428429,0.2536712309293855,0.24859780631079778,0.6268356154646928,0.014297367467372415,0.0016817928305074296,0.49026908484813253,2,0,0.0,keep,none,1,0,keep,False,False,False,False,True,False,False,[],0.03403901608403112
311,0.537280469842843,0.5172804698428429,0.2536712309293855,0.24859780631079778,0.6268356154646928,0.014297367467372415,0.0016817928305074296,0.49026908484813253,2,0,0.0,keep,none,1,0,keep,False,False,False,False,True,False,False,[],0.034039103528059014
312,0.537280469842843,0.5172804698428429,0.2536712309293855,0.24859780631079778,0.6268356154646928,0.014297367467372415,0.0016817928305074296,0.49026908484813253,2,0,0.0,keep,none,1,0,keep,False,False,False,False,True,False,False,[],0.03403915599447575
313,0.537280469842843,0.5172804698428429,0.2536712309293855,0.24859780631079778,0.6268356154646928,0.014297367467372415,0.0016817928305074296,0.49026908484813253,2,0,0.0,keep,none,1,0,keep,False,False,False,False,True,False,False,[],0.0340391874743258
314,0.537280469842843,0.5172804698428429,0.2536712309293855,0.24859780631079778,0.6268356154646928,0.014297367467372415,0.0016817928305074296,0.49026908484813253,2,0,0.0,keep,none,1,0,keep,False,False,False,False,True,False,False,[],0.03403920636223583
315,0.537280469842843,0.5172804698428429,0.2536712309293855,0.24859780631079778,0.6268356154646928,0.014297367467372415,0.0016817928305074296,0.49026908484813253,2,0,0.0,keep,none,1,0,keep,False,False,False,False,True,False,False,[],0.03403921769498184
316,0.537280469842843,0.5172804698428429,0.2536712309293855,0.24859780631079778,0.6268356154646928,0.014297367467372415,0.0016817928305074296,0.49026908484813253,2,0,0.0,keep,none,1,0,keep,False,False,False,False,True,False,False,[],0.03403922449462945
317,0.537280469842843,0.5172804698428429,0.2536712309293855,0.24859780631079778,0.6268356154646928,0.014297367467372415,0.0016817928305074296,0.49026908484813253,2,0,0.0,keep,none,1,0,keep,False,False,False,False,True,False,False,[],0.03403922857441801
318,0.537280469842843,0.5172804698428429,0.2536712309293855,0.24859780631079778,0.6268356154646928,0.014297367467372415,0.0016817928305074296,0.49026908484813253,2,0,0.0,keep,none,1,0,keep,False,False,False,False,True,False,False,[],0.03403923102229115
319,0.537280469842843,0.5172804698428429,0.2536712309293855,0.24859780631079778,0.6268356154646928,0.014297367467372415,0.0016817928305074296,0.49026908484813253,2,0,0.0,keep,none,1,0,keep,False,False,False,False,True,False,False,[],0.03403923249101504
320,0.537280469842843,0.5172804698428429,0.2536712309293855,0.24859780631079778,0.6268356154646928,0.014297367467372415,0.0016817928305074296,0.49026908484813253,2,0,0.0,keep,none,1,0,keep,False,False,False,False,True,False,False,[],0.034039233372249365
321,0.537280469842843,0.5172804698428429,0.2536712309293855,0.24859780631079778,0.6268356154646928,0.014297367467372415,0.0016817928305074296,0.49026908484813253,2,0,0.0,keep,none,1,0,keep,False,False,False,False,True,False,False,[],0.034039233900989965
322,0.537280469842843,0.5172804698428429,0.2536712309293855,0.24859780631079778,0.6268356154646928,0.014297367467372415,0.0016817928305074296,0.49026908484813253,2,0,0.0,keep,none,1,0,keep,False,False,False,False,True,False,False,[],0.03403923421823432
323,0.537280469842843,0.5172804698428429,0.2536712309293855,0.24859780631079778,0.6268356154646928,0.014297367467372415,0.0016817928305074296,0.49026908484813253,2,0,0.0,keep,none,1,0,keep,False,False,False,False,True,False,False,[],0.034039234408580935
324,0.537280469842843,0.5172804698428429,0.2536712309293855,0.24859780631079778,0.6268356154646928,0.014297367467372415,0.0016817928305074296,0.49026908484813253,2,0,0.0,keep,none,1,0,keep,False,False,False,False,True,False,False,[],0.034039234522788904
325,0.537280469842843,0.5172804698428429,0.2536712309293855,0.24859780631079778,0.6268356154646928,0.014297367467372415,0.0016817928305074296,0.49026908484813253,2,0,0.0,keep,none,1,0,keep,False,False,False,False,True,False,False,[],0.03403923459131369
326,0.537280469842843,0.5172804698428429,0.2536712309293855,0.24859780631079778,0.6268356154646928,0.014297367467372415,0.0016817928305074296,0.49026908484813253,2,0,0.0,keep,none,1,0,keep,False,False,False,False,True,False,False,[],0.034039234632428556
327,0.537280469842843,0.5172804698428429,0.2536712309293855,0.24859780631079778,0.6268356154646928,0.014297367467372415,0.0016817928305074296,0.49026908484813253,2,0,0.0,keep,none,1,0,keep,False,False,False,False,True,False,False,[],0.034039234657097475
328,0.537280469842843,0.5172804698428429,0.2536712309293855,0.24859780631079778,0.6268356154646928,0.014297367467372415,0.0016817928305074296,0.49026908484813253,2,0,0.0,keep,none,1,0,keep,False,False,False,False,True,False,False,[],0.03403923467189883
329,0.537280469842843,0.5172804698428429,0.2536712309293855,0.24859780631079778,0.6268356154646928,0.014297367467372415,0.0016817928305074296,0.49026908484813253,2,0,0.0,keep,none,1,0,keep,False,False,False,False,True,False,False,[],0.03403923468077964
330,0.537280469842843,0.5172804698428429,0.2536712309293855,0.24859780631079778,0.6268356154646928,0.014297367467372415,0.0016817928305074296,0.49026908484813253,2,0,0.0,keep,none,1,0,keep,False,False,False,False,True,False,False,[],0.03403923468610813
331,0.537280469842843,0.5172804698428429,0.2536712309293855,0.24859780631079778,0.6268356154646928,0.014297367467372415,0.0016817928305074296,0.49026908484813253,2,0,0.0,keep,none,1,0,keep,False,False,False,False,True,False,False,[],0.034039234689305226
332,0.537280469842843,0.5172804698428429,0.2536712309293855,0.24859780631079778,0.6268356154646928,0.014297367467372415,0.0016817928305074296,0.49026908484813253,2,0,0.0,keep,none,1,0,keep,False,False,False,False,True,False,False,[],0.03403923469122348
333,0.537280469842843,0.5172804698428429,0.2536712309293855,0.24859780631079778,0.6268356154646928,0.014297367467372415,0.0016817928305074296,0.49026908484813253,2,0,0.0,keep,none,1,0,keep,False,False,False,False,True,False,False,[],0.03403923469237444
334,0.537280469842843,0.5172804698428429,0.2536712309293855,0.24859780631079778,0.6268356154646928,0.014297367467372415,0.0016817928305074296,0.49026908484813253,2,0,0.0,keep,none,1,0,keep,False,False,False,False,True,False,False,[],0.03403923469306501
335,0.537280469842843,0.5172804698428429,0.2536712309293855,0.24859780631079778,0.6268356154646928,0.014297367467372415,0.0016817928305074296,0.49026908484813253,2,0,0.0,keep,none,1,0,keep,False,False,False,False,True,False,False,[],0.03403923469347935
336,0.537280469842843,0.5172804698428429,0.2536712309293855,0.24859780631079778,0.6268356154646928,0.014297367467372415,0.0016817928305074296,0.49026908484813253,2,0,0.0,keep,none,1,0,keep,False,False,False,False,True,False,False,[],0.03403923469372796
337,0.537280469842843,0.5172804698428429,0.2536712309293855,0.24859780631079778,0.6268356154646928,0.014297367467372415,0.0016817928305074296,0.49026908484813253,2,0,0.0,keep,none,1,0,keep,False,False,False,False,True,False,False,[],0.03403923469387712
338,0.537280469842843,0.5172804698428429,0.2536712309293855,0.24859780631079778,0.6268356154646928,0.014297367467372415,0.0016817928305074296,0.49026908484813253,2,0,0.0,keep,none,1,0,keep,False,False,False,False,True,False,False,[],0.034039234693966615
339,0.537280469842843,0.5172804698428429,0.2536712309293855,0.24859780631079778,0.6268356154646928,0.014297367467372415,0.0016817928305074296,0.49026908484813253,2,0,0.0,keep,none,1,0,keep,False,False,False,False,True,False,False,[],0.034039234694020315
340,0.537280469842843,0.5172804698428429,0.2536712309293855,0.24859780631079778,0.6268356154646928,0.014297367467372415,0.0016817928305074296,0.49026908484813253,2,0,0.0,keep,none,1,0,keep,False,False,False,False,True,False,False,[],0.03403923469405253
341,0.537280469842843,0.5172804698428429,0.2536712309293855,0.24859780631079778,0.6268356154646928,0.014297367467372415,0.0016817928305074296,0.49026908484813253,2,0,0.0,keep,none,1,0,keep,False,False,False,False,True,False,False,[],0.034039234694071864
342,0.537280469842843,0.5172804698428429,0.2536712309293855,0.24859780631079778,0.6268356154646928,0.014297367467372415,0.0016817928305074296,0.49026908484813253,2,0,0.0,keep,none,1,0,keep,False,False,False,False,True,False,False,[],0.034039234694083466
343,0.537280469842843,0.5172804698428429,0.2536712309293855,0.24859780631079778,0.6268356154646928,0.014297367467372415,0.0016817928305074296,0.49026908484813253,2,0,0.0,keep,none,1,0,keep,False,False,False,False,True,False,False,[],0.034039234694090426
344,0.537280469842843,0.5172804698428429,0.2536712309293855,0.24859780631079778,0.6268356154646928,0.014297367467372415,0.0016817928305074296,0.49026908484813253,2,0,0.0,keep,none,1,0,keep,False,False,False,False,True,False,False,[],0.0340392346940946
345,0.537280469842843,0.5172804698428429,0.2536712309293855,0.24859780631079778,0.6268356154646928,0.014297367467372415,0.0016817928305074296,0.49026908484813253,2,0,0.0,keep,none,1,0,keep,False,False,False,False,True,False,False,[],0.03403923469409711
346,0.537280469842843,0.5172804698428429,0.2536712309293855,0.24859780631079778,0.6268356154646928,0.014297367467372415,0.0016817928305074296,0.49026908484813253,2,0,0.0,keep,none,1,0,keep,False,False,False,False,True,False,False,[],0.034039234694098607
347,0.537280469842843,0.5172804698428429,0.2536712309293855,0.24859780631079778,0.6268356154646928,0.014297367467372415,0.0016817928305074296,0.49026908484813253,2,0,0.0,keep,none,1,0,keep,False,False,False,False,True,False,False,[],0.03403923469409951
348,0.537280469842843,0.5172804698428429,0.2536712309293855,0.24859780631079778,0.6268356154646928,0.014297367467372415,0.0016817928305074296,0.49026908484813253,2,0,0.0,keep,none,1,0,keep,False,False,False,False,True,False,False,[],0.03403923469410005
349,0.537280469842843,0.5172804698428429,0.2536712309293855,0.24859780631079778,0.6268356154646928,0.014297367467372415,0.0016817928305074296,0.49026908484813253,2,0,0.0,keep,none,1,0,keep,False,False,False,False,True,False,False,[],0.034039234694100376
350,0.537280469842843,0.5172804698428429,0.2536712309293855,0.24859780631079778,0.6268356154646928,0.014297367467372415,0.0016817928305074296,0.49026908484813253,2,0,0.0,keep,none,1,0,keep,False,False,False,False,True,False,False,[],0.03403923469410057
351,0.537280469842843,0.5172804698428429,0.2536712309293855,0.24859780631079778,0.6268356154646928,0.014297367467372415,0.0016817928305074296,0.49026908484813253,2,0,0.0,keep,none,1,0,keep,False,False,False,False,True,False,False,[],0.03403923469410069
352,0.537280469842843,0.5172804698428429,0.2536712309293855,0.24859780631079778,0.6268356154646928,0.014297367467372415,0.0016817928305074296,0.49026908484813253,2,0,0.0,keep,none,1,0,keep,False,False,False,False,True,False,False,[],0.03403923469410076
353,0.537280469842843,0.5172804698428429,0.2536712309293855,0.24859780631079778,0.6268356154646928,0.014297367467372415,0.0016817928305074296,0.49026908484813253,2,0,0.0,keep,none,1,0,keep,False,False,False,False,True,False,False,[],0.0340392346941008
354,0.537280469842843,0.5172804698428429,0.2536712309293855,0.24859780631079778,0.6268356154646928,0.014297367467372415,0.0016817928305074296,0.49026908484813253,2,0,0.0,keep,none,1,0,keep,False,False,False,False,True,False,False,[],0.03403923469410083
355,0.537280469842843,0.5172804698428429,0.2536712309293855,0.24859780631079778,0.6268356154646928,0.014297367467372415,0.0016817928305074296,0.49026908484813253,2,0,0.0,keep,none,1,0,keep,False,False,False,False,True,False,False,[],0.03403923469410084
356,0.537280469842843,0.5172804698428429,0.2536712309293855,0.24859780631079778,0.6268356154646928,0.014297367467372415,0.0016817928305074296,0.49026908484813253,2,0,0.0,keep,none,1,0,keep,False,False,False,False,True,False,False,[],0.03403923469410085
357,0.537280469842843,0.5172804698428429,0.2536712309293855,0.24859780631079778,0.6268356154646928,0.014297367467372415,0.0016817928305074296,0.49026908484813253,2,0,0.0,keep,none,1,0,keep,False,False,False,False,True,False,False,[],0.034039234694100855
358,0.537280469842843,0.5172804698428429,0.2536712309293855,0.24859780631079778,0.6268356154646928,0.014297367467372415,0.0016817928305074296,0.49026908484813253,2,0,0.0,keep,none,1,0,keep,False,False,False,False,True,False,False,[],0.034039234694100855
359,0.537280469842843,0.5172804698428429,0.2536712309293855,0.24859780631079778,0.6268356154646928,0.014297367467372415,0.0016817928305074296,0.49026908484813253,2,0,0.0,keep,none,1,0,keep,False,False,False,False,True,False,False,[],0.034039234694100855
360,0.537280469842843,0.5172804698428429,0.2536712309293855,0.24859780631079778,0.6268356154646928,0.014297367467372415,0.0016817928305074296,0.49026908484813253,2,0,0.0,keep,none,1,0,keep,False,False,False,False,True,False,False,[],0.034039234694100855
361,0.537280469842843,0.5172804698428429,0.2536712309293855,0.24859780631079778,0.6268356154646928,0.014297367467372415,0.0016817928305074296,0.49026908484813253,2,0,0.0,keep,none,1,0,keep,False,False,False,False,True,False,False,[],0.034039234694100855
362,0.537280469842843,0.5172804698428429,0.2536712309293855,0.24859780631079778,0.6268356154646928,0.014297367467372415,0.0016817928305074296,0.49026908484813253,2,0,0.0,keep,none,1,0,keep,False,False,False,False,True,False,False,[],0.034039234694100855
363,0.537280469842843,0.5172804698428429,0.2536712309293855,0.24859780631079778,0.6268356154646928,0.014297367467372415,0.0016817928305074296,0.49026908484813253,2,0,0.0,keep,none,1,0,keep,False,False,False,False,True,False,False,[],0.034039234694100855
364,0.537280469842843,0.5172804698428429,0.2536712309293855,0.24859780631079778,0.6268356154646928,0.014297367467372415,0.0016817928305074296,0.49026908484813253,2,0,0.0,keep,none,1,0,keep,False,False,False,False,True,False,False,[],0.034039234694100855
365,0.537280469842843,0.5172804698428429,0.2536712309293855,0.24859780631079778,0.6268356154646928,0.014297367467372415,0.0016817928305074296,0.49026908484813253,2,0,0.0,keep,none,1,0,keep,False,False,False,False,True,False,False,[],0.034039234694100855
366,0.537280469842843,0.5172804698428429,0.2536712309293855,0.24859780631079778,0.6268356154646928,0.014297367467372415,0.0016817928305074296,0.49026908484813253,2,0,0.0,keep,none,1,0,keep,False,False,False,False,True,False,False,[],0.034039234694100855
367,0.537280469842843,0.5172804698428429,0.2536712309293855,0.24859780631079778,0.6268356154646928,0.014297367467372415,0.0016817928305074296,0.49026908484813253,2,0,0.0,keep,none,1,0,keep,False,False,False,False,True,False,False,[],0.034039234694100855
368,0.537280469842843,0.5172804698428429,0.2536712309293855,0.24859780631079778,0.6268356154646928,0.014297367467372415,0.0016817928305074296,0.49026908484813253,2,0,0.0,keep,none,1,0,keep,False,False,False,False,True,False,False,[],0.034039234694100855
369,0.537280469842843,0.5172804698428429,0.2536712309293855,0.24859780631079778,0.6268356154646928,0.014297367467372415,0.0016817928305074296,0.49026908484813253,2,0,0.0,keep,none,1,0,keep,False,False,False,False,True,False,False,[],0.034039234694100855
370,0.537280469842843,0.5172804698428429,0.2536712309293855,0.24859780631079778,0.6268356154646928,0.014297367467372415,0.0016817928305074296,0.49026908484813253,2,0,0.0,keep,none,1,0,keep,False,False,False,False,True,False,False,[],0.034039234694100855
371,0.537280469842843,0.5172804698428429,0.2536712309293855,0.24859780631079778,0.6268356154646928,0.014297367467372415,0.0016817928305074296,0.49026908484813253,2,0,0.0,keep,none,1,0,keep,False,False,False,False,True,False,False,[],0.034039234694100855
372,0.537280469842843,0.5172804698428429,0.2536712309293855,0.24859780631079778,0.6268356154646928,0.014297367467372415,0.0016817928305074296,0.49026908484813253,2,0,0.0,keep,none,1,0,keep,False,False,False,False,True,False,False,[],0.034039234694100855
373,0.537280469842843,0.5172804698428429,0.2536712309293855,0.24859780631079778,0.6268356154646928,0.014297367467372415,0.0016817928305074296,0.49026908484813253,2,0,0.0,keep,none,1,0,keep,False,False,False,False,True,False,False,[],0.034039234694100855
374,0.537280469842843,0.5172804698428429,0.2536712309293855,0.24859780631079778,0.6268356154646928,0.014297367467372415,0.0016817928305074296,0.49026908484813253,2,0,0.0,keep,none,1,0,keep,False,False,False,False,True,False,False,[],0.034039234694100855
375,0.537280469842843,0.5172804698428429,0.2536712309293855,0.24859780631079778,0.6268356154646928,0.014297367467372415,0.0016817928305074296,0.49026908484813253,2,0,0.0,keep,none,1,0,keep,False,False,False,False,True,False,False,[],0.034039234694100855
376,0.537280469842843,0.5172804698428429,0.2536712309293855,0.24859780631079778,0.6268356154646928,0.014297367467372415,0.0016817928305074296,0.49026908484813253,2,0,0.0,keep,none,1,0,keep,False,False,False,False,True,False,False,[],0.034039234694100855
377,0.537280469842843,0.5172804698428429,0.2536712309293855,0.24859780631079778,0.6268356154646928,0.014297367467372415,0.0016817928305074296,0.49026908484813253,2,0,0.0,keep,none,1,0,keep,False,False,False,False,True,False,False,[],0.034039234694100855
378,0.537280469842843,0.5172804698428429,0.2536712309293855,0.24859780631079778,0.6268356154646928,0.014297367467372415,0.0016817928305074296,0.49026908484813253,2,0,0.0,keep,none,1,0,keep,False,False,False,False,True,False,False,[],0.034039234694100855
379,0.537280469842843,0.5172804698428429,0.2536712309293855,0.24859780631079778,0.6268356154646928,0.014297367467372415,0.0016817928305074296,0.49026908484813253,2,0,0.0,keep,none,1,0,keep,False,False,False,False,True,False,False,[],0.034039234694100855
380,0.537280469842843,0.5172804698428429,0.2536712309293855,0.24859780631079778,0.6268356154646928,0.014297367467372415,0.0016817928305074296,0.49026908484813253,2,0,0.0,keep,none,1,0,keep,False,False,False,False,True,False,False,[],0.034039234694100855
381,0.537280469842843,0.5172804698428429,0.2536712309293855,0.24859780631079778,0.6268356154646928,0.014297367467372415,0.0016817928305074296,0.49026908484813253,2,0,0.0,keep,none,1,0,keep,False,False,False,False,True,False,False,[],0.034039234694100855
382,0.537280469842843,0.5172804698428429,0.2536712309293855,0.24859780631079778,0.6268356154646928,0.014297367467372415,0.0016817928305074296,0.49026908484813253,2,0,0.0,keep,none,1,0,keep,False,False,False,False,True,False,False,[],0.034039234694100855
383,0.537280469842843,0.5172804698428429,0.2536712309293855,0.24859780631079778,0.6268356154646928,0.014297367467372415,0.0016817928305074296,0.49026908484813253,2,0,0.0,keep,none,1,0,keep,False,False,False,False,True,False,False,[],0.034039234694100855
384,0.537280469842843,0.5172804698428429,0.2536712309293855,0.24859780631079778,0.6268356154646928,0.014297367467372415,0.0016817928305074296,0.49026908484813253,2,0,0.0,keep,none,1,0,keep,False,False,False,False,True,False,False,[],0.034039234694100855
385,0.537280469842843,0.5172804698428429,0.2536712309293855,0.24859780631079778,0.6268356154646928,0.014297367467372415,0.0016817928305074296,0.49026908484813253,2,0,0.0,keep,none,1,0,keep,False,False,False,False,True,False,False,[],0.034039234694100855
386,0.537280469842843,0.5172804698428429,0.2536712309293855,0.24859780631079778,0.6268356154646928,0.014297367467372415,0.0016817928305074296,0.49026908484813253,2,0,0.0,keep,none,1,0,keep,False,False,False,False,True,False,False,[],0.034039234694100855
387,0.537280469842843,0.5172804698428429,0.2536712309293855,0.24859780631079778,0.6268356154646928,0.014297367467372415,0.0016817928305074296,0.49026908484813253,2,0,0.0,keep,none,1,0,keep,False,False,False,False,True,False,False,[],0.034039234694100855
388,0.537280469842843,0.5172804698428429,0.2536712309293855,0.24859780631079778,0.6268356154646928,0.014297367467372415,0.0016817928305074296,0.49026908484813253,2,0,0.0,keep,none,1,0,keep,False,False,False,False,True,False,False,[],0.034039234694100855
389,0.53827421010048,0.51827421010048,0.2522374691956716,0.24719271981175814,0.6261187345978358,0.014297367467372415,0.0016817928305074296,0.49026908484813253,2,0,0.0,keep,none,1,0,keep,False,False,False,False,True,False,False,[],0.03378024377239984
390,0.537280469842843,0.5172804698428429,0.2536712309293855,0.24859780631079778,0.6268356154646928,0.014297367467372415,0.0016817928305074296,0.49026908484813253,2,0,0.0,keep,none,1,0,keep,False,False,False,False,True,False,False,[],0.03388384014108025
391,0.537280469842843,0.5172804698428429,0.2536712309293855,0.24859780631079778,0.6268356154646928,0.014297367467372415,0.0016817928305074296,0.49026908484813253,2,0,0.0,keep,none,1,0,keep,False,False,False,False,True,False,False,[],0.0339459979622885
392,0.537280469842843,0.5172804698428429,0.2536712309293855,0.24859780631079778,0.6268356154646928,0.014297367467372415,0.0016817928305074296,0.49026908484813253,2,0,0.0,keep,none,1,0,keep,False,False,False,False,True,False,False,[],0.033983292655013445
393,0.537280469842843,0.5172804698428429,0.2536712309293855,0.24859780631079778,0.6268356154646928,0.014297367467372415,0.0016817928305074296,0.49026908484813253,2,0,0.0,keep,none,1,0,keep,False,False,False,False,True,False,False,[],0.03400566947064841
394,0.537280469842843,0.5172804698428429,0.2536712309293855,0.24859780631079778,0.6268356154646928,0.014297367467372415,0.0016817928305074296,0.49026908484813253,2,0,0.0,keep,none,1,0,keep,False,False,False,False,True,False,False,[],0.03401909556002939
395,0.537280469842843,0.5172804698428429,0.2536712309293855,0.24859780631079778,0.6268356154646928,0.014297367467372415,0.0016817928305074296,0.49026908484813253,2,0,0.0,keep,none,1,0,keep,False,False,False,False,True,False,False,[],0.03402715121365798
396,0.537280469842843,0.5172804698428429,0.2536712309293855,0.24859780631079778,0.6268356154646928,0.014297367467372415,0.0016817928305074296,0.49026908484813253,2,0,0.0,keep,none,1,0,keep,False,False,False,False,True,False,False,[],0.03403198460583513
397,0.537280469842843,0.5172804698428429,0.2536712309293855,0.24859780631079778,0.6268356154646928,0.014297367467372415,0.0016817928305074296,0.49026908484813253,2,0,0.0,keep,none,1,0,keep,False,False,False,False,True,False,False,[],0.034034884641141426
398,0.537280469842843,0.5172804698428429,0.2536712309293855,0.24859780631079778,0.6268356154646928,0.014297367467372415,0.0016817928305074296,0.49026908484813253,2,0,0.0,keep,none,1,0,keep,False,False,False,False,True,False,False,[],0.0340366246623252
399,0.537280469842843,0.5172804698428429,0.2536712309293855,0.24859780631079778,0.6268356154646928,0.014297367467372415,0.0016817928305074296,0.49026908484813253,2,0,0.0,keep,none,1,0,keep,False,False,False,False,True,False,False,[],0.034037668675035465
400,0.537280469842843,0.5172804698428429,0.2536712309293855,0.24859780631079778,0.6268356154646928,0.014297367467372415,0.0016817928305074296,0.49026908484813253,2,0,0.0,keep,none,1,0,keep,False,False,False,False,True,False,False,[],0.034038295082661624
401,0.537280469842843,0.5172804698428429,0.2536712309293855,0.24859780631079778,0.6268356154646928,0.014297367467372415,0.0016817928305074296,0.49026908484813253,2,0,0.0,keep,none,1,0,keep,False,False,False,False,True,False,False,[],0.03403867092723732
402,0.537280469842843,0.5172804698428429,0.2536712309293855,0.24859780631079778,0.6268356154646928,0.014297367467372415,0.0016817928305074296,0.49026908484813253,2,0,0.0,keep,none,1,0,keep,False,False,False,False,True,False,False,[],0.03403889643398274
403,0.537280469842843,0.5172804698428429,0.2536712309293855,0.24859780631079778,0.6268356154646928,0.014297367467372415,0.0016817928305074296,0.49026908484813253,2,0,0.0,keep,none,1,0,keep,False,False,False,False,True,False,False,[],0.03403903173802999
404,0.537280469842843,0.5172804698428429,0.2536712309293855,0.24859780631079778,0.6268356154646928,0.014297367467372415,0.0016817928305074296,0.49026908484813253,2,0,0.0,keep,none,1,0,keep,False,False,False,False,True,False,False,[],0.03403911292045834
405,0.537280469842843,0.5172804698428429,0.2536712309293855,0.24859780631079778,0.6268356154646928,0.014297367467372415,0.0016817928305074296,0.49026908484813253,2,0,0.0,keep,none,1,0,keep,False,False,False,False,True,False,False,[],0.03403916162991535
406,0.537280469842843,0.5172804698428429,0.2536712309293855,0.24859780631079778,0.6268356154646928,0.014297367467372415,0.0016817928305074296,0.49026908484813253,2,0,0.0,keep,none,1,0,keep,False,False,False,False,True,False,False,[],0.034039190855589554
407,0.537280469842843,0.5172804698428429,0.2536712309293855,0.24859780631079778,0.6268356154646928,0.014297367467372415,0.0016817928305074296,0.49026908484813253,2,0,0.0,keep,none,1,0,keep,False,False,False,False,True,False,False,[],0.03403920839099408
408,0.5392937402557004,0.5192937402557004,0.250766497971865,0.24575116801242772,0.6253832489859326,0.014297367467372415,0.0016817928305074296,0.49026908484813253,2,0,0.0,keep,none,1,0,keep,False,False,False,False,True,False,False,[],0.03351946112928354
409,0.537280469842843,0.5172804698428429,0.2536712309293855,0.24859780631079778,0.6268356154646928,0.014297367467372415,0.0016817928305074296,0.49026908484813253,2,0,0.0,keep,none,1,0,keep,False,False,False,False,True,False,False,[],0.03372737055521047
410,0.537280469842843,0.5172804698428429,0.2536712309293855,0.24859780631079778,0.6268356154646928,0.014297367467372415,0.0016817928305074296,0.49026908484813253,2,0,0.0,keep,none,1,0,keep,False,False,False,False,True,False,False,[],0.03385211621076663
411,0.537280469842843,0.5172804698428429,0.2536712309293855,0.24859780631079778,0.6268356154646928,0.014297367467372415,0.0016817928305074296,0.49026908484813253,2,0,0.0,keep,none,1,0,keep,False,False,False,False,True,False,False,[],0.03392696360410032
412,0.537280469842843,0.5172804698428429,0.2536712309293855,0.24859780631079778,0.6268356154646928,0.014297367467372415,0.0016817928305074296,0.49026908484813253,2,0,0.0,keep,none,1,0,keep,False,False,False,False,True,False,False,[],0.03397187204010054
413,0.537280469842843,0.5172804698428429,0.2536712309293855,0.24859780631079778,0.6268356154646928,0.014297367467372415,0.0016817928305074296,0.49026908484813253,2,0,0.0,keep,none,1,0,keep,False,False,False,False,True,False,False,[],0.03399881710170067
414,0.537280469842843,0.5172804698428429,0.2536712309293855,0.24859780631079778,0.6268356154646928,0.014297367467372415,0.0016817928305074296,0.49026908484813253,2,0,0.0,keep,none,1,0,keep,False,False,False,False,True,False,False,[],0.03401498413866075
415,0.537280469842843,0.5172804698428429,0.2536712309293855,0.24859780631079778,0.6268356154646928,0.014297367467372415,0.0016817928305074296,0.49026908484813253,2,0,0.0,keep,none,1,0,keep,False,False,False,False,True,False,False,[],0.03402468436083679
416,0.537280469842843,0.5172804698428429,0.2536712309293855,0.24859780631079778,0.6268356154646928,0.014297367467372415,0.0016817928305074296,0.49026908484813253,2,0,0.0,keep,none,1,0,keep,False,False,False,False,True,False,False,[],0.03403050449414242
417,0.537280469842843,0.5172804698428429,0.2536712309293855,0.24859780631079778,0.6268356154646928,0.014297367467372415,0.0016817928305074296,0.49026908484813253,2,0,0.0,keep,none,1,0,keep,False,False,False,False,True,False,False,[],0.03403399657412579
418,0.537280469842843,0.5172804698428429,0.2536712309293855,0.24859780631079778,0.6268356154646928,0.014297367467372415,0.0016817928305074296,0.49026908484813253,2,0,0.0,keep,none,1,0,keep,False,False,False,False,True,False,False,[],0.03403609182211582
419,0.537280469842843,0.5172804698428429,0.2536712309293855,0.24859780631079778,0.6268356154646928,0.014297367467372415,0.0016817928305074296,0.49026908484813253,2,0,0.0,keep,none,1,0,keep,False,False,False,False,True,False,False,[],0.034037348970909834
420,0.537280469842843,0.5172804698428429,0.2536712309293855,0.24859780631079778,0.6268356154646928,0.014297367467372415,0.0016817928305074296,0.49026908484813253,2,0,0.0,keep,none,1,0,keep,False,False,False,False,True,False,False,[],0.03403810326018625
421,0.537280469842843,0.5172804698428429,0.2536712309293855,0.24859780631079778,0.6268356154646928,0.014297367467372415,0.0016817928305074296,0.49026908484813253,2,0,0.0,keep,none,1,0,keep,False,False,False,False,True,False,False,[],0.03403855583375209
422,0.537280469842843,0.5172804698428429,0.2536712309293855,0.24859780631079778,0.6268356154646928,0.014297367467372415,0.0016817928305074296,0.49026908484813253,2,0,0.0,keep,none,1,0,keep,False,False,False,False,True,False,False,[],0.0340388273778916
423,0.537280469842843,0.5172804698428429,0.2536712309293855,0.24859780631079778,0.6268356154646928,0.014297367467372415,0.0016817928305074296,0.49026908484813253,2,0,0.0,keep,none,1,0,keep,False,False,False,False,True,False,False,[],0.03403899030437531
424,0.537280469842843,0.5172804698428429,0.2536712309293855,0.24859780631079778,0.6268356154646928,0.014297367467372415,0.0016817928305074296,0.49026908484813253,2,0,0.0,keep,none,1,0,keep,False,False,False,False,True,False,False,[],0.03403908806026553
425,0.537280469842843,0.5172804698428429,0.2536712309293855,0.24859780631079778,0.6268356154646928,0.014297367467372415,0.0016817928305074296,0.49026908484813253,2,0,0.0,keep,none,1,0,keep,False,False,False,False,True,False,False,[],0.034039146713799665
426,0.537280469842843,0.5172804698428429,0.2536712309293855,0.24859780631079778,0.6268356154646928,0.014297367467372415,0.0016817928305074296,0.49026908484813253,2,0,0.0,keep,none,1,0,keep,False,False,False,False,True,False,False,[],0.034039181905920146
427,0.537280469842843,0.5172804698428429,0.2536712309293855,0.24859780631079778,0.6268356154646928,0.014297367467372415,0.0016817928305074296,0.49026908484813253,2,0,0.0,keep,none,1,0,keep,False,False,False,False,True,False,False,[],0.034039203021192434
428,0.537280469842843,0.5172804698428429,0.2536712309293855,0.24859780631079778,0.6268356154646928,0.014297367467372415,0.0016817928305074296,0.49026908484813253,2,0,0.0,keep,none,1,0,keep,False,False,False,False,True,False,False,[],0.034039215690355805
429,0.537280469842843,0.5172804698428429,0.2536712309293855,0.24859780631079778,0.6268356154646928,0.014297367467372415,0.0016817928305074296,0.49026908484813253,2,0,0.0,keep,none,1,0,keep,False,False,False,False,True,False,False,[],0.034039223291853826
430,0.537280469842843,0.5172804698428429,0.2536712309293855,0.24859780631079778,0.6268356154646928,0.014297367467372415,0.0016817928305074296,0.49026908484813253,2,0,0.0,keep,none,1,0,keep,False,False,False,False,True,False,False,[],0.03403922785275264
431,0.537280469842843,0.5172804698428429,0.2536712309293855,0.24859780631079778,0.6268356154646928,0.014297367467372415,0.0016817928305074296,0.49026908484813253,2,0,0.0,keep,none,1,0,keep,False,False,False,False,True,False,False,[],0.034039230589291924
432,0.537280469842843,0.5172804698428429,0.2536712309293855,0.24859780631079778,0.6268356154646928,0.014297367467372415,0.0016817928305074296,0.49026908484813253,2,0,0.0,keep,none,1,0,keep,False,False,False,False,True,False,False,[],0.0340392322312155
433,0.537280469842843,0.5172804698428429,0.2536712309293855,0.24859780631079778,0.6268356154646928,0.014297367467372415,0.0016817928305074296,0.49026908484813253,2,0,0.0,keep,none,1,0,keep,False,False,False,False,True,False,False,[],0.034039233216369646
434,0.537280469842843,0.5172804698428429,0.2536712309293855,0.24859780631079778,0.6268356154646928,0.014297367467372415,0.0016817928305074296,0.49026908484813253,2,0,0.0,keep,none,1,0,keep,False,False,False,False,True,False,False,[],0.034039233807462134
435,0.537280469842843,0.5172804698428429,0.2536712309293855,0.24859780631079778,0.6268356154646928,0.014297367467372415,0.0016817928305074296,0.49026908484813253,2,0,0.0,keep,none,1,0,keep,False,False,False,False,True,False,False,[],0.034039234162117626
436,0.537280469842843,0.5172804698428429,0.2536712309293855,0.24859780631079778,0.6268356154646928,0.014297367467372415,0.0016817928305074296,0.49026908484813253,2,0,0.0,keep,none,1,0,keep,False,False,False,False,True,False,False,[],0.03403923437491092
437,0.537280469842843,0.5172804698428429,0.2536712309293855,0.24859780631079778,0.6268356154646928,0.014297367467372415,0.0016817928305074296,0.49026908484813253,2,0,0.0,keep,none,1,0,keep,False,False,False,False,True,False,False,[],0.0340392345025869
438,0.537280469842843,0.5172804698428429,0.2536712309293855,0.24859780631079778,0.6268356154646928,0.014297367467372415,0.0016817928305074296,0.49026908484813253,2,0,0.0,keep,none,1,0,keep,False,False,False,False,True,False,False,[],0.03403923457919248
439,0.537280469842843,0.5172804698428429,0.2536712309293855,0.24859780631079778,0.6268356154646928,0.014297367467372415,0.0016817928305074296,0.49026908484813253,2,0,0.0,keep,none,1,0,keep,False,False,False,False,True,False,False,[],0.03403923462515583
440,0.537280469842843,0.5172804698428429,0.2536712309293855,0.24859780631079778,0.6268356154646928,0.014297367467372415,0.0016817928305074296,0.49026908484813253,2,0,0.0,keep,none,1,0,keep,False,False,False,False,True,False,False,[],0.03403923465273384
441,0.537280469842843,0.5172804698428429,0.2536712309293855,0.24859780631079778,0.6268356154646928,0.014297367467372415,0.0016817928305074296,0.49026908484813253,2,0,0.0,keep,none,1,0,keep,False,False,False,False,True,False,False,[],0.034039234669280646
442,0.537280469842843,0.5172804698428429,0.2536712309293855,0.24859780631079778,0.6268356154646928,0.014297367467372415,0.0016817928305074296,0.49026908484813253,2,0,0.0,keep,none,1,0,keep,False,False,False,False,True,False,False,[],0.03403923467920873
443,0.5405216805954793,0.5205216805954793,0.24899483394101962,0.24401493726219922,0.6244974169705098,0.014297367467372415,0.0016817928305074296,0.49026908484813253,2,0,0.0,keep,none,1,0,keep,False,False,False,False,True,False,False,[],0.03321193080100894
444,0.537280469842843,0.5172804698428429,0.2536712309293855,0.24859780631079778,0.6268356154646928,0.014297367467372415,0.0016817928305074296,0.49026908484813253,2,0,0.0,keep,none,1,0,keep,False,False,False,False,True,False,False,[],0.03354285235824571
445,0.537280469842843,0.5172804698428429,0.2536712309293855,0.24859780631079778,0.6268356154646928,0.014297367467372415,0.0016817928305074296,0.49026908484813253,2,0,0.0,keep,none,1,0,keep,False,False,False,False,True,False,False,[],0.03374140529258777
446,0.537280469842843,0.5172804698428429,0.2536712309293855,0.24859780631079778,0.6268356154646928,0.014297367467372415,0.0016817928305074296,0.49026908484813253,2,0,0.0,keep,none,1,0,keep,False,False,False,False,True,False,False,[],0.03386053705319301
447,0.537280469842843,0.5172804698428429,0.2536712309293855,0.24859780631079778,0.6268356154646928,0.014297367467372415,0.0016817928305074296,0.49026908484813253,2,0,0.0,keep,none,1,0,keep,False,False,False,False,True,False,False,[],0.03393201610955615
448,0.537280469842843,0.5172804698428429,0.2536712309293855,0.24859780631079778,0.6268356154646928,0.014297367467372415,0.0016817928305074296,0.49026908484813253,2,0,0.0,keep,none,1,0,keep,False,False,False,False,True,False,False,[],0.033974903543374034
449,0.537280469842843,0.5172804698428429,0.2536712309293855,0.24859780631079778,0.6268356154646928,0.014297367467372415,0.0016817928305074296,0.49026908484813253,2,0,0.0,keep,none,1,0,keep,False,False,False,False,True,False,False,[],0.034000636003664764
450,0.5375576294266445,0.5175576294266445,0.25327134695333364,0.24820592001426697,0.6266356734766668,0.014297367467372415,0.0016817928305074296,0.49026908484813253,2,0,0.0,keep,none,1,0,keep,False,False,False,False,True,False,False,[],0.033943358178153346
451,0.537280469842843,0.5172804698428429,0.2536712309293855,0.24859780631079778,0.6268356154646928,0.014297367467372415,0.0016817928305074296,0.49026908484813253,2,0,0.0,keep,none,1,0,keep,False,False,False,False,True,False,False,[],0.033981708784532355
452,0.537280469842843,0.5172804698428429,0.2536712309293855,0.24859780631079778,0.6268356154646928,0.014297367467372415,0.0016817928305074296,0.49026908484813253,2,0,0.0,keep,none,1,0,keep,False,False,False,False,True,False,False,[],0.03400471914835976
453,0.537280469842843,0.5172804698428429,0.2536712309293855,0.24859780631079778,0.6268356154646928,0.014297367467372415,0.0016817928305074296,0.49026908484813253,2,0,0.0,keep,none,1,0,keep,False,False,False,False,True,False,False,[],0.0340185253666562
454,0.537280469842843,0.5172804698428429,0.2536712309293855,0.24859780631079778,0.6268356154646928,0.014297367467372415,0.0016817928305074296,0.49026908484813253,2,0,0.0,keep,none,1,0,keep,False,False,False,False,True,False,False,[],0.034026809097634066
455,0.537280469842843,0.5172804698428429,0.2536712309293855,0.24859780631079778,0.6268356154646928,0.014297367467372415,0.0016817928305074296,0.49026908484813253,2,0,0.0,keep,none,1,0,keep,False,False,False,False,True,False,False,[],0.034031779336220785
456,0.537280469842843,0.5172804698428429,0.2536712309293855,0.24859780631079778,0.6268356154646928,0.014297367467372415,0.0016817928305074296,0.49026908484813253,2,0,0.0,keep,none,1,0,keep,False,False,False,False,True,False,False,[],0.034034761479372816
457,0.537280469842843,0.5172804698428429,0.2536712309293855,0.24859780631079778,0.6268356154646928,0.014297367467372415,0.0016817928305074296,0.49026908484813253,2,0,0.0,keep,none,1,0,keep,False,False,False,False,True,False,False,[],0.03403655076526403
458,0.537280469842843,0.5172804698428429,0.2536712309293855,0.24859780631079778,0.6268356154646928,0.014297367467372415,0.0016817928305074296,0.49026908484813253,2,0,0.0,keep,none,1,0,keep,False,False,False,False,True,False,False,[],0.034037624336798765
459,0.537280469842843,0.5172804698428429,0.2536712309293855,0.24859780631079778,0.6268356154646928,0.014297367467372415,0.0016817928305074296,0.49026908484813253,2,0,0.0,keep,none,1,0,keep,False,False,False,False,True,False,False,[],0.0340382684797196
460,0.537280469842843,0.5172804698428429,0.2536712309293855,0.24859780631079778,0.6268356154646928,0.014297367467372415,0.0016817928305074296,0.49026908484813253,2,0,0.0,keep,none,1,0,keep,False,False,False,False,True,False,False,[],0.03403865496547211
461,0.537280469842843,0.5172804698428429,0.2536712309293855,0.24859780631079778,0.6268356154646928,0.014297367467372415,0.0016817928305074296,0.49026908484813253,2,0,0.0,keep,none,1,0,keep,False,False,False,False,True,False,False,[],0.034038886856923606
462,0.537280469842843,0.5172804698428429,0.2536712309293855,0.24859780631079778,0.6268356154646928,0.014297367467372415,0.0016817928305074296,0.49026908484813253,2,0,0.0,keep,none,1,0,keep,False,False,False,False,True,False,False,[],0.03403902599179451
463,0.537280469842843,0.5172804698428429,0.2536712309293855,0.24859780631079778,0.6268356154646928,0.014297367467372415,0.0016817928305074296,0.49026908484813253,2,0,0.0,keep,none,1,0,keep,False,False,False,False,True,False,False,[],0.03403910947271705
464,0.537280469842843,0.5172804698428429,0.2536712309293855,0.24859780631079778,0.6268356154646928,0.014297367467372415,0.0016817928305074296,0.49026908484813253,2,0,0.0,keep,none,1,0,keep,False,False,False,False,True,False,False,[],0.03403915956127058
465,0.537280469842843,0.5172804698428429,0.2536712309293855,0.24859780631079778,0.6268356154646928,0.014297367467372415,0.0016817928305074296,0.49026908484813253,2,0,0.0,keep,none,1,0,keep,False,False,False,False,True,False,False,[],0.03403918961440269
466,0.537280469842843,0.5172804698428429,0.2536712309293855,0.24859780631079778,0.6268356154646928,0.014297367467372415,0.0016817928305074296,0.49026908484813253,2,0,0.0,keep,none,1,0,keep,False,False,False,False,True,False,False,[],0.03403920764628196
467,0.537280469842843,0.5172804698428429,0.2536712309293855,0.24859780631079778,0.6268356154646928,0.014297367467372415,0.0016817928305074296,0.49026908484813253,2,0,0.0,keep,none,1,0,keep,False,False,False,False,True,False,False,[],0.03403921846540952
468,0.537280469842843,0.5172804698428429,0.2536712309293855,0.24859780631079778,0.6268356154646928,0.014297367467372415,0.0016817928305074296,0.49026908484813253,2,0,0.0,keep,none,1,0,keep,False,False,False,False,True,False,False,[],0.034039224956886056
469,0.537280469842843,0.5172804698428429,0.2536712309293855,0.24859780631079778,0.6268356154646928,0.014297367467372415,0.0016817928305074296,0.49026908484813253,2,0,0.0,keep,none,1,0,keep,False,False,False,False,True,False,False,[],0.03403922885177198
470,0.537280469842843,0.5172804698428429,0.2536712309293855,0.24859780631079778,0.6268356154646928,0.014297367467372415,0.0016817928305074296,0.49026908484813253,2,0,0.0,keep,none,1,0,keep,False,False,False,False,True,False,False,[],0.03403923118870353
471,0.537280469842843,0.5172804698428429,0.2536712309293855,0.24859780631079778,0.6268356154646928,0.014297367467372415,0.0016817928305074296,0.49026908484813253,2,0,0.0,keep,none,1,0,keep,False,False,False,False,True,False,False,[],0.03403923259086246
472,0.5373027904261297,0.5173027904261297,0.25363902694253404,0.24856624640368336,0.6268195134712671,0.014297367467372415,0.0016817928305074296,0.49026908484813253,2,0,0.0,keep,none,1,0,keep,False,False,False,False,True,False,False,[],0.03403336334614208
473,0.537280469842843,0.5172804698428429,0.2536712309293855,0.24859780631079778,0.6268356154646928,0.014297367467372415,0.0016817928305074296,0.49026908484813253,2,0,0.0,keep,none,1,0,keep,False,False,False,False,True,False,False,[],0.034035711885325594
474,0.537280469842843,0.5172804698428429,0.2536712309293855,0.24859780631079778,0.6268356154646928,0.014297367467372415,0.0016817928305074296,0.49026908484813253,2,0,0.0,keep,none,1,0,keep,False,False,False,False,True,False,False,[],0.0340371210088357
475,0.537280469842843,0.5172804698428429,0.2536712309293855,0.24859780631079778,0.6268356154646928,0.014297367467372415,0.0016817928305074296,0.49026908484813253,2,0,0.0,keep,none,1,0,keep,False,False,False,False,True,False,False,[],0.034037966482941766
476,0.537280469842843,0.5172804698428429,0.2536712309293855,0.24859780631079778,0.6268356154646928,0.014297367467372415,0.0016817928305074296,0.49026908484813253,2,0,0.0,keep,none,1,0,keep,False,False,False,False,True,False,False,[],0.0340384737674054
477,0.537280469842843,0.5172804698428429,0.2536712309293855,0.24859780631079778,0.6268356154646928,0.014297367467372415,0.0016817928305074296,0.49026908484813253,2,0,0.0,keep,none,1,0,keep,False,False,False,False,True,False,False,[],0.034038778138083585
478,0.537280469842843,0.5172804698428429,0.2536712309293855,0.24859780631079778,0.6268356154646928,0.014297367467372415,0.0016817928305074296,0.49026908484813253,2,0,0.0,keep,none,1,0,keep,False,False,False,False,True,False,False,[],0.0340389607604905
479,0.537280469842843,0.5172804698428429,0.2536712309293855,0.24859780631079778,0.6268356154646928,0.014297367467372415,0.0016817928305074296,0.49026908484813253,2,0,0.0,keep,none,1,0,keep,False,False,False,False,True,False,False,[],0.03403907033393464
480,0.537280469842843,0.5172804698428429,0.2536712309293855,0.24859780631079778,0.6268356154646928,0.014297367467372415,0.0016817928305074296,0.49026908484813253,2,0,0.0,keep,none,1,0,keep,False,False,False,False,True,False,False,[],0.03403913607800113
481,0.537280469842843,0.5172804698428429,0.2536712309293855,0.24859780631079778,0.6268356154646928,0.014297367467372415,0.0016817928305074296,0.49026908484813253,2,0,0.0,keep,none,1,0,keep,False,False,False,False,True,False,False,[],0.03403917552444102
482,0.537280469842843,0.5172804698428429,0.2536712309293855,0.24859780631079778,0.6268356154646928,0.014297367467372415,0.0016817928305074296,0.49026908484813253,2,0,0.0,keep,none,1,0,keep,False,False,False,False,True,False,False,[],0.034039199192304956
483,0.537280469842843,0.5172804698428429,0.2536712309293855,0.24859780631079778,0.6268356154646928,0.014297367467372415,0.0016817928305074296,0.49026908484813253,2,0,0.0,keep,none,1,0,keep,False,False,False,False,True,False,False,[],0.03403921339302332
484,0.537280469842843,0.5172804698428429,0.2536712309293855,0.24859780631079778,0.6268356154646928,0.014297367467372415,0.0016817928305074296,0.49026908484813253,2,0,0.0,keep,none,1,0,keep,False,False,False,False,True,False,False,[],0.034039221913454334
485,0.537280469842843,0.5172804698428429,0.2536712309293855,0.24859780631079778,0.6268356154646928,0.014297367467372415,0.0016817928305074296,0.49026908484813253,2,0,0.0,keep,none,1,0,keep,False,False,False,False,True,False,False,[],0.034039227025712944
486,0.537280469842843,0.5172804698428429,0.2536712309293855,0.24859780631079778,0.6268356154646928,0.014297367467372415,0.0016817928305074296,0.49026908484813253,2,0,0.0,keep,none,1,0,keep,False,False,False,False,True,False,False,[],0.03403923009306811
487,0.537280469842843,0.5172804698428429,0.2536712309293855,0.24859780631079778,0.6268356154646928,0.014297367467372415,0.0016817928305074296,0.49026908484813253,2,0,0.0,keep,none,1,0,keep,False,False,False,False,True,False,False,[],0.03403923193348121
488,0.537280469842843,0.5172804698428429,0.2536712309293855,0.24859780631079778,0.6268356154646928,0.014297367467372415,0.0016817928305074296,0.49026908484813253,2,0,0.0,keep,none,1,0,keep,False,False,False,False,True,False,False,[],0.03403923303772907
489,0.537280469842843,0.5172804698428429,0.2536712309293855,0.24859780631079778,0.6268356154646928,0.014297367467372415,0.0016817928305074296,0.49026908484813253,2,0,0.0,keep,none,1,0,keep,False,False,False,False,True,False,False,[],0.03403923370027779
490,0.537280469842843,0.5172804698428429,0.2536712309293855,0.24859780631079778,0.6268356154646928,0.014297367467372415,0.0016817928305074296,0.49026908484813253,2,0,0.0,keep,none,1,0,keep,False,False,False,False,True,False,False,[],0.03403923409780702
491,0.537280469842843,0.5172804698428429,0.2536712309293855,0.24859780631079778,0.6268356154646928,0.014297367467372415,0.0016817928305074296,0.49026908484813253,2,0,0.0,keep,none,1,0,keep,False,False,False,False,True,False,False,[],0.03403923433632456
492,0.537280469842843,0.5172804698428429,0.2536712309293855,0.24859780631079778,0.6268356154646928,0.014297367467372415,0.0016817928305074296,0.49026908484813253,2,0,0.0,keep,none,1,0,keep,False,False,False,False,True,False,False,[],0.03403923447943508
493,0.537280469842843,0.5172804698428429,0.2536712309293855,0.24859780631079778,0.6268356154646928,0.014297367467372415,0.0016817928305074296,0.49026908484813253,2,0,0.0,keep,none,1,0,keep,False,False,False,False,True,False,False,[],0.0340392345653014
494,0.537280469842843,0.5172804698428429,0.2536712309293855,0.24859780631079778,0.6268356154646928,0.014297367467372415,0.0016817928305074296,0.49026908484813253,2,0,0.0,keep,none,1,0,keep,False,False,False,False,True,False,False,[],0.034039234616821186
495,0.537280469842843,0.5172804698428429,0.2536712309293855,0.24859780631079778,0.6268356154646928,0.014297367467372415,0.0016817928305074296,0.49026908484813253,2,0,0.0,keep,none,1,0,keep,False,False,False,False,True,False,False,[],0.034039234647733056
496,0.537280469842843,0.5172804698428429,0.2536712309293855,0.24859780631079778,0.6268356154646928,0.014297367467372415,0.0016817928305074296,0.49026908484813253,2,0,0.0,keep,none,1,0,keep,False,False,False,False,True,False,False,[],0.03403923466628018
497,0.537280469842843,0.5172804698428429,0.2536712309293855,0.24859780631079778,0.6268356154646928,0.014297367467372415,0.0016817928305074296,0.49026908484813253,2,0,0.0,keep,none,1,0,keep,False,False,False,False,True,False,False,[],0.03403923467740845
498,0.537280469842843,0.5172804698428429,0.2536712309293855,0.24859780631079778,0.6268356154646928,0.014297367467372415,0.0016817928305074296,0.49026908484813253,2,0,0.0,keep,none,1,0,keep,False,False,False,False,True,False,False,[],0.034039234684085415
499,0.537280469842843,0.5172804698428429,0.2536712309293855,0.24859780631079778,0.6268356154646928,0.014297367467372415,0.0016817928305074296,0.49026908484813253,2,0,0.0,keep,none,1,0,keep,False,False,False,False,True,False,False,[],0.03403923468809159
500,0.537280469842843,0.5172804698428429,0.2536712309293855,0.24859780631079778,0.6268356154646928,0.014297367467372415,0.0016817928305074296,0.49026908484813253,2,0,0.0,keep,none,1,0,keep,False,False,False,False,True,False,False,[],0.0340392346904953
501,0.537280469842843,0.5172804698428429,0.2536712309293855,0.24859780631079778,0.6268356154646928,0.014297367467372415,0.0016817928305074296,0.49026908484813253,2,0,0.0,keep,none,1,0,keep,False,False,False,False,True,False,False,[],0.03403923469193752
502,0.537280469842843,0.5172804698428429,0.2536712309293855,0.24859780631079778,0.6268356154646928,0.014297367467372415,0.0016817928305074296,0.49026908484813253,2,0,0.0,keep,none,1,0,keep,False,False,False,False,True,False,False,[],0.03403923469280286
503,0.537280469842843,0.5172804698428429,0.2536712309293855,0.24859780631079778,0.6268356154646928,0.014297367467372415,0.0016817928305074296,0.49026908484813253,2,0,0.0,keep,none,1,0,keep,False,False,False,False,True,False,False,[],0.03403923469332206
504,0.537280469842843,0.5172804698428429,0.2536712309293855,0.24859780631079778,0.6268356154646928,0.014297367467372415,0.0016817928305074296,0.49026908484813253,2,0,0.0,keep,none,1,0,keep,False,False,False,False,True,False,False,[],0.03403923469363358
505,0.537280469842843,0.5172804698428429,0.2536712309293855,0.24859780631079778,0.6268356154646928,0.014297367467372415,0.0016817928305074296,0.49026908484813253,2,0,0.0,keep,none,1,0,keep,False,False,False,False,True,False,False,[],0.034039234693820496
506,0.537280469842843,0.5172804698428429,0.2536712309293855,0.24859780631079778,0.6268356154646928,0.014297367467372415,0.0016817928305074296,0.49026908484813253,2,0,0.0,keep,none,1,0,keep,False,False,False,False,True,False,False,[],0.03403923469393264
507,0.537280469842843,0.5172804698428429,0.2536712309293855,0.24859780631079778,0.6268356154646928,0.014297367467372415,0.0016817928305074296,0.49026908484813253,2,0,0.0,keep,none,1,0,keep,False,False,False,False,True,False,False,[],0.03403923469399993
508,0.537280469842843,0.5172804698428429,0.2536712309293855,0.24859780631079778,0.6268356154646928,0.014297367467372415,0.0016817928305074296,0.49026908484813253,2,0,0.0,keep,none,1,0,keep,False,False,False,False,True,False,False,[],0.0340392346940403
509,0.537280469842843,0.5172804698428429,0.2536712309293855,0.24859780631079778,0.6268356154646928,0.014297367467372415,0.0016817928305074296,0.49026908484813253,2,0,0.0,keep,none,1,0,keep,False,False,False,False,True,False,False,[],0.03403923469406452
510,0.537280469842843,0.5172804698428429,0.2536712309293855,0.24859780631079778,0.6268356154646928,0.014297367467372415,0.0016817928305074296,0.49026908484813253,2,0,0.0,keep,none,1,0,keep,False,False,False,False,True,False,False,[],0.03403923469407906
511,0.537280469842843,0.5172804698428429,0.2536712309293855,0.24859780631079778,0.6268356154646928,0.014297367467372415,0.0016817928305074296,0.49026908484813253,2,0,0.0,keep,none,1,0,keep,False,False,False,False,True,False,False,[],0.03403923469408778
512,0.537280469842843,0.5172804698428429,0.2536712309293855,0.24859780631079778,0.6268356154646928,0.014297367467372415,0.0016817928305074296,0.49026908484813253,2,0,0.0,keep,none,1,0,keep,False,False,False,False,True,False,False,[],0.034039234694093014
513,0.537280469842843,0.5172804698428429,0.2536712309293855,0.24859780631079778,0.6268356154646928,0.014297367467372415,0.0016817928305074296,0.49026908484813253,2,0,0.0,keep,none,1,0,keep,False,False,False,False,True,False,False,[],0.03403923469409615
514,0.537280469842843,0.5172804698428429,0.2536712309293855,0.24859780631079778,0.6268356154646928,0.014297367467372415,0.0016817928305074296,0.49026908484813253,2,0,0.0,keep,none,1,0,keep,False,False,False,False,True,False,False,[],0.03403923469409804
515,0.537280469842843,0.5172804698428429,0.2536712309293855,0.24859780631079778,0.6268356154646928,0.014297367467372415,0.0016817928305074296,0.49026908484813253,2,0,0.0,keep,none,1,0,keep,False,False,False,False,True,False,False,[],0.03403923469409917
516,0.537280469842843,0.5172804698428429,0.2536712309293855,0.24859780631079778,0.6268356154646928,0.014297367467372415,0.0016817928305074296,0.49026908484813253,2,0,0.0,keep,none,1,0,keep,False,False,False,False,True,False,False,[],0.03403923469409985
517,0.537280469842843,0.5172804698428429,0.2536712309293855,0.24859780631079778,0.6268356154646928,0.014297367467372415,0.0016817928305074296,0.49026908484813253,2,0,0.0,keep,none,1,0,keep,False,False,False,False,True,False,False,[],0.03403923469410025
518,0.537280469842843,0.5172804698428429,0.2536712309293855,0.24859780631079778,0.6268356154646928,0.014297367467372415,0.0016817928305074296,0.49026908484813253,2,0,0.0,keep,none,1,0,keep,False,False,False,False,True,False,False,[],0.034039234694100494
519,0.537280469842843,0.5172804698428429,0.2536712309293855,0.24859780631079778,0.6268356154646928,0.014297367467372415,0.0016817928305074296,0.49026908484813253,2,0,0.0,keep,none,1,0,keep,False,False,False,False,True,False,False,[],0.03403923469410064
520,0.537280469842843,0.5172804698428429,0.2536712309293855,0.24859780631079778,0.6268356154646928,0.014297367467372415,0.0016817928305074296,0.49026908484813253,2,0,0.0,keep,none,1,0,keep,False,False,False,False,True,False,False,[],0.03403923469410073
521,0.537280469842843,0.5172804698428429,0.2536712309293855,0.24859780631079778,0.6268356154646928,0.014297367467372415,0.0016817928305074296,0.49026908484813253,2,0,0.0,keep,none,1,0,keep,False,False,False,False,True,False,False,[],0.034039234694100785
522,0.537280469842843,0.5172804698428429,0.2536712309293855,0.24859780631079778,0.6268356154646928,0.014297367467372415,0.0016817928305074296,0.49026908484813253,2,0,0.0,keep,none,1,0,keep,False,False,False,False,True,False,False,[],0.03403923469410081
523,0.537280469842843,0.5172804698428429,0.2536712309293855,0.24859780631079778,0.6268356154646928,0.014297367467372415,0.0016817928305074296,0.49026908484813253,2,0,0.0,keep,none,1,0,keep,False,False,False,False,True,False,False,[],0.034039234694100834
524,0.537280469842843,0.5172804698428429,0.2536712309293855,0.24859780631079778,0.6268356154646928,0.014297367467372415,0.0016817928305074296,0.49026908484813253,2,0,0.0,keep,none,1,0,keep,False,False,False,False,True,False,False,[],0.03403923469410085
525,0.537280469842843,0.5172804698428429,0.2536712309293855,0.24859780631079778,0.6268356154646928,0.014297367467372415,0.0016817928305074296,0.49026908484813253,2,0,0.0,keep,none,1,0,keep,False,False,False,False,True,False,False,[],0.034039234694100855
526,0.537280469842843,0.5172804698428429,0.2536712309293855,0.24859780631079778,0.6268356154646928,0.014297367467372415,0.0016817928305074296,0.49026908484813253,2,0,0.0,keep,none,1,0,keep,False,False,False,False,True,False,False,[],0.034039234694100855
527,0.537280469842843,0.5172804698428429,0.2536712309293855,0.24859780631079778,0.6268356154646928,0.014297367467372415,0.0016817928305074296,0.49026908484813253,2,0,0.0,keep,none,1,0,keep,False,False,False,False,True,False,False,[],0.034039234694100855
528,0.537280469842843,0.5172804698428429,0.2536712309293855,0.24859780631079778,0.6268356154646928,0.014297367467372415,0.0016817928305074296,0.49026908484813253,2,0,0.0,keep,none,1,0,keep,False,False,False,False,True,False,False,[],0.034039234694100855
529,0.537280469842843,0.5172804698428429,0.2536712309293855,0.24859780631079778,0.6268356154646928,0.014297367467372415,0.0016817928305074296,0.49026908484813253,2,0,0.0,keep,none,1,0,keep,False,False,False,False,True,False,False,[],0.034039234694100855
530,0.537280469842843,0.5172804698428429,0.2536712309293855,0.24859780631079778,0.6268356154646928,0.014297367467372415,0.0016817928305074296,0.49026908484813253,2,0,0.0,keep,none,1,0,keep,False,False,False,False,True,False,False,[],0.034039234694100855
531,0.537280469842843,0.5172804698428429,0.2536712309293855,0.24859780631079778,0.6268356154646928,0.014297367467372415,0.0016817928305074296,0.49026908484813253,2,0,0.0,keep,none,1,0,keep,False,False,False,False,True,False,False,[],0.034039234694100855
532,0.537280469842843,0.5172804698428429,0.2536712309293855,0.24859780631079778,0.6268356154646928,0.014297367467372415,0.0016817928305074296,0.49026908484813253,2,0,0.0,keep,none,1,0,keep,False,False,False,False,True,False,False,[],0.034039234694100855
533,0.537280469842843,0.5172804698428429,0.2536712309293855,0.24859780631079778,0.6268356154646928,0.014297367467372415,0.0016817928305074296,0.49026908484813253,2,0,0.0,keep,none,1,0,keep,False,False,False,False,True,False,False,[],0.034039234694100855
534,0.537280469842843,0.5172804698428429,0.2536712309293855,0.24859780631079778,0.6268356154646928,0.014297367467372415,0.0016817928305074296,0.49026908484813253,2,0,0.0,keep,none,1,0,keep,False,False,False,False,True,False,False,[],0.034039234694100855
535,0.537280469842843,0.5172804698428429,0.2536712309293855,0.24859780631079778,0.6268356154646928,0.014297367467372415,0.0016817928305074296,0.49026908484813253,2,0,0.0,keep,none,1,0,keep,False,False,False,False,True,False,False,[],0.034039234694100855
536,0.537280469842843,0.5172804698428429,0.2536712309293855,0.24859780631079778,0.6268356154646928,0.014297367467372415,0.0016817928305074296,0.49026908484813253,2,0,0.0,keep,none,1,0,keep,False,False,False,False,True,False,False,[],0.034039234694100855
537,0.537280469842843,0.5172804698428429,0.2536712309293855,0.24859780631079778,0.6268356154646928,0.014297367467372415,0.0016817928305074296,0.49026908484813253,2,0,0.0,keep,none,1,0,keep,False,False,False,False,True,False,False,[],0.034039234694100855
538,0.537280469842843,0.5172804698428429,0.2536712309293855,0.24859780631079778,0.6268356154646928,0.014297367467372415,0.0016817928305074296,0.49026908484813253,2,0,0.0,keep,none,1,0,keep,False,False,False,False,True,False,False,[],0.034039234694100855
539,0.537280469842843,0.5172804698428429,0.2536712309293855,0.24859780631079778,0.6268356154646928,0.014297367467372415,0.0016817928305074296,0.49026908484813253,2,0,0.0,keep,none,1,0,keep,False,False,False,False,True,False,False,[],0.034039234694100855
540,0.537280469842843,0.5172804698428429,0.2536712309293855,0.24859780631079778,0.6268356154646928,0.014297367467372415,0.0016817928305074296,0.49026908484813253,2,0,0.0,keep,none,1,0,keep,False,False,False,False,True,False,False,[],0.034039234694100855
541,0.537280469842843,0.5172804698428429,0.2536712309293855,0.24859780631079778,0.6268356154646928,0.014297367467372415,0.0016817928305074296,0.49026908484813253,2,0,0.0,keep,none,1,0,keep,False,False,False,False,True,False,False,[],0.034039234694100855
542,0.537280469842843,0.5172804698428429,0.2536712309293855,0.24859780631079778,0.6268356154646928,0.014297367467372415,0.0016817928305074296,0.49026908484813253,2,0,0.0,keep,none,1,0,keep,False,False,False,False,True,False,False,[],0.034039234694100855
543,0.537280469842843,0.5172804698428429,0.2536712309293855,0.24859780631079778,0.6268356154646928,0.014297367467372415,0.0016817928305074296,0.49026908484813253,2,0,0.0,keep,none,1,0,keep,False,False,False,False,True,False,False,[],0.034039234694100855
544,0.537280469842843,0.5172804698428429,0.2536712309293855,0.24859780631079778,0.6268356154646928,0.014297367467372415,0.0016817928305074296,0.49026908484813253,2,0,0.0,keep,none,1,0,keep,False,False,False,False,True,False,False,[],0.034039234694100855
545,0.537280469842843,0.5172804698428429,0.2536712309293855,0.24859780631079778,0.6268356154646928,0.014297367467372415,0.0016817928305074296,0.49026908484813253,2,0,0.0,keep,none,1,0,keep,False,False,False,False,True,False,False,[],0.034039234694100855
546,0.537280469842843,0.5172804698428429,0.2536712309293855,0.24859780631079778,0.6268356154646928,0.014297367467372415,0.0016817928305074296,0.49026908484813253,2,0,0.0,keep,none,1,0,keep,False,False,False,False,True,False,False,[],0.034039234694100855
547,0.537280469842843,0.5172804698428429,0.2536712309293855,0.24859780631079778,0.6268356154646928,0.014297367467372415,0.0016817928305074296,0.49026908484813253,2,0,0.0,keep,none,1,0,keep,False,False,False,False,True,False,False,[],0.034039234694100855
548,0.537280469842843,0.5172804698428429,0.2536712309293855,0.24859780631079778,0.6268356154646928,0.014297367467372415,0.0016817928305074296,0.49026908484813253,2,0,0.0,keep,none,1,0,keep,False,False,False,False,True,False,False,[],0.034039234694100855
549,0.537280469842843,0.5172804698428429,0.2536712309293855,0.24859780631079778,0.6268356154646928,0.014297367467372415,0.0016817928305074296,0.49026908484813253,2,0,0.0,keep,none,1,0,keep,False,False,False,False,True,False,False,[],0.034039234694100855
550,0.537280469842843,0.5172804698428429,0.2536712309293855,0.24859780631079778,0.6268356154646928,0.014297367467372415,0.0016817928305074296,0.49026908484813253,2,0,0.0,keep,none,1,0,keep,False,False,False,False,True,False,False,[],0.034039234694100855
551,0.537280469842843,0.5172804698428429,0.2536712309293855,0.24859780631079778,0.6268356154646928,0.014297367467372415,0.0016817928305074296,0.49026908484813253,2,0,0.0,keep,none,1,0,keep,False,False,False,False,True,False,False,[],0.034039234694100855
552,0.537280469842843,0.5172804698428429,0.2536712309293855,0.24859780631079778,0.6268356154646928,0.014297367467372415,0.0016817928305074296,0.49026908484813253,2,0,0.0,keep,none,1,0,keep,False,False,False,False,True,False,False,[],0.034039234694100855
553,0.537280469842843,0.5172804698428429,0.2536712309293855,0.24859780631079778,0.6268356154646928,0.014297367467372415,0.0016817928305074296,0.49026908484813253,2,0,0.0,keep,none,1,0,keep,False,False,False,False,True,False,False,[],0.034039234694100855
554,0.537280469842843,0.5172804698428429,0.2536712309293855,0.24859780631079778,0.6268356154646928,0.014297367467372415,0.0016817928305074296,0.49026908484813253,2,0,0.0,keep,none,1,0,keep,False,False,False,False,True,False,False,[],0.034039234694100855
555,0.537280469842843,0.5172804698428429,0.2536712309293855,0.24859780631079778,0.6268356154646928,0.014297367467372415,0.0016817928305074296,0.49026908484813253,2,0,0.0,keep,none,1,0,keep,False,False,False,False,True,False,False,[],0.034039234694100855
556,0.537280469842843,0.5172804698428429,0.2536712309293855,0.24859780631079778,0.6268356154646928,0.014297367467372415,0.0016817928305074296,0.49026908484813253,2,0,0.0,keep,none,1,0,keep,False,False,False,False,True,False,False,[],0.034039234694100855
557,0.537280469842843,0.5172804698428429,0.2536712309293855,0.24859780631079778,0.6268356154646928,0.014297367467372415,0.0016817928305074296,0.49026908484813253,2,0,0.0,keep,none,1,0,keep,False,False,False,False,True,False,False,[],0.034039234694100855
558,0.537280469842843,0.5172804698428429,0.2536712309293855,0.24859780631079778,0.6268356154646928,0.014297367467372415,0.0016817928305074296,0.49026908484813253,2,0,0.0,keep,none,1,0,keep,False,False,False,False,True,False,False,[],0.034039234694100855
559,0.537280469842843,0.5172804698428429,0.2536712309293855,0.24859780631079778,0.6268356154646928,0.014297367467372415,0.0016817928305074296,0.49026908484813253,2,0,0.0,keep,none,1,0,keep,False,False,False,False,True,False,False,[],0.034039234694100855
560,0.537280469842843,0.5172804698428429,0.2536712309293855,0.24859780631079778,0.6268356154646928,0.014297367467372415,0.0016817928305074296,0.49026908484813253,2,0,0.0,keep,none,1,0,keep,False,False,False,False,True,False,False,[],0.034039234694100855
561,0.537280469842843,0.5172804698428429,0.2536712309293855,0.24859780631079778,0.6268356154646928,0.014297367467372415,0.0016817928305074296,0.49026908484813253,2,0,0.0,keep,none,1,0,keep,False,False,False,False,True,False,False,[],0.034039234694100855
562,0.537280469842843,0.5172804698428429,0.2536712309293855,0.24859780631079778,0.6268356154646928,0.014297367467372415,0.0016817928305074296,0.49026908484813253,2,0,0.0,keep,none,1,0,keep,False,False,False,False,True,False,False,[],0.034039234694100855
563,0.537280469842843,0.5172804698428429,0.2536712309293855,0.24859780631079778,0.6268356154646928,0.014297367467372415,0.0016817928305074296,0.49026908484813253,2,0,0.0,keep,none,1,0,keep,False,False,False,False,True,False,False,[],0.034039234694100855
564,0.537280469842843,0.5172804698428429,0.2536712309293855,0.24859780631079778,0.6268356154646928,0.014297367467372415,0.0016817928305074296,0.49026908484813253,2,0,0.0,keep,none,1,0,keep,False,False,False,False,True,False,False,[],0.034039234694100855
565,0.537280469842843,0.5172804698428429,0.2536712309293855,0.24859780631079778,0.6268356154646928,0.014297367467372415,0.0016817928305074296,0.49026908484813253,2,0,0.0,keep,none,1,0,keep,False,False,False,False,True,False,False,[],0.034039234694100855
566,0.5382245687912787,0.5182245687912787,0.2523090913413958,0.24726290951456786,0.6261545456706978,0.014297367467372415,0.0016817928305074296,0.49026908484813253,2,0,0.0,keep,none,1,0,keep,False,False,False,False,True,False,False,[],0.033793067792404624
567,0.537280469842843,0.5172804698428429,0.2536712309293855,0.24859780631079778,0.6268356154646928,0.014297367467372415,0.0016817928305074296,0.49026908484813253,2,0,0.0,keep,none,1,0,keep,False,False,False,False,True,False,False,[],0.03389153455308312
568,0.537280469842843,0.5172804698428429,0.2536712309293855,0.24859780631079778,0.6268356154646928,0.014297367467372415,0.0016817928305074296,0.49026908484813253,2,0,0.0,keep,none,1,0,keep,False,False,False,False,True,False,False,[],0.03395061460949022
569,0.537280469842843,0.5172804698428429,0.2536712309293855,0.24859780631079778,0.6268356154646928,0.014297367467372415,0.0016817928305074296,0.49026908484813253,2,0,0.0,keep,none,1,0,keep,False,False,False,False,True,False,False,[],0.03398606264333447
570,0.537280469842843,0.5172804698428429,0.2536712309293855,0.24859780631079778,0.6268356154646928,0.014297367467372415,0.0016817928305074296,0.49026908484813253,2,0,0.0,keep,none,1,0,keep,False,False,False,False,True,False,False,[],0.03400733146364103
571,0.537280469842843,0.5172804698428429,0.2536712309293855,0.24859780631079778,0.6268356154646928,0.014297367467372415,0.0016817928305074296,0.49026908484813253,2,0,0.0,keep,none,1,0,keep,False,False,False,False,True,False,False,[],0.03402009275582496
572,0.537280469842843,0.5172804698428429,0.2536712309293855,0.24859780631079778,0.6268356154646928,0.014297367467372415,0.0016817928305074296,0.49026908484813253,2,0,0.0,keep,none,1,0,keep,False,False,False,False,True,False,False,[],0.03402774953113532
573,0.537280469842843,0.5172804698428429,0.2536712309293855,0.24859780631079778,0.6268356154646928,0.014297367467372415,0.0016817928305074296,0.49026908484813253,2,0,0.0,keep,none,1,0,keep,False,False,False,False,True,False,False,[],0.03403234359632153
574,0.537280469842843,0.5172804698428429,0.2536712309293855,0.24859780631079778,0.6268356154646928,0.014297367467372415,0.0016817928305074296,0.49026908484813253,2,0,0.0,keep,none,1,0,keep,False,False,False,False,True,False,False,[],0.034035100035433266
575,0.537280469842843,0.5172804698428429,0.2536712309293855,0.24859780631079778,0.6268356154646928,0.014297367467372415,0.0016817928305074296,0.49026908484813253,2,0,0.0,keep,none,1,0,keep,False,False,False,False,True,False,False,[],0.034036753898900304
576,0.537280469842843,0.5172804698428429,0.2536712309293855,0.24859780631079778,0.6268356154646928,0.014297367467372415,0.0016817928305074296,0.49026908484813253,2,0,0.0,keep,none,1,0,keep,False,False,False,False,True,False,False,[],0.034037746216980524
577,0.537280469842843,0.5172804698428429,0.2536712309293855,0.24859780631079778,0.6268356154646928,0.014297367467372415,0.0016817928305074296,0.49026908484813253,2,0,0.0,keep,none,1,0,keep,False,False,False,False,True,False,False,[],0.03403834160782866
578,0.537280469842843,0.5172804698428429,0.2536712309293855,0.24859780631079778,0.6268356154646928,0.014297367467372415,0.0016817928305074296,0.49026908484813253,2,0,0.0,keep,none,1,0,keep,False,False,False,False,True,False,False,[],0.03403869884233754
579,0.537280469842843,0.5172804698428429,0.2536712309293855,0.24859780631079778,0.6268356154646928,0.014297367467372415,0.0016817928305074296,0.49026908484813253,2,0,0.0,keep,none,1,0,keep,False,False,False,False,True,False,False,[],0.03403891318304287
580,0.537280469842843,0.5172804698428429,0.2536712309293855,0.24859780631079778,0.6268356154646928,0.014297367467372415,0.0016817928305074296,0.49026908484813253,2,0,0.0,keep,none,1,0,keep,False,False,False,False,True,False,False,[],0.034039041787466064
581,0.537280469842843,0.5172804698428429,0.2536712309293855,0.24859780631079778,0.6268356154646928,0.014297367467372415,0.0016817928305074296,0.49026908484813253,2,0,0.0,keep,none,1,0,keep,False,False,False,False,True,False,False,[],0.03403911895011998
582,0.537280469842843,0.5172804698428429,0.2536712309293855,0.24859780631079778,0.6268356154646928,0.014297367467372415,0.0016817928305074296,0.49026908484813253,2,0,0.0,keep,none,1,0,keep,False,False,False,False,True,False,False,[],0.03403916524771233
583,0.537280469842843,0.5172804698428429,0.2536712309293855,0.24859780631079778,0.6268356154646928,0.014297367467372415,0.0016817928305074296,0.49026908484813253,2,0,0.0,keep,none,1,0,keep,False,False,False,False,True,False,False,[],0.03403919302626775
584,0.537280469842843,0.5172804698428429,0.2536712309293855,0.24859780631079778,0.6268356154646928,0.014297367467372415,0.0016817928305074296,0.49026908484813253,2,0,0.0,keep,none,1,0,keep,False,False,False,False,True,False,False,[],0.03403920969340099
585,0.537280469842843,0.5172804698428429,0.2536712309293855,0.24859780631079778,0.6268356154646928,0.014297367467372415,0.0016817928305074296,0.49026908484813253,2,0,0.0,keep,none,1,0,keep,False,False,False,False,True,False,False,[],0.03403921969368094
586,0.537280469842843,0.5172804698428429,0.2536712309293855,0.24859780631079778,0.6268356154646928,0.014297367467372415,0.0016817928305074296,0.49026908484813253,2,0,0.0,keep,none,1,0,keep,False,False,False,False,True,False,False,[],0.03403922569384891
587,0.537280469842843,0.5172804698428429,0.2536712309293855,0.24859780631079778,0.6268356154646928,0.014297367467372415,0.0016817928305074296,0.49026908484813253,2,0,0.0,keep,none,1,0,keep,False,False,False,False,True,False,False,[],0.03403922929394969
588,0.537280469842843,0.5172804698428429,0.2536712309293855,0.24859780631079778,0.6268356154646928,0.014297367467372415,0.0016817928305074296,0.49026908484813253,2,0,0.0,keep,none,1,0,keep,False,False,False,False,True,False,False,[],0.03403923145401016
589,0.537280469842843,0.5172804698428429,0.2536712309293855,0.24859780631079778,0.6268356154646928,0.014297367467372415,0.0016817928305074296,0.49026908484813253,2,0,0.0,keep,none,1,0,keep,False,False,False,False,True,False,False,[],0.03403923275004644
590,0.537280469842843,0.5172804698428429,0.2536712309293855,0.24859780631079778,0.6268356154646928,0.014297367467372415,0.0016817928305074296,0.49026908484813253,2,0,0.0,keep,none,1,0,keep,False,False,False,False,True,False,False,[],0.03403923352766821
591,0.537280469842843,0.5172804698428429,0.2536712309293855,0.24859780631079778,0.6268356154646928,0.014297367467372415,0.0016817928305074296,0.49026908484813253,2,0,0.0,keep,none,1,0,keep,False,False,False,False,True,False,False,[],0.03403923399424127
592,0.537280469842843,0.5172804698428429,0.2536712309293855,0.24859780631079778,0.6268356154646928,0.014297367467372415,0.0016817928305074296,0.49026908484813253,2,0,0.0,keep,none,1,0,keep,False,False,False,False,True,False,False,[],0.03403923427418511
593,0.537280469842843,0.5172804698428429,0.2536712309293855,0.24859780631079778,0.6268356154646928,0.014297367467372415,0.0016817928305074296,0.49026908484813253,2,0,0.0,keep,none,1,0,keep,False,False,False,False,True,False,False,[],0.03403923444215141
594,0.537280469842843,0.5172804698428429,0.2536712309293855,0.24859780631079778,0.6268356154646928,0.014297367467372415,0.0016817928305074296,0.49026908484813253,2,0,0.0,keep,none,1,0,keep,False,False,False,False,True,False,False,[],0.03403923454293119
595,0.537280469842843,0.5172804698428429,0.2536712309293855,0.24859780631079778,0.6268356154646928,0.014297367467372415,0.0016817928305074296,0.49026908484813253,2,0,0.0,keep,none,1,0,keep,False,False,False,False,True,False,False,[],0.034039234603399054
596,0.537280469842843,0.5172804698428429,0.2536712309293855,0.24859780631079778,0.6268356154646928,0.014297367467372415,0.0016817928305074296,0.49026908484813253,2,0,0.0,keep,none,1,0,keep,False,False,False,False,True,False,False,[],0.034039234639679776
597,0.537280469842843,0.5172804698428429,0.2536712309293855,0.24859780631079778,0.6268356154646928,0.014297367467372415,0.0016817928305074296,0.49026908484813253,2,0,0.0,keep,none,1,0,keep,False,False,False,False,True,False,False,[],0.03403923466144821
598,0.537280469842843,0.5172804698428429,0.2536712309293855,0.24859780631079778,0.6268356154646928,0.014297367467372415,0.0016817928305074296,0.49026908484813253,2,0,0.0,keep,none,1,0,keep,False,False,False,False,True,False,False,[],0.03403923467450927
599,0.537280469842843,0.5172804698428429,0.2536712309293855,0.24859780631079778,0.6268356154646928,0.014297367467372415,0.0016817928305074296,0.49026908484813253,2,0,0.0,keep,none,1,0,keep,False,False,False,False,True,False,False,[],0.034039234682345904
600,0.537280469842843,0.5172804698428429,0.2536712309293855,0.24859780631079778,0.6268356154646928,0.014297367467372415,0.0016817928305074296,0.49026908484813253,2,0,0.0,keep,none,1,0,keep,False,False,False,False,True,False,False,[],0.034039234687047885
601,0.537280469842843,0.5172804698428429,0.2536712309293855,0.24859780631079778,0.6268356154646928,0.014297367467372415,0.0016817928305074296,0.49026908484813253,2,0,0.0,keep,none,1,0,keep,False,False,False,False,True,False,False,[],0.03403923468986907
602,0.537280469842843,0.5172804698428429,0.2536712309293855,0.24859780631079778,0.6268356154646928,0.014297367467372415,0.0016817928305074296,0.49026908484813253,2,0,0.0,keep,none,1,0,keep,False,False,False,False,True,False,False,[],0.03403923469156179
603,0.537280469842843,0.5172804698428429,0.2536712309293855,0.24859780631079778,0.6268356154646928,0.014297367467372415,0.0016817928305074296,0.49026908484813253,2,0,0.0,keep,none,1,0,keep,False,False,False,False,True,False,False,[],0.03403923469257742
604,0.537280469842843,0.5172804698428429,0.2536712309293855,0.24859780631079778,0.6268356154646928,0.014297367467372415,0.0016817928305074296,0.49026908484813253,2,0,0.0,keep,none,1,0,keep,False,False,False,False,True,False,False,[],0.034039234693186794
605,0.537280469842843,0.5172804698428429,0.2536712309293855,0.24859780631079778,0.6268356154646928,0.014297367467372415,0.0016817928305074296,0.49026908484813253,2,0,0.0,keep,none,1,0,keep,False,False,False,False,True,False,False,[],0.03403923469355242
606,0.537280469842843,0.5172804698428429,0.2536712309293855,0.24859780631079778,0.6268356154646928,0.014297367467372415,0.0016817928305074296,0.49026908484813253,2,0,0.0,keep,none,1,0,keep,False,False,False,False,True,False,False,[],0.0340392346937718
607,0.537280469842843,0.5172804698428429,0.2536712309293855,0.24859780631079778,0.6268356154646928,0.014297367467372415,0.0016817928305074296,0.49026908484813253,2,0,0.0,keep,none,1,0,keep,False,False,False,False,True,False,False,[],0.03403923469390342
608,0.537280469842843,0.5172804698428429,0.2536712309293855,0.24859780631079778,0.6268356154646928,0.014297367467372415,0.0016817928305074296,0.49026908484813253,2,0,0.0,keep,none,1,0,keep,False,False,False,False,True,False,False,[],0.0340392346939824
609,0.537280469842843,0.5172804698428429,0.2536712309293855,0.24859780631079778,0.6268356154646928,0.014297367467372415,0.0016817928305074296,0.49026908484813253,2,0,0.0,keep,none,1,0,keep,False,False,False,False,True,False,False,[],0.03403923469402979
610,0.537280469842843,0.5172804698428429,0.2536712309293855,0.24859780631079778,0.6268356154646928,0.014297367467372415,0.0016817928305074296,0.49026908484813253,2,0,0.0,keep,none,1,0,keep,False,False,False,False,True,False,False,[],0.034039234694058215
611,0.537280469842843,0.5172804698428429,0.2536712309293855,0.24859780631079778,0.6268356154646928,0.014297367467372415,0.0016817928305074296,0.49026908484813253,2,0,0.0,keep,none,1,0,keep,False,False,False,False,True,False,False,[],0.03403923469407527
612,0.537280469842843,0.5172804698428429,0.2536712309293855,0.24859780631079778,0.6268356154646928,0.014297367467372415,0.0016817928305074296,0.49026908484813253,2,0,0.0,keep,none,1,0,keep,False,False,False,False,True,False,False,[],0.034039234694085506
613,0.537280469842843,0.5172804698428429,0.2536712309293855,0.24859780631079778,0.6268356154646928,0.014297367467372415,0.0016817928305074296,0.49026908484813253,2,0,0.0,keep,none,1,0,keep,False,False,False,False,True,False,False,[],0.03403923469409165
614,0.537280469842843,0.5172804698428429,0.2536712309293855,0.24859780631079778,0.6268356154646928,0.014297367467372415,0.0016817928305074296,0.49026908484813253,2,0,0.0,keep,none,1,0,keep,False,False,False,False,True,False,False,[],0.03403923469409533
615,0.537280469842843,0.5172804698428429,0.2536712309293855,0.24859780631079778,0.6268356154646928,0.014297367467372415,0.0016817928305074296,0.49026908484813253,2,0,0.0,keep,none,1,0,keep,False,False,False,False,True,False,False,[],0.034039234694097545
616,0.537280469842843,0.5172804698428429,0.2536712309293855,0.24859780631079778,0.6268356154646928,0.014297367467372415,0.0016817928305074296,0.49026908484813253,2,0,0.0,keep,none,1,0,keep,False,False,False,False,True,False,False,[],0.03403923469409887
617,0.537280469842843,0.5172804698428429,0.2536712309293855,0.24859780631079778,0.6268356154646928,0.014297367467372415,0.0016817928305074296,0.49026908484813253,2,0,0.0,keep,none,1,0,keep,False,False,False,False,True,False,False,[],0.03403923469409967
618,0.537280469842843,0.5172804698428429,0.2536712309293855,0.24859780631079778,0.6268356154646928,0.014297367467372415,0.0016817928305074296,0.49026908484813253,2,0,0.0,keep,none,1,0,keep,False,False,False,False,True,False,False,[],0.03403923469410015
619,0.537280469842843,0.5172804698428429,0.2536712309293855,0.24859780631079778,0.6268356154646928,0.014297367467372415,0.0016817928305074296,0.49026908484813253,2,0,0.0,keep,none,1,0,keep,False,False,False,False,True,False,False,[],0.03403923469410043
620,0.537280469842843,0.5172804698428429,0.2536712309293855,0.24859780631079778,0.6268356154646928,0.014297367467372415,0.0016817928305074296,0.49026908484813253,2,0,0.0,keep,none,1,0,keep,False,False,False,False,True,False,False,[],0.034039234694100605
621,0.537280469842843,0.5172804698428429,0.2536712309293855,0.24859780631079778,0.6268356154646928,0.014297367467372415,0.0016817928305074296,0.49026908484813253,2,0,0.0,keep,none,1,0,keep,False,False,False,False,True,False,False,[],0.03403923469410071
622,0.537280469842843,0.5172804698428429,0.2536712309293855,0.24859780631079778,0.6268356154646928,0.014297367467372415,0.0016817928305074296,0.49026908484813253,2,0,0.0,keep,none,1,0,keep,False,False,False,False,True,False,False,[],0.03403923469410077
623,0.537280469842843,0.5172804698428429,0.2536712309293855,0.24859780631079778,0.6268356154646928,0.014297367467372415,0.0016817928305074296,0.49026908484813253,2,0,0.0,keep,none,1,0,keep,False,False,False,False,True,False,False,[],0.034039234694100806
624,0.537280469842843,0.5172804698428429,0.2536712309293855,0.24859780631079778,0.6268356154646928,0.014297367467372415,0.0016817928305074296,0.49026908484813253,2,0,0.0,keep,none,1,0,keep,False,False,False,False,True,False,False,[],0.03403923469410083
625,0.537280469842843,0.5172804698428429,0.2536712309293855,0.24859780631079778,0.6268356154646928,0.014297367467372415,0.0016817928305074296,0.49026908484813253,2,0,0.0,keep,none,1,0,keep,False,False,False,False,True,False,False,[],0.03403923469410084
626,0.537280469842843,0.5172804698428429,0.2536712309293855,0.24859780631079778,0.6268356154646928,0.014297367467372415,0.0016817928305074296,0.49026908484813253,2,0,0.0,keep,none,1,0,keep,False,False,False,False,True,False,False,[],0.03403923469410085
627,0.537280469842843,0.5172804698428429,0.2536712309293855,0.24859780631079778,0.6268356154646928,0.014297367467372415,0.0016817928305074296,0.49026908484813253,2,0,0.0,keep,none,1,0,keep,False,False,False,False,True,False,False,[],0.034039234694100855
628,0.537280469842843,0.5172804698428429,0.2536712309293855,0.24859780631079778,0.6268356154646928,0.014297367467372415,0.0016817928305074296,0.49026908484813253,2,0,0.0,keep,none,1,0,keep,False,False,False,False,True,False,False,[],0.034039234694100855
629,0.537280469842843,0.5172804698428429,0.2536712309293855,0.24859780631079778,0.6268356154646928,0.014297367467372415,0.0016817928305074296,0.49026908484813253,2,0,0.0,keep,none,1,0,keep,False,False,False,False,True,False,False,[],0.034039234694100855
630,0.537280469842843,0.5172804698428429,0.2536712309293855,0.24859780631079778,0.6268356154646928,0.014297367467372415,0.0016817928305074296,0.49026908484813253,2,0,0.0,keep,none,1,0,keep,False,False,False,False,True,False,False,[],0.034039234694100855
631,0.537280469842843,0.5172804698428429,0.2536712309293855,0.24859780631079778,0.6268356154646928,0.014297367467372415,0.0016817928305074296,0.49026908484813253,2,0,0.0,keep,none,1,0,keep,False,False,False,False,True,False,False,[],0.034039234694100855
632,0.5382039340462236,0.5182039340462236,0.25233886301222985,0.24729208575198525,0.6261694315061149,0.014297367467372415,0.0016817928305074296,0.49026908484813253,2,0,0.0,keep,none,1,0,keep,False,False,False,False,True,False,False,[],0.033798401937947975
633,0.537280469842843,0.5172804698428429,0.2536712309293855,0.24859780631079778,0.6268356154646928,0.014297367467372415,0.0016817928305074296,0.49026908484813253,2,0,0.0,keep,none,1,0,keep,False,False,False,False,True,False,False,[],0.03389473504040913
634,0.537280469842843,0.5172804698428429,0.2536712309293855,0.24859780631079778,0.6268356154646928,0.014297367467372415,0.0016817928305074296,0.49026908484813253,2,0,0.0,keep,none,1,0,keep,False,False,False,False,True,False,False,[],0.03395253490188582
635,0.5389546292416528,0.5189546292416528,0.25125576505316294,0.24623064975209968,0.6256278825265815,0.014297367467372415,0.0016817928305074296,0.49026908484813253,2,0,0.0,keep,none,1,0,keep,False,False,False,False,True,False,False,[],0.033553641415414975
636,0.537280469842843,0.5172804698428429,0.2536712309293855,0.24859780631079778,0.6268356154646928,0.014297367467372415,0.0016817928305074296,0.49026908484813253,2,0,0.0,keep,none,1,0,keep,False,False,False,False,True,False,False,[],0.03374787872688933
637,0.537280469842843,0.5172804698428429,0.2536712309293855,0.24859780631079778,0.6268356154646928,0.014297367467372415,0.0016817928305074296,0.49026908484813253,2,0,0.0,keep,none,1,0,keep,False,False,False,False,True,False,False,[],0.03386442111377394
638,0.537280469842843,0.5172804698428429,0.2536712309293855,0.24859780631079778,0.6268356154646928,0.014297367467372415,0.0016817928305074296,0.49026908484813253,2,0,0.0,keep,none,1,0,keep,False,False,False,False,True,False,False,[],0.03393434654590471
639,0.537280469842843,0.5172804698428429,0.2536712309293855,0.24859780631079778,0.6268356154646928,0.014297367467372415,0.0016817928305074296,0.49026908484813253,2,0,0.0,keep,none,1,0,keep,False,False,False,False,True,False,False,[],0.03397630180518317
640,0.537280469842843,0.5172804698428429,0.2536712309293855,0.24859780631079778,0.6268356154646928,0.014297367467372415,0.0016817928305074296,0.49026908484813253,2,0,0.0,keep,none,1,0,keep,False,False,False,False,True,False,False,[],0.03400147496075025
641,0.537280469842843,0.5172804698428429,0.2536712309293855,0.24859780631079778,0.6268356154646928,0.014297367467372415,0.0016817928305074296,0.49026908484813253,2,0,0.0,keep,none,1,0,keep,False,False,False,False,True,False,False,[],0.03401657885409049
642,0.537280469842843,0.5172804698428429,0.2536712309293855,0.24859780631079778,0.6268356154646928,0.014297367467372415,0.0016817928305074296,0.49026908484813253,2,0,0.0,keep,none,1,0,keep,False,False,False,False,True,False,False,[],0.03402564119009464
643,0.537280469842843,0.5172804698428429,0.2536712309293855,0.24859780631079778,0.6268356154646928,0.014297367467372415,0.0016817928305074296,0.49026908484813253,2,0,0.0,keep,none,1,0,keep,False,False,False,False,True,False,False,[],0.03403107859169713
644,0.537280469842843,0.5172804698428429,0.2536712309293855,0.24859780631079778,0.6268356154646928,0.014297367467372415,0.0016817928305074296,0.49026908484813253,2,0,0.0,keep,none,1,0,keep,False,False,False,False,True,False,False,[],0.03403434103265862
645,0.537280469842843,0.5172804698428429,0.2536712309293855,0.24859780631079778,0.6268356154646928,0.014297367467372415,0.0016817928305074296,0.49026908484813253,2,0,0.0,keep,none,1,0,keep,False,False,False,False,True,False,False,[],0.034036298497235516
646,0.537280469842843,0.5172804698428429,0.2536712309293855,0.24859780631079778,0.6268356154646928,0.014297367467372415,0.0016817928305074296,0.49026908484813253,2,0,0.0,keep,none,1,0,keep,False,False,False,False,True,False,False,[],0.034037472975981656
647,0.537280469842843,0.5172804698428429,0.2536712309293855,0.24859780631079778,0.6268356154646928,0.014297367467372415,0.0016817928305074296,0.49026908484813253,2,0,0.0,keep,none,1,0,keep,False,False,False,False,True,False,False,[],0.034038177663229335
648,0.537280469842843,0.5172804698428429,0.2536712309293855,0.24859780631079778,0.6268356154646928,0.014297367467372415,0.0016817928305074296,0.49026908484813253,2,0,0.0,keep,none,1,0,keep,False,False,False,False,True,False,False,[],0.03403860047557795
649,0.537280469842843,0.5172804698428429,0.2536712309293855,0.24859780631079778,0.6268356154646928,0.014297367467372415,0.0016817928305074296,0.49026908484813253,2,0,0.0,keep,none,1,0,keep,False,False,False,False,True,False,False,[],0.03403885416298711
650,0.537280469842843,0.5172804698428429,0.2536712309293855,0.24859780631079778,0.6268356154646928,0.014297367467372415,0.0016817928305074296,0.49026908484813253,2,0,0.0,keep,none,1,0,keep,False,False,False,False,True,False,False,[],0.03403900637543261
651,0.537280469842843,0.5172804698428429,0.2536712309293855,0.24859780631079778,0.6268356154646928,0.014297367467372415,0.0016817928305074296,0.49026908484813253,2,0,0.0,keep,none,1,0,keep,False,False,False,False,True,False,False,[],0.03403909770289991
652,0.537280469842843,0.5172804698428429,0.2536712309293855,0.24859780631079778,0.6268356154646928,0.014297367467372415,0.0016817928305074296,0.49026908484813253,2,0,0.0,keep,none,1,0,keep,False,False,False,False,True,False,False,[],0.03403915249938029
653,0.5395152448529059,0.5195152448529059,0.25044691263467633,0.2454379743819828,0.6252234563173382,0.014297367467372415,0.0016817928305074296,0.49026908484813253,2,0,0.0,keep,none,1,0,keep,False,False,False,False,True,False,False,[],0.03346342684791251
654,0.537280469842843,0.5172804698428429,0.2536712309293855,0.24859780631079778,0.6268356154646928,0.014297367467372415,0.0016817928305074296,0.49026908484813253,2,0,0.0,keep,none,1,0,keep,False,False,False,False,True,False,False,[],0.03369374998638785
655,0.537280469842843,0.5172804698428429,0.2536712309293855,0.24859780631079778,0.6268356154646928,0.014297367467372415,0.0016817928305074296,0.49026908484813253,2,0,0.0,keep,none,1,0,keep,False,False,False,False,True,False,False,[],0.03383194386947305
656,0.537280469842843,0.5172804698428429,0.2536712309293855,0.24859780631079778,0.6268356154646928,0.014297367467372415,0.0016817928305074296,0.49026908484813253,2,0,0.0,keep,none,1,0,keep,False,False,False,False,True,False,False,[],0.03391486019932417
657,0.537280469842843,0.5172804698428429,0.2536712309293855,0.24859780631079778,0.6268356154646928,0.014297367467372415,0.0016817928305074296,0.49026908484813253,2,0,0.0,keep,none,1,0,keep,False,False,False,False,True,False,False,[],0.03396460999723485
658,0.537280469842843,0.5172804698428429,0.2536712309293855,0.24859780631079778,0.6268356154646928,0.014297367467372415,0.0016817928305074296,0.49026908484813253,2,0,0.0,keep,none,1,0,keep,False,False,False,False,True,False,False,[],0.03399445987598126
659,0.537280469842843,0.5172804698428429,0.2536712309293855,0.24859780631079778,0.6268356154646928,0.014297367467372415,0.0016817928305074296,0.49026908484813253,2,0,0.0,keep,none,1,0,keep,False,False,False,False,True,False,False,[],0.0340123698032291
660,0.537280469842843,0.5172804698428429,0.2536712309293855,0.24859780631079778,0.6268356154646928,0.014297367467372415,0.0016817928305074296,0.49026908484813253,2,0,0.0,keep,none,1,0,keep,False,False,False,False,True,False,False,[],0.0340231157595778
661,0.537280469842843,0.5172804698428429,0.2536712309293855,0.24859780631079778,0.6268356154646928,0.014297367467372415,0.0016817928305074296,0.49026908484813253,2,0,0.0,keep,none,1,0,keep,False,False,False,False,True,False,False,[],0.034029563333387025
662,0.537280469842843,0.5172804698428429,0.2536712309293855,0.24859780631079778,0.6268356154646928,0.014297367467372415,0.0016817928305074296,0.49026908484813253,2,0,0.0,keep,none,1,0,keep,False,False,False,False,True,False,False,[],0.03403343187767256
663,0.537280469842843,0.5172804698428429,0.2536712309293855,0.24859780631079778,0.6268356154646928,0.014297367467372415,0.0016817928305074296,0.49026908484813253,2,0,0.0,keep,none,1,0,keep,False,False,False,False,True,False,False,[],0.034035753004243885
664,0.537280469842843,0.5172804698428429,0.2536712309293855,0.24859780631079778,0.6268356154646928,0.014297367467372415,0.0016817928305074296,0.49026908484813253,2,0,0.0,keep,none,1,0,keep,False,False,False,False,True,False,False,[],0.034037145680186676
665,0.537280469842843,0.5172804698428429,0.2536712309293855,0.24859780631079778,0.6268356154646928,0.014297367467372415,0.0016817928305074296,0.49026908484813253,2,0,0.0,keep,none,1,0,keep,False,False,False,False,True,False,False,[],0.03403798128575235
666,0.537280469842843,0.5172804698428429,0.2536712309293855,0.24859780631079778,0.6268356154646928,0.014297367467372415,0.0016817928305074296,0.49026908484813253,2,0,0.0,keep,none,1,0,keep,False,False,False,False,True,False,False,[],0.034038482649091754
667,0.537280469842843,0.5172804698428429,0.2536712309293855,0.24859780631079778,0.6268356154646928,0.014297367467372415,0.0016817928305074296,0.49026908484813253,2,0,0.0,keep,none,1,0,keep,False,False,False,False,True,False,False,[],0.0340387834670954
668,0.537280469842843,0.5172804698428429,0.2536712309293855,0.24859780631079778,0.6268356154646928,0.014297367467372415,0.0016817928305074296,0.49026908484813253,2,0,0.0,keep,none,1,0,keep,False,False,False,False,True,False,False,[],0.034038963957897586
669,0.537280469842843,0.5172804698428429,0.2536712309293855,0.24859780631079778,0.6268356154646928,0.014297367467372415,0.0016817928305074296,0.49026908484813253,2,0,0.0,keep,none,1,0,keep,False,False,False,False,True,False,False,[],0.0340390722523789
670,0.537280469842843,0.5172804698428429,0.2536712309293855,0.24859780631079778,0.6268356154646928,0.014297367467372415,0.0016817928305074296,0.49026908484813253,2,0,0.0,keep,none,1,0,keep,False,False,False,False,True,False,False,[],0.034039137229067686
671,0.537280469842843,0.5172804698428429,0.2536712309293855,0.24859780631079778,0.6268356154646928,0.014297367467372415,0.0016817928305074296,0.49026908484813253,2,0,0.0,keep,none,1,0,keep,False,False,False,False,True,False,False,[],0.03403917621508096
672,0.537280469842843,0.5172804698428429,0.2536712309293855,0.24859780631079778,0.6268356154646928,0.014297367467372415,0.0016817928305074296,0.49026908484813253,2,0,0.0,keep,none,1,0,keep,False,False,False,False,True,False,False,[],0.03403919960668892
673,0.537280469842843,0.5172804698428429,0.2536712309293855,0.24859780631079778,0.6268356154646928,0.014297367467372415,0.0016817928305074296,0.49026908484813253,2,0,0.0,keep,none,1,0,keep,False,False,False,False,True,False,False,[],0.034039213641653694
674,0.537280469842843,0.5172804698428429,0.2536712309293855,0.24859780631079778,0.6268356154646928,0.014297367467372415,0.0016817928305074296,0.49026908484813253,2,0,0.0,keep,none,1,0,keep,False,False,False,False,True,False,False,[],0.03403922206263256
675,0.537280469842843,0.5172804698428429,0.2536712309293855,0.24859780631079778,0.6268356154646928,0.014297367467372415,0.0016817928305074296,0.49026908484813253,2,0,0.0,keep,none,1,0,keep,False,False,False,False,True,False,False,[],0.03403922711521988
676,0.537280469842843,0.5172804698428429,0.2536712309293855,0.24859780631079778,0.6268356154646928,0.014297367467372415,0.0016817928305074296,0.49026908484813253,2,0,0.0,keep,none,1,0,keep,False,False,False,False,True,False,False,[],0.03403923014677227
677,0.537280469842843,0.5172804698428429,0.2536712309293855,0.24859780631079778,0.6268356154646928,0.014297367467372415,0.0016817928305074296,0.49026908484813253,2,0,0.0,keep,none,1,0,keep,False,False,False,False,True,False,False,[],0.03403923196570371
678,0.537280469842843,0.5172804698428429,0.2536712309293855,0.24859780631079778,0.6268356154646928,0.014297367467372415,0.0016817928305074296,0.49026908484813253,2,0,0.0,keep,none,1,0,keep,False,False,False,False,True,False,False,[],0.03403923305706257
679,0.537280469842843,0.5172804698428429,0.2536712309293855,0.24859780631079778,0.6268356154646928,0.014297367467372415,0.0016817928305074296,0.49026908484813253,2,0,0.0,keep,none,1,0,keep,False,False,False,False,True,False,False,[],0.034039233711877885
680,0.537280469842843,0.5172804698428429,0.2536712309293855,0.24859780631079778,0.6268356154646928,0.014297367467372415,0.0016817928305074296,0.49026908484813253,2,0,0.0,keep,none,1,0,keep,False,False,False,False,True,False,False,[],0.03403923410476708
681,0.537280469842843,0.5172804698428429,0.2536712309293855,0.24859780631079778,0.6268356154646928,0.014297367467372415,0.0016817928305074296,0.49026908484813253,2,0,0.0,keep,none,1,0,keep,False,False,False,False,True,False,False,[],0.034039234340500595
682,0.5404639425168786,0.5204639425168786,0.24907813805096157,0.24409657528994233,0.6245390690254808,0.014297367467372415,0.0016817928305074296,0.49026908484813253,2,0,0.0,keep,none,1,0,keep,False,False,False,False,True,False,False,[],0.03322623373513382
683,0.537280469842843,0.5172804698428429,0.2536712309293855,0.24859780631079778,0.6268356154646928,0.014297367467372415,0.0016817928305074296,0.49026908484813253,2,0,0.0,keep,none,1,0,keep,False,False,False,False,True,False,False,[],0.033551434118720636
684,0.537280469842843,0.5172804698428429,0.2536712309293855,0.24859780631079778,0.6268356154646928,0.014297367467372415,0.0016817928305074296,0.49026908484813253,2,0,0.0,keep,none,1,0,keep,False,False,False,False,True,False,False,[],0.03374655434887273
685,0.537280469842843,0.5172804698428429,0.2536712309293855,0.24859780631079778,0.6268356154646928,0.014297367467372415,0.0016817928305074296,0.49026908484813253,2,0,0.0,keep,none,1,0,keep,False,False,False,False,True,False,False,[],0.033863626486963984
686,0.537280469842843,0.5172804698428429,0.2536712309293855,0.24859780631079778,0.6268356154646928,0.014297367467372415,0.0016817928305074296,0.49026908484813253,2,0,0.0,keep,none,1,0,keep,False,False,False,False,True,False,False,[],0.033933869769818735
687,0.537280469842843,0.5172804698428429,0.2536712309293855,0.24859780631079778,0.6268356154646928,0.014297367467372415,0.0016817928305074296,0.49026908484813253,2,0,0.0,keep,none,1,0,keep,False,False,False,False,True,False,False,[],0.03397601573953159
688,0.537280469842843,0.5172804698428429,0.2536712309293855,0.24859780631079778,0.6268356154646928,0.014297367467372415,0.0016817928305074296,0.49026908484813253,2,0,0.0,keep,none,1,0,keep,False,False,False,False,True,False,False,[],0.0340013033213593
689,0.537280469842843,0.5172804698428429,0.2536712309293855,0.24859780631079778,0.6268356154646928,0.014297367467372415,0.0016817928305074296,0.49026908484813253,2,0,0.0,keep,none,1,0,keep,False,False,False,False,True,False,False,[],0.03401647587045592
690,0.537280469842843,0.5172804698428429,0.2536712309293855,0.24859780631079778,0.6268356154646928,0.014297367467372415,0.0016817928305074296,0.49026908484813253,2,0,0.0,keep,none,1,0,keep,False,False,False,False,True,False,False,[],0.034025579399913894
691,0.537280469842843,0.5172804698428429,0.2536712309293855,0.24859780631079778,0.6268356154646928,0.014297367467372415,0.0016817928305074296,0.49026908484813253,2,0,0.0,keep,none,1,0,keep,False,False,False,False,True,False,False,[],0.03403104151758868
692,0.537280469842843,0.5172804698428429,0.2536712309293855,0.24859780631079778,0.6268356154646928,0.014297367467372415,0.0016817928305074296,0.49026908484813253,2,0,0.0,keep,none,1,0,keep,False,False,False,False,True,False,False,[],0.03403431878819355
693,0.5377577364427671,0.5177577364427671,0.252982633901649,0.247922981223616,0.6264913169508245,0.014297367467372415,0.0016817928305074296,0.49026908484813253,2,0,0.0,keep,none,1,0,keep,False,False,False,False,True,False,False,[],0.03391129963943932
694,0.537280469842843,0.5172804698428429,0.2536712309293855,0.24859780631079778,0.6268356154646928,0.014297367467372415,0.0016817928305074296,0.49026908484813253,2,0,0.0,keep,none,1,0,keep,False,False,False,False,True,False,False,[],0.033962473661303935
695,0.537280469842843,0.5172804698428429,0.2536712309293855,0.24859780631079778,0.6268356154646928,0.014297367467372415,0.0016817928305074296,0.49026908484813253,2,0,0.0,keep,none,1,0,keep,False,False,False,False,True,False,False,[],0.0339931780744227
696,0.537280469842843,0.5172804698428429,0.2536712309293855,0.24859780631079778,0.6268356154646928,0.014297367467372415,0.0016817928305074296,0.49026908484813253,2,0,0.0,keep,none,1,0,keep,False,False,False,False,True,False,False,[],0.034011600722293964
697,0.537280469842843,0.5172804698428429,0.2536712309293855,0.24859780631079778,0.6268356154646928,0.014297367467372415,0.0016817928305074296,0.49026908484813253,2,0,0.0,keep,none,1,0,keep,False,False,False,False,True,False,False,[],0.034022654311016726
698,0.537280469842843,0.5172804698428429,0.2536712309293855,0.24859780631079778,0.6268356154646928,0.014297367467372415,0.0016817928305074296,0.49026908484813253,2,0,0.0,keep,none,1,0,keep,False,False,False,False,True,False,False,[],0.03402928646425038
699,0.537280469842843,0.5172804698428429,0.2536712309293855,0.24859780631079778,0.6268356154646928,0.014297367467372415,0.0016817928305074296,0.49026908484813253,2,0,0.0,keep,none,1,0,keep,False,False,False,False,True,False,False,[],0.034033265756190575
700,0.537280469842843,0.5172804698428429,0.2536712309293855,0.24859780631079778,0.6268356154646928,0.014297367467372415,0.0016817928305074296,0.49026908484813253,2,0,0.0,keep,none,1,0,keep,False,False,False,False,True,False,False,[],0.03403565333135469
701,0.537280469842843,0.5172804698428429,0.2536712309293855,0.24859780631079778,0.6268356154646928,0.014297367467372415,0.0016817928305074296,0.49026908484813253,2,0,0.0,keep,none,1,0,keep,False,False,False,False,True,False,False,[],0.03403708587645316
702,0.537280469842843,0.5172804698428429,0.2536712309293855,0.24859780631079778,0.6268356154646928,0.014297367467372415,0.0016817928305074296,0.49026908484813253,2,0,0.0,keep,none,1,0,keep,False,False,False,False,True,False,False,[],0.034037945403512244
703,0.537280469842843,0.5172804698428429,0.2536712309293855,0.24859780631079778,0.6268356154646928,0.014297367467372415,0.0016817928305074296,0.49026908484813253,2,0,0.0,keep,none,1,0,keep,False,False,False,False,True,False,False,[],0.03403846111974769
704,0.537280469842843,0.5172804698428429,0.2536712309293855,0.24859780631079778,0.6268356154646928,0.014297367467372415,0.0016817928305074296,0.49026908484813253,2,0,0.0,keep,none,1,0,keep,False,False,False,False,True,False,False,[],0.03403877054948896
705,0.537280469842843,0.5172804698428429,0.2536712309293855,0.24859780631079778,0.6268356154646928,0.014297367467372415,0.0016817928305074296,0.49026908484813253,2,0,0.0,keep,none,1,0,keep,False,False,False,False,True,False,False,[],0.03403895620733372
706,0.537280469842843,0.5172804698428429,0.2536712309293855,0.24859780631079778,0.6268356154646928,0.014297367467372415,0.0016817928305074296,0.49026908484813253,2,0,0.0,keep,none,1,0,keep,False,False,False,False,True,False,False,[],0.034039067602040576
707,0.537280469842843,0.5172804698428429,0.2536712309293855,0.24859780631079778,0.6268356154646928,0.014297367467372415,0.0016817928305074296,0.49026908484813253,2,0,0.0,keep,none,1,0,keep,False,False,False,False,True,False,False,[],0.03403913443886469
708,0.537280469842843,0.5172804698428429,0.2536712309293855,0.24859780631079778,0.6268356154646928,0.014297367467372415,0.0016817928305074296,0.49026908484813253,2,0,0.0,keep,none,1,0,keep,False,False,False,False,True,False,False,[],0.03403917454095916
709,0.537280469842843,0.5172804698428429,0.2536712309293855,0.24859780631079778,0.6268356154646928,0.014297367467372415,0.0016817928305074296,0.49026908484813253,2,0,0.0,keep,none,1,0,keep,False,False,False,False,True,False,False,[],0.03403919860221584
710,0.537280469842843,0.5172804698428429,0.2536712309293855,0.24859780631079778,0.6268356154646928,0.014297367467372415,0.0016817928305074296,0.49026908484813253,2,0,0.0,keep,none,1,0,keep,False,False,False,False,True,False,False,[],0.03403921303896985
711,0.537280469842843,0.5172804698428429,0.2536712309293855,0.24859780631079778,0.6268356154646928,0.014297367467372415,0.0016817928305074296,0.49026908484813253,2,0,0.0,keep,none,1,0,keep,False,False,False,False,True,False,False,[],0.034039221701022256
712,0.537280469842843,0.5172804698428429,0.2536712309293855,0.24859780631079778,0.6268356154646928,0.014297367467372415,0.0016817928305074296,0.49026908484813253,2,0,0.0,keep,none,1,0,keep,False,False,False,False,True,False,False,[],0.0340392268982537
713,0.537280469842843,0.5172804698428429,0.2536712309293855,0.24859780631079778,0.6268356154646928,0.014297367467372415,0.0016817928305074296,0.49026908484813253,2,0,0.0,keep,none,1,0,keep,False,False,False,False,True,False,False,[],0.034039230016592564
714,0.537280469842843,0.5172804698428429,0.2536712309293855,0.24859780631079778,0.6268356154646928,0.014297367467372415,0.0016817928305074296,0.49026908484813253,2,0,0.0,keep,none,1,0,keep,False,False,False,False,True,False,False,[],0.03403923188759588
715,0.537280469842843,0.5172804698428429,0.2536712309293855,0.24859780631079778,0.6268356154646928,0.014297367467372415,0.0016817928305074296,0.49026908484813253,2,0,0.0,keep,none,1,0,keep,False,False,False,False,True,False,False,[],0.03403923301019787
716,0.537280469842843,0.5172804698428429,0.2536712309293855,0.24859780631079778,0.6268356154646928,0.014297367467372415,0.0016817928305074296,0.49026908484813253,2,0,0.0,keep,none,1,0,keep,False,False,False,False,True,False,False,[],0.034039233683759065
717,0.537280469842843,0.5172804698428429,0.2536712309293855,0.24859780631079778,0.6268356154646928,0.014297367467372415,0.0016817928305074296,0.49026908484813253,2,0,0.0,keep,none,1,0,keep,False,False,False,False,True,False,False,[],0.03403923408789578
718,0.537280469842843,0.5172804698428429,0.2536712309293855,0.24859780631079778,0.6268356154646928,0.014297367467372415,0.0016817928305074296,0.49026908484813253,2,0,0.0,keep,none,1,0,keep,False,False,False,False,True,False,False,[],0.03403923433037782
719,0.537280469842843,0.5172804698428429,0.2536712309293855,0.24859780631079778,0.6268356154646928,0.014297367467372415,0.0016817928305074296,0.49026908484813253,2,0,0.0,keep,none,1,0,keep,False,False,False,False,True,False,False,[],0.034039234475867035
720,0.537280469842843,0.5172804698428429,0.2536712309293855,0.24859780631079778,0.6268356154646928,0.014297367467372415,0.0016817928305074296,0.49026908484813253,2,0,0.0,keep,none,1,0,keep,False,False,False,False,True,False,False,[],0.03403923456316057
721,0.537280469842843,0.5172804698428429,0.2536712309293855,0.24859780631079778,0.6268356154646928,0.014297367467372415,0.0016817928305074296,0.49026908484813253,2,0,0.0,keep,none,1,0,keep,False,False,False,False,True,False,False,[],0.034039234615536686
722,0.537280469842843,0.5172804698428429,0.2536712309293855,0.24859780631079778,0.6268356154646928,0.014297367467372415,0.0016817928305074296,0.49026908484813253,2,0,0.0,keep,none,1,0,keep,False,False,False,False,True,False,False,[],0.03403923464696235
723,0.537280469842843,0.5172804698428429,0.2536712309293855,0.24859780631079778,0.6268356154646928,0.014297367467372415,0.0016817928305074296,0.49026908484813253,2,0,0.0,keep,none,1,0,keep,False,False,False,False,True,False,False,[],0.03403923466581776
724,0.537280469842843,0.5172804698428429,0.2536712309293855,0.24859780631079778,0.6268356154646928,0.014297367467372415,0.0016817928305074296,0.49026908484813253,2,0,0.0,keep,none,1,0,keep,False,False,False,False,True,False,False,[],0.034039234677131
725,0.537280469842843,0.5172804698428429,0.2536712309293855,0.24859780631079778,0.6268356154646928,0.014297367467372415,0.0016817928305074296,0.49026908484813253,2,0,0.0,keep,none,1,0,keep,False,False,False,False,True,False,False,[],0.034039234683918944
726,0.5386261417183926,0.5186261417183926,0.2517297046336855,0.2466951105410118,0.6258648523168427,0.014297367467372415,0.0016817928305074296,0.49026908484813253,2,0,0.0,keep,none,1,0,keep,False,False,False,False,True,False,False,[],0.03368966795196689
727,0.537280469842843,0.5172804698428429,0.2536712309293855,0.24859780631079778,0.6268356154646928,0.014297367467372415,0.0016817928305074296,0.49026908484813253,2,0,0.0,keep,none,1,0,keep,False,False,False,False,True,False,False,[],0.03382949464882048
728,0.537280469842843,0.5172804698428429,0.2536712309293855,0.24859780631079778,0.6268356154646928,0.014297367467372415,0.0016817928305074296,0.49026908484813253,2,0,0.0,keep,none,1,0,keep,False,False,False,False,True,False,False,[],0.03391339066693263
729,0.537280469842843,0.5172804698428429,0.2536712309293855,0.24859780631079778,0.6268356154646928,0.014297367467372415,0.0016817928305074296,0.49026908484813253,2,0,0.0,keep,none,1,0,keep,False,False,False,False,True,False,False,[],0.03396372827779992
730,0.537280469842843,0.5172804698428429,0.2536712309293855,0.24859780631079778,0.6268356154646928,0.014297367467372415,0.0016817928305074296,0.49026908484813253,2,0,0.0,keep,none,1,0,keep,False,False,False,False,True,False,False,[],0.0339939308443203
731,0.537280469842843,0.5172804698428429,0.2536712309293855,0.24859780631079778,0.6268356154646928,0.014297367467372415,0.0016817928305074296,0.49026908484813253,2,0,0.0,keep,none,1,0,keep,False,False,False,False,True,False,False,[],0.03401205238423252
732,0.537280469842843,0.5172804698428429,0.2536712309293855,0.24859780631079778,0.6268356154646928,0.014297367467372415,0.0016817928305074296,0.49026908484813253,2,0,0.0,keep,none,1,0,keep,False,False,False,False,True,False,False,[],0.03402292530817986
733,0.537280469842843,0.5172804698428429,0.2536712309293855,0.24859780631079778,0.6268356154646928,0.014297367467372415,0.0016817928305074296,0.49026908484813253,2,0,0.0,keep,none,1,0,keep,False,False,False,False,True,False,False,[],0.03402944906254826
734,0.537280469842843,0.5172804698428429,0.2536712309293855,0.24859780631079778,0.6268356154646928,0.014297367467372415,0.0016817928305074296,0.49026908484813253,2,0,0.0,keep,none,1,0,keep,False,False,False,False,True,False,False,[],0.034033363315169304
735,0.537280469842843,0.5172804698428429,0.2536712309293855,0.24859780631079778,0.6268356154646928,0.014297367467372415,0.0016817928305074296,0.49026908484813253,2,0,0.0,keep,none,1,0,keep,False,False,False,False,True,False,False,[],0.034035711866741925
736,0.537280469842843,0.5172804698428429,0.2536712309293855,0.24859780631079778,0.6268356154646928,0.014297367467372415,0.0016817928305074296,0.49026908484813253,2,0,0.0,keep,none,1,0,keep,False,False,False,False,True,False,False,[],0.0340371209976855
737,0.537280469842843,0.5172804698428429,0.2536712309293855,0.24859780631079778,0.6268356154646928,0.014297367467372415,0.0016817928305074296,0.49026908484813253,2,0,0.0,keep,none,1,0,keep,False,False,False,False,True,False,False,[],0.034037966476251645
738,0.537280469842843,0.5172804698428429,0.2536712309293855,0.24859780631079778,0.6268356154646928,0.014297367467372415,0.0016817928305074296,0.49026908484813253,2,0,0.0,keep,none,1,0,keep,False,False,False,False,True,False,False,[],0.03403847376339133
739,0.537280469842843,0.5172804698428429,0.2536712309293855,0.24859780631079778,0.6268356154646928,0.014297367467372415,0.0016817928305074296,0.49026908484813253,2,0,0.0,keep,none,1,0,keep,False,False,False,False,True,False,False,[],0.03403877813567514
740,0.537280469842843,0.5172804698428429,0.2536712309293855,0.24859780631079778,0.6268356154646928,0.014297367467372415,0.0016817928305074296,0.49026908484813253,2,0,0.0,keep,none,1,0,keep,False,False,False,False,True,False,False,[],0.03403896075904543
741,0.537280469842843,0.5172804698428429,0.2536712309293855,0.24859780631079778,0.6268356154646928,0.014297367467372415,0.0016817928305074296,0.49026908484813253,2,0,0.0,keep,none,1,0,keep,False,False,False,False,True,False,False,[],0.034039070333067606
742,0.537280469842843,0.5172804698428429,0.2536712309293855,0.24859780631079778,0.6268356154646928,0.014297367467372415,0.0016817928305074296,0.49026908484813253,2,0,0.0,keep,none,1,0,keep,False,False,False,False,True,False,False,[],0.03403913607748091
743,0.537280469842843,0.5172804698428429,0.2536712309293855,0.24859780631079778,0.6268356154646928,0.014297367467372415,0.0016817928305074296,0.49026908484813253,2,0,0.0,keep,none,1,0,keep,False,False,False,False,True,False,False,[],0.03403917552412889
744,0.537280469842843,0.5172804698428429,0.2536712309293855,0.24859780631079778,0.6268356154646928,0.014297367467372415,0.0016817928305074296,0.49026908484813253,2,0,0.0,keep,none,1,0,keep,False,False,False,False,True,False,False,[],0.03403919919211768
745,0.537280469842843,0.5172804698428429,0.2536712309293855,0.24859780631079778,0.6268356154646928,0.014297367467372415,0.0016817928305074296,0.49026908484813253,2,0,0.0,keep,none,1,0,keep,False,False,False,False,True,False,False,[],0.03403921339291095
746,0.537280469842843,0.5172804698428429,0.2536712309293855,0.24859780631079778,0.6268356154646928,0.014297367467372415,0.0016817928305074296,0.49026908484813253,2,0,0.0,keep,none,1,0,keep,False,False,False,False,True,False,False,[],0.034039221913386916
747,0.537280469842843,0.5172804698428429,0.2536712309293855,0.24859780631079778,0.6268356154646928,0.014297367467372415,0.0016817928305074296,0.49026908484813253,2,0,0.0,keep,none,1,0,keep,False,False,False,False,True,False,False,[],0.0340392270256725
748,0.537280469842843,0.5172804698428429,0.2536712309293855,0.24859780631079778,0.6268356154646928,0.014297367467372415,0.0016817928305074296,0.49026908484813253,2,0,0.0,keep,none,1,0,keep,False,False,False,False,True,False,False,[],0.03403923009304384
749,0.537280469842843,0.5172804698428429,0.2536712309293855,0.24859780631079778,0.6268356154646928,0.014297367467372415,0.0016817928305074296,0.49026908484813253,2,0,0.0,keep,none,1,0,keep,False,False,False,False,True,False,False,[],0.03403923193346665
750,0.537280469842843,0.5172804698428429,0.2536712309293855,0.24859780631079778,0.6268356154646928,0.014297367467372415,0.0016817928305074296,0.49026908484813253,2,0,0.0,keep,none,1,0,keep,False,False,False,False,True,False,False,[],0.034039233037720336
751,0.537280469842843,0.5172804698428429,0.2536712309293855,0.24859780631079778,0.6268356154646928,0.014297367467372415,0.0016817928305074296,0.49026908484813253,2,0,0.0,keep,none,1,0,keep,False,False,False,False,True,False,False,[],0.03403923370027254
752,0.537280469842843,0.5172804698428429,0.2536712309293855,0.24859780631079778,0.6268356154646928,0.014297367467372415,0.0016817928305074296,0.49026908484813253,2,0,0.0,keep,none,1,0,keep,False,False,False,False,True,False,False,[],0.03403923409780387
753,0.537280469842843,0.5172804698428429,0.2536712309293855,0.24859780631079778,0.6268356154646928,0.014297367467372415,0.0016817928305074296,0.49026908484813253,2,0,0.0,keep,none,1,0,keep,False,False,False,False,True,False,False,[],0.034039234336322666
754,0.537280469842843,0.5172804698428429,0.2536712309293855,0.24859780631079778,0.6268356154646928,0.014297367467372415,0.0016817928305074296,0.49026908484813253,2,0,0.0,keep,none,1,0,keep,False,False,False,False,True,False,False,[],0.034039234479433945
755,0.537280469842843,0.5172804698428429,0.2536712309293855,0.24859780631079778,0.6268356154646928,0.014297367467372415,0.0016817928305074296,0.49026908484813253,2,0,0.0,keep,none,1,0,keep,False,False,False,False,True,False,False,[],0.03403923456530071
756,0.537280469842843,0.5172804698428429,0.2536712309293855,0.24859780631079778,0.6268356154646928,0.014297367467372415,0.0016817928305074296,0.49026908484813253,2,0,0.0,keep,none,1,0,keep,False,False,False,False,True,False,False,[],0.03403923461682077
757,0.537280469842843,0.5172804698428429,0.2536712309293855,0.24859780631079778,0.6268356154646928,0.014297367467372415,0.0016817928305074296,0.49026908484813253,2,0,0.0,keep,none,1,0,keep,False,False,False,False,True,False,False,[],0.034039234647732806
758,0.537280469842843,0.5172804698428429,0.2536712309293855,0.24859780631079778,0.6268356154646928,0.014297367467372415,0.0016817928305074296,0.49026908484813253,2,0,0.0,keep,none,1,0,keep,False,False,False,False,True,False,False,[],0.034039234666280026
759,0.537280469842843,0.5172804698428429,0.2536712309293855,0.24859780631079778,0.6268356154646928,0.014297367467372415,0.0016817928305074296,0.49026908484813253,2,0,0.0,keep,none,1,0,keep,False,False,False,False,True,False,False,[],0.03403923467740836
760,0.537280469842843,0.5172804698428429,0.2536712309293855,0.24859780631079778,0.6268356154646928,0.014297367467372415,0.0016817928305074296,0.49026908484813253,2,0,0.0,keep,none,1,0,keep,False,False,False,False,True,False,False,[],0.03403923468408536
761,0.537280469842843,0.5172804698428429,0.2536712309293855,0.24859780631079778,0.6268356154646928,0.014297367467372415,0.0016817928305074296,0.49026908484813253,2,0,0.0,keep,none,1,0,keep,False,False,False,False,True,False,False,[],0.03403923468809156
762,0.537280469842843,0.5172804698428429,0.2536712309293855,0.24859780631079778,0.6268356154646928,0.014297367467372415,0.0016817928305074296,0.49026908484813253,2,0,0.0,keep,none,1,0,keep,False,False,False,False,True,False,False,[],0.03403923469049528
763,0.537280469842843,0.5172804698428429,0.2536712309293855,0.24859780631079778,0.6268356154646928,0.014297367467372415,0.0016817928305074296,0.49026908484813253,2,0,0.0,keep,none,1,0,keep,False,False,False,False,True,False,False,[],0.034039234691937516
764,0.537280469842843,0.5172804698428429,0.2536712309293855,0.24859780631079778,0.6268356154646928,0.014297367467372415,0.0016817928305074296,0.49026908484813253,2,0,0.0,keep,none,1,0,keep,False,False,False,False,True,False,False,[],0.03403923469280285
765,0.537280469842843,0.5172804698428429,0.2536712309293855,0.24859780631079778,0.6268356154646928,0.014297367467372415,0.0016817928305074296,0.49026908484813253,2,0,0.0,keep,none,1,0,keep,False,False,False,False,True,False,False,[],0.034039234693322054
766,0.537280469842843,0.5172804698428429,0.2536712309293855,0.24859780631079778,0.6268356154646928,0.014297367467372415,0.0016817928305074296,0.49026908484813253,2,0,0.0,keep,none,1,0,keep,False,False,False,False,True,False,False,[],0.034039234693633576
767,0.537280469842843,0.5172804698428429,0.2536712309293855,0.24859780631079778,0.6268356154646928,0.014297367467372415,0.0016817928305074296,0.49026908484813253,2,0,0.0,keep,none,1,0,keep,False,False,False,False,True,False,False,[],0.03403923469382049
768,0.537280469842843,0.5172804698428429,0.2536712309293855,0.24859780631079778,0.6268356154646928,0.014297367467372415,0.0016817928305074296,0.49026908484813253,2,0,0.0,keep,none,1,0,keep,False,False,False,False,True,False,False,[],0.034039234693932635
769,0.537280469842843,0.5172804698428429,0.2536712309293855,0.24859780631079778,0.6268356154646928,0.014297367467372415,0.0016817928305074296,0.49026908484813253,2,0,0.0,keep,none,1,0,keep,False,False,False,False,True,False,False,[],0.03403923469399993
770,0.537280469842843,0.5172804698428429,0.2536712309293855,0.24859780631079778,0.6268356154646928,0.014297367467372415,0.0016817928305074296,0.49026908484813253,2,0,0.0,keep,none,1,0,keep,False,False,False,False,True,False,False,[],0.0340392346940403
771,0.537280469842843,0.5172804698428429,0.2536712309293855,0.24859780631079778,0.6268356154646928,0.014297367467372415,0.0016817928305074296,0.49026908484813253,2,0,0.0,keep,none,1,0,keep,False,False,False,False,True,False,False,[],0.03403923469406452
772,0.537280469842843,0.5172804698428429,0.2536712309293855,0.24859780631079778,0.6268356154646928,0.014297367467372415,0.0016817928305074296,0.49026908484813253,2,0,0.0,keep,none,1,0,keep,False,False,False,False,True,False,False,[],0.03403923469407906
773,0.537280469842843,0.5172804698428429,0.2536712309293855,0.24859780631079778,0.6268356154646928,0.014297367467372415,0.0016817928305074296,0.49026908484813253,2,0,0.0,keep,none,1,0,keep,False,False,False,False,True,False,False,[],0.03403923469408778
774,0.537280469842843,0.5172804698428429,0.2536712309293855,0.24859780631079778,0.6268356154646928,0.014297367467372415,0.0016817928305074296,0.49026908484813253,2,0,0.0,keep,none,1,0,keep,False,False,False,False,True,False,False,[],0.034039234694093014
775,0.537280469842843,0.5172804698428429,0.2536712309293855,0.24859780631079778,0.6268356154646928,0.014297367467372415,0.0016817928305074296,0.49026908484813253,2,0,0.0,keep,none,1,0,keep,False,False,False,False,True,False,False,[],0.03403923469409615
776,0.537280469842843,0.5172804698428429,0.2536712309293855,0.24859780631079778,0.6268356154646928,0.014297367467372415,0.0016817928305074296,0.49026908484813253,2,0,0.0,keep,none,1,0,keep,False,False,False,False,True,False,False,[],0.03403923469409804
777,0.537280469842843,0.5172804698428429,0.2536712309293855,0.24859780631079778,0.6268356154646928,0.014297367467372415,0.0016817928305074296,0.49026908484813253,2,0,0.0,keep,none,1,0,keep,False,False,False,False,True,False,False,[],0.03403923469409917
778,0.537280469842843,0.5172804698428429,0.2536712309293855,0.24859780631079778,0.6268356154646928,0.014297367467372415,0.0016817928305074296,0.49026908484813253,2,0,0.0,keep,none,1,0,keep,False,False,False,False,True,False,False,[],0.03403923469409985
779,0.537280469842843,0.5172804698428429,0.2536712309293855,0.24859780631079778,0.6268356154646928,0.014297367467372415,0.0016817928305074296,0.49026908484813253,2,0,0.0,keep,none,1,0,keep,False,False,False,False,True,False,False,[],0.03403923469410025
780,0.537280469842843,0.5172804698428429,0.2536712309293855,0.24859780631079778,0.6268356154646928,0.014297367467372415,0.0016817928305074296,0.49026908484813253,2,0,0.0,keep,none,1,0,keep,False,False,False,False,True,False,False,[],0.034039234694100494
781,0.537280469842843,0.5172804698428429,0.2536712309293855,0.24859780631079778,0.6268356154646928,0.014297367467372415,0.0016817928305074296,0.49026908484813253,2,0,0.0,keep,none,1,0,keep,False,False,False,False,True,False,False,[],0.03403923469410064
782,0.537280469842843,0.5172804698428429,0.2536712309293855,0.24859780631079778,0.6268356154646928,0.014297367467372415,0.0016817928305074296,0.49026908484813253,2,0,0.0,keep,none,1,0,keep,False,False,False,False,True,False,False,[],0.03403923469410073
783,0.537280469842843,0.5172804698428429,0.2536712309293855,0.24859780631079778,0.6268356154646928,0.014297367467372415,0.0016817928305074296,0.49026908484813253,2,0,0.0,keep,none,1,0,keep,False,False,False,False,True,False,False,[],0.034039234694100785
784,0.537280469842843,0.5172804698428429,0.2536712309293855,0.24859780631079778,0.6268356154646928,0.014297367467372415,0.0016817928305074296,0.49026908484813253,2,0,0.0,keep,none,1,0,keep,False,False,False,False,True,False,False,[],0.03403923469410081
785,0.537280469842843,0.5172804698428429,0.2536712309293855,0.24859780631079778,0.6268356154646928,0.014297367467372415,0.0016817928305074296,0.49026908484813253,2,0,0.0,keep,none,1,0,keep,False,False,False,False,True,False,False,[],0.034039234694100834
786,0.537280469842843,0.5172804698428429,0.2536712309293855,0.24859780631079778,0.6268356154646928,0.014297367467372415,0.0016817928305074296,0.49026908484813253,2,0,0.0,keep,none,1,0,keep,False,False,False,False,True,False,False,[],0.03403923469410085
787,0.537280469842843,0.5172804698428429,0.2536712309293855,0.24859780631079778,0.6268356154646928,0.014297367467372415,0.0016817928305074296,0.49026908484813253,2,0,0.0,keep,none,1,0,keep,False,False,False,False,True,False,False,[],0.034039234694100855
788,0.537280469842843,0.5172804698428429,0.2536712309293855,0.24859780631079778,0.6268356154646928,0.014297367467372415,0.0016817928305074296,0.49026908484813253,2,0,0.0,keep,none,1,0,keep,False,False,False,False,True,False,False,[],0.034039234694100855
789,0.537280469842843,0.5172804698428429,0.2536712309293855,0.24859780631079778,0.6268356154646928,0.014297367467372415,0.0016817928305074296,0.49026908484813253,2,0,0.0,keep,none,1,0,keep,False,False,False,False,True,False,False,[],0.034039234694100855
790,0.537280469842843,0.5172804698428429,0.2536712309293855,0.24859780631079778,0.6268356154646928,0.014297367467372415,0.0016817928305074296,0.49026908484813253,2,0,0.0,keep,none,1,0,keep,False,False,False,False,True,False,False,[],0.034039234694100855
791,0.537280469842843,0.5172804698428429,0.2536712309293855,0.24859780631079778,0.6268356154646928,0.014297367467372415,0.0016817928305074296,0.49026908484813253,2,0,0.0,keep,none,1,0,keep,False,False,False,False,True,False,False,[],0.034039234694100855
792,0.537280469842843,0.5172804698428429,0.2536712309293855,0.24859780631079778,0.6268356154646928,0.014297367467372415,0.0016817928305074296,0.49026908484813253,2,0,0.0,keep,none,1,0,keep,False,False,False,False,True,False,False,[],0.034039234694100855
793,0.537280469842843,0.5172804698428429,0.2536712309293855,0.24859780631079778,0.6268356154646928,0.014297367467372415,0.0016817928305074296,0.49026908484813253,2,0,0.0,keep,none,1,0,keep,False,False,False,False,True,False,False,[],0.034039234694100855
794,0.537280469842843,0.5172804698428429,0.2536712309293855,0.24859780631079778,0.6268356154646928,0.014297367467372415,0.0016817928305074296,0.49026908484813253,2,0,0.0,keep,none,1,0,keep,False,False,False,False,True,False,False,[],0.034039234694100855
795,0.537280469842843,0.5172804698428429,0.2536712309293855,0.24859780631079778,0.6268356154646928,0.014297367467372415,0.0016817928305074296,0.49026908484813253,2,0,0.0,keep,none,1,0,keep,False,False,False,False,True,False,False,[],0.034039234694100855
796,0.537280469842843,0.5172804698428429,0.2536712309293855,0.24859780631079778,0.6268356154646928,0.014297367467372415,0.0016817928305074296,0.49026908484813253,2,0,0.0,keep,none,1,0,keep,False,False,False,False,True,False,False,[],0.034039234694100855
797,0.537280469842843,0.5172804698428429,0.2536712309293855,0.24859780631079778,0.6268356154646928,0.014297367467372415,0.0016817928305074296,0.49026908484813253,2,0,0.0,keep,none,1,0,keep,False,False,False,False,True,False,False,[],0.034039234694100855
798,0.537280469842843,0.5172804698428429,0.2536712309293855,0.24859780631079778,0.6268356154646928,0.014297367467372415,0.0016817928305074296,0.49026908484813253,2,0,0.0,keep,none,1,0,keep,False,False,False,False,True,False,False,[],0.034039234694100855
799,0.537280469842843,0.5172804698428429,0.2536712309293855,0.24859780631079778,0.6268356154646928,0.014297367467372415,0.0016817928305074296,0.49026908484813253,2,0,0.0,keep,none,1,0,keep,False,False,False,False,True,False,False,[],0.034039234694100855
