epoch,training_loss,validation_loss,accuracy,f1,roc_auc,grad_norm,spatial_grad_variance,near_zero_ratio,depth,n_entangling_gates,entangler_strength,scheduler_action,mutation_status,n_commits,n_rollbacks,proposed_action,vetoed,is_solved,is_converged,is_true_bp,is_local_min,is_ambiguous,is_dead_layer,dead_layers,te_p_solved
0,0.6933411884470184,0.6733411884470184,0.028507879891764065,0.027937722293928782,0.5142539399458821,0.03574341866843103,0.006647869871181237,0.4839051238174536,2,16,1.0,keep,none,0,0,keep,False,False,False,False,False,False,False,[],0.0015517426073615723
1,0.6719533200006927,0.6519533200006927,0.05936615206940887,0.05817882902802069,0.5296830760347044,0.03574341866843103,0.006647869871181237,0.4839051238174536,2,16,1.0,keep,none,0,0,keep,False,False,False,False,False,False,False,[],0.001882291350607175
2,0.6425125575138739,0.6225125575138739,0.10184308539334319,0.09980622368547633,0.5509215426966716,0.03574341866843103,0.006647869871181237,0.4839051238174536,2,16,1.0,keep,none,0,0,keep,False,False,False,False,False,False,False,[],0.002840117109141004
3,0.6206325188049668,0.6006325188049668,0.13341145750257277,0.1307432283525213,0.5667057287512864,0.03574341866843103,0.006647869871181237,0.4839051238174536,2,16,1.0,keep,none,0,0,keep,False,False,False,False,False,False,False,[],0.0043477795415890474
4,0.5994120352942496,0.5794120352942496,0.16402822782535054,0.16074766326884352,0.5820141139126753,0.03574341866843103,0.006647869871181237,0.4839051238174536,2,16,1.0,keep,none,0,0,keep,False,False,False,False,False,False,False,[],0.00663600116341744
5,0.5853886688139033,0.5653886688139033,0.18426104629360374,0.18057582536773165,0.5921305231468019,0.03574341866843103,0.006647869871181237,0.4839051238174536,2,16,1.0,keep,none,0,0,keep,False,False,False,False,False,False,False,[],0.00929545539715514
6,0.5643456450521713,0.5443456450521713,0.21462177888880207,0.21032934331102604,0.607310889444401,0.03574341866843103,0.006647869871181237,0.4839051238174536,2,16,1.0,keep,none,0,0,keep,False,False,False,False,False,False,False,[],0.013615837995141001
7,0.5544339954071615,0.5344339954071615,0.2289222400704639,0.22434379526905462,0.6144611200352319,0.03574341866843103,0.006647869871181237,0.4839051238174536,2,16,1.0,keep,none,0,0,keep,False,False,False,False,False,False,False,[],0.017927499845602893
8,0.537280469842843,0.5172804698428429,0.2536712309293855,0.24859780631079778,0.6268356154646928,0.03574341866843103,0.006647869871181237,0.4839051238174536,2,16,1.0,keep,none,0,0,keep,False,False,False,False,False,False,False,[],0.02437219378500208
9,0.537280469842843,0.5172804698428429,0.2536712309293855,0.24859780631079778,0.6268356154646928,0.03574341866843103,0.006647869871181237,0.4839051238174536,2,16,1.0,keep,none,0,0,keep,False,False,False,False,False,False,False,[],0.028239010148641594
10,0.537280469842843,0.5172804698428429,0.2536712309293855,0.24859780631079778,0.6268356154646928,0.05728238778599873,0.005126208440619498,0.34883355268521976,3,24,1.0,add_layer,committed,1,0,add_layer,False,False,False,False,False,False,False,[],0.0305590999668253
11,0.4917917611378034,0.47179176113780336,0.3193020326968643,0.312915992042927,0.6596510163484322,0.05728238778599873,0.005126208440619498,0.34883355268521976,3,24,1.0,keep,none,1,0,keep,False,False,False,False,False,False,False,[],0.05052769281350389
12,0.4687101639059836,0.44871016390598356,0.35260400532970204,0.345551925223108,0.676302002664851,0.05728238778599873,0.005126208440619498,0.34883355268521976,3,24,1.0,keep,none,1,0,keep,False,False,False,False,False,False,False,[],0.07909186747618786
13,0.44300626463741677,0.42300626463741675,0.3896894176346606,0.38189562928196735,0.6948447088173303,0.05728238778599873,0.005126208440619498,0.34883355268521976,3,24,1.0,keep,none,1,0,keep,False,False,False,False,False,False,False,[],0.1228343855907712
14,0.4339183958275801,0.41391839582758005,0.40280133338972723,0.3947453067219327,0.7014006666948636,0.05728238778599873,0.005126208440619498,0.34883355268521976,3,24,1.0,keep,none,1,0,keep,False,False,False,False,False,False,False,[],0.16083189869583187
15,0.4339183958275801,0.41391839582758005,0.40280133338972723,0.3947453067219327,0.7014006666948636,0.06412726944600147,0.003952847075210475,0.35122730553998543,4,32,1.0,add_layer,committed,2,0,add_layer,False,False,False,False,False,False,False,[],0.18363040655886825
16,0.3935533519252721,0.37355335192527206,0.46103974617620536,0.45181895125268123,0.7305198730881026,0.06412726944600147,0.003952847075210475,0.35122730553998543,4,32,1.0,keep,none,2,0,keep,False,False,False,False,False,False,False,[],0.26392373234298255
17,0.36068512898170746,0.34068512898170744,0.5084617963039859,0.4982925603779062,0.754230898151993,0.06412726944600147,0.003952847075210475,0.35122730553998543,4,32,1.0,keep,none,2,0,keep,False,False,False,False,False,False,False,[],0.3769302863423778
18,0.35341993164460883,0.3334199316446088,0.5189439739653603,0.508565094486053,0.7594719869826801,0.06412726944600147,0.003952847075210475,0.35122730553998543,4,32,1.0,keep,none,2,0,keep,False,False,False,False,False,False,False,[],0.45901775702006176
19,0.35341993164460883,0.3334199316446088,0.5189439739653603,0.508565094486053,0.7594719869826801,0.06412726944600147,0.003952847075210475,0.35122730553998543,4,32,1.0,keep,none,2,0,keep,False,False,False,False,False,False,False,[],0.5082702394266722
20,0.35341993164460883,0.3334199316446088,0.5189439739653603,0.508565094486053,0.7594719869826801,0.06591161734391818,0.0030480617752858554,0.3666327624318033,5,40,1.0,add_layer,committed,3,0,add_layer,False,True,False,False,False,False,False,[],0.5378217288706384
21,0.3112554628041368,0.2912554628041368,0.5797785849024142,0.5681830132043659,0.7898892924512071,0.06591161734391818,0.0030480617752858554,0.3666327624318033,5,40,1.0,keep,none,3,0,keep,False,True,False,False,False,False,False,[],0.628304198389044
22,0.29072766470286543,0.2707276647028654,0.6093959533936439,0.5972080343257711,0.804697976696822,0.06591161734391818,0.0030480617752858554,0.3666327624318033,5,40,1.0,keep,none,3,0,keep,False,True,False,False,False,False,False,[],0.708972327744114
23,0.29072766470286543,0.2707276647028654,0.6093959533936439,0.5972080343257711,0.804697976696822,0.06591161734391818,0.0030480617752858554,0.3666327624318033,5,40,1.0,keep,none,3,0,keep,False,True,False,False,False,False,False,[],0.757373205357156
24,0.29072766470286543,0.2707276647028654,0.6093959533936439,0.5972080343257711,0.804697976696822,0.06591161734391818,0.0030480617752858554,0.3666327624318033,5,40,1.0,keep,none,3,0,keep,False,True,False,False,False,False,False,[],0.7864137319249811
25,0.29072766470286543,0.2707276647028654,0.6093959533936439,0.5972080343257711,0.804697976696822,0.06488109326140659,0.0023503769331789967,0.3829918855952689,6,48,1.0,add_layer,committed,4,0,add_layer,False,True,False,False,False,False,False,[],0.8038380478656761
26,0.24190287811611402,0.22190287811611403,0.6798400258027499,0.6662432252866949,0.839920012901375,0.06488109326140659,0.0023503769331789967,0.3829918855952689,6,48,1.0,keep,none,4,0,keep,False,True,False,False,False,False,False,[],0.853651521847766
27,0.24190287811611402,0.22190287811611403,0.6798400258027499,0.6662432252866949,0.839920012901375,0.06488109326140659,0.0023503769331789967,0.3829918855952689,6,48,1.0,keep,none,4,0,keep,False,True,False,False,False,False,False,[],0.88353960623702
28,0.24190287811611402,0.22190287811611403,0.6798400258027499,0.6662432252866949,0.839920012901375,0.06488109326140659,0.0023503769331789967,0.3829918855952689,6,48,1.0,keep,none,4,0,keep,False,True,False,False,False,False,False,[],0.9014724568705723
29,0.24190287811611402,0.22190287811611403,0.6798400258027499,0.6662432252866949,0.839920012901375,0.06488109326140659,0.0023503769331789967,0.3829918855952689,6,48,1.0,keep,none,4,0,keep,False,True,False,False,False,False,False,[],0.9122321672507038
30,0.24190287811611402,0.22190287811611403,0.6798400258027499,0.6662432252866949,0.839920012901375,0.06753536270267949,0.001812388375068882,0.3465091087525389,7,56,1.0,add_layer,committed,5,0,add_layer,False,True,False,False,False,False,False,[],0.9186879934787826
31,0.20387809608905785,0.18387809608905786,0.7347019245577004,0.7200078860665464,0.8673509622788502,0.06753536270267949,0.001812388375068882,0.3465091087525389,7,56,1.0,keep,none,5,0,keep,False,True,False,False,False,False,False,[],0.9372890353975502
32,0.20387809608905785,0.18387809608905786,0.7347019245577004,0.7200078860665464,0.8673509622788502,0.06753536270267949,0.001812388375068882,0.3465091087525389,7,56,1.0,keep,none,5,0,keep,False,True,False,False,False,False,False,[],0.9484496605488106
33,0.20387809608905785,0.18387809608905786,0.7347019245577004,0.7200078860665464,0.8673509622788502,0.06753536270267949,0.001812388375068882,0.3465091087525389,7,56,1.0,keep,none,5,0,keep,False,True,False,False,False,False,False,[],0.9551460356395669
34,0.20387809608905785,0.18387809608905786,0.7347019245577004,0.7200078860665464,0.8673509622788502,0.06753536270267949,0.001812388375068882,0.3465091087525389,7,56,1.0,keep,none,5,0,keep,False,True,False,False,False,False,False,[],0.9591638606940207
35,0.20387809608905785,0.18387809608905786,0.7347019245577004,0.7200078860665464,0.8673509622788502,0.06230145267713139,0.0013975424859373688,0.3732354732286863,8,64,1.0,add_layer,committed,6,0,add_layer,False,True,False,False,False,False,False,[],0.9615745557266929
36,0.17426436607026707,0.15426436607026708,0.7774284142688399,0.7618798459834631,0.88871420713442,0.06230145267713139,0.0013975424859373688,0.3732354732286863,8,64,1.0,keep,none,6,0,keep,False,True,False,False,False,False,False,[],0.9691222513192362
37,0.17426436607026707,0.15426436607026708,0.7774284142688399,0.7618798459834631,0.88871420713442,0.06230145267713139,0.0013975424859373688,0.3732354732286863,8,64,1.0,keep,none,6,0,keep,False,True,False,False,False,False,False,[],0.9736508686747622
38,0.17426436607026707,0.15426436607026708,0.7774284142688399,0.7618798459834631,0.88871420713442,0.06230145267713139,0.0013975424859373688,0.3732354732286863,8,64,1.0,keep,none,6,0,keep,False,True,False,False,False,False,False,[],0.9763680390880779
39,0.17426436607026707,0.15426436607026708,0.7774284142688399,0.7618798459834631,0.88871420713442,0.06230145267713139,0.0013975424859373688,0.3732354732286863,8,64,1.0,keep,none,6,0,keep,False,True,False,False,False,False,False,[],0.9779983413360672
40,0.17426436607026707,0.15426436607026708,0.7774284142688399,0.7618798459834631,0.88871420713442,0.062010222079427905,0.0010776525753900675,0.3413533291116478,9,72,1.0,add_layer,committed,7,0,add_layer,False,True,False,False,False,False,False,[],0.9789765226848608
41,0.1512011699419676,0.13120116994196762,0.8107038379137677,0.7944897611554923,0.9053519189568838,0.062010222079427905,0.0010776525753900675,0.3413533291116478,9,72,1.0,keep,none,7,0,keep,False,True,False,False,False,False,False,[],0.982418046920679
42,0.1512011699419676,0.13120116994196762,0.8107038379137677,0.7944897611554923,0.9053519189568838,0.062010222079427905,0.0010776525753900675,0.3413533291116478,9,72,1.0,keep,none,7,0,keep,False,True,False,False,False,False,False,[],0.98448296146217
43,0.1512011699419676,0.13120116994196762,0.8107038379137677,0.7944897611554923,0.9053519189568838,0.062010222079427905,0.0010776525753900675,0.3413533291116478,9,72,1.0,keep,none,7,0,keep,False,True,False,False,False,False,False,[],0.9857219101870646
44,0.1512011699419676,0.13120116994196762,0.8107038379137677,0.7944897611554923,0.9053519189568838,0.062010222079427905,0.0010776525753900675,0.3413533291116478,9,72,1.0,keep,none,7,0,keep,False,True,False,False,False,False,False,[],0.9864652794220014
45,0.1512011699419676,0.13120116994196762,0.8107038379137677,0.7944897611554923,0.9053519189568838,0.0547814853120331,0.0008309837338976547,0.377566593608793,10,80,1.0,add_layer,committed,8,0,add_layer,False,True,False,False,False,False,False,[],0.9869113009629634
46,0.1332395347371186,0.1132395347371186,0.8366187639054702,0.8198863886273607,0.918309381952735,0.0547814853120331,0.0008309837338976547,0.377566593608793,10,80,1.0,keep,none,8,0,keep,False,True,False,False,False,False,False,[],0.9886651074697499
47,0.1332395347371186,0.1132395347371186,0.8366187639054702,0.8198863886273607,0.918309381952735,0.0547814853120331,0.0008309837338976547,0.377566593608793,10,80,1.0,keep,none,8,0,keep,False,True,False,False,False,False,False,[],0.9897173913738218
48,0.1332395347371186,0.1132395347371186,0.8366187639054702,0.8198863886273607,0.918309381952735,0.0547814853120331,0.0008309837338976547,0.377566593608793,10,80,1.0,keep,none,8,0,keep,False,True,False,False,False,False,False,[],0.9903487617162647
49,0.1332395347371186,0.1132395347371186,0.8366187639054702,0.8198863886273607,0.918309381952735,0.0547814853120331,0.0008309837338976547,0.377566593608793,10,80,1.0,keep,none,8,0,keep,False,True,False,False,False,False,False,[],0.9907275839217307
50,0.1332395347371186,0.1132395347371186,0.8366187639054702,0.8198863886273607,0.918309381952735,0.04782098857774717,0.0006407760550774372,0.4128611767478585,11,88,1.0,add_layer,committed,9,0,add_layer,False,True,False,False,False,False,False,[],0.9909548772450101
51,0.11925099917433928,0.09925099917433927,0.8568013285610456,0.8396653019898247,0.9284006642805228,0.04782098857774717,0.0006407760550774372,0.4128611767478585,11,88,1.0,keep,none,9,0,keep,False,True,False,False,False,False,False,[],0.9919353282300035
52,0.11925099917433928,0.09925099917433927,0.8568013285610456,0.8396653019898247,0.9284006642805228,0.04782098857774717,0.0006407760550774372,0.4128611767478585,11,88,1.0,keep,none,9,0,keep,False,True,False,False,False,False,False,[],0.9925235988209996
53,0.11925099917433928,0.09925099917433927,0.8568013285610456,0.8396653019898247,0.9284006642805228,0.04782098857774717,0.0006407760550774372,0.4128611767478585,11,88,1.0,keep,none,9,0,keep,False,True,False,False,False,False,False,[],0.9928765611755973
54,0.11925099917433928,0.09925099917433927,0.8568013285610456,0.8396653019898247,0.9284006642805228,0.04782098857774717,0.0006407760550774372,0.4128611767478585,11,88,1.0,keep,none,9,0,keep,False,True,False,False,False,False,False,[],0.9930883385883559
55,0.11925099917433928,0.09925099917433927,0.8568013285610456,0.8396653019898247,0.9284006642805228,0.04782098857774717,0.0006407760550774372,0.4128611767478585,11,88,1.0,propose_reduce_entanglement,in_progress,9,0,propose_reduce_entanglement,False,True,False,False,False,False,False,[],0.993215405036011
56,0.11925099917433928,0.09925099917433927,0.8568013285610456,0.8396653019898247,0.9284006642805228,0.04508108973858534,0.0005865027572261048,0.4129889308192463,11,80,0.9045084971874737,keep,in_progress,9,0,keep,False,True,False,False,False,False,False,[],0.9932916449046041
57,0.11925099917433928,0.09925099917433927,0.8568013285610456,0.8396653019898247,0.9284006642805228,0.037907941451923256,0.0004522449765148067,0.4133233953203408,11,58,0.6545084971874737,keep,in_progress,9,0,keep,False,True,False,False,False,False,False,[],0.99333738882576
58,0.11925099917433928,0.09925099917433927,0.8568013285610456,0.8396653019898247,0.9284006642805228,0.02904144255692278,0.0003032534337971246,0.41373681617975416,11,30,0.34549150281252633,keep,in_progress,9,0,keep,False,True,False,False,False,False,False,[],0.9933648351784535
59,0.11925099917433928,0.09925099917433927,0.8568013285610456,0.8396653019898247,0.9284006642805228,0.02186829427026071,0.0001981530738311417,0.4140712806808487,11,8,0.09549150281252633,keep,in_progress,9,0,keep,False,True,False,False,False,False,False,[],0.9933813029900697
60,0.11925099917433928,0.09925099917433927,0.8568013285610456,0.8396653019898247,0.9284006642805228,0.017096869739440187,0.00012500000000000003,0.4293543420186607,12,0,0.0,add_layer,committed,11,0,add_layer,False,True,False,False,False,False,False,[],0.9933911836770393
61,0.10835671672402454,0.08835671672402454,0.8725195257191971,0.8550691352048132,0.9362597628595986,0.017096869739440187,0.00012500000000000003,0.4293543420186607,12,0,0.0,keep,none,11,0,keep,False,True,False,False,False,False,False,[],0.9939107659178543
62,0.10835671672402454,0.08835671672402454,0.8725195257191971,0.8550691352048132,0.9362597628595986,0.017096869739440187,0.00012500000000000003,0.4293543420186607,12,0,0.0,keep,none,11,0,keep,False,True,False,False,False,False,False,[],0.9942225152623433
63,0.10835671672402454,0.08835671672402454,0.8725195257191971,0.8550691352048132,0.9362597628595986,0.017096869739440187,0.00012500000000000003,0.4293543420186607,12,0,0.0,keep,none,11,0,keep,False,True,False,False,False,False,False,[],0.9944095648690368
64,0.10835671672402454,0.08835671672402454,0.8725195257191971,0.8550691352048132,0.9362597628595986,0.017096869739440187,0.00012500000000000003,0.4293543420186607,12,0,0.0,keep,none,11,0,keep,False,True,False,False,False,False,False,[],0.9945217946330528
65,0.10835671672402454,0.08835671672402454,0.8725195257191971,0.8550691352048132,0.9362597628595986,0.014762365589215407,9.638817658799631e-05,0.45919978328959693,13,0,0.0,add_layer,committed,12,0,add_layer,False,True,False,False,False,False,False,[],0.9945891324914624
66,0.09987224102071837,0.07987224102071837,0.884760869974436,0.8670656525749473,0.942380434987218,0.014762365589215407,9.638817658799631e-05,0.45919978328959693,13,0,0.0,keep,none,12,0,keep,False,True,False,False,False,False,False,[],0.9949595392945884
67,0.09987224102071837,0.07987224102071837,0.884760869974436,0.8670656525749473,0.942380434987218,0.014762365589215407,9.638817658799631e-05,0.45919978328959693,13,0,0.0,keep,none,12,0,keep,False,True,False,False,False,False,False,[],0.9951817833764639
68,0.09987224102071837,0.07987224102071837,0.884760869974436,0.8670656525749473,0.942380434987218,0.014762365589215407,9.638817658799631e-05,0.45919978328959693,13,0,0.0,keep,none,12,0,keep,False,True,False,False,False,False,False,[],0.9953151298255892
69,0.09987224102071837,0.07987224102071837,0.884760869974436,0.8670656525749473,0.942380434987218,0.014762365589215407,9.638817658799631e-05,0.45919978328959693,13,0,0.0,keep,none,12,0,keep,False,True,False,False,False,False,False,[],0.9953951376950644
70,0.09987224102071837,0.07987224102071837,0.884760869974436,0.8670656525749473,0.942380434987218,0.013154352137028051,7.43254446876701e-05,0.46795357858792247,14,0,0.0,add_layer,committed,13,0,add_layer,False,True,False,False,False,False,False,[],0.9954431424167495
71,0.09326452469903321,0.0732645246990332,0.8942944384662629,0.8764085496969376,0.9471472192331314,0.013154352137028051,7.43254446876701e-05,0.46795357858792247,14,0,0.0,keep,none,13,0,keep,False,True,False,False,False,False,False,[],0.9956931515284533
72,0.09326452469903321,0.0732645246990332,0.8942944384662629,0.8764085496969376,0.9471472192331314,0.013154352137028051,7.43254446876701e-05,0.46795357858792247,14,0,0.0,keep,none,13,0,keep,False,True,False,False,False,False,False,[],0.9958431569954755
73,0.09326452469903321,0.0732645246990332,0.8942944384662629,0.8764085496969376,0.9471472192331314,0.013154352137028051,7.43254446876701e-05,0.46795357858792247,14,0,0.0,keep,none,13,0,keep,False,True,False,False,False,False,False,[],0.9959331602756889
74,0.09326452469903321,0.0732645246990332,0.8942944384662629,0.8764085496969376,0.9471472192331314,0.013154352137028051,7.43254446876701e-05,0.46795357858792247,14,0,0.0,keep,none,13,0,keep,False,True,False,False,False,False,False,[],0.9959871622438169
75,0.09326452469903321,0.0732645246990332,0.8942944384662629,0.8764085496969376,0.9471472192331314,0.011480034912919945,5.7312752700291956e-05,0.4846996363845744,15,0,0.0,add_layer,committed,14,0,add_layer,False,True,False,False,False,False,False,[],0.9960195634246938
76,0.08811843005339111,0.0681184300533911,0.9017191890731624,0.8836848052916991,0.9508595945365812,0.011480034912919945,5.7312752700291956e-05,0.4846996363845744,15,0,0.0,keep,none,14,0,keep,False,True,False,False,False,False,False,[],0.9961922756938822
77,0.08811843005339111,0.0681184300533911,0.9017191890731624,0.8836848052916991,0.9508595945365812,0.011480034912919945,5.7312752700291956e-05,0.4846996363845744,15,0,0.0,keep,none,14,0,keep,False,True,False,False,False,False,False,[],0.9962959030553953
78,0.08811843005339111,0.0681184300533911,0.9017191890731624,0.8836848052916991,0.9508595945365812,0.011480034912919945,5.7312752700291956e-05,0.4846996363845744,15,0,0.0,keep,none,14,0,keep,False,True,False,False,False,False,False,[],0.9963580794723031
79,0.08811843005339111,0.0681184300533911,0.9017191890731624,0.8836848052916991,0.9508595945365812,0.011480034912919945,5.7312752700291956e-05,0.4846996363845744,15,0,0.0,keep,none,14,0,keep,False,True,False,False,False,False,False,[],0.9963953853224479
80,0.08811843005339111,0.0681184300533911,0.9017191890731624,0.8836848052916991,0.9508595945365812,0.010794402811722878,4.419417382415923e-05,0.4599048594138564,16,0,0.0,add_layer,committed,15,0,add_layer,False,True,False,False,False,False,False,[],0.9964177688325346
81,0.08411064751360547,0.06411064751360547,0.9075015906599257,0.8893515588467272,0.9537507953299629,0.010794402811722878,4.419417382415923e-05,0.4599048594138564,16,0,0.0,keep,none,15,0,keep,False,True,False,False,False,False,False,[],0.9965401781168991
82,0.08411064751360547,0.06411064751360547,0.9075015906599257,0.8893515588467272,0.9537507953299629,0.010794402811722878,4.419417382415923e-05,0.4599048594138564,16,0,0.0,keep,none,15,0,keep,False,True,False,False,False,False,False,[],0.9966136236875177
83,0.08411064751360547,0.06411064751360547,0.9075015906599257,0.8893515588467272,0.9537507953299629,0.010794402811722878,4.419417382415923e-05,0.4599048594138564,16,0,0.0,keep,none,15,0,keep,False,True,False,False,False,False,False,[],0.9966576910298889
84,0.08411064751360547,0.06411064751360547,0.9075015906599257,0.8893515588467272,0.9537507953299629,0.010794402811722878,4.419417382415923e-05,0.4599048594138564,16,0,0.0,keep,none,15,0,keep,False,True,False,False,False,False,False,[],0.9966841314353116
85,0.08411064751360547,0.06411064751360547,0.9075015906599257,0.8893515588467272,0.9537507953299629,0.010794402811722878,4.419417382415923e-05,0.4599048594138564,16,0,0.0,propose_reduce_entanglement,in_progress,15,0,propose_reduce_entanglement,False,True,False,False,False,False,False,[],0.9966999956785653
86,0.08411064751360547,0.06411064751360547,0.9075015906599257,0.8893515588467272,0.9537507953299629,0.025439846409624427,0.00015989644799614038,0.4593960733841885,16,116,0.9045084971874737,keep,in_progress,15,0,keep,False,True,False,False,False,False,False,[],0.9967095142245175
87,0.08411064751360547,0.06411064751360547,0.9075015906599257,0.8893515588467272,0.9537507953299629,0.02139194535522835,0.00012329416098710367,0.4595366983841885,16,84,0.6545084971874737,keep,in_progress,15,0,keep,False,True,False,False,False,False,False,[],0.9967152253520888
88,0.08411064751360547,0.06411064751360547,0.9075015906599257,0.8893515588467272,0.9537507953299629,0.01638846448580172,8.267505362826405e-05,0.45971052044352434,16,44,0.34549150281252633,keep,in_progress,15,0,keep,False,True,False,False,False,False,False,[],0.9967186520286315
89,0.08411064751360547,0.06411064751360547,0.9075015906599257,0.8893515588467272,0.9537507953299629,0.012340563431405641,5.402186481606243e-05,0.45985114544352435,16,12,0.09549150281252633,keep,in_progress,15,0,keep,False,True,False,False,False,False,False,[],0.9967207080345571
90,0.08411064751360547,0.06411064751360547,0.9075015906599257,0.8893515588467272,0.9537507953299629,0.010794402811722878,4.419417382415923e-05,0.4599048594138564,16,0,0.0,propose_reduce_entanglement,in_progress,16,0,propose_reduce_entanglement,False,True,False,False,False,False,False,[],0.9967219416381126
91,0.08411064751360547,0.06411064751360547,0.9075015906599257,0.8893515588467272,0.9537507953299629,0.025439846409624427,0.00015989644799614038,0.4593960733841885,16,116,0.9045084971874737,keep,in_progress,16,0,keep,False,True,False,False,False,False,False,[],0.9967226818002458
92,0.08411064751360547,0.06411064751360547,0.9075015906599257,0.8893515588467272,0.9537507953299629,0.02139194535522835,0.00012329416098710367,0.4595366983841885,16,84,0.6545084971874737,keep,in_progress,16,0,keep,False,True,False,False,False,False,False,[],0.9967231258975258
93,0.08411064751360547,0.06411064751360547,0.9075015906599257,0.8893515588467272,0.9537507953299629,0.01638846448580172,8.267505362826405e-05,0.45971052044352434,16,44,0.34549150281252633,keep,in_progress,16,0,keep,False,True,False,False,False,False,False,[],0.9967233923558937
94,0.08411064751360547,0.06411064751360547,0.9075015906599257,0.8893515588467272,0.9537507953299629,0.012340563431405641,5.402186481606243e-05,0.45985114544352435,16,12,0.09549150281252633,keep,in_progress,16,0,keep,False,True,False,False,False,False,False,[],0.9967235522309145
95,0.08411064751360547,0.06411064751360547,0.9075015906599257,0.8893515588467272,0.9537507953299629,0.010794402811722878,4.419417382415923e-05,0.4599048594138564,16,0,0.0,propose_reduce_entanglement,in_progress,17,0,propose_reduce_entanglement,False,True,False,False,False,False,False,[],0.996723648155927
96,0.08411064751360547,0.06411064751360547,0.9075015906599257,0.8893515588467272,0.9537507953299629,0.025439846409624427,0.00015989644799614038,0.4593960733841885,16,116,0.9045084971874737,keep,in_progress,17,0,keep,False,True,False,False,False,False,False,[],0.9967237057109345
97,0.08411064751360547,0.06411064751360547,0.9075015906599257,0.8893515588467272,0.9537507953299629,0.02139194535522835,0.00012329416098710367,0.4595366983841885,16,84,0.6545084971874737,keep,in_progress,17,0,keep,False,True,False,False,False,False,False,[],0.996723740243939
98,0.08411064751360547,0.06411064751360547,0.9075015906599257,0.8893515588467272,0.9537507953299629,0.01638846448580172,8.267505362826405e-05,0.45971052044352434,16,44,0.34549150281252633,keep,in_progress,17,0,keep,False,True,False,False,False,False,False,[],0.9967237609637416
99,0.08411064751360547,0.06411064751360547,0.9075015906599257,0.8893515588467272,0.9537507953299629,0.012340563431405641,5.402186481606243e-05,0.45985114544352435,16,12,0.09549150281252633,keep,in_progress,17,0,keep,False,True,False,False,False,False,False,[],0.9967237733956232
100,0.08411064751360547,0.06411064751360547,0.9075015906599257,0.8893515588467272,0.9537507953299629,0.010794402811722878,4.419417382415923e-05,0.4599048594138564,16,0,0.0,propose_reduce_entanglement,in_progress,18,0,propose_reduce_entanglement,False,True,False,False,False,False,False,[],0.9967237808547522
101,0.08411064751360547,0.06411064751360547,0.9075015906599257,0.8893515588467272,0.9537507953299629,0.025439846409624427,0.00015989644799614038,0.4593960733841885,16,116,0.9045084971874737,keep,in_progress,18,0,keep,False,True,False,False,False,False,False,[],0.9967237853302297
102,0.08411064751360547,0.06411064751360547,0.9075015906599257,0.8893515588467272,0.9537507953299629,0.02139194535522835,0.00012329416098710367,0.4595366983841885,16,84,0.6545084971874737,keep,in_progress,18,0,keep,False,True,False,False,False,False,False,[],0.9967237880155161
103,0.08411064751360547,0.06411064751360547,0.9075015906599257,0.8893515588467272,0.9537507953299629,0.01638846448580172,8.267505362826405e-05,0.45971052044352434,16,44,0.34549150281252633,keep,in_progress,18,0,keep,False,True,False,False,False,False,False,[],0.996723789626688
104,0.08411064751360547,0.06411064751360547,0.9075015906599257,0.8893515588467272,0.9537507953299629,0.012340563431405641,5.402186481606243e-05,0.45985114544352435,16,12,0.09549150281252633,keep,in_progress,18,0,keep,False,True,False,False,False,False,False,[],0.996723790593391
105,0.08411064751360547,0.06411064751360547,0.9075015906599257,0.8893515588467272,0.9537507953299629,0.010794402811722878,4.419417382415923e-05,0.4599048594138564,16,0,0.0,propose_reduce_entanglement,in_progress,19,0,propose_reduce_entanglement,False,True,False,False,False,False,False,[],0.9967237911734129
106,0.08411064751360547,0.06411064751360547,0.9075015906599257,0.8893515588467272,0.9537507953299629,0.025439846409624427,0.00015989644799614038,0.4593960733841885,16,116,0.9045084971874737,keep,in_progress,19,0,keep,False,True,False,False,False,False,False,[],0.996723791521426
107,0.08411064751360547,0.06411064751360547,0.9075015906599257,0.8893515588467272,0.9537507953299629,0.02139194535522835,0.00012329416098710367,0.4595366983841885,16,84,0.6545084971874737,keep,in_progress,19,0,keep,False,True,False,False,False,False,False,[],0.9967237917302338
108,0.08411064751360547,0.06411064751360547,0.9075015906599257,0.8893515588467272,0.9537507953299629,0.01638846448580172,8.267505362826405e-05,0.45971052044352434,16,44,0.34549150281252633,keep,in_progress,19,0,keep,False,True,False,False,False,False,False,[],0.9967237918555186
109,0.08411064751360547,0.06411064751360547,0.9075015906599257,0.8893515588467272,0.9537507953299629,0.012340563431405641,5.402186481606243e-05,0.45985114544352435,16,12,0.09549150281252633,keep,in_progress,19,0,keep,False,True,False,False,False,False,False,[],0.9967237919306895
110,0.08411064751360547,0.06411064751360547,0.9075015906599257,0.8893515588467272,0.9537507953299629,0.010794402811722878,4.419417382415923e-05,0.4599048594138564,16,0,0.0,propose_reduce_entanglement,in_progress,20,0,propose_reduce_entanglement,False,True,False,False,False,False,False,[],0.996723791975792
111,0.08411064751360547,0.06411064751360547,0.9075015906599257,0.8893515588467272,0.9537507953299629,0.025439846409624427,0.00015989644799614038,0.4593960733841885,16,116,0.9045084971874737,keep,in_progress,20,0,keep,False,True,False,False,False,False,False,[],0.9967237920028534
112,0.08411064751360547,0.06411064751360547,0.9075015906599257,0.8893515588467272,0.9537507953299629,0.02139194535522835,0.00012329416098710367,0.4595366983841885,16,84,0.6545084971874737,keep,in_progress,20,0,keep,False,True,False,False,False,False,False,[],0.9967237920190903
113,0.08411064751360547,0.06411064751360547,0.9075015906599257,0.8893515588467272,0.9537507953299629,0.01638846448580172,8.267505362826405e-05,0.45971052044352434,16,44,0.34549150281252633,keep,in_progress,20,0,keep,False,True,False,False,False,False,False,[],0.9967237920288324
114,0.08411064751360547,0.06411064751360547,0.9075015906599257,0.8893515588467272,0.9537507953299629,0.012340563431405641,5.402186481606243e-05,0.45985114544352435,16,12,0.09549150281252633,keep,in_progress,20,0,keep,False,True,False,False,False,False,False,[],0.9967237920346778
115,0.08411064751360547,0.06411064751360547,0.9075015906599257,0.8893515588467272,0.9537507953299629,0.010794402811722878,4.419417382415923e-05,0.4599048594138564,16,0,0.0,propose_reduce_entanglement,in_progress,21,0,propose_reduce_entanglement,False,True,False,False,False,False,False,[],0.996723792038185
116,0.08411064751360547,0.06411064751360547,0.9075015906599257,0.8893515588467272,0.9537507953299629,0.025439846409624427,0.00015989644799614038,0.4593960733841885,16,116,0.9045084971874737,keep,in_progress,21,0,keep,False,True,False,False,False,False,False,[],0.9967237920402893
117,0.08411064751360547,0.06411064751360547,0.9075015906599257,0.8893515588467272,0.9537507953299629,0.02139194535522835,0.00012329416098710367,0.4595366983841885,16,84,0.6545084971874737,keep,in_progress,21,0,keep,False,True,False,False,False,False,False,[],0.9967237920415518
118,0.08411064751360547,0.06411064751360547,0.9075015906599257,0.8893515588467272,0.9537507953299629,0.01638846448580172,8.267505362826405e-05,0.45971052044352434,16,44,0.34549150281252633,keep,in_progress,21,0,keep,False,True,False,False,False,False,False,[],0.9967237920423093
119,0.08411064751360547,0.06411064751360547,0.9075015906599257,0.8893515588467272,0.9537507953299629,0.012340563431405641,5.402186481606243e-05,0.45985114544352435,16,12,0.09549150281252633,keep,in_progress,21,0,keep,False,True,False,False,False,False,False,[],0.9967237920427638
120,0.08411064751360547,0.06411064751360547,0.9075015906599257,0.8893515588467272,0.9537507953299629,0.010794402811722878,4.419417382415923e-05,0.4599048594138564,16,0,0.0,propose_reduce_entanglement,in_progress,22,0,propose_reduce_entanglement,False,True,False,False,False,False,False,[],0.9967237920430366
121,0.08411064751360547,0.06411064751360547,0.9075015906599257,0.8893515588467272,0.9537507953299629,0.025439846409624427,0.00015989644799614038,0.4593960733841885,16,116,0.9045084971874737,keep,in_progress,22,0,keep,False,True,False,False,False,False,False,[],0.9967237920432003
122,0.08411064751360547,0.06411064751360547,0.9075015906599257,0.8893515588467272,0.9537507953299629,0.02139194535522835,0.00012329416098710367,0.4595366983841885,16,84,0.6545084971874737,keep,in_progress,22,0,keep,False,True,False,False,False,False,False,[],0.9967237920432984
123,0.08411064751360547,0.06411064751360547,0.9075015906599257,0.8893515588467272,0.9537507953299629,0.01638846448580172,8.267505362826405e-05,0.45971052044352434,16,44,0.34549150281252633,keep,in_progress,22,0,keep,False,True,False,False,False,False,False,[],0.9967237920433574
124,0.08411064751360547,0.06411064751360547,0.9075015906599257,0.8893515588467272,0.9537507953299629,0.012340563431405641,5.402186481606243e-05,0.45985114544352435,16,12,0.09549150281252633,keep,in_progress,22,0,keep,False,True,False,False,False,False,False,[],0.9967237920433927
125,0.08411064751360547,0.06411064751360547,0.9075015906599257,0.8893515588467272,0.9537507953299629,0.010794402811722878,4.419417382415923e-05,0.4599048594138564,16,0,0.0,propose_reduce_entanglement,in_progress,23,0,propose_reduce_entanglement,False,True,False,False,False,False,False,[],0.9967237920434139
126,0.08411064751360547,0.06411064751360547,0.9075015906599257,0.8893515588467272,0.9537507953299629,0.025439846409624427,0.00015989644799614038,0.4593960733841885,16,116,0.9045084971874737,keep,in_progress,23,0,keep,False,True,False,False,False,False,False,[],0.9967237920434266
127,0.08411064751360547,0.06411064751360547,0.9075015906599257,0.8893515588467272,0.9537507953299629,0.02139194535522835,0.00012329416098710367,0.4595366983841885,16,84,0.6545084971874737,keep,in_progress,23,0,keep,False,True,False,False,False,False,False,[],0.9967237920434343
128,0.08411064751360547,0.06411064751360547,0.9075015906599257,0.8893515588467272,0.9537507953299629,0.01638846448580172,8.267505362826405e-05,0.45971052044352434,16,44,0.34549150281252633,keep,in_progress,23,0,keep,False,True,False,False,False,False,False,[],0.9967237920434389
129,0.08411064751360547,0.06411064751360547,0.9075015906599257,0.8893515588467272,0.9537507953299629,0.012340563431405641,5.402186481606243e-05,0.45985114544352435,16,12,0.09549150281252633,keep,in_progress,23,0,keep,False,True,False,False,False,False,False,[],0.9967237920434416
130,0.08411064751360547,0.06411064751360547,0.9075015906599257,0.8893515588467272,0.9537507953299629,0.010794402811722878,4.419417382415923e-05,0.4599048594138564,16,0,0.0,propose_reduce_entanglement,in_progress,24,0,propose_reduce_entanglement,False,True,False,False,False,False,False,[],0.9967237920434433
131,0.08411064751360547,0.06411064751360547,0.9075015906599257,0.8893515588467272,0.9537507953299629,0.025439846409624427,0.00015989644799614038,0.4593960733841885,16,116,0.9045084971874737,keep,in_progress,24,0,keep,False,True,False,False,False,False,False,[],0.9967237920434443
132,0.08411064751360547,0.06411064751360547,0.9075015906599257,0.8893515588467272,0.9537507953299629,0.02139194535522835,0.00012329416098710367,0.4595366983841885,16,84,0.6545084971874737,keep,in_progress,24,0,keep,False,True,False,False,False,False,False,[],0.9967237920434449
133,0.08411064751360547,0.06411064751360547,0.9075015906599257,0.8893515588467272,0.9537507953299629,0.01638846448580172,8.267505362826405e-05,0.45971052044352434,16,44,0.34549150281252633,keep,in_progress,24,0,keep,False,True,False,False,False,False,False,[],0.9967237920434452
134,0.08411064751360547,0.06411064751360547,0.9075015906599257,0.8893515588467272,0.9537507953299629,0.012340563431405641,5.402186481606243e-05,0.45985114544352435,16,12,0.09549150281252633,keep,in_progress,24,0,keep,False,True,False,False,False,False,False,[],0.9967237920434454
135,0.08411064751360547,0.06411064751360547,0.9075015906599257,0.8893515588467272,0.9537507953299629,0.010794402811722878,4.419417382415923e-05,0.4599048594138564,16,0,0.0,propose_reduce_entanglement,in_progress,25,0,propose_reduce_entanglement,False,True,False,False,False,False,False,[],0.9967237920434455
136,0.08411064751360547,0.06411064751360547,0.9075015906599257,0.8893515588467272,0.9537507953299629,0.025439846409624427,0.00015989644799614038,0.4593960733841885,16,116,0.9045084971874737,keep,in_progress,25,0,keep,False,True,False,False,False,False,False,[],0.9967237920434456
137,0.08411064751360547,0.06411064751360547,0.9075015906599257,0.8893515588467272,0.9537507953299629,0.02139194535522835,0.00012329416098710367,0.4595366983841885,16,84,0.6545084971874737,keep,in_progress,25,0,keep,False,True,False,False,False,False,False,[],0.9967237920434456
138,0.08411064751360547,0.06411064751360547,0.9075015906599257,0.8893515588467272,0.9537507953299629,0.01638846448580172,8.267505362826405e-05,0.45971052044352434,16,44,0.34549150281252633,keep,in_progress,25,0,keep,False,True,False,False,False,False,False,[],0.9967237920434456
139,0.08411064751360547,0.06411064751360547,0.9075015906599257,0.8893515588467272,0.9537507953299629,0.012340563431405641,5.402186481606243e-05,0.45985114544352435,16,12,0.09549150281252633,keep,in_progress,25,0,keep,False,True,False,False,False,False,False,[],0.9967237920434456
140,0.08411064751360547,0.06411064751360547,0.9075015906599257,0.8893515588467272,0.9537507953299629,0.010794402811722878,4.419417382415923e-05,0.4599048594138564,16,0,0.0,propose_reduce_entanglement,in_progress,26,0,propose_reduce_entanglement,False,True,False,False,False,False,False,[],0.9967237920434456
141,0.08411064751360547,0.06411064751360547,0.9075015906599257,0.8893515588467272,0.9537507953299629,0.025439846409624427,0.00015989644799614038,0.4593960733841885,16,116,0.9045084971874737,keep,in_progress,26,0,keep,False,True,False,False,False,False,False,[],0.9967237920434456
142,0.08411064751360547,0.06411064751360547,0.9075015906599257,0.8893515588467272,0.9537507953299629,0.02139194535522835,0.00012329416098710367,0.4595366983841885,16,84,0.6545084971874737,keep,in_progress,26,0,keep,False,True,False,False,False,False,False,[],0.9967237920434456
143,0.08411064751360547,0.06411064751360547,0.9075015906599257,0.8893515588467272,0.9537507953299629,0.01638846448580172,8.267505362826405e-05,0.45971052044352434,16,44,0.34549150281252633,keep,in_progress,26,0,keep,False,True,False,False,False,False,False,[],0.9967237920434456
144,0.08411064751360547,0.06411064751360547,0.9075015906599257,0.8893515588467272,0.9537507953299629,0.012340563431405641,5.402186481606243e-05,0.45985114544352435,16,12,0.09549150281252633,keep,in_progress,26,0,keep,False,True,False,False,False,False,False,[],0.9967237920434456
145,0.08411064751360547,0.06411064751360547,0.9075015906599257,0.8893515588467272,0.9537507953299629,0.010794402811722878,4.419417382415923e-05,0.4599048594138564,16,0,0.0,propose_reduce_entanglement,in_progress,27,0,propose_reduce_entanglement,False,True,False,False,False,False,False,[],0.9967237920434456
146,0.08411064751360547,0.06411064751360547,0.9075015906599257,0.8893515588467272,0.9537507953299629,0.025439846409624427,0.00015989644799614038,0.4593960733841885,16,116,0.9045084971874737,keep,in_progress,27,0,keep,False,True,False,False,False,False,False,[],0.9967237920434456
147,0.08411064751360547,0.06411064751360547,0.9075015906599257,0.8893515588467272,0.9537507953299629,0.02139194535522835,0.00012329416098710367,0.4595366983841885,16,84,0.6545084971874737,keep,in_progress,27,0,keep,False,True,False,False,False,False,False,[],0.9967237920434456
148,0.08411064751360547,0.06411064751360547,0.9075015906599257,0.8893515588467272,0.9537507953299629,0.01638846448580172,8.267505362826405e-05,0.45971052044352434,16,44,0.34549150281252633,keep,in_progress,27,0,keep,False,True,False,False,False,False,False,[],0.9967237920434456
149,0.08411064751360547,0.06411064751360547,0.9075015906599257,0.8893515588467272,0.9537507953299629,0.012340563431405641,5.402186481606243e-05,0.45985114544352435,16,12,0.09549150281252633,keep,in_progress,27,0,keep,False,True,False,False,False,False,False,[],0.9967237920434456
150,0.08411064751360547,0.06411064751360547,0.9075015906599257,0.8893515588467272,0.9537507953299629,0.010794402811722878,4.419417382415923e-05,0.4599048594138564,16,0,0.0,propose_reduce_entanglement,in_progress,28,0,propose_reduce_entanglement,False,True,False,False,False,False,False,[],0.9967237920434456
151,0.08411064751360547,0.06411064751360547,0.9075015906599257,0.8893515588467272,0.9537507953299629,0.025439846409624427,0.00015989644799614038,0.4593960733841885,16,116,0.9045084971874737,keep,in_progress,28,0,keep,False,True,False,False,False,False,False,[],0.9967237920434456
152,0.08411064751360547,0.06411064751360547,0.9075015906599257,0.8893515588467272,0.9537507953299629,0.02139194535522835,0.00012329416098710367,0.4595366983841885,16,84,0.6545084971874737,keep,in_progress,28,0,keep,False,True,False,False,False,False,False,[],0.9967237920434456
153,0.08411064751360547,0.06411064751360547,0.9075015906599257,0.8893515588467272,0.9537507953299629,0.01638846448580172,8.267505362826405e-05,0.45971052044352434,16,44,0.34549150281252633,keep,in_progress,28,0,keep,False,True,False,False,False,False,False,[],0.9967237920434456
154,0.08411064751360547,0.06411064751360547,0.9075015906599257,0.8893515588467272,0.9537507953299629,0.012340563431405641,5.402186481606243e-05,0.45985114544352435,16,12,0.09549150281252633,keep,in_progress,28,0,keep,False,True,False,False,False,False,False,[],0.9967237920434456
155,0.08411064751360547,0.06411064751360547,0.9075015906599257,0.8893515588467272,0.9537507953299629,0.010794402811722878,4.419417382415923e-05,0.4599048594138564,16,0,0.0,propose_reduce_entanglement,in_progress,29,0,propose_reduce_entanglement,False,True,False,False,False,False,False,[],0.9967237920434456
156,0.08411064751360547,0.06411064751360547,0.9075015906599257,0.8893515588467272,0.9537507953299629,0.025439846409624427,0.00015989644799614038,0.4593960733841885,16,116,0.9045084971874737,keep,in_progress,29,0,keep,False,True,False,False,False,False,False,[],0.9967237920434456
157,0.08411064751360547,0.06411064751360547,0.9075015906599257,0.8893515588467272,0.9537507953299629,0.02139194535522835,0.00012329416098710367,0.4595366983841885,16,84,0.6545084971874737,keep,in_progress,29,0,keep,False,True,False,False,False,False,False,[],0.9967237920434456
158,0.08411064751360547,0.06411064751360547,0.9075015906599257,0.8893515588467272,0.9537507953299629,0.01638846448580172,8.267505362826405e-05,0.45971052044352434,16,44,0.34549150281252633,keep,in_progress,29,0,keep,False,True,False,False,False,False,False,[],0.9967237920434456
159,0.08411064751360547,0.06411064751360547,0.9075015906599257,0.8893515588467272,0.9537507953299629,0.012340563431405641,5.402186481606243e-05,0.45985114544352435,16,12,0.09549150281252633,keep,in_progress,29,0,keep,False,True,False,False,False,False,False,[],0.9967237920434456
160,0.08411064751360547,0.06411064751360547,0.9075015906599257,0.8893515588467272,0.9537507953299629,0.010794402811722878,4.419417382415923e-05,0.4599048594138564,16,0,0.0,propose_reduce_entanglement,in_progress,30,0,propose_reduce_entanglement,False,True,False,False,False,False,False,[],0.9967237920434456
161,0.08411064751360547,0.06411064751360547,0.9075015906599257,0.8893515588467272,0.9537507953299629,0.025439846409624427,0.00015989644799614038,0.4593960733841885,16,116,0.9045084971874737,keep,in_progress,30,0,keep,False,True,False,False,False,False,False,[],0.9967237920434456
162,0.08411064751360547,0.06411064751360547,0.9075015906599257,0.8893515588467272,0.9537507953299629,0.02139194535522835,0.00012329416098710367,0.4595366983841885,16,84,0.6545084971874737,keep,in_progress,30,0,keep,False,True,False,False,False,False,False,[],0.9967237920434456
163,0.08411064751360547,0.06411064751360547,0.9075015906599257,0.8893515588467272,0.9537507953299629,0.01638846448580172,8.267505362826405e-05,0.45971052044352434,16,44,0.34549150281252633,keep,in_progress,30,0,keep,False,True,False,False,False,False,False,[],0.9967237920434456
164,0.08411064751360547,0.06411064751360547,0.9075015906599257,0.8893515588467272,0.9537507953299629,0.012340563431405641,5.402186481606243e-05,0.45985114544352435,16,12,0.09549150281252633,keep,in_progress,30,0,keep,False,True,False,False,False,False,False,[],0.9967237920434456
165,0.08411064751360547,0.06411064751360547,0.9075015906599257,0.8893515588467272,0.9537507953299629,0.010794402811722878,4.419417382415923e-05,0.4599048594138564,16,0,0.0,propose_reduce_entanglement,in_progress,31,0,propose_reduce_entanglement,False,True,False,False,False,False,False,[],0.9967237920434456
166,0.08411064751360547,0.06411064751360547,0.9075015906599257,0.8893515588467272,0.9537507953299629,0.025439846409624427,0.00015989644799614038,0.4593960733841885,16,116,0.9045084971874737,keep,in_progress,31,0,keep,False,True,False,False,False,False,False,[],0.9967237920434456
167,0.08411064751360547,0.06411064751360547,0.9075015906599257,0.8893515588467272,0.9537507953299629,0.02139194535522835,0.00012329416098710367,0.4595366983841885,16,84,0.6545084971874737,keep,in_progress,31,0,keep,False,True,False,False,False,False,False,[],0.9967237920434456
168,0.08411064751360547,0.06411064751360547,0.9075015906599257,0.8893515588467272,0.9537507953299629,0.01638846448580172,8.267505362826405e-05,0.45971052044352434,16,44,0.34549150281252633,keep,in_progress,31,0,keep,False,True,False,False,False,False,False,[],0.9967237920434456
169,0.08411064751360547,0.06411064751360547,0.9075015906599257,0.8893515588467272,0.9537507953299629,0.012340563431405641,5.402186481606243e-05,0.45985114544352435,16,12,0.09549150281252633,keep,in_progress,31,0,keep,False,True,False,False,False,False,False,[],0.9967237920434456
170,0.08411064751360547,0.06411064751360547,0.9075015906599257,0.8893515588467272,0.9537507953299629,0.010794402811722878,4.419417382415923e-05,0.4599048594138564,16,0,0.0,propose_reduce_entanglement,in_progress,32,0,propose_reduce_entanglement,False,True,False,False,False,False,False,[],0.9967237920434456
171,0.08411064751360547,0.06411064751360547,0.9075015906599257,0.8893515588467272,0.9537507953299629,0.025439846409624427,0.00015989644799614038,0.4593960733841885,16,116,0.9045084971874737,keep,in_progress,32,0,keep,False,True,False,False,False,False,False,[],0.9967237920434456
172,0.08411064751360547,0.06411064751360547,0.9075015906599257,0.8893515588467272,0.9537507953299629,0.02139194535522835,0.00012329416098710367,0.4595366983841885,16,84,0.6545084971874737,keep,in_progress,32,0,keep,False,True,False,False,False,False,False,[],0.9967237920434456
173,0.08411064751360547,0.06411064751360547,0.9075015906599257,0.8893515588467272,0.9537507953299629,0.01638846448580172,8.267505362826405e-05,0.45971052044352434,16,44,0.34549150281252633,keep,in_progress,32,0,keep,False,True,False,False,False,False,False,[],0.9967237920434456
174,0.08411064751360547,0.06411064751360547,0.9075015906599257,0.8893515588467272,0.9537507953299629,0.012340563431405641,5.402186481606243e-05,0.45985114544352435,16,12,0.09549150281252633,keep,in_progress,32,0,keep,False,True,False,False,False,False,False,[],0.9967237920434456
175,0.08411064751360547,0.06411064751360547,0.9075015906599257,0.8893515588467272,0.9537507953299629,0.010794402811722878,4.419417382415923e-05,0.4599048594138564,16,0,0.0,propose_reduce_entanglement,in_progress,33,0,propose_reduce_entanglement,False,True,False,False,False,False,False,[],0.9967237920434456
176,0.08411064751360547,0.06411064751360547,0.9075015906599257,0.8893515588467272,0.9537507953299629,0.025439846409624427,0.00015989644799614038,0.4593960733841885,16,116,0.9045084971874737,keep,in_progress,33,0,keep,False,True,False,False,False,False,False,[],0.9967237920434456
177,0.08411064751360547,0.06411064751360547,0.9075015906599257,0.8893515588467272,0.9537507953299629,0.02139194535522835,0.00012329416098710367,0.4595366983841885,16,84,0.6545084971874737,keep,in_progress,33,0,keep,False,True,False,False,False,False,False,[],0.9967237920434456
178,0.08411064751360547,0.06411064751360547,0.9075015906599257,0.8893515588467272,0.9537507953299629,0.01638846448580172,8.267505362826405e-05,0.45971052044352434,16,44,0.34549150281252633,keep,in_progress,33,0,keep,False,True,False,False,False,False,False,[],0.9967237920434456
179,0.08411064751360547,0.06411064751360547,0.9075015906599257,0.8893515588467272,0.9537507953299629,0.012340563431405641,5.402186481606243e-05,0.45985114544352435,16,12,0.09549150281252633,keep,in_progress,33,0,keep,False,True,False,False,False,False,False,[],0.9967237920434456
180,0.08411064751360547,0.06411064751360547,0.9075015906599257,0.8893515588467272,0.9537507953299629,0.010794402811722878,4.419417382415923e-05,0.4599048594138564,16,0,0.0,propose_reduce_entanglement,in_progress,34,0,propose_reduce_entanglement,False,True,False,False,False,False,False,[],0.9967237920434456
181,0.08411064751360547,0.06411064751360547,0.9075015906599257,0.8893515588467272,0.9537507953299629,0.025439846409624427,0.00015989644799614038,0.4593960733841885,16,116,0.9045084971874737,keep,in_progress,34,0,keep,False,True,False,False,False,False,False,[],0.9967237920434456
182,0.08411064751360547,0.06411064751360547,0.9075015906599257,0.8893515588467272,0.9537507953299629,0.02139194535522835,0.00012329416098710367,0.4595366983841885,16,84,0.6545084971874737,keep,in_progress,34,0,keep,False,True,False,False,False,False,False,[],0.9967237920434456
183,0.08411064751360547,0.06411064751360547,0.9075015906599257,0.8893515588467272,0.9537507953299629,0.01638846448580172,8.267505362826405e-05,0.45971052044352434,16,44,0.34549150281252633,keep,in_progress,34,0,keep,False,True,False,False,False,False,False,[],0.9967237920434456
184,0.08411064751360547,0.06411064751360547,0.9075015906599257,0.8893515588467272,0.9537507953299629,0.012340563431405641,5.402186481606243e-05,0.45985114544352435,16,12,0.09549150281252633,keep,in_progress,34,0,keep,False,True,False,False,False,False,False,[],0.9967237920434456
185,0.08411064751360547,0.06411064751360547,0.9075015906599257,0.8893515588467272,0.9537507953299629,0.010794402811722878,4.419417382415923e-05,0.4599048594138564,16,0,0.0,propose_reduce_entanglement,in_progress,35,0,propose_reduce_entanglement,False,True,False,False,False,False,False,[],0.9967237920434456
186,0.08411064751360547,0.06411064751360547,0.9075015906599257,0.8893515588467272,0.9537507953299629,0.025439846409624427,0.00015989644799614038,0.4593960733841885,16,116,0.9045084971874737,keep,in_progress,35,0,keep,False,True,False,False,False,False,False,[],0.9967237920434456
187,0.08411064751360547,0.06411064751360547,0.9075015906599257,0.8893515588467272,0.9537507953299629,0.02139194535522835,0.00012329416098710367,0.4595366983841885,16,84,0.6545084971874737,keep,in_progress,35,0,keep,False,True,False,False,False,False,False,[],0.9967237920434456
188,0.08411064751360547,0.06411064751360547,0.9075015906599257,0.8893515588467272,0.9537507953299629,0.01638846448580172,8.267505362826405e-05,0.45971052044352434,16,44,0.34549150281252633,keep,in_progress,35,0,keep,False,True,False,False,False,False,False,[],0.9967237920434456
189,0.08411064751360547,0.06411064751360547,0.9075015906599257,0.8893515588467272,0.9537507953299629,0.012340563431405641,5.402186481606243e-05,0.45985114544352435,16,12,0.09549150281252633,keep,in_progress,35,0,keep,False,True,False,False,False,False,False,[],0.9967237920434456
190,0.08411064751360547,0.06411064751360547,0.9075015906599257,0.8893515588467272,0.9537507953299629,0.010794402811722878,4.419417382415923e-05,0.4599048594138564,16,0,0.0,propose_reduce_entanglement,in_progress,36,0,propose_reduce_entanglement,False,True,False,False,False,False,False,[],0.9967237920434456
191,0.08411064751360547,0.06411064751360547,0.9075015906599257,0.8893515588467272,0.9537507953299629,0.025439846409624427,0.00015989644799614038,0.4593960733841885,16,116,0.9045084971874737,keep,in_progress,36,0,keep,False,True,False,False,False,False,False,[],0.9967237920434456
192,0.08411064751360547,0.06411064751360547,0.9075015906599257,0.8893515588467272,0.9537507953299629,0.02139194535522835,0.00012329416098710367,0.4595366983841885,16,84,0.6545084971874737,keep,in_progress,36,0,keep,False,True,False,False,False,False,False,[],0.9967237920434456
193,0.08411064751360547,0.06411064751360547,0.9075015906599257,0.8893515588467272,0.9537507953299629,0.01638846448580172,8.267505362826405e-05,0.45971052044352434,16,44,0.34549150281252633,keep,in_progress,36,0,keep,False,True,False,False,False,False,False,[],0.9967237920434456
194,0.08411064751360547,0.06411064751360547,0.9075015906599257,0.8893515588467272,0.9537507953299629,0.012340563431405641,5.402186481606243e-05,0.45985114544352435,16,12,0.09549150281252633,keep,in_progress,36,0,keep,False,True,False,False,False,False,False,[],0.9967237920434456
195,0.08411064751360547,0.06411064751360547,0.9075015906599257,0.8893515588467272,0.9537507953299629,0.010794402811722878,4.419417382415923e-05,0.4599048594138564,16,0,0.0,propose_reduce_entanglement,in_progress,37,0,propose_reduce_entanglement,False,True,False,False,False,False,False,[],0.9967237920434456
196,0.08411064751360547,0.06411064751360547,0.9075015906599257,0.8893515588467272,0.9537507953299629,0.025439846409624427,0.00015989644799614038,0.4593960733841885,16,116,0.9045084971874737,keep,in_progress,37,0,keep,False,True,False,False,False,False,False,[],0.9967237920434456
197,0.08411064751360547,0.06411064751360547,0.9075015906599257,0.8893515588467272,0.9537507953299629,0.02139194535522835,0.00012329416098710367,0.4595366983841885,16,84,0.6545084971874737,keep,in_progress,37,0,keep,False,True,False,False,False,False,False,[],0.9967237920434456
198,0.08411064751360547,0.06411064751360547,0.9075015906599257,0.8893515588467272,0.9537507953299629,0.01638846448580172,8.267505362826405e-05,0.45971052044352434,16,44,0.34549150281252633,keep,in_progress,37,0,keep,False,True,False,False,False,False,False,[],0.9967237920434456
199,0.08411064751360547,0.06411064751360547,0.9075015906599257,0.8893515588467272,0.9537507953299629,0.012340563431405641,5.402186481606243e-05,0.45985114544352435,16,12,0.09549150281252633,keep,in_progress,37,0,keep,False,True,False,False,False,False,False,[],0.9967237920434456
200,0.08411064751360547,0.06411064751360547,0.9075015906599257,0.8893515588467272,0.9537507953299629,0.010794402811722878,4.419417382415923e-05,0.4599048594138564,16,0,0.0,propose_reduce_entanglement,in_progress,38,0,propose_reduce_entanglement,False,True,False,False,False,False,False,[],0.9967237920434456
201,0.08411064751360547,0.06411064751360547,0.9075015906599257,0.8893515588467272,0.9537507953299629,0.025439846409624427,0.00015989644799614038,0.4593960733841885,16,116,0.9045084971874737,keep,in_progress,38,0,keep,False,True,False,False,False,False,False,[],0.9967237920434456
202,0.08411064751360547,0.06411064751360547,0.9075015906599257,0.8893515588467272,0.9537507953299629,0.02139194535522835,0.00012329416098710367,0.4595366983841885,16,84,0.6545084971874737,keep,in_progress,38,0,keep,False,True,False,False,False,False,False,[],0.9967237920434456
203,0.08411064751360547,0.06411064751360547,0.9075015906599257,0.8893515588467272,0.9537507953299629,0.01638846448580172,8.267505362826405e-05,0.45971052044352434,16,44,0.34549150281252633,keep,in_progress,38,0,keep,False,True,False,False,False,False,False,[],0.9967237920434456
204,0.08411064751360547,0.06411064751360547,0.9075015906599257,0.8893515588467272,0.9537507953299629,0.012340563431405641,5.402186481606243e-05,0.45985114544352435,16,12,0.09549150281252633,keep,in_progress,38,0,keep,False,True,False,False,False,False,False,[],0.9967237920434456
205,0.08411064751360547,0.06411064751360547,0.9075015906599257,0.8893515588467272,0.9537507953299629,0.010794402811722878,4.419417382415923e-05,0.4599048594138564,16,0,0.0,propose_reduce_entanglement,in_progress,39,0,propose_reduce_entanglement,False,True,False,False,False,False,False,[],0.9967237920434456
206,0.08411064751360547,0.06411064751360547,0.9075015906599257,0.8893515588467272,0.9537507953299629,0.025439846409624427,0.00015989644799614038,0.4593960733841885,16,116,0.9045084971874737,keep,in_progress,39,0,keep,False,True,False,False,False,False,False,[],0.9967237920434456
207,0.08411064751360547,0.06411064751360547,0.9075015906599257,0.8893515588467272,0.9537507953299629,0.02139194535522835,0.00012329416098710367,0.4595366983841885,16,84,0.6545084971874737,keep,in_progress,39,0,keep,False,True,False,False,False,False,False,[],0.9967237920434456
208,0.08411064751360547,0.06411064751360547,0.9075015906599257,0.8893515588467272,0.9537507953299629,0.01638846448580172,8.267505362826405e-05,0.45971052044352434,16,44,0.34549150281252633,keep,in_progress,39,0,keep,False,True,False,False,False,False,False,[],0.9967237920434456
209,0.08411064751360547,0.06411064751360547,0.9075015906599257,0.8893515588467272,0.9537507953299629,0.012340563431405641,5.402186481606243e-05,0.45985114544352435,16,12,0.09549150281252633,keep,in_progress,39,0,keep,False,True,False,False,False,False,False,[],0.9967237920434456
210,0.08411064751360547,0.06411064751360547,0.9075015906599257,0.8893515588467272,0.9537507953299629,0.010794402811722878,4.419417382415923e-05,0.4599048594138564,16,0,0.0,propose_reduce_entanglement,in_progress,40,0,propose_reduce_entanglement,False,True,False,False,False,False,False,[],0.9967237920434456
211,0.08411064751360547,0.06411064751360547,0.9075015906599257,0.8893515588467272,0.9537507953299629,0.025439846409624427,0.00015989644799614038,0.4593960733841885,16,116,0.9045084971874737,keep,in_progress,40,0,keep,False,True,False,False,False,False,False,[],0.9967237920434456
212,0.08411064751360547,0.06411064751360547,0.9075015906599257,0.8893515588467272,0.9537507953299629,0.02139194535522835,0.00012329416098710367,0.4595366983841885,16,84,0.6545084971874737,keep,in_progress,40,0,keep,False,True,False,False,False,False,False,[],0.9967237920434456
213,0.08411064751360547,0.06411064751360547,0.9075015906599257,0.8893515588467272,0.9537507953299629,0.01638846448580172,8.267505362826405e-05,0.45971052044352434,16,44,0.34549150281252633,keep,in_progress,40,0,keep,False,True,False,False,False,False,False,[],0.9967237920434456
214,0.08411064751360547,0.06411064751360547,0.9075015906599257,0.8893515588467272,0.9537507953299629,0.012340563431405641,5.402186481606243e-05,0.45985114544352435,16,12,0.09549150281252633,keep,in_progress,40,0,keep,False,True,False,False,False,False,False,[],0.9967237920434456
215,0.08411064751360547,0.06411064751360547,0.9075015906599257,0.8893515588467272,0.9537507953299629,0.010794402811722878,4.419417382415923e-05,0.4599048594138564,16,0,0.0,propose_reduce_entanglement,in_progress,41,0,propose_reduce_entanglement,False,True,False,False,False,False,False,[],0.9967237920434456
216,0.08411064751360547,0.06411064751360547,0.9075015906599257,0.8893515588467272,0.9537507953299629,0.025439846409624427,0.00015989644799614038,0.4593960733841885,16,116,0.9045084971874737,keep,in_progress,41,0,keep,False,True,False,False,False,False,False,[],0.9967237920434456
217,0.08411064751360547,0.06411064751360547,0.9075015906599257,0.8893515588467272,0.9537507953299629,0.02139194535522835,0.00012329416098710367,0.4595366983841885,16,84,0.6545084971874737,keep,in_progress,41,0,keep,False,True,False,False,False,False,False,[],0.9967237920434456
218,0.08411064751360547,0.06411064751360547,0.9075015906599257,0.8893515588467272,0.9537507953299629,0.01638846448580172,8.267505362826405e-05,0.45971052044352434,16,44,0.34549150281252633,keep,in_progress,41,0,keep,False,True,False,False,False,False,False,[],0.9967237920434456
219,0.08411064751360547,0.06411064751360547,0.9075015906599257,0.8893515588467272,0.9537507953299629,0.012340563431405641,5.402186481606243e-05,0.45985114544352435,16,12,0.09549150281252633,keep,in_progress,41,0,keep,False,True,False,False,False,False,False,[],0.9967237920434456
220,0.08411064751360547,0.06411064751360547,0.9075015906599257,0.8893515588467272,0.9537507953299629,0.010794402811722878,4.419417382415923e-05,0.4599048594138564,16,0,0.0,propose_reduce_entanglement,in_progress,42,0,propose_reduce_entanglement,False,True,False,False,False,False,False,[],0.9967237920434456
221,0.08411064751360547,0.06411064751360547,0.9075015906599257,0.8893515588467272,0.9537507953299629,0.025439846409624427,0.00015989644799614038,0.4593960733841885,16,116,0.9045084971874737,keep,in_progress,42,0,keep,False,True,False,False,False,False,False,[],0.9967237920434456
222,0.08411064751360547,0.06411064751360547,0.9075015906599257,0.8893515588467272,0.9537507953299629,0.02139194535522835,0.00012329416098710367,0.4595366983841885,16,84,0.6545084971874737,keep,in_progress,42,0,keep,False,True,False,False,False,False,False,[],0.9967237920434456
223,0.08411064751360547,0.06411064751360547,0.9075015906599257,0.8893515588467272,0.9537507953299629,0.01638846448580172,8.267505362826405e-05,0.45971052044352434,16,44,0.34549150281252633,keep,in_progress,42,0,keep,False,True,False,False,False,False,False,[],0.9967237920434456
224,0.08411064751360547,0.06411064751360547,0.9075015906599257,0.8893515588467272,0.9537507953299629,0.012340563431405641,5.402186481606243e-05,0.45985114544352435,16,12,0.09549150281252633,keep,in_progress,42,0,keep,False,True,False,False,False,False,False,[],0.9967237920434456
225,0.08411064751360547,0.06411064751360547,0.9075015906599257,0.8893515588467272,0.9537507953299629,0.010794402811722878,4.419417382415923e-05,0.4599048594138564,16,0,0.0,propose_reduce_entanglement,in_progress,43,0,propose_reduce_entanglement,False,True,False,False,False,False,False,[],0.9967237920434456
226,0.08411064751360547,0.06411064751360547,0.9075015906599257,0.8893515588467272,0.9537507953299629,0.025439846409624427,0.00015989644799614038,0.4593960733841885,16,116,0.9045084971874737,keep,in_progress,43,0,keep,False,True,False,False,False,False,False,[],0.9967237920434456
227,0.08411064751360547,0.06411064751360547,0.9075015906599257,0.8893515588467272,0.9537507953299629,0.02139194535522835,0.00012329416098710367,0.4595366983841885,16,84,0.6545084971874737,keep,in_progress,43,0,keep,False,True,False,False,False,False,False,[],0.9967237920434456
228,0.08411064751360547,0.06411064751360547,0.9075015906599257,0.8893515588467272,0.9537507953299629,0.01638846448580172,8.267505362826405e-05,0.45971052044352434,16,44,0.34549150281252633,keep,in_progress,43,0,keep,False,True,False,False,False,False,False,[],0.9967237920434456
229,0.08411064751360547,0.06411064751360547,0.9075015906599257,0.8893515588467272,0.9537507953299629,0.012340563431405641,5.402186481606243e-05,0.45985114544352435,16,12,0.09549150281252633,keep,in_progress,43,0,keep,False,True,False,False,False,False,False,[],0.9967237920434456
230,0.08411064751360547,0.06411064751360547,0.9075015906599257,0.8893515588467272,0.9537507953299629,0.010794402811722878,4.419417382415923e-05,0.4599048594138564,16,0,0.0,propose_reduce_entanglement,in_progress,44,0,propose_reduce_entanglement,False,True,False,False,False,False,False,[],0.9967237920434456
231,0.08411064751360547,0.06411064751360547,0.9075015906599257,0.8893515588467272,0.9537507953299629,0.025439846409624427,0.00015989644799614038,0.4593960733841885,16,116,0.9045084971874737,keep,in_progress,44,0,keep,False,True,False,False,False,False,False,[],0.9967237920434456
232,0.08411064751360547,0.06411064751360547,0.9075015906599257,0.8893515588467272,0.9537507953299629,0.02139194535522835,0.00012329416098710367,0.4595366983841885,16,84,0.6545084971874737,keep,in_progress,44,0,keep,False,True,False,False,False,False,False,[],0.9967237920434456
233,0.08411064751360547,0.06411064751360547,0.9075015906599257,0.8893515588467272,0.9537507953299629,0.01638846448580172,8.267505362826405e-05,0.45971052044352434,16,44,0.34549150281252633,keep,in_progress,44,0,keep,False,True,False,False,False,False,False,[],0.9967237920434456
234,0.08411064751360547,0.06411064751360547,0.9075015906599257,0.8893515588467272,0.9537507953299629,0.012340563431405641,5.402186481606243e-05,0.45985114544352435,16,12,0.09549150281252633,keep,in_progress,44,0,keep,False,True,False,False,False,False,False,[],0.9967237920434456
235,0.08411064751360547,0.06411064751360547,0.9075015906599257,0.8893515588467272,0.9537507953299629,0.010794402811722878,4.419417382415923e-05,0.4599048594138564,16,0,0.0,propose_reduce_entanglement,in_progress,45,0,propose_reduce_entanglement,False,True,False,False,False,False,False,[],0.9967237920434456
236,0.08411064751360547,0.06411064751360547,0.9075015906599257,0.8893515588467272,0.9537507953299629,0.025439846409624427,0.00015989644799614038,0.4593960733841885,16,116,0.9045084971874737,keep,in_progress,45,0,keep,False,True,False,False,False,False,False,[],0.9967237920434456
237,0.08411064751360547,0.06411064751360547,0.9075015906599257,0.8893515588467272,0.9537507953299629,0.02139194535522835,0.00012329416098710367,0.4595366983841885,16,84,0.6545084971874737,keep,in_progress,45,0,keep,False,True,False,False,False,False,False,[],0.9967237920434456
238,0.08411064751360547,0.06411064751360547,0.9075015906599257,0.8893515588467272,0.9537507953299629,0.01638846448580172,8.267505362826405e-05,0.45971052044352434,16,44,0.34549150281252633,keep,in_progress,45,0,keep,False,True,False,False,False,False,False,[],0.9967237920434456
239,0.08411064751360547,0.06411064751360547,0.9075015906599257,0.8893515588467272,0.9537507953299629,0.012340563431405641,5.402186481606243e-05,0.45985114544352435,16,12,0.09549150281252633,keep,in_progress,45,0,keep,False,True,False,False,False,False,False,[],0.9967237920434456
240,0.08411064751360547,0.06411064751360547,0.9075015906599257,0.8893515588467272,0.9537507953299629,0.010794402811722878,4.419417382415923e-05,0.4599048594138564,16,0,0.0,propose_reduce_entanglement,in_progress,46,0,propose_reduce_entanglement,False,True,False,False,False,False,False,[],0.9967237920434456
241,0.08411064751360547,0.06411064751360547,0.9075015906599257,0.8893515588467272,0.9537507953299629,0.025439846409624427,0.00015989644799614038,0.4593960733841885,16,116,0.9045084971874737,keep,in_progress,46,0,keep,False,True,False,False,False,False,False,[],0.9967237920434456
242,0.08411064751360547,0.06411064751360547,0.9075015906599257,0.8893515588467272,0.9537507953299629,0.02139194535522835,0.00012329416098710367,0.4595366983841885,16,84,0.6545084971874737,keep,in_progress,46,0,keep,False,True,False,False,False,False,False,[],0.9967237920434456
243,0.08411064751360547,0.06411064751360547,0.9075015906599257,0.8893515588467272,0.9537507953299629,0.01638846448580172,8.267505362826405e-05,0.45971052044352434,16,44,0.34549150281252633,keep,in_progress,46,0,keep,False,True,False,False,False,False,False,[],0.9967237920434456
244,0.08411064751360547,0.06411064751360547,0.9075015906599257,0.8893515588467272,0.9537507953299629,0.012340563431405641,5.402186481606243e-05,0.45985114544352435,16,12,0.09549150281252633,keep,in_progress,46,0,keep,False,True,False,False,False,False,False,[],0.9967237920434456
245,0.08411064751360547,0.06411064751360547,0.9075015906599257,0.8893515588467272,0.9537507953299629,0.010794402811722878,4.419417382415923e-05,0.4599048594138564,16,0,0.0,propose_reduce_entanglement,in_progress,47,0,propose_reduce_entanglement,False,True,False,False,False,False,False,[],0.9967237920434456
246,0.08411064751360547,0.06411064751360547,0.9075015906599257,0.8893515588467272,0.9537507953299629,0.025439846409624427,0.00015989644799614038,0.4593960733841885,16,116,0.9045084971874737,keep,in_progress,47,0,keep,False,True,False,False,False,False,False,[],0.9967237920434456
247,0.08411064751360547,0.06411064751360547,0.9075015906599257,0.8893515588467272,0.9537507953299629,0.02139194535522835,0.00012329416098710367,0.4595366983841885,16,84,0.6545084971874737,keep,in_progress,47,0,keep,False,True,False,False,False,False,False,[],0.9967237920434456
248,0.08411064751360547,0.06411064751360547,0.9075015906599257,0.8893515588467272,0.9537507953299629,0.01638846448580172,8.267505362826405e-05,0.45971052044352434,16,44,0.34549150281252633,keep,in_progress,47,0,keep,False,True,False,False,False,False,False,[],0.9967237920434456
249,0.08411064751360547,0.06411064751360547,0.9075015906599257,0.8893515588467272,0.9537507953299629,0.012340563431405641,5.402186481606243e-05,0.45985114544352435,16,12,0.09549150281252633,keep,in_progress,47,0,keep,False,True,False,False,False,False,False,[],0.9967237920434456
250,0.08411064751360547,0.06411064751360547,0.9075015906599257,0.8893515588467272,0.9537507953299629,0.010794402811722878,4.419417382415923e-05,0.4599048594138564,16,0,0.0,propose_reduce_entanglement,in_progress,48,0,propose_reduce_entanglement,False,True,False,False,False,False,False,[],0.9967237920434456
251,0.08411064751360547,0.06411064751360547,0.9075015906599257,0.8893515588467272,0.9537507953299629,0.025439846409624427,0.00015989644799614038,0.4593960733841885,16,116,0.9045084971874737,keep,in_progress,48,0,keep,False,True,False,False,False,False,False,[],0.9967237920434456
252,0.08411064751360547,0.06411064751360547,0.9075015906599257,0.8893515588467272,0.9537507953299629,0.02139194535522835,0.00012329416098710367,0.4595366983841885,16,84,0.6545084971874737,keep,in_progress,48,0,keep,False,True,False,False,False,False,False,[],0.9967237920434456
253,0.08411064751360547,0.06411064751360547,0.9075015906599257,0.8893515588467272,0.9537507953299629,0.01638846448580172,8.267505362826405e-05,0.45971052044352434,16,44,0.34549150281252633,keep,in_progress,48,0,keep,False,True,False,False,False,False,False,[],0.9967237920434456
254,0.08411064751360547,0.06411064751360547,0.9075015906599257,0.8893515588467272,0.9537507953299629,0.012340563431405641,5.402186481606243e-05,0.45985114544352435,16,12,0.09549150281252633,keep,in_progress,48,0,keep,False,True,False,False,False,False,False,[],0.9967237920434456
255,0.08411064751360547,0.06411064751360547,0.9075015906599257,0.8893515588467272,0.9537507953299629,0.010794402811722878,4.419417382415923e-05,0.4599048594138564,16,0,0.0,propose_reduce_entanglement,in_progress,49,0,propose_reduce_entanglement,False,True,False,False,False,False,False,[],0.9967237920434456
256,0.08411064751360547,0.06411064751360547,0.9075015906599257,0.8893515588467272,0.9537507953299629,0.025439846409624427,0.00015989644799614038,0.4593960733841885,16,116,0.9045084971874737,keep,in_progress,49,0,keep,False,True,False,False,False,False,False,[],0.9967237920434456
257,0.08411064751360547,0.06411064751360547,0.9075015906599257,0.8893515588467272,0.9537507953299629,0.02139194535522835,0.00012329416098710367,0.4595366983841885,16,84,0.6545084971874737,keep,in_progress,49,0,keep,False,True,False,False,False,False,False,[],0.9967237920434456
258,0.08411064751360547,0.06411064751360547,0.9075015906599257,0.8893515588467272,0.9537507953299629,0.01638846448580172,8.267505362826405e-05,0.45971052044352434,16,44,0.34549150281252633,keep,in_progress,49,0,keep,False,True,False,False,False,False,False,[],0.9967237920434456
259,0.08411064751360547,0.06411064751360547,0.9075015906599257,0.8893515588467272,0.9537507953299629,0.012340563431405641,5.402186481606243e-05,0.45985114544352435,16,12,0.09549150281252633,keep,in_progress,49,0,keep,False,True,False,False,False,False,False,[],0.9967237920434456
260,0.08411064751360547,0.06411064751360547,0.9075015906599257,0.8893515588467272,0.9537507953299629,0.010794402811722878,4.419417382415923e-05,0.4599048594138564,16,0,0.0,propose_reduce_entanglement,in_progress,50,0,propose_reduce_entanglement,False,True,False,False,False,False,False,[],0.9967237920434456
261,0.08411064751360547,0.06411064751360547,0.9075015906599257,0.8893515588467272,0.9537507953299629,0.025439846409624427,0.00015989644799614038,0.4593960733841885,16,116,0.9045084971874737,keep,in_progress,50,0,keep,False,True,False,False,False,False,False,[],0.9967237920434456
262,0.08411064751360547,0.06411064751360547,0.9075015906599257,0.8893515588467272,0.9537507953299629,0.02139194535522835,0.00012329416098710367,0.4595366983841885,16,84,0.6545084971874737,keep,in_progress,50,0,keep,False,True,False,False,False,False,False,[],0.9967237920434456
263,0.08411064751360547,0.06411064751360547,0.9075015906599257,0.8893515588467272,0.9537507953299629,0.01638846448580172,8.267505362826405e-05,0.45971052044352434,16,44,0.34549150281252633,keep,in_progress,50,0,keep,False,True,False,False,False,False,False,[],0.9967237920434456
264,0.08411064751360547,0.06411064751360547,0.9075015906599257,0.8893515588467272,0.9537507953299629,0.012340563431405641,5.402186481606243e-05,0.45985114544352435,16,12,0.09549150281252633,keep,in_progress,50,0,keep,False,True,False,False,False,False,False,[],0.9967237920434456
265,0.08411064751360547,0.06411064751360547,0.9075015906599257,0.8893515588467272,0.9537507953299629,0.010794402811722878,4.419417382415923e-05,0.4599048594138564,16,0,0.0,propose_reduce_entanglement,in_progress,51,0,propose_reduce_entanglement,False,True,False,False,False,False,False,[],0.9967237920434456
266,0.08411064751360547,0.06411064751360547,0.9075015906599257,0.8893515588467272,0.9537507953299629,0.025439846409624427,0.00015989644799614038,0.4593960733841885,16,116,0.9045084971874737,keep,in_progress,51,0,keep,False,True,False,False,False,False,False,[],0.9967237920434456
267,0.08411064751360547,0.06411064751360547,0.9075015906599257,0.8893515588467272,0.9537507953299629,0.02139194535522835,0.00012329416098710367,0.4595366983841885,16,84,0.6545084971874737,keep,in_progress,51,0,keep,False,True,False,False,False,False,False,[],0.9967237920434456
268,0.08411064751360547,0.06411064751360547,0.9075015906599257,0.8893515588467272,0.9537507953299629,0.01638846448580172,8.267505362826405e-05,0.45971052044352434,16,44,0.34549150281252633,keep,in_progress,51,0,keep,False,True,False,False,False,False,False,[],0.9967237920434456
269,0.08411064751360547,0.06411064751360547,0.9075015906599257,0.8893515588467272,0.9537507953299629,0.012340563431405641,5.402186481606243e-05,0.45985114544352435,16,12,0.09549150281252633,keep,in_progress,51,0,keep,False,True,False,False,False,False,False,[],0.9967237920434456
270,0.08411064751360547,0.06411064751360547,0.9075015906599257,0.8893515588467272,0.9537507953299629,0.010794402811722878,4.419417382415923e-05,0.4599048594138564,16,0,0.0,propose_reduce_entanglement,in_progress,52,0,propose_reduce_entanglement,False,True,False,False,False,False,False,[],0.9967237920434456
271,0.08411064751360547,0.06411064751360547,0.9075015906599257,0.8893515588467272,0.9537507953299629,0.025439846409624427,0.00015989644799614038,0.4593960733841885,16,116,0.9045084971874737,keep,in_progress,52,0,keep,False,True,False,False,False,False,False,[],0.9967237920434456
272,0.08411064751360547,0.06411064751360547,0.9075015906599257,0.8893515588467272,0.9537507953299629,0.02139194535522835,0.00012329416098710367,0.4595366983841885,16,84,0.6545084971874737,keep,in_progress,52,0,keep,False,True,False,False,False,False,False,[],0.9967237920434456
273,0.08411064751360547,0.06411064751360547,0.9075015906599257,0.8893515588467272,0.9537507953299629,0.01638846448580172,8.267505362826405e-05,0.45971052044352434,16,44,0.34549150281252633,keep,in_progress,52,0,keep,False,True,False,False,False,False,False,[],0.9967237920434456
274,0.08411064751360547,0.06411064751360547,0.9075015906599257,0.8893515588467272,0.9537507953299629,0.012340563431405641,5.402186481606243e-05,0.45985114544352435,16,12,0.09549150281252633,keep,in_progress,52,0,keep,False,True,False,False,False,False,False,[],0.9967237920434456
275,0.08411064751360547,0.06411064751360547,0.9075015906599257,0.8893515588467272,0.9537507953299629,0.010794402811722878,4.419417382415923e-05,0.4599048594138564,16,0,0.0,propose_reduce_entanglement,in_progress,53,0,propose_reduce_entanglement,False,True,False,False,False,False,False,[],0.9967237920434456
276,0.08411064751360547,0.06411064751360547,0.9075015906599257,0.8893515588467272,0.9537507953299629,0.025439846409624427,0.00015989644799614038,0.4593960733841885,16,116,0.9045084971874737,keep,in_progress,53,0,keep,False,True,False,False,False,False,False,[],0.9967237920434456
277,0.08411064751360547,0.06411064751360547,0.9075015906599257,0.8893515588467272,0.9537507953299629,0.02139194535522835,0.00012329416098710367,0.4595366983841885,16,84,0.6545084971874737,keep,in_progress,53,0,keep,False,True,False,False,False,False,False,[],0.9967237920434456
278,0.08411064751360547,0.06411064751360547,0.9075015906599257,0.8893515588467272,0.9537507953299629,0.01638846448580172,8.267505362826405e-05,0.45971052044352434,16,44,0.34549150281252633,keep,in_progress,53,0,keep,False,True,False,False,False,False,False,[],0.9967237920434456
279,0.08411064751360547,0.06411064751360547,0.9075015906599257,0.8893515588467272,0.9537507953299629,0.012340563431405641,5.402186481606243e-05,0.45985114544352435,16,12,0.09549150281252633,keep,in_progress,53,0,keep,False,True,False,False,False,False,False,[],0.9967237920434456
280,0.08411064751360547,0.06411064751360547,0.9075015906599257,0.8893515588467272,0.9537507953299629,0.010794402811722878,4.419417382415923e-05,0.4599048594138564,16,0,0.0,propose_reduce_entanglement,in_progress,54,0,propose_reduce_entanglement,False,True,False,False,False,False,False,[],0.9967237920434456
281,0.08411064751360547,0.06411064751360547,0.9075015906599257,0.8893515588467272,0.9537507953299629,0.025439846409624427,0.00015989644799614038,0.4593960733841885,16,116,0.9045084971874737,keep,in_progress,54,0,keep,False,True,False,False,False,False,False,[],0.9967237920434456
282,0.08411064751360547,0.06411064751360547,0.9075015906599257,0.8893515588467272,0.9537507953299629,0.02139194535522835,0.00012329416098710367,0.4595366983841885,16,84,0.6545084971874737,keep,in_progress,54,0,keep,False,True,False,False,False,False,False,[],0.9967237920434456
283,0.08411064751360547,0.06411064751360547,0.9075015906599257,0.8893515588467272,0.9537507953299629,0.01638846448580172,8.267505362826405e-05,0.45971052044352434,16,44,0.34549150281252633,keep,in_progress,54,0,keep,False,True,False,False,False,False,False,[],0.9967237920434456
284,0.08411064751360547,0.06411064751360547,0.9075015906599257,0.8893515588467272,0.9537507953299629,0.012340563431405641,5.402186481606243e-05,0.45985114544352435,16,12,0.09549150281252633,keep,in_progress,54,0,keep,False,True,False,False,False,False,False,[],0.9967237920434456
285,0.08411064751360547,0.06411064751360547,0.9075015906599257,0.8893515588467272,0.9537507953299629,0.010794402811722878,4.419417382415923e-05,0.4599048594138564,16,0,0.0,propose_reduce_entanglement,in_progress,55,0,propose_reduce_entanglement,False,True,False,False,False,False,False,[],0.9967237920434456
286,0.08411064751360547,0.06411064751360547,0.9075015906599257,0.8893515588467272,0.9537507953299629,0.025439846409624427,0.00015989644799614038,0.4593960733841885,16,116,0.9045084971874737,keep,in_progress,55,0,keep,False,True,False,False,False,False,False,[],0.9967237920434456
287,0.08411064751360547,0.06411064751360547,0.9075015906599257,0.8893515588467272,0.9537507953299629,0.02139194535522835,0.00012329416098710367,0.4595366983841885,16,84,0.6545084971874737,keep,in_progress,55,0,keep,False,True,False,False,False,False,False,[],0.9967237920434456
288,0.08411064751360547,0.06411064751360547,0.9075015906599257,0.8893515588467272,0.9537507953299629,0.01638846448580172,8.267505362826405e-05,0.45971052044352434,16,44,0.34549150281252633,keep,in_progress,55,0,keep,False,True,False,False,False,False,False,[],0.9967237920434456
289,0.08411064751360547,0.06411064751360547,0.9075015906599257,0.8893515588467272,0.9537507953299629,0.012340563431405641,5.402186481606243e-05,0.45985114544352435,16,12,0.09549150281252633,keep,in_progress,55,0,keep,False,True,False,False,False,False,False,[],0.9967237920434456
290,0.08411064751360547,0.06411064751360547,0.9075015906599257,0.8893515588467272,0.9537507953299629,0.010794402811722878,4.419417382415923e-05,0.4599048594138564,16,0,0.0,propose_reduce_entanglement,in_progress,56,0,propose_reduce_entanglement,False,True,False,False,False,False,False,[],0.9967237920434456
291,0.08411064751360547,0.06411064751360547,0.9075015906599257,0.8893515588467272,0.9537507953299629,0.025439846409624427,0.00015989644799614038,0.4593960733841885,16,116,0.9045084971874737,keep,in_progress,56,0,keep,False,True,False,False,False,False,False,[],0.9967237920434456
292,0.08411064751360547,0.06411064751360547,0.9075015906599257,0.8893515588467272,0.9537507953299629,0.02139194535522835,0.00012329416098710367,0.4595366983841885,16,84,0.6545084971874737,keep,in_progress,56,0,keep,False,True,False,False,False,False,False,[],0.9967237920434456
293,0.08411064751360547,0.06411064751360547,0.9075015906599257,0.8893515588467272,0.9537507953299629,0.01638846448580172,8.267505362826405e-05,0.45971052044352434,16,44,0.34549150281252633,keep,in_progress,56,0,keep,False,True,False,False,False,False,False,[],0.9967237920434456
294,0.08411064751360547,0.06411064751360547,0.9075015906599257,0.8893515588467272,0.9537507953299629,0.012340563431405641,5.402186481606243e-05,0.45985114544352435,16,12,0.09549150281252633,keep,in_progress,56,0,keep,False,True,False,False,False,False,False,[],0.9967237920434456
295,0.08411064751360547,0.06411064751360547,0.9075015906599257,0.8893515588467272,0.9537507953299629,0.010794402811722878,4.419417382415923e-05,0.4599048594138564,16,0,0.0,propose_reduce_entanglement,in_progress,57,0,propose_reduce_entanglement,False,True,False,False,False,False,False,[],0.9967237920434456
296,0.08411064751360547,0.06411064751360547,0.9075015906599257,0.8893515588467272,0.9537507953299629,0.025439846409624427,0.00015989644799614038,0.4593960733841885,16,116,0.9045084971874737,keep,in_progress,57,0,keep,False,True,False,False,False,False,False,[],0.9967237920434456
297,0.08411064751360547,0.06411064751360547,0.9075015906599257,0.8893515588467272,0.9537507953299629,0.02139194535522835,0.00012329416098710367,0.4595366983841885,16,84,0.6545084971874737,keep,in_progress,57,0,keep,False,True,False,False,False,False,False,[],0.9967237920434456
298,0.08411064751360547,0.06411064751360547,0.9075015906599257,0.8893515588467272,0.9537507953299629,0.01638846448580172,8.267505362826405e-05,0.45971052044352434,16,44,0.34549150281252633,keep,in_progress,57,0,keep,False,True,False,False,False,False,False,[],0.9967237920434456
299,0.08411064751360547,0.06411064751360547,0.9075015906599257,0.8893515588467272,0.9537507953299629,0.012340563431405641,5.402186481606243e-05,0.45985114544352435,16,12,0.09549150281252633,keep,in_progress,57,0,keep,False,True,False,False,False,False,False,[],0.9967237920434456
300,0.08411064751360547,0.06411064751360547,0.9075015906599257,0.8893515588467272,0.9537507953299629,0.010794402811722878,4.419417382415923e-05,0.4599048594138564,16,0,0.0,propose_reduce_entanglement,in_progress,58,0,propose_reduce_entanglement,False,True,False,False,False,False,False,[],0.9967237920434456
301,0.08411064751360547,0.06411064751360547,0.9075015906599257,0.8893515588467272,0.9537507953299629,0.025439846409624427,0.00015989644799614038,0.4593960733841885,16,116,0.9045084971874737,keep,in_progress,58,0,keep,False,True,False,False,False,False,False,[],0.9967237920434456
302,0.08411064751360547,0.06411064751360547,0.9075015906599257,0.8893515588467272,0.9537507953299629,0.02139194535522835,0.00012329416098710367,0.4595366983841885,16,84,0.6545084971874737,keep,in_progress,58,0,keep,False,True,False,False,False,False,False,[],0.9967237920434456
303,0.08411064751360547,0.06411064751360547,0.9075015906599257,0.8893515588467272,0.9537507953299629,0.01638846448580172,8.267505362826405e-05,0.45971052044352434,16,44,0.34549150281252633,keep,in_progress,58,0,keep,False,True,False,False,False,False,False,[],0.9967237920434456
304,0.08411064751360547,0.06411064751360547,0.9075015906599257,0.8893515588467272,0.9537507953299629,0.012340563431405641,5.402186481606243e-05,0.45985114544352435,16,12,0.09549150281252633,keep,in_progress,58,0,keep,False,True,False,False,False,False,False,[],0.9967237920434456
305,0.08411064751360547,0.06411064751360547,0.9075015906599257,0.8893515588467272,0.9537507953299629,0.010794402811722878,4.419417382415923e-05,0.4599048594138564,16,0,0.0,propose_reduce_entanglement,in_progress,59,0,propose_reduce_entanglement,False,True,False,False,False,False,False,[],0.9967237920434456
306,0.08411064751360547,0.06411064751360547,0.9075015906599257,0.8893515588467272,0.9537507953299629,0.025439846409624427,0.00015989644799614038,0.4593960733841885,16,116,0.9045084971874737,keep,in_progress,59,0,keep,False,True,False,False,False,False,False,[],0.9967237920434456
307,0.08411064751360547,0.06411064751360547,0.9075015906599257,0.8893515588467272,0.9537507953299629,0.02139194535522835,0.00012329416098710367,0.4595366983841885,16,84,0.6545084971874737,keep,in_progress,59,0,keep,False,True,False,False,False,False,False,[],0.9967237920434456
308,0.08411064751360547,0.06411064751360547,0.9075015906599257,0.8893515588467272,0.9537507953299629,0.01638846448580172,8.267505362826405e-05,0.45971052044352434,16,44,0.34549150281252633,keep,in_progress,59,0,keep,False,True,False,False,False,False,False,[],0.9967237920434456
309,0.08411064751360547,0.06411064751360547,0.9075015906599257,0.8893515588467272,0.9537507953299629,0.012340563431405641,5.402186481606243e-05,0.45985114544352435,16,12,0.09549150281252633,keep,in_progress,59,0,keep,False,True,False,False,False,False,False,[],0.9967237920434456
310,0.08411064751360547,0.06411064751360547,0.9075015906599257,0.8893515588467272,0.9537507953299629,0.010794402811722878,4.419417382415923e-05,0.4599048594138564,16,0,0.0,propose_reduce_entanglement,in_progress,60,0,propose_reduce_entanglement,False,True,False,False,False,False,False,[],0.9967237920434456
311,0.08411064751360547,0.06411064751360547,0.9075015906599257,0.8893515588467272,0.9537507953299629,0.025439846409624427,0.00015989644799614038,0.4593960733841885,16,116,0.9045084971874737,keep,in_progress,60,0,keep,False,True,False,False,False,False,False,[],0.9967237920434456
312,0.08411064751360547,0.06411064751360547,0.9075015906599257,0.8893515588467272,0.9537507953299629,0.02139194535522835,0.00012329416098710367,0.4595366983841885,16,84,0.6545084971874737,keep,in_progress,60,0,keep,False,True,False,False,False,False,False,[],0.9967237920434456
313,0.08411064751360547,0.06411064751360547,0.9075015906599257,0.8893515588467272,0.9537507953299629,0.01638846448580172,8.267505362826405e-05,0.45971052044352434,16,44,0.34549150281252633,keep,in_progress,60,0,keep,False,True,False,False,False,False,False,[],0.9967237920434456
314,0.08411064751360547,0.06411064751360547,0.9075015906599257,0.8893515588467272,0.9537507953299629,0.012340563431405641,5.402186481606243e-05,0.45985114544352435,16,12,0.09549150281252633,keep,in_progress,60,0,keep,False,True,False,False,False,False,False,[],0.9967237920434456
315,0.08411064751360547,0.06411064751360547,0.9075015906599257,0.8893515588467272,0.9537507953299629,0.010794402811722878,4.419417382415923e-05,0.4599048594138564,16,0,0.0,propose_reduce_entanglement,in_progress,61,0,propose_reduce_entanglement,False,True,False,False,False,False,False,[],0.9967237920434456
316,0.08411064751360547,0.06411064751360547,0.9075015906599257,0.8893515588467272,0.9537507953299629,0.025439846409624427,0.00015989644799614038,0.4593960733841885,16,116,0.9045084971874737,keep,in_progress,61,0,keep,False,True,False,False,False,False,False,[],0.9967237920434456
317,0.08411064751360547,0.06411064751360547,0.9075015906599257,0.8893515588467272,0.9537507953299629,0.02139194535522835,0.00012329416098710367,0.4595366983841885,16,84,0.6545084971874737,keep,in_progress,61,0,keep,False,True,False,False,False,False,False,[],0.9967237920434456
318,0.08411064751360547,0.06411064751360547,0.9075015906599257,0.8893515588467272,0.9537507953299629,0.01638846448580172,8.267505362826405e-05,0.45971052044352434,16,44,0.34549150281252633,keep,in_progress,61,0,keep,False,True,False,False,False,False,False,[],0.9967237920434456
319,0.08411064751360547,0.06411064751360547,0.9075015906599257,0.8893515588467272,0.9537507953299629,0.012340563431405641,5.402186481606243e-05,0.45985114544352435,16,12,0.09549150281252633,keep,in_progress,61,0,keep,False,True,False,False,False,False,False,[],0.9967237920434456
320,0.08411064751360547,0.06411064751360547,0.9075015906599257,0.8893515588467272,0.9537507953299629,0.010794402811722878,4.419417382415923e-05,0.4599048594138564,16,0,0.0,propose_reduce_entanglement,in_progress,62,0,propose_reduce_entanglement,False,True,False,False,False,False,False,[],0.9967237920434456
321,0.08411064751360547,0.06411064751360547,0.9075015906599257,0.8893515588467272,0.9537507953299629,0.025439846409624427,0.00015989644799614038,0.4593960733841885,16,116,0.9045084971874737,keep,in_progress,62,0,keep,False,True,False,False,False,False,False,[],0.9967237920434456
322,0.08411064751360547,0.06411064751360547,0.9075015906599257,0.8893515588467272,0.9537507953299629,0.02139194535522835,0.00012329416098710367,0.4595366983841885,16,84,0.6545084971874737,keep,in_progress,62,0,keep,False,True,False,False,False,False,False,[],0.9967237920434456
323,0.08411064751360547,0.06411064751360547,0.9075015906599257,0.8893515588467272,0.9537507953299629,0.01638846448580172,8.267505362826405e-05,0.45971052044352434,16,44,0.34549150281252633,keep,in_progress,62,0,keep,False,True,False,False,False,False,False,[],0.9967237920434456
324,0.08411064751360547,0.06411064751360547,0.9075015906599257,0.8893515588467272,0.9537507953299629,0.012340563431405641,5.402186481606243e-05,0.45985114544352435,16,12,0.09549150281252633,keep,in_progress,62,0,keep,False,True,False,False,False,False,False,[],0.9967237920434456
325,0.08411064751360547,0.06411064751360547,0.9075015906599257,0.8893515588467272,0.9537507953299629,0.010794402811722878,4.419417382415923e-05,0.4599048594138564,16,0,0.0,stop_growth,committed,63,0,stop_growth,False,True,False,False,False,False,False,[],0.9967237920434456
326,0.08411064751360547,0.06411064751360547,0.9075015906599257,0.8893515588467272,0.9537507953299629,0.010794402811722878,4.419417382415923e-05,0.4599048594138564,16,0,0.0,keep,none,63,0,keep,False,True,False,False,False,False,False,[],0.9967237920434456
327,0.08411064751360547,0.06411064751360547,0.9075015906599257,0.8893515588467272,0.9537507953299629,0.010794402811722878,4.419417382415923e-05,0.4599048594138564,16,0,0.0,keep,none,63,0,keep,False,True,False,False,False,False,False,[],0.9967237920434456
328,0.08411064751360547,0.06411064751360547,0.9075015906599257,0.8893515588467272,0.9537507953299629,0.010794402811722878,4.419417382415923e-05,0.4599048594138564,16,0,0.0,keep,none,63,0,keep,False,True,False,False,False,False,False,[],0.9967237920434456
329,0.08411064751360547,0.06411064751360547,0.9075015906599257,0.8893515588467272,0.9537507953299629,0.010794402811722878,4.419417382415923e-05,0.4599048594138564,16,0,0.0,keep,none,63,0,keep,False,True,False,False,False,False,False,[],0.9967237920434456
330,0.08411064751360547,0.06411064751360547,0.9075015906599257,0.8893515588467272,0.9537507953299629,0.010794402811722878,4.419417382415923e-05,0.4599048594138564,16,0,0.0,stop_growth,none,63,0,stop_growth,False,True,False,False,False,False,False,[],0.9967237920434456
331,0.08411064751360547,0.06411064751360547,0.9075015906599257,0.8893515588467272,0.9537507953299629,0.010794402811722878,4.419417382415923e-05,0.4599048594138564,16,0,0.0,keep,none,63,0,keep,False,True,False,False,False,False,False,[],0.9967237920434456
332,0.08411064751360547,0.06411064751360547,0.9075015906599257,0.8893515588467272,0.9537507953299629,0.010794402811722878,4.419417382415923e-05,0.4599048594138564,16,0,0.0,keep,none,63,0,keep,False,True,False,False,False,False,False,[],0.9967237920434456
333,0.08411064751360547,0.06411064751360547,0.9075015906599257,0.8893515588467272,0.9537507953299629,0.010794402811722878,4.419417382415923e-05,0.4599048594138564,16,0,0.0,keep,none,63,0,keep,False,True,False,False,False,False,False,[],0.9967237920434456
334,0.08411064751360547,0.06411064751360547,0.9075015906599257,0.8893515588467272,0.9537507953299629,0.010794402811722878,4.419417382415923e-05,0.4599048594138564,16,0,0.0,keep,none,63,0,keep,False,True,False,False,False,False,False,[],0.9967237920434456
335,0.08411064751360547,0.06411064751360547,0.9075015906599257,0.8893515588467272,0.9537507953299629,0.010794402811722878,4.419417382415923e-05,0.4599048594138564,16,0,0.0,stop_growth,none,63,0,stop_growth,False,True,False,False,False,False,False,[],0.9967237920434456
336,0.08411064751360547,0.06411064751360547,0.9075015906599257,0.8893515588467272,0.9537507953299629,0.010794402811722878,4.419417382415923e-05,0.4599048594138564,16,0,0.0,keep,none,63,0,keep,False,True,False,False,False,False,False,[],0.9967237920434456
337,0.08411064751360547,0.06411064751360547,0.9075015906599257,0.8893515588467272,0.9537507953299629,0.010794402811722878,4.419417382415923e-05,0.4599048594138564,16,0,0.0,keep,none,63,0,keep,False,True,False,False,False,False,False,[],0.9967237920434456
338,0.08411064751360547,0.06411064751360547,0.9075015906599257,0.8893515588467272,0.9537507953299629,0.010794402811722878,4.419417382415923e-05,0.4599048594138564,16,0,0.0,keep,none,63,0,keep,False,True,False,False,False,False,False,[],0.9967237920434456
339,0.08411064751360547,0.06411064751360547,0.9075015906599257,0.8893515588467272,0.9537507953299629,0.010794402811722878,4.419417382415923e-05,0.4599048594138564,16,0,0.0,keep,none,63,0,keep,False,True,False,False,False,False,False,[],0.9967237920434456
340,0.08411064751360547,0.06411064751360547,0.9075015906599257,0.8893515588467272,0.9537507953299629,0.010794402811722878,4.419417382415923e-05,0.4599048594138564,16,0,0.0,stop_growth,none,63,0,stop_growth,False,True,False,False,False,False,False,[],0.9967237920434456
341,0.08411064751360547,0.06411064751360547,0.9075015906599257,0.8893515588467272,0.9537507953299629,0.010794402811722878,4.419417382415923e-05,0.4599048594138564,16,0,0.0,keep,none,63,0,keep,False,True,False,False,False,False,False,[],0.9967237920434456
342,0.08411064751360547,0.06411064751360547,0.9075015906599257,0.8893515588467272,0.9537507953299629,0.010794402811722878,4.419417382415923e-05,0.4599048594138564,16,0,0.0,keep,none,63,0,keep,False,True,False,False,False,False,False,[],0.9967237920434456
343,0.08411064751360547,0.06411064751360547,0.9075015906599257,0.8893515588467272,0.9537507953299629,0.010794402811722878,4.419417382415923e-05,0.4599048594138564,16,0,0.0,keep,none,63,0,keep,False,True,False,False,False,False,False,[],0.9967237920434456
344,0.08411064751360547,0.06411064751360547,0.9075015906599257,0.8893515588467272,0.9537507953299629,0.010794402811722878,4.419417382415923e-05,0.4599048594138564,16,0,0.0,keep,none,63,0,keep,False,True,False,False,False,False,False,[],0.9967237920434456
345,0.08411064751360547,0.06411064751360547,0.9075015906599257,0.8893515588467272,0.9537507953299629,0.010794402811722878,4.419417382415923e-05,0.4599048594138564,16,0,0.0,stop_growth,none,63,0,stop_growth,False,True,False,False,False,False,False,[],0.9967237920434456
346,0.08411064751360547,0.06411064751360547,0.9075015906599257,0.8893515588467272,0.9537507953299629,0.010794402811722878,4.419417382415923e-05,0.4599048594138564,16,0,0.0,keep,none,63,0,keep,False,True,False,False,False,False,False,[],0.9967237920434456
347,0.08411064751360547,0.06411064751360547,0.9075015906599257,0.8893515588467272,0.9537507953299629,0.010794402811722878,4.419417382415923e-05,0.4599048594138564,16,0,0.0,keep,none,63,0,keep,False,True,False,False,False,False,False,[],0.9967237920434456
348,0.08411064751360547,0.06411064751360547,0.9075015906599257,0.8893515588467272,0.9537507953299629,0.010794402811722878,4.419417382415923e-05,0.4599048594138564,16,0,0.0,keep,none,63,0,keep,False,True,False,False,False,False,False,[],0.9967237920434456
349,0.08411064751360547,0.06411064751360547,0.9075015906599257,0.8893515588467272,0.9537507953299629,0.010794402811722878,4.419417382415923e-05,0.4599048594138564,16,0,0.0,keep,none,63,0,keep,False,True,False,False,False,False,False,[],0.9967237920434456
350,0.08411064751360547,0.06411064751360547,0.9075015906599257,0.8893515588467272,0.9537507953299629,0.010794402811722878,4.419417382415923e-05,0.4599048594138564,16,0,0.0,stop_growth,none,63,0,stop_growth,False,True,False,False,False,False,False,[],0.9967237920434456
351,0.08411064751360547,0.06411064751360547,0.9075015906599257,0.8893515588467272,0.9537507953299629,0.010794402811722878,4.419417382415923e-05,0.4599048594138564,16,0,0.0,keep,none,63,0,keep,False,True,False,False,False,False,False,[],0.9967237920434456
352,0.08411064751360547,0.06411064751360547,0.9075015906599257,0.8893515588467272,0.9537507953299629,0.010794402811722878,4.419417382415923e-05,0.4599048594138564,16,0,0.0,keep,none,63,0,keep,False,True,False,False,False,False,False,[],0.9967237920434456
353,0.08411064751360547,0.06411064751360547,0.9075015906599257,0.8893515588467272,0.9537507953299629,0.010794402811722878,4.419417382415923e-05,0.4599048594138564,16,0,0.0,keep,none,63,0,keep,False,True,False,False,False,False,False,[],0.9967237920434456
354,0.08411064751360547,0.06411064751360547,0.9075015906599257,0.8893515588467272,0.9537507953299629,0.010794402811722878,4.419417382415923e-05,0.4599048594138564,16,0,0.0,keep,none,63,0,keep,False,True,False,False,False,False,False,[],0.9967237920434456
355,0.08411064751360547,0.06411064751360547,0.9075015906599257,0.8893515588467272,0.9537507953299629,0.010794402811722878,4.419417382415923e-05,0.4599048594138564,16,0,0.0,stop_growth,none,63,0,stop_growth,False,True,False,False,False,False,False,[],0.9967237920434456
356,0.08411064751360547,0.06411064751360547,0.9075015906599257,0.8893515588467272,0.9537507953299629,0.010794402811722878,4.419417382415923e-05,0.4599048594138564,16,0,0.0,keep,none,63,0,keep,False,True,False,False,False,False,False,[],0.9967237920434456
357,0.08411064751360547,0.06411064751360547,0.9075015906599257,0.8893515588467272,0.9537507953299629,0.010794402811722878,4.419417382415923e-05,0.4599048594138564,16,0,0.0,keep,none,63,0,keep,False,True,False,False,False,False,False,[],0.9967237920434456
358,0.08411064751360547,0.06411064751360547,0.9075015906599257,0.8893515588467272,0.9537507953299629,0.010794402811722878,4.419417382415923e-05,0.4599048594138564,16,0,0.0,keep,none,63,0,keep,False,True,False,False,False,False,False,[],0.9967237920434456
359,0.08411064751360547,0.06411064751360547,0.9075015906599257,0.8893515588467272,0.9537507953299629,0.010794402811722878,4.419417382415923e-05,0.4599048594138564,16,0,0.0,keep,none,63,0,keep,False,True,False,False,False,False,False,[],0.9967237920434456
360,0.08411064751360547,0.06411064751360547,0.9075015906599257,0.8893515588467272,0.9537507953299629,0.010794402811722878,4.419417382415923e-05,0.4599048594138564,16,0,0.0,stop_growth,none,63,0,stop_growth,False,True,False,False,False,False,False,[],0.9967237920434456
361,0.08411064751360547,0.06411064751360547,0.9075015906599257,0.8893515588467272,0.9537507953299629,0.010794402811722878,4.419417382415923e-05,0.4599048594138564,16,0,0.0,keep,none,63,0,keep,False,True,False,False,False,False,False,[],0.9967237920434456
362,0.08411064751360547,0.06411064751360547,0.9075015906599257,0.8893515588467272,0.9537507953299629,0.010794402811722878,4.419417382415923e-05,0.4599048594138564,16,0,0.0,keep,none,63,0,keep,False,True,False,False,False,False,False,[],0.9967237920434456
363,0.08411064751360547,0.06411064751360547,0.9075015906599257,0.8893515588467272,0.9537507953299629,0.010794402811722878,4.419417382415923e-05,0.4599048594138564,16,0,0.0,keep,none,63,0,keep,False,True,False,False,False,False,False,[],0.9967237920434456
364,0.08411064751360547,0.06411064751360547,0.9075015906599257,0.8893515588467272,0.9537507953299629,0.010794402811722878,4.419417382415923e-05,0.4599048594138564,16,0,0.0,keep,none,63,0,keep,False,True,False,False,False,False,False,[],0.9967237920434456
365,0.08411064751360547,0.06411064751360547,0.9075015906599257,0.8893515588467272,0.9537507953299629,0.010794402811722878,4.419417382415923e-05,0.4599048594138564,16,0,0.0,stop_growth,none,63,0,stop_growth,False,True,False,False,False,False,False,[],0.9967237920434456
366,0.08411064751360547,0.06411064751360547,0.9075015906599257,0.8893515588467272,0.9537507953299629,0.010794402811722878,4.419417382415923e-05,0.4599048594138564,16,0,0.0,keep,none,63,0,keep,False,True,False,False,False,False,False,[],0.9967237920434456
367,0.08411064751360547,0.06411064751360547,0.9075015906599257,0.8893515588467272,0.9537507953299629,0.010794402811722878,4.419417382415923e-05,0.4599048594138564,16,0,0.0,keep,none,63,0,keep,False,True,False,False,False,False,False,[],0.9967237920434456
368,0.08411064751360547,0.06411064751360547,0.9075015906599257,0.8893515588467272,0.9537507953299629,0.010794402811722878,4.419417382415923e-05,0.4599048594138564,16,0,0.0,keep,none,63,0,keep,False,True,False,False,False,False,False,[],0.9967237920434456
369,0.08411064751360547,0.06411064751360547,0.9075015906599257,0.8893515588467272,0.9537507953299629,0.010794402811722878,4.419417382415923e-05,0.4599048594138564,16,0,0.0,keep,none,63,0,keep,False,True,False,False,False,False,False,[],0.9967237920434456
370,0.08411064751360547,0.06411064751360547,0.9075015906599257,0.8893515588467272,0.9537507953299629,0.010794402811722878,4.419417382415923e-05,0.4599048594138564,16,0,0.0,stop_growth,none,63,0,stop_growth,False,True,False,False,False,False,False,[],0.9967237920434456
371,0.08411064751360547,0.06411064751360547,0.9075015906599257,0.8893515588467272,0.9537507953299629,0.010794402811722878,4.419417382415923e-05,0.4599048594138564,16,0,0.0,keep,none,63,0,keep,False,True,False,False,False,False,False,[],0.9967237920434456
372,0.08411064751360547,0.06411064751360547,0.9075015906599257,0.8893515588467272,0.9537507953299629,0.010794402811722878,4.419417382415923e-05,0.4599048594138564,16,0,0.0,keep,none,63,0,keep,False,True,False,False,False,False,False,[],0.9967237920434456
373,0.08411064751360547,0.06411064751360547,0.9075015906599257,0.8893515588467272,0.9537507953299629,0.010794402811722878,4.419417382415923e-05,0.4599048594138564,16,0,0.0,keep,none,63,0,keep,False,True,False,False,False,False,False,[],0.9967237920434456
374,0.08411064751360547,0.06411064751360547,0.9075015906599257,0.8893515588467272,0.9537507953299629,0.010794402811722878,4.419417382415923e-05,0.4599048594138564,16,0,0.0,keep,none,63,0,keep,False,True,False,False,False,False,False,[],0.9967237920434456
375,0.08411064751360547,0.06411064751360547,0.9075015906599257,0.8893515588467272,0.9537507953299629,0.010794402811722878,4.419417382415923e-05,0.4599048594138564,16,0,0.0,stop_growth,none,63,0,stop_growth,False,True,False,False,False,False,False,[],0.9967237920434456
376,0.08411064751360547,0.06411064751360547,0.9075015906599257,0.8893515588467272,0.9537507953299629,0.010794402811722878,4.419417382415923e-05,0.4599048594138564,16,0,0.0,keep,none,63,0,keep,False,True,False,False,False,False,False,[],0.9967237920434456
377,0.08411064751360547,0.06411064751360547,0.9075015906599257,0.8893515588467272,0.9537507953299629,0.010794402811722878,4.419417382415923e-05,0.4599048594138564,16,0,0.0,keep,none,63,0,keep,False,True,False,False,False,False,False,[],0.9967237920434456
378,0.08411064751360547,0.06411064751360547,0.9075015906599257,0.8893515588467272,0.9537507953299629,0.010794402811722878,4.419417382415923e-05,0.4599048594138564,16,0,0.0,keep,none,63,0,keep,False,True,False,False,False,False,False,[],0.9967237920434456
379,0.08411064751360547,0.06411064751360547,0.9075015906599257,0.8893515588467272,0.9537507953299629,0.010794402811722878,4.419417382415923e-05,0.4599048594138564,16,0,0.0,keep,none,63,0,keep,False,True,False,False,False,False,False,[],0.9967237920434456
380,0.08411064751360547,0.06411064751360547,0.9075015906599257,0.8893515588467272,0.9537507953299629,0.010794402811722878,4.419417382415923e-05,0.4599048594138564,16,0,0.0,stop_growth,none,63,0,stop_growth,False,True,False,False,False,False,False,[],0.9967237920434456
381,0.08411064751360547,0.06411064751360547,0.9075015906599257,0.8893515588467272,0.9537507953299629,0.010794402811722878,4.419417382415923e-05,0.4599048594138564,16,0,0.0,keep,none,63,0,keep,False,True,False,False,False,False,False,[],0.9967237920434456
382,0.08411064751360547,0.06411064751360547,0.9075015906599257,0.8893515588467272,0.9537507953299629,0.010794402811722878,4.419417382415923e-05,0.4599048594138564,16,0,0.0,keep,none,63,0,keep,False,True,False,False,False,False,False,[],0.9967237920434456
383,0.08411064751360547,0.06411064751360547,0.9075015906599257,0.8893515588467272,0.9537507953299629,0.010794402811722878,4.419417382415923e-05,0.4599048594138564,16,0,0.0,keep,none,63,0,keep,False,True,False,False,False,False,False,[],0.9967237920434456
384,0.08411064751360547,0.06411064751360547,0.9075015906599257,0.8893515588467272,0.9537507953299629,0.010794402811722878,4.419417382415923e-05,0.4599048594138564,16,0,0.0,keep,none,63,0,keep,False,True,False,False,False,False,False,[],0.9967237920434456
385,0.08411064751360547,0.06411064751360547,0.9075015906599257,0.8893515588467272,0.9537507953299629,0.010794402811722878,4.419417382415923e-05,0.4599048594138564,16,0,0.0,stop_growth,none,63,0,stop_growth,False,True,False,False,False,False,False,[],0.9967237920434456
386,0.08411064751360547,0.06411064751360547,0.9075015906599257,0.8893515588467272,0.9537507953299629,0.010794402811722878,4.419417382415923e-05,0.4599048594138564,16,0,0.0,keep,none,63,0,keep,False,True,False,False,False,False,False,[],0.9967237920434456
387,0.08411064751360547,0.06411064751360547,0.9075015906599257,0.8893515588467272,0.9537507953299629,0.010794402811722878,4.419417382415923e-05,0.4599048594138564,16,0,0.0,keep,none,63,0,keep,False,True,False,False,False,False,False,[],0.9967237920434456
388,0.08411064751360547,0.06411064751360547,0.9075015906599257,0.8893515588467272,0.9537507953299629,0.010794402811722878,4.419417382415923e-05,0.4599048594138564,16,0,0.0,keep,none,63,0,keep,False,True,False,False,False,False,False,[],0.9967237920434456
389,0.08411064751360547,0.06411064751360547,0.9075015906599257,0.8893515588467272,0.9537507953299629,0.010794402811722878,4.419417382415923e-05,0.4599048594138564,16,0,0.0,keep,none,63,0,keep,False,True,False,False,False,False,False,[],0.9967237920434456
390,0.08411064751360547,0.06411064751360547,0.9075015906599257,0.8893515588467272,0.9537507953299629,0.010794402811722878,4.419417382415923e-05,0.4599048594138564,16,0,0.0,stop_growth,none,63,0,stop_growth,False,True,False,False,False,False,False,[],0.9967237920434456
391,0.08411064751360547,0.06411064751360547,0.9075015906599257,0.8893515588467272,0.9537507953299629,0.010794402811722878,4.419417382415923e-05,0.4599048594138564,16,0,0.0,keep,none,63,0,keep,False,True,False,False,False,False,False,[],0.9967237920434456
392,0.08411064751360547,0.06411064751360547,0.9075015906599257,0.8893515588467272,0.9537507953299629,0.010794402811722878,4.419417382415923e-05,0.4599048594138564,16,0,0.0,keep,none,63,0,keep,False,True,False,False,False,False,False,[],0.9967237920434456
393,0.08411064751360547,0.06411064751360547,0.9075015906599257,0.8893515588467272,0.9537507953299629,0.010794402811722878,4.419417382415923e-05,0.4599048594138564,16,0,0.0,keep,none,63,0,keep,False,True,False,False,False,False,False,[],0.9967237920434456
394,0.08411064751360547,0.06411064751360547,0.9075015906599257,0.8893515588467272,0.9537507953299629,0.010794402811722878,4.419417382415923e-05,0.4599048594138564,16,0,0.0,keep,none,63,0,keep,False,True,False,False,False,False,False,[],0.9967237920434456
395,0.08411064751360547,0.06411064751360547,0.9075015906599257,0.8893515588467272,0.9537507953299629,0.010794402811722878,4.419417382415923e-05,0.4599048594138564,16,0,0.0,stop_growth,none,63,0,stop_growth,False,True,False,False,False,False,False,[],0.9967237920434456
396,0.08411064751360547,0.06411064751360547,0.9075015906599257,0.8893515588467272,0.9537507953299629,0.010794402811722878,4.419417382415923e-05,0.4599048594138564,16,0,0.0,keep,none,63,0,keep,False,True,False,False,False,False,False,[],0.9967237920434456
397,0.08411064751360547,0.06411064751360547,0.9075015906599257,0.8893515588467272,0.9537507953299629,0.010794402811722878,4.419417382415923e-05,0.4599048594138564,16,0,0.0,keep,none,63,0,keep,False,True,False,False,False,False,False,[],0.9967237920434456
398,0.08411064751360547,0.06411064751360547,0.9075015906599257,0.8893515588467272,0.9537507953299629,0.010794402811722878,4.419417382415923e-05,0.4599048594138564,16,0,0.0,keep,none,63,0,keep,False,True,False,False,False,False,False,[],0.9967237920434456
399,0.08411064751360547,0.06411064751360547,0.9075015906599257,0.8893515588467272,0.9537507953299629,0.010794402811722878,4.419417382415923e-05,0.4599048594138564,16,0,0.0,keep,none,63,0,keep,False,True,False,False,False,False,False,[],0.9967237920434456
400,0.08411064751360547,0.06411064751360547,0.9075015906599257,0.8893515588467272,0.9537507953299629,0.010794402811722878,4.419417382415923e-05,0.4599048594138564,16,0,0.0,stop_growth,none,63,0,stop_growth,False,True,False,False,False,False,False,[],0.9967237920434456
401,0.08411064751360547,0.06411064751360547,0.9075015906599257,0.8893515588467272,0.9537507953299629,0.010794402811722878,4.419417382415923e-05,0.4599048594138564,16,0,0.0,keep,none,63,0,keep,False,True,False,False,False,False,False,[],0.9967237920434456
402,0.08411064751360547,0.06411064751360547,0.9075015906599257,0.8893515588467272,0.9537507953299629,0.010794402811722878,4.419417382415923e-05,0.4599048594138564,16,0,0.0,keep,none,63,0,keep,False,True,False,False,False,False,False,[],0.9967237920434456
403,0.08411064751360547,0.06411064751360547,0.9075015906599257,0.8893515588467272,0.9537507953299629,0.010794402811722878,4.419417382415923e-05,0.4599048594138564,16,0,0.0,keep,none,63,0,keep,False,True,False,False,False,False,False,[],0.9967237920434456
404,0.08411064751360547,0.06411064751360547,0.9075015906599257,0.8893515588467272,0.9537507953299629,0.010794402811722878,4.419417382415923e-05,0.4599048594138564,16,0,0.0,keep,none,63,0,keep,False,True,False,False,False,False,False,[],0.9967237920434456
405,0.08411064751360547,0.06411064751360547,0.9075015906599257,0.8893515588467272,0.9537507953299629,0.010794402811722878,4.419417382415923e-05,0.4599048594138564,16,0,0.0,stop_growth,none,63,0,stop_growth,False,True,False,False,False,False,False,[],0.9967237920434456
406,0.08411064751360547,0.06411064751360547,0.9075015906599257,0.8893515588467272,0.9537507953299629,0.010794402811722878,4.419417382415923e-05,0.4599048594138564,16,0,0.0,keep,none,63,0,keep,False,True,False,False,False,False,False,[],0.9967237920434456
407,0.08411064751360547,0.06411064751360547,0.9075015906599257,0.8893515588467272,0.9537507953299629,0.010794402811722878,4.419417382415923e-05,0.4599048594138564,16,0,0.0,keep,none,63,0,keep,False,True,False,False,False,False,False,[],0.9967237920434456
408,0.08411064751360547,0.06411064751360547,0.9075015906599257,0.8893515588467272,0.9537507953299629,0.010794402811722878,4.419417382415923e-05,0.4599048594138564,16,0,0.0,keep,none,63,0,keep,False,True,False,False,False,False,False,[],0.9967237920434456
409,0.08411064751360547,0.06411064751360547,0.9075015906599257,0.8893515588467272,0.9537507953299629,0.010794402811722878,4.419417382415923e-05,0.4599048594138564,16,0,0.0,keep,none,63,0,keep,False,True,False,False,False,False,False,[],0.9967237920434456
410,0.08411064751360547,0.06411064751360547,0.9075015906599257,0.8893515588467272,0.9537507953299629,0.010794402811722878,4.419417382415923e-05,0.4599048594138564,16,0,0.0,stop_growth,none,63,0,stop_growth,False,True,False,False,False,False,False,[],0.9967237920434456
411,0.08411064751360547,0.06411064751360547,0.9075015906599257,0.8893515588467272,0.9537507953299629,0.010794402811722878,4.419417382415923e-05,0.4599048594138564,16,0,0.0,keep,none,63,0,keep,False,True,False,False,False,False,False,[],0.9967237920434456
412,0.08411064751360547,0.06411064751360547,0.9075015906599257,0.8893515588467272,0.9537507953299629,0.010794402811722878,4.419417382415923e-05,0.4599048594138564,16,0,0.0,keep,none,63,0,keep,False,True,False,False,False,False,False,[],0.9967237920434456
413,0.08411064751360547,0.06411064751360547,0.9075015906599257,0.8893515588467272,0.9537507953299629,0.010794402811722878,4.419417382415923e-05,0.4599048594138564,16,0,0.0,keep,none,63,0,keep,False,True,False,False,False,False,False,[],0.9967237920434456
414,0.08411064751360547,0.06411064751360547,0.9075015906599257,0.8893515588467272,0.9537507953299629,0.010794402811722878,4.419417382415923e-05,0.4599048594138564,16,0,0.0,keep,none,63,0,keep,False,True,False,False,False,False,False,[],0.9967237920434456
415,0.08411064751360547,0.06411064751360547,0.9075015906599257,0.8893515588467272,0.9537507953299629,0.010794402811722878,4.419417382415923e-05,0.4599048594138564,16,0,0.0,stop_growth,none,63,0,stop_growth,False,True,False,False,False,False,False,[],0.9967237920434456
416,0.08411064751360547,0.06411064751360547,0.9075015906599257,0.8893515588467272,0.9537507953299629,0.010794402811722878,4.419417382415923e-05,0.4599048594138564,16,0,0.0,keep,none,63,0,keep,False,True,False,False,False,False,False,[],0.9967237920434456
417,0.08411064751360547,0.06411064751360547,0.9075015906599257,0.8893515588467272,0.9537507953299629,0.010794402811722878,4.419417382415923e-05,0.4599048594138564,16,0,0.0,keep,none,63,0,keep,False,True,False,False,False,False,False,[],0.9967237920434456
418,0.08411064751360547,0.06411064751360547,0.9075015906599257,0.8893515588467272,0.9537507953299629,0.010794402811722878,4.419417382415923e-05,0.4599048594138564,16,0,0.0,keep,none,63,0,keep,False,True,False,False,False,False,False,[],0.9967237920434456
419,0.08411064751360547,0.06411064751360547,0.9075015906599257,0.8893515588467272,0.9537507953299629,0.010794402811722878,4.419417382415923e-05,0.4599048594138564,16,0,0.0,keep,none,63,0,keep,False,True,False,False,False,False,False,[],0.9967237920434456
420,0.08411064751360547,0.06411064751360547,0.9075015906599257,0.8893515588467272,0.9537507953299629,0.010794402811722878,4.419417382415923e-05,0.4599048594138564,16,0,0.0,stop_growth,none,63,0,stop_growth,False,True,False,False,False,False,False,[],0.9967237920434456
421,0.08411064751360547,0.06411064751360547,0.9075015906599257,0.8893515588467272,0.9537507953299629,0.010794402811722878,4.419417382415923e-05,0.4599048594138564,16,0,0.0,keep,none,63,0,keep,False,True,False,False,False,False,False,[],0.9967237920434456
422,0.08411064751360547,0.06411064751360547,0.9075015906599257,0.8893515588467272,0.9537507953299629,0.010794402811722878,4.419417382415923e-05,0.4599048594138564,16,0,0.0,keep,none,63,0,keep,False,True,False,False,False,False,False,[],0.9967237920434456
423,0.08411064751360547,0.06411064751360547,0.9075015906599257,0.8893515588467272,0.9537507953299629,0.010794402811722878,4.419417382415923e-05,0.4599048594138564,16,0,0.0,keep,none,63,0,keep,False,True,False,False,False,False,False,[],0.9967237920434456
424,0.08411064751360547,0.06411064751360547,0.9075015906599257,0.8893515588467272,0.9537507953299629,0.010794402811722878,4.419417382415923e-05,0.4599048594138564,16,0,0.0,keep,none,63,0,keep,False,True,False,False,False,False,False,[],0.9967237920434456
425,0.08411064751360547,0.06411064751360547,0.9075015906599257,0.8893515588467272,0.9537507953299629,0.010794402811722878,4.419417382415923e-05,0.4599048594138564,16,0,0.0,stop_growth,none,63,0,stop_growth,False,True,False,False,False,False,False,[],0.9967237920434456
426,0.08411064751360547,0.06411064751360547,0.9075015906599257,0.8893515588467272,0.9537507953299629,0.010794402811722878,4.419417382415923e-05,0.4599048594138564,16,0,0.0,keep,none,63,0,keep,False,True,False,False,False,False,False,[],0.9967237920434456
427,0.08411064751360547,0.06411064751360547,0.9075015906599257,0.8893515588467272,0.9537507953299629,0.010794402811722878,4.419417382415923e-05,0.4599048594138564,16,0,0.0,keep,none,63,0,keep,False,True,False,False,False,False,False,[],0.9967237920434456
428,0.08411064751360547,0.06411064751360547,0.9075015906599257,0.8893515588467272,0.9537507953299629,0.010794402811722878,4.419417382415923e-05,0.4599048594138564,16,0,0.0,keep,none,63,0,keep,False,True,False,False,False,False,False,[],0.9967237920434456
429,0.08411064751360547,0.06411064751360547,0.9075015906599257,0.8893515588467272,0.9537507953299629,0.010794402811722878,4.419417382415923e-05,0.4599048594138564,16,0,0.0,keep,none,63,0,keep,False,True,False,False,False,False,False,[],0.9967237920434456
430,0.08411064751360547,0.06411064751360547,0.9075015906599257,0.8893515588467272,0.9537507953299629,0.010794402811722878,4.419417382415923e-05,0.4599048594138564,16,0,0.0,stop_growth,none,63,0,stop_growth,False,True,False,False,False,False,False,[],0.9967237920434456
431,0.08411064751360547,0.06411064751360547,0.9075015906599257,0.8893515588467272,0.9537507953299629,0.010794402811722878,4.419417382415923e-05,0.4599048594138564,16,0,0.0,keep,none,63,0,keep,False,True,False,False,False,False,False,[],0.9967237920434456
432,0.08411064751360547,0.06411064751360547,0.9075015906599257,0.8893515588467272,0.9537507953299629,0.010794402811722878,4.419417382415923e-05,0.4599048594138564,16,0,0.0,keep,none,63,0,keep,False,True,False,False,False,False,False,[],0.9967237920434456
433,0.08411064751360547,0.06411064751360547,0.9075015906599257,0.8893515588467272,0.9537507953299629,0.010794402811722878,4.419417382415923e-05,0.4599048594138564,16,0,0.0,keep,none,63,0,keep,False,True,False,False,False,False,False,[],0.9967237920434456
434,0.08411064751360547,0.06411064751360547,0.9075015906599257,0.8893515588467272,0.9537507953299629,0.010794402811722878,4.419417382415923e-05,0.4599048594138564,16,0,0.0,keep,none,63,0,keep,False,True,False,False,False,False,False,[],0.9967237920434456
435,0.08411064751360547,0.06411064751360547,0.9075015906599257,0.8893515588467272,0.9537507953299629,0.010794402811722878,4.419417382415923e-05,0.4599048594138564,16,0,0.0,stop_growth,none,63,0,stop_growth,False,True,False,False,False,False,False,[],0.9967237920434456
436,0.08411064751360547,0.06411064751360547,0.9075015906599257,0.8893515588467272,0.9537507953299629,0.010794402811722878,4.419417382415923e-05,0.4599048594138564,16,0,0.0,keep,none,63,0,keep,False,True,False,False,False,False,False,[],0.9967237920434456
437,0.08411064751360547,0.06411064751360547,0.9075015906599257,0.8893515588467272,0.9537507953299629,0.010794402811722878,4.419417382415923e-05,0.4599048594138564,16,0,0.0,keep,none,63,0,keep,False,True,False,False,False,False,False,[],0.9967237920434456
438,0.08411064751360547,0.06411064751360547,0.9075015906599257,0.8893515588467272,0.9537507953299629,0.010794402811722878,4.419417382415923e-05,0.4599048594138564,16,0,0.0,keep,none,63,0,keep,False,True,False,False,False,False,False,[],0.9967237920434456
439,0.08411064751360547,0.06411064751360547,0.9075015906599257,0.8893515588467272,0.9537507953299629,0.010794402811722878,4.419417382415923e-05,0.4599048594138564,16,0,0.0,keep,none,63,0,keep,False,True,False,False,False,False,False,[],0.9967237920434456
440,0.08411064751360547,0.06411064751360547,0.9075015906599257,0.8893515588467272,0.9537507953299629,0.010794402811722878,4.419417382415923e-05,0.4599048594138564,16,0,0.0,stop_growth,none,63,0,stop_growth,False,True,False,False,False,False,False,[],0.9967237920434456
441,0.08411064751360547,0.06411064751360547,0.9075015906599257,0.8893515588467272,0.9537507953299629,0.010794402811722878,4.419417382415923e-05,0.4599048594138564,16,0,0.0,keep,none,63,0,keep,False,True,False,False,False,False,False,[],0.9967237920434456
442,0.08411064751360547,0.06411064751360547,0.9075015906599257,0.8893515588467272,0.9537507953299629,0.010794402811722878,4.419417382415923e-05,0.4599048594138564,16,0,0.0,keep,none,63,0,keep,False,True,False,False,False,False,False,[],0.9967237920434456
443,0.08411064751360547,0.06411064751360547,0.9075015906599257,0.8893515588467272,0.9537507953299629,0.010794402811722878,4.419417382415923e-05,0.4599048594138564,16,0,0.0,keep,none,63,0,keep,False,True,False,False,False,False,False,[],0.9967237920434456
444,0.08411064751360547,0.06411064751360547,0.9075015906599257,0.8893515588467272,0.9537507953299629,0.010794402811722878,4.419417382415923e-05,0.4599048594138564,16,0,0.0,keep,none,63,0,keep,False,True,False,False,False,False,False,[],0.9967237920434456
445,0.08411064751360547,0.06411064751360547,0.9075015906599257,0.8893515588467272,0.9537507953299629,0.010794402811722878,4.419417382415923e-05,0.4599048594138564,16,0,0.0,stop_growth,none,63,0,stop_growth,False,True,False,False,False,False,False,[],0.9967237920434456
446,0.08411064751360547,0.06411064751360547,0.9075015906599257,0.8893515588467272,0.9537507953299629,0.010794402811722878,4.419417382415923e-05,0.4599048594138564,16,0,0.0,keep,none,63,0,keep,False,True,False,False,False,False,False,[],0.9967237920434456
447,0.08411064751360547,0.06411064751360547,0.9075015906599257,0.8893515588467272,0.9537507953299629,0.010794402811722878,4.419417382415923e-05,0.4599048594138564,16,0,0.0,keep,none,63,0,keep,False,True,False,False,False,False,False,[],0.9967237920434456
448,0.08411064751360547,0.06411064751360547,0.9075015906599257,0.8893515588467272,0.9537507953299629,0.010794402811722878,4.419417382415923e-05,0.4599048594138564,16,0,0.0,keep,none,63,0,keep,False,True,False,False,False,False,False,[],0.9967237920434456
449,0.08411064751360547,0.06411064751360547,0.9075015906599257,0.8893515588467272,0.9537507953299629,0.010794402811722878,4.419417382415923e-05,0.4599048594138564,16,0,0.0,keep,none,63,0,keep,False,True,False,False,False,False,False,[],0.9967237920434456
450,0.08411064751360547,0.06411064751360547,0.9075015906599257,0.8893515588467272,0.9537507953299629,0.010794402811722878,4.419417382415923e-05,0.4599048594138564,16,0,0.0,stop_growth,none,63,0,stop_growth,False,True,False,False,False,False,False,[],0.9967237920434456
451,0.08411064751360547,0.06411064751360547,0.9075015906599257,0.8893515588467272,0.9537507953299629,0.010794402811722878,4.419417382415923e-05,0.4599048594138564,16,0,0.0,keep,none,63,0,keep,False,True,False,False,False,False,False,[],0.9967237920434456
452,0.08411064751360547,0.06411064751360547,0.9075015906599257,0.8893515588467272,0.9537507953299629,0.010794402811722878,4.419417382415923e-05,0.4599048594138564,16,0,0.0,keep,none,63,0,keep,False,True,False,False,False,False,False,[],0.9967237920434456
453,0.08411064751360547,0.06411064751360547,0.9075015906599257,0.8893515588467272,0.9537507953299629,0.010794402811722878,4.419417382415923e-05,0.4599048594138564,16,0,0.0,keep,none,63,0,keep,False,True,False,False,False,False,False,[],0.9967237920434456
454,0.08411064751360547,0.06411064751360547,0.9075015906599257,0.8893515588467272,0.9537507953299629,0.010794402811722878,4.419417382415923e-05,0.4599048594138564,16,0,0.0,keep,none,63,0,keep,False,True,False,False,False,False,False,[],0.9967237920434456
455,0.08411064751360547,0.06411064751360547,0.9075015906599257,0.8893515588467272,0.9537507953299629,0.010794402811722878,4.419417382415923e-05,0.4599048594138564,16,0,0.0,stop_growth,none,63,0,stop_growth,False,True,False,False,False,False,False,[],0.9967237920434456
456,0.08411064751360547,0.06411064751360547,0.9075015906599257,0.8893515588467272,0.9537507953299629,0.010794402811722878,4.419417382415923e-05,0.4599048594138564,16,0,0.0,keep,none,63,0,keep,False,True,False,False,False,False,False,[],0.9967237920434456
457,0.08411064751360547,0.06411064751360547,0.9075015906599257,0.8893515588467272,0.9537507953299629,0.010794402811722878,4.419417382415923e-05,0.4599048594138564,16,0,0.0,keep,none,63,0,keep,False,True,False,False,False,False,False,[],0.9967237920434456
458,0.08411064751360547,0.06411064751360547,0.9075015906599257,0.8893515588467272,0.9537507953299629,0.010794402811722878,4.419417382415923e-05,0.4599048594138564,16,0,0.0,keep,none,63,0,keep,False,True,False,False,False,False,False,[],0.9967237920434456
459,0.08411064751360547,0.06411064751360547,0.9075015906599257,0.8893515588467272,0.9537507953299629,0.010794402811722878,4.419417382415923e-05,0.4599048594138564,16,0,0.0,keep,none,63,0,keep,False,True,False,False,False,False,False,[],0.9967237920434456
460,0.08411064751360547,0.06411064751360547,0.9075015906599257,0.8893515588467272,0.9537507953299629,0.010794402811722878,4.419417382415923e-05,0.4599048594138564,16,0,0.0,stop_growth,none,63,0,stop_growth,False,True,False,False,False,False,False,[],0.9967237920434456
461,0.08411064751360547,0.06411064751360547,0.9075015906599257,0.8893515588467272,0.9537507953299629,0.010794402811722878,4.419417382415923e-05,0.4599048594138564,16,0,0.0,keep,none,63,0,keep,False,True,False,False,False,False,False,[],0.9967237920434456
462,0.08411064751360547,0.06411064751360547,0.9075015906599257,0.8893515588467272,0.9537507953299629,0.010794402811722878,4.419417382415923e-05,0.4599048594138564,16,0,0.0,keep,none,63,0,keep,False,True,False,False,False,False,False,[],0.9967237920434456
463,0.08411064751360547,0.06411064751360547,0.9075015906599257,0.8893515588467272,0.9537507953299629,0.010794402811722878,4.419417382415923e-05,0.4599048594138564,16,0,0.0,keep,none,63,0,keep,False,True,False,False,False,False,False,[],0.9967237920434456
464,0.08411064751360547,0.06411064751360547,0.9075015906599257,0.8893515588467272,0.9537507953299629,0.010794402811722878,4.419417382415923e-05,0.4599048594138564,16,0,0.0,keep,none,63,0,keep,False,True,False,False,False,False,False,[],0.9967237920434456
465,0.08411064751360547,0.06411064751360547,0.9075015906599257,0.8893515588467272,0.9537507953299629,0.010794402811722878,4.419417382415923e-05,0.4599048594138564,16,0,0.0,stop_growth,none,63,0,stop_growth,False,True,False,False,False,False,False,[],0.9967237920434456
466,0.08411064751360547,0.06411064751360547,0.9075015906599257,0.8893515588467272,0.9537507953299629,0.010794402811722878,4.419417382415923e-05,0.4599048594138564,16,0,0.0,keep,none,63,0,keep,False,True,False,False,False,False,False,[],0.9967237920434456
467,0.08411064751360547,0.06411064751360547,0.9075015906599257,0.8893515588467272,0.9537507953299629,0.010794402811722878,4.419417382415923e-05,0.4599048594138564,16,0,0.0,keep,none,63,0,keep,False,True,False,False,False,False,False,[],0.9967237920434456
468,0.08411064751360547,0.06411064751360547,0.9075015906599257,0.8893515588467272,0.9537507953299629,0.010794402811722878,4.419417382415923e-05,0.4599048594138564,16,0,0.0,keep,none,63,0,keep,False,True,False,False,False,False,False,[],0.9967237920434456
469,0.08411064751360547,0.06411064751360547,0.9075015906599257,0.8893515588467272,0.9537507953299629,0.010794402811722878,4.419417382415923e-05,0.4599048594138564,16,0,0.0,keep,none,63,0,keep,False,True,False,False,False,False,False,[],0.9967237920434456
470,0.08411064751360547,0.06411064751360547,0.9075015906599257,0.8893515588467272,0.9537507953299629,0.010794402811722878,4.419417382415923e-05,0.4599048594138564,16,0,0.0,stop_growth,none,63,0,stop_growth,False,True,False,False,False,False,False,[],0.9967237920434456
471,0.08411064751360547,0.06411064751360547,0.9075015906599257,0.8893515588467272,0.9537507953299629,0.010794402811722878,4.419417382415923e-05,0.4599048594138564,16,0,0.0,keep,none,63,0,keep,False,True,False,False,False,False,False,[],0.9967237920434456
472,0.08411064751360547,0.06411064751360547,0.9075015906599257,0.8893515588467272,0.9537507953299629,0.010794402811722878,4.419417382415923e-05,0.4599048594138564,16,0,0.0,keep,none,63,0,keep,False,True,False,False,False,False,False,[],0.9967237920434456
473,0.08411064751360547,0.06411064751360547,0.9075015906599257,0.8893515588467272,0.9537507953299629,0.010794402811722878,4.419417382415923e-05,0.4599048594138564,16,0,0.0,keep,none,63,0,keep,False,True,False,False,False,False,False,[],0.9967237920434456
474,0.08411064751360547,0.06411064751360547,0.9075015906599257,0.8893515588467272,0.9537507953299629,0.010794402811722878,4.419417382415923e-05,0.4599048594138564,16,0,0.0,keep,none,63,0,keep,False,True,False,False,False,False,False,[],0.9967237920434456
475,0.08411064751360547,0.06411064751360547,0.9075015906599257,0.8893515588467272,0.9537507953299629,0.010794402811722878,4.419417382415923e-05,0.4599048594138564,16,0,0.0,stop_growth,none,63,0,stop_growth,False,True,False,False,False,False,False,[],0.9967237920434456
476,0.08411064751360547,0.06411064751360547,0.9075015906599257,0.8893515588467272,0.9537507953299629,0.010794402811722878,4.419417382415923e-05,0.4599048594138564,16,0,0.0,keep,none,63,0,keep,False,True,False,False,False,False,False,[],0.9967237920434456
477,0.08411064751360547,0.06411064751360547,0.9075015906599257,0.8893515588467272,0.9537507953299629,0.010794402811722878,4.419417382415923e-05,0.4599048594138564,16,0,0.0,keep,none,63,0,keep,False,True,False,False,False,False,False,[],0.9967237920434456
478,0.08411064751360547,0.06411064751360547,0.9075015906599257,0.8893515588467272,0.9537507953299629,0.010794402811722878,4.419417382415923e-05,0.4599048594138564,16,0,0.0,keep,none,63,0,keep,False,True,False,False,False,False,False,[],0.9967237920434456
479,0.08411064751360547,0.06411064751360547,0.9075015906599257,0.8893515588467272,0.9537507953299629,0.010794402811722878,4.419417382415923e-05,0.4599048594138564,16,0,0.0,keep,none,63,0,keep,False,True,False,False,False,False,False,[],0.9967237920434456
480,0.08411064751360547,0.06411064751360547,0.9075015906599257,0.8893515588467272,0.9537507953299629,0.010794402811722878,4.419417382415923e-05,0.4599048594138564,16,0,0.0,stop_growth,none,63,0,stop_growth,False,True,False,False,False,False,False,[],0.9967237920434456
481,0.08411064751360547,0.06411064751360547,0.9075015906599257,0.8893515588467272,0.9537507953299629,0.010794402811722878,4.419417382415923e-05,0.4599048594138564,16,0,0.0,keep,none,63,0,keep,False,True,False,False,False,False,False,[],0.9967237920434456
482,0.08411064751360547,0.06411064751360547,0.9075015906599257,0.8893515588467272,0.9537507953299629,0.010794402811722878,4.419417382415923e-05,0.4599048594138564,16,0,0.0,keep,none,63,0,keep,False,True,False,False,False,False,False,[],0.9967237920434456
483,0.08411064751360547,0.06411064751360547,0.9075015906599257,0.8893515588467272,0.9537507953299629,0.010794402811722878,4.419417382415923e-05,0.4599048594138564,16,0,0.0,keep,none,63,0,keep,False,True,False,False,False,False,False,[],0.9967237920434456
484,0.08411064751360547,0.06411064751360547,0.9075015906599257,0.8893515588467272,0.9537507953299629,0.010794402811722878,4.419417382415923e-05,0.4599048594138564,16,0,0.0,keep,none,63,0,keep,False,True,False,False,False,False,False,[],0.9967237920434456
485,0.08411064751360547,0.06411064751360547,0.9075015906599257,0.8893515588467272,0.9537507953299629,0.010794402811722878,4.419417382415923e-05,0.4599048594138564,16,0,0.0,stop_growth,none,63,0,stop_growth,False,True,False,False,False,False,False,[],0.9967237920434456
486,0.08411064751360547,0.06411064751360547,0.9075015906599257,0.8893515588467272,0.9537507953299629,0.010794402811722878,4.419417382415923e-05,0.4599048594138564,16,0,0.0,keep,none,63,0,keep,False,True,False,False,False,False,False,[],0.9967237920434456
487,0.08411064751360547,0.06411064751360547,0.9075015906599257,0.8893515588467272,0.9537507953299629,0.010794402811722878,4.419417382415923e-05,0.4599048594138564,16,0,0.0,keep,none,63,0,keep,False,True,False,False,False,False,False,[],0.9967237920434456
488,0.08411064751360547,0.06411064751360547,0.9075015906599257,0.8893515588467272,0.9537507953299629,0.010794402811722878,4.419417382415923e-05,0.4599048594138564,16,0,0.0,keep,none,63,0,keep,False,True,False,False,False,False,False,[],0.9967237920434456
489,0.08411064751360547,0.06411064751360547,0.9075015906599257,0.8893515588467272,0.9537507953299629,0.010794402811722878,4.419417382415923e-05,0.4599048594138564,16,0,0.0,keep,none,63,0,keep,False,True,False,False,False,False,False,[],0.9967237920434456
490,0.08411064751360547,0.06411064751360547,0.9075015906599257,0.8893515588467272,0.9537507953299629,0.010794402811722878,4.419417382415923e-05,0.4599048594138564,16,0,0.0,stop_growth,none,63,0,stop_growth,False,True,False,False,False,False,False,[],0.9967237920434456
491,0.08411064751360547,0.06411064751360547,0.9075015906599257,0.8893515588467272,0.9537507953299629,0.010794402811722878,4.419417382415923e-05,0.4599048594138564,16,0,0.0,keep,none,63,0,keep,False,True,False,False,False,False,False,[],0.9967237920434456
492,0.08411064751360547,0.06411064751360547,0.9075015906599257,0.8893515588467272,0.9537507953299629,0.010794402811722878,4.419417382415923e-05,0.4599048594138564,16,0,0.0,keep,none,63,0,keep,False,True,False,False,False,False,False,[],0.9967237920434456
493,0.08411064751360547,0.06411064751360547,0.9075015906599257,0.8893515588467272,0.9537507953299629,0.010794402811722878,4.419417382415923e-05,0.4599048594138564,16,0,0.0,keep,none,63,0,keep,False,True,False,False,False,False,False,[],0.9967237920434456
494,0.08411064751360547,0.06411064751360547,0.9075015906599257,0.8893515588467272,0.9537507953299629,0.010794402811722878,4.419417382415923e-05,0.4599048594138564,16,0,0.0,keep,none,63,0,keep,False,True,False,False,False,False,False,[],0.9967237920434456
495,0.08411064751360547,0.06411064751360547,0.9075015906599257,0.8893515588467272,0.9537507953299629,0.010794402811722878,4.419417382415923e-05,0.4599048594138564,16,0,0.0,stop_growth,none,63,0,stop_growth,False,True,False,False,False,False,False,[],0.9967237920434456
496,0.08411064751360547,0.06411064751360547,0.9075015906599257,0.8893515588467272,0.9537507953299629,0.010794402811722878,4.419417382415923e-05,0.4599048594138564,16,0,0.0,keep,none,63,0,keep,False,True,False,False,False,False,False,[],0.9967237920434456
497,0.08411064751360547,0.06411064751360547,0.9075015906599257,0.8893515588467272,0.9537507953299629,0.010794402811722878,4.419417382415923e-05,0.4599048594138564,16,0,0.0,keep,none,63,0,keep,False,True,False,False,False,False,False,[],0.9967237920434456
498,0.08411064751360547,0.06411064751360547,0.9075015906599257,0.8893515588467272,0.9537507953299629,0.010794402811722878,4.419417382415923e-05,0.4599048594138564,16,0,0.0,keep,none,63,0,keep,False,True,False,False,False,False,False,[],0.9967237920434456
499,0.08411064751360547,0.06411064751360547,0.9075015906599257,0.8893515588467272,0.9537507953299629,0.010794402811722878,4.419417382415923e-05,0.4599048594138564,16,0,0.0,keep,none,63,0,keep,False,True,False,False,False,False,False,[],0.9967237920434456
500,0.08411064751360547,0.06411064751360547,0.9075015906599257,0.8893515588467272,0.9537507953299629,0.010794402811722878,4.419417382415923e-05,0.4599048594138564,16,0,0.0,stop_growth,none,63,0,stop_growth,False,True,False,False,False,False,False,[],0.9967237920434456
501,0.08411064751360547,0.06411064751360547,0.9075015906599257,0.8893515588467272,0.9537507953299629,0.010794402811722878,4.419417382415923e-05,0.4599048594138564,16,0,0.0,keep,none,63,0,keep,False,True,False,False,False,False,False,[],0.9967237920434456
502,0.08411064751360547,0.06411064751360547,0.9075015906599257,0.8893515588467272,0.9537507953299629,0.010794402811722878,4.419417382415923e-05,0.4599048594138564,16,0,0.0,keep,none,63,0,keep,False,True,False,False,False,False,False,[],0.9967237920434456
503,0.08411064751360547,0.06411064751360547,0.9075015906599257,0.8893515588467272,0.9537507953299629,0.010794402811722878,4.419417382415923e-05,0.4599048594138564,16,0,0.0,keep,none,63,0,keep,False,True,False,False,False,False,False,[],0.9967237920434456
504,0.08411064751360547,0.06411064751360547,0.9075015906599257,0.8893515588467272,0.9537507953299629,0.010794402811722878,4.419417382415923e-05,0.4599048594138564,16,0,0.0,keep,none,63,0,keep,False,True,False,False,False,False,False,[],0.9967237920434456
505,0.08411064751360547,0.06411064751360547,0.9075015906599257,0.8893515588467272,0.9537507953299629,0.010794402811722878,4.419417382415923e-05,0.4599048594138564,16,0,0.0,stop_growth,none,63,0,stop_growth,False,True,False,False,False,False,False,[],0.9967237920434456
506,0.08411064751360547,0.06411064751360547,0.9075015906599257,0.8893515588467272,0.9537507953299629,0.010794402811722878,4.419417382415923e-05,0.4599048594138564,16,0,0.0,keep,none,63,0,keep,False,True,False,False,False,False,False,[],0.9967237920434456
507,0.08411064751360547,0.06411064751360547,0.9075015906599257,0.8893515588467272,0.9537507953299629,0.010794402811722878,4.419417382415923e-05,0.4599048594138564,16,0,0.0,keep,none,63,0,keep,False,True,False,False,False,False,False,[],0.9967237920434456
508,0.08411064751360547,0.06411064751360547,0.9075015906599257,0.8893515588467272,0.9537507953299629,0.010794402811722878,4.419417382415923e-05,0.4599048594138564,16,0,0.0,keep,none,63,0,keep,False,True,False,False,False,False,False,[],0.9967237920434456
509,0.08411064751360547,0.06411064751360547,0.9075015906599257,0.8893515588467272,0.9537507953299629,0.010794402811722878,4.419417382415923e-05,0.4599048594138564,16,0,0.0,keep,none,63,0,keep,False,True,False,False,False,False,False,[],0.9967237920434456
510,0.08411064751360547,0.06411064751360547,0.9075015906599257,0.8893515588467272,0.9537507953299629,0.010794402811722878,4.419417382415923e-05,0.4599048594138564,16,0,0.0,stop_growth,none,63,0,stop_growth,False,True,False,False,False,False,False,[],0.9967237920434456
511,0.08411064751360547,0.06411064751360547,0.9075015906599257,0.8893515588467272,0.9537507953299629,0.010794402811722878,4.419417382415923e-05,0.4599048594138564,16,0,0.0,keep,none,63,0,keep,False,True,False,False,False,False,False,[],0.9967237920434456
512,0.08411064751360547,0.06411064751360547,0.9075015906599257,0.8893515588467272,0.9537507953299629,0.010794402811722878,4.419417382415923e-05,0.4599048594138564,16,0,0.0,keep,none,63,0,keep,False,True,False,False,False,False,False,[],0.9967237920434456
513,0.08411064751360547,0.06411064751360547,0.9075015906599257,0.8893515588467272,0.9537507953299629,0.010794402811722878,4.419417382415923e-05,0.4599048594138564,16,0,0.0,keep,none,63,0,keep,False,True,False,False,False,False,False,[],0.9967237920434456
514,0.08411064751360547,0.06411064751360547,0.9075015906599257,0.8893515588467272,0.9537507953299629,0.010794402811722878,4.419417382415923e-05,0.4599048594138564,16,0,0.0,keep,none,63,0,keep,False,True,False,False,False,False,False,[],0.9967237920434456
515,0.08411064751360547,0.06411064751360547,0.9075015906599257,0.8893515588467272,0.9537507953299629,0.010794402811722878,4.419417382415923e-05,0.4599048594138564,16,0,0.0,stop_growth,none,63,0,stop_growth,False,True,False,False,False,False,False,[],0.9967237920434456
516,0.08411064751360547,0.06411064751360547,0.9075015906599257,0.8893515588467272,0.9537507953299629,0.010794402811722878,4.419417382415923e-05,0.4599048594138564,16,0,0.0,keep,none,63,0,keep,False,True,False,False,False,False,False,[],0.9967237920434456
517,0.08411064751360547,0.06411064751360547,0.9075015906599257,0.8893515588467272,0.9537507953299629,0.010794402811722878,4.419417382415923e-05,0.4599048594138564,16,0,0.0,keep,none,63,0,keep,False,True,False,False,False,False,False,[],0.9967237920434456
518,0.08411064751360547,0.06411064751360547,0.9075015906599257,0.8893515588467272,0.9537507953299629,0.010794402811722878,4.419417382415923e-05,0.4599048594138564,16,0,0.0,keep,none,63,0,keep,False,True,False,False,False,False,False,[],0.9967237920434456
519,0.08411064751360547,0.06411064751360547,0.9075015906599257,0.8893515588467272,0.9537507953299629,0.010794402811722878,4.419417382415923e-05,0.4599048594138564,16,0,0.0,keep,none,63,0,keep,False,True,False,False,False,False,False,[],0.9967237920434456
520,0.08411064751360547,0.06411064751360547,0.9075015906599257,0.8893515588467272,0.9537507953299629,0.010794402811722878,4.419417382415923e-05,0.4599048594138564,16,0,0.0,stop_growth,none,63,0,stop_growth,False,True,False,False,False,False,False,[],0.9967237920434456
521,0.08411064751360547,0.06411064751360547,0.9075015906599257,0.8893515588467272,0.9537507953299629,0.010794402811722878,4.419417382415923e-05,0.4599048594138564,16,0,0.0,keep,none,63,0,keep,False,True,False,False,False,False,False,[],0.9967237920434456
522,0.08411064751360547,0.06411064751360547,0.9075015906599257,0.8893515588467272,0.9537507953299629,0.010794402811722878,4.419417382415923e-05,0.4599048594138564,16,0,0.0,keep,none,63,0,keep,False,True,False,False,False,False,False,[],0.9967237920434456
523,0.08411064751360547,0.06411064751360547,0.9075015906599257,0.8893515588467272,0.9537507953299629,0.010794402811722878,4.419417382415923e-05,0.4599048594138564,16,0,0.0,keep,none,63,0,keep,False,True,False,False,False,False,False,[],0.9967237920434456
524,0.08411064751360547,0.06411064751360547,0.9075015906599257,0.8893515588467272,0.9537507953299629,0.010794402811722878,4.419417382415923e-05,0.4599048594138564,16,0,0.0,keep,none,63,0,keep,False,True,False,False,False,False,False,[],0.9967237920434456
525,0.08411064751360547,0.06411064751360547,0.9075015906599257,0.8893515588467272,0.9537507953299629,0.010794402811722878,4.419417382415923e-05,0.4599048594138564,16,0,0.0,stop_growth,none,63,0,stop_growth,False,True,False,False,False,False,False,[],0.9967237920434456
526,0.08411064751360547,0.06411064751360547,0.9075015906599257,0.8893515588467272,0.9537507953299629,0.010794402811722878,4.419417382415923e-05,0.4599048594138564,16,0,0.0,keep,none,63,0,keep,False,True,False,False,False,False,False,[],0.9967237920434456
527,0.08411064751360547,0.06411064751360547,0.9075015906599257,0.8893515588467272,0.9537507953299629,0.010794402811722878,4.419417382415923e-05,0.4599048594138564,16,0,0.0,keep,none,63,0,keep,False,True,False,False,False,False,False,[],0.9967237920434456
528,0.08411064751360547,0.06411064751360547,0.9075015906599257,0.8893515588467272,0.9537507953299629,0.010794402811722878,4.419417382415923e-05,0.4599048594138564,16,0,0.0,keep,none,63,0,keep,False,True,False,False,False,False,False,[],0.9967237920434456
529,0.08411064751360547,0.06411064751360547,0.9075015906599257,0.8893515588467272,0.9537507953299629,0.010794402811722878,4.419417382415923e-05,0.4599048594138564,16,0,0.0,keep,none,63,0,keep,False,True,False,False,False,False,False,[],0.9967237920434456
530,0.08411064751360547,0.06411064751360547,0.9075015906599257,0.8893515588467272,0.9537507953299629,0.010794402811722878,4.419417382415923e-05,0.4599048594138564,16,0,0.0,stop_growth,none,63,0,stop_growth,False,True,False,False,False,False,False,[],0.9967237920434456
531,0.08411064751360547,0.06411064751360547,0.9075015906599257,0.8893515588467272,0.9537507953299629,0.010794402811722878,4.419417382415923e-05,0.4599048594138564,16,0,0.0,keep,none,63,0,keep,False,True,False,False,False,False,False,[],0.9967237920434456
532,0.08411064751360547,0.06411064751360547,0.9075015906599257,0.8893515588467272,0.9537507953299629,0.010794402811722878,4.419417382415923e-05,0.4599048594138564,16,0,0.0,keep,none,63,0,keep,False,True,False,False,False,False,False,[],0.9967237920434456
533,0.08411064751360547,0.06411064751360547,0.9075015906599257,0.8893515588467272,0.9537507953299629,0.010794402811722878,4.419417382415923e-05,0.4599048594138564,16,0,0.0,keep,none,63,0,keep,False,True,False,False,False,False,False,[],0.9967237920434456
534,0.08411064751360547,0.06411064751360547,0.9075015906599257,0.8893515588467272,0.9537507953299629,0.010794402811722878,4.419417382415923e-05,0.4599048594138564,16,0,0.0,keep,none,63,0,keep,False,True,False,False,False,False,False,[],0.9967237920434456
535,0.08411064751360547,0.06411064751360547,0.9075015906599257,0.8893515588467272,0.9537507953299629,0.010794402811722878,4.419417382415923e-05,0.4599048594138564,16,0,0.0,stop_growth,none,63,0,stop_growth,False,True,False,False,False,False,False,[],0.9967237920434456
536,0.08411064751360547,0.06411064751360547,0.9075015906599257,0.8893515588467272,0.9537507953299629,0.010794402811722878,4.419417382415923e-05,0.4599048594138564,16,0,0.0,keep,none,63,0,keep,False,True,False,False,False,False,False,[],0.9967237920434456
537,0.08411064751360547,0.06411064751360547,0.9075015906599257,0.8893515588467272,0.9537507953299629,0.010794402811722878,4.419417382415923e-05,0.4599048594138564,16,0,0.0,keep,none,63,0,keep,False,True,False,False,False,False,False,[],0.9967237920434456
538,0.08411064751360547,0.06411064751360547,0.9075015906599257,0.8893515588467272,0.9537507953299629,0.010794402811722878,4.419417382415923e-05,0.4599048594138564,16,0,0.0,keep,none,63,0,keep,False,True,False,False,False,False,False,[],0.9967237920434456
539,0.08411064751360547,0.06411064751360547,0.9075015906599257,0.8893515588467272,0.9537507953299629,0.010794402811722878,4.419417382415923e-05,0.4599048594138564,16,0,0.0,keep,none,63,0,keep,False,True,False,False,False,False,False,[],0.9967237920434456
540,0.08411064751360547,0.06411064751360547,0.9075015906599257,0.8893515588467272,0.9537507953299629,0.010794402811722878,4.419417382415923e-05,0.4599048594138564,16,0,0.0,stop_growth,none,63,0,stop_growth,False,True,False,False,False,False,False,[],0.9967237920434456
541,0.08411064751360547,0.06411064751360547,0.9075015906599257,0.8893515588467272,0.9537507953299629,0.010794402811722878,4.419417382415923e-05,0.4599048594138564,16,0,0.0,keep,none,63,0,keep,False,True,False,False,False,False,False,[],0.9967237920434456
542,0.08411064751360547,0.06411064751360547,0.9075015906599257,0.8893515588467272,0.9537507953299629,0.010794402811722878,4.419417382415923e-05,0.4599048594138564,16,0,0.0,keep,none,63,0,keep,False,True,False,False,False,False,False,[],0.9967237920434456
543,0.08411064751360547,0.06411064751360547,0.9075015906599257,0.8893515588467272,0.9537507953299629,0.010794402811722878,4.419417382415923e-05,0.4599048594138564,16,0,0.0,keep,none,63,0,keep,False,True,False,False,False,False,False,[],0.9967237920434456
544,0.08411064751360547,0.06411064751360547,0.9075015906599257,0.8893515588467272,0.9537507953299629,0.010794402811722878,4.419417382415923e-05,0.4599048594138564,16,0,0.0,keep,none,63,0,keep,False,True,False,False,False,False,False,[],0.9967237920434456
545,0.08411064751360547,0.06411064751360547,0.9075015906599257,0.8893515588467272,0.9537507953299629,0.010794402811722878,4.419417382415923e-05,0.4599048594138564,16,0,0.0,stop_growth,none,63,0,stop_growth,False,True,False,False,False,False,False,[],0.9967237920434456
546,0.08411064751360547,0.06411064751360547,0.9075015906599257,0.8893515588467272,0.9537507953299629,0.010794402811722878,4.419417382415923e-05,0.4599048594138564,16,0,0.0,keep,none,63,0,keep,False,True,False,False,False,False,False,[],0.9967237920434456
547,0.08411064751360547,0.06411064751360547,0.9075015906599257,0.8893515588467272,0.9537507953299629,0.010794402811722878,4.419417382415923e-05,0.4599048594138564,16,0,0.0,keep,none,63,0,keep,False,True,False,False,False,False,False,[],0.9967237920434456
548,0.08411064751360547,0.06411064751360547,0.9075015906599257,0.8893515588467272,0.9537507953299629,0.010794402811722878,4.419417382415923e-05,0.4599048594138564,16,0,0.0,keep,none,63,0,keep,False,True,False,False,False,False,False,[],0.9967237920434456
549,0.08411064751360547,0.06411064751360547,0.9075015906599257,0.8893515588467272,0.9537507953299629,0.010794402811722878,4.419417382415923e-05,0.4599048594138564,16,0,0.0,keep,none,63,0,keep,False,True,False,False,False,False,False,[],0.9967237920434456
550,0.08411064751360547,0.06411064751360547,0.9075015906599257,0.8893515588467272,0.9537507953299629,0.010794402811722878,4.419417382415923e-05,0.4599048594138564,16,0,0.0,stop_growth,none,63,0,stop_growth,False,True,False,False,False,False,False,[],0.9967237920434456
551,0.08411064751360547,0.06411064751360547,0.9075015906599257,0.8893515588467272,0.9537507953299629,0.010794402811722878,4.419417382415923e-05,0.4599048594138564,16,0,0.0,keep,none,63,0,keep,False,True,False,False,False,False,False,[],0.9967237920434456
552,0.08411064751360547,0.06411064751360547,0.9075015906599257,0.8893515588467272,0.9537507953299629,0.010794402811722878,4.419417382415923e-05,0.4599048594138564,16,0,0.0,keep,none,63,0,keep,False,True,False,False,False,False,False,[],0.9967237920434456
553,0.08411064751360547,0.06411064751360547,0.9075015906599257,0.8893515588467272,0.9537507953299629,0.010794402811722878,4.419417382415923e-05,0.4599048594138564,16,0,0.0,keep,none,63,0,keep,False,True,False,False,False,False,False,[],0.9967237920434456
554,0.08411064751360547,0.06411064751360547,0.9075015906599257,0.8893515588467272,0.9537507953299629,0.010794402811722878,4.419417382415923e-05,0.4599048594138564,16,0,0.0,keep,none,63,0,keep,False,True,False,False,False,False,False,[],0.9967237920434456
555,0.08411064751360547,0.06411064751360547,0.9075015906599257,0.8893515588467272,0.9537507953299629,0.010794402811722878,4.419417382415923e-05,0.4599048594138564,16,0,0.0,stop_growth,none,63,0,stop_growth,False,True,False,False,False,False,False,[],0.9967237920434456
556,0.08411064751360547,0.06411064751360547,0.9075015906599257,0.8893515588467272,0.9537507953299629,0.010794402811722878,4.419417382415923e-05,0.4599048594138564,16,0,0.0,keep,none,63,0,keep,False,True,False,False,False,False,False,[],0.9967237920434456
557,0.08411064751360547,0.06411064751360547,0.9075015906599257,0.8893515588467272,0.9537507953299629,0.010794402811722878,4.419417382415923e-05,0.4599048594138564,16,0,0.0,keep,none,63,0,keep,False,True,False,False,False,False,False,[],0.9967237920434456
558,0.08411064751360547,0.06411064751360547,0.9075015906599257,0.8893515588467272,0.9537507953299629,0.010794402811722878,4.419417382415923e-05,0.4599048594138564,16,0,0.0,keep,none,63,0,keep,False,True,False,False,False,False,False,[],0.9967237920434456
559,0.08411064751360547,0.06411064751360547,0.9075015906599257,0.8893515588467272,0.9537507953299629,0.010794402811722878,4.419417382415923e-05,0.4599048594138564,16,0,0.0,keep,none,63,0,keep,False,True,False,False,False,False,False,[],0.9967237920434456
560,0.08411064751360547,0.06411064751360547,0.9075015906599257,0.8893515588467272,0.9537507953299629,0.010794402811722878,4.419417382415923e-05,0.4599048594138564,16,0,0.0,stop_growth,none,63,0,stop_growth,False,True,False,False,False,False,False,[],0.9967237920434456
561,0.08411064751360547,0.06411064751360547,0.9075015906599257,0.8893515588467272,0.9537507953299629,0.010794402811722878,4.419417382415923e-05,0.4599048594138564,16,0,0.0,keep,none,63,0,keep,False,True,False,False,False,False,False,[],0.9967237920434456
562,0.08411064751360547,0.06411064751360547,0.9075015906599257,0.8893515588467272,0.9537507953299629,0.010794402811722878,4.419417382415923e-05,0.4599048594138564,16,0,0.0,keep,none,63,0,keep,False,True,False,False,False,False,False,[],0.9967237920434456
563,0.08411064751360547,0.06411064751360547,0.9075015906599257,0.8893515588467272,0.9537507953299629,0.010794402811722878,4.419417382415923e-05,0.4599048594138564,16,0,0.0,keep,none,63,0,keep,False,True,False,False,False,False,False,[],0.9967237920434456
564,0.08411064751360547,0.06411064751360547,0.9075015906599257,0.8893515588467272,0.9537507953299629,0.010794402811722878,4.419417382415923e-05,0.4599048594138564,16,0,0.0,keep,none,63,0,keep,False,True,False,False,False,False,False,[],0.9967237920434456
565,0.08411064751360547,0.06411064751360547,0.9075015906599257,0.8893515588467272,0.9537507953299629,0.010794402811722878,4.419417382415923e-05,0.4599048594138564,16,0,0.0,stop_growth,none,63,0,stop_growth,False,True,False,False,False,False,False,[],0.9967237920434456
566,0.08411064751360547,0.06411064751360547,0.9075015906599257,0.8893515588467272,0.9537507953299629,0.010794402811722878,4.419417382415923e-05,0.4599048594138564,16,0,0.0,keep,none,63,0,keep,False,True,False,False,False,False,False,[],0.9967237920434456
567,0.08411064751360547,0.06411064751360547,0.9075015906599257,0.8893515588467272,0.9537507953299629,0.010794402811722878,4.419417382415923e-05,0.4599048594138564,16,0,0.0,keep,none,63,0,keep,False,True,False,False,False,False,False,[],0.9967237920434456
568,0.08411064751360547,0.06411064751360547,0.9075015906599257,0.8893515588467272,0.9537507953299629,0.010794402811722878,4.419417382415923e-05,0.4599048594138564,16,0,0.0,keep,none,63,0,keep,False,True,False,False,False,False,False,[],0.9967237920434456
569,0.08411064751360547,0.06411064751360547,0.9075015906599257,0.8893515588467272,0.9537507953299629,0.010794402811722878,4.419417382415923e-05,0.4599048594138564,16,0,0.0,keep,none,63,0,keep,False,True,False,False,False,False,False,[],0.9967237920434456
570,0.08411064751360547,0.06411064751360547,0.9075015906599257,0.8893515588467272,0.9537507953299629,0.010794402811722878,4.419417382415923e-05,0.4599048594138564,16,0,0.0,stop_growth,none,63,0,stop_growth,False,True,False,False,False,False,False,[],0.9967237920434456
571,0.08411064751360547,0.06411064751360547,0.9075015906599257,0.8893515588467272,0.9537507953299629,0.010794402811722878,4.419417382415923e-05,0.4599048594138564,16,0,0.0,keep,none,63,0,keep,False,True,False,False,False,False,False,[],0.9967237920434456
572,0.08411064751360547,0.06411064751360547,0.9075015906599257,0.8893515588467272,0.9537507953299629,0.010794402811722878,4.419417382415923e-05,0.4599048594138564,16,0,0.0,keep,none,63,0,keep,False,True,False,False,False,False,False,[],0.9967237920434456
573,0.08411064751360547,0.06411064751360547,0.9075015906599257,0.8893515588467272,0.9537507953299629,0.010794402811722878,4.419417382415923e-05,0.4599048594138564,16,0,0.0,keep,none,63,0,keep,False,True,False,False,False,False,False,[],0.9967237920434456
574,0.08411064751360547,0.06411064751360547,0.9075015906599257,0.8893515588467272,0.9537507953299629,0.010794402811722878,4.419417382415923e-05,0.4599048594138564,16,0,0.0,keep,none,63,0,keep,False,True,False,False,False,False,False,[],0.9967237920434456
575,0.08411064751360547,0.06411064751360547,0.9075015906599257,0.8893515588467272,0.9537507953299629,0.010794402811722878,4.419417382415923e-05,0.4599048594138564,16,0,0.0,stop_growth,none,63,0,stop_growth,False,True,False,False,False,False,False,[],0.9967237920434456
576,0.08411064751360547,0.06411064751360547,0.9075015906599257,0.8893515588467272,0.9537507953299629,0.010794402811722878,4.419417382415923e-05,0.4599048594138564,16,0,0.0,keep,none,63,0,keep,False,True,False,False,False,False,False,[],0.9967237920434456
577,0.08411064751360547,0.06411064751360547,0.9075015906599257,0.8893515588467272,0.9537507953299629,0.010794402811722878,4.419417382415923e-05,0.4599048594138564,16,0,0.0,keep,none,63,0,keep,False,True,False,False,False,False,False,[],0.9967237920434456
578,0.08411064751360547,0.06411064751360547,0.9075015906599257,0.8893515588467272,0.9537507953299629,0.010794402811722878,4.419417382415923e-05,0.4599048594138564,16,0,0.0,keep,none,63,0,keep,False,True,False,False,False,False,False,[],0.9967237920434456
579,0.08411064751360547,0.06411064751360547,0.9075015906599257,0.8893515588467272,0.9537507953299629,0.010794402811722878,4.419417382415923e-05,0.4599048594138564,16,0,0.0,keep,none,63,0,keep,False,True,False,False,False,False,False,[],0.9967237920434456
580,0.08411064751360547,0.06411064751360547,0.9075015906599257,0.8893515588467272,0.9537507953299629,0.010794402811722878,4.419417382415923e-05,0.4599048594138564,16,0,0.0,stop_growth,none,63,0,stop_growth,False,True,False,False,False,False,False,[],0.9967237920434456
581,0.08411064751360547,0.06411064751360547,0.9075015906599257,0.8893515588467272,0.9537507953299629,0.010794402811722878,4.419417382415923e-05,0.4599048594138564,16,0,0.0,keep,none,63,0,keep,False,True,False,False,False,False,False,[],0.9967237920434456
582,0.08411064751360547,0.06411064751360547,0.9075015906599257,0.8893515588467272,0.9537507953299629,0.010794402811722878,4.419417382415923e-05,0.4599048594138564,16,0,0.0,keep,none,63,0,keep,False,True,False,False,False,False,False,[],0.9967237920434456
583,0.08411064751360547,0.06411064751360547,0.9075015906599257,0.8893515588467272,0.9537507953299629,0.010794402811722878,4.419417382415923e-05,0.4599048594138564,16,0,0.0,keep,none,63,0,keep,False,True,False,False,False,False,False,[],0.9967237920434456
584,0.08411064751360547,0.06411064751360547,0.9075015906599257,0.8893515588467272,0.9537507953299629,0.010794402811722878,4.419417382415923e-05,0.4599048594138564,16,0,0.0,keep,none,63,0,keep,False,True,False,False,False,False,False,[],0.9967237920434456
585,0.08411064751360547,0.06411064751360547,0.9075015906599257,0.8893515588467272,0.9537507953299629,0.010794402811722878,4.419417382415923e-05,0.4599048594138564,16,0,0.0,stop_growth,none,63,0,stop_growth,False,True,False,False,False,False,False,[],0.9967237920434456
586,0.08411064751360547,0.06411064751360547,0.9075015906599257,0.8893515588467272,0.9537507953299629,0.010794402811722878,4.419417382415923e-05,0.4599048594138564,16,0,0.0,keep,none,63,0,keep,False,True,False,False,False,False,False,[],0.9967237920434456
587,0.08411064751360547,0.06411064751360547,0.9075015906599257,0.8893515588467272,0.9537507953299629,0.010794402811722878,4.419417382415923e-05,0.4599048594138564,16,0,0.0,keep,none,63,0,keep,False,True,False,False,False,False,False,[],0.9967237920434456
588,0.08411064751360547,0.06411064751360547,0.9075015906599257,0.8893515588467272,0.9537507953299629,0.010794402811722878,4.419417382415923e-05,0.4599048594138564,16,0,0.0,keep,none,63,0,keep,False,True,False,False,False,False,False,[],0.9967237920434456
589,0.08411064751360547,0.06411064751360547,0.9075015906599257,0.8893515588467272,0.9537507953299629,0.010794402811722878,4.419417382415923e-05,0.4599048594138564,16,0,0.0,keep,none,63,0,keep,False,True,False,False,False,False,False,[],0.9967237920434456
590,0.08411064751360547,0.06411064751360547,0.9075015906599257,0.8893515588467272,0.9537507953299629,0.010794402811722878,4.419417382415923e-05,0.4599048594138564,16,0,0.0,stop_growth,none,63,0,stop_growth,False,True,False,False,False,False,False,[],0.9967237920434456
591,0.08411064751360547,0.06411064751360547,0.9075015906599257,0.8893515588467272,0.9537507953299629,0.010794402811722878,4.419417382415923e-05,0.4599048594138564,16,0,0.0,keep,none,63,0,keep,False,True,False,False,False,False,False,[],0.9967237920434456
592,0.08411064751360547,0.06411064751360547,0.9075015906599257,0.8893515588467272,0.9537507953299629,0.010794402811722878,4.419417382415923e-05,0.4599048594138564,16,0,0.0,keep,none,63,0,keep,False,True,False,False,False,False,False,[],0.9967237920434456
593,0.08411064751360547,0.06411064751360547,0.9075015906599257,0.8893515588467272,0.9537507953299629,0.010794402811722878,4.419417382415923e-05,0.4599048594138564,16,0,0.0,keep,none,63,0,keep,False,True,False,False,False,False,False,[],0.9967237920434456
594,0.08411064751360547,0.06411064751360547,0.9075015906599257,0.8893515588467272,0.9537507953299629,0.010794402811722878,4.419417382415923e-05,0.4599048594138564,16,0,0.0,keep,none,63,0,keep,False,True,False,False,False,False,False,[],0.9967237920434456
595,0.08411064751360547,0.06411064751360547,0.9075015906599257,0.8893515588467272,0.9537507953299629,0.010794402811722878,4.419417382415923e-05,0.4599048594138564,16,0,0.0,stop_growth,none,63,0,stop_growth,False,True,False,False,False,False,False,[],0.9967237920434456
596,0.08411064751360547,0.06411064751360547,0.9075015906599257,0.8893515588467272,0.9537507953299629,0.010794402811722878,4.419417382415923e-05,0.4599048594138564,16,0,0.0,keep,none,63,0,keep,False,True,False,False,False,False,False,[],0.9967237920434456
597,0.08411064751360547,0.06411064751360547,0.9075015906599257,0.8893515588467272,0.9537507953299629,0.010794402811722878,4.419417382415923e-05,0.4599048594138564,16,0,0.0,keep,none,63,0,keep,False,True,False,False,False,False,False,[],0.9967237920434456
598,0.08411064751360547,0.06411064751360547,0.9075015906599257,0.8893515588467272,0.9537507953299629,0.010794402811722878,4.419417382415923e-05,0.4599048594138564,16,0,0.0,keep,none,63,0,keep,False,True,False,False,False,False,False,[],0.9967237920434456
599,0.08411064751360547,0.06411064751360547,0.9075015906599257,0.8893515588467272,0.9537507953299629,0.010794402811722878,4.419417382415923e-05,0.4599048594138564,16,0,0.0,keep,none,63,0,keep,False,True,False,False,False,False,False,[],0.9967237920434456
600,0.08411064751360547,0.06411064751360547,0.9075015906599257,0.8893515588467272,0.9537507953299629,0.010794402811722878,4.419417382415923e-05,0.4599048594138564,16,0,0.0,stop_growth,none,63,0,stop_growth,False,True,False,False,False,False,False,[],0.9967237920434456
601,0.08411064751360547,0.06411064751360547,0.9075015906599257,0.8893515588467272,0.9537507953299629,0.010794402811722878,4.419417382415923e-05,0.4599048594138564,16,0,0.0,keep,none,63,0,keep,False,True,False,False,False,False,False,[],0.9967237920434456
602,0.08411064751360547,0.06411064751360547,0.9075015906599257,0.8893515588467272,0.9537507953299629,0.010794402811722878,4.419417382415923e-05,0.4599048594138564,16,0,0.0,keep,none,63,0,keep,False,True,False,False,False,False,False,[],0.9967237920434456
603,0.08411064751360547,0.06411064751360547,0.9075015906599257,0.8893515588467272,0.9537507953299629,0.010794402811722878,4.419417382415923e-05,0.4599048594138564,16,0,0.0,keep,none,63,0,keep,False,True,False,False,False,False,False,[],0.9967237920434456
604,0.08411064751360547,0.06411064751360547,0.9075015906599257,0.8893515588467272,0.9537507953299629,0.010794402811722878,4.419417382415923e-05,0.4599048594138564,16,0,0.0,keep,none,63,0,keep,False,True,False,False,False,False,False,[],0.9967237920434456
605,0.08411064751360547,0.06411064751360547,0.9075015906599257,0.8893515588467272,0.9537507953299629,0.010794402811722878,4.419417382415923e-05,0.4599048594138564,16,0,0.0,stop_growth,none,63,0,stop_growth,False,True,False,False,False,False,False,[],0.9967237920434456
606,0.08411064751360547,0.06411064751360547,0.9075015906599257,0.8893515588467272,0.9537507953299629,0.010794402811722878,4.419417382415923e-05,0.4599048594138564,16,0,0.0,keep,none,63,0,keep,False,True,False,False,False,False,False,[],0.9967237920434456
607,0.08411064751360547,0.06411064751360547,0.9075015906599257,0.8893515588467272,0.9537507953299629,0.010794402811722878,4.419417382415923e-05,0.4599048594138564,16,0,0.0,keep,none,63,0,keep,False,True,False,False,False,False,False,[],0.9967237920434456
608,0.08411064751360547,0.06411064751360547,0.9075015906599257,0.8893515588467272,0.9537507953299629,0.010794402811722878,4.419417382415923e-05,0.4599048594138564,16,0,0.0,keep,none,63,0,keep,False,True,False,False,False,False,False,[],0.9967237920434456
609,0.08411064751360547,0.06411064751360547,0.9075015906599257,0.8893515588467272,0.9537507953299629,0.010794402811722878,4.419417382415923e-05,0.4599048594138564,16,0,0.0,keep,none,63,0,keep,False,True,False,False,False,False,False,[],0.9967237920434456
610,0.08411064751360547,0.06411064751360547,0.9075015906599257,0.8893515588467272,0.9537507953299629,0.010794402811722878,4.419417382415923e-05,0.4599048594138564,16,0,0.0,stop_growth,none,63,0,stop_growth,False,True,False,False,False,False,False,[],0.9967237920434456
611,0.08411064751360547,0.06411064751360547,0.9075015906599257,0.8893515588467272,0.9537507953299629,0.010794402811722878,4.419417382415923e-05,0.4599048594138564,16,0,0.0,keep,none,63,0,keep,False,True,False,False,False,False,False,[],0.9967237920434456
612,0.08411064751360547,0.06411064751360547,0.9075015906599257,0.8893515588467272,0.9537507953299629,0.010794402811722878,4.419417382415923e-05,0.4599048594138564,16,0,0.0,keep,none,63,0,keep,False,True,False,False,False,False,False,[],0.9967237920434456
613,0.08411064751360547,0.06411064751360547,0.9075015906599257,0.8893515588467272,0.9537507953299629,0.010794402811722878,4.419417382415923e-05,0.4599048594138564,16,0,0.0,keep,none,63,0,keep,False,True,False,False,False,False,False,[],0.9967237920434456
614,0.08411064751360547,0.06411064751360547,0.9075015906599257,0.8893515588467272,0.9537507953299629,0.010794402811722878,4.419417382415923e-05,0.4599048594138564,16,0,0.0,keep,none,63,0,keep,False,True,False,False,False,False,False,[],0.9967237920434456
615,0.08411064751360547,0.06411064751360547,0.9075015906599257,0.8893515588467272,0.9537507953299629,0.010794402811722878,4.419417382415923e-05,0.4599048594138564,16,0,0.0,stop_growth,none,63,0,stop_growth,False,True,False,False,False,False,False,[],0.9967237920434456
616,0.08411064751360547,0.06411064751360547,0.9075015906599257,0.8893515588467272,0.9537507953299629,0.010794402811722878,4.419417382415923e-05,0.4599048594138564,16,0,0.0,keep,none,63,0,keep,False,True,False,False,False,False,False,[],0.9967237920434456
617,0.08411064751360547,0.06411064751360547,0.9075015906599257,0.8893515588467272,0.9537507953299629,0.010794402811722878,4.419417382415923e-05,0.4599048594138564,16,0,0.0,keep,none,63,0,keep,False,True,False,False,False,False,False,[],0.9967237920434456
618,0.08411064751360547,0.06411064751360547,0.9075015906599257,0.8893515588467272,0.9537507953299629,0.010794402811722878,4.419417382415923e-05,0.4599048594138564,16,0,0.0,keep,none,63,0,keep,False,True,False,False,False,False,False,[],0.9967237920434456
619,0.08411064751360547,0.06411064751360547,0.9075015906599257,0.8893515588467272,0.9537507953299629,0.010794402811722878,4.419417382415923e-05,0.4599048594138564,16,0,0.0,keep,none,63,0,keep,False,True,False,False,False,False,False,[],0.9967237920434456
620,0.08411064751360547,0.06411064751360547,0.9075015906599257,0.8893515588467272,0.9537507953299629,0.010794402811722878,4.419417382415923e-05,0.4599048594138564,16,0,0.0,stop_growth,none,63,0,stop_growth,False,True,False,False,False,False,False,[],0.9967237920434456
621,0.08411064751360547,0.06411064751360547,0.9075015906599257,0.8893515588467272,0.9537507953299629,0.010794402811722878,4.419417382415923e-05,0.4599048594138564,16,0,0.0,keep,none,63,0,keep,False,True,False,False,False,False,False,[],0.9967237920434456
622,0.08411064751360547,0.06411064751360547,0.9075015906599257,0.8893515588467272,0.9537507953299629,0.010794402811722878,4.419417382415923e-05,0.4599048594138564,16,0,0.0,keep,none,63,0,keep,False,True,False,False,False,False,False,[],0.9967237920434456
623,0.08411064751360547,0.06411064751360547,0.9075015906599257,0.8893515588467272,0.9537507953299629,0.010794402811722878,4.419417382415923e-05,0.4599048594138564,16,0,0.0,keep,none,63,0,keep,False,True,False,False,False,False,False,[],0.9967237920434456
624,0.08411064751360547,0.06411064751360547,0.9075015906599257,0.8893515588467272,0.9537507953299629,0.010794402811722878,4.419417382415923e-05,0.4599048594138564,16,0,0.0,keep,none,63,0,keep,False,True,False,False,False,False,False,[],0.9967237920434456
625,0.08411064751360547,0.06411064751360547,0.9075015906599257,0.8893515588467272,0.9537507953299629,0.010794402811722878,4.419417382415923e-05,0.4599048594138564,16,0,0.0,stop_growth,none,63,0,stop_growth,False,True,False,False,False,False,False,[],0.9967237920434456
626,0.08411064751360547,0.06411064751360547,0.9075015906599257,0.8893515588467272,0.9537507953299629,0.010794402811722878,4.419417382415923e-05,0.4599048594138564,16,0,0.0,keep,none,63,0,keep,False,True,False,False,False,False,False,[],0.9967237920434456
627,0.08411064751360547,0.06411064751360547,0.9075015906599257,0.8893515588467272,0.9537507953299629,0.010794402811722878,4.419417382415923e-05,0.4599048594138564,16,0,0.0,keep,none,63,0,keep,False,True,False,False,False,False,False,[],0.9967237920434456
628,0.08411064751360547,0.06411064751360547,0.9075015906599257,0.8893515588467272,0.9537507953299629,0.010794402811722878,4.419417382415923e-05,0.4599048594138564,16,0,0.0,keep,none,63,0,keep,False,True,False,False,False,False,False,[],0.9967237920434456
629,0.08411064751360547,0.06411064751360547,0.9075015906599257,0.8893515588467272,0.9537507953299629,0.010794402811722878,4.419417382415923e-05,0.4599048594138564,16,0,0.0,keep,none,63,0,keep,False,True,False,False,False,False,False,[],0.9967237920434456
630,0.08411064751360547,0.06411064751360547,0.9075015906599257,0.8893515588467272,0.9537507953299629,0.010794402811722878,4.419417382415923e-05,0.4599048594138564,16,0,0.0,stop_growth,none,63,0,stop_growth,False,True,False,False,False,False,False,[],0.9967237920434456
631,0.08411064751360547,0.06411064751360547,0.9075015906599257,0.8893515588467272,0.9537507953299629,0.010794402811722878,4.419417382415923e-05,0.4599048594138564,16,0,0.0,keep,none,63,0,keep,False,True,False,False,False,False,False,[],0.9967237920434456
632,0.08411064751360547,0.06411064751360547,0.9075015906599257,0.8893515588467272,0.9537507953299629,0.010794402811722878,4.419417382415923e-05,0.4599048594138564,16,0,0.0,keep,none,63,0,keep,False,True,False,False,False,False,False,[],0.9967237920434456
633,0.08411064751360547,0.06411064751360547,0.9075015906599257,0.8893515588467272,0.9537507953299629,0.010794402811722878,4.419417382415923e-05,0.4599048594138564,16,0,0.0,keep,none,63,0,keep,False,True,False,False,False,False,False,[],0.9967237920434456
634,0.08411064751360547,0.06411064751360547,0.9075015906599257,0.8893515588467272,0.9537507953299629,0.010794402811722878,4.419417382415923e-05,0.4599048594138564,16,0,0.0,keep,none,63,0,keep,False,True,False,False,False,False,False,[],0.9967237920434456
635,0.08411064751360547,0.06411064751360547,0.9075015906599257,0.8893515588467272,0.9537507953299629,0.010794402811722878,4.419417382415923e-05,0.4599048594138564,16,0,0.0,stop_growth,none,63,0,stop_growth,False,True,False,False,False,False,False,[],0.9967237920434456
636,0.08411064751360547,0.06411064751360547,0.9075015906599257,0.8893515588467272,0.9537507953299629,0.010794402811722878,4.419417382415923e-05,0.4599048594138564,16,0,0.0,keep,none,63,0,keep,False,True,False,False,False,False,False,[],0.9967237920434456
637,0.08411064751360547,0.06411064751360547,0.9075015906599257,0.8893515588467272,0.9537507953299629,0.010794402811722878,4.419417382415923e-05,0.4599048594138564,16,0,0.0,keep,none,63,0,keep,False,True,False,False,False,False,False,[],0.9967237920434456
638,0.08411064751360547,0.06411064751360547,0.9075015906599257,0.8893515588467272,0.9537507953299629,0.010794402811722878,4.419417382415923e-05,0.4599048594138564,16,0,0.0,keep,none,63,0,keep,False,True,False,False,False,False,False,[],0.9967237920434456
639,0.08411064751360547,0.06411064751360547,0.9075015906599257,0.8893515588467272,0.9537507953299629,0.010794402811722878,4.419417382415923e-05,0.4599048594138564,16,0,0.0,keep,none,63,0,keep,False,True,False,False,False,False,False,[],0.9967237920434456
640,0.08411064751360547,0.06411064751360547,0.9075015906599257,0.8893515588467272,0.9537507953299629,0.010794402811722878,4.419417382415923e-05,0.4599048594138564,16,0,0.0,stop_growth,none,63,0,stop_growth,False,True,False,False,False,False,False,[],0.9967237920434456
641,0.08411064751360547,0.06411064751360547,0.9075015906599257,0.8893515588467272,0.9537507953299629,0.010794402811722878,4.419417382415923e-05,0.4599048594138564,16,0,0.0,keep,none,63,0,keep,False,True,False,False,False,False,False,[],0.9967237920434456
642,0.08411064751360547,0.06411064751360547,0.9075015906599257,0.8893515588467272,0.9537507953299629,0.010794402811722878,4.419417382415923e-05,0.4599048594138564,16,0,0.0,keep,none,63,0,keep,False,True,False,False,False,False,False,[],0.9967237920434456
643,0.08411064751360547,0.06411064751360547,0.9075015906599257,0.8893515588467272,0.9537507953299629,0.010794402811722878,4.419417382415923e-05,0.4599048594138564,16,0,0.0,keep,none,63,0,keep,False,True,False,False,False,False,False,[],0.9967237920434456
644,0.08411064751360547,0.06411064751360547,0.9075015906599257,0.8893515588467272,0.9537507953299629,0.010794402811722878,4.419417382415923e-05,0.4599048594138564,16,0,0.0,keep,none,63,0,keep,False,True,False,False,False,False,False,[],0.9967237920434456
645,0.08411064751360547,0.06411064751360547,0.9075015906599257,0.8893515588467272,0.9537507953299629,0.010794402811722878,4.419417382415923e-05,0.4599048594138564,16,0,0.0,stop_growth,none,63,0,stop_growth,False,True,False,False,False,False,False,[],0.9967237920434456
646,0.08411064751360547,0.06411064751360547,0.9075015906599257,0.8893515588467272,0.9537507953299629,0.010794402811722878,4.419417382415923e-05,0.4599048594138564,16,0,0.0,keep,none,63,0,keep,False,True,False,False,False,False,False,[],0.9967237920434456
647,0.08411064751360547,0.06411064751360547,0.9075015906599257,0.8893515588467272,0.9537507953299629,0.010794402811722878,4.419417382415923e-05,0.4599048594138564,16,0,0.0,keep,none,63,0,keep,False,True,False,False,False,False,False,[],0.9967237920434456
648,0.08411064751360547,0.06411064751360547,0.9075015906599257,0.8893515588467272,0.9537507953299629,0.010794402811722878,4.419417382415923e-05,0.4599048594138564,16,0,0.0,keep,none,63,0,keep,False,True,False,False,False,False,False,[],0.9967237920434456
649,0.08411064751360547,0.06411064751360547,0.9075015906599257,0.8893515588467272,0.9537507953299629,0.010794402811722878,4.419417382415923e-05,0.4599048594138564,16,0,0.0,keep,none,63,0,keep,False,True,False,False,False,False,False,[],0.9967237920434456
650,0.08411064751360547,0.06411064751360547,0.9075015906599257,0.8893515588467272,0.9537507953299629,0.010794402811722878,4.419417382415923e-05,0.4599048594138564,16,0,0.0,stop_growth,none,63,0,stop_growth,False,True,False,False,False,False,False,[],0.9967237920434456
651,0.08411064751360547,0.06411064751360547,0.9075015906599257,0.8893515588467272,0.9537507953299629,0.010794402811722878,4.419417382415923e-05,0.4599048594138564,16,0,0.0,keep,none,63,0,keep,False,True,False,False,False,False,False,[],0.9967237920434456
652,0.08411064751360547,0.06411064751360547,0.9075015906599257,0.8893515588467272,0.9537507953299629,0.010794402811722878,4.419417382415923e-05,0.4599048594138564,16,0,0.0,keep,none,63,0,keep,False,True,False,False,False,False,False,[],0.9967237920434456
653,0.08411064751360547,0.06411064751360547,0.9075015906599257,0.8893515588467272,0.9537507953299629,0.010794402811722878,4.419417382415923e-05,0.4599048594138564,16,0,0.0,keep,none,63,0,keep,False,True,False,False,False,False,False,[],0.9967237920434456
654,0.08411064751360547,0.06411064751360547,0.9075015906599257,0.8893515588467272,0.9537507953299629,0.010794402811722878,4.419417382415923e-05,0.4599048594138564,16,0,0.0,keep,none,63,0,keep,False,True,False,False,False,False,False,[],0.9967237920434456
655,0.08411064751360547,0.06411064751360547,0.9075015906599257,0.8893515588467272,0.9537507953299629,0.010794402811722878,4.419417382415923e-05,0.4599048594138564,16,0,0.0,stop_growth,none,63,0,stop_growth,False,True,False,False,False,False,False,[],0.9967237920434456
656,0.08411064751360547,0.06411064751360547,0.9075015906599257,0.8893515588467272,0.9537507953299629,0.010794402811722878,4.419417382415923e-05,0.4599048594138564,16,0,0.0,keep,none,63,0,keep,False,True,False,False,False,False,False,[],0.9967237920434456
657,0.08411064751360547,0.06411064751360547,0.9075015906599257,0.8893515588467272,0.9537507953299629,0.010794402811722878,4.419417382415923e-05,0.4599048594138564,16,0,0.0,keep,none,63,0,keep,False,True,False,False,False,False,False,[],0.9967237920434456
658,0.08411064751360547,0.06411064751360547,0.9075015906599257,0.8893515588467272,0.9537507953299629,0.010794402811722878,4.419417382415923e-05,0.4599048594138564,16,0,0.0,keep,none,63,0,keep,False,True,False,False,False,False,False,[],0.9967237920434456
659,0.08411064751360547,0.06411064751360547,0.9075015906599257,0.8893515588467272,0.9537507953299629,0.010794402811722878,4.419417382415923e-05,0.4599048594138564,16,0,0.0,keep,none,63,0,keep,False,True,False,False,False,False,False,[],0.9967237920434456
660,0.08411064751360547,0.06411064751360547,0.9075015906599257,0.8893515588467272,0.9537507953299629,0.010794402811722878,4.419417382415923e-05,0.4599048594138564,16,0,0.0,stop_growth,none,63,0,stop_growth,False,True,False,False,False,False,False,[],0.9967237920434456
661,0.08411064751360547,0.06411064751360547,0.9075015906599257,0.8893515588467272,0.9537507953299629,0.010794402811722878,4.419417382415923e-05,0.4599048594138564,16,0,0.0,keep,none,63,0,keep,False,True,False,False,False,False,False,[],0.9967237920434456
662,0.08411064751360547,0.06411064751360547,0.9075015906599257,0.8893515588467272,0.9537507953299629,0.010794402811722878,4.419417382415923e-05,0.4599048594138564,16,0,0.0,keep,none,63,0,keep,False,True,False,False,False,False,False,[],0.9967237920434456
663,0.08411064751360547,0.06411064751360547,0.9075015906599257,0.8893515588467272,0.9537507953299629,0.010794402811722878,4.419417382415923e-05,0.4599048594138564,16,0,0.0,keep,none,63,0,keep,False,True,False,False,False,False,False,[],0.9967237920434456
664,0.08411064751360547,0.06411064751360547,0.9075015906599257,0.8893515588467272,0.9537507953299629,0.010794402811722878,4.419417382415923e-05,0.4599048594138564,16,0,0.0,keep,none,63,0,keep,False,True,False,False,False,False,False,[],0.9967237920434456
665,0.08411064751360547,0.06411064751360547,0.9075015906599257,0.8893515588467272,0.9537507953299629,0.010794402811722878,4.419417382415923e-05,0.4599048594138564,16,0,0.0,stop_growth,none,63,0,stop_growth,False,True,False,False,False,False,False,[],0.9967237920434456
666,0.08411064751360547,0.06411064751360547,0.9075015906599257,0.8893515588467272,0.9537507953299629,0.010794402811722878,4.419417382415923e-05,0.4599048594138564,16,0,0.0,keep,none,63,0,keep,False,True,False,False,False,False,False,[],0.9967237920434456
667,0.08411064751360547,0.06411064751360547,0.9075015906599257,0.8893515588467272,0.9537507953299629,0.010794402811722878,4.419417382415923e-05,0.4599048594138564,16,0,0.0,keep,none,63,0,keep,False,True,False,False,False,False,False,[],0.9967237920434456
668,0.08411064751360547,0.06411064751360547,0.9075015906599257,0.8893515588467272,0.9537507953299629,0.010794402811722878,4.419417382415923e-05,0.4599048594138564,16,0,0.0,keep,none,63,0,keep,False,True,False,False,False,False,False,[],0.9967237920434456
669,0.08411064751360547,0.06411064751360547,0.9075015906599257,0.8893515588467272,0.9537507953299629,0.010794402811722878,4.419417382415923e-05,0.4599048594138564,16,0,0.0,keep,none,63,0,keep,False,True,False,False,False,False,False,[],0.9967237920434456
670,0.08411064751360547,0.06411064751360547,0.9075015906599257,0.8893515588467272,0.9537507953299629,0.010794402811722878,4.419417382415923e-05,0.4599048594138564,16,0,0.0,stop_growth,none,63,0,stop_growth,False,True,False,False,False,False,False,[],0.9967237920434456
671,0.08411064751360547,0.06411064751360547,0.9075015906599257,0.8893515588467272,0.9537507953299629,0.010794402811722878,4.419417382415923e-05,0.4599048594138564,16,0,0.0,keep,none,63,0,keep,False,True,False,False,False,False,False,[],0.9967237920434456
672,0.08411064751360547,0.06411064751360547,0.9075015906599257,0.8893515588467272,0.9537507953299629,0.010794402811722878,4.419417382415923e-05,0.4599048594138564,16,0,0.0,keep,none,63,0,keep,False,True,False,False,False,False,False,[],0.9967237920434456
673,0.08411064751360547,0.06411064751360547,0.9075015906599257,0.8893515588467272,0.9537507953299629,0.010794402811722878,4.419417382415923e-05,0.4599048594138564,16,0,0.0,keep,none,63,0,keep,False,True,False,False,False,False,False,[],0.9967237920434456
674,0.08411064751360547,0.06411064751360547,0.9075015906599257,0.8893515588467272,0.9537507953299629,0.010794402811722878,4.419417382415923e-05,0.4599048594138564,16,0,0.0,keep,none,63,0,keep,False,True,False,False,False,False,False,[],0.9967237920434456
675,0.08411064751360547,0.06411064751360547,0.9075015906599257,0.8893515588467272,0.9537507953299629,0.010794402811722878,4.419417382415923e-05,0.4599048594138564,16,0,0.0,stop_growth,none,63,0,stop_growth,False,True,False,False,False,False,False,[],0.9967237920434456
676,0.08411064751360547,0.06411064751360547,0.9075015906599257,0.8893515588467272,0.9537507953299629,0.010794402811722878,4.419417382415923e-05,0.4599048594138564,16,0,0.0,keep,none,63,0,keep,False,True,False,False,False,False,False,[],0.9967237920434456
677,0.08411064751360547,0.06411064751360547,0.9075015906599257,0.8893515588467272,0.9537507953299629,0.010794402811722878,4.419417382415923e-05,0.4599048594138564,16,0,0.0,keep,none,63,0,keep,False,True,False,False,False,False,False,[],0.9967237920434456
678,0.08411064751360547,0.06411064751360547,0.9075015906599257,0.8893515588467272,0.9537507953299629,0.010794402811722878,4.419417382415923e-05,0.4599048594138564,16,0,0.0,keep,none,63,0,keep,False,True,False,False,False,False,False,[],0.9967237920434456
679,0.08411064751360547,0.06411064751360547,0.9075015906599257,0.8893515588467272,0.9537507953299629,0.010794402811722878,4.419417382415923e-05,0.4599048594138564,16,0,0.0,keep,none,63,0,keep,False,True,False,False,False,False,False,[],0.9967237920434456
680,0.08411064751360547,0.06411064751360547,0.9075015906599257,0.8893515588467272,0.9537507953299629,0.010794402811722878,4.419417382415923e-05,0.4599048594138564,16,0,0.0,stop_growth,none,63,0,stop_growth,False,True,False,False,False,False,False,[],0.9967237920434456
681,0.08411064751360547,0.06411064751360547,0.9075015906599257,0.8893515588467272,0.9537507953299629,0.010794402811722878,4.419417382415923e-05,0.4599048594138564,16,0,0.0,keep,none,63,0,keep,False,True,False,False,False,False,False,[],0.9967237920434456
682,0.08411064751360547,0.06411064751360547,0.9075015906599257,0.8893515588467272,0.9537507953299629,0.010794402811722878,4.419417382415923e-05,0.4599048594138564,16,0,0.0,keep,none,63,0,keep,False,True,False,False,False,False,False,[],0.9967237920434456
683,0.08411064751360547,0.06411064751360547,0.9075015906599257,0.8893515588467272,0.9537507953299629,0.010794402811722878,4.419417382415923e-05,0.4599048594138564,16,0,0.0,keep,none,63,0,keep,False,True,False,False,False,False,False,[],0.9967237920434456
684,0.08411064751360547,0.06411064751360547,0.9075015906599257,0.8893515588467272,0.9537507953299629,0.010794402811722878,4.419417382415923e-05,0.4599048594138564,16,0,0.0,keep,none,63,0,keep,False,True,False,False,False,False,False,[],0.9967237920434456
685,0.08411064751360547,0.06411064751360547,0.9075015906599257,0.8893515588467272,0.9537507953299629,0.010794402811722878,4.419417382415923e-05,0.4599048594138564,16,0,0.0,stop_growth,none,63,0,stop_growth,False,True,False,False,False,False,False,[],0.9967237920434456
686,0.08411064751360547,0.06411064751360547,0.9075015906599257,0.8893515588467272,0.9537507953299629,0.010794402811722878,4.419417382415923e-05,0.4599048594138564,16,0,0.0,keep,none,63,0,keep,False,True,False,False,False,False,False,[],0.9967237920434456
687,0.08411064751360547,0.06411064751360547,0.9075015906599257,0.8893515588467272,0.9537507953299629,0.010794402811722878,4.419417382415923e-05,0.4599048594138564,16,0,0.0,keep,none,63,0,keep,False,True,False,False,False,False,False,[],0.9967237920434456
688,0.08411064751360547,0.06411064751360547,0.9075015906599257,0.8893515588467272,0.9537507953299629,0.010794402811722878,4.419417382415923e-05,0.4599048594138564,16,0,0.0,keep,none,63,0,keep,False,True,False,False,False,False,False,[],0.9967237920434456
689,0.08411064751360547,0.06411064751360547,0.9075015906599257,0.8893515588467272,0.9537507953299629,0.010794402811722878,4.419417382415923e-05,0.4599048594138564,16,0,0.0,keep,none,63,0,keep,False,True,False,False,False,False,False,[],0.9967237920434456
690,0.08411064751360547,0.06411064751360547,0.9075015906599257,0.8893515588467272,0.9537507953299629,0.010794402811722878,4.419417382415923e-05,0.4599048594138564,16,0,0.0,stop_growth,none,63,0,stop_growth,False,True,False,False,False,False,False,[],0.9967237920434456
691,0.08411064751360547,0.06411064751360547,0.9075015906599257,0.8893515588467272,0.9537507953299629,0.010794402811722878,4.419417382415923e-05,0.4599048594138564,16,0,0.0,keep,none,63,0,keep,False,True,False,False,False,False,False,[],0.9967237920434456
692,0.08411064751360547,0.06411064751360547,0.9075015906599257,0.8893515588467272,0.9537507953299629,0.010794402811722878,4.419417382415923e-05,0.4599048594138564,16,0,0.0,keep,none,63,0,keep,False,True,False,False,False,False,False,[],0.9967237920434456
693,0.08411064751360547,0.06411064751360547,0.9075015906599257,0.8893515588467272,0.9537507953299629,0.010794402811722878,4.419417382415923e-05,0.4599048594138564,16,0,0.0,keep,none,63,0,keep,False,True,False,False,False,False,False,[],0.9967237920434456
694,0.08411064751360547,0.06411064751360547,0.9075015906599257,0.8893515588467272,0.9537507953299629,0.010794402811722878,4.419417382415923e-05,0.4599048594138564,16,0,0.0,keep,none,63,0,keep,False,True,False,False,False,False,False,[],0.9967237920434456
695,0.08411064751360547,0.06411064751360547,0.9075015906599257,0.8893515588467272,0.9537507953299629,0.010794402811722878,4.419417382415923e-05,0.4599048594138564,16,0,0.0,stop_growth,none,63,0,stop_growth,False,True,False,False,False,False,False,[],0.9967237920434456
696,0.08411064751360547,0.06411064751360547,0.9075015906599257,0.8893515588467272,0.9537507953299629,0.010794402811722878,4.419417382415923e-05,0.4599048594138564,16,0,0.0,keep,none,63,0,keep,False,True,False,False,False,False,False,[],0.9967237920434456
697,0.08411064751360547,0.06411064751360547,0.9075015906599257,0.8893515588467272,0.9537507953299629,0.010794402811722878,4.419417382415923e-05,0.4599048594138564,16,0,0.0,keep,none,63,0,keep,False,True,False,False,False,False,False,[],0.9967237920434456
698,0.08411064751360547,0.06411064751360547,0.9075015906599257,0.8893515588467272,0.9537507953299629,0.010794402811722878,4.419417382415923e-05,0.4599048594138564,16,0,0.0,keep,none,63,0,keep,False,True,False,False,False,False,False,[],0.9967237920434456
699,0.08411064751360547,0.06411064751360547,0.9075015906599257,0.8893515588467272,0.9537507953299629,0.010794402811722878,4.419417382415923e-05,0.4599048594138564,16,0,0.0,keep,none,63,0,keep,False,True,False,False,False,False,False,[],0.9967237920434456
700,0.08411064751360547,0.06411064751360547,0.9075015906599257,0.8893515588467272,0.9537507953299629,0.010794402811722878,4.419417382415923e-05,0.4599048594138564,16,0,0.0,stop_growth,none,63,0,stop_growth,False,True,False,False,False,False,False,[],0.9967237920434456
701,0.08411064751360547,0.06411064751360547,0.9075015906599257,0.8893515588467272,0.9537507953299629,0.010794402811722878,4.419417382415923e-05,0.4599048594138564,16,0,0.0,keep,none,63,0,keep,False,True,False,False,False,False,False,[],0.9967237920434456
702,0.08411064751360547,0.06411064751360547,0.9075015906599257,0.8893515588467272,0.9537507953299629,0.010794402811722878,4.419417382415923e-05,0.4599048594138564,16,0,0.0,keep,none,63,0,keep,False,True,False,False,False,False,False,[],0.9967237920434456
703,0.08411064751360547,0.06411064751360547,0.9075015906599257,0.8893515588467272,0.9537507953299629,0.010794402811722878,4.419417382415923e-05,0.4599048594138564,16,0,0.0,keep,none,63,0,keep,False,True,False,False,False,False,False,[],0.9967237920434456
704,0.08411064751360547,0.06411064751360547,0.9075015906599257,0.8893515588467272,0.9537507953299629,0.010794402811722878,4.419417382415923e-05,0.4599048594138564,16,0,0.0,keep,none,63,0,keep,False,True,False,False,False,False,False,[],0.9967237920434456
705,0.08411064751360547,0.06411064751360547,0.9075015906599257,0.8893515588467272,0.9537507953299629,0.010794402811722878,4.419417382415923e-05,0.4599048594138564,16,0,0.0,stop_growth,none,63,0,stop_growth,False,True,False,False,False,False,False,[],0.9967237920434456
706,0.08411064751360547,0.06411064751360547,0.9075015906599257,0.8893515588467272,0.9537507953299629,0.010794402811722878,4.419417382415923e-05,0.4599048594138564,16,0,0.0,keep,none,63,0,keep,False,True,False,False,False,False,False,[],0.9967237920434456
707,0.08411064751360547,0.06411064751360547,0.9075015906599257,0.8893515588467272,0.9537507953299629,0.010794402811722878,4.419417382415923e-05,0.4599048594138564,16,0,0.0,keep,none,63,0,keep,False,True,False,False,False,False,False,[],0.9967237920434456
708,0.08411064751360547,0.06411064751360547,0.9075015906599257,0.8893515588467272,0.9537507953299629,0.010794402811722878,4.419417382415923e-05,0.4599048594138564,16,0,0.0,keep,none,63,0,keep,False,True,False,False,False,False,False,[],0.9967237920434456
709,0.08411064751360547,0.06411064751360547,0.9075015906599257,0.8893515588467272,0.9537507953299629,0.010794402811722878,4.419417382415923e-05,0.4599048594138564,16,0,0.0,keep,none,63,0,keep,False,True,False,False,False,False,False,[],0.9967237920434456
710,0.08411064751360547,0.06411064751360547,0.9075015906599257,0.8893515588467272,0.9537507953299629,0.010794402811722878,4.419417382415923e-05,0.4599048594138564,16,0,0.0,stop_growth,none,63,0,stop_growth,False,True,False,False,False,False,False,[],0.9967237920434456
711,0.08411064751360547,0.06411064751360547,0.9075015906599257,0.8893515588467272,0.9537507953299629,0.010794402811722878,4.419417382415923e-05,0.4599048594138564,16,0,0.0,keep,none,63,0,keep,False,True,False,False,False,False,False,[],0.9967237920434456
712,0.08411064751360547,0.06411064751360547,0.9075015906599257,0.8893515588467272,0.9537507953299629,0.010794402811722878,4.419417382415923e-05,0.4599048594138564,16,0,0.0,keep,none,63,0,keep,False,True,False,False,False,False,False,[],0.9967237920434456
713,0.08411064751360547,0.06411064751360547,0.9075015906599257,0.8893515588467272,0.9537507953299629,0.010794402811722878,4.419417382415923e-05,0.4599048594138564,16,0,0.0,keep,none,63,0,keep,False,True,False,False,False,False,False,[],0.9967237920434456
714,0.08411064751360547,0.06411064751360547,0.9075015906599257,0.8893515588467272,0.9537507953299629,0.010794402811722878,4.419417382415923e-05,0.4599048594138564,16,0,0.0,keep,none,63,0,keep,False,True,False,False,False,False,False,[],0.9967237920434456
715,0.08411064751360547,0.06411064751360547,0.9075015906599257,0.8893515588467272,0.9537507953299629,0.010794402811722878,4.419417382415923e-05,0.4599048594138564,16,0,0.0,stop_growth,none,63,0,stop_growth,False,True,False,False,False,False,False,[],0.9967237920434456
716,0.08411064751360547,0.06411064751360547,0.9075015906599257,0.8893515588467272,0.9537507953299629,0.010794402811722878,4.419417382415923e-05,0.4599048594138564,16,0,0.0,keep,none,63,0,keep,False,True,False,False,False,False,False,[],0.9967237920434456
717,0.08411064751360547,0.06411064751360547,0.9075015906599257,0.8893515588467272,0.9537507953299629,0.010794402811722878,4.419417382415923e-05,0.4599048594138564,16,0,0.0,keep,none,63,0,keep,False,True,False,False,False,False,False,[],0.9967237920434456
718,0.08411064751360547,0.06411064751360547,0.9075015906599257,0.8893515588467272,0.9537507953299629,0.010794402811722878,4.419417382415923e-05,0.4599048594138564,16,0,0.0,keep,none,63,0,keep,False,True,False,False,False,False,False,[],0.9967237920434456
719,0.08411064751360547,0.06411064751360547,0.9075015906599257,0.8893515588467272,0.9537507953299629,0.010794402811722878,4.419417382415923e-05,0.4599048594138564,16,0,0.0,keep,none,63,0,keep,False,True,False,False,False,False,False,[],0.9967237920434456
720,0.08411064751360547,0.06411064751360547,0.9075015906599257,0.8893515588467272,0.9537507953299629,0.010794402811722878,4.419417382415923e-05,0.4599048594138564,16,0,0.0,stop_growth,none,63,0,stop_growth,False,True,False,False,False,False,False,[],0.9967237920434456
721,0.08411064751360547,0.06411064751360547,0.9075015906599257,0.8893515588467272,0.9537507953299629,0.010794402811722878,4.419417382415923e-05,0.4599048594138564,16,0,0.0,keep,none,63,0,keep,False,True,False,False,False,False,False,[],0.9967237920434456
722,0.08411064751360547,0.06411064751360547,0.9075015906599257,0.8893515588467272,0.9537507953299629,0.010794402811722878,4.419417382415923e-05,0.4599048594138564,16,0,0.0,keep,none,63,0,keep,False,True,False,False,False,False,False,[],0.9967237920434456
723,0.08411064751360547,0.06411064751360547,0.9075015906599257,0.8893515588467272,0.9537507953299629,0.010794402811722878,4.419417382415923e-05,0.4599048594138564,16,0,0.0,keep,none,63,0,keep,False,True,False,False,False,False,False,[],0.9967237920434456
724,0.08411064751360547,0.06411064751360547,0.9075015906599257,0.8893515588467272,0.9537507953299629,0.010794402811722878,4.419417382415923e-05,0.4599048594138564,16,0,0.0,keep,none,63,0,keep,False,True,False,False,False,False,False,[],0.9967237920434456
725,0.08411064751360547,0.06411064751360547,0.9075015906599257,0.8893515588467272,0.9537507953299629,0.010794402811722878,4.419417382415923e-05,0.4599048594138564,16,0,0.0,stop_growth,none,63,0,stop_growth,False,True,False,False,False,False,False,[],0.9967237920434456
726,0.08411064751360547,0.06411064751360547,0.9075015906599257,0.8893515588467272,0.9537507953299629,0.010794402811722878,4.419417382415923e-05,0.4599048594138564,16,0,0.0,keep,none,63,0,keep,False,True,False,False,False,False,False,[],0.9967237920434456
727,0.08411064751360547,0.06411064751360547,0.9075015906599257,0.8893515588467272,0.9537507953299629,0.010794402811722878,4.419417382415923e-05,0.4599048594138564,16,0,0.0,keep,none,63,0,keep,False,True,False,False,False,False,False,[],0.9967237920434456
728,0.08411064751360547,0.06411064751360547,0.9075015906599257,0.8893515588467272,0.9537507953299629,0.010794402811722878,4.419417382415923e-05,0.4599048594138564,16,0,0.0,keep,none,63,0,keep,False,True,False,False,False,False,False,[],0.9967237920434456
729,0.08411064751360547,0.06411064751360547,0.9075015906599257,0.8893515588467272,0.9537507953299629,0.010794402811722878,4.419417382415923e-05,0.4599048594138564,16,0,0.0,keep,none,63,0,keep,False,True,False,False,False,False,False,[],0.9967237920434456
730,0.08411064751360547,0.06411064751360547,0.9075015906599257,0.8893515588467272,0.9537507953299629,0.010794402811722878,4.419417382415923e-05,0.4599048594138564,16,0,0.0,stop_growth,none,63,0,stop_growth,False,True,False,False,False,False,False,[],0.9967237920434456
731,0.08411064751360547,0.06411064751360547,0.9075015906599257,0.8893515588467272,0.9537507953299629,0.010794402811722878,4.419417382415923e-05,0.4599048594138564,16,0,0.0,keep,none,63,0,keep,False,True,False,False,False,False,False,[],0.9967237920434456
732,0.08411064751360547,0.06411064751360547,0.9075015906599257,0.8893515588467272,0.9537507953299629,0.010794402811722878,4.419417382415923e-05,0.4599048594138564,16,0,0.0,keep,none,63,0,keep,False,True,False,False,False,False,False,[],0.9967237920434456
733,0.08411064751360547,0.06411064751360547,0.9075015906599257,0.8893515588467272,0.9537507953299629,0.010794402811722878,4.419417382415923e-05,0.4599048594138564,16,0,0.0,keep,none,63,0,keep,False,True,False,False,False,False,False,[],0.9967237920434456
734,0.08411064751360547,0.06411064751360547,0.9075015906599257,0.8893515588467272,0.9537507953299629,0.010794402811722878,4.419417382415923e-05,0.4599048594138564,16,0,0.0,keep,none,63,0,keep,False,True,False,False,False,False,False,[],0.9967237920434456
735,0.08411064751360547,0.06411064751360547,0.9075015906599257,0.8893515588467272,0.9537507953299629,0.010794402811722878,4.419417382415923e-05,0.4599048594138564,16,0,0.0,stop_growth,none,63,0,stop_growth,False,True,False,False,False,False,False,[],0.9967237920434456
736,0.08411064751360547,0.06411064751360547,0.9075015906599257,0.8893515588467272,0.9537507953299629,0.010794402811722878,4.419417382415923e-05,0.4599048594138564,16,0,0.0,keep,none,63,0,keep,False,True,False,False,False,False,False,[],0.9967237920434456
737,0.08411064751360547,0.06411064751360547,0.9075015906599257,0.8893515588467272,0.9537507953299629,0.010794402811722878,4.419417382415923e-05,0.4599048594138564,16,0,0.0,keep,none,63,0,keep,False,True,False,False,False,False,False,[],0.9967237920434456
738,0.08411064751360547,0.06411064751360547,0.9075015906599257,0.8893515588467272,0.9537507953299629,0.010794402811722878,4.419417382415923e-05,0.4599048594138564,16,0,0.0,keep,none,63,0,keep,False,True,False,False,False,False,False,[],0.9967237920434456
739,0.08411064751360547,0.06411064751360547,0.9075015906599257,0.8893515588467272,0.9537507953299629,0.010794402811722878,4.419417382415923e-05,0.4599048594138564,16,0,0.0,keep,none,63,0,keep,False,True,False,False,False,False,False,[],0.9967237920434456
740,0.08411064751360547,0.06411064751360547,0.9075015906599257,0.8893515588467272,0.9537507953299629,0.010794402811722878,4.419417382415923e-05,0.4599048594138564,16,0,0.0,stop_growth,none,63,0,stop_growth,False,True,False,False,False,False,False,[],0.9967237920434456
741,0.08411064751360547,0.06411064751360547,0.9075015906599257,0.8893515588467272,0.9537507953299629,0.010794402811722878,4.419417382415923e-05,0.4599048594138564,16,0,0.0,keep,none,63,0,keep,False,True,False,False,False,False,False,[],0.9967237920434456
742,0.08411064751360547,0.06411064751360547,0.9075015906599257,0.8893515588467272,0.9537507953299629,0.010794402811722878,4.419417382415923e-05,0.4599048594138564,16,0,0.0,keep,none,63,0,keep,False,True,False,False,False,False,False,[],0.9967237920434456
743,0.08411064751360547,0.06411064751360547,0.9075015906599257,0.8893515588467272,0.9537507953299629,0.010794402811722878,4.419417382415923e-05,0.4599048594138564,16,0,0.0,keep,none,63,0,keep,False,True,False,False,False,False,False,[],0.9967237920434456
744,0.08411064751360547,0.06411064751360547,0.9075015906599257,0.8893515588467272,0.9537507953299629,0.010794402811722878,4.419417382415923e-05,0.4599048594138564,16,0,0.0,keep,none,63,0,keep,False,True,False,False,False,False,False,[],0.9967237920434456
745,0.08411064751360547,0.06411064751360547,0.9075015906599257,0.8893515588467272,0.9537507953299629,0.010794402811722878,4.419417382415923e-05,0.4599048594138564,16,0,0.0,stop_growth,none,63,0,stop_growth,False,True,False,False,False,False,False,[],0.9967237920434456
746,0.08411064751360547,0.06411064751360547,0.9075015906599257,0.8893515588467272,0.9537507953299629,0.010794402811722878,4.419417382415923e-05,0.4599048594138564,16,0,0.0,keep,none,63,0,keep,False,True,False,False,False,False,False,[],0.9967237920434456
747,0.08411064751360547,0.06411064751360547,0.9075015906599257,0.8893515588467272,0.9537507953299629,0.010794402811722878,4.419417382415923e-05,0.4599048594138564,16,0,0.0,keep,none,63,0,keep,False,True,False,False,False,False,False,[],0.9967237920434456
748,0.08411064751360547,0.06411064751360547,0.9075015906599257,0.8893515588467272,0.9537507953299629,0.010794402811722878,4.419417382415923e-05,0.4599048594138564,16,0,0.0,keep,none,63,0,keep,False,True,False,False,False,False,False,[],0.9967237920434456
749,0.08411064751360547,0.06411064751360547,0.9075015906599257,0.8893515588467272,0.9537507953299629,0.010794402811722878,4.419417382415923e-05,0.4599048594138564,16,0,0.0,keep,none,63,0,keep,False,True,False,False,False,False,False,[],0.9967237920434456
750,0.08411064751360547,0.06411064751360547,0.9075015906599257,0.8893515588467272,0.9537507953299629,0.010794402811722878,4.419417382415923e-05,0.4599048594138564,16,0,0.0,stop_growth,none,63,0,stop_growth,False,True,False,False,False,False,False,[],0.9967237920434456
751,0.08411064751360547,0.06411064751360547,0.9075015906599257,0.8893515588467272,0.9537507953299629,0.010794402811722878,4.419417382415923e-05,0.4599048594138564,16,0,0.0,keep,none,63,0,keep,False,True,False,False,False,False,False,[],0.9967237920434456
752,0.08411064751360547,0.06411064751360547,0.9075015906599257,0.8893515588467272,0.9537507953299629,0.010794402811722878,4.419417382415923e-05,0.4599048594138564,16,0,0.0,keep,none,63,0,keep,False,True,False,False,False,False,False,[],0.9967237920434456
753,0.08411064751360547,0.06411064751360547,0.9075015906599257,0.8893515588467272,0.9537507953299629,0.010794402811722878,4.419417382415923e-05,0.4599048594138564,16,0,0.0,keep,none,63,0,keep,False,True,False,False,False,False,False,[],0.9967237920434456
754,0.08411064751360547,0.06411064751360547,0.9075015906599257,0.8893515588467272,0.9537507953299629,0.010794402811722878,4.419417382415923e-05,0.4599048594138564,16,0,0.0,keep,none,63,0,keep,False,True,False,False,False,False,False,[],0.9967237920434456
755,0.08411064751360547,0.06411064751360547,0.9075015906599257,0.8893515588467272,0.9537507953299629,0.010794402811722878,4.419417382415923e-05,0.4599048594138564,16,0,0.0,stop_growth,none,63,0,stop_growth,False,True,False,False,False,False,False,[],0.9967237920434456
756,0.08411064751360547,0.06411064751360547,0.9075015906599257,0.8893515588467272,0.9537507953299629,0.010794402811722878,4.419417382415923e-05,0.4599048594138564,16,0,0.0,keep,none,63,0,keep,False,True,False,False,False,False,False,[],0.9967237920434456
757,0.08411064751360547,0.06411064751360547,0.9075015906599257,0.8893515588467272,0.9537507953299629,0.010794402811722878,4.419417382415923e-05,0.4599048594138564,16,0,0.0,keep,none,63,0,keep,False,True,False,False,False,False,False,[],0.9967237920434456
758,0.08411064751360547,0.06411064751360547,0.9075015906599257,0.8893515588467272,0.9537507953299629,0.010794402811722878,4.419417382415923e-05,0.4599048594138564,16,0,0.0,keep,none,63,0,keep,False,True,False,False,False,False,False,[],0.9967237920434456
759,0.08411064751360547,0.06411064751360547,0.9075015906599257,0.8893515588467272,0.9537507953299629,0.010794402811722878,4.419417382415923e-05,0.4599048594138564,16,0,0.0,keep,none,63,0,keep,False,True,False,False,False,False,False,[],0.9967237920434456
760,0.08411064751360547,0.06411064751360547,0.9075015906599257,0.8893515588467272,0.9537507953299629,0.010794402811722878,4.419417382415923e-05,0.4599048594138564,16,0,0.0,stop_growth,none,63,0,stop_growth,False,True,False,False,False,False,False,[],0.9967237920434456
761,0.08411064751360547,0.06411064751360547,0.9075015906599257,0.8893515588467272,0.9537507953299629,0.010794402811722878,4.419417382415923e-05,0.4599048594138564,16,0,0.0,keep,none,63,0,keep,False,True,False,False,False,False,False,[],0.9967237920434456
762,0.08411064751360547,0.06411064751360547,0.9075015906599257,0.8893515588467272,0.9537507953299629,0.010794402811722878,4.419417382415923e-05,0.4599048594138564,16,0,0.0,keep,none,63,0,keep,False,True,False,False,False,False,False,[],0.9967237920434456
763,0.08411064751360547,0.06411064751360547,0.9075015906599257,0.8893515588467272,0.9537507953299629,0.010794402811722878,4.419417382415923e-05,0.4599048594138564,16,0,0.0,keep,none,63,0,keep,False,True,False,False,False,False,False,[],0.9967237920434456
764,0.08411064751360547,0.06411064751360547,0.9075015906599257,0.8893515588467272,0.9537507953299629,0.010794402811722878,4.419417382415923e-05,0.4599048594138564,16,0,0.0,keep,none,63,0,keep,False,True,False,False,False,False,False,[],0.9967237920434456
765,0.08411064751360547,0.06411064751360547,0.9075015906599257,0.8893515588467272,0.9537507953299629,0.010794402811722878,4.419417382415923e-05,0.4599048594138564,16,0,0.0,stop_growth,none,63,0,stop_growth,False,True,False,False,False,False,False,[],0.9967237920434456
766,0.08411064751360547,0.06411064751360547,0.9075015906599257,0.8893515588467272,0.9537507953299629,0.010794402811722878,4.419417382415923e-05,0.4599048594138564,16,0,0.0,keep,none,63,0,keep,False,True,False,False,False,False,False,[],0.9967237920434456
767,0.08411064751360547,0.06411064751360547,0.9075015906599257,0.8893515588467272,0.9537507953299629,0.010794402811722878,4.419417382415923e-05,0.4599048594138564,16,0,0.0,keep,none,63,0,keep,False,True,False,False,False,False,False,[],0.9967237920434456
768,0.08411064751360547,0.06411064751360547,0.9075015906599257,0.8893515588467272,0.9537507953299629,0.010794402811722878,4.419417382415923e-05,0.4599048594138564,16,0,0.0,keep,none,63,0,keep,False,True,False,False,False,False,False,[],0.9967237920434456
769,0.08411064751360547,0.06411064751360547,0.9075015906599257,0.8893515588467272,0.9537507953299629,0.010794402811722878,4.419417382415923e-05,0.4599048594138564,16,0,0.0,keep,none,63,0,keep,False,True,False,False,False,False,False,[],0.9967237920434456
770,0.08411064751360547,0.06411064751360547,0.9075015906599257,0.8893515588467272,0.9537507953299629,0.010794402811722878,4.419417382415923e-05,0.4599048594138564,16,0,0.0,stop_growth,none,63,0,stop_growth,False,True,False,False,False,False,False,[],0.9967237920434456
771,0.08411064751360547,0.06411064751360547,0.9075015906599257,0.8893515588467272,0.9537507953299629,0.010794402811722878,4.419417382415923e-05,0.4599048594138564,16,0,0.0,keep,none,63,0,keep,False,True,False,False,False,False,False,[],0.9967237920434456
772,0.08411064751360547,0.06411064751360547,0.9075015906599257,0.8893515588467272,0.9537507953299629,0.010794402811722878,4.419417382415923e-05,0.4599048594138564,16,0,0.0,keep,none,63,0,keep,False,True,False,False,False,False,False,[],0.9967237920434456
773,0.08411064751360547,0.06411064751360547,0.9075015906599257,0.8893515588467272,0.9537507953299629,0.010794402811722878,4.419417382415923e-05,0.4599048594138564,16,0,0.0,keep,none,63,0,keep,False,True,False,False,False,False,False,[],0.9967237920434456
774,0.08411064751360547,0.06411064751360547,0.9075015906599257,0.8893515588467272,0.9537507953299629,0.010794402811722878,4.419417382415923e-05,0.4599048594138564,16,0,0.0,keep,none,63,0,keep,False,True,False,False,False,False,False,[],0.9967237920434456
775,0.08411064751360547,0.06411064751360547,0.9075015906599257,0.8893515588467272,0.9537507953299629,0.010794402811722878,4.419417382415923e-05,0.4599048594138564,16,0,0.0,stop_growth,none,63,0,stop_growth,False,True,False,False,False,False,False,[],0.9967237920434456
776,0.08411064751360547,0.06411064751360547,0.9075015906599257,0.8893515588467272,0.9537507953299629,0.010794402811722878,4.419417382415923e-05,0.4599048594138564,16,0,0.0,keep,none,63,0,keep,False,True,False,False,False,False,False,[],0.9967237920434456
777,0.08411064751360547,0.06411064751360547,0.9075015906599257,0.8893515588467272,0.9537507953299629,0.010794402811722878,4.419417382415923e-05,0.4599048594138564,16,0,0.0,keep,none,63,0,keep,False,True,False,False,False,False,False,[],0.9967237920434456
778,0.08411064751360547,0.06411064751360547,0.9075015906599257,0.8893515588467272,0.9537507953299629,0.010794402811722878,4.419417382415923e-05,0.4599048594138564,16,0,0.0,keep,none,63,0,keep,False,True,False,False,False,False,False,[],0.9967237920434456
779,0.08411064751360547,0.06411064751360547,0.9075015906599257,0.8893515588467272,0.9537507953299629,0.010794402811722878,4.419417382415923e-05,0.4599048594138564,16,0,0.0,keep,none,63,0,keep,False,True,False,False,False,False,False,[],0.9967237920434456
780,0.08411064751360547,0.06411064751360547,0.9075015906599257,0.8893515588467272,0.9537507953299629,0.010794402811722878,4.419417382415923e-05,0.4599048594138564,16,0,0.0,stop_growth,none,63,0,stop_growth,False,True,False,False,False,False,False,[],0.9967237920434456
781,0.08411064751360547,0.06411064751360547,0.9075015906599257,0.8893515588467272,0.9537507953299629,0.010794402811722878,4.419417382415923e-05,0.4599048594138564,16,0,0.0,keep,none,63,0,keep,False,True,False,False,False,False,False,[],0.9967237920434456
782,0.08411064751360547,0.06411064751360547,0.9075015906599257,0.8893515588467272,0.9537507953299629,0.010794402811722878,4.419417382415923e-05,0.4599048594138564,16,0,0.0,keep,none,63,0,keep,False,True,False,False,False,False,False,[],0.9967237920434456
783,0.08411064751360547,0.06411064751360547,0.9075015906599257,0.8893515588467272,0.9537507953299629,0.010794402811722878,4.419417382415923e-05,0.4599048594138564,16,0,0.0,keep,none,63,0,keep,False,True,False,False,False,False,False,[],0.9967237920434456
784,0.08411064751360547,0.06411064751360547,0.9075015906599257,0.8893515588467272,0.9537507953299629,0.010794402811722878,4.419417382415923e-05,0.4599048594138564,16,0,0.0,keep,none,63,0,keep,False,True,False,False,False,False,False,[],0.9967237920434456
785,0.08411064751360547,0.06411064751360547,0.9075015906599257,0.8893515588467272,0.9537507953299629,0.010794402811722878,4.419417382415923e-05,0.4599048594138564,16,0,0.0,stop_growth,none,63,0,stop_growth,False,True,False,False,False,False,False,[],0.9967237920434456
786,0.08411064751360547,0.06411064751360547,0.9075015906599257,0.8893515588467272,0.9537507953299629,0.010794402811722878,4.419417382415923e-05,0.4599048594138564,16,0,0.0,keep,none,63,0,keep,False,True,False,False,False,False,False,[],0.9967237920434456
787,0.08411064751360547,0.06411064751360547,0.9075015906599257,0.8893515588467272,0.9537507953299629,0.010794402811722878,4.419417382415923e-05,0.4599048594138564,16,0,0.0,keep,none,63,0,keep,False,True,False,False,False,False,False,[],0.9967237920434456
788,0.08411064751360547,0.06411064751360547,0.9075015906599257,0.8893515588467272,0.9537507953299629,0.010794402811722878,4.419417382415923e-05,0.4599048594138564,16,0,0.0,keep,none,63,0,keep,False,True,False,False,False,False,False,[],0.9967237920434456
789,0.08411064751360547,0.06411064751360547,0.9075015906599257,0.8893515588467272,0.9537507953299629,0.010794402811722878,4.419417382415923e-05,0.4599048594138564,16,0,0.0,keep,none,63,0,keep,False,True,False,False,False,False,False,[],0.9967237920434456
790,0.08411064751360547,0.06411064751360547,0.9075015906599257,0.8893515588467272,0.9537507953299629,0.010794402811722878,4.419417382415923e-05,0.4599048594138564,16,0,0.0,stop_growth,none,63,0,stop_growth,False,True,False,False,False,False,False,[],0.9967237920434456
791,0.08411064751360547,0.06411064751360547,0.9075015906599257,0.8893515588467272,0.9537507953299629,0.010794402811722878,4.419417382415923e-05,0.4599048594138564,16,0,0.0,keep,none,63,0,keep,False,True,False,False,False,False,False,[],0.9967237920434456
792,0.08411064751360547,0.06411064751360547,0.9075015906599257,0.8893515588467272,0.9537507953299629,0.010794402811722878,4.419417382415923e-05,0.4599048594138564,16,0,0.0,keep,none,63,0,keep,False,True,False,False,False,False,False,[],0.9967237920434456
793,0.08411064751360547,0.06411064751360547,0.9075015906599257,0.8893515588467272,0.9537507953299629,0.010794402811722878,4.419417382415923e-05,0.4599048594138564,16,0,0.0,keep,none,63,0,keep,False,True,False,False,False,False,False,[],0.9967237920434456
794,0.08411064751360547,0.06411064751360547,0.9075015906599257,0.8893515588467272,0.9537507953299629,0.010794402811722878,4.419417382415923e-05,0.4599048594138564,16,0,0.0,keep,none,63,0,keep,False,True,False,False,False,False,False,[],0.9967237920434456
795,0.08411064751360547,0.06411064751360547,0.9075015906599257,0.8893515588467272,0.9537507953299629,0.010794402811722878,4.419417382415923e-05,0.4599048594138564,16,0,0.0,stop_growth,none,63,0,stop_growth,False,True,False,False,False,False,False,[],0.9967237920434456
796,0.08411064751360547,0.06411064751360547,0.9075015906599257,0.8893515588467272,0.9537507953299629,0.010794402811722878,4.419417382415923e-05,0.4599048594138564,16,0,0.0,keep,none,63,0,keep,False,True,False,False,False,False,False,[],0.9967237920434456
797,0.08411064751360547,0.06411064751360547,0.9075015906599257,0.8893515588467272,0.9537507953299629,0.010794402811722878,4.419417382415923e-05,0.4599048594138564,16,0,0.0,keep,none,63,0,keep,False,True,False,False,False,False,False,[],0.9967237920434456
798,0.08411064751360547,0.06411064751360547,0.9075015906599257,0.8893515588467272,0.9537507953299629,0.010794402811722878,4.419417382415923e-05,0.4599048594138564,16,0,0.0,keep,none,63,0,keep,False,True,False,False,False,False,False,[],0.9967237920434456
799,0.08411064751360547,0.06411064751360547,0.9075015906599257,0.8893515588467272,0.9537507953299629,0.010794402811722878,4.419417382415923e-05,0.4599048594138564,16,0,0.0,keep,none,63,0,keep,False,True,False,False,False,False,False,[],0.9967237920434456
