epoch,training_loss,validation_loss,accuracy,f1,roc_auc,grad_norm,spatial_grad_variance,near_zero_ratio,depth,n_entangling_gates,entangler_strength,scheduler_action,mutation_status,n_commits,n_rollbacks,proposed_action,vetoed,is_solved,is_converged,is_true_bp,is_local_min,is_ambiguous,is_dead_layer,dead_layers,te_p_solved
0,0.6933411884470184,0.6733411884470184,0.028507879891764065,0.027937722293928782,0.5142539399458821,0.03574341866843103,0.006647869871181237,0.4839051238174536,2,16,1.0,keep,none,0,0,keep,False,False,False,False,False,False,False,[],0.0015517426073615723
1,0.6719533200006927,0.6519533200006927,0.05936615206940887,0.05817882902802069,0.5296830760347044,0.03574341866843103,0.006647869871181237,0.4839051238174536,2,16,1.0,keep,none,0,0,keep,False,False,False,False,False,False,False,[],0.001882291350607175
2,0.6425125575138739,0.6225125575138739,0.10184308539334319,0.09980622368547633,0.5509215426966716,0.03574341866843103,0.006647869871181237,0.4839051238174536,2,16,1.0,keep,none,0,0,keep,False,False,False,False,False,False,False,[],0.002840117109141004
3,0.6206325188049668,0.6006325188049668,0.13341145750257277,0.1307432283525213,0.5667057287512864,0.03574341866843103,0.006647869871181237,0.4839051238174536,2,16,1.0,keep,none,0,0,keep,False,False,False,False,False,False,False,[],0.0043477795415890474
4,0.5994120352942496,0.5794120352942496,0.16402822782535054,0.16074766326884352,0.5820141139126753,0.03574341866843103,0.006647869871181237,0.4839051238174536,2,16,1.0,keep,none,0,0,keep,False,False,False,False,False,False,False,[],0.00663600116341744
5,0.5853886688139033,0.5653886688139033,0.18426104629360374,0.18057582536773165,0.5921305231468019,0.03574341866843103,0.006647869871181237,0.4839051238174536,2,16,1.0,keep,none,0,0,keep,False,False,False,False,False,False,False,[],0.00929545539715514
6,0.5643456450521713,0.5443456450521713,0.21462177888880207,0.21032934331102604,0.607310889444401,0.03574341866843103,0.006647869871181237,0.4839051238174536,2,16,1.0,keep,none,0,0,keep,False,False,False,False,False,False,False,[],0.013615837995141001
7,0.5544339954071615,0.5344339954071615,0.2289222400704639,0.22434379526905462,0.6144611200352319,0.03574341866843103,0.006647869871181237,0.4839051238174536,2,16,1.0,keep,none,0,0,keep,False,False,False,False,False,False,False,[],0.017927499845602893
8,0.537280469842843,0.5172804698428429,0.2536712309293855,0.24859780631079778,0.6268356154646928,0.03574341866843103,0.006647869871181237,0.4839051238174536,2,16,1.0,keep,none,0,0,keep,False,False,False,False,False,False,False,[],0.02437219378500208
9,0.537280469842843,0.5172804698428429,0.2536712309293855,0.24859780631079778,0.6268356154646928,0.03574341866843103,0.006647869871181237,0.4839051238174536,2,16,1.0,keep,none,0,0,keep,False,False,False,False,False,False,False,[],0.028239010148641594
10,0.537280469842843,0.5172804698428429,0.2536712309293855,0.24859780631079778,0.6268356154646928,0.05728238778599873,0.005126208440619498,0.34883355268521976,3,24,1.0,add_layer,committed,1,0,add_layer,False,False,False,False,False,False,False,[],0.0305590999668253
11,0.4917917611378034,0.47179176113780336,0.3193020326968643,0.312915992042927,0.6596510163484322,0.05728238778599873,0.005126208440619498,0.34883355268521976,3,24,1.0,keep,none,1,0,keep,False,False,False,False,False,False,False,[],0.05052769281350389
12,0.4687101639059836,0.44871016390598356,0.35260400532970204,0.345551925223108,0.676302002664851,0.05728238778599873,0.005126208440619498,0.34883355268521976,3,24,1.0,keep,none,1,0,keep,False,False,False,False,False,False,False,[],0.07909186747618786
13,0.44300626463741677,0.42300626463741675,0.3896894176346606,0.38189562928196735,0.6948447088173303,0.05728238778599873,0.005126208440619498,0.34883355268521976,3,24,1.0,keep,none,1,0,keep,False,False,False,False,False,False,False,[],0.1228343855907712
14,0.4339183958275801,0.41391839582758005,0.40280133338972723,0.3947453067219327,0.7014006666948636,0.05728238778599873,0.005126208440619498,0.34883355268521976,3,24,1.0,keep,none,1,0,keep,False,False,False,False,False,False,False,[],0.16083189869583187
15,0.4339183958275801,0.41391839582758005,0.40280133338972723,0.3947453067219327,0.7014006666948636,0.06412726944600147,0.003952847075210475,0.35122730553998543,4,32,1.0,add_layer,committed,2,0,add_layer,False,False,False,False,False,False,False,[],0.18363040655886825
16,0.3935533519252721,0.37355335192527206,0.46103974617620536,0.45181895125268123,0.7305198730881026,0.06412726944600147,0.003952847075210475,0.35122730553998543,4,32,1.0,keep,none,2,0,keep,False,False,False,False,False,False,False,[],0.26392373234298255
17,0.36068512898170746,0.34068512898170744,0.5084617963039859,0.4982925603779062,0.754230898151993,0.06412726944600147,0.003952847075210475,0.35122730553998543,4,32,1.0,keep,none,2,0,keep,False,False,False,False,False,False,False,[],0.3769302863423778
18,0.35341993164460883,0.3334199316446088,0.5189439739653603,0.508565094486053,0.7594719869826801,0.06412726944600147,0.003952847075210475,0.35122730553998543,4,32,1.0,keep,none,2,0,keep,False,False,False,False,False,False,False,[],0.45901775702006176
19,0.35341993164460883,0.3334199316446088,0.5189439739653603,0.508565094486053,0.7594719869826801,0.06412726944600147,0.003952847075210475,0.35122730553998543,4,32,1.0,keep,none,2,0,keep,False,False,False,False,False,False,False,[],0.5082702394266722
20,0.35341993164460883,0.3334199316446088,0.5189439739653603,0.508565094486053,0.7594719869826801,0.06591161734391818,0.0030480617752858554,0.3666327624318033,5,40,1.0,add_layer,committed,3,0,add_layer,False,True,False,False,False,False,False,[],0.5378217288706384
21,0.3112554628041368,0.2912554628041368,0.5797785849024142,0.5681830132043659,0.7898892924512071,0.06591161734391818,0.0030480617752858554,0.3666327624318033,5,40,1.0,keep,none,3,0,keep,False,True,False,False,False,False,False,[],0.628304198389044
22,0.29072766470286543,0.2707276647028654,0.6093959533936439,0.5972080343257711,0.804697976696822,0.06591161734391818,0.0030480617752858554,0.3666327624318033,5,40,1.0,keep,none,3,0,keep,False,True,False,False,False,False,False,[],0.708972327744114
23,0.29072766470286543,0.2707276647028654,0.6093959533936439,0.5972080343257711,0.804697976696822,0.06591161734391818,0.0030480617752858554,0.3666327624318033,5,40,1.0,keep,none,3,0,keep,False,True,False,False,False,False,False,[],0.757373205357156
24,0.29072766470286543,0.2707276647028654,0.6093959533936439,0.5972080343257711,0.804697976696822,0.06591161734391818,0.0030480617752858554,0.3666327624318033,5,40,1.0,keep,none,3,0,keep,False,True,False,False,False,False,False,[],0.7864137319249811
25,0.29072766470286543,0.2707276647028654,0.6093959533936439,0.5972080343257711,0.804697976696822,0.06488109326140659,0.0023503769331789967,0.3829918855952689,6,48,1.0,add_layer,committed,4,0,add_layer,False,True,False,False,False,False,False,[],0.8038380478656761
26,0.24190287811611402,0.22190287811611403,0.6798400258027499,0.6662432252866949,0.839920012901375,0.06488109326140659,0.0023503769331789967,0.3829918855952689,6,48,1.0,keep,none,4,0,keep,False,True,False,False,False,False,False,[],0.853651521847766
27,0.24190287811611402,0.22190287811611403,0.6798400258027499,0.6662432252866949,0.839920012901375,0.06488109326140659,0.0023503769331789967,0.3829918855952689,6,48,1.0,keep,none,4,0,keep,False,True,False,False,False,False,False,[],0.88353960623702
28,0.24190287811611402,0.22190287811611403,0.6798400258027499,0.6662432252866949,0.839920012901375,0.06488109326140659,0.0023503769331789967,0.3829918855952689,6,48,1.0,keep,none,4,0,keep,False,True,False,False,False,False,False,[],0.9014724568705723
29,0.24190287811611402,0.22190287811611403,0.6798400258027499,0.6662432252866949,0.839920012901375,0.06488109326140659,0.0023503769331789967,0.3829918855952689,6,48,1.0,keep,none,4,0,keep,False,True,False,False,False,False,False,[],0.9122321672507038
30,0.24190287811611402,0.22190287811611403,0.6798400258027499,0.6662432252866949,0.839920012901375,0.06488109326140659,0.0023503769331789967,0.3829918855952689,6,48,1.0,stop_growth,none,4,0,stop_growth,False,True,False,False,False,False,False,[],0.9186879934787826
31,0.24190287811611402,0.22190287811611403,0.6798400258027499,0.6662432252866949,0.839920012901375,0.06488109326140659,0.0023503769331789967,0.3829918855952689,6,48,1.0,keep,none,4,0,keep,False,True,False,False,False,False,False,[],0.92256148921563
32,0.24190287811611402,0.22190287811611403,0.6798400258027499,0.6662432252866949,0.839920012901375,0.06488109326140659,0.0023503769331789967,0.3829918855952689,6,48,1.0,keep,none,4,0,keep,False,True,False,False,False,False,False,[],0.9248855866577383
33,0.24190287811611402,0.22190287811611403,0.6798400258027499,0.6662432252866949,0.839920012901375,0.06488109326140659,0.0023503769331789967,0.3829918855952689,6,48,1.0,keep,none,4,0,keep,False,True,False,False,False,False,False,[],0.9262800451230033
34,0.24190287811611402,0.22190287811611403,0.6798400258027499,0.6662432252866949,0.839920012901375,0.06488109326140659,0.0023503769331789967,0.3829918855952689,6,48,1.0,keep,none,4,0,keep,False,True,False,False,False,False,False,[],0.9271167202021624
35,0.24190287811611402,0.22190287811611403,0.6798400258027499,0.6662432252866949,0.839920012901375,0.06488109326140659,0.0023503769331789967,0.3829918855952689,6,48,1.0,stop_growth,none,4,0,stop_growth,False,True,False,False,False,False,False,[],0.9276187252496578
36,0.24190287811611402,0.22190287811611403,0.6798400258027499,0.6662432252866949,0.839920012901375,0.06488109326140659,0.0023503769331789967,0.3829918855952689,6,48,1.0,keep,none,4,0,keep,False,True,False,False,False,False,False,[],0.9279199282781551
37,0.24190287811611402,0.22190287811611403,0.6798400258027499,0.6662432252866949,0.839920012901375,0.06488109326140659,0.0023503769331789967,0.3829918855952689,6,48,1.0,keep,none,4,0,keep,False,True,False,False,False,False,False,[],0.9281006500952534
38,0.24190287811611402,0.22190287811611403,0.6798400258027499,0.6662432252866949,0.839920012901375,0.06488109326140659,0.0023503769331789967,0.3829918855952689,6,48,1.0,keep,none,4,0,keep,False,True,False,False,False,False,False,[],0.9282090831855124
39,0.24190287811611402,0.22190287811611403,0.6798400258027499,0.6662432252866949,0.839920012901375,0.06488109326140659,0.0023503769331789967,0.3829918855952689,6,48,1.0,keep,none,4,0,keep,False,True,False,False,False,False,False,[],0.9282741430396678
40,0.24190287811611402,0.22190287811611403,0.6798400258027499,0.6662432252866949,0.839920012901375,0.06488109326140659,0.0023503769331789967,0.3829918855952689,6,48,1.0,stop_growth,none,4,0,stop_growth,False,True,False,False,False,False,False,[],0.928313178952161
41,0.24190287811611402,0.22190287811611403,0.6798400258027499,0.6662432252866949,0.839920012901375,0.06488109326140659,0.0023503769331789967,0.3829918855952689,6,48,1.0,keep,none,4,0,keep,False,True,False,False,False,False,False,[],0.9283366004996569
42,0.24190287811611402,0.22190287811611403,0.6798400258027499,0.6662432252866949,0.839920012901375,0.06488109326140659,0.0023503769331789967,0.3829918855952689,6,48,1.0,keep,none,4,0,keep,False,True,False,False,False,False,False,[],0.9283506534281545
43,0.24190287811611402,0.22190287811611403,0.6798400258027499,0.6662432252866949,0.839920012901375,0.06488109326140659,0.0023503769331789967,0.3829918855952689,6,48,1.0,keep,none,4,0,keep,False,True,False,False,False,False,False,[],0.928359085185253
44,0.24190287811611402,0.22190287811611403,0.6798400258027499,0.6662432252866949,0.839920012901375,0.06488109326140659,0.0023503769331789967,0.3829918855952689,6,48,1.0,keep,none,4,0,keep,False,True,False,False,False,False,False,[],0.9283641442395122
45,0.24190287811611402,0.22190287811611403,0.6798400258027499,0.6662432252866949,0.839920012901375,0.06488109326140659,0.0023503769331789967,0.3829918855952689,6,48,1.0,stop_growth,none,4,0,stop_growth,False,True,False,False,False,False,False,[],0.9283671796720677
46,0.24190287811611402,0.22190287811611403,0.6798400258027499,0.6662432252866949,0.839920012901375,0.06488109326140659,0.0023503769331789967,0.3829918855952689,6,48,1.0,keep,none,4,0,keep,False,True,False,False,False,False,False,[],0.928369000931601
47,0.24190287811611402,0.22190287811611403,0.6798400258027499,0.6662432252866949,0.839920012901375,0.06488109326140659,0.0023503769331789967,0.3829918855952689,6,48,1.0,keep,none,4,0,keep,False,True,False,False,False,False,False,[],0.9283700936873209
48,0.24190287811611402,0.22190287811611403,0.6798400258027499,0.6662432252866949,0.839920012901375,0.06488109326140659,0.0023503769331789967,0.3829918855952689,6,48,1.0,keep,none,4,0,keep,False,True,False,False,False,False,False,[],0.9283707493407529
49,0.24190287811611402,0.22190287811611403,0.6798400258027499,0.6662432252866949,0.839920012901375,0.06488109326140659,0.0023503769331789967,0.3829918855952689,6,48,1.0,keep,none,4,0,keep,False,True,False,False,False,False,False,[],0.9283711427328121
50,0.24190287811611402,0.22190287811611403,0.6798400258027499,0.6662432252866949,0.839920012901375,0.06488109326140659,0.0023503769331789967,0.3829918855952689,6,48,1.0,stop_growth,none,4,0,stop_growth,False,True,False,False,False,False,False,[],0.9283713787680477
51,0.24190287811611402,0.22190287811611403,0.6798400258027499,0.6662432252866949,0.839920012901375,0.06488109326140659,0.0023503769331789967,0.3829918855952689,6,48,1.0,keep,none,4,0,keep,False,True,False,False,False,False,False,[],0.9283715203891889
52,0.24190287811611402,0.22190287811611403,0.6798400258027499,0.6662432252866949,0.839920012901375,0.06488109326140659,0.0023503769331789967,0.3829918855952689,6,48,1.0,keep,none,4,0,keep,False,True,False,False,False,False,False,[],0.9283716053618737
53,0.24190287811611402,0.22190287811611403,0.6798400258027499,0.6662432252866949,0.839920012901375,0.06488109326140659,0.0023503769331789967,0.3829918855952689,6,48,1.0,keep,none,4,0,keep,False,True,False,False,False,False,False,[],0.9283716563454846
54,0.24190287811611402,0.22190287811611403,0.6798400258027499,0.6662432252866949,0.839920012901375,0.06488109326140659,0.0023503769331789967,0.3829918855952689,6,48,1.0,keep,none,4,0,keep,False,True,False,False,False,False,False,[],0.9283716869356511
55,0.24190287811611402,0.22190287811611403,0.6798400258027499,0.6662432252866949,0.839920012901375,0.06488109326140659,0.0023503769331789967,0.3829918855952689,6,48,1.0,stop_growth,none,4,0,stop_growth,False,True,False,False,False,False,False,[],0.928371705289751
56,0.24190287811611402,0.22190287811611403,0.6798400258027499,0.6662432252866949,0.839920012901375,0.06488109326140659,0.0023503769331789967,0.3829918855952689,6,48,1.0,keep,none,4,0,keep,False,True,False,False,False,False,False,[],0.9283717163022109
57,0.24190287811611402,0.22190287811611403,0.6798400258027499,0.6662432252866949,0.839920012901375,0.06488109326140659,0.0023503769331789967,0.3829918855952689,6,48,1.0,keep,none,4,0,keep,False,True,False,False,False,False,False,[],0.928371722909687
58,0.24190287811611402,0.22190287811611403,0.6798400258027499,0.6662432252866949,0.839920012901375,0.06488109326140659,0.0023503769331789967,0.3829918855952689,6,48,1.0,keep,none,4,0,keep,False,True,False,False,False,False,False,[],0.9283717268741726
59,0.24190287811611402,0.22190287811611403,0.6798400258027499,0.6662432252866949,0.839920012901375,0.06488109326140659,0.0023503769331789967,0.3829918855952689,6,48,1.0,keep,none,4,0,keep,False,True,False,False,False,False,False,[],0.9283717292528639
60,0.24190287811611402,0.22190287811611403,0.6798400258027499,0.6662432252866949,0.839920012901375,0.06488109326140659,0.0023503769331789967,0.3829918855952689,6,48,1.0,stop_growth,none,4,0,stop_growth,False,True,False,False,False,False,False,[],0.9283717306800787
61,0.24190287811611402,0.22190287811611403,0.6798400258027499,0.6662432252866949,0.839920012901375,0.06488109326140659,0.0023503769331789967,0.3829918855952689,6,48,1.0,keep,none,4,0,keep,False,True,False,False,False,False,False,[],0.9283717315364076
62,0.24190287811611402,0.22190287811611403,0.6798400258027499,0.6662432252866949,0.839920012901375,0.06488109326140659,0.0023503769331789967,0.3829918855952689,6,48,1.0,keep,none,4,0,keep,False,True,False,False,False,False,False,[],0.928371732050205
63,0.24190287811611402,0.22190287811611403,0.6798400258027499,0.6662432252866949,0.839920012901375,0.06488109326140659,0.0023503769331789967,0.3829918855952689,6,48,1.0,keep,none,4,0,keep,False,True,False,False,False,False,False,[],0.9283717323584834
64,0.24190287811611402,0.22190287811611403,0.6798400258027499,0.6662432252866949,0.839920012901375,0.06488109326140659,0.0023503769331789967,0.3829918855952689,6,48,1.0,keep,none,4,0,keep,False,True,False,False,False,False,False,[],0.9283717325434504
65,0.24190287811611402,0.22190287811611403,0.6798400258027499,0.6662432252866949,0.839920012901375,0.06488109326140659,0.0023503769331789967,0.3829918855952689,6,48,1.0,stop_growth,none,4,0,stop_growth,False,True,False,False,False,False,False,[],0.9283717326544306
66,0.24190287811611402,0.22190287811611403,0.6798400258027499,0.6662432252866949,0.839920012901375,0.06488109326140659,0.0023503769331789967,0.3829918855952689,6,48,1.0,keep,none,4,0,keep,False,True,False,False,False,False,False,[],0.9283717327210187
67,0.24190287811611402,0.22190287811611403,0.6798400258027499,0.6662432252866949,0.839920012901375,0.06488109326140659,0.0023503769331789967,0.3829918855952689,6,48,1.0,keep,none,4,0,keep,False,True,False,False,False,False,False,[],0.9283717327609716
68,0.24190287811611402,0.22190287811611403,0.6798400258027499,0.6662432252866949,0.839920012901375,0.06488109326140659,0.0023503769331789967,0.3829918855952689,6,48,1.0,keep,none,4,0,keep,False,True,False,False,False,False,False,[],0.9283717327849433
69,0.24190287811611402,0.22190287811611403,0.6798400258027499,0.6662432252866949,0.839920012901375,0.06488109326140659,0.0023503769331789967,0.3829918855952689,6,48,1.0,keep,none,4,0,keep,False,True,False,False,False,False,False,[],0.9283717327993264
70,0.24190287811611402,0.22190287811611403,0.6798400258027499,0.6662432252866949,0.839920012901375,0.06488109326140659,0.0023503769331789967,0.3829918855952689,6,48,1.0,stop_growth,none,4,0,stop_growth,False,True,False,False,False,False,False,[],0.9283717328079562
71,0.24190287811611402,0.22190287811611403,0.6798400258027499,0.6662432252866949,0.839920012901375,0.06488109326140659,0.0023503769331789967,0.3829918855952689,6,48,1.0,keep,none,4,0,keep,False,True,False,False,False,False,False,[],0.928371732813134
72,0.24190287811611402,0.22190287811611403,0.6798400258027499,0.6662432252866949,0.839920012901375,0.06488109326140659,0.0023503769331789967,0.3829918855952689,6,48,1.0,keep,none,4,0,keep,False,True,False,False,False,False,False,[],0.9283717328162407
73,0.24190287811611402,0.22190287811611403,0.6798400258027499,0.6662432252866949,0.839920012901375,0.06488109326140659,0.0023503769331789967,0.3829918855952689,6,48,1.0,keep,none,4,0,keep,False,True,False,False,False,False,False,[],0.9283717328181048
74,0.24190287811611402,0.22190287811611403,0.6798400258027499,0.6662432252866949,0.839920012901375,0.06488109326140659,0.0023503769331789967,0.3829918855952689,6,48,1.0,keep,none,4,0,keep,False,True,False,False,False,False,False,[],0.9283717328192232
75,0.24190287811611402,0.22190287811611403,0.6798400258027499,0.6662432252866949,0.839920012901375,0.06488109326140659,0.0023503769331789967,0.3829918855952689,6,48,1.0,stop_growth,none,4,0,stop_growth,False,True,False,False,False,False,False,[],0.9283717328198943
76,0.24190287811611402,0.22190287811611403,0.6798400258027499,0.6662432252866949,0.839920012901375,0.06488109326140659,0.0023503769331789967,0.3829918855952689,6,48,1.0,keep,none,4,0,keep,False,True,False,False,False,False,False,[],0.928371732820297
77,0.24190287811611402,0.22190287811611403,0.6798400258027499,0.6662432252866949,0.839920012901375,0.06488109326140659,0.0023503769331789967,0.3829918855952689,6,48,1.0,keep,none,4,0,keep,False,True,False,False,False,False,False,[],0.9283717328205385
78,0.24190287811611402,0.22190287811611403,0.6798400258027499,0.6662432252866949,0.839920012901375,0.06488109326140659,0.0023503769331789967,0.3829918855952689,6,48,1.0,keep,none,4,0,keep,False,True,False,False,False,False,False,[],0.9283717328206835
79,0.24190287811611402,0.22190287811611403,0.6798400258027499,0.6662432252866949,0.839920012901375,0.06488109326140659,0.0023503769331789967,0.3829918855952689,6,48,1.0,keep,none,4,0,keep,False,True,False,False,False,False,False,[],0.9283717328207705
80,0.24190287811611402,0.22190287811611403,0.6798400258027499,0.6662432252866949,0.839920012901375,0.06488109326140659,0.0023503769331789967,0.3829918855952689,6,48,1.0,stop_growth,none,4,0,stop_growth,False,True,False,False,False,False,False,[],0.9283717328208226
81,0.24190287811611402,0.22190287811611403,0.6798400258027499,0.6662432252866949,0.839920012901375,0.06488109326140659,0.0023503769331789967,0.3829918855952689,6,48,1.0,keep,none,4,0,keep,False,True,False,False,False,False,False,[],0.928371732820854
82,0.24190287811611402,0.22190287811611403,0.6798400258027499,0.6662432252866949,0.839920012901375,0.06488109326140659,0.0023503769331789967,0.3829918855952689,6,48,1.0,keep,none,4,0,keep,False,True,False,False,False,False,False,[],0.9283717328208727
83,0.24190287811611402,0.22190287811611403,0.6798400258027499,0.6662432252866949,0.839920012901375,0.06488109326140659,0.0023503769331789967,0.3829918855952689,6,48,1.0,keep,none,4,0,keep,False,True,False,False,False,False,False,[],0.928371732820884
84,0.24190287811611402,0.22190287811611403,0.6798400258027499,0.6662432252866949,0.839920012901375,0.06488109326140659,0.0023503769331789967,0.3829918855952689,6,48,1.0,keep,none,4,0,keep,False,True,False,False,False,False,False,[],0.9283717328208908
85,0.24190287811611402,0.22190287811611403,0.6798400258027499,0.6662432252866949,0.839920012901375,0.06488109326140659,0.0023503769331789967,0.3829918855952689,6,48,1.0,stop_growth,none,4,0,stop_growth,False,True,False,False,False,False,False,[],0.9283717328208948
86,0.24190287811611402,0.22190287811611403,0.6798400258027499,0.6662432252866949,0.839920012901375,0.06488109326140659,0.0023503769331789967,0.3829918855952689,6,48,1.0,keep,none,4,0,keep,False,True,False,False,False,False,False,[],0.9283717328208972
87,0.24190287811611402,0.22190287811611403,0.6798400258027499,0.6662432252866949,0.839920012901375,0.06488109326140659,0.0023503769331789967,0.3829918855952689,6,48,1.0,keep,none,4,0,keep,False,True,False,False,False,False,False,[],0.9283717328208987
88,0.24190287811611402,0.22190287811611403,0.6798400258027499,0.6662432252866949,0.839920012901375,0.06488109326140659,0.0023503769331789967,0.3829918855952689,6,48,1.0,keep,none,4,0,keep,False,True,False,False,False,False,False,[],0.9283717328208996
89,0.24190287811611402,0.22190287811611403,0.6798400258027499,0.6662432252866949,0.839920012901375,0.06488109326140659,0.0023503769331789967,0.3829918855952689,6,48,1.0,keep,none,4,0,keep,False,True,False,False,False,False,False,[],0.9283717328209001
90,0.24190287811611402,0.22190287811611403,0.6798400258027499,0.6662432252866949,0.839920012901375,0.06488109326140659,0.0023503769331789967,0.3829918855952689,6,48,1.0,stop_growth,none,4,0,stop_growth,False,True,False,False,False,False,False,[],0.9283717328209005
91,0.24190287811611402,0.22190287811611403,0.6798400258027499,0.6662432252866949,0.839920012901375,0.06488109326140659,0.0023503769331789967,0.3829918855952689,6,48,1.0,keep,none,4,0,keep,False,True,False,False,False,False,False,[],0.9283717328209007
92,0.24190287811611402,0.22190287811611403,0.6798400258027499,0.6662432252866949,0.839920012901375,0.06488109326140659,0.0023503769331789967,0.3829918855952689,6,48,1.0,keep,none,4,0,keep,False,True,False,False,False,False,False,[],0.9283717328209008
93,0.24190287811611402,0.22190287811611403,0.6798400258027499,0.6662432252866949,0.839920012901375,0.06488109326140659,0.0023503769331789967,0.3829918855952689,6,48,1.0,keep,none,4,0,keep,False,True,False,False,False,False,False,[],0.9283717328209008
94,0.24190287811611402,0.22190287811611403,0.6798400258027499,0.6662432252866949,0.839920012901375,0.06488109326140659,0.0023503769331789967,0.3829918855952689,6,48,1.0,keep,none,4,0,keep,False,True,False,False,False,False,False,[],0.9283717328209008
95,0.24190287811611402,0.22190287811611403,0.6798400258027499,0.6662432252866949,0.839920012901375,0.06488109326140659,0.0023503769331789967,0.3829918855952689,6,48,1.0,stop_growth,none,4,0,stop_growth,False,True,False,False,False,False,False,[],0.9283717328209008
96,0.24190287811611402,0.22190287811611403,0.6798400258027499,0.6662432252866949,0.839920012901375,0.06488109326140659,0.0023503769331789967,0.3829918855952689,6,48,1.0,keep,none,4,0,keep,False,True,False,False,False,False,False,[],0.9283717328209008
97,0.24190287811611402,0.22190287811611403,0.6798400258027499,0.6662432252866949,0.839920012901375,0.06488109326140659,0.0023503769331789967,0.3829918855952689,6,48,1.0,keep,none,4,0,keep,False,True,False,False,False,False,False,[],0.9283717328209008
98,0.24190287811611402,0.22190287811611403,0.6798400258027499,0.6662432252866949,0.839920012901375,0.06488109326140659,0.0023503769331789967,0.3829918855952689,6,48,1.0,keep,none,4,0,keep,False,True,False,False,False,False,False,[],0.9283717328209008
99,0.24190287811611402,0.22190287811611403,0.6798400258027499,0.6662432252866949,0.839920012901375,0.06488109326140659,0.0023503769331789967,0.3829918855952689,6,48,1.0,keep,none,4,0,keep,False,True,False,False,False,False,False,[],0.9283717328209008
100,0.24190287811611402,0.22190287811611403,0.6798400258027499,0.6662432252866949,0.839920012901375,0.06488109326140659,0.0023503769331789967,0.3829918855952689,6,48,1.0,stop_growth,none,4,0,stop_growth,False,True,False,False,False,False,False,[],0.9283717328209008
101,0.24190287811611402,0.22190287811611403,0.6798400258027499,0.6662432252866949,0.839920012901375,0.06488109326140659,0.0023503769331789967,0.3829918855952689,6,48,1.0,keep,none,4,0,keep,False,True,False,False,False,False,False,[],0.9283717328209008
102,0.24190287811611402,0.22190287811611403,0.6798400258027499,0.6662432252866949,0.839920012901375,0.06488109326140659,0.0023503769331789967,0.3829918855952689,6,48,1.0,keep,none,4,0,keep,False,True,False,False,False,False,False,[],0.9283717328209008
103,0.24190287811611402,0.22190287811611403,0.6798400258027499,0.6662432252866949,0.839920012901375,0.06488109326140659,0.0023503769331789967,0.3829918855952689,6,48,1.0,keep,none,4,0,keep,False,True,False,False,False,False,False,[],0.9283717328209008
104,0.24190287811611402,0.22190287811611403,0.6798400258027499,0.6662432252866949,0.839920012901375,0.06488109326140659,0.0023503769331789967,0.3829918855952689,6,48,1.0,keep,none,4,0,keep,False,True,False,False,False,False,False,[],0.9283717328209008
105,0.24190287811611402,0.22190287811611403,0.6798400258027499,0.6662432252866949,0.839920012901375,0.06488109326140659,0.0023503769331789967,0.3829918855952689,6,48,1.0,stop_growth,none,4,0,stop_growth,False,True,False,False,False,False,False,[],0.9283717328209008
106,0.24190287811611402,0.22190287811611403,0.6798400258027499,0.6662432252866949,0.839920012901375,0.06488109326140659,0.0023503769331789967,0.3829918855952689,6,48,1.0,keep,none,4,0,keep,False,True,False,False,False,False,False,[],0.9283717328209008
107,0.24190287811611402,0.22190287811611403,0.6798400258027499,0.6662432252866949,0.839920012901375,0.06488109326140659,0.0023503769331789967,0.3829918855952689,6,48,1.0,keep,none,4,0,keep,False,True,False,False,False,False,False,[],0.9283717328209008
108,0.24190287811611402,0.22190287811611403,0.6798400258027499,0.6662432252866949,0.839920012901375,0.06488109326140659,0.0023503769331789967,0.3829918855952689,6,48,1.0,keep,none,4,0,keep,False,True,False,False,False,False,False,[],0.9283717328209008
109,0.24190287811611402,0.22190287811611403,0.6798400258027499,0.6662432252866949,0.839920012901375,0.06488109326140659,0.0023503769331789967,0.3829918855952689,6,48,1.0,keep,none,4,0,keep,False,True,False,False,False,False,False,[],0.9283717328209008
110,0.24190287811611402,0.22190287811611403,0.6798400258027499,0.6662432252866949,0.839920012901375,0.06488109326140659,0.0023503769331789967,0.3829918855952689,6,48,1.0,stop_growth,none,4,0,stop_growth,False,True,False,False,False,False,False,[],0.9283717328209008
111,0.24190287811611402,0.22190287811611403,0.6798400258027499,0.6662432252866949,0.839920012901375,0.06488109326140659,0.0023503769331789967,0.3829918855952689,6,48,1.0,keep,none,4,0,keep,False,True,False,False,False,False,False,[],0.9283717328209008
112,0.24190287811611402,0.22190287811611403,0.6798400258027499,0.6662432252866949,0.839920012901375,0.06488109326140659,0.0023503769331789967,0.3829918855952689,6,48,1.0,keep,none,4,0,keep,False,True,False,False,False,False,False,[],0.9283717328209008
113,0.24190287811611402,0.22190287811611403,0.6798400258027499,0.6662432252866949,0.839920012901375,0.06488109326140659,0.0023503769331789967,0.3829918855952689,6,48,1.0,keep,none,4,0,keep,False,True,False,False,False,False,False,[],0.9283717328209008
114,0.24190287811611402,0.22190287811611403,0.6798400258027499,0.6662432252866949,0.839920012901375,0.06488109326140659,0.0023503769331789967,0.3829918855952689,6,48,1.0,keep,none,4,0,keep,False,True,False,False,False,False,False,[],0.9283717328209008
115,0.24190287811611402,0.22190287811611403,0.6798400258027499,0.6662432252866949,0.839920012901375,0.06488109326140659,0.0023503769331789967,0.3829918855952689,6,48,1.0,stop_growth,none,4,0,stop_growth,False,True,False,False,False,False,False,[],0.9283717328209008
116,0.24190287811611402,0.22190287811611403,0.6798400258027499,0.6662432252866949,0.839920012901375,0.06488109326140659,0.0023503769331789967,0.3829918855952689,6,48,1.0,keep,none,4,0,keep,False,True,False,False,False,False,False,[],0.9283717328209008
117,0.24190287811611402,0.22190287811611403,0.6798400258027499,0.6662432252866949,0.839920012901375,0.06488109326140659,0.0023503769331789967,0.3829918855952689,6,48,1.0,keep,none,4,0,keep,False,True,False,False,False,False,False,[],0.9283717328209008
118,0.24190287811611402,0.22190287811611403,0.6798400258027499,0.6662432252866949,0.839920012901375,0.06488109326140659,0.0023503769331789967,0.3829918855952689,6,48,1.0,keep,none,4,0,keep,False,True,False,False,False,False,False,[],0.9283717328209008
119,0.24190287811611402,0.22190287811611403,0.6798400258027499,0.6662432252866949,0.839920012901375,0.06488109326140659,0.0023503769331789967,0.3829918855952689,6,48,1.0,keep,none,4,0,keep,False,True,False,False,False,False,False,[],0.9283717328209008
120,0.24190287811611402,0.22190287811611403,0.6798400258027499,0.6662432252866949,0.839920012901375,0.06488109326140659,0.0023503769331789967,0.3829918855952689,6,48,1.0,stop_growth,none,4,0,stop_growth,False,True,False,False,False,False,False,[],0.9283717328209008
121,0.24190287811611402,0.22190287811611403,0.6798400258027499,0.6662432252866949,0.839920012901375,0.06488109326140659,0.0023503769331789967,0.3829918855952689,6,48,1.0,keep,none,4,0,keep,False,True,False,False,False,False,False,[],0.9283717328209008
122,0.24190287811611402,0.22190287811611403,0.6798400258027499,0.6662432252866949,0.839920012901375,0.06488109326140659,0.0023503769331789967,0.3829918855952689,6,48,1.0,keep,none,4,0,keep,False,True,False,False,False,False,False,[],0.9283717328209008
123,0.24190287811611402,0.22190287811611403,0.6798400258027499,0.6662432252866949,0.839920012901375,0.06488109326140659,0.0023503769331789967,0.3829918855952689,6,48,1.0,keep,none,4,0,keep,False,True,False,False,False,False,False,[],0.9283717328209008
124,0.24190287811611402,0.22190287811611403,0.6798400258027499,0.6662432252866949,0.839920012901375,0.06488109326140659,0.0023503769331789967,0.3829918855952689,6,48,1.0,keep,none,4,0,keep,False,True,False,False,False,False,False,[],0.9283717328209008
125,0.24190287811611402,0.22190287811611403,0.6798400258027499,0.6662432252866949,0.839920012901375,0.06488109326140659,0.0023503769331789967,0.3829918855952689,6,48,1.0,stop_growth,none,4,0,stop_growth,False,True,False,False,False,False,False,[],0.9283717328209008
126,0.24190287811611402,0.22190287811611403,0.6798400258027499,0.6662432252866949,0.839920012901375,0.06488109326140659,0.0023503769331789967,0.3829918855952689,6,48,1.0,keep,none,4,0,keep,False,True,False,False,False,False,False,[],0.9283717328209008
127,0.24190287811611402,0.22190287811611403,0.6798400258027499,0.6662432252866949,0.839920012901375,0.06488109326140659,0.0023503769331789967,0.3829918855952689,6,48,1.0,keep,none,4,0,keep,False,True,False,False,False,False,False,[],0.9283717328209008
128,0.24190287811611402,0.22190287811611403,0.6798400258027499,0.6662432252866949,0.839920012901375,0.06488109326140659,0.0023503769331789967,0.3829918855952689,6,48,1.0,keep,none,4,0,keep,False,True,False,False,False,False,False,[],0.9283717328209008
129,0.24190287811611402,0.22190287811611403,0.6798400258027499,0.6662432252866949,0.839920012901375,0.06488109326140659,0.0023503769331789967,0.3829918855952689,6,48,1.0,keep,none,4,0,keep,False,True,False,False,False,False,False,[],0.9283717328209008
130,0.24190287811611402,0.22190287811611403,0.6798400258027499,0.6662432252866949,0.839920012901375,0.06488109326140659,0.0023503769331789967,0.3829918855952689,6,48,1.0,stop_growth,none,4,0,stop_growth,False,True,False,False,False,False,False,[],0.9283717328209008
131,0.24190287811611402,0.22190287811611403,0.6798400258027499,0.6662432252866949,0.839920012901375,0.06488109326140659,0.0023503769331789967,0.3829918855952689,6,48,1.0,keep,none,4,0,keep,False,True,False,False,False,False,False,[],0.9283717328209008
132,0.24190287811611402,0.22190287811611403,0.6798400258027499,0.6662432252866949,0.839920012901375,0.06488109326140659,0.0023503769331789967,0.3829918855952689,6,48,1.0,keep,none,4,0,keep,False,True,False,False,False,False,False,[],0.9283717328209008
133,0.24190287811611402,0.22190287811611403,0.6798400258027499,0.6662432252866949,0.839920012901375,0.06488109326140659,0.0023503769331789967,0.3829918855952689,6,48,1.0,keep,none,4,0,keep,False,True,False,False,False,False,False,[],0.9283717328209008
134,0.24190287811611402,0.22190287811611403,0.6798400258027499,0.6662432252866949,0.839920012901375,0.06488109326140659,0.0023503769331789967,0.3829918855952689,6,48,1.0,keep,none,4,0,keep,False,True,False,False,False,False,False,[],0.9283717328209008
135,0.24190287811611402,0.22190287811611403,0.6798400258027499,0.6662432252866949,0.839920012901375,0.06488109326140659,0.0023503769331789967,0.3829918855952689,6,48,1.0,stop_growth,none,4,0,stop_growth,False,True,False,False,False,False,False,[],0.9283717328209008
136,0.24190287811611402,0.22190287811611403,0.6798400258027499,0.6662432252866949,0.839920012901375,0.06488109326140659,0.0023503769331789967,0.3829918855952689,6,48,1.0,keep,none,4,0,keep,False,True,False,False,False,False,False,[],0.9283717328209008
137,0.24190287811611402,0.22190287811611403,0.6798400258027499,0.6662432252866949,0.839920012901375,0.06488109326140659,0.0023503769331789967,0.3829918855952689,6,48,1.0,keep,none,4,0,keep,False,True,False,False,False,False,False,[],0.9283717328209008
138,0.24190287811611402,0.22190287811611403,0.6798400258027499,0.6662432252866949,0.839920012901375,0.06488109326140659,0.0023503769331789967,0.3829918855952689,6,48,1.0,keep,none,4,0,keep,False,True,False,False,False,False,False,[],0.9283717328209008
139,0.24190287811611402,0.22190287811611403,0.6798400258027499,0.6662432252866949,0.839920012901375,0.06488109326140659,0.0023503769331789967,0.3829918855952689,6,48,1.0,keep,none,4,0,keep,False,True,False,False,False,False,False,[],0.9283717328209008
140,0.24190287811611402,0.22190287811611403,0.6798400258027499,0.6662432252866949,0.839920012901375,0.06488109326140659,0.0023503769331789967,0.3829918855952689,6,48,1.0,stop_growth,none,4,0,stop_growth,False,True,False,False,False,False,False,[],0.9283717328209008
141,0.24190287811611402,0.22190287811611403,0.6798400258027499,0.6662432252866949,0.839920012901375,0.06488109326140659,0.0023503769331789967,0.3829918855952689,6,48,1.0,keep,none,4,0,keep,False,True,False,False,False,False,False,[],0.9283717328209008
142,0.24190287811611402,0.22190287811611403,0.6798400258027499,0.6662432252866949,0.839920012901375,0.06488109326140659,0.0023503769331789967,0.3829918855952689,6,48,1.0,keep,none,4,0,keep,False,True,False,False,False,False,False,[],0.9283717328209008
143,0.24190287811611402,0.22190287811611403,0.6798400258027499,0.6662432252866949,0.839920012901375,0.06488109326140659,0.0023503769331789967,0.3829918855952689,6,48,1.0,keep,none,4,0,keep,False,True,False,False,False,False,False,[],0.9283717328209008
144,0.24190287811611402,0.22190287811611403,0.6798400258027499,0.6662432252866949,0.839920012901375,0.06488109326140659,0.0023503769331789967,0.3829918855952689,6,48,1.0,keep,none,4,0,keep,False,True,False,False,False,False,False,[],0.9283717328209008
145,0.24190287811611402,0.22190287811611403,0.6798400258027499,0.6662432252866949,0.839920012901375,0.06488109326140659,0.0023503769331789967,0.3829918855952689,6,48,1.0,stop_growth,none,4,0,stop_growth,False,True,False,False,False,False,False,[],0.9283717328209008
146,0.24190287811611402,0.22190287811611403,0.6798400258027499,0.6662432252866949,0.839920012901375,0.06488109326140659,0.0023503769331789967,0.3829918855952689,6,48,1.0,keep,none,4,0,keep,False,True,False,False,False,False,False,[],0.9283717328209008
147,0.24190287811611402,0.22190287811611403,0.6798400258027499,0.6662432252866949,0.839920012901375,0.06488109326140659,0.0023503769331789967,0.3829918855952689,6,48,1.0,keep,none,4,0,keep,False,True,False,False,False,False,False,[],0.9283717328209008
148,0.24190287811611402,0.22190287811611403,0.6798400258027499,0.6662432252866949,0.839920012901375,0.06488109326140659,0.0023503769331789967,0.3829918855952689,6,48,1.0,keep,none,4,0,keep,False,True,False,False,False,False,False,[],0.9283717328209008
149,0.24190287811611402,0.22190287811611403,0.6798400258027499,0.6662432252866949,0.839920012901375,0.06488109326140659,0.0023503769331789967,0.3829918855952689,6,48,1.0,keep,none,4,0,keep,False,True,False,False,False,False,False,[],0.9283717328209008
150,0.24190287811611402,0.22190287811611403,0.6798400258027499,0.6662432252866949,0.839920012901375,0.06488109326140659,0.0023503769331789967,0.3829918855952689,6,48,1.0,stop_growth,none,4,0,stop_growth,False,True,False,False,False,False,False,[],0.9283717328209008
151,0.24190287811611402,0.22190287811611403,0.6798400258027499,0.6662432252866949,0.839920012901375,0.06488109326140659,0.0023503769331789967,0.3829918855952689,6,48,1.0,keep,none,4,0,keep,False,True,False,False,False,False,False,[],0.9283717328209008
152,0.24190287811611402,0.22190287811611403,0.6798400258027499,0.6662432252866949,0.839920012901375,0.06488109326140659,0.0023503769331789967,0.3829918855952689,6,48,1.0,keep,none,4,0,keep,False,True,False,False,False,False,False,[],0.9283717328209008
153,0.24190287811611402,0.22190287811611403,0.6798400258027499,0.6662432252866949,0.839920012901375,0.06488109326140659,0.0023503769331789967,0.3829918855952689,6,48,1.0,keep,none,4,0,keep,False,True,False,False,False,False,False,[],0.9283717328209008
154,0.24190287811611402,0.22190287811611403,0.6798400258027499,0.6662432252866949,0.839920012901375,0.06488109326140659,0.0023503769331789967,0.3829918855952689,6,48,1.0,keep,none,4,0,keep,False,True,False,False,False,False,False,[],0.9283717328209008
155,0.24190287811611402,0.22190287811611403,0.6798400258027499,0.6662432252866949,0.839920012901375,0.06488109326140659,0.0023503769331789967,0.3829918855952689,6,48,1.0,stop_growth,none,4,0,stop_growth,False,True,False,False,False,False,False,[],0.9283717328209008
156,0.24190287811611402,0.22190287811611403,0.6798400258027499,0.6662432252866949,0.839920012901375,0.06488109326140659,0.0023503769331789967,0.3829918855952689,6,48,1.0,keep,none,4,0,keep,False,True,False,False,False,False,False,[],0.9283717328209008
157,0.24190287811611402,0.22190287811611403,0.6798400258027499,0.6662432252866949,0.839920012901375,0.06488109326140659,0.0023503769331789967,0.3829918855952689,6,48,1.0,keep,none,4,0,keep,False,True,False,False,False,False,False,[],0.9283717328209008
158,0.24190287811611402,0.22190287811611403,0.6798400258027499,0.6662432252866949,0.839920012901375,0.06488109326140659,0.0023503769331789967,0.3829918855952689,6,48,1.0,keep,none,4,0,keep,False,True,False,False,False,False,False,[],0.9283717328209008
159,0.24190287811611402,0.22190287811611403,0.6798400258027499,0.6662432252866949,0.839920012901375,0.06488109326140659,0.0023503769331789967,0.3829918855952689,6,48,1.0,keep,none,4,0,keep,False,True,False,False,False,False,False,[],0.9283717328209008
160,0.24190287811611402,0.22190287811611403,0.6798400258027499,0.6662432252866949,0.839920012901375,0.06488109326140659,0.0023503769331789967,0.3829918855952689,6,48,1.0,stop_growth,none,4,0,stop_growth,False,True,False,False,False,False,False,[],0.9283717328209008
161,0.24190287811611402,0.22190287811611403,0.6798400258027499,0.6662432252866949,0.839920012901375,0.06488109326140659,0.0023503769331789967,0.3829918855952689,6,48,1.0,keep,none,4,0,keep,False,True,False,False,False,False,False,[],0.9283717328209008
162,0.24190287811611402,0.22190287811611403,0.6798400258027499,0.6662432252866949,0.839920012901375,0.06488109326140659,0.0023503769331789967,0.3829918855952689,6,48,1.0,keep,none,4,0,keep,False,True,False,False,False,False,False,[],0.9283717328209008
163,0.24190287811611402,0.22190287811611403,0.6798400258027499,0.6662432252866949,0.839920012901375,0.06488109326140659,0.0023503769331789967,0.3829918855952689,6,48,1.0,keep,none,4,0,keep,False,True,False,False,False,False,False,[],0.9283717328209008
164,0.24190287811611402,0.22190287811611403,0.6798400258027499,0.6662432252866949,0.839920012901375,0.06488109326140659,0.0023503769331789967,0.3829918855952689,6,48,1.0,keep,none,4,0,keep,False,True,False,False,False,False,False,[],0.9283717328209008
165,0.24190287811611402,0.22190287811611403,0.6798400258027499,0.6662432252866949,0.839920012901375,0.06488109326140659,0.0023503769331789967,0.3829918855952689,6,48,1.0,stop_growth,none,4,0,stop_growth,False,True,False,False,False,False,False,[],0.9283717328209008
166,0.24190287811611402,0.22190287811611403,0.6798400258027499,0.6662432252866949,0.839920012901375,0.06488109326140659,0.0023503769331789967,0.3829918855952689,6,48,1.0,keep,none,4,0,keep,False,True,False,False,False,False,False,[],0.9283717328209008
167,0.24190287811611402,0.22190287811611403,0.6798400258027499,0.6662432252866949,0.839920012901375,0.06488109326140659,0.0023503769331789967,0.3829918855952689,6,48,1.0,keep,none,4,0,keep,False,True,False,False,False,False,False,[],0.9283717328209008
168,0.24190287811611402,0.22190287811611403,0.6798400258027499,0.6662432252866949,0.839920012901375,0.06488109326140659,0.0023503769331789967,0.3829918855952689,6,48,1.0,keep,none,4,0,keep,False,True,False,False,False,False,False,[],0.9283717328209008
169,0.24190287811611402,0.22190287811611403,0.6798400258027499,0.6662432252866949,0.839920012901375,0.06488109326140659,0.0023503769331789967,0.3829918855952689,6,48,1.0,keep,none,4,0,keep,False,True,False,False,False,False,False,[],0.9283717328209008
170,0.24190287811611402,0.22190287811611403,0.6798400258027499,0.6662432252866949,0.839920012901375,0.06488109326140659,0.0023503769331789967,0.3829918855952689,6,48,1.0,stop_growth,none,4,0,stop_growth,False,True,False,False,False,False,False,[],0.9283717328209008
171,0.24190287811611402,0.22190287811611403,0.6798400258027499,0.6662432252866949,0.839920012901375,0.06488109326140659,0.0023503769331789967,0.3829918855952689,6,48,1.0,keep,none,4,0,keep,False,True,False,False,False,False,False,[],0.9283717328209008
172,0.24190287811611402,0.22190287811611403,0.6798400258027499,0.6662432252866949,0.839920012901375,0.06488109326140659,0.0023503769331789967,0.3829918855952689,6,48,1.0,keep,none,4,0,keep,False,True,False,False,False,False,False,[],0.9283717328209008
173,0.24190287811611402,0.22190287811611403,0.6798400258027499,0.6662432252866949,0.839920012901375,0.06488109326140659,0.0023503769331789967,0.3829918855952689,6,48,1.0,keep,none,4,0,keep,False,True,False,False,False,False,False,[],0.9283717328209008
174,0.24190287811611402,0.22190287811611403,0.6798400258027499,0.6662432252866949,0.839920012901375,0.06488109326140659,0.0023503769331789967,0.3829918855952689,6,48,1.0,keep,none,4,0,keep,False,True,False,False,False,False,False,[],0.9283717328209008
175,0.24190287811611402,0.22190287811611403,0.6798400258027499,0.6662432252866949,0.839920012901375,0.06488109326140659,0.0023503769331789967,0.3829918855952689,6,48,1.0,stop_growth,none,4,0,stop_growth,False,True,False,False,False,False,False,[],0.9283717328209008
176,0.24190287811611402,0.22190287811611403,0.6798400258027499,0.6662432252866949,0.839920012901375,0.06488109326140659,0.0023503769331789967,0.3829918855952689,6,48,1.0,keep,none,4,0,keep,False,True,False,False,False,False,False,[],0.9283717328209008
177,0.24190287811611402,0.22190287811611403,0.6798400258027499,0.6662432252866949,0.839920012901375,0.06488109326140659,0.0023503769331789967,0.3829918855952689,6,48,1.0,keep,none,4,0,keep,False,True,False,False,False,False,False,[],0.9283717328209008
178,0.24190287811611402,0.22190287811611403,0.6798400258027499,0.6662432252866949,0.839920012901375,0.06488109326140659,0.0023503769331789967,0.3829918855952689,6,48,1.0,keep,none,4,0,keep,False,True,False,False,False,False,False,[],0.9283717328209008
179,0.24190287811611402,0.22190287811611403,0.6798400258027499,0.6662432252866949,0.839920012901375,0.06488109326140659,0.0023503769331789967,0.3829918855952689,6,48,1.0,keep,none,4,0,keep,False,True,False,False,False,False,False,[],0.9283717328209008
180,0.24190287811611402,0.22190287811611403,0.6798400258027499,0.6662432252866949,0.839920012901375,0.06488109326140659,0.0023503769331789967,0.3829918855952689,6,48,1.0,stop_growth,none,4,0,stop_growth,False,True,False,False,False,False,False,[],0.9283717328209008
181,0.24190287811611402,0.22190287811611403,0.6798400258027499,0.6662432252866949,0.839920012901375,0.06488109326140659,0.0023503769331789967,0.3829918855952689,6,48,1.0,keep,none,4,0,keep,False,True,False,False,False,False,False,[],0.9283717328209008
182,0.24190287811611402,0.22190287811611403,0.6798400258027499,0.6662432252866949,0.839920012901375,0.06488109326140659,0.0023503769331789967,0.3829918855952689,6,48,1.0,keep,none,4,0,keep,False,True,False,False,False,False,False,[],0.9283717328209008
183,0.24190287811611402,0.22190287811611403,0.6798400258027499,0.6662432252866949,0.839920012901375,0.06488109326140659,0.0023503769331789967,0.3829918855952689,6,48,1.0,keep,none,4,0,keep,False,True,False,False,False,False,False,[],0.9283717328209008
184,0.24190287811611402,0.22190287811611403,0.6798400258027499,0.6662432252866949,0.839920012901375,0.06488109326140659,0.0023503769331789967,0.3829918855952689,6,48,1.0,keep,none,4,0,keep,False,True,False,False,False,False,False,[],0.9283717328209008
185,0.24190287811611402,0.22190287811611403,0.6798400258027499,0.6662432252866949,0.839920012901375,0.06488109326140659,0.0023503769331789967,0.3829918855952689,6,48,1.0,stop_growth,none,4,0,stop_growth,False,True,False,False,False,False,False,[],0.9283717328209008
186,0.24190287811611402,0.22190287811611403,0.6798400258027499,0.6662432252866949,0.839920012901375,0.06488109326140659,0.0023503769331789967,0.3829918855952689,6,48,1.0,keep,none,4,0,keep,False,True,False,False,False,False,False,[],0.9283717328209008
187,0.24190287811611402,0.22190287811611403,0.6798400258027499,0.6662432252866949,0.839920012901375,0.06488109326140659,0.0023503769331789967,0.3829918855952689,6,48,1.0,keep,none,4,0,keep,False,True,False,False,False,False,False,[],0.9283717328209008
188,0.24190287811611402,0.22190287811611403,0.6798400258027499,0.6662432252866949,0.839920012901375,0.06488109326140659,0.0023503769331789967,0.3829918855952689,6,48,1.0,keep,none,4,0,keep,False,True,False,False,False,False,False,[],0.9283717328209008
189,0.24190287811611402,0.22190287811611403,0.6798400258027499,0.6662432252866949,0.839920012901375,0.06488109326140659,0.0023503769331789967,0.3829918855952689,6,48,1.0,keep,none,4,0,keep,False,True,False,False,False,False,False,[],0.9283717328209008
190,0.24190287811611402,0.22190287811611403,0.6798400258027499,0.6662432252866949,0.839920012901375,0.06488109326140659,0.0023503769331789967,0.3829918855952689,6,48,1.0,stop_growth,none,4,0,stop_growth,False,True,False,False,False,False,False,[],0.9283717328209008
191,0.24190287811611402,0.22190287811611403,0.6798400258027499,0.6662432252866949,0.839920012901375,0.06488109326140659,0.0023503769331789967,0.3829918855952689,6,48,1.0,keep,none,4,0,keep,False,True,False,False,False,False,False,[],0.9283717328209008
192,0.24190287811611402,0.22190287811611403,0.6798400258027499,0.6662432252866949,0.839920012901375,0.06488109326140659,0.0023503769331789967,0.3829918855952689,6,48,1.0,keep,none,4,0,keep,False,True,False,False,False,False,False,[],0.9283717328209008
193,0.24190287811611402,0.22190287811611403,0.6798400258027499,0.6662432252866949,0.839920012901375,0.06488109326140659,0.0023503769331789967,0.3829918855952689,6,48,1.0,keep,none,4,0,keep,False,True,False,False,False,False,False,[],0.9283717328209008
194,0.24190287811611402,0.22190287811611403,0.6798400258027499,0.6662432252866949,0.839920012901375,0.06488109326140659,0.0023503769331789967,0.3829918855952689,6,48,1.0,keep,none,4,0,keep,False,True,False,False,False,False,False,[],0.9283717328209008
195,0.24190287811611402,0.22190287811611403,0.6798400258027499,0.6662432252866949,0.839920012901375,0.06488109326140659,0.0023503769331789967,0.3829918855952689,6,48,1.0,stop_growth,none,4,0,stop_growth,False,True,False,False,False,False,False,[],0.9283717328209008
196,0.24190287811611402,0.22190287811611403,0.6798400258027499,0.6662432252866949,0.839920012901375,0.06488109326140659,0.0023503769331789967,0.3829918855952689,6,48,1.0,keep,none,4,0,keep,False,True,False,False,False,False,False,[],0.9283717328209008
197,0.24190287811611402,0.22190287811611403,0.6798400258027499,0.6662432252866949,0.839920012901375,0.06488109326140659,0.0023503769331789967,0.3829918855952689,6,48,1.0,keep,none,4,0,keep,False,True,False,False,False,False,False,[],0.9283717328209008
198,0.24190287811611402,0.22190287811611403,0.6798400258027499,0.6662432252866949,0.839920012901375,0.06488109326140659,0.0023503769331789967,0.3829918855952689,6,48,1.0,keep,none,4,0,keep,False,True,False,False,False,False,False,[],0.9283717328209008
199,0.24190287811611402,0.22190287811611403,0.6798400258027499,0.6662432252866949,0.839920012901375,0.06488109326140659,0.0023503769331789967,0.3829918855952689,6,48,1.0,keep,none,4,0,keep,False,True,False,False,False,False,False,[],0.9283717328209008
200,0.24190287811611402,0.22190287811611403,0.6798400258027499,0.6662432252866949,0.839920012901375,0.06488109326140659,0.0023503769331789967,0.3829918855952689,6,48,1.0,stop_growth,none,4,0,stop_growth,False,True,False,False,False,False,False,[],0.9283717328209008
201,0.24190287811611402,0.22190287811611403,0.6798400258027499,0.6662432252866949,0.839920012901375,0.06488109326140659,0.0023503769331789967,0.3829918855952689,6,48,1.0,keep,none,4,0,keep,False,True,False,False,False,False,False,[],0.9283717328209008
202,0.24190287811611402,0.22190287811611403,0.6798400258027499,0.6662432252866949,0.839920012901375,0.06488109326140659,0.0023503769331789967,0.3829918855952689,6,48,1.0,keep,none,4,0,keep,False,True,False,False,False,False,False,[],0.9283717328209008
203,0.24190287811611402,0.22190287811611403,0.6798400258027499,0.6662432252866949,0.839920012901375,0.06488109326140659,0.0023503769331789967,0.3829918855952689,6,48,1.0,keep,none,4,0,keep,False,True,False,False,False,False,False,[],0.9283717328209008
204,0.24190287811611402,0.22190287811611403,0.6798400258027499,0.6662432252866949,0.839920012901375,0.06488109326140659,0.0023503769331789967,0.3829918855952689,6,48,1.0,keep,none,4,0,keep,False,True,False,False,False,False,False,[],0.9283717328209008
205,0.24190287811611402,0.22190287811611403,0.6798400258027499,0.6662432252866949,0.839920012901375,0.06488109326140659,0.0023503769331789967,0.3829918855952689,6,48,1.0,stop_growth,none,4,0,stop_growth,False,True,False,False,False,False,False,[],0.9283717328209008
206,0.24190287811611402,0.22190287811611403,0.6798400258027499,0.6662432252866949,0.839920012901375,0.06488109326140659,0.0023503769331789967,0.3829918855952689,6,48,1.0,keep,none,4,0,keep,False,True,False,False,False,False,False,[],0.9283717328209008
207,0.24190287811611402,0.22190287811611403,0.6798400258027499,0.6662432252866949,0.839920012901375,0.06488109326140659,0.0023503769331789967,0.3829918855952689,6,48,1.0,keep,none,4,0,keep,False,True,False,False,False,False,False,[],0.9283717328209008
208,0.24190287811611402,0.22190287811611403,0.6798400258027499,0.6662432252866949,0.839920012901375,0.06488109326140659,0.0023503769331789967,0.3829918855952689,6,48,1.0,keep,none,4,0,keep,False,True,False,False,False,False,False,[],0.9283717328209008
209,0.24190287811611402,0.22190287811611403,0.6798400258027499,0.6662432252866949,0.839920012901375,0.06488109326140659,0.0023503769331789967,0.3829918855952689,6,48,1.0,keep,none,4,0,keep,False,True,False,False,False,False,False,[],0.9283717328209008
210,0.24190287811611402,0.22190287811611403,0.6798400258027499,0.6662432252866949,0.839920012901375,0.06488109326140659,0.0023503769331789967,0.3829918855952689,6,48,1.0,stop_growth,none,4,0,stop_growth,False,True,False,False,False,False,False,[],0.9283717328209008
211,0.24190287811611402,0.22190287811611403,0.6798400258027499,0.6662432252866949,0.839920012901375,0.06488109326140659,0.0023503769331789967,0.3829918855952689,6,48,1.0,keep,none,4,0,keep,False,True,False,False,False,False,False,[],0.9283717328209008
212,0.24190287811611402,0.22190287811611403,0.6798400258027499,0.6662432252866949,0.839920012901375,0.06488109326140659,0.0023503769331789967,0.3829918855952689,6,48,1.0,keep,none,4,0,keep,False,True,False,False,False,False,False,[],0.9283717328209008
213,0.24190287811611402,0.22190287811611403,0.6798400258027499,0.6662432252866949,0.839920012901375,0.06488109326140659,0.0023503769331789967,0.3829918855952689,6,48,1.0,keep,none,4,0,keep,False,True,False,False,False,False,False,[],0.9283717328209008
214,0.24190287811611402,0.22190287811611403,0.6798400258027499,0.6662432252866949,0.839920012901375,0.06488109326140659,0.0023503769331789967,0.3829918855952689,6,48,1.0,keep,none,4,0,keep,False,True,False,False,False,False,False,[],0.9283717328209008
215,0.24190287811611402,0.22190287811611403,0.6798400258027499,0.6662432252866949,0.839920012901375,0.06488109326140659,0.0023503769331789967,0.3829918855952689,6,48,1.0,stop_growth,none,4,0,stop_growth,False,True,False,False,False,False,False,[],0.9283717328209008
216,0.24190287811611402,0.22190287811611403,0.6798400258027499,0.6662432252866949,0.839920012901375,0.06488109326140659,0.0023503769331789967,0.3829918855952689,6,48,1.0,keep,none,4,0,keep,False,True,False,False,False,False,False,[],0.9283717328209008
217,0.24190287811611402,0.22190287811611403,0.6798400258027499,0.6662432252866949,0.839920012901375,0.06488109326140659,0.0023503769331789967,0.3829918855952689,6,48,1.0,keep,none,4,0,keep,False,True,False,False,False,False,False,[],0.9283717328209008
218,0.24190287811611402,0.22190287811611403,0.6798400258027499,0.6662432252866949,0.839920012901375,0.06488109326140659,0.0023503769331789967,0.3829918855952689,6,48,1.0,keep,none,4,0,keep,False,True,False,False,False,False,False,[],0.9283717328209008
219,0.24190287811611402,0.22190287811611403,0.6798400258027499,0.6662432252866949,0.839920012901375,0.06488109326140659,0.0023503769331789967,0.3829918855952689,6,48,1.0,keep,none,4,0,keep,False,True,False,False,False,False,False,[],0.9283717328209008
220,0.24190287811611402,0.22190287811611403,0.6798400258027499,0.6662432252866949,0.839920012901375,0.06488109326140659,0.0023503769331789967,0.3829918855952689,6,48,1.0,stop_growth,none,4,0,stop_growth,False,True,False,False,False,False,False,[],0.9283717328209008
221,0.24190287811611402,0.22190287811611403,0.6798400258027499,0.6662432252866949,0.839920012901375,0.06488109326140659,0.0023503769331789967,0.3829918855952689,6,48,1.0,keep,none,4,0,keep,False,True,False,False,False,False,False,[],0.9283717328209008
222,0.24190287811611402,0.22190287811611403,0.6798400258027499,0.6662432252866949,0.839920012901375,0.06488109326140659,0.0023503769331789967,0.3829918855952689,6,48,1.0,keep,none,4,0,keep,False,True,False,False,False,False,False,[],0.9283717328209008
223,0.24190287811611402,0.22190287811611403,0.6798400258027499,0.6662432252866949,0.839920012901375,0.06488109326140659,0.0023503769331789967,0.3829918855952689,6,48,1.0,keep,none,4,0,keep,False,True,False,False,False,False,False,[],0.9283717328209008
224,0.24190287811611402,0.22190287811611403,0.6798400258027499,0.6662432252866949,0.839920012901375,0.06488109326140659,0.0023503769331789967,0.3829918855952689,6,48,1.0,keep,none,4,0,keep,False,True,False,False,False,False,False,[],0.9283717328209008
225,0.24190287811611402,0.22190287811611403,0.6798400258027499,0.6662432252866949,0.839920012901375,0.06488109326140659,0.0023503769331789967,0.3829918855952689,6,48,1.0,stop_growth,none,4,0,stop_growth,False,True,False,False,False,False,False,[],0.9283717328209008
226,0.24190287811611402,0.22190287811611403,0.6798400258027499,0.6662432252866949,0.839920012901375,0.06488109326140659,0.0023503769331789967,0.3829918855952689,6,48,1.0,keep,none,4,0,keep,False,True,False,False,False,False,False,[],0.9283717328209008
227,0.24190287811611402,0.22190287811611403,0.6798400258027499,0.6662432252866949,0.839920012901375,0.06488109326140659,0.0023503769331789967,0.3829918855952689,6,48,1.0,keep,none,4,0,keep,False,True,False,False,False,False,False,[],0.9283717328209008
228,0.24190287811611402,0.22190287811611403,0.6798400258027499,0.6662432252866949,0.839920012901375,0.06488109326140659,0.0023503769331789967,0.3829918855952689,6,48,1.0,keep,none,4,0,keep,False,True,False,False,False,False,False,[],0.9283717328209008
229,0.24190287811611402,0.22190287811611403,0.6798400258027499,0.6662432252866949,0.839920012901375,0.06488109326140659,0.0023503769331789967,0.3829918855952689,6,48,1.0,keep,none,4,0,keep,False,True,False,False,False,False,False,[],0.9283717328209008
230,0.24190287811611402,0.22190287811611403,0.6798400258027499,0.6662432252866949,0.839920012901375,0.06488109326140659,0.0023503769331789967,0.3829918855952689,6,48,1.0,stop_growth,none,4,0,stop_growth,False,True,False,False,False,False,False,[],0.9283717328209008
231,0.24190287811611402,0.22190287811611403,0.6798400258027499,0.6662432252866949,0.839920012901375,0.06488109326140659,0.0023503769331789967,0.3829918855952689,6,48,1.0,keep,none,4,0,keep,False,True,False,False,False,False,False,[],0.9283717328209008
232,0.24190287811611402,0.22190287811611403,0.6798400258027499,0.6662432252866949,0.839920012901375,0.06488109326140659,0.0023503769331789967,0.3829918855952689,6,48,1.0,keep,none,4,0,keep,False,True,False,False,False,False,False,[],0.9283717328209008
233,0.24190287811611402,0.22190287811611403,0.6798400258027499,0.6662432252866949,0.839920012901375,0.06488109326140659,0.0023503769331789967,0.3829918855952689,6,48,1.0,keep,none,4,0,keep,False,True,False,False,False,False,False,[],0.9283717328209008
234,0.24190287811611402,0.22190287811611403,0.6798400258027499,0.6662432252866949,0.839920012901375,0.06488109326140659,0.0023503769331789967,0.3829918855952689,6,48,1.0,keep,none,4,0,keep,False,True,False,False,False,False,False,[],0.9283717328209008
235,0.24190287811611402,0.22190287811611403,0.6798400258027499,0.6662432252866949,0.839920012901375,0.06488109326140659,0.0023503769331789967,0.3829918855952689,6,48,1.0,stop_growth,none,4,0,stop_growth,False,True,False,False,False,False,False,[],0.9283717328209008
236,0.24190287811611402,0.22190287811611403,0.6798400258027499,0.6662432252866949,0.839920012901375,0.06488109326140659,0.0023503769331789967,0.3829918855952689,6,48,1.0,keep,none,4,0,keep,False,True,False,False,False,False,False,[],0.9283717328209008
237,0.24190287811611402,0.22190287811611403,0.6798400258027499,0.6662432252866949,0.839920012901375,0.06488109326140659,0.0023503769331789967,0.3829918855952689,6,48,1.0,keep,none,4,0,keep,False,True,False,False,False,False,False,[],0.9283717328209008
238,0.24190287811611402,0.22190287811611403,0.6798400258027499,0.6662432252866949,0.839920012901375,0.06488109326140659,0.0023503769331789967,0.3829918855952689,6,48,1.0,keep,none,4,0,keep,False,True,False,False,False,False,False,[],0.9283717328209008
239,0.24190287811611402,0.22190287811611403,0.6798400258027499,0.6662432252866949,0.839920012901375,0.06488109326140659,0.0023503769331789967,0.3829918855952689,6,48,1.0,keep,none,4,0,keep,False,True,False,False,False,False,False,[],0.9283717328209008
240,0.24190287811611402,0.22190287811611403,0.6798400258027499,0.6662432252866949,0.839920012901375,0.06488109326140659,0.0023503769331789967,0.3829918855952689,6,48,1.0,stop_growth,none,4,0,stop_growth,False,True,False,False,False,False,False,[],0.9283717328209008
241,0.24190287811611402,0.22190287811611403,0.6798400258027499,0.6662432252866949,0.839920012901375,0.06488109326140659,0.0023503769331789967,0.3829918855952689,6,48,1.0,keep,none,4,0,keep,False,True,False,False,False,False,False,[],0.9283717328209008
242,0.24190287811611402,0.22190287811611403,0.6798400258027499,0.6662432252866949,0.839920012901375,0.06488109326140659,0.0023503769331789967,0.3829918855952689,6,48,1.0,keep,none,4,0,keep,False,True,False,False,False,False,False,[],0.9283717328209008
243,0.24190287811611402,0.22190287811611403,0.6798400258027499,0.6662432252866949,0.839920012901375,0.06488109326140659,0.0023503769331789967,0.3829918855952689,6,48,1.0,keep,none,4,0,keep,False,True,False,False,False,False,False,[],0.9283717328209008
244,0.24190287811611402,0.22190287811611403,0.6798400258027499,0.6662432252866949,0.839920012901375,0.06488109326140659,0.0023503769331789967,0.3829918855952689,6,48,1.0,keep,none,4,0,keep,False,True,False,False,False,False,False,[],0.9283717328209008
245,0.24190287811611402,0.22190287811611403,0.6798400258027499,0.6662432252866949,0.839920012901375,0.06488109326140659,0.0023503769331789967,0.3829918855952689,6,48,1.0,stop_growth,none,4,0,stop_growth,False,True,False,False,False,False,False,[],0.9283717328209008
246,0.24190287811611402,0.22190287811611403,0.6798400258027499,0.6662432252866949,0.839920012901375,0.06488109326140659,0.0023503769331789967,0.3829918855952689,6,48,1.0,keep,none,4,0,keep,False,True,False,False,False,False,False,[],0.9283717328209008
247,0.24190287811611402,0.22190287811611403,0.6798400258027499,0.6662432252866949,0.839920012901375,0.06488109326140659,0.0023503769331789967,0.3829918855952689,6,48,1.0,keep,none,4,0,keep,False,True,False,False,False,False,False,[],0.9283717328209008
248,0.24190287811611402,0.22190287811611403,0.6798400258027499,0.6662432252866949,0.839920012901375,0.06488109326140659,0.0023503769331789967,0.3829918855952689,6,48,1.0,keep,none,4,0,keep,False,True,False,False,False,False,False,[],0.9283717328209008
249,0.24190287811611402,0.22190287811611403,0.6798400258027499,0.6662432252866949,0.839920012901375,0.06488109326140659,0.0023503769331789967,0.3829918855952689,6,48,1.0,keep,none,4,0,keep,False,True,False,False,False,False,False,[],0.9283717328209008
250,0.24190287811611402,0.22190287811611403,0.6798400258027499,0.6662432252866949,0.839920012901375,0.06488109326140659,0.0023503769331789967,0.3829918855952689,6,48,1.0,stop_growth,none,4,0,stop_growth,False,True,False,False,False,False,False,[],0.9283717328209008
251,0.24190287811611402,0.22190287811611403,0.6798400258027499,0.6662432252866949,0.839920012901375,0.06488109326140659,0.0023503769331789967,0.3829918855952689,6,48,1.0,keep,none,4,0,keep,False,True,False,False,False,False,False,[],0.9283717328209008
252,0.24190287811611402,0.22190287811611403,0.6798400258027499,0.6662432252866949,0.839920012901375,0.06488109326140659,0.0023503769331789967,0.3829918855952689,6,48,1.0,keep,none,4,0,keep,False,True,False,False,False,False,False,[],0.9283717328209008
253,0.24190287811611402,0.22190287811611403,0.6798400258027499,0.6662432252866949,0.839920012901375,0.06488109326140659,0.0023503769331789967,0.3829918855952689,6,48,1.0,keep,none,4,0,keep,False,True,False,False,False,False,False,[],0.9283717328209008
254,0.24190287811611402,0.22190287811611403,0.6798400258027499,0.6662432252866949,0.839920012901375,0.06488109326140659,0.0023503769331789967,0.3829918855952689,6,48,1.0,keep,none,4,0,keep,False,True,False,False,False,False,False,[],0.9283717328209008
255,0.24190287811611402,0.22190287811611403,0.6798400258027499,0.6662432252866949,0.839920012901375,0.06488109326140659,0.0023503769331789967,0.3829918855952689,6,48,1.0,stop_growth,none,4,0,stop_growth,False,True,False,False,False,False,False,[],0.9283717328209008
256,0.24190287811611402,0.22190287811611403,0.6798400258027499,0.6662432252866949,0.839920012901375,0.06488109326140659,0.0023503769331789967,0.3829918855952689,6,48,1.0,keep,none,4,0,keep,False,True,False,False,False,False,False,[],0.9283717328209008
257,0.24190287811611402,0.22190287811611403,0.6798400258027499,0.6662432252866949,0.839920012901375,0.06488109326140659,0.0023503769331789967,0.3829918855952689,6,48,1.0,keep,none,4,0,keep,False,True,False,False,False,False,False,[],0.9283717328209008
258,0.24190287811611402,0.22190287811611403,0.6798400258027499,0.6662432252866949,0.839920012901375,0.06488109326140659,0.0023503769331789967,0.3829918855952689,6,48,1.0,keep,none,4,0,keep,False,True,False,False,False,False,False,[],0.9283717328209008
259,0.24190287811611402,0.22190287811611403,0.6798400258027499,0.6662432252866949,0.839920012901375,0.06488109326140659,0.0023503769331789967,0.3829918855952689,6,48,1.0,keep,none,4,0,keep,False,True,False,False,False,False,False,[],0.9283717328209008
260,0.24190287811611402,0.22190287811611403,0.6798400258027499,0.6662432252866949,0.839920012901375,0.06488109326140659,0.0023503769331789967,0.3829918855952689,6,48,1.0,stop_growth,none,4,0,stop_growth,False,True,False,False,False,False,False,[],0.9283717328209008
261,0.24190287811611402,0.22190287811611403,0.6798400258027499,0.6662432252866949,0.839920012901375,0.06488109326140659,0.0023503769331789967,0.3829918855952689,6,48,1.0,keep,none,4,0,keep,False,True,False,False,False,False,False,[],0.9283717328209008
262,0.24190287811611402,0.22190287811611403,0.6798400258027499,0.6662432252866949,0.839920012901375,0.06488109326140659,0.0023503769331789967,0.3829918855952689,6,48,1.0,keep,none,4,0,keep,False,True,False,False,False,False,False,[],0.9283717328209008
263,0.24190287811611402,0.22190287811611403,0.6798400258027499,0.6662432252866949,0.839920012901375,0.06488109326140659,0.0023503769331789967,0.3829918855952689,6,48,1.0,keep,none,4,0,keep,False,True,False,False,False,False,False,[],0.9283717328209008
264,0.24190287811611402,0.22190287811611403,0.6798400258027499,0.6662432252866949,0.839920012901375,0.06488109326140659,0.0023503769331789967,0.3829918855952689,6,48,1.0,keep,none,4,0,keep,False,True,False,False,False,False,False,[],0.9283717328209008
265,0.24190287811611402,0.22190287811611403,0.6798400258027499,0.6662432252866949,0.839920012901375,0.06488109326140659,0.0023503769331789967,0.3829918855952689,6,48,1.0,stop_growth,none,4,0,stop_growth,False,True,False,False,False,False,False,[],0.9283717328209008
266,0.24190287811611402,0.22190287811611403,0.6798400258027499,0.6662432252866949,0.839920012901375,0.06488109326140659,0.0023503769331789967,0.3829918855952689,6,48,1.0,keep,none,4,0,keep,False,True,False,False,False,False,False,[],0.9283717328209008
267,0.24190287811611402,0.22190287811611403,0.6798400258027499,0.6662432252866949,0.839920012901375,0.06488109326140659,0.0023503769331789967,0.3829918855952689,6,48,1.0,keep,none,4,0,keep,False,True,False,False,False,False,False,[],0.9283717328209008
268,0.24190287811611402,0.22190287811611403,0.6798400258027499,0.6662432252866949,0.839920012901375,0.06488109326140659,0.0023503769331789967,0.3829918855952689,6,48,1.0,keep,none,4,0,keep,False,True,False,False,False,False,False,[],0.9283717328209008
269,0.24190287811611402,0.22190287811611403,0.6798400258027499,0.6662432252866949,0.839920012901375,0.06488109326140659,0.0023503769331789967,0.3829918855952689,6,48,1.0,keep,none,4,0,keep,False,True,False,False,False,False,False,[],0.9283717328209008
270,0.24190287811611402,0.22190287811611403,0.6798400258027499,0.6662432252866949,0.839920012901375,0.06488109326140659,0.0023503769331789967,0.3829918855952689,6,48,1.0,stop_growth,none,4,0,stop_growth,False,True,False,False,False,False,False,[],0.9283717328209008
271,0.24190287811611402,0.22190287811611403,0.6798400258027499,0.6662432252866949,0.839920012901375,0.06488109326140659,0.0023503769331789967,0.3829918855952689,6,48,1.0,keep,none,4,0,keep,False,True,False,False,False,False,False,[],0.9283717328209008
272,0.24190287811611402,0.22190287811611403,0.6798400258027499,0.6662432252866949,0.839920012901375,0.06488109326140659,0.0023503769331789967,0.3829918855952689,6,48,1.0,keep,none,4,0,keep,False,True,False,False,False,False,False,[],0.9283717328209008
273,0.24190287811611402,0.22190287811611403,0.6798400258027499,0.6662432252866949,0.839920012901375,0.06488109326140659,0.0023503769331789967,0.3829918855952689,6,48,1.0,keep,none,4,0,keep,False,True,False,False,False,False,False,[],0.9283717328209008
274,0.24190287811611402,0.22190287811611403,0.6798400258027499,0.6662432252866949,0.839920012901375,0.06488109326140659,0.0023503769331789967,0.3829918855952689,6,48,1.0,keep,none,4,0,keep,False,True,False,False,False,False,False,[],0.9283717328209008
275,0.24190287811611402,0.22190287811611403,0.6798400258027499,0.6662432252866949,0.839920012901375,0.06488109326140659,0.0023503769331789967,0.3829918855952689,6,48,1.0,stop_growth,none,4,0,stop_growth,False,True,False,False,False,False,False,[],0.9283717328209008
276,0.24190287811611402,0.22190287811611403,0.6798400258027499,0.6662432252866949,0.839920012901375,0.06488109326140659,0.0023503769331789967,0.3829918855952689,6,48,1.0,keep,none,4,0,keep,False,True,False,False,False,False,False,[],0.9283717328209008
277,0.24190287811611402,0.22190287811611403,0.6798400258027499,0.6662432252866949,0.839920012901375,0.06488109326140659,0.0023503769331789967,0.3829918855952689,6,48,1.0,keep,none,4,0,keep,False,True,False,False,False,False,False,[],0.9283717328209008
278,0.24190287811611402,0.22190287811611403,0.6798400258027499,0.6662432252866949,0.839920012901375,0.06488109326140659,0.0023503769331789967,0.3829918855952689,6,48,1.0,keep,none,4,0,keep,False,True,False,False,False,False,False,[],0.9283717328209008
279,0.24190287811611402,0.22190287811611403,0.6798400258027499,0.6662432252866949,0.839920012901375,0.06488109326140659,0.0023503769331789967,0.3829918855952689,6,48,1.0,keep,none,4,0,keep,False,True,False,False,False,False,False,[],0.9283717328209008
280,0.24190287811611402,0.22190287811611403,0.6798400258027499,0.6662432252866949,0.839920012901375,0.06488109326140659,0.0023503769331789967,0.3829918855952689,6,48,1.0,stop_growth,none,4,0,stop_growth,False,True,False,False,False,False,False,[],0.9283717328209008
281,0.24190287811611402,0.22190287811611403,0.6798400258027499,0.6662432252866949,0.839920012901375,0.06488109326140659,0.0023503769331789967,0.3829918855952689,6,48,1.0,keep,none,4,0,keep,False,True,False,False,False,False,False,[],0.9283717328209008
282,0.24190287811611402,0.22190287811611403,0.6798400258027499,0.6662432252866949,0.839920012901375,0.06488109326140659,0.0023503769331789967,0.3829918855952689,6,48,1.0,keep,none,4,0,keep,False,True,False,False,False,False,False,[],0.9283717328209008
283,0.24190287811611402,0.22190287811611403,0.6798400258027499,0.6662432252866949,0.839920012901375,0.06488109326140659,0.0023503769331789967,0.3829918855952689,6,48,1.0,keep,none,4,0,keep,False,True,False,False,False,False,False,[],0.9283717328209008
284,0.24190287811611402,0.22190287811611403,0.6798400258027499,0.6662432252866949,0.839920012901375,0.06488109326140659,0.0023503769331789967,0.3829918855952689,6,48,1.0,keep,none,4,0,keep,False,True,False,False,False,False,False,[],0.9283717328209008
285,0.24190287811611402,0.22190287811611403,0.6798400258027499,0.6662432252866949,0.839920012901375,0.06488109326140659,0.0023503769331789967,0.3829918855952689,6,48,1.0,stop_growth,none,4,0,stop_growth,False,True,False,False,False,False,False,[],0.9283717328209008
286,0.24190287811611402,0.22190287811611403,0.6798400258027499,0.6662432252866949,0.839920012901375,0.06488109326140659,0.0023503769331789967,0.3829918855952689,6,48,1.0,keep,none,4,0,keep,False,True,False,False,False,False,False,[],0.9283717328209008
287,0.24190287811611402,0.22190287811611403,0.6798400258027499,0.6662432252866949,0.839920012901375,0.06488109326140659,0.0023503769331789967,0.3829918855952689,6,48,1.0,keep,none,4,0,keep,False,True,False,False,False,False,False,[],0.9283717328209008
288,0.24190287811611402,0.22190287811611403,0.6798400258027499,0.6662432252866949,0.839920012901375,0.06488109326140659,0.0023503769331789967,0.3829918855952689,6,48,1.0,keep,none,4,0,keep,False,True,False,False,False,False,False,[],0.9283717328209008
289,0.24190287811611402,0.22190287811611403,0.6798400258027499,0.6662432252866949,0.839920012901375,0.06488109326140659,0.0023503769331789967,0.3829918855952689,6,48,1.0,keep,none,4,0,keep,False,True,False,False,False,False,False,[],0.9283717328209008
290,0.24190287811611402,0.22190287811611403,0.6798400258027499,0.6662432252866949,0.839920012901375,0.06488109326140659,0.0023503769331789967,0.3829918855952689,6,48,1.0,stop_growth,none,4,0,stop_growth,False,True,False,False,False,False,False,[],0.9283717328209008
291,0.24190287811611402,0.22190287811611403,0.6798400258027499,0.6662432252866949,0.839920012901375,0.06488109326140659,0.0023503769331789967,0.3829918855952689,6,48,1.0,keep,none,4,0,keep,False,True,False,False,False,False,False,[],0.9283717328209008
292,0.24190287811611402,0.22190287811611403,0.6798400258027499,0.6662432252866949,0.839920012901375,0.06488109326140659,0.0023503769331789967,0.3829918855952689,6,48,1.0,keep,none,4,0,keep,False,True,False,False,False,False,False,[],0.9283717328209008
293,0.24190287811611402,0.22190287811611403,0.6798400258027499,0.6662432252866949,0.839920012901375,0.06488109326140659,0.0023503769331789967,0.3829918855952689,6,48,1.0,keep,none,4,0,keep,False,True,False,False,False,False,False,[],0.9283717328209008
294,0.24190287811611402,0.22190287811611403,0.6798400258027499,0.6662432252866949,0.839920012901375,0.06488109326140659,0.0023503769331789967,0.3829918855952689,6,48,1.0,keep,none,4,0,keep,False,True,False,False,False,False,False,[],0.9283717328209008
295,0.24190287811611402,0.22190287811611403,0.6798400258027499,0.6662432252866949,0.839920012901375,0.06488109326140659,0.0023503769331789967,0.3829918855952689,6,48,1.0,stop_growth,none,4,0,stop_growth,False,True,False,False,False,False,False,[],0.9283717328209008
296,0.24190287811611402,0.22190287811611403,0.6798400258027499,0.6662432252866949,0.839920012901375,0.06488109326140659,0.0023503769331789967,0.3829918855952689,6,48,1.0,keep,none,4,0,keep,False,True,False,False,False,False,False,[],0.9283717328209008
297,0.24190287811611402,0.22190287811611403,0.6798400258027499,0.6662432252866949,0.839920012901375,0.06488109326140659,0.0023503769331789967,0.3829918855952689,6,48,1.0,keep,none,4,0,keep,False,True,False,False,False,False,False,[],0.9283717328209008
298,0.24190287811611402,0.22190287811611403,0.6798400258027499,0.6662432252866949,0.839920012901375,0.06488109326140659,0.0023503769331789967,0.3829918855952689,6,48,1.0,keep,none,4,0,keep,False,True,False,False,False,False,False,[],0.9283717328209008
299,0.24190287811611402,0.22190287811611403,0.6798400258027499,0.6662432252866949,0.839920012901375,0.06488109326140659,0.0023503769331789967,0.3829918855952689,6,48,1.0,keep,none,4,0,keep,False,True,False,False,False,False,False,[],0.9283717328209008
300,0.24190287811611402,0.22190287811611403,0.6798400258027499,0.6662432252866949,0.839920012901375,0.06488109326140659,0.0023503769331789967,0.3829918855952689,6,48,1.0,stop_growth,none,4,0,stop_growth,False,True,False,False,False,False,False,[],0.9283717328209008
301,0.24190287811611402,0.22190287811611403,0.6798400258027499,0.6662432252866949,0.839920012901375,0.06488109326140659,0.0023503769331789967,0.3829918855952689,6,48,1.0,keep,none,4,0,keep,False,True,False,False,False,False,False,[],0.9283717328209008
302,0.24190287811611402,0.22190287811611403,0.6798400258027499,0.6662432252866949,0.839920012901375,0.06488109326140659,0.0023503769331789967,0.3829918855952689,6,48,1.0,keep,none,4,0,keep,False,True,False,False,False,False,False,[],0.9283717328209008
303,0.24190287811611402,0.22190287811611403,0.6798400258027499,0.6662432252866949,0.839920012901375,0.06488109326140659,0.0023503769331789967,0.3829918855952689,6,48,1.0,keep,none,4,0,keep,False,True,False,False,False,False,False,[],0.9283717328209008
304,0.24190287811611402,0.22190287811611403,0.6798400258027499,0.6662432252866949,0.839920012901375,0.06488109326140659,0.0023503769331789967,0.3829918855952689,6,48,1.0,keep,none,4,0,keep,False,True,False,False,False,False,False,[],0.9283717328209008
305,0.24190287811611402,0.22190287811611403,0.6798400258027499,0.6662432252866949,0.839920012901375,0.06488109326140659,0.0023503769331789967,0.3829918855952689,6,48,1.0,stop_growth,none,4,0,stop_growth,False,True,False,False,False,False,False,[],0.9283717328209008
306,0.24190287811611402,0.22190287811611403,0.6798400258027499,0.6662432252866949,0.839920012901375,0.06488109326140659,0.0023503769331789967,0.3829918855952689,6,48,1.0,keep,none,4,0,keep,False,True,False,False,False,False,False,[],0.9283717328209008
307,0.24190287811611402,0.22190287811611403,0.6798400258027499,0.6662432252866949,0.839920012901375,0.06488109326140659,0.0023503769331789967,0.3829918855952689,6,48,1.0,keep,none,4,0,keep,False,True,False,False,False,False,False,[],0.9283717328209008
308,0.24190287811611402,0.22190287811611403,0.6798400258027499,0.6662432252866949,0.839920012901375,0.06488109326140659,0.0023503769331789967,0.3829918855952689,6,48,1.0,keep,none,4,0,keep,False,True,False,False,False,False,False,[],0.9283717328209008
309,0.24190287811611402,0.22190287811611403,0.6798400258027499,0.6662432252866949,0.839920012901375,0.06488109326140659,0.0023503769331789967,0.3829918855952689,6,48,1.0,keep,none,4,0,keep,False,True,False,False,False,False,False,[],0.9283717328209008
310,0.24190287811611402,0.22190287811611403,0.6798400258027499,0.6662432252866949,0.839920012901375,0.06488109326140659,0.0023503769331789967,0.3829918855952689,6,48,1.0,stop_growth,none,4,0,stop_growth,False,True,False,False,False,False,False,[],0.9283717328209008
311,0.24190287811611402,0.22190287811611403,0.6798400258027499,0.6662432252866949,0.839920012901375,0.06488109326140659,0.0023503769331789967,0.3829918855952689,6,48,1.0,keep,none,4,0,keep,False,True,False,False,False,False,False,[],0.9283717328209008
312,0.24190287811611402,0.22190287811611403,0.6798400258027499,0.6662432252866949,0.839920012901375,0.06488109326140659,0.0023503769331789967,0.3829918855952689,6,48,1.0,keep,none,4,0,keep,False,True,False,False,False,False,False,[],0.9283717328209008
313,0.24190287811611402,0.22190287811611403,0.6798400258027499,0.6662432252866949,0.839920012901375,0.06488109326140659,0.0023503769331789967,0.3829918855952689,6,48,1.0,keep,none,4,0,keep,False,True,False,False,False,False,False,[],0.9283717328209008
314,0.24190287811611402,0.22190287811611403,0.6798400258027499,0.6662432252866949,0.839920012901375,0.06488109326140659,0.0023503769331789967,0.3829918855952689,6,48,1.0,keep,none,4,0,keep,False,True,False,False,False,False,False,[],0.9283717328209008
315,0.24190287811611402,0.22190287811611403,0.6798400258027499,0.6662432252866949,0.839920012901375,0.06488109326140659,0.0023503769331789967,0.3829918855952689,6,48,1.0,stop_growth,none,4,0,stop_growth,False,True,False,False,False,False,False,[],0.9283717328209008
316,0.24190287811611402,0.22190287811611403,0.6798400258027499,0.6662432252866949,0.839920012901375,0.06488109326140659,0.0023503769331789967,0.3829918855952689,6,48,1.0,keep,none,4,0,keep,False,True,False,False,False,False,False,[],0.9283717328209008
317,0.24190287811611402,0.22190287811611403,0.6798400258027499,0.6662432252866949,0.839920012901375,0.06488109326140659,0.0023503769331789967,0.3829918855952689,6,48,1.0,keep,none,4,0,keep,False,True,False,False,False,False,False,[],0.9283717328209008
318,0.24190287811611402,0.22190287811611403,0.6798400258027499,0.6662432252866949,0.839920012901375,0.06488109326140659,0.0023503769331789967,0.3829918855952689,6,48,1.0,keep,none,4,0,keep,False,True,False,False,False,False,False,[],0.9283717328209008
319,0.24190287811611402,0.22190287811611403,0.6798400258027499,0.6662432252866949,0.839920012901375,0.06488109326140659,0.0023503769331789967,0.3829918855952689,6,48,1.0,keep,none,4,0,keep,False,True,False,False,False,False,False,[],0.9283717328209008
320,0.24190287811611402,0.22190287811611403,0.6798400258027499,0.6662432252866949,0.839920012901375,0.06488109326140659,0.0023503769331789967,0.3829918855952689,6,48,1.0,stop_growth,none,4,0,stop_growth,False,True,False,False,False,False,False,[],0.9283717328209008
321,0.24190287811611402,0.22190287811611403,0.6798400258027499,0.6662432252866949,0.839920012901375,0.06488109326140659,0.0023503769331789967,0.3829918855952689,6,48,1.0,keep,none,4,0,keep,False,True,False,False,False,False,False,[],0.9283717328209008
322,0.24190287811611402,0.22190287811611403,0.6798400258027499,0.6662432252866949,0.839920012901375,0.06488109326140659,0.0023503769331789967,0.3829918855952689,6,48,1.0,keep,none,4,0,keep,False,True,False,False,False,False,False,[],0.9283717328209008
323,0.24190287811611402,0.22190287811611403,0.6798400258027499,0.6662432252866949,0.839920012901375,0.06488109326140659,0.0023503769331789967,0.3829918855952689,6,48,1.0,keep,none,4,0,keep,False,True,False,False,False,False,False,[],0.9283717328209008
324,0.24190287811611402,0.22190287811611403,0.6798400258027499,0.6662432252866949,0.839920012901375,0.06488109326140659,0.0023503769331789967,0.3829918855952689,6,48,1.0,keep,none,4,0,keep,False,True,False,False,False,False,False,[],0.9283717328209008
325,0.24190287811611402,0.22190287811611403,0.6798400258027499,0.6662432252866949,0.839920012901375,0.06488109326140659,0.0023503769331789967,0.3829918855952689,6,48,1.0,stop_growth,none,4,0,stop_growth,False,True,False,False,False,False,False,[],0.9283717328209008
326,0.24190287811611402,0.22190287811611403,0.6798400258027499,0.6662432252866949,0.839920012901375,0.06488109326140659,0.0023503769331789967,0.3829918855952689,6,48,1.0,keep,none,4,0,keep,False,True,False,False,False,False,False,[],0.9283717328209008
327,0.24190287811611402,0.22190287811611403,0.6798400258027499,0.6662432252866949,0.839920012901375,0.06488109326140659,0.0023503769331789967,0.3829918855952689,6,48,1.0,keep,none,4,0,keep,False,True,False,False,False,False,False,[],0.9283717328209008
328,0.24190287811611402,0.22190287811611403,0.6798400258027499,0.6662432252866949,0.839920012901375,0.06488109326140659,0.0023503769331789967,0.3829918855952689,6,48,1.0,keep,none,4,0,keep,False,True,False,False,False,False,False,[],0.9283717328209008
329,0.24190287811611402,0.22190287811611403,0.6798400258027499,0.6662432252866949,0.839920012901375,0.06488109326140659,0.0023503769331789967,0.3829918855952689,6,48,1.0,keep,none,4,0,keep,False,True,False,False,False,False,False,[],0.9283717328209008
330,0.24190287811611402,0.22190287811611403,0.6798400258027499,0.6662432252866949,0.839920012901375,0.06488109326140659,0.0023503769331789967,0.3829918855952689,6,48,1.0,stop_growth,none,4,0,stop_growth,False,True,False,False,False,False,False,[],0.9283717328209008
331,0.24190287811611402,0.22190287811611403,0.6798400258027499,0.6662432252866949,0.839920012901375,0.06488109326140659,0.0023503769331789967,0.3829918855952689,6,48,1.0,keep,none,4,0,keep,False,True,False,False,False,False,False,[],0.9283717328209008
332,0.24190287811611402,0.22190287811611403,0.6798400258027499,0.6662432252866949,0.839920012901375,0.06488109326140659,0.0023503769331789967,0.3829918855952689,6,48,1.0,keep,none,4,0,keep,False,True,False,False,False,False,False,[],0.9283717328209008
333,0.24190287811611402,0.22190287811611403,0.6798400258027499,0.6662432252866949,0.839920012901375,0.06488109326140659,0.0023503769331789967,0.3829918855952689,6,48,1.0,keep,none,4,0,keep,False,True,False,False,False,False,False,[],0.9283717328209008
334,0.24190287811611402,0.22190287811611403,0.6798400258027499,0.6662432252866949,0.839920012901375,0.06488109326140659,0.0023503769331789967,0.3829918855952689,6,48,1.0,keep,none,4,0,keep,False,True,False,False,False,False,False,[],0.9283717328209008
335,0.24190287811611402,0.22190287811611403,0.6798400258027499,0.6662432252866949,0.839920012901375,0.06488109326140659,0.0023503769331789967,0.3829918855952689,6,48,1.0,stop_growth,none,4,0,stop_growth,False,True,False,False,False,False,False,[],0.9283717328209008
336,0.24190287811611402,0.22190287811611403,0.6798400258027499,0.6662432252866949,0.839920012901375,0.06488109326140659,0.0023503769331789967,0.3829918855952689,6,48,1.0,keep,none,4,0,keep,False,True,False,False,False,False,False,[],0.9283717328209008
337,0.24190287811611402,0.22190287811611403,0.6798400258027499,0.6662432252866949,0.839920012901375,0.06488109326140659,0.0023503769331789967,0.3829918855952689,6,48,1.0,keep,none,4,0,keep,False,True,False,False,False,False,False,[],0.9283717328209008
338,0.24190287811611402,0.22190287811611403,0.6798400258027499,0.6662432252866949,0.839920012901375,0.06488109326140659,0.0023503769331789967,0.3829918855952689,6,48,1.0,keep,none,4,0,keep,False,True,False,False,False,False,False,[],0.9283717328209008
339,0.24190287811611402,0.22190287811611403,0.6798400258027499,0.6662432252866949,0.839920012901375,0.06488109326140659,0.0023503769331789967,0.3829918855952689,6,48,1.0,keep,none,4,0,keep,False,True,False,False,False,False,False,[],0.9283717328209008
340,0.24190287811611402,0.22190287811611403,0.6798400258027499,0.6662432252866949,0.839920012901375,0.06488109326140659,0.0023503769331789967,0.3829918855952689,6,48,1.0,stop_growth,none,4,0,stop_growth,False,True,False,False,False,False,False,[],0.9283717328209008
341,0.24190287811611402,0.22190287811611403,0.6798400258027499,0.6662432252866949,0.839920012901375,0.06488109326140659,0.0023503769331789967,0.3829918855952689,6,48,1.0,keep,none,4,0,keep,False,True,False,False,False,False,False,[],0.9283717328209008
342,0.24190287811611402,0.22190287811611403,0.6798400258027499,0.6662432252866949,0.839920012901375,0.06488109326140659,0.0023503769331789967,0.3829918855952689,6,48,1.0,keep,none,4,0,keep,False,True,False,False,False,False,False,[],0.9283717328209008
343,0.24190287811611402,0.22190287811611403,0.6798400258027499,0.6662432252866949,0.839920012901375,0.06488109326140659,0.0023503769331789967,0.3829918855952689,6,48,1.0,keep,none,4,0,keep,False,True,False,False,False,False,False,[],0.9283717328209008
344,0.24190287811611402,0.22190287811611403,0.6798400258027499,0.6662432252866949,0.839920012901375,0.06488109326140659,0.0023503769331789967,0.3829918855952689,6,48,1.0,keep,none,4,0,keep,False,True,False,False,False,False,False,[],0.9283717328209008
345,0.24190287811611402,0.22190287811611403,0.6798400258027499,0.6662432252866949,0.839920012901375,0.06488109326140659,0.0023503769331789967,0.3829918855952689,6,48,1.0,stop_growth,none,4,0,stop_growth,False,True,False,False,False,False,False,[],0.9283717328209008
346,0.24190287811611402,0.22190287811611403,0.6798400258027499,0.6662432252866949,0.839920012901375,0.06488109326140659,0.0023503769331789967,0.3829918855952689,6,48,1.0,keep,none,4,0,keep,False,True,False,False,False,False,False,[],0.9283717328209008
347,0.24190287811611402,0.22190287811611403,0.6798400258027499,0.6662432252866949,0.839920012901375,0.06488109326140659,0.0023503769331789967,0.3829918855952689,6,48,1.0,keep,none,4,0,keep,False,True,False,False,False,False,False,[],0.9283717328209008
348,0.24190287811611402,0.22190287811611403,0.6798400258027499,0.6662432252866949,0.839920012901375,0.06488109326140659,0.0023503769331789967,0.3829918855952689,6,48,1.0,keep,none,4,0,keep,False,True,False,False,False,False,False,[],0.9283717328209008
349,0.24190287811611402,0.22190287811611403,0.6798400258027499,0.6662432252866949,0.839920012901375,0.06488109326140659,0.0023503769331789967,0.3829918855952689,6,48,1.0,keep,none,4,0,keep,False,True,False,False,False,False,False,[],0.9283717328209008
350,0.24190287811611402,0.22190287811611403,0.6798400258027499,0.6662432252866949,0.839920012901375,0.06488109326140659,0.0023503769331789967,0.3829918855952689,6,48,1.0,stop_growth,none,4,0,stop_growth,False,True,False,False,False,False,False,[],0.9283717328209008
351,0.24190287811611402,0.22190287811611403,0.6798400258027499,0.6662432252866949,0.839920012901375,0.06488109326140659,0.0023503769331789967,0.3829918855952689,6,48,1.0,keep,none,4,0,keep,False,True,False,False,False,False,False,[],0.9283717328209008
352,0.24190287811611402,0.22190287811611403,0.6798400258027499,0.6662432252866949,0.839920012901375,0.06488109326140659,0.0023503769331789967,0.3829918855952689,6,48,1.0,keep,none,4,0,keep,False,True,False,False,False,False,False,[],0.9283717328209008
353,0.24190287811611402,0.22190287811611403,0.6798400258027499,0.6662432252866949,0.839920012901375,0.06488109326140659,0.0023503769331789967,0.3829918855952689,6,48,1.0,keep,none,4,0,keep,False,True,False,False,False,False,False,[],0.9283717328209008
354,0.24190287811611402,0.22190287811611403,0.6798400258027499,0.6662432252866949,0.839920012901375,0.06488109326140659,0.0023503769331789967,0.3829918855952689,6,48,1.0,keep,none,4,0,keep,False,True,False,False,False,False,False,[],0.9283717328209008
355,0.24190287811611402,0.22190287811611403,0.6798400258027499,0.6662432252866949,0.839920012901375,0.06488109326140659,0.0023503769331789967,0.3829918855952689,6,48,1.0,stop_growth,none,4,0,stop_growth,False,True,False,False,False,False,False,[],0.9283717328209008
356,0.24190287811611402,0.22190287811611403,0.6798400258027499,0.6662432252866949,0.839920012901375,0.06488109326140659,0.0023503769331789967,0.3829918855952689,6,48,1.0,keep,none,4,0,keep,False,True,False,False,False,False,False,[],0.9283717328209008
357,0.24190287811611402,0.22190287811611403,0.6798400258027499,0.6662432252866949,0.839920012901375,0.06488109326140659,0.0023503769331789967,0.3829918855952689,6,48,1.0,keep,none,4,0,keep,False,True,False,False,False,False,False,[],0.9283717328209008
358,0.24190287811611402,0.22190287811611403,0.6798400258027499,0.6662432252866949,0.839920012901375,0.06488109326140659,0.0023503769331789967,0.3829918855952689,6,48,1.0,keep,none,4,0,keep,False,True,False,False,False,False,False,[],0.9283717328209008
359,0.24190287811611402,0.22190287811611403,0.6798400258027499,0.6662432252866949,0.839920012901375,0.06488109326140659,0.0023503769331789967,0.3829918855952689,6,48,1.0,keep,none,4,0,keep,False,True,False,False,False,False,False,[],0.9283717328209008
360,0.24190287811611402,0.22190287811611403,0.6798400258027499,0.6662432252866949,0.839920012901375,0.06488109326140659,0.0023503769331789967,0.3829918855952689,6,48,1.0,stop_growth,none,4,0,stop_growth,False,True,False,False,False,False,False,[],0.9283717328209008
361,0.24190287811611402,0.22190287811611403,0.6798400258027499,0.6662432252866949,0.839920012901375,0.06488109326140659,0.0023503769331789967,0.3829918855952689,6,48,1.0,keep,none,4,0,keep,False,True,False,False,False,False,False,[],0.9283717328209008
362,0.24190287811611402,0.22190287811611403,0.6798400258027499,0.6662432252866949,0.839920012901375,0.06488109326140659,0.0023503769331789967,0.3829918855952689,6,48,1.0,keep,none,4,0,keep,False,True,False,False,False,False,False,[],0.9283717328209008
363,0.24190287811611402,0.22190287811611403,0.6798400258027499,0.6662432252866949,0.839920012901375,0.06488109326140659,0.0023503769331789967,0.3829918855952689,6,48,1.0,keep,none,4,0,keep,False,True,False,False,False,False,False,[],0.9283717328209008
364,0.24190287811611402,0.22190287811611403,0.6798400258027499,0.6662432252866949,0.839920012901375,0.06488109326140659,0.0023503769331789967,0.3829918855952689,6,48,1.0,keep,none,4,0,keep,False,True,False,False,False,False,False,[],0.9283717328209008
365,0.24190287811611402,0.22190287811611403,0.6798400258027499,0.6662432252866949,0.839920012901375,0.06488109326140659,0.0023503769331789967,0.3829918855952689,6,48,1.0,stop_growth,none,4,0,stop_growth,False,True,False,False,False,False,False,[],0.9283717328209008
366,0.24190287811611402,0.22190287811611403,0.6798400258027499,0.6662432252866949,0.839920012901375,0.06488109326140659,0.0023503769331789967,0.3829918855952689,6,48,1.0,keep,none,4,0,keep,False,True,False,False,False,False,False,[],0.9283717328209008
367,0.24190287811611402,0.22190287811611403,0.6798400258027499,0.6662432252866949,0.839920012901375,0.06488109326140659,0.0023503769331789967,0.3829918855952689,6,48,1.0,keep,none,4,0,keep,False,True,False,False,False,False,False,[],0.9283717328209008
368,0.24190287811611402,0.22190287811611403,0.6798400258027499,0.6662432252866949,0.839920012901375,0.06488109326140659,0.0023503769331789967,0.3829918855952689,6,48,1.0,keep,none,4,0,keep,False,True,False,False,False,False,False,[],0.9283717328209008
369,0.24190287811611402,0.22190287811611403,0.6798400258027499,0.6662432252866949,0.839920012901375,0.06488109326140659,0.0023503769331789967,0.3829918855952689,6,48,1.0,keep,none,4,0,keep,False,True,False,False,False,False,False,[],0.9283717328209008
370,0.24190287811611402,0.22190287811611403,0.6798400258027499,0.6662432252866949,0.839920012901375,0.06488109326140659,0.0023503769331789967,0.3829918855952689,6,48,1.0,stop_growth,none,4,0,stop_growth,False,True,False,False,False,False,False,[],0.9283717328209008
371,0.24190287811611402,0.22190287811611403,0.6798400258027499,0.6662432252866949,0.839920012901375,0.06488109326140659,0.0023503769331789967,0.3829918855952689,6,48,1.0,keep,none,4,0,keep,False,True,False,False,False,False,False,[],0.9283717328209008
372,0.24190287811611402,0.22190287811611403,0.6798400258027499,0.6662432252866949,0.839920012901375,0.06488109326140659,0.0023503769331789967,0.3829918855952689,6,48,1.0,keep,none,4,0,keep,False,True,False,False,False,False,False,[],0.9283717328209008
373,0.24190287811611402,0.22190287811611403,0.6798400258027499,0.6662432252866949,0.839920012901375,0.06488109326140659,0.0023503769331789967,0.3829918855952689,6,48,1.0,keep,none,4,0,keep,False,True,False,False,False,False,False,[],0.9283717328209008
374,0.24190287811611402,0.22190287811611403,0.6798400258027499,0.6662432252866949,0.839920012901375,0.06488109326140659,0.0023503769331789967,0.3829918855952689,6,48,1.0,keep,none,4,0,keep,False,True,False,False,False,False,False,[],0.9283717328209008
375,0.24190287811611402,0.22190287811611403,0.6798400258027499,0.6662432252866949,0.839920012901375,0.06488109326140659,0.0023503769331789967,0.3829918855952689,6,48,1.0,stop_growth,none,4,0,stop_growth,False,True,False,False,False,False,False,[],0.9283717328209008
376,0.24190287811611402,0.22190287811611403,0.6798400258027499,0.6662432252866949,0.839920012901375,0.06488109326140659,0.0023503769331789967,0.3829918855952689,6,48,1.0,keep,none,4,0,keep,False,True,False,False,False,False,False,[],0.9283717328209008
377,0.24190287811611402,0.22190287811611403,0.6798400258027499,0.6662432252866949,0.839920012901375,0.06488109326140659,0.0023503769331789967,0.3829918855952689,6,48,1.0,keep,none,4,0,keep,False,True,False,False,False,False,False,[],0.9283717328209008
378,0.24190287811611402,0.22190287811611403,0.6798400258027499,0.6662432252866949,0.839920012901375,0.06488109326140659,0.0023503769331789967,0.3829918855952689,6,48,1.0,keep,none,4,0,keep,False,True,False,False,False,False,False,[],0.9283717328209008
379,0.24190287811611402,0.22190287811611403,0.6798400258027499,0.6662432252866949,0.839920012901375,0.06488109326140659,0.0023503769331789967,0.3829918855952689,6,48,1.0,keep,none,4,0,keep,False,True,False,False,False,False,False,[],0.9283717328209008
380,0.24190287811611402,0.22190287811611403,0.6798400258027499,0.6662432252866949,0.839920012901375,0.06488109326140659,0.0023503769331789967,0.3829918855952689,6,48,1.0,stop_growth,none,4,0,stop_growth,False,True,False,False,False,False,False,[],0.9283717328209008
381,0.24190287811611402,0.22190287811611403,0.6798400258027499,0.6662432252866949,0.839920012901375,0.06488109326140659,0.0023503769331789967,0.3829918855952689,6,48,1.0,keep,none,4,0,keep,False,True,False,False,False,False,False,[],0.9283717328209008
382,0.24190287811611402,0.22190287811611403,0.6798400258027499,0.6662432252866949,0.839920012901375,0.06488109326140659,0.0023503769331789967,0.3829918855952689,6,48,1.0,keep,none,4,0,keep,False,True,False,False,False,False,False,[],0.9283717328209008
383,0.24190287811611402,0.22190287811611403,0.6798400258027499,0.6662432252866949,0.839920012901375,0.06488109326140659,0.0023503769331789967,0.3829918855952689,6,48,1.0,keep,none,4,0,keep,False,True,False,False,False,False,False,[],0.9283717328209008
384,0.24190287811611402,0.22190287811611403,0.6798400258027499,0.6662432252866949,0.839920012901375,0.06488109326140659,0.0023503769331789967,0.3829918855952689,6,48,1.0,keep,none,4,0,keep,False,True,False,False,False,False,False,[],0.9283717328209008
385,0.24190287811611402,0.22190287811611403,0.6798400258027499,0.6662432252866949,0.839920012901375,0.06488109326140659,0.0023503769331789967,0.3829918855952689,6,48,1.0,stop_growth,none,4,0,stop_growth,False,True,False,False,False,False,False,[],0.9283717328209008
386,0.24190287811611402,0.22190287811611403,0.6798400258027499,0.6662432252866949,0.839920012901375,0.06488109326140659,0.0023503769331789967,0.3829918855952689,6,48,1.0,keep,none,4,0,keep,False,True,False,False,False,False,False,[],0.9283717328209008
387,0.24190287811611402,0.22190287811611403,0.6798400258027499,0.6662432252866949,0.839920012901375,0.06488109326140659,0.0023503769331789967,0.3829918855952689,6,48,1.0,keep,none,4,0,keep,False,True,False,False,False,False,False,[],0.9283717328209008
388,0.24190287811611402,0.22190287811611403,0.6798400258027499,0.6662432252866949,0.839920012901375,0.06488109326140659,0.0023503769331789967,0.3829918855952689,6,48,1.0,keep,none,4,0,keep,False,True,False,False,False,False,False,[],0.9283717328209008
389,0.24190287811611402,0.22190287811611403,0.6798400258027499,0.6662432252866949,0.839920012901375,0.06488109326140659,0.0023503769331789967,0.3829918855952689,6,48,1.0,keep,none,4,0,keep,False,True,False,False,False,False,False,[],0.9283717328209008
390,0.24190287811611402,0.22190287811611403,0.6798400258027499,0.6662432252866949,0.839920012901375,0.06488109326140659,0.0023503769331789967,0.3829918855952689,6,48,1.0,stop_growth,none,4,0,stop_growth,False,True,False,False,False,False,False,[],0.9283717328209008
391,0.24190287811611402,0.22190287811611403,0.6798400258027499,0.6662432252866949,0.839920012901375,0.06488109326140659,0.0023503769331789967,0.3829918855952689,6,48,1.0,keep,none,4,0,keep,False,True,False,False,False,False,False,[],0.9283717328209008
392,0.24190287811611402,0.22190287811611403,0.6798400258027499,0.6662432252866949,0.839920012901375,0.06488109326140659,0.0023503769331789967,0.3829918855952689,6,48,1.0,keep,none,4,0,keep,False,True,False,False,False,False,False,[],0.9283717328209008
393,0.24190287811611402,0.22190287811611403,0.6798400258027499,0.6662432252866949,0.839920012901375,0.06488109326140659,0.0023503769331789967,0.3829918855952689,6,48,1.0,keep,none,4,0,keep,False,True,False,False,False,False,False,[],0.9283717328209008
394,0.24190287811611402,0.22190287811611403,0.6798400258027499,0.6662432252866949,0.839920012901375,0.06488109326140659,0.0023503769331789967,0.3829918855952689,6,48,1.0,keep,none,4,0,keep,False,True,False,False,False,False,False,[],0.9283717328209008
395,0.24190287811611402,0.22190287811611403,0.6798400258027499,0.6662432252866949,0.839920012901375,0.06488109326140659,0.0023503769331789967,0.3829918855952689,6,48,1.0,stop_growth,none,4,0,stop_growth,False,True,False,False,False,False,False,[],0.9283717328209008
396,0.24190287811611402,0.22190287811611403,0.6798400258027499,0.6662432252866949,0.839920012901375,0.06488109326140659,0.0023503769331789967,0.3829918855952689,6,48,1.0,keep,none,4,0,keep,False,True,False,False,False,False,False,[],0.9283717328209008
397,0.24190287811611402,0.22190287811611403,0.6798400258027499,0.6662432252866949,0.839920012901375,0.06488109326140659,0.0023503769331789967,0.3829918855952689,6,48,1.0,keep,none,4,0,keep,False,True,False,False,False,False,False,[],0.9283717328209008
398,0.24190287811611402,0.22190287811611403,0.6798400258027499,0.6662432252866949,0.839920012901375,0.06488109326140659,0.0023503769331789967,0.3829918855952689,6,48,1.0,keep,none,4,0,keep,False,True,False,False,False,False,False,[],0.9283717328209008
399,0.24190287811611402,0.22190287811611403,0.6798400258027499,0.6662432252866949,0.839920012901375,0.06488109326140659,0.0023503769331789967,0.3829918855952689,6,48,1.0,keep,none,4,0,keep,False,True,False,False,False,False,False,[],0.9283717328209008
400,0.24190287811611402,0.22190287811611403,0.6798400258027499,0.6662432252866949,0.839920012901375,0.06488109326140659,0.0023503769331789967,0.3829918855952689,6,48,1.0,stop_growth,none,4,0,stop_growth,False,True,False,False,False,False,False,[],0.9283717328209008
401,0.24190287811611402,0.22190287811611403,0.6798400258027499,0.6662432252866949,0.839920012901375,0.06488109326140659,0.0023503769331789967,0.3829918855952689,6,48,1.0,keep,none,4,0,keep,False,True,False,False,False,False,False,[],0.9283717328209008
402,0.24190287811611402,0.22190287811611403,0.6798400258027499,0.6662432252866949,0.839920012901375,0.06488109326140659,0.0023503769331789967,0.3829918855952689,6,48,1.0,keep,none,4,0,keep,False,True,False,False,False,False,False,[],0.9283717328209008
403,0.24190287811611402,0.22190287811611403,0.6798400258027499,0.6662432252866949,0.839920012901375,0.06488109326140659,0.0023503769331789967,0.3829918855952689,6,48,1.0,keep,none,4,0,keep,False,True,False,False,False,False,False,[],0.9283717328209008
404,0.24190287811611402,0.22190287811611403,0.6798400258027499,0.6662432252866949,0.839920012901375,0.06488109326140659,0.0023503769331789967,0.3829918855952689,6,48,1.0,keep,none,4,0,keep,False,True,False,False,False,False,False,[],0.9283717328209008
405,0.24190287811611402,0.22190287811611403,0.6798400258027499,0.6662432252866949,0.839920012901375,0.06488109326140659,0.0023503769331789967,0.3829918855952689,6,48,1.0,stop_growth,none,4,0,stop_growth,False,True,False,False,False,False,False,[],0.9283717328209008
406,0.24190287811611402,0.22190287811611403,0.6798400258027499,0.6662432252866949,0.839920012901375,0.06488109326140659,0.0023503769331789967,0.3829918855952689,6,48,1.0,keep,none,4,0,keep,False,True,False,False,False,False,False,[],0.9283717328209008
407,0.24190287811611402,0.22190287811611403,0.6798400258027499,0.6662432252866949,0.839920012901375,0.06488109326140659,0.0023503769331789967,0.3829918855952689,6,48,1.0,keep,none,4,0,keep,False,True,False,False,False,False,False,[],0.9283717328209008
408,0.24190287811611402,0.22190287811611403,0.6798400258027499,0.6662432252866949,0.839920012901375,0.06488109326140659,0.0023503769331789967,0.3829918855952689,6,48,1.0,keep,none,4,0,keep,False,True,False,False,False,False,False,[],0.9283717328209008
409,0.24190287811611402,0.22190287811611403,0.6798400258027499,0.6662432252866949,0.839920012901375,0.06488109326140659,0.0023503769331789967,0.3829918855952689,6,48,1.0,keep,none,4,0,keep,False,True,False,False,False,False,False,[],0.9283717328209008
410,0.24190287811611402,0.22190287811611403,0.6798400258027499,0.6662432252866949,0.839920012901375,0.06488109326140659,0.0023503769331789967,0.3829918855952689,6,48,1.0,stop_growth,none,4,0,stop_growth,False,True,False,False,False,False,False,[],0.9283717328209008
411,0.24190287811611402,0.22190287811611403,0.6798400258027499,0.6662432252866949,0.839920012901375,0.06488109326140659,0.0023503769331789967,0.3829918855952689,6,48,1.0,keep,none,4,0,keep,False,True,False,False,False,False,False,[],0.9283717328209008
412,0.24190287811611402,0.22190287811611403,0.6798400258027499,0.6662432252866949,0.839920012901375,0.06488109326140659,0.0023503769331789967,0.3829918855952689,6,48,1.0,keep,none,4,0,keep,False,True,False,False,False,False,False,[],0.9283717328209008
413,0.24190287811611402,0.22190287811611403,0.6798400258027499,0.6662432252866949,0.839920012901375,0.06488109326140659,0.0023503769331789967,0.3829918855952689,6,48,1.0,keep,none,4,0,keep,False,True,False,False,False,False,False,[],0.9283717328209008
414,0.24190287811611402,0.22190287811611403,0.6798400258027499,0.6662432252866949,0.839920012901375,0.06488109326140659,0.0023503769331789967,0.3829918855952689,6,48,1.0,keep,none,4,0,keep,False,True,False,False,False,False,False,[],0.9283717328209008
415,0.24190287811611402,0.22190287811611403,0.6798400258027499,0.6662432252866949,0.839920012901375,0.06488109326140659,0.0023503769331789967,0.3829918855952689,6,48,1.0,stop_growth,none,4,0,stop_growth,False,True,False,False,False,False,False,[],0.9283717328209008
416,0.24190287811611402,0.22190287811611403,0.6798400258027499,0.6662432252866949,0.839920012901375,0.06488109326140659,0.0023503769331789967,0.3829918855952689,6,48,1.0,keep,none,4,0,keep,False,True,False,False,False,False,False,[],0.9283717328209008
417,0.24190287811611402,0.22190287811611403,0.6798400258027499,0.6662432252866949,0.839920012901375,0.06488109326140659,0.0023503769331789967,0.3829918855952689,6,48,1.0,keep,none,4,0,keep,False,True,False,False,False,False,False,[],0.9283717328209008
418,0.24190287811611402,0.22190287811611403,0.6798400258027499,0.6662432252866949,0.839920012901375,0.06488109326140659,0.0023503769331789967,0.3829918855952689,6,48,1.0,keep,none,4,0,keep,False,True,False,False,False,False,False,[],0.9283717328209008
419,0.24190287811611402,0.22190287811611403,0.6798400258027499,0.6662432252866949,0.839920012901375,0.06488109326140659,0.0023503769331789967,0.3829918855952689,6,48,1.0,keep,none,4,0,keep,False,True,False,False,False,False,False,[],0.9283717328209008
420,0.24190287811611402,0.22190287811611403,0.6798400258027499,0.6662432252866949,0.839920012901375,0.06488109326140659,0.0023503769331789967,0.3829918855952689,6,48,1.0,stop_growth,none,4,0,stop_growth,False,True,False,False,False,False,False,[],0.9283717328209008
421,0.24190287811611402,0.22190287811611403,0.6798400258027499,0.6662432252866949,0.839920012901375,0.06488109326140659,0.0023503769331789967,0.3829918855952689,6,48,1.0,keep,none,4,0,keep,False,True,False,False,False,False,False,[],0.9283717328209008
422,0.24190287811611402,0.22190287811611403,0.6798400258027499,0.6662432252866949,0.839920012901375,0.06488109326140659,0.0023503769331789967,0.3829918855952689,6,48,1.0,keep,none,4,0,keep,False,True,False,False,False,False,False,[],0.9283717328209008
423,0.24190287811611402,0.22190287811611403,0.6798400258027499,0.6662432252866949,0.839920012901375,0.06488109326140659,0.0023503769331789967,0.3829918855952689,6,48,1.0,keep,none,4,0,keep,False,True,False,False,False,False,False,[],0.9283717328209008
424,0.24190287811611402,0.22190287811611403,0.6798400258027499,0.6662432252866949,0.839920012901375,0.06488109326140659,0.0023503769331789967,0.3829918855952689,6,48,1.0,keep,none,4,0,keep,False,True,False,False,False,False,False,[],0.9283717328209008
425,0.24190287811611402,0.22190287811611403,0.6798400258027499,0.6662432252866949,0.839920012901375,0.06488109326140659,0.0023503769331789967,0.3829918855952689,6,48,1.0,stop_growth,none,4,0,stop_growth,False,True,False,False,False,False,False,[],0.9283717328209008
426,0.24190287811611402,0.22190287811611403,0.6798400258027499,0.6662432252866949,0.839920012901375,0.06488109326140659,0.0023503769331789967,0.3829918855952689,6,48,1.0,keep,none,4,0,keep,False,True,False,False,False,False,False,[],0.9283717328209008
427,0.24190287811611402,0.22190287811611403,0.6798400258027499,0.6662432252866949,0.839920012901375,0.06488109326140659,0.0023503769331789967,0.3829918855952689,6,48,1.0,keep,none,4,0,keep,False,True,False,False,False,False,False,[],0.9283717328209008
428,0.24190287811611402,0.22190287811611403,0.6798400258027499,0.6662432252866949,0.839920012901375,0.06488109326140659,0.0023503769331789967,0.3829918855952689,6,48,1.0,keep,none,4,0,keep,False,True,False,False,False,False,False,[],0.9283717328209008
429,0.24190287811611402,0.22190287811611403,0.6798400258027499,0.6662432252866949,0.839920012901375,0.06488109326140659,0.0023503769331789967,0.3829918855952689,6,48,1.0,keep,none,4,0,keep,False,True,False,False,False,False,False,[],0.9283717328209008
430,0.24190287811611402,0.22190287811611403,0.6798400258027499,0.6662432252866949,0.839920012901375,0.06488109326140659,0.0023503769331789967,0.3829918855952689,6,48,1.0,stop_growth,none,4,0,stop_growth,False,True,False,False,False,False,False,[],0.9283717328209008
431,0.24190287811611402,0.22190287811611403,0.6798400258027499,0.6662432252866949,0.839920012901375,0.06488109326140659,0.0023503769331789967,0.3829918855952689,6,48,1.0,keep,none,4,0,keep,False,True,False,False,False,False,False,[],0.9283717328209008
432,0.24190287811611402,0.22190287811611403,0.6798400258027499,0.6662432252866949,0.839920012901375,0.06488109326140659,0.0023503769331789967,0.3829918855952689,6,48,1.0,keep,none,4,0,keep,False,True,False,False,False,False,False,[],0.9283717328209008
433,0.24190287811611402,0.22190287811611403,0.6798400258027499,0.6662432252866949,0.839920012901375,0.06488109326140659,0.0023503769331789967,0.3829918855952689,6,48,1.0,keep,none,4,0,keep,False,True,False,False,False,False,False,[],0.9283717328209008
434,0.24190287811611402,0.22190287811611403,0.6798400258027499,0.6662432252866949,0.839920012901375,0.06488109326140659,0.0023503769331789967,0.3829918855952689,6,48,1.0,keep,none,4,0,keep,False,True,False,False,False,False,False,[],0.9283717328209008
435,0.24190287811611402,0.22190287811611403,0.6798400258027499,0.6662432252866949,0.839920012901375,0.06488109326140659,0.0023503769331789967,0.3829918855952689,6,48,1.0,stop_growth,none,4,0,stop_growth,False,True,False,False,False,False,False,[],0.9283717328209008
436,0.24190287811611402,0.22190287811611403,0.6798400258027499,0.6662432252866949,0.839920012901375,0.06488109326140659,0.0023503769331789967,0.3829918855952689,6,48,1.0,keep,none,4,0,keep,False,True,False,False,False,False,False,[],0.9283717328209008
437,0.24190287811611402,0.22190287811611403,0.6798400258027499,0.6662432252866949,0.839920012901375,0.06488109326140659,0.0023503769331789967,0.3829918855952689,6,48,1.0,keep,none,4,0,keep,False,True,False,False,False,False,False,[],0.9283717328209008
438,0.24190287811611402,0.22190287811611403,0.6798400258027499,0.6662432252866949,0.839920012901375,0.06488109326140659,0.0023503769331789967,0.3829918855952689,6,48,1.0,keep,none,4,0,keep,False,True,False,False,False,False,False,[],0.9283717328209008
439,0.24190287811611402,0.22190287811611403,0.6798400258027499,0.6662432252866949,0.839920012901375,0.06488109326140659,0.0023503769331789967,0.3829918855952689,6,48,1.0,keep,none,4,0,keep,False,True,False,False,False,False,False,[],0.9283717328209008
440,0.24190287811611402,0.22190287811611403,0.6798400258027499,0.6662432252866949,0.839920012901375,0.06488109326140659,0.0023503769331789967,0.3829918855952689,6,48,1.0,stop_growth,none,4,0,stop_growth,False,True,False,False,False,False,False,[],0.9283717328209008
441,0.24190287811611402,0.22190287811611403,0.6798400258027499,0.6662432252866949,0.839920012901375,0.06488109326140659,0.0023503769331789967,0.3829918855952689,6,48,1.0,keep,none,4,0,keep,False,True,False,False,False,False,False,[],0.9283717328209008
442,0.24190287811611402,0.22190287811611403,0.6798400258027499,0.6662432252866949,0.839920012901375,0.06488109326140659,0.0023503769331789967,0.3829918855952689,6,48,1.0,keep,none,4,0,keep,False,True,False,False,False,False,False,[],0.9283717328209008
443,0.24190287811611402,0.22190287811611403,0.6798400258027499,0.6662432252866949,0.839920012901375,0.06488109326140659,0.0023503769331789967,0.3829918855952689,6,48,1.0,keep,none,4,0,keep,False,True,False,False,False,False,False,[],0.9283717328209008
444,0.24190287811611402,0.22190287811611403,0.6798400258027499,0.6662432252866949,0.839920012901375,0.06488109326140659,0.0023503769331789967,0.3829918855952689,6,48,1.0,keep,none,4,0,keep,False,True,False,False,False,False,False,[],0.9283717328209008
445,0.24190287811611402,0.22190287811611403,0.6798400258027499,0.6662432252866949,0.839920012901375,0.06488109326140659,0.0023503769331789967,0.3829918855952689,6,48,1.0,stop_growth,none,4,0,stop_growth,False,True,False,False,False,False,False,[],0.9283717328209008
446,0.24190287811611402,0.22190287811611403,0.6798400258027499,0.6662432252866949,0.839920012901375,0.06488109326140659,0.0023503769331789967,0.3829918855952689,6,48,1.0,keep,none,4,0,keep,False,True,False,False,False,False,False,[],0.9283717328209008
447,0.24190287811611402,0.22190287811611403,0.6798400258027499,0.6662432252866949,0.839920012901375,0.06488109326140659,0.0023503769331789967,0.3829918855952689,6,48,1.0,keep,none,4,0,keep,False,True,False,False,False,False,False,[],0.9283717328209008
448,0.24190287811611402,0.22190287811611403,0.6798400258027499,0.6662432252866949,0.839920012901375,0.06488109326140659,0.0023503769331789967,0.3829918855952689,6,48,1.0,keep,none,4,0,keep,False,True,False,False,False,False,False,[],0.9283717328209008
449,0.24190287811611402,0.22190287811611403,0.6798400258027499,0.6662432252866949,0.839920012901375,0.06488109326140659,0.0023503769331789967,0.3829918855952689,6,48,1.0,keep,none,4,0,keep,False,True,False,False,False,False,False,[],0.9283717328209008
450,0.24190287811611402,0.22190287811611403,0.6798400258027499,0.6662432252866949,0.839920012901375,0.06488109326140659,0.0023503769331789967,0.3829918855952689,6,48,1.0,stop_growth,none,4,0,stop_growth,False,True,False,False,False,False,False,[],0.9283717328209008
451,0.24190287811611402,0.22190287811611403,0.6798400258027499,0.6662432252866949,0.839920012901375,0.06488109326140659,0.0023503769331789967,0.3829918855952689,6,48,1.0,keep,none,4,0,keep,False,True,False,False,False,False,False,[],0.9283717328209008
452,0.24190287811611402,0.22190287811611403,0.6798400258027499,0.6662432252866949,0.839920012901375,0.06488109326140659,0.0023503769331789967,0.3829918855952689,6,48,1.0,keep,none,4,0,keep,False,True,False,False,False,False,False,[],0.9283717328209008
453,0.24190287811611402,0.22190287811611403,0.6798400258027499,0.6662432252866949,0.839920012901375,0.06488109326140659,0.0023503769331789967,0.3829918855952689,6,48,1.0,keep,none,4,0,keep,False,True,False,False,False,False,False,[],0.9283717328209008
454,0.24190287811611402,0.22190287811611403,0.6798400258027499,0.6662432252866949,0.839920012901375,0.06488109326140659,0.0023503769331789967,0.3829918855952689,6,48,1.0,keep,none,4,0,keep,False,True,False,False,False,False,False,[],0.9283717328209008
455,0.24190287811611402,0.22190287811611403,0.6798400258027499,0.6662432252866949,0.839920012901375,0.06488109326140659,0.0023503769331789967,0.3829918855952689,6,48,1.0,stop_growth,none,4,0,stop_growth,False,True,False,False,False,False,False,[],0.9283717328209008
456,0.24190287811611402,0.22190287811611403,0.6798400258027499,0.6662432252866949,0.839920012901375,0.06488109326140659,0.0023503769331789967,0.3829918855952689,6,48,1.0,keep,none,4,0,keep,False,True,False,False,False,False,False,[],0.9283717328209008
457,0.24190287811611402,0.22190287811611403,0.6798400258027499,0.6662432252866949,0.839920012901375,0.06488109326140659,0.0023503769331789967,0.3829918855952689,6,48,1.0,keep,none,4,0,keep,False,True,False,False,False,False,False,[],0.9283717328209008
458,0.24190287811611402,0.22190287811611403,0.6798400258027499,0.6662432252866949,0.839920012901375,0.06488109326140659,0.0023503769331789967,0.3829918855952689,6,48,1.0,keep,none,4,0,keep,False,True,False,False,False,False,False,[],0.9283717328209008
459,0.24190287811611402,0.22190287811611403,0.6798400258027499,0.6662432252866949,0.839920012901375,0.06488109326140659,0.0023503769331789967,0.3829918855952689,6,48,1.0,keep,none,4,0,keep,False,True,False,False,False,False,False,[],0.9283717328209008
460,0.24190287811611402,0.22190287811611403,0.6798400258027499,0.6662432252866949,0.839920012901375,0.06488109326140659,0.0023503769331789967,0.3829918855952689,6,48,1.0,stop_growth,none,4,0,stop_growth,False,True,False,False,False,False,False,[],0.9283717328209008
461,0.24190287811611402,0.22190287811611403,0.6798400258027499,0.6662432252866949,0.839920012901375,0.06488109326140659,0.0023503769331789967,0.3829918855952689,6,48,1.0,keep,none,4,0,keep,False,True,False,False,False,False,False,[],0.9283717328209008
462,0.24190287811611402,0.22190287811611403,0.6798400258027499,0.6662432252866949,0.839920012901375,0.06488109326140659,0.0023503769331789967,0.3829918855952689,6,48,1.0,keep,none,4,0,keep,False,True,False,False,False,False,False,[],0.9283717328209008
463,0.24190287811611402,0.22190287811611403,0.6798400258027499,0.6662432252866949,0.839920012901375,0.06488109326140659,0.0023503769331789967,0.3829918855952689,6,48,1.0,keep,none,4,0,keep,False,True,False,False,False,False,False,[],0.9283717328209008
464,0.24190287811611402,0.22190287811611403,0.6798400258027499,0.6662432252866949,0.839920012901375,0.06488109326140659,0.0023503769331789967,0.3829918855952689,6,48,1.0,keep,none,4,0,keep,False,True,False,False,False,False,False,[],0.9283717328209008
465,0.24190287811611402,0.22190287811611403,0.6798400258027499,0.6662432252866949,0.839920012901375,0.06488109326140659,0.0023503769331789967,0.3829918855952689,6,48,1.0,stop_growth,none,4,0,stop_growth,False,True,False,False,False,False,False,[],0.9283717328209008
466,0.24190287811611402,0.22190287811611403,0.6798400258027499,0.6662432252866949,0.839920012901375,0.06488109326140659,0.0023503769331789967,0.3829918855952689,6,48,1.0,keep,none,4,0,keep,False,True,False,False,False,False,False,[],0.9283717328209008
467,0.24190287811611402,0.22190287811611403,0.6798400258027499,0.6662432252866949,0.839920012901375,0.06488109326140659,0.0023503769331789967,0.3829918855952689,6,48,1.0,keep,none,4,0,keep,False,True,False,False,False,False,False,[],0.9283717328209008
468,0.24190287811611402,0.22190287811611403,0.6798400258027499,0.6662432252866949,0.839920012901375,0.06488109326140659,0.0023503769331789967,0.3829918855952689,6,48,1.0,keep,none,4,0,keep,False,True,False,False,False,False,False,[],0.9283717328209008
469,0.24190287811611402,0.22190287811611403,0.6798400258027499,0.6662432252866949,0.839920012901375,0.06488109326140659,0.0023503769331789967,0.3829918855952689,6,48,1.0,keep,none,4,0,keep,False,True,False,False,False,False,False,[],0.9283717328209008
470,0.24190287811611402,0.22190287811611403,0.6798400258027499,0.6662432252866949,0.839920012901375,0.06488109326140659,0.0023503769331789967,0.3829918855952689,6,48,1.0,stop_growth,none,4,0,stop_growth,False,True,False,False,False,False,False,[],0.9283717328209008
471,0.24190287811611402,0.22190287811611403,0.6798400258027499,0.6662432252866949,0.839920012901375,0.06488109326140659,0.0023503769331789967,0.3829918855952689,6,48,1.0,keep,none,4,0,keep,False,True,False,False,False,False,False,[],0.9283717328209008
472,0.24190287811611402,0.22190287811611403,0.6798400258027499,0.6662432252866949,0.839920012901375,0.06488109326140659,0.0023503769331789967,0.3829918855952689,6,48,1.0,keep,none,4,0,keep,False,True,False,False,False,False,False,[],0.9283717328209008
473,0.24190287811611402,0.22190287811611403,0.6798400258027499,0.6662432252866949,0.839920012901375,0.06488109326140659,0.0023503769331789967,0.3829918855952689,6,48,1.0,keep,none,4,0,keep,False,True,False,False,False,False,False,[],0.9283717328209008
474,0.24190287811611402,0.22190287811611403,0.6798400258027499,0.6662432252866949,0.839920012901375,0.06488109326140659,0.0023503769331789967,0.3829918855952689,6,48,1.0,keep,none,4,0,keep,False,True,False,False,False,False,False,[],0.9283717328209008
475,0.24190287811611402,0.22190287811611403,0.6798400258027499,0.6662432252866949,0.839920012901375,0.06488109326140659,0.0023503769331789967,0.3829918855952689,6,48,1.0,stop_growth,none,4,0,stop_growth,False,True,False,False,False,False,False,[],0.9283717328209008
476,0.24190287811611402,0.22190287811611403,0.6798400258027499,0.6662432252866949,0.839920012901375,0.06488109326140659,0.0023503769331789967,0.3829918855952689,6,48,1.0,keep,none,4,0,keep,False,True,False,False,False,False,False,[],0.9283717328209008
477,0.24190287811611402,0.22190287811611403,0.6798400258027499,0.6662432252866949,0.839920012901375,0.06488109326140659,0.0023503769331789967,0.3829918855952689,6,48,1.0,keep,none,4,0,keep,False,True,False,False,False,False,False,[],0.9283717328209008
478,0.24190287811611402,0.22190287811611403,0.6798400258027499,0.6662432252866949,0.839920012901375,0.06488109326140659,0.0023503769331789967,0.3829918855952689,6,48,1.0,keep,none,4,0,keep,False,True,False,False,False,False,False,[],0.9283717328209008
479,0.24190287811611402,0.22190287811611403,0.6798400258027499,0.6662432252866949,0.839920012901375,0.06488109326140659,0.0023503769331789967,0.3829918855952689,6,48,1.0,keep,none,4,0,keep,False,True,False,False,False,False,False,[],0.9283717328209008
480,0.24190287811611402,0.22190287811611403,0.6798400258027499,0.6662432252866949,0.839920012901375,0.06488109326140659,0.0023503769331789967,0.3829918855952689,6,48,1.0,stop_growth,none,4,0,stop_growth,False,True,False,False,False,False,False,[],0.9283717328209008
481,0.24190287811611402,0.22190287811611403,0.6798400258027499,0.6662432252866949,0.839920012901375,0.06488109326140659,0.0023503769331789967,0.3829918855952689,6,48,1.0,keep,none,4,0,keep,False,True,False,False,False,False,False,[],0.9283717328209008
482,0.24190287811611402,0.22190287811611403,0.6798400258027499,0.6662432252866949,0.839920012901375,0.06488109326140659,0.0023503769331789967,0.3829918855952689,6,48,1.0,keep,none,4,0,keep,False,True,False,False,False,False,False,[],0.9283717328209008
483,0.24190287811611402,0.22190287811611403,0.6798400258027499,0.6662432252866949,0.839920012901375,0.06488109326140659,0.0023503769331789967,0.3829918855952689,6,48,1.0,keep,none,4,0,keep,False,True,False,False,False,False,False,[],0.9283717328209008
484,0.24190287811611402,0.22190287811611403,0.6798400258027499,0.6662432252866949,0.839920012901375,0.06488109326140659,0.0023503769331789967,0.3829918855952689,6,48,1.0,keep,none,4,0,keep,False,True,False,False,False,False,False,[],0.9283717328209008
485,0.24190287811611402,0.22190287811611403,0.6798400258027499,0.6662432252866949,0.839920012901375,0.06488109326140659,0.0023503769331789967,0.3829918855952689,6,48,1.0,stop_growth,none,4,0,stop_growth,False,True,False,False,False,False,False,[],0.9283717328209008
486,0.24190287811611402,0.22190287811611403,0.6798400258027499,0.6662432252866949,0.839920012901375,0.06488109326140659,0.0023503769331789967,0.3829918855952689,6,48,1.0,keep,none,4,0,keep,False,True,False,False,False,False,False,[],0.9283717328209008
487,0.24190287811611402,0.22190287811611403,0.6798400258027499,0.6662432252866949,0.839920012901375,0.06488109326140659,0.0023503769331789967,0.3829918855952689,6,48,1.0,keep,none,4,0,keep,False,True,False,False,False,False,False,[],0.9283717328209008
488,0.24190287811611402,0.22190287811611403,0.6798400258027499,0.6662432252866949,0.839920012901375,0.06488109326140659,0.0023503769331789967,0.3829918855952689,6,48,1.0,keep,none,4,0,keep,False,True,False,False,False,False,False,[],0.9283717328209008
489,0.24190287811611402,0.22190287811611403,0.6798400258027499,0.6662432252866949,0.839920012901375,0.06488109326140659,0.0023503769331789967,0.3829918855952689,6,48,1.0,keep,none,4,0,keep,False,True,False,False,False,False,False,[],0.9283717328209008
490,0.24190287811611402,0.22190287811611403,0.6798400258027499,0.6662432252866949,0.839920012901375,0.06488109326140659,0.0023503769331789967,0.3829918855952689,6,48,1.0,stop_growth,none,4,0,stop_growth,False,True,False,False,False,False,False,[],0.9283717328209008
491,0.24190287811611402,0.22190287811611403,0.6798400258027499,0.6662432252866949,0.839920012901375,0.06488109326140659,0.0023503769331789967,0.3829918855952689,6,48,1.0,keep,none,4,0,keep,False,True,False,False,False,False,False,[],0.9283717328209008
492,0.24190287811611402,0.22190287811611403,0.6798400258027499,0.6662432252866949,0.839920012901375,0.06488109326140659,0.0023503769331789967,0.3829918855952689,6,48,1.0,keep,none,4,0,keep,False,True,False,False,False,False,False,[],0.9283717328209008
493,0.24190287811611402,0.22190287811611403,0.6798400258027499,0.6662432252866949,0.839920012901375,0.06488109326140659,0.0023503769331789967,0.3829918855952689,6,48,1.0,keep,none,4,0,keep,False,True,False,False,False,False,False,[],0.9283717328209008
494,0.24190287811611402,0.22190287811611403,0.6798400258027499,0.6662432252866949,0.839920012901375,0.06488109326140659,0.0023503769331789967,0.3829918855952689,6,48,1.0,keep,none,4,0,keep,False,True,False,False,False,False,False,[],0.9283717328209008
495,0.24190287811611402,0.22190287811611403,0.6798400258027499,0.6662432252866949,0.839920012901375,0.06488109326140659,0.0023503769331789967,0.3829918855952689,6,48,1.0,stop_growth,none,4,0,stop_growth,False,True,False,False,False,False,False,[],0.9283717328209008
496,0.24190287811611402,0.22190287811611403,0.6798400258027499,0.6662432252866949,0.839920012901375,0.06488109326140659,0.0023503769331789967,0.3829918855952689,6,48,1.0,keep,none,4,0,keep,False,True,False,False,False,False,False,[],0.9283717328209008
497,0.24190287811611402,0.22190287811611403,0.6798400258027499,0.6662432252866949,0.839920012901375,0.06488109326140659,0.0023503769331789967,0.3829918855952689,6,48,1.0,keep,none,4,0,keep,False,True,False,False,False,False,False,[],0.9283717328209008
498,0.24190287811611402,0.22190287811611403,0.6798400258027499,0.6662432252866949,0.839920012901375,0.06488109326140659,0.0023503769331789967,0.3829918855952689,6,48,1.0,keep,none,4,0,keep,False,True,False,False,False,False,False,[],0.9283717328209008
499,0.24190287811611402,0.22190287811611403,0.6798400258027499,0.6662432252866949,0.839920012901375,0.06488109326140659,0.0023503769331789967,0.3829918855952689,6,48,1.0,keep,none,4,0,keep,False,True,False,False,False,False,False,[],0.9283717328209008
500,0.24190287811611402,0.22190287811611403,0.6798400258027499,0.6662432252866949,0.839920012901375,0.06488109326140659,0.0023503769331789967,0.3829918855952689,6,48,1.0,stop_growth,none,4,0,stop_growth,False,True,False,False,False,False,False,[],0.9283717328209008
501,0.24190287811611402,0.22190287811611403,0.6798400258027499,0.6662432252866949,0.839920012901375,0.06488109326140659,0.0023503769331789967,0.3829918855952689,6,48,1.0,keep,none,4,0,keep,False,True,False,False,False,False,False,[],0.9283717328209008
502,0.24190287811611402,0.22190287811611403,0.6798400258027499,0.6662432252866949,0.839920012901375,0.06488109326140659,0.0023503769331789967,0.3829918855952689,6,48,1.0,keep,none,4,0,keep,False,True,False,False,False,False,False,[],0.9283717328209008
503,0.24190287811611402,0.22190287811611403,0.6798400258027499,0.6662432252866949,0.839920012901375,0.06488109326140659,0.0023503769331789967,0.3829918855952689,6,48,1.0,keep,none,4,0,keep,False,True,False,False,False,False,False,[],0.9283717328209008
504,0.24190287811611402,0.22190287811611403,0.6798400258027499,0.6662432252866949,0.839920012901375,0.06488109326140659,0.0023503769331789967,0.3829918855952689,6,48,1.0,keep,none,4,0,keep,False,True,False,False,False,False,False,[],0.9283717328209008
505,0.24190287811611402,0.22190287811611403,0.6798400258027499,0.6662432252866949,0.839920012901375,0.06488109326140659,0.0023503769331789967,0.3829918855952689,6,48,1.0,stop_growth,none,4,0,stop_growth,False,True,False,False,False,False,False,[],0.9283717328209008
506,0.24190287811611402,0.22190287811611403,0.6798400258027499,0.6662432252866949,0.839920012901375,0.06488109326140659,0.0023503769331789967,0.3829918855952689,6,48,1.0,keep,none,4,0,keep,False,True,False,False,False,False,False,[],0.9283717328209008
507,0.24190287811611402,0.22190287811611403,0.6798400258027499,0.6662432252866949,0.839920012901375,0.06488109326140659,0.0023503769331789967,0.3829918855952689,6,48,1.0,keep,none,4,0,keep,False,True,False,False,False,False,False,[],0.9283717328209008
508,0.24190287811611402,0.22190287811611403,0.6798400258027499,0.6662432252866949,0.839920012901375,0.06488109326140659,0.0023503769331789967,0.3829918855952689,6,48,1.0,keep,none,4,0,keep,False,True,False,False,False,False,False,[],0.9283717328209008
509,0.24190287811611402,0.22190287811611403,0.6798400258027499,0.6662432252866949,0.839920012901375,0.06488109326140659,0.0023503769331789967,0.3829918855952689,6,48,1.0,keep,none,4,0,keep,False,True,False,False,False,False,False,[],0.9283717328209008
510,0.24190287811611402,0.22190287811611403,0.6798400258027499,0.6662432252866949,0.839920012901375,0.06488109326140659,0.0023503769331789967,0.3829918855952689,6,48,1.0,stop_growth,none,4,0,stop_growth,False,True,False,False,False,False,False,[],0.9283717328209008
511,0.24190287811611402,0.22190287811611403,0.6798400258027499,0.6662432252866949,0.839920012901375,0.06488109326140659,0.0023503769331789967,0.3829918855952689,6,48,1.0,keep,none,4,0,keep,False,True,False,False,False,False,False,[],0.9283717328209008
512,0.24190287811611402,0.22190287811611403,0.6798400258027499,0.6662432252866949,0.839920012901375,0.06488109326140659,0.0023503769331789967,0.3829918855952689,6,48,1.0,keep,none,4,0,keep,False,True,False,False,False,False,False,[],0.9283717328209008
513,0.24190287811611402,0.22190287811611403,0.6798400258027499,0.6662432252866949,0.839920012901375,0.06488109326140659,0.0023503769331789967,0.3829918855952689,6,48,1.0,keep,none,4,0,keep,False,True,False,False,False,False,False,[],0.9283717328209008
514,0.24190287811611402,0.22190287811611403,0.6798400258027499,0.6662432252866949,0.839920012901375,0.06488109326140659,0.0023503769331789967,0.3829918855952689,6,48,1.0,keep,none,4,0,keep,False,True,False,False,False,False,False,[],0.9283717328209008
515,0.24190287811611402,0.22190287811611403,0.6798400258027499,0.6662432252866949,0.839920012901375,0.06488109326140659,0.0023503769331789967,0.3829918855952689,6,48,1.0,stop_growth,none,4,0,stop_growth,False,True,False,False,False,False,False,[],0.9283717328209008
516,0.24190287811611402,0.22190287811611403,0.6798400258027499,0.6662432252866949,0.839920012901375,0.06488109326140659,0.0023503769331789967,0.3829918855952689,6,48,1.0,keep,none,4,0,keep,False,True,False,False,False,False,False,[],0.9283717328209008
517,0.24190287811611402,0.22190287811611403,0.6798400258027499,0.6662432252866949,0.839920012901375,0.06488109326140659,0.0023503769331789967,0.3829918855952689,6,48,1.0,keep,none,4,0,keep,False,True,False,False,False,False,False,[],0.9283717328209008
518,0.24190287811611402,0.22190287811611403,0.6798400258027499,0.6662432252866949,0.839920012901375,0.06488109326140659,0.0023503769331789967,0.3829918855952689,6,48,1.0,keep,none,4,0,keep,False,True,False,False,False,False,False,[],0.9283717328209008
519,0.24190287811611402,0.22190287811611403,0.6798400258027499,0.6662432252866949,0.839920012901375,0.06488109326140659,0.0023503769331789967,0.3829918855952689,6,48,1.0,keep,none,4,0,keep,False,True,False,False,False,False,False,[],0.9283717328209008
520,0.24190287811611402,0.22190287811611403,0.6798400258027499,0.6662432252866949,0.839920012901375,0.06488109326140659,0.0023503769331789967,0.3829918855952689,6,48,1.0,stop_growth,none,4,0,stop_growth,False,True,False,False,False,False,False,[],0.9283717328209008
521,0.24190287811611402,0.22190287811611403,0.6798400258027499,0.6662432252866949,0.839920012901375,0.06488109326140659,0.0023503769331789967,0.3829918855952689,6,48,1.0,keep,none,4,0,keep,False,True,False,False,False,False,False,[],0.9283717328209008
522,0.24190287811611402,0.22190287811611403,0.6798400258027499,0.6662432252866949,0.839920012901375,0.06488109326140659,0.0023503769331789967,0.3829918855952689,6,48,1.0,keep,none,4,0,keep,False,True,False,False,False,False,False,[],0.9283717328209008
523,0.24190287811611402,0.22190287811611403,0.6798400258027499,0.6662432252866949,0.839920012901375,0.06488109326140659,0.0023503769331789967,0.3829918855952689,6,48,1.0,keep,none,4,0,keep,False,True,False,False,False,False,False,[],0.9283717328209008
524,0.24190287811611402,0.22190287811611403,0.6798400258027499,0.6662432252866949,0.839920012901375,0.06488109326140659,0.0023503769331789967,0.3829918855952689,6,48,1.0,keep,none,4,0,keep,False,True,False,False,False,False,False,[],0.9283717328209008
525,0.24190287811611402,0.22190287811611403,0.6798400258027499,0.6662432252866949,0.839920012901375,0.06488109326140659,0.0023503769331789967,0.3829918855952689,6,48,1.0,stop_growth,none,4,0,stop_growth,False,True,False,False,False,False,False,[],0.9283717328209008
526,0.24190287811611402,0.22190287811611403,0.6798400258027499,0.6662432252866949,0.839920012901375,0.06488109326140659,0.0023503769331789967,0.3829918855952689,6,48,1.0,keep,none,4,0,keep,False,True,False,False,False,False,False,[],0.9283717328209008
527,0.24190287811611402,0.22190287811611403,0.6798400258027499,0.6662432252866949,0.839920012901375,0.06488109326140659,0.0023503769331789967,0.3829918855952689,6,48,1.0,keep,none,4,0,keep,False,True,False,False,False,False,False,[],0.9283717328209008
528,0.24190287811611402,0.22190287811611403,0.6798400258027499,0.6662432252866949,0.839920012901375,0.06488109326140659,0.0023503769331789967,0.3829918855952689,6,48,1.0,keep,none,4,0,keep,False,True,False,False,False,False,False,[],0.9283717328209008
529,0.24190287811611402,0.22190287811611403,0.6798400258027499,0.6662432252866949,0.839920012901375,0.06488109326140659,0.0023503769331789967,0.3829918855952689,6,48,1.0,keep,none,4,0,keep,False,True,False,False,False,False,False,[],0.9283717328209008
530,0.24190287811611402,0.22190287811611403,0.6798400258027499,0.6662432252866949,0.839920012901375,0.06488109326140659,0.0023503769331789967,0.3829918855952689,6,48,1.0,stop_growth,none,4,0,stop_growth,False,True,False,False,False,False,False,[],0.9283717328209008
531,0.24190287811611402,0.22190287811611403,0.6798400258027499,0.6662432252866949,0.839920012901375,0.06488109326140659,0.0023503769331789967,0.3829918855952689,6,48,1.0,keep,none,4,0,keep,False,True,False,False,False,False,False,[],0.9283717328209008
532,0.24190287811611402,0.22190287811611403,0.6798400258027499,0.6662432252866949,0.839920012901375,0.06488109326140659,0.0023503769331789967,0.3829918855952689,6,48,1.0,keep,none,4,0,keep,False,True,False,False,False,False,False,[],0.9283717328209008
533,0.24190287811611402,0.22190287811611403,0.6798400258027499,0.6662432252866949,0.839920012901375,0.06488109326140659,0.0023503769331789967,0.3829918855952689,6,48,1.0,keep,none,4,0,keep,False,True,False,False,False,False,False,[],0.9283717328209008
534,0.24190287811611402,0.22190287811611403,0.6798400258027499,0.6662432252866949,0.839920012901375,0.06488109326140659,0.0023503769331789967,0.3829918855952689,6,48,1.0,keep,none,4,0,keep,False,True,False,False,False,False,False,[],0.9283717328209008
535,0.24190287811611402,0.22190287811611403,0.6798400258027499,0.6662432252866949,0.839920012901375,0.06488109326140659,0.0023503769331789967,0.3829918855952689,6,48,1.0,stop_growth,none,4,0,stop_growth,False,True,False,False,False,False,False,[],0.9283717328209008
536,0.24190287811611402,0.22190287811611403,0.6798400258027499,0.6662432252866949,0.839920012901375,0.06488109326140659,0.0023503769331789967,0.3829918855952689,6,48,1.0,keep,none,4,0,keep,False,True,False,False,False,False,False,[],0.9283717328209008
537,0.24190287811611402,0.22190287811611403,0.6798400258027499,0.6662432252866949,0.839920012901375,0.06488109326140659,0.0023503769331789967,0.3829918855952689,6,48,1.0,keep,none,4,0,keep,False,True,False,False,False,False,False,[],0.9283717328209008
538,0.24190287811611402,0.22190287811611403,0.6798400258027499,0.6662432252866949,0.839920012901375,0.06488109326140659,0.0023503769331789967,0.3829918855952689,6,48,1.0,keep,none,4,0,keep,False,True,False,False,False,False,False,[],0.9283717328209008
539,0.24190287811611402,0.22190287811611403,0.6798400258027499,0.6662432252866949,0.839920012901375,0.06488109326140659,0.0023503769331789967,0.3829918855952689,6,48,1.0,keep,none,4,0,keep,False,True,False,False,False,False,False,[],0.9283717328209008
540,0.24190287811611402,0.22190287811611403,0.6798400258027499,0.6662432252866949,0.839920012901375,0.06488109326140659,0.0023503769331789967,0.3829918855952689,6,48,1.0,stop_growth,none,4,0,stop_growth,False,True,False,False,False,False,False,[],0.9283717328209008
541,0.24190287811611402,0.22190287811611403,0.6798400258027499,0.6662432252866949,0.839920012901375,0.06488109326140659,0.0023503769331789967,0.3829918855952689,6,48,1.0,keep,none,4,0,keep,False,True,False,False,False,False,False,[],0.9283717328209008
542,0.24190287811611402,0.22190287811611403,0.6798400258027499,0.6662432252866949,0.839920012901375,0.06488109326140659,0.0023503769331789967,0.3829918855952689,6,48,1.0,keep,none,4,0,keep,False,True,False,False,False,False,False,[],0.9283717328209008
543,0.24190287811611402,0.22190287811611403,0.6798400258027499,0.6662432252866949,0.839920012901375,0.06488109326140659,0.0023503769331789967,0.3829918855952689,6,48,1.0,keep,none,4,0,keep,False,True,False,False,False,False,False,[],0.9283717328209008
544,0.24190287811611402,0.22190287811611403,0.6798400258027499,0.6662432252866949,0.839920012901375,0.06488109326140659,0.0023503769331789967,0.3829918855952689,6,48,1.0,keep,none,4,0,keep,False,True,False,False,False,False,False,[],0.9283717328209008
545,0.24190287811611402,0.22190287811611403,0.6798400258027499,0.6662432252866949,0.839920012901375,0.06488109326140659,0.0023503769331789967,0.3829918855952689,6,48,1.0,stop_growth,none,4,0,stop_growth,False,True,False,False,False,False,False,[],0.9283717328209008
546,0.24190287811611402,0.22190287811611403,0.6798400258027499,0.6662432252866949,0.839920012901375,0.06488109326140659,0.0023503769331789967,0.3829918855952689,6,48,1.0,keep,none,4,0,keep,False,True,False,False,False,False,False,[],0.9283717328209008
547,0.24190287811611402,0.22190287811611403,0.6798400258027499,0.6662432252866949,0.839920012901375,0.06488109326140659,0.0023503769331789967,0.3829918855952689,6,48,1.0,keep,none,4,0,keep,False,True,False,False,False,False,False,[],0.9283717328209008
548,0.24190287811611402,0.22190287811611403,0.6798400258027499,0.6662432252866949,0.839920012901375,0.06488109326140659,0.0023503769331789967,0.3829918855952689,6,48,1.0,keep,none,4,0,keep,False,True,False,False,False,False,False,[],0.9283717328209008
549,0.24190287811611402,0.22190287811611403,0.6798400258027499,0.6662432252866949,0.839920012901375,0.06488109326140659,0.0023503769331789967,0.3829918855952689,6,48,1.0,keep,none,4,0,keep,False,True,False,False,False,False,False,[],0.9283717328209008
550,0.24190287811611402,0.22190287811611403,0.6798400258027499,0.6662432252866949,0.839920012901375,0.06488109326140659,0.0023503769331789967,0.3829918855952689,6,48,1.0,stop_growth,none,4,0,stop_growth,False,True,False,False,False,False,False,[],0.9283717328209008
551,0.24190287811611402,0.22190287811611403,0.6798400258027499,0.6662432252866949,0.839920012901375,0.06488109326140659,0.0023503769331789967,0.3829918855952689,6,48,1.0,keep,none,4,0,keep,False,True,False,False,False,False,False,[],0.9283717328209008
552,0.24190287811611402,0.22190287811611403,0.6798400258027499,0.6662432252866949,0.839920012901375,0.06488109326140659,0.0023503769331789967,0.3829918855952689,6,48,1.0,keep,none,4,0,keep,False,True,False,False,False,False,False,[],0.9283717328209008
553,0.24190287811611402,0.22190287811611403,0.6798400258027499,0.6662432252866949,0.839920012901375,0.06488109326140659,0.0023503769331789967,0.3829918855952689,6,48,1.0,keep,none,4,0,keep,False,True,False,False,False,False,False,[],0.9283717328209008
554,0.24190287811611402,0.22190287811611403,0.6798400258027499,0.6662432252866949,0.839920012901375,0.06488109326140659,0.0023503769331789967,0.3829918855952689,6,48,1.0,keep,none,4,0,keep,False,True,False,False,False,False,False,[],0.9283717328209008
555,0.24190287811611402,0.22190287811611403,0.6798400258027499,0.6662432252866949,0.839920012901375,0.06488109326140659,0.0023503769331789967,0.3829918855952689,6,48,1.0,stop_growth,none,4,0,stop_growth,False,True,False,False,False,False,False,[],0.9283717328209008
556,0.24190287811611402,0.22190287811611403,0.6798400258027499,0.6662432252866949,0.839920012901375,0.06488109326140659,0.0023503769331789967,0.3829918855952689,6,48,1.0,keep,none,4,0,keep,False,True,False,False,False,False,False,[],0.9283717328209008
557,0.24190287811611402,0.22190287811611403,0.6798400258027499,0.6662432252866949,0.839920012901375,0.06488109326140659,0.0023503769331789967,0.3829918855952689,6,48,1.0,keep,none,4,0,keep,False,True,False,False,False,False,False,[],0.9283717328209008
558,0.24190287811611402,0.22190287811611403,0.6798400258027499,0.6662432252866949,0.839920012901375,0.06488109326140659,0.0023503769331789967,0.3829918855952689,6,48,1.0,keep,none,4,0,keep,False,True,False,False,False,False,False,[],0.9283717328209008
559,0.24190287811611402,0.22190287811611403,0.6798400258027499,0.6662432252866949,0.839920012901375,0.06488109326140659,0.0023503769331789967,0.3829918855952689,6,48,1.0,keep,none,4,0,keep,False,True,False,False,False,False,False,[],0.9283717328209008
560,0.24190287811611402,0.22190287811611403,0.6798400258027499,0.6662432252866949,0.839920012901375,0.06488109326140659,0.0023503769331789967,0.3829918855952689,6,48,1.0,stop_growth,none,4,0,stop_growth,False,True,False,False,False,False,False,[],0.9283717328209008
561,0.24190287811611402,0.22190287811611403,0.6798400258027499,0.6662432252866949,0.839920012901375,0.06488109326140659,0.0023503769331789967,0.3829918855952689,6,48,1.0,keep,none,4,0,keep,False,True,False,False,False,False,False,[],0.9283717328209008
562,0.24190287811611402,0.22190287811611403,0.6798400258027499,0.6662432252866949,0.839920012901375,0.06488109326140659,0.0023503769331789967,0.3829918855952689,6,48,1.0,keep,none,4,0,keep,False,True,False,False,False,False,False,[],0.9283717328209008
563,0.24190287811611402,0.22190287811611403,0.6798400258027499,0.6662432252866949,0.839920012901375,0.06488109326140659,0.0023503769331789967,0.3829918855952689,6,48,1.0,keep,none,4,0,keep,False,True,False,False,False,False,False,[],0.9283717328209008
564,0.24190287811611402,0.22190287811611403,0.6798400258027499,0.6662432252866949,0.839920012901375,0.06488109326140659,0.0023503769331789967,0.3829918855952689,6,48,1.0,keep,none,4,0,keep,False,True,False,False,False,False,False,[],0.9283717328209008
565,0.24190287811611402,0.22190287811611403,0.6798400258027499,0.6662432252866949,0.839920012901375,0.06488109326140659,0.0023503769331789967,0.3829918855952689,6,48,1.0,stop_growth,none,4,0,stop_growth,False,True,False,False,False,False,False,[],0.9283717328209008
566,0.24190287811611402,0.22190287811611403,0.6798400258027499,0.6662432252866949,0.839920012901375,0.06488109326140659,0.0023503769331789967,0.3829918855952689,6,48,1.0,keep,none,4,0,keep,False,True,False,False,False,False,False,[],0.9283717328209008
567,0.24190287811611402,0.22190287811611403,0.6798400258027499,0.6662432252866949,0.839920012901375,0.06488109326140659,0.0023503769331789967,0.3829918855952689,6,48,1.0,keep,none,4,0,keep,False,True,False,False,False,False,False,[],0.9283717328209008
568,0.24190287811611402,0.22190287811611403,0.6798400258027499,0.6662432252866949,0.839920012901375,0.06488109326140659,0.0023503769331789967,0.3829918855952689,6,48,1.0,keep,none,4,0,keep,False,True,False,False,False,False,False,[],0.9283717328209008
569,0.24190287811611402,0.22190287811611403,0.6798400258027499,0.6662432252866949,0.839920012901375,0.06488109326140659,0.0023503769331789967,0.3829918855952689,6,48,1.0,keep,none,4,0,keep,False,True,False,False,False,False,False,[],0.9283717328209008
570,0.24190287811611402,0.22190287811611403,0.6798400258027499,0.6662432252866949,0.839920012901375,0.06488109326140659,0.0023503769331789967,0.3829918855952689,6,48,1.0,stop_growth,none,4,0,stop_growth,False,True,False,False,False,False,False,[],0.9283717328209008
571,0.24190287811611402,0.22190287811611403,0.6798400258027499,0.6662432252866949,0.839920012901375,0.06488109326140659,0.0023503769331789967,0.3829918855952689,6,48,1.0,keep,none,4,0,keep,False,True,False,False,False,False,False,[],0.9283717328209008
572,0.24190287811611402,0.22190287811611403,0.6798400258027499,0.6662432252866949,0.839920012901375,0.06488109326140659,0.0023503769331789967,0.3829918855952689,6,48,1.0,keep,none,4,0,keep,False,True,False,False,False,False,False,[],0.9283717328209008
573,0.24190287811611402,0.22190287811611403,0.6798400258027499,0.6662432252866949,0.839920012901375,0.06488109326140659,0.0023503769331789967,0.3829918855952689,6,48,1.0,keep,none,4,0,keep,False,True,False,False,False,False,False,[],0.9283717328209008
574,0.24190287811611402,0.22190287811611403,0.6798400258027499,0.6662432252866949,0.839920012901375,0.06488109326140659,0.0023503769331789967,0.3829918855952689,6,48,1.0,keep,none,4,0,keep,False,True,False,False,False,False,False,[],0.9283717328209008
575,0.24190287811611402,0.22190287811611403,0.6798400258027499,0.6662432252866949,0.839920012901375,0.06488109326140659,0.0023503769331789967,0.3829918855952689,6,48,1.0,stop_growth,none,4,0,stop_growth,False,True,False,False,False,False,False,[],0.9283717328209008
576,0.24190287811611402,0.22190287811611403,0.6798400258027499,0.6662432252866949,0.839920012901375,0.06488109326140659,0.0023503769331789967,0.3829918855952689,6,48,1.0,keep,none,4,0,keep,False,True,False,False,False,False,False,[],0.9283717328209008
577,0.24190287811611402,0.22190287811611403,0.6798400258027499,0.6662432252866949,0.839920012901375,0.06488109326140659,0.0023503769331789967,0.3829918855952689,6,48,1.0,keep,none,4,0,keep,False,True,False,False,False,False,False,[],0.9283717328209008
578,0.24190287811611402,0.22190287811611403,0.6798400258027499,0.6662432252866949,0.839920012901375,0.06488109326140659,0.0023503769331789967,0.3829918855952689,6,48,1.0,keep,none,4,0,keep,False,True,False,False,False,False,False,[],0.9283717328209008
579,0.24190287811611402,0.22190287811611403,0.6798400258027499,0.6662432252866949,0.839920012901375,0.06488109326140659,0.0023503769331789967,0.3829918855952689,6,48,1.0,keep,none,4,0,keep,False,True,False,False,False,False,False,[],0.9283717328209008
580,0.24190287811611402,0.22190287811611403,0.6798400258027499,0.6662432252866949,0.839920012901375,0.06488109326140659,0.0023503769331789967,0.3829918855952689,6,48,1.0,stop_growth,none,4,0,stop_growth,False,True,False,False,False,False,False,[],0.9283717328209008
581,0.24190287811611402,0.22190287811611403,0.6798400258027499,0.6662432252866949,0.839920012901375,0.06488109326140659,0.0023503769331789967,0.3829918855952689,6,48,1.0,keep,none,4,0,keep,False,True,False,False,False,False,False,[],0.9283717328209008
582,0.24190287811611402,0.22190287811611403,0.6798400258027499,0.6662432252866949,0.839920012901375,0.06488109326140659,0.0023503769331789967,0.3829918855952689,6,48,1.0,keep,none,4,0,keep,False,True,False,False,False,False,False,[],0.9283717328209008
583,0.24190287811611402,0.22190287811611403,0.6798400258027499,0.6662432252866949,0.839920012901375,0.06488109326140659,0.0023503769331789967,0.3829918855952689,6,48,1.0,keep,none,4,0,keep,False,True,False,False,False,False,False,[],0.9283717328209008
584,0.24190287811611402,0.22190287811611403,0.6798400258027499,0.6662432252866949,0.839920012901375,0.06488109326140659,0.0023503769331789967,0.3829918855952689,6,48,1.0,keep,none,4,0,keep,False,True,False,False,False,False,False,[],0.9283717328209008
585,0.24190287811611402,0.22190287811611403,0.6798400258027499,0.6662432252866949,0.839920012901375,0.06488109326140659,0.0023503769331789967,0.3829918855952689,6,48,1.0,stop_growth,none,4,0,stop_growth,False,True,False,False,False,False,False,[],0.9283717328209008
586,0.24190287811611402,0.22190287811611403,0.6798400258027499,0.6662432252866949,0.839920012901375,0.06488109326140659,0.0023503769331789967,0.3829918855952689,6,48,1.0,keep,none,4,0,keep,False,True,False,False,False,False,False,[],0.9283717328209008
587,0.24190287811611402,0.22190287811611403,0.6798400258027499,0.6662432252866949,0.839920012901375,0.06488109326140659,0.0023503769331789967,0.3829918855952689,6,48,1.0,keep,none,4,0,keep,False,True,False,False,False,False,False,[],0.9283717328209008
588,0.24190287811611402,0.22190287811611403,0.6798400258027499,0.6662432252866949,0.839920012901375,0.06488109326140659,0.0023503769331789967,0.3829918855952689,6,48,1.0,keep,none,4,0,keep,False,True,False,False,False,False,False,[],0.9283717328209008
589,0.24190287811611402,0.22190287811611403,0.6798400258027499,0.6662432252866949,0.839920012901375,0.06488109326140659,0.0023503769331789967,0.3829918855952689,6,48,1.0,keep,none,4,0,keep,False,True,False,False,False,False,False,[],0.9283717328209008
590,0.24190287811611402,0.22190287811611403,0.6798400258027499,0.6662432252866949,0.839920012901375,0.06488109326140659,0.0023503769331789967,0.3829918855952689,6,48,1.0,stop_growth,none,4,0,stop_growth,False,True,False,False,False,False,False,[],0.9283717328209008
591,0.24190287811611402,0.22190287811611403,0.6798400258027499,0.6662432252866949,0.839920012901375,0.06488109326140659,0.0023503769331789967,0.3829918855952689,6,48,1.0,keep,none,4,0,keep,False,True,False,False,False,False,False,[],0.9283717328209008
592,0.24190287811611402,0.22190287811611403,0.6798400258027499,0.6662432252866949,0.839920012901375,0.06488109326140659,0.0023503769331789967,0.3829918855952689,6,48,1.0,keep,none,4,0,keep,False,True,False,False,False,False,False,[],0.9283717328209008
593,0.24190287811611402,0.22190287811611403,0.6798400258027499,0.6662432252866949,0.839920012901375,0.06488109326140659,0.0023503769331789967,0.3829918855952689,6,48,1.0,keep,none,4,0,keep,False,True,False,False,False,False,False,[],0.9283717328209008
594,0.24190287811611402,0.22190287811611403,0.6798400258027499,0.6662432252866949,0.839920012901375,0.06488109326140659,0.0023503769331789967,0.3829918855952689,6,48,1.0,keep,none,4,0,keep,False,True,False,False,False,False,False,[],0.9283717328209008
595,0.24190287811611402,0.22190287811611403,0.6798400258027499,0.6662432252866949,0.839920012901375,0.06488109326140659,0.0023503769331789967,0.3829918855952689,6,48,1.0,stop_growth,none,4,0,stop_growth,False,True,False,False,False,False,False,[],0.9283717328209008
596,0.24190287811611402,0.22190287811611403,0.6798400258027499,0.6662432252866949,0.839920012901375,0.06488109326140659,0.0023503769331789967,0.3829918855952689,6,48,1.0,keep,none,4,0,keep,False,True,False,False,False,False,False,[],0.9283717328209008
597,0.24190287811611402,0.22190287811611403,0.6798400258027499,0.6662432252866949,0.839920012901375,0.06488109326140659,0.0023503769331789967,0.3829918855952689,6,48,1.0,keep,none,4,0,keep,False,True,False,False,False,False,False,[],0.9283717328209008
598,0.24190287811611402,0.22190287811611403,0.6798400258027499,0.6662432252866949,0.839920012901375,0.06488109326140659,0.0023503769331789967,0.3829918855952689,6,48,1.0,keep,none,4,0,keep,False,True,False,False,False,False,False,[],0.9283717328209008
599,0.24190287811611402,0.22190287811611403,0.6798400258027499,0.6662432252866949,0.839920012901375,0.06488109326140659,0.0023503769331789967,0.3829918855952689,6,48,1.0,keep,none,4,0,keep,False,True,False,False,False,False,False,[],0.9283717328209008
600,0.24190287811611402,0.22190287811611403,0.6798400258027499,0.6662432252866949,0.839920012901375,0.06488109326140659,0.0023503769331789967,0.3829918855952689,6,48,1.0,stop_growth,none,4,0,stop_growth,False,True,False,False,False,False,False,[],0.9283717328209008
601,0.24190287811611402,0.22190287811611403,0.6798400258027499,0.6662432252866949,0.839920012901375,0.06488109326140659,0.0023503769331789967,0.3829918855952689,6,48,1.0,keep,none,4,0,keep,False,True,False,False,False,False,False,[],0.9283717328209008
602,0.24190287811611402,0.22190287811611403,0.6798400258027499,0.6662432252866949,0.839920012901375,0.06488109326140659,0.0023503769331789967,0.3829918855952689,6,48,1.0,keep,none,4,0,keep,False,True,False,False,False,False,False,[],0.9283717328209008
603,0.24190287811611402,0.22190287811611403,0.6798400258027499,0.6662432252866949,0.839920012901375,0.06488109326140659,0.0023503769331789967,0.3829918855952689,6,48,1.0,keep,none,4,0,keep,False,True,False,False,False,False,False,[],0.9283717328209008
604,0.24190287811611402,0.22190287811611403,0.6798400258027499,0.6662432252866949,0.839920012901375,0.06488109326140659,0.0023503769331789967,0.3829918855952689,6,48,1.0,keep,none,4,0,keep,False,True,False,False,False,False,False,[],0.9283717328209008
605,0.24190287811611402,0.22190287811611403,0.6798400258027499,0.6662432252866949,0.839920012901375,0.06488109326140659,0.0023503769331789967,0.3829918855952689,6,48,1.0,stop_growth,none,4,0,stop_growth,False,True,False,False,False,False,False,[],0.9283717328209008
606,0.24190287811611402,0.22190287811611403,0.6798400258027499,0.6662432252866949,0.839920012901375,0.06488109326140659,0.0023503769331789967,0.3829918855952689,6,48,1.0,keep,none,4,0,keep,False,True,False,False,False,False,False,[],0.9283717328209008
607,0.24190287811611402,0.22190287811611403,0.6798400258027499,0.6662432252866949,0.839920012901375,0.06488109326140659,0.0023503769331789967,0.3829918855952689,6,48,1.0,keep,none,4,0,keep,False,True,False,False,False,False,False,[],0.9283717328209008
608,0.24190287811611402,0.22190287811611403,0.6798400258027499,0.6662432252866949,0.839920012901375,0.06488109326140659,0.0023503769331789967,0.3829918855952689,6,48,1.0,keep,none,4,0,keep,False,True,False,False,False,False,False,[],0.9283717328209008
609,0.24190287811611402,0.22190287811611403,0.6798400258027499,0.6662432252866949,0.839920012901375,0.06488109326140659,0.0023503769331789967,0.3829918855952689,6,48,1.0,keep,none,4,0,keep,False,True,False,False,False,False,False,[],0.9283717328209008
610,0.24190287811611402,0.22190287811611403,0.6798400258027499,0.6662432252866949,0.839920012901375,0.06488109326140659,0.0023503769331789967,0.3829918855952689,6,48,1.0,stop_growth,none,4,0,stop_growth,False,True,False,False,False,False,False,[],0.9283717328209008
611,0.24190287811611402,0.22190287811611403,0.6798400258027499,0.6662432252866949,0.839920012901375,0.06488109326140659,0.0023503769331789967,0.3829918855952689,6,48,1.0,keep,none,4,0,keep,False,True,False,False,False,False,False,[],0.9283717328209008
612,0.24190287811611402,0.22190287811611403,0.6798400258027499,0.6662432252866949,0.839920012901375,0.06488109326140659,0.0023503769331789967,0.3829918855952689,6,48,1.0,keep,none,4,0,keep,False,True,False,False,False,False,False,[],0.9283717328209008
613,0.24190287811611402,0.22190287811611403,0.6798400258027499,0.6662432252866949,0.839920012901375,0.06488109326140659,0.0023503769331789967,0.3829918855952689,6,48,1.0,keep,none,4,0,keep,False,True,False,False,False,False,False,[],0.9283717328209008
614,0.24190287811611402,0.22190287811611403,0.6798400258027499,0.6662432252866949,0.839920012901375,0.06488109326140659,0.0023503769331789967,0.3829918855952689,6,48,1.0,keep,none,4,0,keep,False,True,False,False,False,False,False,[],0.9283717328209008
615,0.24190287811611402,0.22190287811611403,0.6798400258027499,0.6662432252866949,0.839920012901375,0.06488109326140659,0.0023503769331789967,0.3829918855952689,6,48,1.0,stop_growth,none,4,0,stop_growth,False,True,False,False,False,False,False,[],0.9283717328209008
616,0.24190287811611402,0.22190287811611403,0.6798400258027499,0.6662432252866949,0.839920012901375,0.06488109326140659,0.0023503769331789967,0.3829918855952689,6,48,1.0,keep,none,4,0,keep,False,True,False,False,False,False,False,[],0.9283717328209008
617,0.24190287811611402,0.22190287811611403,0.6798400258027499,0.6662432252866949,0.839920012901375,0.06488109326140659,0.0023503769331789967,0.3829918855952689,6,48,1.0,keep,none,4,0,keep,False,True,False,False,False,False,False,[],0.9283717328209008
618,0.24190287811611402,0.22190287811611403,0.6798400258027499,0.6662432252866949,0.839920012901375,0.06488109326140659,0.0023503769331789967,0.3829918855952689,6,48,1.0,keep,none,4,0,keep,False,True,False,False,False,False,False,[],0.9283717328209008
619,0.24190287811611402,0.22190287811611403,0.6798400258027499,0.6662432252866949,0.839920012901375,0.06488109326140659,0.0023503769331789967,0.3829918855952689,6,48,1.0,keep,none,4,0,keep,False,True,False,False,False,False,False,[],0.9283717328209008
620,0.24190287811611402,0.22190287811611403,0.6798400258027499,0.6662432252866949,0.839920012901375,0.06488109326140659,0.0023503769331789967,0.3829918855952689,6,48,1.0,stop_growth,none,4,0,stop_growth,False,True,False,False,False,False,False,[],0.9283717328209008
621,0.24190287811611402,0.22190287811611403,0.6798400258027499,0.6662432252866949,0.839920012901375,0.06488109326140659,0.0023503769331789967,0.3829918855952689,6,48,1.0,keep,none,4,0,keep,False,True,False,False,False,False,False,[],0.9283717328209008
622,0.24190287811611402,0.22190287811611403,0.6798400258027499,0.6662432252866949,0.839920012901375,0.06488109326140659,0.0023503769331789967,0.3829918855952689,6,48,1.0,keep,none,4,0,keep,False,True,False,False,False,False,False,[],0.9283717328209008
623,0.24190287811611402,0.22190287811611403,0.6798400258027499,0.6662432252866949,0.839920012901375,0.06488109326140659,0.0023503769331789967,0.3829918855952689,6,48,1.0,keep,none,4,0,keep,False,True,False,False,False,False,False,[],0.9283717328209008
624,0.24190287811611402,0.22190287811611403,0.6798400258027499,0.6662432252866949,0.839920012901375,0.06488109326140659,0.0023503769331789967,0.3829918855952689,6,48,1.0,keep,none,4,0,keep,False,True,False,False,False,False,False,[],0.9283717328209008
625,0.24190287811611402,0.22190287811611403,0.6798400258027499,0.6662432252866949,0.839920012901375,0.06488109326140659,0.0023503769331789967,0.3829918855952689,6,48,1.0,stop_growth,none,4,0,stop_growth,False,True,False,False,False,False,False,[],0.9283717328209008
626,0.24190287811611402,0.22190287811611403,0.6798400258027499,0.6662432252866949,0.839920012901375,0.06488109326140659,0.0023503769331789967,0.3829918855952689,6,48,1.0,keep,none,4,0,keep,False,True,False,False,False,False,False,[],0.9283717328209008
627,0.24190287811611402,0.22190287811611403,0.6798400258027499,0.6662432252866949,0.839920012901375,0.06488109326140659,0.0023503769331789967,0.3829918855952689,6,48,1.0,keep,none,4,0,keep,False,True,False,False,False,False,False,[],0.9283717328209008
628,0.24190287811611402,0.22190287811611403,0.6798400258027499,0.6662432252866949,0.839920012901375,0.06488109326140659,0.0023503769331789967,0.3829918855952689,6,48,1.0,keep,none,4,0,keep,False,True,False,False,False,False,False,[],0.9283717328209008
629,0.24190287811611402,0.22190287811611403,0.6798400258027499,0.6662432252866949,0.839920012901375,0.06488109326140659,0.0023503769331789967,0.3829918855952689,6,48,1.0,keep,none,4,0,keep,False,True,False,False,False,False,False,[],0.9283717328209008
630,0.24190287811611402,0.22190287811611403,0.6798400258027499,0.6662432252866949,0.839920012901375,0.06488109326140659,0.0023503769331789967,0.3829918855952689,6,48,1.0,stop_growth,none,4,0,stop_growth,False,True,False,False,False,False,False,[],0.9283717328209008
631,0.24190287811611402,0.22190287811611403,0.6798400258027499,0.6662432252866949,0.839920012901375,0.06488109326140659,0.0023503769331789967,0.3829918855952689,6,48,1.0,keep,none,4,0,keep,False,True,False,False,False,False,False,[],0.9283717328209008
632,0.24190287811611402,0.22190287811611403,0.6798400258027499,0.6662432252866949,0.839920012901375,0.06488109326140659,0.0023503769331789967,0.3829918855952689,6,48,1.0,keep,none,4,0,keep,False,True,False,False,False,False,False,[],0.9283717328209008
633,0.24190287811611402,0.22190287811611403,0.6798400258027499,0.6662432252866949,0.839920012901375,0.06488109326140659,0.0023503769331789967,0.3829918855952689,6,48,1.0,keep,none,4,0,keep,False,True,False,False,False,False,False,[],0.9283717328209008
634,0.24190287811611402,0.22190287811611403,0.6798400258027499,0.6662432252866949,0.839920012901375,0.06488109326140659,0.0023503769331789967,0.3829918855952689,6,48,1.0,keep,none,4,0,keep,False,True,False,False,False,False,False,[],0.9283717328209008
635,0.24190287811611402,0.22190287811611403,0.6798400258027499,0.6662432252866949,0.839920012901375,0.06488109326140659,0.0023503769331789967,0.3829918855952689,6,48,1.0,stop_growth,none,4,0,stop_growth,False,True,False,False,False,False,False,[],0.9283717328209008
636,0.24190287811611402,0.22190287811611403,0.6798400258027499,0.6662432252866949,0.839920012901375,0.06488109326140659,0.0023503769331789967,0.3829918855952689,6,48,1.0,keep,none,4,0,keep,False,True,False,False,False,False,False,[],0.9283717328209008
637,0.24190287811611402,0.22190287811611403,0.6798400258027499,0.6662432252866949,0.839920012901375,0.06488109326140659,0.0023503769331789967,0.3829918855952689,6,48,1.0,keep,none,4,0,keep,False,True,False,False,False,False,False,[],0.9283717328209008
638,0.24190287811611402,0.22190287811611403,0.6798400258027499,0.6662432252866949,0.839920012901375,0.06488109326140659,0.0023503769331789967,0.3829918855952689,6,48,1.0,keep,none,4,0,keep,False,True,False,False,False,False,False,[],0.9283717328209008
639,0.24190287811611402,0.22190287811611403,0.6798400258027499,0.6662432252866949,0.839920012901375,0.06488109326140659,0.0023503769331789967,0.3829918855952689,6,48,1.0,keep,none,4,0,keep,False,True,False,False,False,False,False,[],0.9283717328209008
640,0.24190287811611402,0.22190287811611403,0.6798400258027499,0.6662432252866949,0.839920012901375,0.06488109326140659,0.0023503769331789967,0.3829918855952689,6,48,1.0,stop_growth,none,4,0,stop_growth,False,True,False,False,False,False,False,[],0.9283717328209008
641,0.24190287811611402,0.22190287811611403,0.6798400258027499,0.6662432252866949,0.839920012901375,0.06488109326140659,0.0023503769331789967,0.3829918855952689,6,48,1.0,keep,none,4,0,keep,False,True,False,False,False,False,False,[],0.9283717328209008
642,0.24190287811611402,0.22190287811611403,0.6798400258027499,0.6662432252866949,0.839920012901375,0.06488109326140659,0.0023503769331789967,0.3829918855952689,6,48,1.0,keep,none,4,0,keep,False,True,False,False,False,False,False,[],0.9283717328209008
643,0.24190287811611402,0.22190287811611403,0.6798400258027499,0.6662432252866949,0.839920012901375,0.06488109326140659,0.0023503769331789967,0.3829918855952689,6,48,1.0,keep,none,4,0,keep,False,True,False,False,False,False,False,[],0.9283717328209008
644,0.24190287811611402,0.22190287811611403,0.6798400258027499,0.6662432252866949,0.839920012901375,0.06488109326140659,0.0023503769331789967,0.3829918855952689,6,48,1.0,keep,none,4,0,keep,False,True,False,False,False,False,False,[],0.9283717328209008
645,0.24190287811611402,0.22190287811611403,0.6798400258027499,0.6662432252866949,0.839920012901375,0.06488109326140659,0.0023503769331789967,0.3829918855952689,6,48,1.0,stop_growth,none,4,0,stop_growth,False,True,False,False,False,False,False,[],0.9283717328209008
646,0.24190287811611402,0.22190287811611403,0.6798400258027499,0.6662432252866949,0.839920012901375,0.06488109326140659,0.0023503769331789967,0.3829918855952689,6,48,1.0,keep,none,4,0,keep,False,True,False,False,False,False,False,[],0.9283717328209008
647,0.24190287811611402,0.22190287811611403,0.6798400258027499,0.6662432252866949,0.839920012901375,0.06488109326140659,0.0023503769331789967,0.3829918855952689,6,48,1.0,keep,none,4,0,keep,False,True,False,False,False,False,False,[],0.9283717328209008
648,0.24190287811611402,0.22190287811611403,0.6798400258027499,0.6662432252866949,0.839920012901375,0.06488109326140659,0.0023503769331789967,0.3829918855952689,6,48,1.0,keep,none,4,0,keep,False,True,False,False,False,False,False,[],0.9283717328209008
649,0.24190287811611402,0.22190287811611403,0.6798400258027499,0.6662432252866949,0.839920012901375,0.06488109326140659,0.0023503769331789967,0.3829918855952689,6,48,1.0,keep,none,4,0,keep,False,True,False,False,False,False,False,[],0.9283717328209008
650,0.24190287811611402,0.22190287811611403,0.6798400258027499,0.6662432252866949,0.839920012901375,0.06488109326140659,0.0023503769331789967,0.3829918855952689,6,48,1.0,stop_growth,none,4,0,stop_growth,False,True,False,False,False,False,False,[],0.9283717328209008
651,0.24190287811611402,0.22190287811611403,0.6798400258027499,0.6662432252866949,0.839920012901375,0.06488109326140659,0.0023503769331789967,0.3829918855952689,6,48,1.0,keep,none,4,0,keep,False,True,False,False,False,False,False,[],0.9283717328209008
652,0.24190287811611402,0.22190287811611403,0.6798400258027499,0.6662432252866949,0.839920012901375,0.06488109326140659,0.0023503769331789967,0.3829918855952689,6,48,1.0,keep,none,4,0,keep,False,True,False,False,False,False,False,[],0.9283717328209008
653,0.24190287811611402,0.22190287811611403,0.6798400258027499,0.6662432252866949,0.839920012901375,0.06488109326140659,0.0023503769331789967,0.3829918855952689,6,48,1.0,keep,none,4,0,keep,False,True,False,False,False,False,False,[],0.9283717328209008
654,0.24190287811611402,0.22190287811611403,0.6798400258027499,0.6662432252866949,0.839920012901375,0.06488109326140659,0.0023503769331789967,0.3829918855952689,6,48,1.0,keep,none,4,0,keep,False,True,False,False,False,False,False,[],0.9283717328209008
655,0.24190287811611402,0.22190287811611403,0.6798400258027499,0.6662432252866949,0.839920012901375,0.06488109326140659,0.0023503769331789967,0.3829918855952689,6,48,1.0,stop_growth,none,4,0,stop_growth,False,True,False,False,False,False,False,[],0.9283717328209008
656,0.24190287811611402,0.22190287811611403,0.6798400258027499,0.6662432252866949,0.839920012901375,0.06488109326140659,0.0023503769331789967,0.3829918855952689,6,48,1.0,keep,none,4,0,keep,False,True,False,False,False,False,False,[],0.9283717328209008
657,0.24190287811611402,0.22190287811611403,0.6798400258027499,0.6662432252866949,0.839920012901375,0.06488109326140659,0.0023503769331789967,0.3829918855952689,6,48,1.0,keep,none,4,0,keep,False,True,False,False,False,False,False,[],0.9283717328209008
658,0.24190287811611402,0.22190287811611403,0.6798400258027499,0.6662432252866949,0.839920012901375,0.06488109326140659,0.0023503769331789967,0.3829918855952689,6,48,1.0,keep,none,4,0,keep,False,True,False,False,False,False,False,[],0.9283717328209008
659,0.24190287811611402,0.22190287811611403,0.6798400258027499,0.6662432252866949,0.839920012901375,0.06488109326140659,0.0023503769331789967,0.3829918855952689,6,48,1.0,keep,none,4,0,keep,False,True,False,False,False,False,False,[],0.9283717328209008
660,0.24190287811611402,0.22190287811611403,0.6798400258027499,0.6662432252866949,0.839920012901375,0.06488109326140659,0.0023503769331789967,0.3829918855952689,6,48,1.0,stop_growth,none,4,0,stop_growth,False,True,False,False,False,False,False,[],0.9283717328209008
661,0.24190287811611402,0.22190287811611403,0.6798400258027499,0.6662432252866949,0.839920012901375,0.06488109326140659,0.0023503769331789967,0.3829918855952689,6,48,1.0,keep,none,4,0,keep,False,True,False,False,False,False,False,[],0.9283717328209008
662,0.24190287811611402,0.22190287811611403,0.6798400258027499,0.6662432252866949,0.839920012901375,0.06488109326140659,0.0023503769331789967,0.3829918855952689,6,48,1.0,keep,none,4,0,keep,False,True,False,False,False,False,False,[],0.9283717328209008
663,0.24190287811611402,0.22190287811611403,0.6798400258027499,0.6662432252866949,0.839920012901375,0.06488109326140659,0.0023503769331789967,0.3829918855952689,6,48,1.0,keep,none,4,0,keep,False,True,False,False,False,False,False,[],0.9283717328209008
664,0.24190287811611402,0.22190287811611403,0.6798400258027499,0.6662432252866949,0.839920012901375,0.06488109326140659,0.0023503769331789967,0.3829918855952689,6,48,1.0,keep,none,4,0,keep,False,True,False,False,False,False,False,[],0.9283717328209008
665,0.24190287811611402,0.22190287811611403,0.6798400258027499,0.6662432252866949,0.839920012901375,0.06488109326140659,0.0023503769331789967,0.3829918855952689,6,48,1.0,stop_growth,none,4,0,stop_growth,False,True,False,False,False,False,False,[],0.9283717328209008
666,0.24190287811611402,0.22190287811611403,0.6798400258027499,0.6662432252866949,0.839920012901375,0.06488109326140659,0.0023503769331789967,0.3829918855952689,6,48,1.0,keep,none,4,0,keep,False,True,False,False,False,False,False,[],0.9283717328209008
667,0.24190287811611402,0.22190287811611403,0.6798400258027499,0.6662432252866949,0.839920012901375,0.06488109326140659,0.0023503769331789967,0.3829918855952689,6,48,1.0,keep,none,4,0,keep,False,True,False,False,False,False,False,[],0.9283717328209008
668,0.24190287811611402,0.22190287811611403,0.6798400258027499,0.6662432252866949,0.839920012901375,0.06488109326140659,0.0023503769331789967,0.3829918855952689,6,48,1.0,keep,none,4,0,keep,False,True,False,False,False,False,False,[],0.9283717328209008
669,0.24190287811611402,0.22190287811611403,0.6798400258027499,0.6662432252866949,0.839920012901375,0.06488109326140659,0.0023503769331789967,0.3829918855952689,6,48,1.0,keep,none,4,0,keep,False,True,False,False,False,False,False,[],0.9283717328209008
670,0.24190287811611402,0.22190287811611403,0.6798400258027499,0.6662432252866949,0.839920012901375,0.06488109326140659,0.0023503769331789967,0.3829918855952689,6,48,1.0,stop_growth,none,4,0,stop_growth,False,True,False,False,False,False,False,[],0.9283717328209008
671,0.24190287811611402,0.22190287811611403,0.6798400258027499,0.6662432252866949,0.839920012901375,0.06488109326140659,0.0023503769331789967,0.3829918855952689,6,48,1.0,keep,none,4,0,keep,False,True,False,False,False,False,False,[],0.9283717328209008
672,0.24190287811611402,0.22190287811611403,0.6798400258027499,0.6662432252866949,0.839920012901375,0.06488109326140659,0.0023503769331789967,0.3829918855952689,6,48,1.0,keep,none,4,0,keep,False,True,False,False,False,False,False,[],0.9283717328209008
673,0.24190287811611402,0.22190287811611403,0.6798400258027499,0.6662432252866949,0.839920012901375,0.06488109326140659,0.0023503769331789967,0.3829918855952689,6,48,1.0,keep,none,4,0,keep,False,True,False,False,False,False,False,[],0.9283717328209008
674,0.24190287811611402,0.22190287811611403,0.6798400258027499,0.6662432252866949,0.839920012901375,0.06488109326140659,0.0023503769331789967,0.3829918855952689,6,48,1.0,keep,none,4,0,keep,False,True,False,False,False,False,False,[],0.9283717328209008
675,0.24190287811611402,0.22190287811611403,0.6798400258027499,0.6662432252866949,0.839920012901375,0.06488109326140659,0.0023503769331789967,0.3829918855952689,6,48,1.0,stop_growth,none,4,0,stop_growth,False,True,False,False,False,False,False,[],0.9283717328209008
676,0.24190287811611402,0.22190287811611403,0.6798400258027499,0.6662432252866949,0.839920012901375,0.06488109326140659,0.0023503769331789967,0.3829918855952689,6,48,1.0,keep,none,4,0,keep,False,True,False,False,False,False,False,[],0.9283717328209008
677,0.24190287811611402,0.22190287811611403,0.6798400258027499,0.6662432252866949,0.839920012901375,0.06488109326140659,0.0023503769331789967,0.3829918855952689,6,48,1.0,keep,none,4,0,keep,False,True,False,False,False,False,False,[],0.9283717328209008
678,0.24190287811611402,0.22190287811611403,0.6798400258027499,0.6662432252866949,0.839920012901375,0.06488109326140659,0.0023503769331789967,0.3829918855952689,6,48,1.0,keep,none,4,0,keep,False,True,False,False,False,False,False,[],0.9283717328209008
679,0.24190287811611402,0.22190287811611403,0.6798400258027499,0.6662432252866949,0.839920012901375,0.06488109326140659,0.0023503769331789967,0.3829918855952689,6,48,1.0,keep,none,4,0,keep,False,True,False,False,False,False,False,[],0.9283717328209008
680,0.24190287811611402,0.22190287811611403,0.6798400258027499,0.6662432252866949,0.839920012901375,0.06488109326140659,0.0023503769331789967,0.3829918855952689,6,48,1.0,stop_growth,none,4,0,stop_growth,False,True,False,False,False,False,False,[],0.9283717328209008
681,0.24190287811611402,0.22190287811611403,0.6798400258027499,0.6662432252866949,0.839920012901375,0.06488109326140659,0.0023503769331789967,0.3829918855952689,6,48,1.0,keep,none,4,0,keep,False,True,False,False,False,False,False,[],0.9283717328209008
682,0.24190287811611402,0.22190287811611403,0.6798400258027499,0.6662432252866949,0.839920012901375,0.06488109326140659,0.0023503769331789967,0.3829918855952689,6,48,1.0,keep,none,4,0,keep,False,True,False,False,False,False,False,[],0.9283717328209008
683,0.24190287811611402,0.22190287811611403,0.6798400258027499,0.6662432252866949,0.839920012901375,0.06488109326140659,0.0023503769331789967,0.3829918855952689,6,48,1.0,keep,none,4,0,keep,False,True,False,False,False,False,False,[],0.9283717328209008
684,0.24190287811611402,0.22190287811611403,0.6798400258027499,0.6662432252866949,0.839920012901375,0.06488109326140659,0.0023503769331789967,0.3829918855952689,6,48,1.0,keep,none,4,0,keep,False,True,False,False,False,False,False,[],0.9283717328209008
685,0.24190287811611402,0.22190287811611403,0.6798400258027499,0.6662432252866949,0.839920012901375,0.06488109326140659,0.0023503769331789967,0.3829918855952689,6,48,1.0,stop_growth,none,4,0,stop_growth,False,True,False,False,False,False,False,[],0.9283717328209008
686,0.24190287811611402,0.22190287811611403,0.6798400258027499,0.6662432252866949,0.839920012901375,0.06488109326140659,0.0023503769331789967,0.3829918855952689,6,48,1.0,keep,none,4,0,keep,False,True,False,False,False,False,False,[],0.9283717328209008
687,0.24190287811611402,0.22190287811611403,0.6798400258027499,0.6662432252866949,0.839920012901375,0.06488109326140659,0.0023503769331789967,0.3829918855952689,6,48,1.0,keep,none,4,0,keep,False,True,False,False,False,False,False,[],0.9283717328209008
688,0.24190287811611402,0.22190287811611403,0.6798400258027499,0.6662432252866949,0.839920012901375,0.06488109326140659,0.0023503769331789967,0.3829918855952689,6,48,1.0,keep,none,4,0,keep,False,True,False,False,False,False,False,[],0.9283717328209008
689,0.24190287811611402,0.22190287811611403,0.6798400258027499,0.6662432252866949,0.839920012901375,0.06488109326140659,0.0023503769331789967,0.3829918855952689,6,48,1.0,keep,none,4,0,keep,False,True,False,False,False,False,False,[],0.9283717328209008
690,0.24190287811611402,0.22190287811611403,0.6798400258027499,0.6662432252866949,0.839920012901375,0.06488109326140659,0.0023503769331789967,0.3829918855952689,6,48,1.0,stop_growth,none,4,0,stop_growth,False,True,False,False,False,False,False,[],0.9283717328209008
691,0.24190287811611402,0.22190287811611403,0.6798400258027499,0.6662432252866949,0.839920012901375,0.06488109326140659,0.0023503769331789967,0.3829918855952689,6,48,1.0,keep,none,4,0,keep,False,True,False,False,False,False,False,[],0.9283717328209008
692,0.24190287811611402,0.22190287811611403,0.6798400258027499,0.6662432252866949,0.839920012901375,0.06488109326140659,0.0023503769331789967,0.3829918855952689,6,48,1.0,keep,none,4,0,keep,False,True,False,False,False,False,False,[],0.9283717328209008
693,0.24190287811611402,0.22190287811611403,0.6798400258027499,0.6662432252866949,0.839920012901375,0.06488109326140659,0.0023503769331789967,0.3829918855952689,6,48,1.0,keep,none,4,0,keep,False,True,False,False,False,False,False,[],0.9283717328209008
694,0.24190287811611402,0.22190287811611403,0.6798400258027499,0.6662432252866949,0.839920012901375,0.06488109326140659,0.0023503769331789967,0.3829918855952689,6,48,1.0,keep,none,4,0,keep,False,True,False,False,False,False,False,[],0.9283717328209008
695,0.24190287811611402,0.22190287811611403,0.6798400258027499,0.6662432252866949,0.839920012901375,0.06488109326140659,0.0023503769331789967,0.3829918855952689,6,48,1.0,stop_growth,none,4,0,stop_growth,False,True,False,False,False,False,False,[],0.9283717328209008
696,0.24190287811611402,0.22190287811611403,0.6798400258027499,0.6662432252866949,0.839920012901375,0.06488109326140659,0.0023503769331789967,0.3829918855952689,6,48,1.0,keep,none,4,0,keep,False,True,False,False,False,False,False,[],0.9283717328209008
697,0.24190287811611402,0.22190287811611403,0.6798400258027499,0.6662432252866949,0.839920012901375,0.06488109326140659,0.0023503769331789967,0.3829918855952689,6,48,1.0,keep,none,4,0,keep,False,True,False,False,False,False,False,[],0.9283717328209008
698,0.24190287811611402,0.22190287811611403,0.6798400258027499,0.6662432252866949,0.839920012901375,0.06488109326140659,0.0023503769331789967,0.3829918855952689,6,48,1.0,keep,none,4,0,keep,False,True,False,False,False,False,False,[],0.9283717328209008
699,0.24190287811611402,0.22190287811611403,0.6798400258027499,0.6662432252866949,0.839920012901375,0.06488109326140659,0.0023503769331789967,0.3829918855952689,6,48,1.0,keep,none,4,0,keep,False,True,False,False,False,False,False,[],0.9283717328209008
700,0.24190287811611402,0.22190287811611403,0.6798400258027499,0.6662432252866949,0.839920012901375,0.06488109326140659,0.0023503769331789967,0.3829918855952689,6,48,1.0,stop_growth,none,4,0,stop_growth,False,True,False,False,False,False,False,[],0.9283717328209008
701,0.24190287811611402,0.22190287811611403,0.6798400258027499,0.6662432252866949,0.839920012901375,0.06488109326140659,0.0023503769331789967,0.3829918855952689,6,48,1.0,keep,none,4,0,keep,False,True,False,False,False,False,False,[],0.9283717328209008
702,0.24190287811611402,0.22190287811611403,0.6798400258027499,0.6662432252866949,0.839920012901375,0.06488109326140659,0.0023503769331789967,0.3829918855952689,6,48,1.0,keep,none,4,0,keep,False,True,False,False,False,False,False,[],0.9283717328209008
703,0.24190287811611402,0.22190287811611403,0.6798400258027499,0.6662432252866949,0.839920012901375,0.06488109326140659,0.0023503769331789967,0.3829918855952689,6,48,1.0,keep,none,4,0,keep,False,True,False,False,False,False,False,[],0.9283717328209008
704,0.24190287811611402,0.22190287811611403,0.6798400258027499,0.6662432252866949,0.839920012901375,0.06488109326140659,0.0023503769331789967,0.3829918855952689,6,48,1.0,keep,none,4,0,keep,False,True,False,False,False,False,False,[],0.9283717328209008
705,0.24190287811611402,0.22190287811611403,0.6798400258027499,0.6662432252866949,0.839920012901375,0.06488109326140659,0.0023503769331789967,0.3829918855952689,6,48,1.0,stop_growth,none,4,0,stop_growth,False,True,False,False,False,False,False,[],0.9283717328209008
706,0.24190287811611402,0.22190287811611403,0.6798400258027499,0.6662432252866949,0.839920012901375,0.06488109326140659,0.0023503769331789967,0.3829918855952689,6,48,1.0,keep,none,4,0,keep,False,True,False,False,False,False,False,[],0.9283717328209008
707,0.24190287811611402,0.22190287811611403,0.6798400258027499,0.6662432252866949,0.839920012901375,0.06488109326140659,0.0023503769331789967,0.3829918855952689,6,48,1.0,keep,none,4,0,keep,False,True,False,False,False,False,False,[],0.9283717328209008
708,0.24190287811611402,0.22190287811611403,0.6798400258027499,0.6662432252866949,0.839920012901375,0.06488109326140659,0.0023503769331789967,0.3829918855952689,6,48,1.0,keep,none,4,0,keep,False,True,False,False,False,False,False,[],0.9283717328209008
709,0.24190287811611402,0.22190287811611403,0.6798400258027499,0.6662432252866949,0.839920012901375,0.06488109326140659,0.0023503769331789967,0.3829918855952689,6,48,1.0,keep,none,4,0,keep,False,True,False,False,False,False,False,[],0.9283717328209008
710,0.24190287811611402,0.22190287811611403,0.6798400258027499,0.6662432252866949,0.839920012901375,0.06488109326140659,0.0023503769331789967,0.3829918855952689,6,48,1.0,stop_growth,none,4,0,stop_growth,False,True,False,False,False,False,False,[],0.9283717328209008
711,0.24190287811611402,0.22190287811611403,0.6798400258027499,0.6662432252866949,0.839920012901375,0.06488109326140659,0.0023503769331789967,0.3829918855952689,6,48,1.0,keep,none,4,0,keep,False,True,False,False,False,False,False,[],0.9283717328209008
712,0.24190287811611402,0.22190287811611403,0.6798400258027499,0.6662432252866949,0.839920012901375,0.06488109326140659,0.0023503769331789967,0.3829918855952689,6,48,1.0,keep,none,4,0,keep,False,True,False,False,False,False,False,[],0.9283717328209008
713,0.24190287811611402,0.22190287811611403,0.6798400258027499,0.6662432252866949,0.839920012901375,0.06488109326140659,0.0023503769331789967,0.3829918855952689,6,48,1.0,keep,none,4,0,keep,False,True,False,False,False,False,False,[],0.9283717328209008
714,0.24190287811611402,0.22190287811611403,0.6798400258027499,0.6662432252866949,0.839920012901375,0.06488109326140659,0.0023503769331789967,0.3829918855952689,6,48,1.0,keep,none,4,0,keep,False,True,False,False,False,False,False,[],0.9283717328209008
715,0.24190287811611402,0.22190287811611403,0.6798400258027499,0.6662432252866949,0.839920012901375,0.06488109326140659,0.0023503769331789967,0.3829918855952689,6,48,1.0,stop_growth,none,4,0,stop_growth,False,True,False,False,False,False,False,[],0.9283717328209008
716,0.24190287811611402,0.22190287811611403,0.6798400258027499,0.6662432252866949,0.839920012901375,0.06488109326140659,0.0023503769331789967,0.3829918855952689,6,48,1.0,keep,none,4,0,keep,False,True,False,False,False,False,False,[],0.9283717328209008
717,0.24190287811611402,0.22190287811611403,0.6798400258027499,0.6662432252866949,0.839920012901375,0.06488109326140659,0.0023503769331789967,0.3829918855952689,6,48,1.0,keep,none,4,0,keep,False,True,False,False,False,False,False,[],0.9283717328209008
718,0.24190287811611402,0.22190287811611403,0.6798400258027499,0.6662432252866949,0.839920012901375,0.06488109326140659,0.0023503769331789967,0.3829918855952689,6,48,1.0,keep,none,4,0,keep,False,True,False,False,False,False,False,[],0.9283717328209008
719,0.24190287811611402,0.22190287811611403,0.6798400258027499,0.6662432252866949,0.839920012901375,0.06488109326140659,0.0023503769331789967,0.3829918855952689,6,48,1.0,keep,none,4,0,keep,False,True,False,False,False,False,False,[],0.9283717328209008
720,0.24190287811611402,0.22190287811611403,0.6798400258027499,0.6662432252866949,0.839920012901375,0.06488109326140659,0.0023503769331789967,0.3829918855952689,6,48,1.0,stop_growth,none,4,0,stop_growth,False,True,False,False,False,False,False,[],0.9283717328209008
721,0.24190287811611402,0.22190287811611403,0.6798400258027499,0.6662432252866949,0.839920012901375,0.06488109326140659,0.0023503769331789967,0.3829918855952689,6,48,1.0,keep,none,4,0,keep,False,True,False,False,False,False,False,[],0.9283717328209008
722,0.24190287811611402,0.22190287811611403,0.6798400258027499,0.6662432252866949,0.839920012901375,0.06488109326140659,0.0023503769331789967,0.3829918855952689,6,48,1.0,keep,none,4,0,keep,False,True,False,False,False,False,False,[],0.9283717328209008
723,0.24190287811611402,0.22190287811611403,0.6798400258027499,0.6662432252866949,0.839920012901375,0.06488109326140659,0.0023503769331789967,0.3829918855952689,6,48,1.0,keep,none,4,0,keep,False,True,False,False,False,False,False,[],0.9283717328209008
724,0.24190287811611402,0.22190287811611403,0.6798400258027499,0.6662432252866949,0.839920012901375,0.06488109326140659,0.0023503769331789967,0.3829918855952689,6,48,1.0,keep,none,4,0,keep,False,True,False,False,False,False,False,[],0.9283717328209008
725,0.24190287811611402,0.22190287811611403,0.6798400258027499,0.6662432252866949,0.839920012901375,0.06488109326140659,0.0023503769331789967,0.3829918855952689,6,48,1.0,stop_growth,none,4,0,stop_growth,False,True,False,False,False,False,False,[],0.9283717328209008
726,0.24190287811611402,0.22190287811611403,0.6798400258027499,0.6662432252866949,0.839920012901375,0.06488109326140659,0.0023503769331789967,0.3829918855952689,6,48,1.0,keep,none,4,0,keep,False,True,False,False,False,False,False,[],0.9283717328209008
727,0.24190287811611402,0.22190287811611403,0.6798400258027499,0.6662432252866949,0.839920012901375,0.06488109326140659,0.0023503769331789967,0.3829918855952689,6,48,1.0,keep,none,4,0,keep,False,True,False,False,False,False,False,[],0.9283717328209008
728,0.24190287811611402,0.22190287811611403,0.6798400258027499,0.6662432252866949,0.839920012901375,0.06488109326140659,0.0023503769331789967,0.3829918855952689,6,48,1.0,keep,none,4,0,keep,False,True,False,False,False,False,False,[],0.9283717328209008
729,0.24190287811611402,0.22190287811611403,0.6798400258027499,0.6662432252866949,0.839920012901375,0.06488109326140659,0.0023503769331789967,0.3829918855952689,6,48,1.0,keep,none,4,0,keep,False,True,False,False,False,False,False,[],0.9283717328209008
730,0.24190287811611402,0.22190287811611403,0.6798400258027499,0.6662432252866949,0.839920012901375,0.06488109326140659,0.0023503769331789967,0.3829918855952689,6,48,1.0,stop_growth,none,4,0,stop_growth,False,True,False,False,False,False,False,[],0.9283717328209008
731,0.24190287811611402,0.22190287811611403,0.6798400258027499,0.6662432252866949,0.839920012901375,0.06488109326140659,0.0023503769331789967,0.3829918855952689,6,48,1.0,keep,none,4,0,keep,False,True,False,False,False,False,False,[],0.9283717328209008
732,0.24190287811611402,0.22190287811611403,0.6798400258027499,0.6662432252866949,0.839920012901375,0.06488109326140659,0.0023503769331789967,0.3829918855952689,6,48,1.0,keep,none,4,0,keep,False,True,False,False,False,False,False,[],0.9283717328209008
733,0.24190287811611402,0.22190287811611403,0.6798400258027499,0.6662432252866949,0.839920012901375,0.06488109326140659,0.0023503769331789967,0.3829918855952689,6,48,1.0,keep,none,4,0,keep,False,True,False,False,False,False,False,[],0.9283717328209008
734,0.24190287811611402,0.22190287811611403,0.6798400258027499,0.6662432252866949,0.839920012901375,0.06488109326140659,0.0023503769331789967,0.3829918855952689,6,48,1.0,keep,none,4,0,keep,False,True,False,False,False,False,False,[],0.9283717328209008
735,0.24190287811611402,0.22190287811611403,0.6798400258027499,0.6662432252866949,0.839920012901375,0.06488109326140659,0.0023503769331789967,0.3829918855952689,6,48,1.0,stop_growth,none,4,0,stop_growth,False,True,False,False,False,False,False,[],0.9283717328209008
736,0.24190287811611402,0.22190287811611403,0.6798400258027499,0.6662432252866949,0.839920012901375,0.06488109326140659,0.0023503769331789967,0.3829918855952689,6,48,1.0,keep,none,4,0,keep,False,True,False,False,False,False,False,[],0.9283717328209008
737,0.24190287811611402,0.22190287811611403,0.6798400258027499,0.6662432252866949,0.839920012901375,0.06488109326140659,0.0023503769331789967,0.3829918855952689,6,48,1.0,keep,none,4,0,keep,False,True,False,False,False,False,False,[],0.9283717328209008
738,0.24190287811611402,0.22190287811611403,0.6798400258027499,0.6662432252866949,0.839920012901375,0.06488109326140659,0.0023503769331789967,0.3829918855952689,6,48,1.0,keep,none,4,0,keep,False,True,False,False,False,False,False,[],0.9283717328209008
739,0.24190287811611402,0.22190287811611403,0.6798400258027499,0.6662432252866949,0.839920012901375,0.06488109326140659,0.0023503769331789967,0.3829918855952689,6,48,1.0,keep,none,4,0,keep,False,True,False,False,False,False,False,[],0.9283717328209008
740,0.24190287811611402,0.22190287811611403,0.6798400258027499,0.6662432252866949,0.839920012901375,0.06488109326140659,0.0023503769331789967,0.3829918855952689,6,48,1.0,stop_growth,none,4,0,stop_growth,False,True,False,False,False,False,False,[],0.9283717328209008
741,0.24190287811611402,0.22190287811611403,0.6798400258027499,0.6662432252866949,0.839920012901375,0.06488109326140659,0.0023503769331789967,0.3829918855952689,6,48,1.0,keep,none,4,0,keep,False,True,False,False,False,False,False,[],0.9283717328209008
742,0.24190287811611402,0.22190287811611403,0.6798400258027499,0.6662432252866949,0.839920012901375,0.06488109326140659,0.0023503769331789967,0.3829918855952689,6,48,1.0,keep,none,4,0,keep,False,True,False,False,False,False,False,[],0.9283717328209008
743,0.24190287811611402,0.22190287811611403,0.6798400258027499,0.6662432252866949,0.839920012901375,0.06488109326140659,0.0023503769331789967,0.3829918855952689,6,48,1.0,keep,none,4,0,keep,False,True,False,False,False,False,False,[],0.9283717328209008
744,0.24190287811611402,0.22190287811611403,0.6798400258027499,0.6662432252866949,0.839920012901375,0.06488109326140659,0.0023503769331789967,0.3829918855952689,6,48,1.0,keep,none,4,0,keep,False,True,False,False,False,False,False,[],0.9283717328209008
745,0.24190287811611402,0.22190287811611403,0.6798400258027499,0.6662432252866949,0.839920012901375,0.06488109326140659,0.0023503769331789967,0.3829918855952689,6,48,1.0,stop_growth,none,4,0,stop_growth,False,True,False,False,False,False,False,[],0.9283717328209008
746,0.24190287811611402,0.22190287811611403,0.6798400258027499,0.6662432252866949,0.839920012901375,0.06488109326140659,0.0023503769331789967,0.3829918855952689,6,48,1.0,keep,none,4,0,keep,False,True,False,False,False,False,False,[],0.9283717328209008
747,0.24190287811611402,0.22190287811611403,0.6798400258027499,0.6662432252866949,0.839920012901375,0.06488109326140659,0.0023503769331789967,0.3829918855952689,6,48,1.0,keep,none,4,0,keep,False,True,False,False,False,False,False,[],0.9283717328209008
748,0.24190287811611402,0.22190287811611403,0.6798400258027499,0.6662432252866949,0.839920012901375,0.06488109326140659,0.0023503769331789967,0.3829918855952689,6,48,1.0,keep,none,4,0,keep,False,True,False,False,False,False,False,[],0.9283717328209008
749,0.24190287811611402,0.22190287811611403,0.6798400258027499,0.6662432252866949,0.839920012901375,0.06488109326140659,0.0023503769331789967,0.3829918855952689,6,48,1.0,keep,none,4,0,keep,False,True,False,False,False,False,False,[],0.9283717328209008
750,0.24190287811611402,0.22190287811611403,0.6798400258027499,0.6662432252866949,0.839920012901375,0.06488109326140659,0.0023503769331789967,0.3829918855952689,6,48,1.0,stop_growth,none,4,0,stop_growth,False,True,False,False,False,False,False,[],0.9283717328209008
751,0.24190287811611402,0.22190287811611403,0.6798400258027499,0.6662432252866949,0.839920012901375,0.06488109326140659,0.0023503769331789967,0.3829918855952689,6,48,1.0,keep,none,4,0,keep,False,True,False,False,False,False,False,[],0.9283717328209008
752,0.24190287811611402,0.22190287811611403,0.6798400258027499,0.6662432252866949,0.839920012901375,0.06488109326140659,0.0023503769331789967,0.3829918855952689,6,48,1.0,keep,none,4,0,keep,False,True,False,False,False,False,False,[],0.9283717328209008
753,0.24190287811611402,0.22190287811611403,0.6798400258027499,0.6662432252866949,0.839920012901375,0.06488109326140659,0.0023503769331789967,0.3829918855952689,6,48,1.0,keep,none,4,0,keep,False,True,False,False,False,False,False,[],0.9283717328209008
754,0.24190287811611402,0.22190287811611403,0.6798400258027499,0.6662432252866949,0.839920012901375,0.06488109326140659,0.0023503769331789967,0.3829918855952689,6,48,1.0,keep,none,4,0,keep,False,True,False,False,False,False,False,[],0.9283717328209008
755,0.24190287811611402,0.22190287811611403,0.6798400258027499,0.6662432252866949,0.839920012901375,0.06488109326140659,0.0023503769331789967,0.3829918855952689,6,48,1.0,stop_growth,none,4,0,stop_growth,False,True,False,False,False,False,False,[],0.9283717328209008
756,0.24190287811611402,0.22190287811611403,0.6798400258027499,0.6662432252866949,0.839920012901375,0.06488109326140659,0.0023503769331789967,0.3829918855952689,6,48,1.0,keep,none,4,0,keep,False,True,False,False,False,False,False,[],0.9283717328209008
757,0.24190287811611402,0.22190287811611403,0.6798400258027499,0.6662432252866949,0.839920012901375,0.06488109326140659,0.0023503769331789967,0.3829918855952689,6,48,1.0,keep,none,4,0,keep,False,True,False,False,False,False,False,[],0.9283717328209008
758,0.24190287811611402,0.22190287811611403,0.6798400258027499,0.6662432252866949,0.839920012901375,0.06488109326140659,0.0023503769331789967,0.3829918855952689,6,48,1.0,keep,none,4,0,keep,False,True,False,False,False,False,False,[],0.9283717328209008
759,0.24190287811611402,0.22190287811611403,0.6798400258027499,0.6662432252866949,0.839920012901375,0.06488109326140659,0.0023503769331789967,0.3829918855952689,6,48,1.0,keep,none,4,0,keep,False,True,False,False,False,False,False,[],0.9283717328209008
760,0.24190287811611402,0.22190287811611403,0.6798400258027499,0.6662432252866949,0.839920012901375,0.06488109326140659,0.0023503769331789967,0.3829918855952689,6,48,1.0,stop_growth,none,4,0,stop_growth,False,True,False,False,False,False,False,[],0.9283717328209008
761,0.24190287811611402,0.22190287811611403,0.6798400258027499,0.6662432252866949,0.839920012901375,0.06488109326140659,0.0023503769331789967,0.3829918855952689,6,48,1.0,keep,none,4,0,keep,False,True,False,False,False,False,False,[],0.9283717328209008
762,0.24190287811611402,0.22190287811611403,0.6798400258027499,0.6662432252866949,0.839920012901375,0.06488109326140659,0.0023503769331789967,0.3829918855952689,6,48,1.0,keep,none,4,0,keep,False,True,False,False,False,False,False,[],0.9283717328209008
763,0.24190287811611402,0.22190287811611403,0.6798400258027499,0.6662432252866949,0.839920012901375,0.06488109326140659,0.0023503769331789967,0.3829918855952689,6,48,1.0,keep,none,4,0,keep,False,True,False,False,False,False,False,[],0.9283717328209008
764,0.24190287811611402,0.22190287811611403,0.6798400258027499,0.6662432252866949,0.839920012901375,0.06488109326140659,0.0023503769331789967,0.3829918855952689,6,48,1.0,keep,none,4,0,keep,False,True,False,False,False,False,False,[],0.9283717328209008
765,0.24190287811611402,0.22190287811611403,0.6798400258027499,0.6662432252866949,0.839920012901375,0.06488109326140659,0.0023503769331789967,0.3829918855952689,6,48,1.0,stop_growth,none,4,0,stop_growth,False,True,False,False,False,False,False,[],0.9283717328209008
766,0.24190287811611402,0.22190287811611403,0.6798400258027499,0.6662432252866949,0.839920012901375,0.06488109326140659,0.0023503769331789967,0.3829918855952689,6,48,1.0,keep,none,4,0,keep,False,True,False,False,False,False,False,[],0.9283717328209008
767,0.24190287811611402,0.22190287811611403,0.6798400258027499,0.6662432252866949,0.839920012901375,0.06488109326140659,0.0023503769331789967,0.3829918855952689,6,48,1.0,keep,none,4,0,keep,False,True,False,False,False,False,False,[],0.9283717328209008
768,0.24190287811611402,0.22190287811611403,0.6798400258027499,0.6662432252866949,0.839920012901375,0.06488109326140659,0.0023503769331789967,0.3829918855952689,6,48,1.0,keep,none,4,0,keep,False,True,False,False,False,False,False,[],0.9283717328209008
769,0.24190287811611402,0.22190287811611403,0.6798400258027499,0.6662432252866949,0.839920012901375,0.06488109326140659,0.0023503769331789967,0.3829918855952689,6,48,1.0,keep,none,4,0,keep,False,True,False,False,False,False,False,[],0.9283717328209008
770,0.24190287811611402,0.22190287811611403,0.6798400258027499,0.6662432252866949,0.839920012901375,0.06488109326140659,0.0023503769331789967,0.3829918855952689,6,48,1.0,stop_growth,none,4,0,stop_growth,False,True,False,False,False,False,False,[],0.9283717328209008
771,0.24190287811611402,0.22190287811611403,0.6798400258027499,0.6662432252866949,0.839920012901375,0.06488109326140659,0.0023503769331789967,0.3829918855952689,6,48,1.0,keep,none,4,0,keep,False,True,False,False,False,False,False,[],0.9283717328209008
772,0.24190287811611402,0.22190287811611403,0.6798400258027499,0.6662432252866949,0.839920012901375,0.06488109326140659,0.0023503769331789967,0.3829918855952689,6,48,1.0,keep,none,4,0,keep,False,True,False,False,False,False,False,[],0.9283717328209008
773,0.24190287811611402,0.22190287811611403,0.6798400258027499,0.6662432252866949,0.839920012901375,0.06488109326140659,0.0023503769331789967,0.3829918855952689,6,48,1.0,keep,none,4,0,keep,False,True,False,False,False,False,False,[],0.9283717328209008
774,0.24190287811611402,0.22190287811611403,0.6798400258027499,0.6662432252866949,0.839920012901375,0.06488109326140659,0.0023503769331789967,0.3829918855952689,6,48,1.0,keep,none,4,0,keep,False,True,False,False,False,False,False,[],0.9283717328209008
775,0.24190287811611402,0.22190287811611403,0.6798400258027499,0.6662432252866949,0.839920012901375,0.06488109326140659,0.0023503769331789967,0.3829918855952689,6,48,1.0,stop_growth,none,4,0,stop_growth,False,True,False,False,False,False,False,[],0.9283717328209008
776,0.24190287811611402,0.22190287811611403,0.6798400258027499,0.6662432252866949,0.839920012901375,0.06488109326140659,0.0023503769331789967,0.3829918855952689,6,48,1.0,keep,none,4,0,keep,False,True,False,False,False,False,False,[],0.9283717328209008
777,0.24190287811611402,0.22190287811611403,0.6798400258027499,0.6662432252866949,0.839920012901375,0.06488109326140659,0.0023503769331789967,0.3829918855952689,6,48,1.0,keep,none,4,0,keep,False,True,False,False,False,False,False,[],0.9283717328209008
778,0.24190287811611402,0.22190287811611403,0.6798400258027499,0.6662432252866949,0.839920012901375,0.06488109326140659,0.0023503769331789967,0.3829918855952689,6,48,1.0,keep,none,4,0,keep,False,True,False,False,False,False,False,[],0.9283717328209008
779,0.24190287811611402,0.22190287811611403,0.6798400258027499,0.6662432252866949,0.839920012901375,0.06488109326140659,0.0023503769331789967,0.3829918855952689,6,48,1.0,keep,none,4,0,keep,False,True,False,False,False,False,False,[],0.9283717328209008
780,0.24190287811611402,0.22190287811611403,0.6798400258027499,0.6662432252866949,0.839920012901375,0.06488109326140659,0.0023503769331789967,0.3829918855952689,6,48,1.0,stop_growth,none,4,0,stop_growth,False,True,False,False,False,False,False,[],0.9283717328209008
781,0.24190287811611402,0.22190287811611403,0.6798400258027499,0.6662432252866949,0.839920012901375,0.06488109326140659,0.0023503769331789967,0.3829918855952689,6,48,1.0,keep,none,4,0,keep,False,True,False,False,False,False,False,[],0.9283717328209008
782,0.24190287811611402,0.22190287811611403,0.6798400258027499,0.6662432252866949,0.839920012901375,0.06488109326140659,0.0023503769331789967,0.3829918855952689,6,48,1.0,keep,none,4,0,keep,False,True,False,False,False,False,False,[],0.9283717328209008
783,0.24190287811611402,0.22190287811611403,0.6798400258027499,0.6662432252866949,0.839920012901375,0.06488109326140659,0.0023503769331789967,0.3829918855952689,6,48,1.0,keep,none,4,0,keep,False,True,False,False,False,False,False,[],0.9283717328209008
784,0.24190287811611402,0.22190287811611403,0.6798400258027499,0.6662432252866949,0.839920012901375,0.06488109326140659,0.0023503769331789967,0.3829918855952689,6,48,1.0,keep,none,4,0,keep,False,True,False,False,False,False,False,[],0.9283717328209008
785,0.24190287811611402,0.22190287811611403,0.6798400258027499,0.6662432252866949,0.839920012901375,0.06488109326140659,0.0023503769331789967,0.3829918855952689,6,48,1.0,stop_growth,none,4,0,stop_growth,False,True,False,False,False,False,False,[],0.9283717328209008
786,0.24190287811611402,0.22190287811611403,0.6798400258027499,0.6662432252866949,0.839920012901375,0.06488109326140659,0.0023503769331789967,0.3829918855952689,6,48,1.0,keep,none,4,0,keep,False,True,False,False,False,False,False,[],0.9283717328209008
787,0.24190287811611402,0.22190287811611403,0.6798400258027499,0.6662432252866949,0.839920012901375,0.06488109326140659,0.0023503769331789967,0.3829918855952689,6,48,1.0,keep,none,4,0,keep,False,True,False,False,False,False,False,[],0.9283717328209008
788,0.24190287811611402,0.22190287811611403,0.6798400258027499,0.6662432252866949,0.839920012901375,0.06488109326140659,0.0023503769331789967,0.3829918855952689,6,48,1.0,keep,none,4,0,keep,False,True,False,False,False,False,False,[],0.9283717328209008
789,0.24190287811611402,0.22190287811611403,0.6798400258027499,0.6662432252866949,0.839920012901375,0.06488109326140659,0.0023503769331789967,0.3829918855952689,6,48,1.0,keep,none,4,0,keep,False,True,False,False,False,False,False,[],0.9283717328209008
790,0.24190287811611402,0.22190287811611403,0.6798400258027499,0.6662432252866949,0.839920012901375,0.06488109326140659,0.0023503769331789967,0.3829918855952689,6,48,1.0,stop_growth,none,4,0,stop_growth,False,True,False,False,False,False,False,[],0.9283717328209008
791,0.24190287811611402,0.22190287811611403,0.6798400258027499,0.6662432252866949,0.839920012901375,0.06488109326140659,0.0023503769331789967,0.3829918855952689,6,48,1.0,keep,none,4,0,keep,False,True,False,False,False,False,False,[],0.9283717328209008
792,0.24190287811611402,0.22190287811611403,0.6798400258027499,0.6662432252866949,0.839920012901375,0.06488109326140659,0.0023503769331789967,0.3829918855952689,6,48,1.0,keep,none,4,0,keep,False,True,False,False,False,False,False,[],0.9283717328209008
793,0.24190287811611402,0.22190287811611403,0.6798400258027499,0.6662432252866949,0.839920012901375,0.06488109326140659,0.0023503769331789967,0.3829918855952689,6,48,1.0,keep,none,4,0,keep,False,True,False,False,False,False,False,[],0.9283717328209008
794,0.24190287811611402,0.22190287811611403,0.6798400258027499,0.6662432252866949,0.839920012901375,0.06488109326140659,0.0023503769331789967,0.3829918855952689,6,48,1.0,keep,none,4,0,keep,False,True,False,False,False,False,False,[],0.9283717328209008
795,0.24190287811611402,0.22190287811611403,0.6798400258027499,0.6662432252866949,0.839920012901375,0.06488109326140659,0.0023503769331789967,0.3829918855952689,6,48,1.0,stop_growth,none,4,0,stop_growth,False,True,False,False,False,False,False,[],0.9283717328209008
796,0.24190287811611402,0.22190287811611403,0.6798400258027499,0.6662432252866949,0.839920012901375,0.06488109326140659,0.0023503769331789967,0.3829918855952689,6,48,1.0,keep,none,4,0,keep,False,True,False,False,False,False,False,[],0.9283717328209008
797,0.24190287811611402,0.22190287811611403,0.6798400258027499,0.6662432252866949,0.839920012901375,0.06488109326140659,0.0023503769331789967,0.3829918855952689,6,48,1.0,keep,none,4,0,keep,False,True,False,False,False,False,False,[],0.9283717328209008
798,0.24190287811611402,0.22190287811611403,0.6798400258027499,0.6662432252866949,0.839920012901375,0.06488109326140659,0.0023503769331789967,0.3829918855952689,6,48,1.0,keep,none,4,0,keep,False,True,False,False,False,False,False,[],0.9283717328209008
799,0.24190287811611402,0.22190287811611403,0.6798400258027499,0.6662432252866949,0.839920012901375,0.06488109326140659,0.0023503769331789967,0.3829918855952689,6,48,1.0,keep,none,4,0,keep,False,True,False,False,False,False,False,[],0.9283717328209008
